model,origin,dimension,key,score,actual_total,absolute_error
baseline,2025-04-01,route,1,0.866390774676156,1078683,144122
baseline,2025-04-01,route,5,,0,0
baseline,2025-04-01,route,7,0.8335012775873135,1568973,261232
baseline,2025-04-01,route,11,0.8811712588485828,1802266,214161
baseline,2025-04-01,route,12,0.8720173182035783,1900890,243281
baseline,2025-04-01,route,17,0.838348926342924,2682933,433699
baseline,2025-04-01,route,25,0.8020493948428482,433689,85849
baseline,2025-04-01,route,26,0.8486979063290181,1083217,163893
baseline,2025-04-01,route,28,0.8505501664977559,607816,90838
baseline,2025-04-01,route,50,0.8937455584883632,1260832,133969
baseline,2025-04-01,month,4,0.8300379005412271,6418378,1090881
baseline,2025-04-01,month,5,0.8866568981661315,6000921,680163
baseline,2025-04-01,lead_week,1,0.6837266081661377,1392580,440436
baseline,2025-04-01,lead_week,2,0.8548314787182079,1494470,216950
baseline,2025-04-01,lead_week,3,0.8908225154423329,1574244,171872
baseline,2025-04-01,lead_week,4,0.8542294768211333,1465063,213563
baseline,2025-04-01,lead_week,5,0.8630665257522756,1172343,160533
baseline,2025-04-01,lead_week,6,0.867285265922241,1170925,155399
baseline,2025-04-01,lead_week,7,0.911960515681562,1505813,132571
baseline,2025-04-01,lead_week,8,0.8955306861441192,1518063,158591
baseline,2025-04-01,lead_week,9,0.892406097719129,1125798,121129
mean_w7,2025-04-01,route,1,0.8306045427618679,1078683,182724
mean_w7,2025-04-01,route,5,,0,0
mean_w7,2025-04-01,route,7,0.8096130398674802,1568973,298712
mean_w7,2025-04-01,route,11,0.8244931658256883,1802266,316310
mean_w7,2025-04-01,route,12,0.8091094171677478,1900890,362862
mean_w7,2025-04-01,route,17,0.8129901119409244,2682933,501735
mean_w7,2025-04-01,route,25,0.7868472569052939,433689,92442
mean_w7,2025-04-01,route,26,0.790270093619284,1083217,227183
mean_w7,2025-04-01,route,28,0.8203469471024125,607816,109196
mean_w7,2025-04-01,route,50,0.8665825423212609,1260832,168217
mean_w7,2025-04-01,month,4,0.8046914656631317,6418378,1253564
mean_w7,2025-04-01,month,5,0.8323895615356376,6000921,1005817
mean_w7,2025-04-01,lead_week,1,0.6443514914762527,1392580,495269
mean_w7,2025-04-01,lead_week,2,0.833615261597757,1494470,248657
mean_w7,2025-04-01,lead_week,3,0.8752309044849464,1574244,196417
mean_w7,2025-04-01,lead_week,4,0.8240239498233182,1465063,257816
mean_w7,2025-04-01,lead_week,5,0.7796489593915774,1172343,258327
mean_w7,2025-04-01,lead_week,6,0.7776826013621709,1170925,260317
mean_w7,2025-04-01,lead_week,7,0.870515130364793,1505813,194980
mean_w7,2025-04-01,lead_week,8,0.8629411295842135,1518063,208064
mean_w7,2025-04-01,lead_week,9,0.8760576941867013,1125798,139534
median_w7,2025-04-01,route,1,0.8306045427618679,1078683,182724
median_w7,2025-04-01,route,5,,0,0
median_w7,2025-04-01,route,7,0.8096130398674802,1568973,298712
median_w7,2025-04-01,route,11,0.8244931658256883,1802266,316310
median_w7,2025-04-01,route,12,0.8091094171677478,1900890,362862
median_w7,2025-04-01,route,17,0.8129901119409244,2682933,501735
median_w7,2025-04-01,route,25,0.7868472569052939,433689,92442
median_w7,2025-04-01,route,26,0.790270093619284,1083217,227183
median_w7,2025-04-01,route,28,0.8203469471024125,607816,109196
median_w7,2025-04-01,route,50,0.8665825423212609,1260832,168217
median_w7,2025-04-01,month,4,0.8046914656631317,6418378,1253564
median_w7,2025-04-01,month,5,0.8323895615356376,6000921,1005817
median_w7,2025-04-01,lead_week,1,0.6443514914762527,1392580,495269
median_w7,2025-04-01,lead_week,2,0.833615261597757,1494470,248657
median_w7,2025-04-01,lead_week,3,0.8752309044849464,1574244,196417
median_w7,2025-04-01,lead_week,4,0.8240239498233182,1465063,257816
median_w7,2025-04-01,lead_week,5,0.7796489593915774,1172343,258327
median_w7,2025-04-01,lead_week,6,0.7776826013621709,1170925,260317
median_w7,2025-04-01,lead_week,7,0.870515130364793,1505813,194980
median_w7,2025-04-01,lead_week,8,0.8629411295842135,1518063,208064
median_w7,2025-04-01,lead_week,9,0.8760576941867013,1125798,139534
trim10_w7,2025-04-01,route,1,0.8306045427618679,1078683,182724
trim10_w7,2025-04-01,route,5,,0,0
trim10_w7,2025-04-01,route,7,0.8096130398674802,1568973,298712
trim10_w7,2025-04-01,route,11,0.8244931658256883,1802266,316310
trim10_w7,2025-04-01,route,12,0.8091094171677478,1900890,362862
trim10_w7,2025-04-01,route,17,0.8129901119409244,2682933,501735
trim10_w7,2025-04-01,route,25,0.7868472569052939,433689,92442
trim10_w7,2025-04-01,route,26,0.790270093619284,1083217,227183
trim10_w7,2025-04-01,route,28,0.8203469471024125,607816,109196
trim10_w7,2025-04-01,route,50,0.8665825423212609,1260832,168217
trim10_w7,2025-04-01,month,4,0.8046914656631317,6418378,1253564
trim10_w7,2025-04-01,month,5,0.8323895615356376,6000921,1005817
trim10_w7,2025-04-01,lead_week,1,0.6443514914762527,1392580,495269
trim10_w7,2025-04-01,lead_week,2,0.833615261597757,1494470,248657
trim10_w7,2025-04-01,lead_week,3,0.8752309044849464,1574244,196417
trim10_w7,2025-04-01,lead_week,4,0.8240239498233182,1465063,257816
trim10_w7,2025-04-01,lead_week,5,0.7796489593915774,1172343,258327
trim10_w7,2025-04-01,lead_week,6,0.7776826013621709,1170925,260317
trim10_w7,2025-04-01,lead_week,7,0.870515130364793,1505813,194980
trim10_w7,2025-04-01,lead_week,8,0.8629411295842135,1518063,208064
trim10_w7,2025-04-01,lead_week,9,0.8760576941867013,1125798,139534
q40_w7,2025-04-01,route,1,0.8306045427618679,1078683,182724
q40_w7,2025-04-01,route,5,,0,0
q40_w7,2025-04-01,route,7,0.8096130398674802,1568973,298712
q40_w7,2025-04-01,route,11,0.8244931658256883,1802266,316310
q40_w7,2025-04-01,route,12,0.8091094171677478,1900890,362862
q40_w7,2025-04-01,route,17,0.8129901119409244,2682933,501735
q40_w7,2025-04-01,route,25,0.7868472569052939,433689,92442
q40_w7,2025-04-01,route,26,0.790270093619284,1083217,227183
q40_w7,2025-04-01,route,28,0.8203469471024125,607816,109196
q40_w7,2025-04-01,route,50,0.8665825423212609,1260832,168217
q40_w7,2025-04-01,month,4,0.8046914656631317,6418378,1253564
q40_w7,2025-04-01,month,5,0.8323895615356376,6000921,1005817
q40_w7,2025-04-01,lead_week,1,0.6443514914762527,1392580,495269
q40_w7,2025-04-01,lead_week,2,0.833615261597757,1494470,248657
q40_w7,2025-04-01,lead_week,3,0.8752309044849464,1574244,196417
q40_w7,2025-04-01,lead_week,4,0.8240239498233182,1465063,257816
q40_w7,2025-04-01,lead_week,5,0.7796489593915774,1172343,258327
q40_w7,2025-04-01,lead_week,6,0.7776826013621709,1170925,260317
q40_w7,2025-04-01,lead_week,7,0.870515130364793,1505813,194980
q40_w7,2025-04-01,lead_week,8,0.8629411295842135,1518063,208064
q40_w7,2025-04-01,lead_week,9,0.8760576941867013,1125798,139534
q60_w7,2025-04-01,route,1,0.8306045427618679,1078683,182724
q60_w7,2025-04-01,route,5,,0,0
q60_w7,2025-04-01,route,7,0.8096130398674802,1568973,298712
q60_w7,2025-04-01,route,11,0.8244931658256883,1802266,316310
q60_w7,2025-04-01,route,12,0.8091094171677478,1900890,362862
q60_w7,2025-04-01,route,17,0.8129901119409244,2682933,501735
q60_w7,2025-04-01,route,25,0.7868472569052939,433689,92442
q60_w7,2025-04-01,route,26,0.790270093619284,1083217,227183
q60_w7,2025-04-01,route,28,0.8203469471024125,607816,109196
q60_w7,2025-04-01,route,50,0.8665825423212609,1260832,168217
q60_w7,2025-04-01,month,4,0.8046914656631317,6418378,1253564
q60_w7,2025-04-01,month,5,0.8323895615356376,6000921,1005817
q60_w7,2025-04-01,lead_week,1,0.6443514914762527,1392580,495269
q60_w7,2025-04-01,lead_week,2,0.833615261597757,1494470,248657
q60_w7,2025-04-01,lead_week,3,0.8752309044849464,1574244,196417
q60_w7,2025-04-01,lead_week,4,0.8240239498233182,1465063,257816
q60_w7,2025-04-01,lead_week,5,0.7796489593915774,1172343,258327
q60_w7,2025-04-01,lead_week,6,0.7776826013621709,1170925,260317
q60_w7,2025-04-01,lead_week,7,0.870515130364793,1505813,194980
q60_w7,2025-04-01,lead_week,8,0.8629411295842135,1518063,208064
q60_w7,2025-04-01,lead_week,9,0.8760576941867013,1125798,139534
mean_w14,2025-04-01,route,1,0.8603167010141071,1078683,150674
mean_w14,2025-04-01,route,5,,0,0
mean_w14,2025-04-01,route,7,0.839018899624149,1568973,252575
mean_w14,2025-04-01,route,11,0.8453635589862983,1802266,278696
mean_w14,2025-04-01,route,12,0.841628921189548,1900890,301046
mean_w14,2025-04-01,route,17,0.8210846115053936,2682933,480018
mean_w14,2025-04-01,route,25,0.8059830892644269,433689,84143
mean_w14,2025-04-01,route,26,0.8201237609823332,1083217,194845
mean_w14,2025-04-01,route,28,0.8344416731379233,607816,100629
mean_w14,2025-04-01,route,50,0.8777172533692038,1260832,154178
mean_w14,2025-04-01,month,4,0.8234812595954928,6418378,1132964
mean_w14,2025-04-01,month,5,0.8560487631815183,6000921,863840
mean_w14,2025-04-01,lead_week,1,0.6547394045584455,1392580,480803
mean_w14,2025-04-01,lead_week,2,0.8578512783796262,1494470,212437
mean_w14,2025-04-01,lead_week,3,0.9004087041144829,1574244,156781
mean_w14,2025-04-01,lead_week,4,0.8450483016771293,1465063,227014
mean_w14,2025-04-01,lead_week,5,0.8091795660485028,1172343,223707
mean_w14,2025-04-01,lead_week,6,0.8121510771398681,1170925,219957
mean_w14,2025-04-01,lead_week,7,0.8932589903261561,1505813,160732
mean_w14,2025-04-01,lead_week,8,0.885376298612113,1518063,174006
mean_w14,2025-04-01,lead_week,9,0.8744295157745883,1125798,141367
median_w14,2025-04-01,route,1,0.8603167010141071,1078683,150674
median_w14,2025-04-01,route,5,,0,0
median_w14,2025-04-01,route,7,0.839018899624149,1568973,252575
median_w14,2025-04-01,route,11,0.8453635589862983,1802266,278696
median_w14,2025-04-01,route,12,0.841628921189548,1900890,301046
median_w14,2025-04-01,route,17,0.8210846115053936,2682933,480018
median_w14,2025-04-01,route,25,0.8059830892644269,433689,84143
median_w14,2025-04-01,route,26,0.8201237609823332,1083217,194845
median_w14,2025-04-01,route,28,0.8344416731379233,607816,100629
median_w14,2025-04-01,route,50,0.8777172533692038,1260832,154178
median_w14,2025-04-01,month,4,0.8234812595954928,6418378,1132964
median_w14,2025-04-01,month,5,0.8560487631815183,6000921,863840
median_w14,2025-04-01,lead_week,1,0.6547394045584455,1392580,480803
median_w14,2025-04-01,lead_week,2,0.8578512783796262,1494470,212437
median_w14,2025-04-01,lead_week,3,0.9004087041144829,1574244,156781
median_w14,2025-04-01,lead_week,4,0.8450483016771293,1465063,227014
median_w14,2025-04-01,lead_week,5,0.8091795660485028,1172343,223707
median_w14,2025-04-01,lead_week,6,0.8121510771398681,1170925,219957
median_w14,2025-04-01,lead_week,7,0.8932589903261561,1505813,160732
median_w14,2025-04-01,lead_week,8,0.885376298612113,1518063,174006
median_w14,2025-04-01,lead_week,9,0.8744295157745883,1125798,141367
trim10_w14,2025-04-01,route,1,0.8603167010141071,1078683,150674
trim10_w14,2025-04-01,route,5,,0,0
trim10_w14,2025-04-01,route,7,0.839018899624149,1568973,252575
trim10_w14,2025-04-01,route,11,0.8453635589862983,1802266,278696
trim10_w14,2025-04-01,route,12,0.841628921189548,1900890,301046
trim10_w14,2025-04-01,route,17,0.8210846115053936,2682933,480018
trim10_w14,2025-04-01,route,25,0.8059830892644269,433689,84143
trim10_w14,2025-04-01,route,26,0.8201237609823332,1083217,194845
trim10_w14,2025-04-01,route,28,0.8344416731379233,607816,100629
trim10_w14,2025-04-01,route,50,0.8777172533692038,1260832,154178
trim10_w14,2025-04-01,month,4,0.8234812595954928,6418378,1132964
trim10_w14,2025-04-01,month,5,0.8560487631815183,6000921,863840
trim10_w14,2025-04-01,lead_week,1,0.6547394045584455,1392580,480803
trim10_w14,2025-04-01,lead_week,2,0.8578512783796262,1494470,212437
trim10_w14,2025-04-01,lead_week,3,0.9004087041144829,1574244,156781
trim10_w14,2025-04-01,lead_week,4,0.8450483016771293,1465063,227014
trim10_w14,2025-04-01,lead_week,5,0.8091795660485028,1172343,223707
trim10_w14,2025-04-01,lead_week,6,0.8121510771398681,1170925,219957
trim10_w14,2025-04-01,lead_week,7,0.8932589903261561,1505813,160732
trim10_w14,2025-04-01,lead_week,8,0.885376298612113,1518063,174006
trim10_w14,2025-04-01,lead_week,9,0.8744295157745883,1125798,141367
q40_w14,2025-04-01,route,1,0.8586452182893398,1078683,152477
q40_w14,2025-04-01,route,5,,0,0
q40_w14,2025-04-01,route,7,0.8380845304539977,1568973,254041
q40_w14,2025-04-01,route,11,0.847467576928156,1802266,274904
q40_w14,2025-04-01,route,12,0.839036977415842,1900890,305973
q40_w14,2025-04-01,route,17,0.8210995205620117,2682933,479978
q40_w14,2025-04-01,route,25,0.8071521297519652,433689,83636
q40_w14,2025-04-01,route,26,0.8262748830566728,1083217,188182
q40_w14,2025-04-01,route,28,0.8334150466588572,607816,101253
q40_w14,2025-04-01,route,50,0.8795937920357352,1260832,151812
q40_w14,2025-04-01,month,4,0.822387525321818,6418378,1139984
q40_w14,2025-04-01,month,5,0.8579764672789394,6000921,852272
q40_w14,2025-04-01,lead_week,1,0.6557655574545089,1392580,479374
q40_w14,2025-04-01,lead_week,2,0.85584722343038,1494470,215432
q40_w14,2025-04-01,lead_week,3,0.8976511900315326,1574244,161122
q40_w14,2025-04-01,lead_week,4,0.8440442492916687,1465063,228485
q40_w14,2025-04-01,lead_week,5,0.8128465815891766,1172343,219408
q40_w14,2025-04-01,lead_week,6,0.8159984627538057,1170925,215452
q40_w14,2025-04-01,lead_week,7,0.8938825737325949,1505813,159793
q40_w14,2025-04-01,lead_week,8,0.8856654829213281,1518063,173567
q40_w14,2025-04-01,lead_week,9,0.8759786391519615,1125798,139623
q60_w14,2025-04-01,route,1,0.8612363409824758,1078683,149682
q60_w14,2025-04-01,route,5,,0,0
q60_w14,2025-04-01,route,7,0.8376747082327102,1568973,254684
q60_w14,2025-04-01,route,11,0.8413031150784623,1802266,286014
q60_w14,2025-04-01,route,12,0.8427231454739622,1900890,298966
q60_w14,2025-04-01,route,17,0.8205031582972814,2682933,481578
q60_w14,2025-04-01,route,25,0.8039632086587394,433689,85019
q60_w14,2025-04-01,route,26,0.8132728714560425,1083217,202266
q60_w14,2025-04-01,route,28,0.8344235755557603,607816,100640
q60_w14,2025-04-01,route,50,0.8748374089490114,1260832,157809
q60_w14,2025-04-01,month,4,0.823533141862321,6418378,1132631
q60_w14,2025-04-01,month,5,0.8526847795530053,6000921,884027
q60_w14,2025-04-01,lead_week,1,0.6530281922762067,1392580,483186
q60_w14,2025-04-01,lead_week,2,0.8588502947533239,1494470,210944
q60_w14,2025-04-01,lead_week,3,0.9016238905785888,1574244,154868
q60_w14,2025-04-01,lead_week,4,0.8449029154377662,1465063,227227
q60_w14,2025-04-01,lead_week,5,0.804609231257405,1172343,229065
q60_w14,2025-04-01,lead_week,6,0.8061763135982236,1170925,226953
q60_w14,2025-04-01,lead_week,7,0.8912700315377806,1505813,163727
q60_w14,2025-04-01,lead_week,8,0.8834297390819749,1518063,176961
q60_w14,2025-04-01,lead_week,9,0.8723332249657576,1125798,143727
mean_w28,2025-04-01,route,1,0.8729951246102887,1078683,136998
mean_w28,2025-04-01,route,5,,0,0
mean_w28,2025-04-01,route,7,0.8449501680398579,1568973,243269
mean_w28,2025-04-01,route,11,0.8546984740321351,1802266,261872
mean_w28,2025-04-01,route,12,0.8521176922388987,1900890,281108
mean_w28,2025-04-01,route,17,0.8202981587687803,2682933,482128
mean_w28,2025-04-01,route,25,0.8185635328541881,433689,78687
mean_w28,2025-04-01,route,26,0.837137895730957,1083217,176415
mean_w28,2025-04-01,route,28,0.8454943601353041,607816,93911
mean_w28,2025-04-01,route,50,0.8804384723737976,1260832,150747
mean_w28,2025-04-01,month,4,0.8301502342180532,6418378,1090160
mean_w28,2025-04-01,month,5,0.8641916799104671,6000921,814975
mean_w28,2025-04-01,lead_week,1,0.6576821439342803,1392580,476705
mean_w28,2025-04-01,lead_week,2,0.867164278975155,1494470,198519
mean_w28,2025-04-01,lead_week,3,0.9057585736391564,1574244,148359
mean_w28,2025-04-01,lead_week,4,0.8537455385877604,1465063,214272
mean_w28,2025-04-01,lead_week,5,0.818729672118143,1172343,212511
mean_w28,2025-04-01,lead_week,6,0.8213574737920875,1170925,209177
mean_w28,2025-04-01,lead_week,7,0.9015256210432504,1505813,148284
mean_w28,2025-04-01,lead_week,8,0.8928213124224752,1518063,162704
mean_w28,2025-04-01,lead_week,9,0.8804368101559961,1125798,134604
median_w28,2025-04-01,route,1,0.8732964179466998,1078683,136673
median_w28,2025-04-01,route,5,,0,0
median_w28,2025-04-01,route,7,0.8388187687104877,1568973,252889
median_w28,2025-04-01,route,11,0.8513820934312692,1802266,267849
median_w28,2025-04-01,route,12,0.8489018301953295,1900890,287221
median_w28,2025-04-01,route,17,0.8208013394296466,2682933,480778
median_w28,2025-04-01,route,25,0.8179893887094208,433689,78936
median_w28,2025-04-01,route,26,0.8421018133947307,1083217,171038
median_w28,2025-04-01,route,28,0.8463712702528396,607816,93378
median_w28,2025-04-01,route,50,0.8805788558666023,1260832,150570
median_w28,2025-04-01,month,4,0.829071612796878,6418378,1097083
median_w28,2025-04-01,month,5,0.8629795326417395,6000921,822249
median_w28,2025-04-01,lead_week,1,0.6560463312700169,1392580,478983
median_w28,2025-04-01,lead_week,2,0.8662917288403247,1494470,199823
median_w28,2025-04-01,lead_week,3,0.9051487571177022,1574244,149319
median_w28,2025-04-01,lead_week,4,0.8527189615736661,1465063,215776
median_w28,2025-04-01,lead_week,5,0.817386208643716,1172343,214086
median_w28,2025-04-01,lead_week,6,0.8182001409142345,1170925,212874
median_w28,2025-04-01,lead_week,7,0.9012068563626426,1505813,148764
median_w28,2025-04-01,lead_week,8,0.8919781326598435,1518063,163984
median_w28,2025-04-01,lead_week,9,0.879442848539436,1125798,135723
trim10_w28,2025-04-01,route,1,0.8729951246102887,1078683,136998
trim10_w28,2025-04-01,route,5,,0,0
trim10_w28,2025-04-01,route,7,0.8449501680398579,1568973,243269
trim10_w28,2025-04-01,route,11,0.8546984740321351,1802266,261872
trim10_w28,2025-04-01,route,12,0.8521176922388987,1900890,281108
trim10_w28,2025-04-01,route,17,0.8202981587687803,2682933,482128
trim10_w28,2025-04-01,route,25,0.8185635328541881,433689,78687
trim10_w28,2025-04-01,route,26,0.837137895730957,1083217,176415
trim10_w28,2025-04-01,route,28,0.8454943601353041,607816,93911
trim10_w28,2025-04-01,route,50,0.8804384723737976,1260832,150747
trim10_w28,2025-04-01,month,4,0.8301502342180532,6418378,1090160
trim10_w28,2025-04-01,month,5,0.8641916799104671,6000921,814975
trim10_w28,2025-04-01,lead_week,1,0.6576821439342803,1392580,476705
trim10_w28,2025-04-01,lead_week,2,0.867164278975155,1494470,198519
trim10_w28,2025-04-01,lead_week,3,0.9057585736391564,1574244,148359
trim10_w28,2025-04-01,lead_week,4,0.8537455385877604,1465063,214272
trim10_w28,2025-04-01,lead_week,5,0.818729672118143,1172343,212511
trim10_w28,2025-04-01,lead_week,6,0.8213574737920875,1170925,209177
trim10_w28,2025-04-01,lead_week,7,0.9015256210432504,1505813,148284
trim10_w28,2025-04-01,lead_week,8,0.8928213124224752,1518063,162704
trim10_w28,2025-04-01,lead_week,9,0.8804368101559961,1125798,134604
q40_w28,2025-04-01,route,1,0.8736709487402694,1078683,136269
q40_w28,2025-04-01,route,5,,0,0
q40_w28,2025-04-01,route,7,0.8328600938320799,1568973,262238
q40_w28,2025-04-01,route,11,0.8579876666374442,1802266,255944
q40_w28,2025-04-01,route,12,0.8535154585483642,1900890,278451
q40_w28,2025-04-01,route,17,0.8229795526015744,2682933,474934
q40_w28,2025-04-01,route,25,0.8161724184842134,433689,79724
q40_w28,2025-04-01,route,26,0.8443829814340063,1083217,168567
q40_w28,2025-04-01,route,28,0.8410308382800058,607816,96624
q40_w28,2025-04-01,route,50,0.8832540735006725,1260832,147197
q40_w28,2025-04-01,month,4,0.8286406627967378,6418378,1099849
q40_w28,2025-04-01,month,5,0.8666706327245435,6000921,800099
q40_w28,2025-04-01,lead_week,1,0.6595491820936679,1392580,474105
q40_w28,2025-04-01,lead_week,2,0.864846400396127,1494470,201983
q40_w28,2025-04-01,lead_week,3,0.9020945927060862,1574244,154127
q40_w28,2025-04-01,lead_week,4,0.8526356887041717,1465063,215898
q40_w28,2025-04-01,lead_week,5,0.823932074486733,1172343,206412
q40_w28,2025-04-01,lead_week,6,0.8258573350129171,1170925,203908
q40_w28,2025-04-01,lead_week,7,0.9026479383562235,1505813,146594
q40_w28,2025-04-01,lead_week,8,0.8922468962091824,1518063,163576
q40_w28,2025-04-01,lead_week,9,0.8815551280069782,1125798,133345
q60_w28,2025-04-01,route,1,0.8709398405277546,1078683,139215
q60_w28,2025-04-01,route,5,,0,0
q60_w28,2025-04-01,route,7,0.8418800068579892,1568973,248086
q60_w28,2025-04-01,route,11,0.8424189326103916,1802266,284003
q60_w28,2025-04-01,route,12,0.8427126240866121,1900890,298986
q60_w28,2025-04-01,route,17,0.8167971395483973,2682933,491521
q60_w28,2025-04-01,route,25,0.8167465626289807,433689,79475
q60_w28,2025-04-01,route,26,0.8385706649729463,1083217,174863
q60_w28,2025-04-01,route,28,0.8468467430933045,607816,93089
q60_w28,2025-04-01,route,50,0.8752942501459354,1260832,157233
q60_w28,2025-04-01,month,4,0.8274070177854904,6418378,1107767
q60_w28,2025-04-01,month,5,0.8569046318056845,6000921,858704
q60_w28,2025-04-01,lead_week,1,0.6516867971678467,1392580,485054
q60_w28,2025-04-01,lead_week,2,0.8645901222506975,1494470,202366
q60_w28,2025-04-01,lead_week,3,0.9063359936579082,1574244,147450
q60_w28,2025-04-01,lead_week,4,0.8501245338937643,1465063,219577
q60_w28,2025-04-01,lead_week,5,0.8089049024048423,1172343,224029
q60_w28,2025-04-01,lead_week,6,0.8083950722719218,1170925,224355
q60_w28,2025-04-01,lead_week,7,0.8975443830010765,1505813,154279
q60_w28,2025-04-01,lead_week,8,0.8886311042427093,1518063,169065
q60_w28,2025-04-01,lead_week,9,0.8753808409679179,1125798,140296
mean_w56,2025-04-01,route,1,0.8747917599517189,1078683,135060
mean_w56,2025-04-01,route,5,,0,0
mean_w56,2025-04-01,route,7,0.850597174075016,1568973,234409
mean_w56,2025-04-01,route,11,0.8681959266834085,1802266,237546
mean_w56,2025-04-01,route,12,0.8634113494205347,1900890,259640
mean_w56,2025-04-01,route,17,0.8324326399503826,2682933,449572
mean_w56,2025-04-01,route,25,0.8182868368808063,433689,78807
mean_w56,2025-04-01,route,26,0.8512089452067314,1083217,161173
mean_w56,2025-04-01,route,28,0.852002908775024,607816,89955
mean_w56,2025-04-01,route,50,0.8878954531610873,1260832,141345
mean_w56,2025-04-01,month,4,0.8358096079726062,6418378,1053836
mean_w56,2025-04-01,month,5,0.8777402668690356,6000921,733671
mean_w56,2025-04-01,lead_week,1,0.6692003331945022,1392580,460665
mean_w56,2025-04-01,lead_week,2,0.8689441741888428,1494470,195859
mean_w56,2025-04-01,lead_week,3,0.9077036342523777,1574244,145297
mean_w56,2025-04-01,lead_week,4,0.8603527629869842,1465063,204592
mean_w56,2025-04-01,lead_week,5,0.8411377898789006,1172343,186241
mean_w56,2025-04-01,lead_week,6,0.8430036082584281,1170925,183831
mean_w56,2025-04-01,lead_week,7,0.9121604077000265,1505813,132270
mean_w56,2025-04-01,lead_week,8,0.8991846846935865,1518063,153044
mean_w56,2025-04-01,lead_week,9,0.8883387605947071,1125798,125708
median_w56,2025-04-01,route,1,0.8763927863885869,1078683,133333
median_w56,2025-04-01,route,5,,0,0
median_w56,2025-04-01,route,7,0.8461171734631507,1568973,241438
median_w56,2025-04-01,route,11,0.8653117797261891,1802266,242744
median_w56,2025-04-01,route,12,0.8628284645613371,1900890,260748
median_w56,2025-04-01,route,17,0.8320125772801632,2682933,450699
median_w56,2025-04-01,route,25,0.8170970441952643,433689,79323
median_w56,2025-04-01,route,26,0.8516262207849397,1083217,160721
median_w56,2025-04-01,route,28,0.8525902575779513,607816,89598
median_w56,2025-04-01,route,50,0.8873394710794142,1260832,142046
median_w56,2025-04-01,month,4,0.8347708720178213,6418378,1060503
median_w56,2025-04-01,month,5,0.8766610991879413,6000921,740147
median_w56,2025-04-01,lead_week,1,0.6684247942667567,1392580,461745
median_w56,2025-04-01,lead_week,2,0.8676741587318582,1494470,197757
median_w56,2025-04-01,lead_week,3,0.9072094287797825,1574244,146075
median_w56,2025-04-01,lead_week,4,0.8587309897253566,1465063,206968
median_w56,2025-04-01,lead_week,5,0.8405219291623698,1172343,186963
median_w56,2025-04-01,lead_week,6,0.8403390481883981,1170925,186951
median_w56,2025-04-01,lead_week,7,0.9112718511528324,1505813,133608
median_w56,2025-04-01,lead_week,8,0.89849696619969,1518063,154088
median_w56,2025-04-01,lead_week,9,0.887639700905491,1125798,126495
trim10_w56,2025-04-01,route,1,0.8747917599517189,1078683,135060
trim10_w56,2025-04-01,route,5,,0,0
trim10_w56,2025-04-01,route,7,0.850597174075016,1568973,234409
trim10_w56,2025-04-01,route,11,0.8681959266834085,1802266,237546
trim10_w56,2025-04-01,route,12,0.8634113494205347,1900890,259640
trim10_w56,2025-04-01,route,17,0.8324326399503826,2682933,449572
trim10_w56,2025-04-01,route,25,0.8182868368808063,433689,78807
trim10_w56,2025-04-01,route,26,0.8512089452067314,1083217,161173
trim10_w56,2025-04-01,route,28,0.852002908775024,607816,89955
trim10_w56,2025-04-01,route,50,0.8878954531610873,1260832,141345
trim10_w56,2025-04-01,month,4,0.8358096079726062,6418378,1053836
trim10_w56,2025-04-01,month,5,0.8777402668690356,6000921,733671
trim10_w56,2025-04-01,lead_week,1,0.6692003331945022,1392580,460665
trim10_w56,2025-04-01,lead_week,2,0.8689441741888428,1494470,195859
trim10_w56,2025-04-01,lead_week,3,0.9077036342523777,1574244,145297
trim10_w56,2025-04-01,lead_week,4,0.8603527629869842,1465063,204592
trim10_w56,2025-04-01,lead_week,5,0.8411377898789006,1172343,186241
trim10_w56,2025-04-01,lead_week,6,0.8430036082584281,1170925,183831
trim10_w56,2025-04-01,lead_week,7,0.9121604077000265,1505813,132270
trim10_w56,2025-04-01,lead_week,8,0.8991846846935865,1518063,153044
trim10_w56,2025-04-01,lead_week,9,0.8883387605947071,1125798,125708
q40_w56,2025-04-01,route,1,0.8735559937442232,1078683,136393
q40_w56,2025-04-01,route,5,,0,0
q40_w56,2025-04-01,route,7,0.838192244226,1568973,253872
q40_w56,2025-04-01,route,11,0.8721831294603571,1802266,230360
q40_w56,2025-04-01,route,12,0.8647291531861392,1900890,257135
q40_w56,2025-04-01,route,17,0.837212483502197,2682933,436748
q40_w56,2025-04-01,route,25,0.8120358136821547,433689,81518
q40_w56,2025-04-01,route,26,0.8527995775546359,1083217,159450
q40_w56,2025-04-01,route,28,0.8488440580702055,607816,91875
q40_w56,2025-04-01,route,50,0.8895181911626608,1260832,139299
q40_w56,2025-04-01,month,4,0.8329208719087595,6418378,1072377
q40_w56,2025-04-01,month,5,0.8809727706797007,6000921,714273
q40_w56,2025-04-01,lead_week,1,0.6729652874520674,1392580,455422
q40_w56,2025-04-01,lead_week,2,0.863246502104425,1494470,204374
q40_w56,2025-04-01,lead_week,3,0.9011055465353528,1574244,155684
q40_w56,2025-04-01,lead_week,4,0.8575644869879315,1465063,208677
q40_w56,2025-04-01,lead_week,5,0.8483097523506345,1172343,177833
q40_w56,2025-04-01,lead_week,6,0.8499348805431604,1170925,175715
q40_w56,2025-04-01,lead_week,7,0.9119233264688245,1505813,132627
q40_w56,2025-04-01,lead_week,8,0.8993434396332695,1518063,152803
q40_w56,2025-04-01,lead_week,9,0.8902867121810485,1125798,123515
q60_w56,2025-04-01,route,1,0.8766375292833947,1078683,133069
q60_w56,2025-04-01,route,5,,0,0
q60_w56,2025-04-01,route,7,0.851543015717925,1568973,232925
q60_w56,2025-04-01,route,11,0.8563508383335201,1802266,258894
q60_w56,2025-04-01,route,12,0.8568354823266996,1900890,272140
q60_w56,2025-04-01,route,17,0.8260832454630809,2682933,466607
q60_w56,2025-04-01,route,25,0.8194166787721155,433689,78317
q60_w56,2025-04-01,route,26,0.8481458470463443,1083217,164491
q60_w56,2025-04-01,route,28,0.8516080524369217,607816,90195
q60_w56,2025-04-01,route,50,0.8815020557853861,1260832,149406
q60_w56,2025-04-01,month,4,0.833964281941637,6418378,1065680
q60_w56,2025-04-01,month,5,0.869959294581615,6000921,780364
q60_w56,2025-04-01,lead_week,1,0.6624703787215097,1392580,470037
q60_w56,2025-04-01,lead_week,2,0.8689455124559209,1494470,195857
q60_w56,2025-04-01,lead_week,3,0.9102127751479441,1574244,141347
q60_w56,2025-04-01,lead_week,4,0.8571952195912395,1465063,209218
q60_w56,2025-04-01,lead_week,5,0.830415671863951,1172343,198811
q60_w56,2025-04-01,lead_week,6,0.828782372910306,1170925,200483
q60_w56,2025-04-01,lead_week,7,0.9074612850334005,1505813,139346
q60_w56,2025-04-01,lead_week,8,0.8947988324595224,1518063,159702
q60_w56,2025-04-01,lead_week,9,0.8834222480409452,1125798,131243
mean_w84,2025-04-01,route,1,0.8647962376342262,1078683,145842
mean_w84,2025-04-01,route,5,,0,0
mean_w84,2025-04-01,route,7,0.8348435568999594,1568973,259126
mean_w84,2025-04-01,route,11,0.8780119027934833,1802266,219855
mean_w84,2025-04-01,route,12,0.8689440209586036,1900890,249123
mean_w84,2025-04-01,route,17,0.8353481059720835,2682933,441750
mean_w84,2025-04-01,route,25,0.8032345759288337,433689,85335
mean_w84,2025-04-01,route,26,0.8466973838113693,1083217,166060
mean_w84,2025-04-01,route,28,0.8481185095489424,607816,92316
mean_w84,2025-04-01,route,50,0.8941690883480115,1260832,133435
mean_w84,2025-04-01,month,4,0.8295028744022244,6418378,1094315
mean_w84,2025-04-01,month,5,0.883596701239693,6000921,698527
mean_w84,2025-04-01,lead_week,1,0.6776845854457194,1392580,448850
mean_w84,2025-04-01,lead_week,2,0.8583618272698683,1494470,211674
mean_w84,2025-04-01,lead_week,3,0.8938817616582944,1574244,167056
mean_w84,2025-04-01,lead_week,4,0.8526991672030486,1465063,215805
mean_w84,2025-04-01,lead_week,5,0.8516824854159576,1172343,173879
mean_w84,2025-04-01,lead_week,6,0.8606887716975895,1170925,163123
mean_w84,2025-04-01,lead_week,7,0.913154555047672,1505813,130773
mean_w84,2025-04-01,lead_week,8,0.8966874233809796,1518063,156835
mean_w84,2025-04-01,lead_week,9,0.8891035514364033,1125798,124847
median_w84,2025-04-01,route,1,0.8730257174721396,1078683,136965
median_w84,2025-04-01,route,5,,0,0
median_w84,2025-04-01,route,7,0.8374197643936512,1568973,255084
median_w84,2025-04-01,route,11,0.8756016037588237,1802266,224199
median_w84,2025-04-01,route,12,0.8677740426852685,1900890,251347
median_w84,2025-04-01,route,17,0.8391555063059719,2682933,431535
median_w84,2025-04-01,route,25,0.8029463509565611,433689,85460
median_w84,2025-04-01,route,26,0.8530894548368425,1083217,159136
median_w84,2025-04-01,route,28,0.8506669781644445,607816,90767
median_w84,2025-04-01,route,50,0.8909053704220705,1260832,137550
median_w84,2025-04-01,month,4,0.8328943854662346,6418378,1072547
median_w84,2025-04-01,month,5,0.8834352260261383,6000921,699496
median_w84,2025-04-01,lead_week,1,0.6738162259977882,1392580,454237
median_w84,2025-04-01,lead_week,2,0.8628818243256806,1494470,204919
median_w84,2025-04-01,lead_week,3,0.9000466255548695,1574244,157351
median_w84,2025-04-01,lead_week,4,0.8584306613435736,1465063,207408
median_w84,2025-04-01,lead_week,5,0.853582100119163,1172343,171652
median_w84,2025-04-01,lead_week,6,0.8540538463180819,1170925,170892
median_w84,2025-04-01,lead_week,7,0.9139547872146143,1505813,129568
median_w84,2025-04-01,lead_week,8,0.8987262056976555,1518063,153740
median_w84,2025-04-01,lead_week,9,0.8913872648556846,1125798,122276
trim10_w84,2025-04-01,route,1,0.8729209600967105,1078683,137078
trim10_w84,2025-04-01,route,5,,0,0
trim10_w84,2025-04-01,route,7,0.8375676318203054,1568973,254852
trim10_w84,2025-04-01,route,11,0.8773566166148615,1802266,221036
trim10_w84,2025-04-01,route,12,0.8683679750011837,1900890,250218
trim10_w84,2025-04-01,route,17,0.838366071758035,2682933,433653
trim10_w84,2025-04-01,route,25,0.805351300125205,433689,84417
trim10_w84,2025-04-01,route,26,0.8517610044894052,1083217,160575
trim10_w84,2025-04-01,route,28,0.8506258472958922,607816,90792
trim10_w84,2025-04-01,route,50,0.892309205350118,1260832,135780
trim10_w84,2025-04-01,month,4,0.8327133428414468,6418378,1073709
trim10_w84,2025-04-01,month,5,0.8842357698093343,6000921,694692
trim10_w84,2025-04-01,lead_week,1,0.6732173376035847,1392580,455071
trim10_w84,2025-04-01,lead_week,2,0.86297416475406,1494470,204781
trim10_w84,2025-04-01,lead_week,3,0.9000351914950923,1574244,157369
trim10_w84,2025-04-01,lead_week,4,0.8581043955106368,1465063,207886
trim10_w84,2025-04-01,lead_week,5,0.8537040780727142,1172343,171509
trim10_w84,2025-04-01,lead_week,6,0.8556295236671863,1170925,169047
trim10_w84,2025-04-01,lead_week,7,0.9151581238839086,1505813,127756
trim10_w84,2025-04-01,lead_week,8,0.8991991768457568,1518063,153022
trim10_w84,2025-04-01,lead_week,9,0.8916679546419517,1125798,121960
q40_w84,2025-04-01,route,1,0.8686110748014013,1078683,141727
q40_w84,2025-04-01,route,5,,0,0
q40_w84,2025-04-01,route,7,0.8253768547960991,1568973,273979
q40_w84,2025-04-01,route,11,0.877767210833473,1802266,220296
q40_w84,2025-04-01,route,12,0.8689676940801414,1900890,249078
q40_w84,2025-04-01,route,17,0.8413728557515227,2682933,425586
q40_w84,2025-04-01,route,25,0.7885420197422577,433689,91707
q40_w84,2025-04-01,route,26,0.8467850855368777,1083217,165965
q40_w84,2025-04-01,route,28,0.844890558984956,607816,94278
q40_w84,2025-04-01,route,50,0.8919864026293749,1260832,136187
q40_w84,2025-04-01,month,4,0.8271144204968919,6418378,1109645
q40_w84,2025-04-01,month,5,0.8851579615862298,6000921,689158
q40_w84,2025-04-01,lead_week,1,0.6769248445331686,1392580,449908
q40_w84,2025-04-01,lead_week,2,0.8536618332920701,1494470,218698
q40_w84,2025-04-01,lead_week,3,0.8897947205134655,1574244,173490
q40_w84,2025-04-01,lead_week,4,0.8522691515654959,1465063,216435
q40_w84,2025-04-01,lead_week,5,0.8591129046703908,1172343,165168
q40_w84,2025-04-01,lead_week,6,0.861162755940816,1170925,162568
q40_w84,2025-04-01,lead_week,7,0.9115939362988631,1505813,133123
q40_w84,2025-04-01,lead_week,8,0.8962236745115322,1518063,157539
q40_w84,2025-04-01,lead_week,9,0.8917443449002397,1125798,121874
q60_w84,2025-04-01,route,1,0.8752265494125707,1078683,134591
q60_w84,2025-04-01,route,5,,0,0
q60_w84,2025-04-01,route,7,0.8464651718034664,1568973,240892
q60_w84,2025-04-01,route,11,0.8700757823761864,1802266,234158
q60_w84,2025-04-01,route,12,0.8628737065269426,1900890,260662
q60_w84,2025-04-01,route,17,0.8337718459611179,2682933,445979
q60_w84,2025-04-01,route,25,0.8142839684658822,433689,80543
q60_w84,2025-04-01,route,26,0.8536378214152843,1083217,158542
q60_w84,2025-04-01,route,28,0.851719928399384,607816,90127
q60_w84,2025-04-01,route,50,0.8872799865485648,1260832,142121
q60_w84,2025-04-01,month,4,0.8351127029289954,6418378,1058309
q60_w84,2025-04-01,month,5,0.8784676552149245,6000921,729306
q60_w84,2025-04-01,lead_week,1,0.6680743655660716,1392580,462233
q60_w84,2025-04-01,lead_week,2,0.8684235882955161,1494470,196637
q60_w84,2025-04-01,lead_week,3,0.9071763970515371,1574244,146127
q60_w84,2025-04-01,lead_week,4,0.860127516700647,1465063,204922
q60_w84,2025-04-01,lead_week,5,0.8439287819349798,1172343,182969
q60_w84,2025-04-01,lead_week,6,0.8439498686935543,1170925,182723
q60_w84,2025-04-01,lead_week,7,0.9127062922155673,1505813,131448
q60_w84,2025-04-01,lead_week,8,0.8975905479548609,1518063,155464
q60_w84,2025-04-01,lead_week,9,0.8888859280261645,1125798,125092
mean_w112,2025-04-01,route,1,0.8501811931772356,1078683,161607
mean_w112,2025-04-01,route,5,,0,0
mean_w112,2025-04-01,route,7,0.8203276920635345,1568973,281901
mean_w112,2025-04-01,route,11,0.8783459267388942,1802266,219253
mean_w112,2025-04-01,route,12,0.8638348352613776,1900890,258835
mean_w112,2025-04-01,route,17,0.8288332209563191,2682933,459229
mean_w112,2025-04-01,route,25,0.7942604031921492,433689,89227
mean_w112,2025-04-01,route,26,0.8366763077019655,1083217,176915
mean_w112,2025-04-01,route,28,0.840130894876081,607816,97171
mean_w112,2025-04-01,route,50,0.8862156100098982,1260832,143463
mean_w112,2025-04-01,month,4,0.8182346069365188,6418378,1166639
mean_w112,2025-04-01,month,5,0.8798581084470201,6000921,720962
mean_w112,2025-04-01,lead_week,1,0.6832541038934927,1392580,441094
mean_w112,2025-04-01,lead_week,2,0.8405601985988344,1494470,238278
mean_w112,2025-04-01,lead_week,3,0.8773011045301745,1574244,193158
mean_w112,2025-04-01,lead_week,4,0.8384895393576932,1465063,236623
mean_w112,2025-04-01,lead_week,5,0.856599988228701,1172343,168114
mean_w112,2025-04-01,lead_week,6,0.8622080833529048,1170925,161344
mean_w112,2025-04-01,lead_week,7,0.9013363545141395,1505813,148569
mean_w112,2025-04-01,lead_week,8,0.8879144014444723,1518063,170153
mean_w112,2025-04-01,lead_week,9,0.8842883003878138,1125798,130268
median_w112,2025-04-01,route,1,0.8719855601692064,1078683,138087
median_w112,2025-04-01,route,5,,0,0
median_w112,2025-04-01,route,7,0.8348244361120299,1568973,259156
median_w112,2025-04-01,route,11,0.8781650433398843,1802266,219579
median_w112,2025-04-01,route,12,0.8687698919979588,1900890,249454
median_w112,2025-04-01,route,17,0.8399758771463917,2682933,429334
median_w112,2025-04-01,route,25,0.7998035458588989,433689,86823
median_w112,2025-04-01,route,26,0.8532611655836273,1083217,158950
median_w112,2025-04-01,route,28,0.8489542887979257,607816,91808
median_w112,2025-04-01,route,50,0.891963401944113,1260832,136216
median_w112,2025-04-01,month,4,0.8313165725047668,6418378,1082674
median_w112,2025-04-01,month,5,0.8855620662228348,6000921,686733
median_w112,2025-04-01,lead_week,1,0.67506067874018,1392580,452504
median_w112,2025-04-01,lead_week,2,0.8596050773852938,1494470,209816
median_w112,2025-04-01,lead_week,3,0.897379313499051,1574244,161550
median_w112,2025-04-01,lead_week,4,0.8565433704898697,1465063,210173
median_w112,2025-04-01,lead_week,5,0.8606013769007875,1172343,163423
median_w112,2025-04-01,lead_week,6,0.8589123983175695,1170925,165203
median_w112,2025-04-01,lead_week,7,0.9132953427816071,1505813,130561
median_w112,2025-04-01,lead_week,8,0.8980931621414922,1518063,154701
median_w112,2025-04-01,lead_week,9,0.8920978719095255,1125798,121476
trim10_w112,2025-04-01,route,1,0.8665242708005967,1078683,143978
trim10_w112,2025-04-01,route,5,,0,0
trim10_w112,2025-04-01,route,7,0.8305636872017556,1568973,265841
trim10_w112,2025-04-01,route,11,0.880550373807196,1802266,215280
trim10_w112,2025-04-01,route,12,0.8672821678266496,1900890,252282
trim10_w112,2025-04-01,route,17,0.8383239536730884,2682933,433766
trim10_w112,2025-04-01,route,25,0.7988881433469606,433689,87220
trim10_w112,2025-04-01,route,26,0.8479224384403126,1083217,164733
trim10_w112,2025-04-01,route,28,0.8463087513326402,607816,93416
trim10_w112,2025-04-01,route,50,0.8928493248902312,1260832,135099
trim10_w112,2025-04-01,month,4,0.827906365128386,6418378,1104562
trim10_w112,2025-04-01,month,5,0.8855087410749116,6000921,687053
trim10_w112,2025-04-01,lead_week,1,0.6770526648379267,1392580,449730
trim10_w112,2025-04-01,lead_week,2,0.8548502144572993,1494470,216922
trim10_w112,2025-04-01,lead_week,3,0.891526345344178,1574244,170764
trim10_w112,2025-04-01,lead_week,4,0.8514364228705523,1465063,217655
trim10_w112,2025-04-01,lead_week,5,0.8608291259469285,1172343,163156
trim10_w112,2025-04-01,lead_week,6,0.8630433204517796,1170925,160366
trim10_w112,2025-04-01,lead_week,7,0.9124373345163045,1505813,131853
trim10_w112,2025-04-01,lead_week,8,0.8955939246263166,1518063,158495
trim10_w112,2025-04-01,lead_week,9,0.8910337378463987,1125798,122674
q40_w112,2025-04-01,route,1,0.86641116991739,1078683,144100
q40_w112,2025-04-01,route,5,,0,0
q40_w112,2025-04-01,route,7,0.8196559150476139,1568973,282955
q40_w112,2025-04-01,route,11,0.8783315004555377,1802266,219279
q40_w112,2025-04-01,route,12,0.8688656366228451,1900890,249272
q40_w112,2025-04-01,route,17,0.8413478830816871,2682933,425653
q40_w112,2025-04-01,route,25,0.7834807892291481,433689,93902
q40_w112,2025-04-01,route,26,0.8419845700353669,1083217,171165
q40_w112,2025-04-01,route,28,0.8414289850875922,607816,96382
q40_w112,2025-04-01,route,50,0.8912852782924291,1260832,137071
q40_w112,2025-04-01,month,4,0.8235336092701302,6418378,1132628
q40_w112,2025-04-01,month,5,0.8854924102483602,6000921,687151
q40_w112,2025-04-01,lead_week,1,0.6772386505622657,1392580,449471
q40_w112,2025-04-01,lead_week,2,0.8481287680582414,1494470,226967
q40_w112,2025-04-01,lead_week,3,0.8844099135839171,1574244,181967
q40_w112,2025-04-01,lead_week,4,0.8483846769729356,1465063,222126
q40_w112,2025-04-01,lead_week,5,0.8645950886387346,1172343,158741
q40_w112,2025-04-01,lead_week,6,0.8640758374789163,1170925,159157
q40_w112,2025-04-01,lead_week,7,0.9088014248781223,1505813,137328
q40_w112,2025-04-01,lead_week,8,0.8935327453471957,1518063,161624
q40_w112,2025-04-01,lead_week,9,0.8912788972799739,1125798,122398
q60_w112,2025-04-01,route,1,0.8752886621926924,1078683,134524
q60_w112,2025-04-01,route,5,,0,0
q60_w112,2025-04-01,route,7,0.8450247391127828,1568973,243152
q60_w112,2025-04-01,route,11,0.8732506744287469,1802266,228436
q60_w112,2025-04-01,route,12,0.8652026156168953,1900890,256235
q60_w112,2025-04-01,route,17,0.8353335696418808,2682933,441789
q60_w112,2025-04-01,route,25,0.8121257398735038,433689,81479
q60_w112,2025-04-01,route,26,0.8552441477561744,1083217,156802
q60_w112,2025-04-01,route,28,0.8518482567092673,607816,90049
q60_w112,2025-04-01,route,50,0.8886925458744702,1260832,140340
q60_w112,2025-04-01,month,4,0.8346449835145265,6418378,1061311
q60_w112,2025-04-01,month,5,0.8814356996201083,6000921,711495
q60_w112,2025-04-01,lead_week,1,0.6694258139568283,1392580,460351
q60_w112,2025-04-01,lead_week,2,0.8666758114916994,1494470,199249
q60_w112,2025-04-01,lead_week,3,0.9057166487533064,1574244,148425
q60_w112,2025-04-01,lead_week,4,0.8600674510242904,1465063,205010
q60_w112,2025-04-01,lead_week,5,0.8507740482094404,1172343,174944
q60_w112,2025-04-01,lead_week,6,0.8499066976962658,1170925,175748
q60_w112,2025-04-01,lead_week,7,0.9133146014810604,1505813,130532
q60_w112,2025-04-01,lead_week,8,0.8980490269507919,1518063,154768
q60_w112,2025-04-01,lead_week,9,0.890052211853281,1125798,123779
mean_w0,2025-04-01,route,1,0.8501811931772356,1078683,161607
mean_w0,2025-04-01,route,5,,0,0
mean_w0,2025-04-01,route,7,0.8203276920635345,1568973,281901
mean_w0,2025-04-01,route,11,0.8783459267388942,1802266,219253
mean_w0,2025-04-01,route,12,0.8638348352613776,1900890,258835
mean_w0,2025-04-01,route,17,0.8288332209563191,2682933,459229
mean_w0,2025-04-01,route,25,0.7942604031921492,433689,89227
mean_w0,2025-04-01,route,26,0.8366763077019655,1083217,176915
mean_w0,2025-04-01,route,28,0.840130894876081,607816,97171
mean_w0,2025-04-01,route,50,0.8862156100098982,1260832,143463
mean_w0,2025-04-01,month,4,0.8182346069365188,6418378,1166639
mean_w0,2025-04-01,month,5,0.8798581084470201,6000921,720962
mean_w0,2025-04-01,lead_week,1,0.6832541038934927,1392580,441094
mean_w0,2025-04-01,lead_week,2,0.8405601985988344,1494470,238278
mean_w0,2025-04-01,lead_week,3,0.8773011045301745,1574244,193158
mean_w0,2025-04-01,lead_week,4,0.8384895393576932,1465063,236623
mean_w0,2025-04-01,lead_week,5,0.856599988228701,1172343,168114
mean_w0,2025-04-01,lead_week,6,0.8622080833529048,1170925,161344
mean_w0,2025-04-01,lead_week,7,0.9013363545141395,1505813,148569
mean_w0,2025-04-01,lead_week,8,0.8879144014444723,1518063,170153
mean_w0,2025-04-01,lead_week,9,0.8842883003878138,1125798,130268
median_w0,2025-04-01,route,1,0.8719855601692064,1078683,138087
median_w0,2025-04-01,route,5,,0,0
median_w0,2025-04-01,route,7,0.8348244361120299,1568973,259156
median_w0,2025-04-01,route,11,0.8781650433398843,1802266,219579
median_w0,2025-04-01,route,12,0.8687698919979588,1900890,249454
median_w0,2025-04-01,route,17,0.8399758771463917,2682933,429334
median_w0,2025-04-01,route,25,0.7998035458588989,433689,86823
median_w0,2025-04-01,route,26,0.8532611655836273,1083217,158950
median_w0,2025-04-01,route,28,0.8489542887979257,607816,91808
median_w0,2025-04-01,route,50,0.891963401944113,1260832,136216
median_w0,2025-04-01,month,4,0.8313165725047668,6418378,1082674
median_w0,2025-04-01,month,5,0.8855620662228348,6000921,686733
median_w0,2025-04-01,lead_week,1,0.67506067874018,1392580,452504
median_w0,2025-04-01,lead_week,2,0.8596050773852938,1494470,209816
median_w0,2025-04-01,lead_week,3,0.897379313499051,1574244,161550
median_w0,2025-04-01,lead_week,4,0.8565433704898697,1465063,210173
median_w0,2025-04-01,lead_week,5,0.8606013769007875,1172343,163423
median_w0,2025-04-01,lead_week,6,0.8589123983175695,1170925,165203
median_w0,2025-04-01,lead_week,7,0.9132953427816071,1505813,130561
median_w0,2025-04-01,lead_week,8,0.8980931621414922,1518063,154701
median_w0,2025-04-01,lead_week,9,0.8920978719095255,1125798,121476
trim10_w0,2025-04-01,route,1,0.8665242708005967,1078683,143978
trim10_w0,2025-04-01,route,5,,0,0
trim10_w0,2025-04-01,route,7,0.8305636872017556,1568973,265841
trim10_w0,2025-04-01,route,11,0.880550373807196,1802266,215280
trim10_w0,2025-04-01,route,12,0.8672821678266496,1900890,252282
trim10_w0,2025-04-01,route,17,0.8383239536730884,2682933,433766
trim10_w0,2025-04-01,route,25,0.7988881433469606,433689,87220
trim10_w0,2025-04-01,route,26,0.8479224384403126,1083217,164733
trim10_w0,2025-04-01,route,28,0.8463087513326402,607816,93416
trim10_w0,2025-04-01,route,50,0.8928493248902312,1260832,135099
trim10_w0,2025-04-01,month,4,0.827906365128386,6418378,1104562
trim10_w0,2025-04-01,month,5,0.8855087410749116,6000921,687053
trim10_w0,2025-04-01,lead_week,1,0.6770526648379267,1392580,449730
trim10_w0,2025-04-01,lead_week,2,0.8548502144572993,1494470,216922
trim10_w0,2025-04-01,lead_week,3,0.891526345344178,1574244,170764
trim10_w0,2025-04-01,lead_week,4,0.8514364228705523,1465063,217655
trim10_w0,2025-04-01,lead_week,5,0.8608291259469285,1172343,163156
trim10_w0,2025-04-01,lead_week,6,0.8630433204517796,1170925,160366
trim10_w0,2025-04-01,lead_week,7,0.9124373345163045,1505813,131853
trim10_w0,2025-04-01,lead_week,8,0.8955939246263166,1518063,158495
trim10_w0,2025-04-01,lead_week,9,0.8910337378463987,1125798,122674
q40_w0,2025-04-01,route,1,0.86641116991739,1078683,144100
q40_w0,2025-04-01,route,5,,0,0
q40_w0,2025-04-01,route,7,0.8196559150476139,1568973,282955
q40_w0,2025-04-01,route,11,0.8783315004555377,1802266,219279
q40_w0,2025-04-01,route,12,0.8688656366228451,1900890,249272
q40_w0,2025-04-01,route,17,0.8413478830816871,2682933,425653
q40_w0,2025-04-01,route,25,0.7834807892291481,433689,93902
q40_w0,2025-04-01,route,26,0.8419845700353669,1083217,171165
q40_w0,2025-04-01,route,28,0.8414289850875922,607816,96382
q40_w0,2025-04-01,route,50,0.8912852782924291,1260832,137071
q40_w0,2025-04-01,month,4,0.8235336092701302,6418378,1132628
q40_w0,2025-04-01,month,5,0.8854924102483602,6000921,687151
q40_w0,2025-04-01,lead_week,1,0.6772386505622657,1392580,449471
q40_w0,2025-04-01,lead_week,2,0.8481287680582414,1494470,226967
q40_w0,2025-04-01,lead_week,3,0.8844099135839171,1574244,181967
q40_w0,2025-04-01,lead_week,4,0.8483846769729356,1465063,222126
q40_w0,2025-04-01,lead_week,5,0.8645950886387346,1172343,158741
q40_w0,2025-04-01,lead_week,6,0.8640758374789163,1170925,159157
q40_w0,2025-04-01,lead_week,7,0.9088014248781223,1505813,137328
q40_w0,2025-04-01,lead_week,8,0.8935327453471957,1518063,161624
q40_w0,2025-04-01,lead_week,9,0.8912788972799739,1125798,122398
q60_w0,2025-04-01,route,1,0.8752886621926924,1078683,134524
q60_w0,2025-04-01,route,5,,0,0
q60_w0,2025-04-01,route,7,0.8450247391127828,1568973,243152
q60_w0,2025-04-01,route,11,0.8732506744287469,1802266,228436
q60_w0,2025-04-01,route,12,0.8652026156168953,1900890,256235
q60_w0,2025-04-01,route,17,0.8353335696418808,2682933,441789
q60_w0,2025-04-01,route,25,0.8121257398735038,433689,81479
q60_w0,2025-04-01,route,26,0.8552441477561744,1083217,156802
q60_w0,2025-04-01,route,28,0.8518482567092673,607816,90049
q60_w0,2025-04-01,route,50,0.8886925458744702,1260832,140340
q60_w0,2025-04-01,month,4,0.8346449835145265,6418378,1061311
q60_w0,2025-04-01,month,5,0.8814356996201083,6000921,711495
q60_w0,2025-04-01,lead_week,1,0.6694258139568283,1392580,460351
q60_w0,2025-04-01,lead_week,2,0.8666758114916994,1494470,199249
q60_w0,2025-04-01,lead_week,3,0.9057166487533064,1574244,148425
q60_w0,2025-04-01,lead_week,4,0.8600674510242904,1465063,205010
q60_w0,2025-04-01,lead_week,5,0.8507740482094404,1172343,174944
q60_w0,2025-04-01,lead_week,6,0.8499066976962658,1170925,175748
q60_w0,2025-04-01,lead_week,7,0.9133146014810604,1505813,130532
q60_w0,2025-04-01,lead_week,8,0.8980490269507919,1518063,154768
q60_w0,2025-04-01,lead_week,9,0.890052211853281,1125798,123779
exp_h7_s0_d0.0,2025-04-01,route,1,0.8625518340420679,1078683,148263
exp_h7_s0_d0.0,2025-04-01,route,5,,0,0
exp_h7_s0_d0.0,2025-04-01,route,7,0.8442885887774997,1568973,244307
exp_h7_s0_d0.0,2025-04-01,route,11,0.8527026532154521,1802266,265469
exp_h7_s0_d0.0,2025-04-01,route,12,0.8445070466991778,1900890,295575
exp_h7_s0_d0.0,2025-04-01,route,17,0.823103297771506,2682933,474602
exp_h7_s0_d0.0,2025-04-01,route,25,0.8123632372506566,433689,81376
exp_h7_s0_d0.0,2025-04-01,route,26,0.8246057807438398,1083217,189990
exp_h7_s0_d0.0,2025-04-01,route,28,0.8418978769890888,607816,96097
exp_h7_s0_d0.0,2025-04-01,route,50,0.8806748242430396,1260832,150449
exp_h7_s0_d0.0,2025-04-01,month,4,0.827169886223591,6418378,1109289
exp_h7_s0_d0.0,2025-04-01,month,5,0.8605482391786194,6000921,836839
exp_h7_s0_d0.0,2025-04-01,lead_week,1,0.6586393600367663,1392580,475372
exp_h7_s0_d0.0,2025-04-01,lead_week,2,0.8612886173693683,1494470,207300
exp_h7_s0_d0.0,2025-04-01,lead_week,3,0.9018462195187023,1574244,154518
exp_h7_s0_d0.0,2025-04-01,lead_week,4,0.8498897317043704,1465063,219921
exp_h7_s0_d0.0,2025-04-01,lead_week,5,0.81423184170503,1172343,217784
exp_h7_s0_d0.0,2025-04-01,lead_week,6,0.8158566944936696,1170925,215618
exp_h7_s0_d0.0,2025-04-01,lead_week,7,0.897740954554118,1505813,153983
exp_h7_s0_d0.0,2025-04-01,lead_week,8,0.8892345047603426,1518063,168149
exp_h7_s0_d0.0,2025-04-01,lead_week,9,0.8814325482901906,1125798,133483
exp_h7_s0_d0.5,2025-04-01,route,1,0.8679908740566042,1078683,142396
exp_h7_s0_d0.5,2025-04-01,route,5,,0,0
exp_h7_s0_d0.5,2025-04-01,route,7,0.8512326215938706,1568973,233412
exp_h7_s0_d0.5,2025-04-01,route,11,0.8644478672959486,1802266,244301
exp_h7_s0_d0.5,2025-04-01,route,12,0.8606542198654314,1900890,264881
exp_h7_s0_d0.5,2025-04-01,route,17,0.8242453315084648,2682933,471538
exp_h7_s0_d0.5,2025-04-01,route,25,0.821146028605752,433689,77567
exp_h7_s0_d0.5,2025-04-01,route,26,0.831163100283692,1083217,182887
exp_h7_s0_d0.5,2025-04-01,route,28,0.8509993155823473,607816,90565
exp_h7_s0_d0.5,2025-04-01,route,50,0.8857389406360244,1260832,144064
exp_h7_s0_d0.5,2025-04-01,month,4,0.8368709353048387,6418378,1047024
exp_h7_s0_d0.5,2025-04-01,month,5,0.8659227475249216,6000921,804587
exp_h7_s0_d0.5,2025-04-01,lead_week,1,0.67289635065849,1392580,455518
exp_h7_s0_d0.5,2025-04-01,lead_week,2,0.8697263912959109,1494470,194690
exp_h7_s0_d0.5,2025-04-01,lead_week,3,0.9082531043472295,1574244,144432
exp_h7_s0_d0.5,2025-04-01,lead_week,4,0.859838791915433,1465063,205345
exp_h7_s0_d0.5,2025-04-01,lead_week,5,0.8214276879718649,1172343,209348
exp_h7_s0_d0.5,2025-04-01,lead_week,6,0.8224121954864744,1170925,207942
exp_h7_s0_d0.5,2025-04-01,lead_week,7,0.9045319704372322,1505813,143757
exp_h7_s0_d0.5,2025-04-01,lead_week,8,0.8933700380023754,1518063,161871
exp_h7_s0_d0.5,2025-04-01,lead_week,9,0.8856739841428036,1125798,128708
exp_h7_s0_d1.0,2025-04-01,route,1,0.867947302404877,1078683,142443
exp_h7_s0_d1.0,2025-04-01,route,5,,0,0
exp_h7_s0_d1.0,2025-04-01,route,7,0.8537297964974541,1568973,229494
exp_h7_s0_d1.0,2025-04-01,route,11,0.8670174103045832,1802266,239670
exp_h7_s0_d1.0,2025-04-01,route,12,0.8652594311085859,1900890,256127
exp_h7_s0_d1.0,2025-04-01,route,17,0.8211244932318473,2682933,479911
exp_h7_s0_d1.0,2025-04-01,route,25,0.8236339865664105,433689,76488
exp_h7_s0_d1.0,2025-04-01,route,26,0.8327177287653351,1083217,181203
exp_h7_s0_d1.0,2025-04-01,route,28,0.8541367782355187,607816,88658
exp_h7_s0_d1.0,2025-04-01,route,50,0.884557974416893,1260832,145553
exp_h7_s0_d1.0,2025-04-01,month,4,0.8398860272797894,6418378,1027672
exp_h7_s0_d1.0,2025-04-01,month,5,0.8647082672809724,6000921,811875
exp_h7_s0_d1.0,2025-04-01,lead_week,1,0.6825977681713079,1392580,442008
exp_h7_s0_d1.0,2025-04-01,lead_week,2,0.8694292960046036,1494470,195134
exp_h7_s0_d1.0,2025-04-01,lead_week,3,0.9086710827546429,1574244,143774
exp_h7_s0_d1.0,2025-04-01,lead_week,4,0.8618264197512325,1465063,202433
exp_h7_s0_d1.0,2025-04-01,lead_week,5,0.8237196793088712,1172343,206661
exp_h7_s0_d1.0,2025-04-01,lead_week,6,0.8223771804342721,1170925,207983
exp_h7_s0_d1.0,2025-04-01,lead_week,7,0.903502626156103,1505813,145307
exp_h7_s0_d1.0,2025-04-01,lead_week,8,0.8900790019913535,1518063,166867
exp_h7_s0_d1.0,2025-04-01,lead_week,9,0.8850770742175772,1125798,129380
exp_h14_s0_d0.0,2025-04-01,route,1,0.8709472569791125,1078683,139207
exp_h14_s0_d0.0,2025-04-01,route,5,,0,0
exp_h14_s0_d0.0,2025-04-01,route,7,0.8492051807137535,1568973,236593
exp_h14_s0_d0.0,2025-04-01,route,11,0.8647563678169593,1802266,243745
exp_h14_s0_d0.0,2025-04-01,route,12,0.8579560100794891,1900890,270010
exp_h14_s0_d0.0,2025-04-01,route,17,0.8281790860971929,2682933,460984
exp_h14_s0_d0.0,2025-04-01,route,25,0.8184828298619518,433689,78722
exp_h14_s0_d0.0,2025-04-01,route,26,0.8418433240984955,1083217,171318
exp_h14_s0_d0.0,2025-04-01,route,28,0.8477252984455822,607816,92555
exp_h14_s0_d0.0,2025-04-01,route,50,0.8862116443745083,1260832,143468
exp_h14_s0_d0.0,2025-04-01,month,4,0.8333876565076099,6418378,1069381
exp_h14_s0_d0.0,2025-04-01,month,5,0.8721494583914702,6000921,767221
exp_h14_s0_d0.0,2025-04-01,lead_week,1,0.6654935443565182,1392580,465827
exp_h14_s0_d0.0,2025-04-01,lead_week,2,0.8679391356132944,1494470,197361
exp_h14_s0_d0.0,2025-04-01,lead_week,3,0.9060609409977106,1574244,147883
exp_h14_s0_d0.0,2025-04-01,lead_week,4,0.8573453837821309,1465063,208998
exp_h14_s0_d0.0,2025-04-01,lead_week,5,0.8311936011900953,1172343,197899
exp_h14_s0_d0.0,2025-04-01,lead_week,6,0.8340107180220766,1170925,194361
exp_h14_s0_d0.0,2025-04-01,lead_week,7,0.9079394320543122,1505813,138626
exp_h14_s0_d0.0,2025-04-01,lead_week,8,0.8962454127397874,1518063,157506
exp_h14_s0_d0.0,2025-04-01,lead_week,9,0.8861776268922134,1125798,128141
exp_h14_s0_d0.5,2025-04-01,route,1,0.8743449187574106,1078683,135542
exp_h14_s0_d0.5,2025-04-01,route,5,,0,0
exp_h14_s0_d0.5,2025-04-01,route,7,0.8517233884840594,1568973,232642
exp_h14_s0_d0.5,2025-04-01,route,11,0.8692440516549721,1802266,235657
exp_h14_s0_d0.5,2025-04-01,route,12,0.8649506283898595,1900890,256714
exp_h14_s0_d0.5,2025-04-01,route,17,0.8280821772291742,2682933,461244
exp_h14_s0_d0.5,2025-04-01,route,25,0.8231036526174287,433689,76718
exp_h14_s0_d0.5,2025-04-01,route,26,0.846604143029513,1083217,166161
exp_h14_s0_d0.5,2025-04-01,route,28,0.853151282625005,607816,89257
exp_h14_s0_d0.5,2025-04-01,route,50,0.888157185096825,1260832,141015
exp_h14_s0_d0.5,2025-04-01,month,4,0.838686191433412,6418378,1035373
exp_h14_s0_d0.5,2025-04-01,month,5,0.873423262862484,6000921,759577
exp_h14_s0_d0.5,2025-04-01,lead_week,1,0.6717854629536544,1392580,457065
exp_h14_s0_d0.5,2025-04-01,lead_week,2,0.8724450808647882,1494470,190627
exp_h14_s0_d0.5,2025-04-01,lead_week,3,0.9101454412403668,1574244,141453
exp_h14_s0_d0.5,2025-04-01,lead_week,4,0.8633683329658861,1465063,200174
exp_h14_s0_d0.5,2025-04-01,lead_week,5,0.8337457552951653,1172343,194907
exp_h14_s0_d0.5,2025-04-01,lead_week,6,0.8350184683049726,1170925,193181
exp_h14_s0_d0.5,2025-04-01,lead_week,7,0.9105200977810658,1505813,134740
exp_h14_s0_d0.5,2025-04-01,lead_week,8,0.8971821327573362,1518063,156084
exp_h14_s0_d0.5,2025-04-01,lead_week,9,0.8874407309304155,1125798,126719
exp_h14_s0_d1.0,2025-04-01,route,1,0.8744246456095072,1078683,135456
exp_h14_s0_d1.0,2025-04-01,route,5,,0,0
exp_h14_s0_d1.0,2025-04-01,route,7,0.8511816328260589,1568973,233492
exp_h14_s0_d1.0,2025-04-01,route,11,0.8682281083924348,1802266,237488
exp_h14_s0_d1.0,2025-04-01,route,12,0.8650984538821289,1900890,256433
exp_h14_s0_d1.0,2025-04-01,route,17,0.8242207315650447,2682933,471604
exp_h14_s0_d1.0,2025-04-01,route,25,0.8233180919967995,433689,76625
exp_h14_s0_d1.0,2025-04-01,route,26,0.8471903598263322,1083217,165526
exp_h14_s0_d1.0,2025-04-01,route,28,0.8549478789633704,607816,88165
exp_h14_s0_d1.0,2025-04-01,route,50,0.8848498451815944,1260832,145185
exp_h14_s0_d1.0,2025-04-01,month,4,0.8390836438738885,6418378,1032822
exp_h14_s0_d1.0,2025-04-01,month,5,0.8704945457538935,6000921,777152
exp_h14_s0_d1.0,2025-04-01,lead_week,1,0.6752696433957115,1392580,452213
exp_h14_s0_d1.0,2025-04-01,lead_week,2,0.869723045628216,1494470,194695
exp_h14_s0_d1.0,2025-04-01,lead_week,3,0.9093907932950673,1574244,142641
exp_h14_s0_d1.0,2025-04-01,lead_week,4,0.8640945815981975,1465063,199110
exp_h14_s0_d1.0,2025-04-01,lead_week,5,0.8333678795369615,1172343,195350
exp_h14_s0_d1.0,2025-04-01,lead_week,6,0.8327185771932446,1170925,195874
exp_h14_s0_d1.0,2025-04-01,lead_week,7,0.9078079416235615,1505813,138824
exp_h14_s0_d1.0,2025-04-01,lead_week,8,0.8925064374798675,1518063,163182
exp_h14_s0_d1.0,2025-04-01,lead_week,9,0.8862273693859822,1125798,128085
exp_h28_s0_d0.0,2025-04-01,route,1,0.870542133323692,1078683,139644
exp_h28_s0_d0.0,2025-04-01,route,5,,0,0
exp_h28_s0_d0.0,2025-04-01,route,7,0.8449183000599756,1568973,243319
exp_h28_s0_d0.0,2025-04-01,route,11,0.875721452882094,1802266,223983
exp_h28_s0_d0.0,2025-04-01,route,12,0.8666072208281383,1900890,253565
exp_h28_s0_d0.0,2025-04-01,route,17,0.8331542382907065,2682933,447636
exp_h28_s0_d0.0,2025-04-01,route,25,0.8159994835008497,433689,79799
exp_h28_s0_d0.0,2025-04-01,route,26,0.8512661821223264,1083217,161111
exp_h28_s0_d0.0,2025-04-01,route,28,0.8489213841030838,607816,91828
exp_h28_s0_d0.0,2025-04-01,route,50,0.8925582472526078,1260832,135466
exp_h28_s0_d0.0,2025-04-01,month,4,0.8340144503798311,6418378,1065358
exp_h28_s0_d0.0,2025-04-01,month,5,0.8815193534459127,6000921,710993
exp_h28_s0_d0.0,2025-04-01,lead_week,1,0.6730651021844347,1392580,455283
exp_h28_s0_d0.0,2025-04-01,lead_week,2,0.8659665299403803,1494470,200309
exp_h28_s0_d0.0,2025-04-01,lead_week,3,0.9015444873856912,1574244,154993
exp_h28_s0_d0.0,2025-04-01,lead_week,4,0.858251829443512,1465063,207670
exp_h28_s0_d0.0,2025-04-01,lead_week,5,0.8473731663856056,1172343,178931
exp_h28_s0_d0.0,2025-04-01,lead_week,6,0.8510502380596536,1170925,174409
exp_h28_s0_d0.0,2025-04-01,lead_week,7,0.9134806247522103,1505813,130282
exp_h28_s0_d0.0,2025-04-01,lead_week,8,0.8997287991341598,1518063,152218
exp_h28_s0_d0.0,2025-04-01,lead_week,9,0.8914050300320306,1125798,122256
exp_h28_s0_d0.5,2025-04-01,route,1,0.8752154247355339,1078683,134603
exp_h28_s0_d0.5,2025-04-01,route,5,,0,0
exp_h28_s0_d0.5,2025-04-01,route,7,0.8479393845528254,1568973,238579
exp_h28_s0_d0.5,2025-04-01,route,11,0.8758934585682691,1802266,223673
exp_h28_s0_d0.5,2025-04-01,route,12,0.8700298281331377,1900890,247059
exp_h28_s0_d0.5,2025-04-01,route,17,0.8336067281590707,2682933,446422
exp_h28_s0_d0.5,2025-04-01,route,25,0.81901777541049,433689,78490
exp_h28_s0_d0.5,2025-04-01,route,26,0.8545739219380789,1083217,157528
exp_h28_s0_d0.5,2025-04-01,route,28,0.8539722547613093,607816,88758
exp_h28_s0_d0.5,2025-04-01,route,50,0.8922854115377782,1260832,135810
exp_h28_s0_d0.5,2025-04-01,month,4,0.8380648506522987,6418378,1039361
exp_h28_s0_d0.5,2025-04-01,month,5,0.8814247013083492,6000921,711561
exp_h28_s0_d0.5,2025-04-01,lead_week,1,0.6756365882031912,1392580,451702
exp_h28_s0_d0.5,2025-04-01,lead_week,2,0.8692004523342723,1494470,195476
exp_h28_s0_d0.5,2025-04-01,lead_week,3,0.90623054621774,1574244,147616
exp_h28_s0_d0.5,2025-04-01,lead_week,4,0.8637553470396836,1465063,199607
exp_h28_s0_d0.5,2025-04-01,lead_week,5,0.8482645437384793,1172343,177886
exp_h28_s0_d0.5,2025-04-01,lead_week,6,0.850137284625403,1170925,175478
exp_h28_s0_d0.5,2025-04-01,lead_week,7,0.9150392512217652,1505813,127935
exp_h28_s0_d0.5,2025-04-01,lead_week,8,0.8993882335581593,1518063,152735
exp_h28_s0_d0.5,2025-04-01,lead_week,9,0.8911998422452341,1125798,122487
exp_h28_s0_d1.0,2025-04-01,route,1,0.8770964222111594,1078683,132574
exp_h28_s0_d1.0,2025-04-01,route,5,,0,0
exp_h28_s0_d1.0,2025-04-01,route,7,0.8484384371177834,1568973,237796
exp_h28_s0_d1.0,2025-04-01,route,11,0.8718885003656508,1802266,230891
exp_h28_s0_d1.0,2025-04-01,route,12,0.8679944657502539,1900890,250928
exp_h28_s0_d1.0,2025-04-01,route,17,0.8300330272876736,2682933,456010
exp_h28_s0_d1.0,2025-04-01,route,25,0.818346787675039,433689,78781
exp_h28_s0_d1.0,2025-04-01,route,26,0.854730861867936,1083217,157358
exp_h28_s0_d1.0,2025-04-01,route,28,0.8558544033062637,607816,87614
exp_h28_s0_d1.0,2025-04-01,route,50,0.8865978972614909,1260832,142981
exp_h28_s0_d1.0,2025-04-01,month,4,0.837963734762895,6418378,1040010
exp_h28_s0_d1.0,2025-04-01,month,5,0.8775316322277864,6000921,734923
exp_h28_s0_d1.0,2025-04-01,lead_week,1,0.6759166439270994,1392580,451312
exp_h28_s0_d1.0,2025-04-01,lead_week,2,0.8669401192395967,1494470,198854
exp_h28_s0_d1.0,2025-04-01,lead_week,3,0.9065659453045398,1574244,147088
exp_h28_s0_d1.0,2025-04-01,lead_week,4,0.8643587340612656,1465063,198723
exp_h28_s0_d1.0,2025-04-01,lead_week,5,0.8463291033426225,1172343,180155
exp_h28_s0_d1.0,2025-04-01,lead_week,6,0.8466332173281808,1170925,179581
exp_h28_s0_d1.0,2025-04-01,lead_week,7,0.9111968086342727,1505813,133721
exp_h28_s0_d1.0,2025-04-01,lead_week,8,0.8944635367570384,1518063,160211
exp_h28_s0_d1.0,2025-04-01,lead_week,9,0.8887118292979735,1125798,125288
exp_h56_s0_d0.0,2025-04-01,route,1,0.8642325873310324,1078683,146450
exp_h56_s0_d0.0,2025-04-01,route,5,,0,0
exp_h56_s0_d0.0,2025-04-01,route,7,0.836410824150575,1568973,256667
exp_h56_s0_d0.0,2025-04-01,route,11,0.880303462418977,1802266,215725
exp_h56_s0_d0.0,2025-04-01,route,12,0.8685263218808033,1900890,249917
exp_h56_s0_d0.0,2025-04-01,route,17,0.8336719552817755,2682933,446247
exp_h56_s0_d0.0,2025-04-01,route,25,0.8083234760392817,433689,83128
exp_h56_s0_d0.0,2025-04-01,route,26,0.8500512824300209,1083217,162427
exp_h56_s0_d0.0,2025-04-01,route,28,0.8467101886097108,607816,93172
exp_h56_s0_d0.0,2025-04-01,route,50,0.8934671708839877,1260832,134320
exp_h56_s0_d0.0,2025-04-01,month,4,0.8296684925693064,6418378,1093252
exp_h56_s0_d0.0,2025-04-01,month,5,0.884217605930823,6000921,694801
exp_h56_s0_d0.0,2025-04-01,lead_week,1,0.678457252007066,1392580,447774
exp_h56_s0_d0.0,2025-04-01,lead_week,2,0.8578733597864125,1494470,212404
exp_h56_s0_d0.0,2025-04-01,lead_week,3,0.8930407230391223,1574244,168380
exp_h56_s0_d0.0,2025-04-01,lead_week,4,0.8529121273283129,1465063,215493
exp_h56_s0_d0.0,2025-04-01,lead_week,5,0.8547489941083796,1172343,170284
exp_h56_s0_d0.0,2025-04-01,lead_week,6,0.8593402651749685,1170925,164702
exp_h56_s0_d0.0,2025-04-01,lead_week,7,0.9120720833197747,1505813,132403
exp_h56_s0_d0.0,2025-04-01,lead_week,8,0.8978520654281147,1518063,155067
exp_h56_s0_d0.0,2025-04-01,lead_week,9,0.8920356937923144,1125798,121546
exp_h56_s0_d0.5,2025-04-01,route,1,0.8728078592135039,1078683,137200
exp_h56_s0_d0.5,2025-04-01,route,5,,0,0
exp_h56_s0_d0.5,2025-04-01,route,7,0.8428398704120466,1568973,246580
exp_h56_s0_d0.5,2025-04-01,route,11,0.8796648219519205,1802266,216876
exp_h56_s0_d0.5,2025-04-01,route,12,0.8723145473962197,1900890,242716
exp_h56_s0_d0.5,2025-04-01,route,17,0.8368811297188562,2682933,437637
exp_h56_s0_d0.5,2025-04-01,route,25,0.8125661476311365,433689,81288
exp_h56_s0_d0.5,2025-04-01,route,26,0.8550872078263173,1083217,156972
exp_h56_s0_d0.5,2025-04-01,route,28,0.8531858325545889,607816,89236
exp_h56_s0_d0.5,2025-04-01,route,50,0.8943641976091977,1260832,133189
exp_h56_s0_d0.5,2025-04-01,month,4,0.8356639325387193,6418378,1054771
exp_h56_s0_d0.5,2025-04-01,month,5,0.8855304044162554,6000921,686923
exp_h56_s0_d0.5,2025-04-01,lead_week,1,0.6794216490255497,1392580,446431
exp_h56_s0_d0.5,2025-04-01,lead_week,2,0.8641023239007809,1494470,203095
exp_h56_s0_d0.5,2025-04-01,lead_week,3,0.9005459128318101,1574244,156565
exp_h56_s0_d0.5,2025-04-01,lead_week,4,0.8612059686170492,1465063,203342
exp_h56_s0_d0.5,2025-04-01,lead_week,5,0.856857592018718,1172343,167812
exp_h56_s0_d0.5,2025-04-01,lead_week,6,0.8595469393855285,1170925,164460
exp_h56_s0_d0.5,2025-04-01,lead_week,7,0.9158076069206469,1505813,126778
exp_h56_s0_d0.5,2025-04-01,lead_week,8,0.8993480507725964,1518063,152796
exp_h56_s0_d0.5,2025-04-01,lead_week,9,0.893040314514682,1125798,120415
exp_h56_s0_d1.0,2025-04-01,route,1,0.8770472882209138,1078683,132627
exp_h56_s0_d1.0,2025-04-01,route,5,,0,0
exp_h56_s0_d1.0,2025-04-01,route,7,0.8461286459359084,1568973,241420
exp_h56_s0_d1.0,2025-04-01,route,11,0.8738821017541251,1802266,227298
exp_h56_s0_d1.0,2025-04-01,route,12,0.8696915655298307,1900890,247702
exp_h56_s0_d1.0,2025-04-01,route,17,0.8340692816406522,2682933,445181
exp_h56_s0_d1.0,2025-04-01,route,25,0.8125269490349075,433689,81305
exp_h56_s0_d1.0,2025-04-01,route,26,0.8556364975808172,1083217,156377
exp_h56_s0_d1.0,2025-04-01,route,28,0.8560255077194414,607816,87510
exp_h56_s0_d1.0,2025-04-01,route,50,0.8878280373594579,1260832,141430
exp_h56_s0_d1.0,2025-04-01,month,4,0.8364882841116557,6418378,1049480
exp_h56_s0_d1.0,2025-04-01,month,5,0.8814565297560157,6000921,711370
exp_h56_s0_d1.0,2025-04-01,lead_week,1,0.6776486808657312,1392580,448900
exp_h56_s0_d1.0,2025-04-01,lead_week,2,0.8636345995570336,1494470,203794
exp_h56_s0_d1.0,2025-04-01,lead_week,3,0.9030137640670697,1574244,152680
exp_h56_s0_d1.0,2025-04-01,lead_week,4,0.863616103880857,1465063,199811
exp_h56_s0_d1.0,2025-04-01,lead_week,5,0.8542977609795086,1172343,170813
exp_h56_s0_d1.0,2025-04-01,lead_week,6,0.8556551444370903,1170925,169017
exp_h56_s0_d1.0,2025-04-01,lead_week,7,0.9124028016759053,1505813,131905
exp_h56_s0_d1.0,2025-04-01,lead_week,8,0.8944635367570384,1518063,160211
exp_h56_s0_d1.0,2025-04-01,lead_week,9,0.890105507382319,1125798,123719
exp_h112_s0_d0.0,2025-04-01,route,1,0.8583485602350274,1078683,152797
exp_h112_s0_d0.0,2025-04-01,route,5,,0,0
exp_h112_s0_d0.0,2025-04-01,route,7,0.829354616045018,1568973,267738
exp_h112_s0_d0.0,2025-04-01,route,11,0.8805303989533176,1802266,215316
exp_h112_s0_d0.0,2025-04-01,route,12,0.8670712140102794,1900890,252683
exp_h112_s0_d0.0,2025-04-01,route,17,0.8319246138461154,2682933,450935
exp_h112_s0_d0.0,2025-04-01,route,25,0.8022177182266554,433689,85776
exp_h112_s0_d0.0,2025-04-01,route,26,0.8452313802312925,1083217,167648
exp_h112_s0_d0.0,2025-04-01,route,28,0.8440630059096832,607816,94781
exp_h112_s0_d0.0,2025-04-01,route,50,0.8912257937615796,1260832,137146
exp_h112_s0_d0.0,2025-04-01,month,4,0.8249568660493352,6418378,1123493
exp_h112_s0_d0.0,2025-04-01,month,5,0.8831301061953657,6000921,701327
exp_h112_s0_d0.0,2025-04-01,lead_week,1,0.6811263984833905,1392580,444057
exp_h112_s0_d0.0,2025-04-01,lead_week,2,0.8504292491652559,1494470,223529
exp_h112_s0_d0.0,2025-04-01,lead_week,3,0.886192356458084,1574244,179161
exp_h112_s0_d0.0,2025-04-01,lead_week,4,0.8470195479648316,1465063,224126
exp_h112_s0_d0.0,2025-04-01,lead_week,5,0.8564541264800489,1172343,168285
exp_h112_s0_d0.0,2025-04-01,lead_week,6,0.8616162435681192,1170925,162037
exp_h112_s0_d0.0,2025-04-01,lead_week,7,0.9080709224850629,1505813,138428
exp_h112_s0_d0.0,2025-04-01,lead_week,8,0.8940729073826317,1518063,160804
exp_h112_s0_d0.0,2025-04-01,lead_week,9,0.8895068209394581,1125798,124393
exp_h112_s0_d0.5,2025-04-01,route,1,0.8702464023257992,1078683,139963
exp_h112_s0_d0.5,2025-04-01,route,5,,0,0
exp_h112_s0_d0.5,2025-04-01,route,7,0.8387212526920476,1568973,253042
exp_h112_s0_d0.5,2025-04-01,route,11,0.880853325757685,1802266,214734
exp_h112_s0_d0.5,2025-04-01,route,12,0.8726280847392537,1900890,242120
exp_h112_s0_d0.5,2025-04-01,route,17,0.8380123543897667,2682933,434602
exp_h112_s0_d0.5,2025-04-01,route,25,0.8077770014918525,433689,83365
exp_h112_s0_d0.5,2025-04-01,route,26,0.8530405265057694,1083217,159189
exp_h112_s0_d0.5,2025-04-01,route,28,0.8521855298313963,607816,89844
exp_h112_s0_d0.5,2025-04-01,route,50,0.8945846869368798,1260832,132911
exp_h112_s0_d0.5,2025-04-01,month,4,0.833368336984827,6418378,1069505
exp_h112_s0_d0.5,2025-04-01,month,5,0.886639900775231,6000921,680265
exp_h112_s0_d0.5,2025-04-01,lead_week,1,0.6815953122980367,1392580,443404
exp_h112_s0_d0.5,2025-04-01,lead_week,2,0.8601524286201797,1494470,208998
exp_h112_s0_d0.5,2025-04-01,lead_week,3,0.8962333666191518,1574244,163354
exp_h112_s0_d0.5,2025-04-01,lead_week,4,0.8583303243614779,1465063,207555
exp_h112_s0_d0.5,2025-04-01,lead_week,5,0.8604828109179652,1172343,163562
exp_h112_s0_d0.5,2025-04-01,lead_week,6,0.863774366419711,1170925,159510
exp_h112_s0_d0.5,2025-04-01,lead_week,7,0.9146554054188667,1505813,128513
exp_h112_s0_d0.5,2025-04-01,lead_week,8,0.8981432259398984,1518063,154625
exp_h112_s0_d0.5,2025-04-01,lead_week,9,0.893187765478354,1125798,120249
exp_h112_s0_d1.0,2025-04-01,route,1,0.8763445794547611,1078683,133385
exp_h112_s0_d1.0,2025-04-01,route,5,,0,0
exp_h112_s0_d1.0,2025-04-01,route,7,0.844287951417902,1568973,244308
exp_h112_s0_d1.0,2025-04-01,route,11,0.8745712342129297,1802266,226056
exp_h112_s0_d1.0,2025-04-01,route,12,0.8701697625848944,1900890,246793
exp_h112_s0_d1.0,2025-04-01,route,17,0.8361039951426293,2682933,439722
exp_h112_s0_d1.0,2025-04-01,route,25,0.8090382739705181,433689,82818
exp_h112_s0_d1.0,2025-04-01,route,26,0.8549108811992426,1083217,157163
exp_h112_s0_d1.0,2025-04-01,route,28,0.8558017557945168,607816,87646
exp_h112_s0_d1.0,2025-04-01,route,50,0.888376088170351,1260832,140739
exp_h112_s0_d1.0,2025-04-01,month,4,0.8353951730483933,6418378,1056496
exp_h112_s0_d1.0,2025-04-01,month,5,0.8829956268379471,6000921,702134
exp_h112_s0_d1.0,2025-04-01,lead_week,1,0.6786942222349883,1392580,447444
exp_h112_s0_d1.0,2025-04-01,lead_week,2,0.8615000635676862,1494470,206984
exp_h112_s0_d1.0,2025-04-01,lead_week,3,0.9006291273779669,1574244,156434
exp_h112_s0_d1.0,2025-04-01,lead_week,4,0.8626891812843543,1465063,201169
exp_h112_s0_d1.0,2025-04-01,lead_week,5,0.8578547404641815,1172343,166643
exp_h112_s0_d1.0,2025-04-01,lead_week,6,0.8597732561863484,1170925,164195
exp_h112_s0_d1.0,2025-04-01,lead_week,7,0.9125462457821788,1505813,131689
exp_h112_s0_d1.0,2025-04-01,lead_week,8,0.8939971529508327,1518063,160919
exp_h112_s0_d1.0,2025-04-01,lead_week,9,0.8906082618729114,1125798,123153
mean_s0_d0.0,2025-04-01,route,1,0.8501811931772356,1078683,161607
mean_s0_d0.0,2025-04-01,route,5,,0,0
mean_s0_d0.0,2025-04-01,route,7,0.8203276920635345,1568973,281901
mean_s0_d0.0,2025-04-01,route,11,0.8783459267388942,1802266,219253
mean_s0_d0.0,2025-04-01,route,12,0.8638348352613776,1900890,258835
mean_s0_d0.0,2025-04-01,route,17,0.8288332209563191,2682933,459229
mean_s0_d0.0,2025-04-01,route,25,0.7942604031921492,433689,89227
mean_s0_d0.0,2025-04-01,route,26,0.8366763077019655,1083217,176915
mean_s0_d0.0,2025-04-01,route,28,0.840130894876081,607816,97171
mean_s0_d0.0,2025-04-01,route,50,0.8862156100098982,1260832,143463
mean_s0_d0.0,2025-04-01,month,4,0.8182346069365188,6418378,1166639
mean_s0_d0.0,2025-04-01,month,5,0.8798581084470201,6000921,720962
mean_s0_d0.0,2025-04-01,lead_week,1,0.6832541038934927,1392580,441094
mean_s0_d0.0,2025-04-01,lead_week,2,0.8405601985988344,1494470,238278
mean_s0_d0.0,2025-04-01,lead_week,3,0.8773011045301745,1574244,193158
mean_s0_d0.0,2025-04-01,lead_week,4,0.8384895393576932,1465063,236623
mean_s0_d0.0,2025-04-01,lead_week,5,0.856599988228701,1172343,168114
mean_s0_d0.0,2025-04-01,lead_week,6,0.8622080833529048,1170925,161344
mean_s0_d0.0,2025-04-01,lead_week,7,0.9013363545141395,1505813,148569
mean_s0_d0.0,2025-04-01,lead_week,8,0.8879144014444723,1518063,170153
mean_s0_d0.0,2025-04-01,lead_week,9,0.8842883003878138,1125798,130268
mean_s0_d0.5,2025-04-01,route,1,0.866390774676156,1078683,144122
mean_s0_d0.5,2025-04-01,route,5,,0,0
mean_s0_d0.5,2025-04-01,route,7,0.8335012775873135,1568973,261232
mean_s0_d0.5,2025-04-01,route,11,0.8811712588485828,1802266,214161
mean_s0_d0.5,2025-04-01,route,12,0.8720173182035783,1900890,243281
mean_s0_d0.5,2025-04-01,route,17,0.838348926342924,2682933,433699
mean_s0_d0.5,2025-04-01,route,25,0.8020493948428482,433689,85849
mean_s0_d0.5,2025-04-01,route,26,0.8486979063290181,1083217,163893
mean_s0_d0.5,2025-04-01,route,28,0.8505501664977559,607816,90838
mean_s0_d0.5,2025-04-01,route,50,0.8937455584883632,1260832,133969
mean_s0_d0.5,2025-04-01,month,4,0.8300379005412271,6418378,1090881
mean_s0_d0.5,2025-04-01,month,5,0.8866568981661315,6000921,680163
mean_s0_d0.5,2025-04-01,lead_week,1,0.6837266081661377,1392580,440436
mean_s0_d0.5,2025-04-01,lead_week,2,0.8548314787182079,1494470,216950
mean_s0_d0.5,2025-04-01,lead_week,3,0.8908225154423329,1574244,171872
mean_s0_d0.5,2025-04-01,lead_week,4,0.8542294768211333,1465063,213563
mean_s0_d0.5,2025-04-01,lead_week,5,0.8630665257522756,1172343,160533
mean_s0_d0.5,2025-04-01,lead_week,6,0.867285265922241,1170925,155399
mean_s0_d0.5,2025-04-01,lead_week,7,0.911960515681562,1505813,132571
mean_s0_d0.5,2025-04-01,lead_week,8,0.8955306861441192,1518063,158591
mean_s0_d0.5,2025-04-01,lead_week,9,0.892406097719129,1125798,121129
mean_s0_d1.0,2025-04-01,route,1,0.8752858810234332,1078683,134527
mean_s0_d1.0,2025-04-01,route,5,,0,0
mean_s0_d1.0,2025-04-01,route,7,0.8419838964724058,1568973,247923
mean_s0_d1.0,2025-04-01,route,11,0.8750767089874636,1802266,225145
mean_s0_d1.0,2025-04-01,route,12,0.8703880813724097,1900890,246378
mean_s0_d1.0,2025-04-01,route,17,0.8380235361822304,2682933,434572
mean_s0_d1.0,2025-04-01,route,25,0.8049685373620267,433689,84583
mean_s0_d1.0,2025-04-01,route,26,0.8532205458370761,1083217,158994
mean_s0_d1.0,2025-04-01,route,28,0.8553377995972465,607816,87928
mean_s0_d1.0,2025-04-01,route,50,0.8888345156214309,1260832,140161
mean_s0_d1.0,2025-04-01,month,4,0.8340596331347265,6418378,1065068
mean_s0_d1.0,2025-04-01,month,5,0.8841606146789801,6000921,695143
mean_s0_d1.0,2025-04-01,lead_week,1,0.6798101365810223,1392580,445890
mean_s0_d1.0,2025-04-01,lead_week,2,0.8590443434796282,1494470,210654
mean_s0_d1.0,2025-04-01,lead_week,3,0.897883682580337,1574244,160756
mean_s0_d1.0,2025-04-01,lead_week,4,0.8613772923075663,1465063,203091
mean_s0_d1.0,2025-04-01,lead_week,5,0.8610176373296894,1172343,162935
mean_s0_d1.0,2025-04-01,lead_week,6,0.8635582979268527,1170925,159763
mean_s0_d1.0,2025-04-01,lead_week,7,0.9121863073303259,1505813,132231
mean_s0_d1.0,2025-04-01,lead_week,8,0.8932224815439148,1518063,162095
mean_s0_d1.0,2025-04-01,lead_week,9,0.890925370270688,1125798,122796
median_s0_d0.0,2025-04-01,route,1,0.8719855601692064,1078683,138087
median_s0_d0.0,2025-04-01,route,5,,0,0
median_s0_d0.0,2025-04-01,route,7,0.8348244361120299,1568973,259156
median_s0_d0.0,2025-04-01,route,11,0.8781650433398843,1802266,219579
median_s0_d0.0,2025-04-01,route,12,0.8687698919979588,1900890,249454
median_s0_d0.0,2025-04-01,route,17,0.8399758771463917,2682933,429334
median_s0_d0.0,2025-04-01,route,25,0.7998035458588989,433689,86823
median_s0_d0.0,2025-04-01,route,26,0.8532611655836273,1083217,158950
median_s0_d0.0,2025-04-01,route,28,0.8489542887979257,607816,91808
median_s0_d0.0,2025-04-01,route,50,0.891963401944113,1260832,136216
median_s0_d0.0,2025-04-01,month,4,0.8313165725047668,6418378,1082674
median_s0_d0.0,2025-04-01,month,5,0.8855620662228348,6000921,686733
median_s0_d0.0,2025-04-01,lead_week,1,0.67506067874018,1392580,452504
median_s0_d0.0,2025-04-01,lead_week,2,0.8596050773852938,1494470,209816
median_s0_d0.0,2025-04-01,lead_week,3,0.897379313499051,1574244,161550
median_s0_d0.0,2025-04-01,lead_week,4,0.8565433704898697,1465063,210173
median_s0_d0.0,2025-04-01,lead_week,5,0.8606013769007875,1172343,163423
median_s0_d0.0,2025-04-01,lead_week,6,0.8589123983175695,1170925,165203
median_s0_d0.0,2025-04-01,lead_week,7,0.9132953427816071,1505813,130561
median_s0_d0.0,2025-04-01,lead_week,8,0.8980931621414922,1518063,154701
median_s0_d0.0,2025-04-01,lead_week,9,0.8920978719095255,1125798,121476
median_s0_d0.5,2025-04-01,route,1,0.8747148142688816,1078683,135143
median_s0_d0.5,2025-04-01,route,5,,0,0
median_s0_d0.5,2025-04-01,route,7,0.8378933225747034,1568973,254341
median_s0_d0.5,2025-04-01,route,11,0.877439290315636,1802266,220887
median_s0_d0.5,2025-04-01,route,12,0.8701492458795617,1900890,246832
median_s0_d0.5,2025-04-01,route,17,0.8400015952690582,2682933,429265
median_s0_d0.5,2025-04-01,route,25,0.8017703930696882,433689,85970
median_s0_d0.5,2025-04-01,route,26,0.8548194867695023,1083217,157262
median_s0_d0.5,2025-04-01,route,28,0.8534605867565184,607816,89069
median_s0_d0.5,2025-04-01,route,50,0.8916612205273978,1260832,136597
median_s0_d0.5,2025-04-01,month,4,0.8334879933839983,6418378,1068737
median_s0_d0.5,2025-04-01,month,5,0.8855793968959098,6000921,686629
median_s0_d0.5,2025-04-01,lead_week,1,0.6767855347628143,1392580,450102
median_s0_d0.5,2025-04-01,lead_week,2,0.8611748646677417,1494470,207470
median_s0_d0.5,2025-04-01,lead_week,3,0.898780621047309,1574244,159344
median_s0_d0.5,2025-04-01,lead_week,4,0.8600312751055756,1465063,205063
median_s0_d0.5,2025-04-01,lead_week,5,0.8610918476930387,1172343,162848
median_s0_d0.5,2025-04-01,lead_week,6,0.8607272028524457,1170925,163078
median_s0_d0.5,2025-04-01,lead_week,7,0.9140431115948661,1505813,129435
median_s0_d0.5,2025-04-01,lead_week,8,0.8969943935133127,1518063,156369
median_s0_d0.5,2025-04-01,lead_week,9,0.891937097063594,1125798,121657
median_s0_d1.0,2025-04-01,route,1,0.8750531898620818,1078683,134778
median_s0_d1.0,2025-04-01,route,5,,0,0
median_s0_d1.0,2025-04-01,route,7,0.8390482181656409,1568973,252529
median_s0_d1.0,2025-04-01,route,11,0.8736190995113928,1802266,227772
median_s0_d1.0,2025-04-01,route,12,0.8675573021058557,1900890,251759
median_s0_d1.0,2025-04-01,route,17,0.8373038014739839,2682933,436503
median_s0_d1.0,2025-04-01,route,25,0.8010325371406699,433689,86290
median_s0_d1.0,2025-04-01,route,26,0.8528798938716804,1083217,159363
median_s0_d1.0,2025-04-01,route,28,0.8549988812403754,607816,88134
median_s0_d1.0,2025-04-01,route,50,0.8865257226973935,1260832,143072
median_s0_d1.0,2025-04-01,month,4,0.8325003606830261,6418378,1075076
median_s0_d1.0,2025-04-01,month,5,0.8824973699870403,6000921,705124
median_s0_d1.0,2025-04-01,lead_week,1,0.6769866004107483,1392580,449822
median_s0_d1.0,2025-04-01,lead_week,2,0.858713791511372,1494470,211148
median_s0_d1.0,2025-04-01,lead_week,3,0.8967822014884606,1574244,162490
median_s0_d1.0,2025-04-01,lead_week,4,0.85938010856871,1465063,206017
median_s0_d1.0,2025-04-01,lead_week,5,0.8592092928434767,1172343,165055
median_s0_d1.0,2025-04-01,lead_week,6,0.8606289899011466,1170925,163193
median_s0_d1.0,2025-04-01,lead_week,7,0.910431773400814,1505813,134873
median_s0_d1.0,2025-04-01,lead_week,8,0.8922936663366409,1518063,163505
median_s0_d1.0,2025-04-01,lead_week,9,0.8897697455493792,1125798,124097
trim10_s0_d0.0,2025-04-01,route,1,0.8665242708005967,1078683,143978
trim10_s0_d0.0,2025-04-01,route,5,,0,0
trim10_s0_d0.0,2025-04-01,route,7,0.8305636872017556,1568973,265841
trim10_s0_d0.0,2025-04-01,route,11,0.880550373807196,1802266,215280
trim10_s0_d0.0,2025-04-01,route,12,0.8672821678266496,1900890,252282
trim10_s0_d0.0,2025-04-01,route,17,0.8383239536730884,2682933,433766
trim10_s0_d0.0,2025-04-01,route,25,0.7988881433469606,433689,87220
trim10_s0_d0.0,2025-04-01,route,26,0.8479224384403126,1083217,164733
trim10_s0_d0.0,2025-04-01,route,28,0.8463087513326402,607816,93416
trim10_s0_d0.0,2025-04-01,route,50,0.8928493248902312,1260832,135099
trim10_s0_d0.0,2025-04-01,month,4,0.827906365128386,6418378,1104562
trim10_s0_d0.0,2025-04-01,month,5,0.8855087410749116,6000921,687053
trim10_s0_d0.0,2025-04-01,lead_week,1,0.6770526648379267,1392580,449730
trim10_s0_d0.0,2025-04-01,lead_week,2,0.8548502144572993,1494470,216922
trim10_s0_d0.0,2025-04-01,lead_week,3,0.891526345344178,1574244,170764
trim10_s0_d0.0,2025-04-01,lead_week,4,0.8514364228705523,1465063,217655
trim10_s0_d0.0,2025-04-01,lead_week,5,0.8608291259469285,1172343,163156
trim10_s0_d0.0,2025-04-01,lead_week,6,0.8630433204517796,1170925,160366
trim10_s0_d0.0,2025-04-01,lead_week,7,0.9124373345163045,1505813,131853
trim10_s0_d0.0,2025-04-01,lead_week,8,0.8955939246263166,1518063,158495
trim10_s0_d0.0,2025-04-01,lead_week,9,0.8910337378463987,1125798,122674
trim10_s0_d0.5,2025-04-01,route,1,0.8729237412659697,1078683,137075
trim10_s0_d0.5,2025-04-01,route,5,,0,0
trim10_s0_d0.5,2025-04-01,route,7,0.8362336381824289,1568973,256945
trim10_s0_d0.5,2025-04-01,route,11,0.8800443441756101,1802266,216192
trim10_s0_d0.5,2025-04-01,route,12,0.8713134373898542,1900890,244619
trim10_s0_d0.5,2025-04-01,route,17,0.839771250344306,2682933,429883
trim10_s0_d0.5,2025-04-01,route,25,0.8026050925893901,433689,85608
trim10_s0_d0.5,2025-04-01,route,26,0.8523712238637318,1083217,159914
trim10_s0_d0.5,2025-04-01,route,28,0.8528650117798807,607816,89431
trim10_s0_d0.5,2025-04-01,route,50,0.8942365041496408,1260832,133350
trim10_s0_d0.5,2025-04-01,month,4,0.8326800010843861,6418378,1073923
trim10_s0_d0.5,2025-04-01,month,5,0.8868350374884122,6000921,679094
trim10_s0_d0.5,2025-04-01,lead_week,1,0.6782885004811214,1392580,448009
trim10_s0_d0.5,2025-04-01,lead_week,2,0.8594812876805824,1494470,210001
trim10_s0_d0.5,2025-04-01,lead_week,3,0.8966850119803538,1574244,162643
trim10_s0_d0.5,2025-04-01,lead_week,4,0.8585357762771977,1465063,207254
trim10_s0_d0.5,2025-04-01,lead_week,5,0.862481372772303,1172343,161219
trim10_s0_d0.5,2025-04-01,lead_week,6,0.8640570489143199,1170925,159179
trim10_s0_d0.5,2025-04-01,lead_week,7,0.9151528111392317,1505813,127764
trim10_s0_d0.5,2025-04-01,lead_week,8,0.8972440537711545,1518063,155990
trim10_s0_d0.5,2025-04-01,lead_week,9,0.8925579899768875,1125798,120958
trim10_s0_d1.0,2025-04-01,route,1,0.8754397723891079,1078683,134361
trim10_s0_d1.0,2025-04-01,route,5,,0,0
trim10_s0_d1.0,2025-04-01,route,7,0.8397008743936321,1568973,251505
trim10_s0_d1.0,2025-04-01,route,11,0.8749574147212453,1802266,225360
trim10_s0_d1.0,2025-04-01,route,12,0.8690876378959329,1900890,248850
trim10_s0_d1.0,2025-04-01,route,17,0.8369131841905855,2682933,437551
trim10_s0_d1.0,2025-04-01,route,25,0.8026004809898337,433689,85610
trim10_s0_d1.0,2025-04-01,route,26,0.8525706298922562,1083217,159698
trim10_s0_d1.0,2025-04-01,route,28,0.8558182081419377,607816,87636
trim10_s0_d1.0,2025-04-01,route,50,0.8889035176772163,1260832,140074
trim10_s0_d1.0,2025-04-01,month,4,0.8330453581886265,6418378,1071578
trim10_s0_d1.0,2025-04-01,month,5,0.8835067150525727,6000921,699067
trim10_s0_d1.0,2025-04-01,lead_week,1,0.6772271610966695,1392580,449487
trim10_s0_d1.0,2025-04-01,lead_week,2,0.8587746826634192,1494470,211057
trim10_s0_d1.0,2025-04-01,lead_week,3,0.8976289571375212,1574244,161157
trim10_s0_d1.0,2025-04-01,lead_week,4,0.8603090788587249,1465063,204656
trim10_s0_d1.0,2025-04-01,lead_week,5,0.8599437195428301,1172343,164194
trim10_s0_d1.0,2025-04-01,lead_week,6,0.8613830945619916,1170925,162310
trim10_s0_d1.0,2025-04-01,lead_week,7,0.9120421991309677,1505813,132448
trim10_s0_d1.0,2025-04-01,lead_week,8,0.8934154906614548,1518063,161802
trim10_s0_d1.0,2025-04-01,lead_week,9,0.8902698352635198,1125798,123534
q40_s0_d0.0,2025-04-01,route,1,0.86641116991739,1078683,144100
q40_s0_d0.0,2025-04-01,route,5,,0,0
q40_s0_d0.0,2025-04-01,route,7,0.8196559150476139,1568973,282955
q40_s0_d0.0,2025-04-01,route,11,0.8783315004555377,1802266,219279
q40_s0_d0.0,2025-04-01,route,12,0.8688656366228451,1900890,249272
q40_s0_d0.0,2025-04-01,route,17,0.8413478830816871,2682933,425653
q40_s0_d0.0,2025-04-01,route,25,0.7834807892291481,433689,93902
q40_s0_d0.0,2025-04-01,route,26,0.8419845700353669,1083217,171165
q40_s0_d0.0,2025-04-01,route,28,0.8414289850875922,607816,96382
q40_s0_d0.0,2025-04-01,route,50,0.8912852782924291,1260832,137071
q40_s0_d0.0,2025-04-01,month,4,0.8235336092701302,6418378,1132628
q40_s0_d0.0,2025-04-01,month,5,0.8854924102483602,6000921,687151
q40_s0_d0.0,2025-04-01,lead_week,1,0.6772386505622657,1392580,449471
q40_s0_d0.0,2025-04-01,lead_week,2,0.8481287680582414,1494470,226967
q40_s0_d0.0,2025-04-01,lead_week,3,0.8844099135839171,1574244,181967
q40_s0_d0.0,2025-04-01,lead_week,4,0.8483846769729356,1465063,222126
q40_s0_d0.0,2025-04-01,lead_week,5,0.8645950886387346,1172343,158741
q40_s0_d0.0,2025-04-01,lead_week,6,0.8640758374789163,1170925,159157
q40_s0_d0.0,2025-04-01,lead_week,7,0.9088014248781223,1505813,137328
q40_s0_d0.0,2025-04-01,lead_week,8,0.8935327453471957,1518063,161624
q40_s0_d0.0,2025-04-01,lead_week,9,0.8912788972799739,1125798,122398
q40_s0_d0.5,2025-04-01,route,1,0.8692210779255815,1078683,141069
q40_s0_d0.5,2025-04-01,route,5,,0,0
q40_s0_d0.5,2025-04-01,route,7,0.8225310441926024,1568973,278444
q40_s0_d0.5,2025-04-01,route,11,0.8793596505732229,1802266,217426
q40_s0_d0.5,2025-04-01,route,12,0.8713344801645545,1900890,244579
q40_s0_d0.5,2025-04-01,route,17,0.8423452989694488,2682933,422977
q40_s0_d0.5,2025-04-01,route,25,0.7856274888226356,433689,92971
q40_s0_d0.5,2025-04-01,route,26,0.8455978811263117,1083217,167251
q40_s0_d0.5,2025-04-01,route,28,0.8460636113560682,607816,93565
q40_s0_d0.5,2025-04-01,route,50,0.8922164094819929,1260832,135897
q40_s0_d0.5,2025-04-01,month,4,0.8270489834035951,6418378,1110065
q40_s0_d0.5,2025-04-01,month,5,0.8859984992303681,6000921,684114
q40_s0_d0.5,2025-04-01,lead_week,1,0.679753407344641,1392580,445969
q40_s0_d0.5,2025-04-01,lead_week,2,0.8512562982194356,1494470,222293
q40_s0_d0.5,2025-04-01,lead_week,3,0.8871401129685106,1574244,177669
q40_s0_d0.5,2025-04-01,lead_week,4,0.853124404889073,1465063,215182
q40_s0_d0.5,2025-04-01,lead_week,5,0.8658967554717348,1172343,157215
q40_s0_d0.5,2025-04-01,lead_week,6,0.8667335653436385,1170925,156045
q40_s0_d0.5,2025-04-01,lead_week,7,0.910101719137768,1505813,135370
q40_s0_d0.5,2025-04-01,lead_week,8,0.8934497448393117,1518063,161750
q40_s0_d0.5,2025-04-01,lead_week,9,0.8910230787405911,1125798,122686
q40_s0_d1.0,2025-04-01,route,1,0.8694639667075499,1078683,140807
q40_s0_d1.0,2025-04-01,route,5,,0,0
q40_s0_d1.0,2025-04-01,route,7,0.823314996497709,1568973,277214
q40_s0_d1.0,2025-04-01,route,11,0.8770109406713549,1802266,221659
q40_s0_d1.0,2025-04-01,route,12,0.8696173897490123,1900890,247843
q40_s0_d1.0,2025-04-01,route,17,0.8399874316652708,2682933,429303
q40_s0_d1.0,2025-04-01,route,25,0.7855260336323956,433689,93015
q40_s0_d1.0,2025-04-01,route,26,0.8451178295761607,1083217,167771
q40_s0_d1.0,2025-04-01,route,28,0.8483718756992248,607816,92162
q40_s0_d1.0,2025-04-01,route,50,0.8879263851171291,1260832,141306
q40_s0_d1.0,2025-04-01,month,4,0.8270656542821255,6418378,1109958
q40_s0_d1.0,2025-04-01,month,5,0.883164267618254,6000921,701122
q40_s0_d1.0,2025-04-01,lead_week,1,0.6803996897844289,1392580,445069
q40_s0_d1.0,2025-04-01,lead_week,2,0.849950149551346,1494470,224245
q40_s0_d1.0,2025-04-01,lead_week,3,0.8869330294414335,1574244,177995
q40_s0_d1.0,2025-04-01,lead_week,4,0.8528936980867035,1465063,215520
q40_s0_d1.0,2025-04-01,lead_week,5,0.8641387375537706,1172343,159276
q40_s0_d1.0,2025-04-01,lead_week,6,0.8673459017443474,1170925,155328
q40_s0_d1.0,2025-04-01,lead_week,7,0.9072952617622507,1505813,139596
q40_s0_d1.0,2025-04-01,lead_week,8,0.8891086865301374,1518063,168340
q40_s0_d1.0,2025-04-01,lead_week,9,0.8883360958182551,1125798,125711
q60_s0_d0.0,2025-04-01,route,1,0.8752886621926924,1078683,134524
q60_s0_d0.0,2025-04-01,route,5,,0,0
q60_s0_d0.0,2025-04-01,route,7,0.8450247391127828,1568973,243152
q60_s0_d0.0,2025-04-01,route,11,0.8732506744287469,1802266,228436
q60_s0_d0.0,2025-04-01,route,12,0.8652026156168953,1900890,256235
q60_s0_d0.0,2025-04-01,route,17,0.8353335696418808,2682933,441789
q60_s0_d0.0,2025-04-01,route,25,0.8121257398735038,433689,81479
q60_s0_d0.0,2025-04-01,route,26,0.8552441477561744,1083217,156802
q60_s0_d0.0,2025-04-01,route,28,0.8518482567092673,607816,90049
q60_s0_d0.0,2025-04-01,route,50,0.8886925458744702,1260832,140340
q60_s0_d0.0,2025-04-01,month,4,0.8346449835145265,6418378,1061311
q60_s0_d0.0,2025-04-01,month,5,0.8814356996201083,6000921,711495
q60_s0_d0.0,2025-04-01,lead_week,1,0.6694258139568283,1392580,460351
q60_s0_d0.0,2025-04-01,lead_week,2,0.8666758114916994,1494470,199249
q60_s0_d0.0,2025-04-01,lead_week,3,0.9057166487533064,1574244,148425
q60_s0_d0.0,2025-04-01,lead_week,4,0.8600674510242904,1465063,205010
q60_s0_d0.0,2025-04-01,lead_week,5,0.8507740482094404,1172343,174944
q60_s0_d0.0,2025-04-01,lead_week,6,0.8499066976962658,1170925,175748
q60_s0_d0.0,2025-04-01,lead_week,7,0.9133146014810604,1505813,130532
q60_s0_d0.0,2025-04-01,lead_week,8,0.8980490269507919,1518063,154768
q60_s0_d0.0,2025-04-01,lead_week,9,0.890052211853281,1125798,123779
q60_s0_d0.5,2025-04-01,route,1,0.8779817610919983,1078683,131619
q60_s0_d0.5,2025-04-01,route,5,,0,0
q60_s0_d0.5,2025-04-01,route,7,0.8487163259023578,1568973,237360
q60_s0_d0.5,2025-04-01,route,11,0.8713758124494386,1802266,231815
q60_s0_d0.5,2025-04-01,route,12,0.8648343670596405,1900890,256935
q60_s0_d0.5,2025-04-01,route,17,0.8347070165374983,2682933,443470
q60_s0_d0.5,2025-04-01,route,25,0.8133247557581584,433689,80959
q60_s0_d0.5,2025-04-01,route,26,0.8559965362434304,1083217,155987
q60_s0_d0.5,2025-04-01,route,28,0.8558889532358477,607816,87593
q60_s0_d0.5,2025-04-01,route,50,0.8874877858429989,1260832,141859
q60_s0_d0.5,2025-04-01,month,4,0.835930510792602,6418378,1053060
q60_s0_d0.5,2025-04-01,month,5,0.8809287774326641,6000921,714537
q60_s0_d0.5,2025-04-01,lead_week,1,0.6708038317367764,1392580,458432
q60_s0_d0.5,2025-04-01,lead_week,2,0.8672800390773987,1494470,198346
q60_s0_d0.5,2025-04-01,lead_week,3,0.9063906230546218,1574244,147364
q60_s0_d0.5,2025-04-01,lead_week,4,0.8619779490711321,1465063,202211
q60_s0_d0.5,2025-04-01,lead_week,5,0.8512679309724202,1172343,174365
q60_s0_d0.5,2025-04-01,lead_week,6,0.8503909302474539,1170925,175181
q60_s0_d0.5,2025-04-01,lead_week,7,0.9134733197282797,1505813,130293
q60_s0_d0.5,2025-04-01,lead_week,8,0.896621549962024,1518063,156935
q60_s0_d0.5,2025-04-01,lead_week,9,0.8894384250105258,1125798,124470
q60_s0_d1.0,2025-04-01,route,1,0.8775933244521328,1078683,132038
q60_s0_d1.0,2025-04-01,route,5,,0,0
q60_s0_d1.0,2025-04-01,route,7,0.8495315088277491,1568973,236081
q60_s0_d1.0,2025-04-01,route,11,0.866457559538936,1802266,240679
q60_s0_d1.0,2025-04-01,route,12,0.8615164475587751,1900890,263242
q60_s0_d1.0,2025-04-01,route,17,0.8314661603551039,2682933,452165
q60_s0_d1.0,2025-04-01,route,25,0.811406330342711,433689,81791
q60_s0_d1.0,2025-04-01,route,26,0.853762450183112,1083217,158407
q60_s0_d1.0,2025-04-01,route,28,0.8568102846914197,607816,87033
q60_s0_d1.0,2025-04-01,route,50,0.8820160021319255,1260832,148758
q60_s0_d1.0,2025-04-01,month,4,0.8341238238071986,6418378,1064656
q60_s0_d1.0,2025-04-01,month,5,0.8774291479591216,6000921,735538
q60_s0_d1.0,2025-04-01,lead_week,1,0.6705280845624668,1392580,458816
q60_s0_d1.0,2025-04-01,lead_week,2,0.8637697645319076,1494470,203592
q60_s0_d1.0,2025-04-01,lead_week,3,0.9033796539799421,1574244,152104
q60_s0_d1.0,2025-04-01,lead_week,4,0.86084898738143,1465063,203865
q60_s0_d1.0,2025-04-01,lead_week,5,0.8491456851791669,1172343,176853
q60_s0_d1.0,2025-04-01,lead_week,6,0.8490347374938617,1170925,176769
q60_s0_d1.0,2025-04-01,lead_week,7,0.9094927457791904,1505813,136287
q60_s0_d1.0,2025-04-01,lead_week,8,0.891625709868431,1518063,164519
q60_s0_d1.0,2025-04-01,lead_week,9,0.8868455975228238,1125798,127389
exp_h7_s1_d0.0,2025-04-01,route,1,0.8625518340420679,1078683,148263
exp_h7_s1_d0.0,2025-04-01,route,5,,0,0
exp_h7_s1_d0.0,2025-04-01,route,7,0.8442885887774997,1568973,244307
exp_h7_s1_d0.0,2025-04-01,route,11,0.8527026532154521,1802266,265469
exp_h7_s1_d0.0,2025-04-01,route,12,0.8445070466991778,1900890,295575
exp_h7_s1_d0.0,2025-04-01,route,17,0.823103297771506,2682933,474602
exp_h7_s1_d0.0,2025-04-01,route,25,0.8123632372506566,433689,81376
exp_h7_s1_d0.0,2025-04-01,route,26,0.8246057807438398,1083217,189990
exp_h7_s1_d0.0,2025-04-01,route,28,0.8418978769890888,607816,96097
exp_h7_s1_d0.0,2025-04-01,route,50,0.8806748242430396,1260832,150449
exp_h7_s1_d0.0,2025-04-01,month,4,0.827169886223591,6418378,1109289
exp_h7_s1_d0.0,2025-04-01,month,5,0.8605482391786194,6000921,836839
exp_h7_s1_d0.0,2025-04-01,lead_week,1,0.6586393600367663,1392580,475372
exp_h7_s1_d0.0,2025-04-01,lead_week,2,0.8612886173693683,1494470,207300
exp_h7_s1_d0.0,2025-04-01,lead_week,3,0.9018462195187023,1574244,154518
exp_h7_s1_d0.0,2025-04-01,lead_week,4,0.8498897317043704,1465063,219921
exp_h7_s1_d0.0,2025-04-01,lead_week,5,0.81423184170503,1172343,217784
exp_h7_s1_d0.0,2025-04-01,lead_week,6,0.8158566944936696,1170925,215618
exp_h7_s1_d0.0,2025-04-01,lead_week,7,0.897740954554118,1505813,153983
exp_h7_s1_d0.0,2025-04-01,lead_week,8,0.8892345047603426,1518063,168149
exp_h7_s1_d0.0,2025-04-01,lead_week,9,0.8814325482901906,1125798,133483
exp_h7_s1_d0.5,2025-04-01,route,1,0.8679908740566042,1078683,142396
exp_h7_s1_d0.5,2025-04-01,route,5,,0,0
exp_h7_s1_d0.5,2025-04-01,route,7,0.8512326215938706,1568973,233412
exp_h7_s1_d0.5,2025-04-01,route,11,0.8644478672959486,1802266,244301
exp_h7_s1_d0.5,2025-04-01,route,12,0.8606542198654314,1900890,264881
exp_h7_s1_d0.5,2025-04-01,route,17,0.8242453315084648,2682933,471538
exp_h7_s1_d0.5,2025-04-01,route,25,0.821146028605752,433689,77567
exp_h7_s1_d0.5,2025-04-01,route,26,0.831163100283692,1083217,182887
exp_h7_s1_d0.5,2025-04-01,route,28,0.8509993155823473,607816,90565
exp_h7_s1_d0.5,2025-04-01,route,50,0.8857389406360244,1260832,144064
exp_h7_s1_d0.5,2025-04-01,month,4,0.8368709353048387,6418378,1047024
exp_h7_s1_d0.5,2025-04-01,month,5,0.8659227475249216,6000921,804587
exp_h7_s1_d0.5,2025-04-01,lead_week,1,0.67289635065849,1392580,455518
exp_h7_s1_d0.5,2025-04-01,lead_week,2,0.8697263912959109,1494470,194690
exp_h7_s1_d0.5,2025-04-01,lead_week,3,0.9082531043472295,1574244,144432
exp_h7_s1_d0.5,2025-04-01,lead_week,4,0.859838791915433,1465063,205345
exp_h7_s1_d0.5,2025-04-01,lead_week,5,0.8214276879718649,1172343,209348
exp_h7_s1_d0.5,2025-04-01,lead_week,6,0.8224121954864744,1170925,207942
exp_h7_s1_d0.5,2025-04-01,lead_week,7,0.9045319704372322,1505813,143757
exp_h7_s1_d0.5,2025-04-01,lead_week,8,0.8933700380023754,1518063,161871
exp_h7_s1_d0.5,2025-04-01,lead_week,9,0.8856739841428036,1125798,128708
exp_h7_s1_d1.0,2025-04-01,route,1,0.867947302404877,1078683,142443
exp_h7_s1_d1.0,2025-04-01,route,5,,0,0
exp_h7_s1_d1.0,2025-04-01,route,7,0.8537297964974541,1568973,229494
exp_h7_s1_d1.0,2025-04-01,route,11,0.8670174103045832,1802266,239670
exp_h7_s1_d1.0,2025-04-01,route,12,0.8652594311085859,1900890,256127
exp_h7_s1_d1.0,2025-04-01,route,17,0.8211244932318473,2682933,479911
exp_h7_s1_d1.0,2025-04-01,route,25,0.8236339865664105,433689,76488
exp_h7_s1_d1.0,2025-04-01,route,26,0.8327177287653351,1083217,181203
exp_h7_s1_d1.0,2025-04-01,route,28,0.8541367782355187,607816,88658
exp_h7_s1_d1.0,2025-04-01,route,50,0.884557974416893,1260832,145553
exp_h7_s1_d1.0,2025-04-01,month,4,0.8398860272797894,6418378,1027672
exp_h7_s1_d1.0,2025-04-01,month,5,0.8647082672809724,6000921,811875
exp_h7_s1_d1.0,2025-04-01,lead_week,1,0.6825977681713079,1392580,442008
exp_h7_s1_d1.0,2025-04-01,lead_week,2,0.8694292960046036,1494470,195134
exp_h7_s1_d1.0,2025-04-01,lead_week,3,0.9086710827546429,1574244,143774
exp_h7_s1_d1.0,2025-04-01,lead_week,4,0.8618264197512325,1465063,202433
exp_h7_s1_d1.0,2025-04-01,lead_week,5,0.8237196793088712,1172343,206661
exp_h7_s1_d1.0,2025-04-01,lead_week,6,0.8223771804342721,1170925,207983
exp_h7_s1_d1.0,2025-04-01,lead_week,7,0.903502626156103,1505813,145307
exp_h7_s1_d1.0,2025-04-01,lead_week,8,0.8900790019913535,1518063,166867
exp_h7_s1_d1.0,2025-04-01,lead_week,9,0.8850770742175772,1125798,129380
exp_h14_s1_d0.0,2025-04-01,route,1,0.8709472569791125,1078683,139207
exp_h14_s1_d0.0,2025-04-01,route,5,,0,0
exp_h14_s1_d0.0,2025-04-01,route,7,0.8492051807137535,1568973,236593
exp_h14_s1_d0.0,2025-04-01,route,11,0.8647563678169593,1802266,243745
exp_h14_s1_d0.0,2025-04-01,route,12,0.8579560100794891,1900890,270010
exp_h14_s1_d0.0,2025-04-01,route,17,0.8281790860971929,2682933,460984
exp_h14_s1_d0.0,2025-04-01,route,25,0.8184828298619518,433689,78722
exp_h14_s1_d0.0,2025-04-01,route,26,0.8418433240984955,1083217,171318
exp_h14_s1_d0.0,2025-04-01,route,28,0.8477252984455822,607816,92555
exp_h14_s1_d0.0,2025-04-01,route,50,0.8862116443745083,1260832,143468
exp_h14_s1_d0.0,2025-04-01,month,4,0.8333876565076099,6418378,1069381
exp_h14_s1_d0.0,2025-04-01,month,5,0.8721494583914702,6000921,767221
exp_h14_s1_d0.0,2025-04-01,lead_week,1,0.6654935443565182,1392580,465827
exp_h14_s1_d0.0,2025-04-01,lead_week,2,0.8679391356132944,1494470,197361
exp_h14_s1_d0.0,2025-04-01,lead_week,3,0.9060609409977106,1574244,147883
exp_h14_s1_d0.0,2025-04-01,lead_week,4,0.8573453837821309,1465063,208998
exp_h14_s1_d0.0,2025-04-01,lead_week,5,0.8311936011900953,1172343,197899
exp_h14_s1_d0.0,2025-04-01,lead_week,6,0.8340107180220766,1170925,194361
exp_h14_s1_d0.0,2025-04-01,lead_week,7,0.9079394320543122,1505813,138626
exp_h14_s1_d0.0,2025-04-01,lead_week,8,0.8962454127397874,1518063,157506
exp_h14_s1_d0.0,2025-04-01,lead_week,9,0.8861776268922134,1125798,128141
exp_h14_s1_d0.5,2025-04-01,route,1,0.8743449187574106,1078683,135542
exp_h14_s1_d0.5,2025-04-01,route,5,,0,0
exp_h14_s1_d0.5,2025-04-01,route,7,0.8517233884840594,1568973,232642
exp_h14_s1_d0.5,2025-04-01,route,11,0.8692440516549721,1802266,235657
exp_h14_s1_d0.5,2025-04-01,route,12,0.8649506283898595,1900890,256714
exp_h14_s1_d0.5,2025-04-01,route,17,0.8280821772291742,2682933,461244
exp_h14_s1_d0.5,2025-04-01,route,25,0.8231036526174287,433689,76718
exp_h14_s1_d0.5,2025-04-01,route,26,0.846604143029513,1083217,166161
exp_h14_s1_d0.5,2025-04-01,route,28,0.853151282625005,607816,89257
exp_h14_s1_d0.5,2025-04-01,route,50,0.888157185096825,1260832,141015
exp_h14_s1_d0.5,2025-04-01,month,4,0.838686191433412,6418378,1035373
exp_h14_s1_d0.5,2025-04-01,month,5,0.873423262862484,6000921,759577
exp_h14_s1_d0.5,2025-04-01,lead_week,1,0.6717854629536544,1392580,457065
exp_h14_s1_d0.5,2025-04-01,lead_week,2,0.8724450808647882,1494470,190627
exp_h14_s1_d0.5,2025-04-01,lead_week,3,0.9101454412403668,1574244,141453
exp_h14_s1_d0.5,2025-04-01,lead_week,4,0.8633683329658861,1465063,200174
exp_h14_s1_d0.5,2025-04-01,lead_week,5,0.8337457552951653,1172343,194907
exp_h14_s1_d0.5,2025-04-01,lead_week,6,0.8350184683049726,1170925,193181
exp_h14_s1_d0.5,2025-04-01,lead_week,7,0.9105200977810658,1505813,134740
exp_h14_s1_d0.5,2025-04-01,lead_week,8,0.8971821327573362,1518063,156084
exp_h14_s1_d0.5,2025-04-01,lead_week,9,0.8874407309304155,1125798,126719
exp_h14_s1_d1.0,2025-04-01,route,1,0.8744246456095072,1078683,135456
exp_h14_s1_d1.0,2025-04-01,route,5,,0,0
exp_h14_s1_d1.0,2025-04-01,route,7,0.8511816328260589,1568973,233492
exp_h14_s1_d1.0,2025-04-01,route,11,0.8682281083924348,1802266,237488
exp_h14_s1_d1.0,2025-04-01,route,12,0.8650984538821289,1900890,256433
exp_h14_s1_d1.0,2025-04-01,route,17,0.8242207315650447,2682933,471604
exp_h14_s1_d1.0,2025-04-01,route,25,0.8233180919967995,433689,76625
exp_h14_s1_d1.0,2025-04-01,route,26,0.8471903598263322,1083217,165526
exp_h14_s1_d1.0,2025-04-01,route,28,0.8549478789633704,607816,88165
exp_h14_s1_d1.0,2025-04-01,route,50,0.8848498451815944,1260832,145185
exp_h14_s1_d1.0,2025-04-01,month,4,0.8390836438738885,6418378,1032822
exp_h14_s1_d1.0,2025-04-01,month,5,0.8704945457538935,6000921,777152
exp_h14_s1_d1.0,2025-04-01,lead_week,1,0.6752696433957115,1392580,452213
exp_h14_s1_d1.0,2025-04-01,lead_week,2,0.869723045628216,1494470,194695
exp_h14_s1_d1.0,2025-04-01,lead_week,3,0.9093907932950673,1574244,142641
exp_h14_s1_d1.0,2025-04-01,lead_week,4,0.8640945815981975,1465063,199110
exp_h14_s1_d1.0,2025-04-01,lead_week,5,0.8333678795369615,1172343,195350
exp_h14_s1_d1.0,2025-04-01,lead_week,6,0.8327185771932446,1170925,195874
exp_h14_s1_d1.0,2025-04-01,lead_week,7,0.9078079416235615,1505813,138824
exp_h14_s1_d1.0,2025-04-01,lead_week,8,0.8925064374798675,1518063,163182
exp_h14_s1_d1.0,2025-04-01,lead_week,9,0.8862273693859822,1125798,128085
exp_h28_s1_d0.0,2025-04-01,route,1,0.870542133323692,1078683,139644
exp_h28_s1_d0.0,2025-04-01,route,5,,0,0
exp_h28_s1_d0.0,2025-04-01,route,7,0.8449183000599756,1568973,243319
exp_h28_s1_d0.0,2025-04-01,route,11,0.875721452882094,1802266,223983
exp_h28_s1_d0.0,2025-04-01,route,12,0.8666072208281383,1900890,253565
exp_h28_s1_d0.0,2025-04-01,route,17,0.8331542382907065,2682933,447636
exp_h28_s1_d0.0,2025-04-01,route,25,0.8159994835008497,433689,79799
exp_h28_s1_d0.0,2025-04-01,route,26,0.8512661821223264,1083217,161111
exp_h28_s1_d0.0,2025-04-01,route,28,0.8489213841030838,607816,91828
exp_h28_s1_d0.0,2025-04-01,route,50,0.8925582472526078,1260832,135466
exp_h28_s1_d0.0,2025-04-01,month,4,0.8340144503798311,6418378,1065358
exp_h28_s1_d0.0,2025-04-01,month,5,0.8815193534459127,6000921,710993
exp_h28_s1_d0.0,2025-04-01,lead_week,1,0.6730651021844347,1392580,455283
exp_h28_s1_d0.0,2025-04-01,lead_week,2,0.8659665299403803,1494470,200309
exp_h28_s1_d0.0,2025-04-01,lead_week,3,0.9015444873856912,1574244,154993
exp_h28_s1_d0.0,2025-04-01,lead_week,4,0.858251829443512,1465063,207670
exp_h28_s1_d0.0,2025-04-01,lead_week,5,0.8473731663856056,1172343,178931
exp_h28_s1_d0.0,2025-04-01,lead_week,6,0.8510502380596536,1170925,174409
exp_h28_s1_d0.0,2025-04-01,lead_week,7,0.9134806247522103,1505813,130282
exp_h28_s1_d0.0,2025-04-01,lead_week,8,0.8997287991341598,1518063,152218
exp_h28_s1_d0.0,2025-04-01,lead_week,9,0.8914050300320306,1125798,122256
exp_h28_s1_d0.5,2025-04-01,route,1,0.8752154247355339,1078683,134603
exp_h28_s1_d0.5,2025-04-01,route,5,,0,0
exp_h28_s1_d0.5,2025-04-01,route,7,0.8479393845528254,1568973,238579
exp_h28_s1_d0.5,2025-04-01,route,11,0.8758934585682691,1802266,223673
exp_h28_s1_d0.5,2025-04-01,route,12,0.8700298281331377,1900890,247059
exp_h28_s1_d0.5,2025-04-01,route,17,0.8336067281590707,2682933,446422
exp_h28_s1_d0.5,2025-04-01,route,25,0.81901777541049,433689,78490
exp_h28_s1_d0.5,2025-04-01,route,26,0.8545739219380789,1083217,157528
exp_h28_s1_d0.5,2025-04-01,route,28,0.8539722547613093,607816,88758
exp_h28_s1_d0.5,2025-04-01,route,50,0.8922854115377782,1260832,135810
exp_h28_s1_d0.5,2025-04-01,month,4,0.8380648506522987,6418378,1039361
exp_h28_s1_d0.5,2025-04-01,month,5,0.8814247013083492,6000921,711561
exp_h28_s1_d0.5,2025-04-01,lead_week,1,0.6756365882031912,1392580,451702
exp_h28_s1_d0.5,2025-04-01,lead_week,2,0.8692004523342723,1494470,195476
exp_h28_s1_d0.5,2025-04-01,lead_week,3,0.90623054621774,1574244,147616
exp_h28_s1_d0.5,2025-04-01,lead_week,4,0.8637553470396836,1465063,199607
exp_h28_s1_d0.5,2025-04-01,lead_week,5,0.8482645437384793,1172343,177886
exp_h28_s1_d0.5,2025-04-01,lead_week,6,0.850137284625403,1170925,175478
exp_h28_s1_d0.5,2025-04-01,lead_week,7,0.9150392512217652,1505813,127935
exp_h28_s1_d0.5,2025-04-01,lead_week,8,0.8993882335581593,1518063,152735
exp_h28_s1_d0.5,2025-04-01,lead_week,9,0.8911998422452341,1125798,122487
exp_h28_s1_d1.0,2025-04-01,route,1,0.8770964222111594,1078683,132574
exp_h28_s1_d1.0,2025-04-01,route,5,,0,0
exp_h28_s1_d1.0,2025-04-01,route,7,0.8484384371177834,1568973,237796
exp_h28_s1_d1.0,2025-04-01,route,11,0.8718885003656508,1802266,230891
exp_h28_s1_d1.0,2025-04-01,route,12,0.8679944657502539,1900890,250928
exp_h28_s1_d1.0,2025-04-01,route,17,0.8300330272876736,2682933,456010
exp_h28_s1_d1.0,2025-04-01,route,25,0.818346787675039,433689,78781
exp_h28_s1_d1.0,2025-04-01,route,26,0.854730861867936,1083217,157358
exp_h28_s1_d1.0,2025-04-01,route,28,0.8558544033062637,607816,87614
exp_h28_s1_d1.0,2025-04-01,route,50,0.8865978972614909,1260832,142981
exp_h28_s1_d1.0,2025-04-01,month,4,0.837963734762895,6418378,1040010
exp_h28_s1_d1.0,2025-04-01,month,5,0.8775316322277864,6000921,734923
exp_h28_s1_d1.0,2025-04-01,lead_week,1,0.6759166439270994,1392580,451312
exp_h28_s1_d1.0,2025-04-01,lead_week,2,0.8669401192395967,1494470,198854
exp_h28_s1_d1.0,2025-04-01,lead_week,3,0.9065659453045398,1574244,147088
exp_h28_s1_d1.0,2025-04-01,lead_week,4,0.8643587340612656,1465063,198723
exp_h28_s1_d1.0,2025-04-01,lead_week,5,0.8463291033426225,1172343,180155
exp_h28_s1_d1.0,2025-04-01,lead_week,6,0.8466332173281808,1170925,179581
exp_h28_s1_d1.0,2025-04-01,lead_week,7,0.9111968086342727,1505813,133721
exp_h28_s1_d1.0,2025-04-01,lead_week,8,0.8944635367570384,1518063,160211
exp_h28_s1_d1.0,2025-04-01,lead_week,9,0.8887118292979735,1125798,125288
exp_h56_s1_d0.0,2025-04-01,route,1,0.8642325873310324,1078683,146450
exp_h56_s1_d0.0,2025-04-01,route,5,,0,0
exp_h56_s1_d0.0,2025-04-01,route,7,0.836410824150575,1568973,256667
exp_h56_s1_d0.0,2025-04-01,route,11,0.880303462418977,1802266,215725
exp_h56_s1_d0.0,2025-04-01,route,12,0.8685263218808033,1900890,249917
exp_h56_s1_d0.0,2025-04-01,route,17,0.8336719552817755,2682933,446247
exp_h56_s1_d0.0,2025-04-01,route,25,0.8083234760392817,433689,83128
exp_h56_s1_d0.0,2025-04-01,route,26,0.8500512824300209,1083217,162427
exp_h56_s1_d0.0,2025-04-01,route,28,0.8467101886097108,607816,93172
exp_h56_s1_d0.0,2025-04-01,route,50,0.8934671708839877,1260832,134320
exp_h56_s1_d0.0,2025-04-01,month,4,0.8296684925693064,6418378,1093252
exp_h56_s1_d0.0,2025-04-01,month,5,0.884217605930823,6000921,694801
exp_h56_s1_d0.0,2025-04-01,lead_week,1,0.678457252007066,1392580,447774
exp_h56_s1_d0.0,2025-04-01,lead_week,2,0.8578733597864125,1494470,212404
exp_h56_s1_d0.0,2025-04-01,lead_week,3,0.8930407230391223,1574244,168380
exp_h56_s1_d0.0,2025-04-01,lead_week,4,0.8529121273283129,1465063,215493
exp_h56_s1_d0.0,2025-04-01,lead_week,5,0.8547489941083796,1172343,170284
exp_h56_s1_d0.0,2025-04-01,lead_week,6,0.8593402651749685,1170925,164702
exp_h56_s1_d0.0,2025-04-01,lead_week,7,0.9120720833197747,1505813,132403
exp_h56_s1_d0.0,2025-04-01,lead_week,8,0.8978520654281147,1518063,155067
exp_h56_s1_d0.0,2025-04-01,lead_week,9,0.8920356937923144,1125798,121546
exp_h56_s1_d0.5,2025-04-01,route,1,0.8728078592135039,1078683,137200
exp_h56_s1_d0.5,2025-04-01,route,5,,0,0
exp_h56_s1_d0.5,2025-04-01,route,7,0.8428398704120466,1568973,246580
exp_h56_s1_d0.5,2025-04-01,route,11,0.8796648219519205,1802266,216876
exp_h56_s1_d0.5,2025-04-01,route,12,0.8723145473962197,1900890,242716
exp_h56_s1_d0.5,2025-04-01,route,17,0.8368811297188562,2682933,437637
exp_h56_s1_d0.5,2025-04-01,route,25,0.8125661476311365,433689,81288
exp_h56_s1_d0.5,2025-04-01,route,26,0.8550872078263173,1083217,156972
exp_h56_s1_d0.5,2025-04-01,route,28,0.8531858325545889,607816,89236
exp_h56_s1_d0.5,2025-04-01,route,50,0.8943641976091977,1260832,133189
exp_h56_s1_d0.5,2025-04-01,month,4,0.8356639325387193,6418378,1054771
exp_h56_s1_d0.5,2025-04-01,month,5,0.8855304044162554,6000921,686923
exp_h56_s1_d0.5,2025-04-01,lead_week,1,0.6794216490255497,1392580,446431
exp_h56_s1_d0.5,2025-04-01,lead_week,2,0.8641023239007809,1494470,203095
exp_h56_s1_d0.5,2025-04-01,lead_week,3,0.9005459128318101,1574244,156565
exp_h56_s1_d0.5,2025-04-01,lead_week,4,0.8612059686170492,1465063,203342
exp_h56_s1_d0.5,2025-04-01,lead_week,5,0.856857592018718,1172343,167812
exp_h56_s1_d0.5,2025-04-01,lead_week,6,0.8595469393855285,1170925,164460
exp_h56_s1_d0.5,2025-04-01,lead_week,7,0.9158076069206469,1505813,126778
exp_h56_s1_d0.5,2025-04-01,lead_week,8,0.8993480507725964,1518063,152796
exp_h56_s1_d0.5,2025-04-01,lead_week,9,0.893040314514682,1125798,120415
exp_h56_s1_d1.0,2025-04-01,route,1,0.8770472882209138,1078683,132627
exp_h56_s1_d1.0,2025-04-01,route,5,,0,0
exp_h56_s1_d1.0,2025-04-01,route,7,0.8461286459359084,1568973,241420
exp_h56_s1_d1.0,2025-04-01,route,11,0.8738821017541251,1802266,227298
exp_h56_s1_d1.0,2025-04-01,route,12,0.8696915655298307,1900890,247702
exp_h56_s1_d1.0,2025-04-01,route,17,0.8340692816406522,2682933,445181
exp_h56_s1_d1.0,2025-04-01,route,25,0.8125269490349075,433689,81305
exp_h56_s1_d1.0,2025-04-01,route,26,0.8556364975808172,1083217,156377
exp_h56_s1_d1.0,2025-04-01,route,28,0.8560255077194414,607816,87510
exp_h56_s1_d1.0,2025-04-01,route,50,0.8878280373594579,1260832,141430
exp_h56_s1_d1.0,2025-04-01,month,4,0.8364882841116557,6418378,1049480
exp_h56_s1_d1.0,2025-04-01,month,5,0.8814565297560157,6000921,711370
exp_h56_s1_d1.0,2025-04-01,lead_week,1,0.6776486808657312,1392580,448900
exp_h56_s1_d1.0,2025-04-01,lead_week,2,0.8636345995570336,1494470,203794
exp_h56_s1_d1.0,2025-04-01,lead_week,3,0.9030137640670697,1574244,152680
exp_h56_s1_d1.0,2025-04-01,lead_week,4,0.863616103880857,1465063,199811
exp_h56_s1_d1.0,2025-04-01,lead_week,5,0.8542977609795086,1172343,170813
exp_h56_s1_d1.0,2025-04-01,lead_week,6,0.8556551444370903,1170925,169017
exp_h56_s1_d1.0,2025-04-01,lead_week,7,0.9124028016759053,1505813,131905
exp_h56_s1_d1.0,2025-04-01,lead_week,8,0.8944635367570384,1518063,160211
exp_h56_s1_d1.0,2025-04-01,lead_week,9,0.890105507382319,1125798,123719
exp_h112_s1_d0.0,2025-04-01,route,1,0.8583485602350274,1078683,152797
exp_h112_s1_d0.0,2025-04-01,route,5,,0,0
exp_h112_s1_d0.0,2025-04-01,route,7,0.829354616045018,1568973,267738
exp_h112_s1_d0.0,2025-04-01,route,11,0.8805303989533176,1802266,215316
exp_h112_s1_d0.0,2025-04-01,route,12,0.8670712140102794,1900890,252683
exp_h112_s1_d0.0,2025-04-01,route,17,0.8319246138461154,2682933,450935
exp_h112_s1_d0.0,2025-04-01,route,25,0.8022177182266554,433689,85776
exp_h112_s1_d0.0,2025-04-01,route,26,0.8452313802312925,1083217,167648
exp_h112_s1_d0.0,2025-04-01,route,28,0.8440630059096832,607816,94781
exp_h112_s1_d0.0,2025-04-01,route,50,0.8912257937615796,1260832,137146
exp_h112_s1_d0.0,2025-04-01,month,4,0.8249568660493352,6418378,1123493
exp_h112_s1_d0.0,2025-04-01,month,5,0.8831301061953657,6000921,701327
exp_h112_s1_d0.0,2025-04-01,lead_week,1,0.6811263984833905,1392580,444057
exp_h112_s1_d0.0,2025-04-01,lead_week,2,0.8504292491652559,1494470,223529
exp_h112_s1_d0.0,2025-04-01,lead_week,3,0.886192356458084,1574244,179161
exp_h112_s1_d0.0,2025-04-01,lead_week,4,0.8470195479648316,1465063,224126
exp_h112_s1_d0.0,2025-04-01,lead_week,5,0.8564541264800489,1172343,168285
exp_h112_s1_d0.0,2025-04-01,lead_week,6,0.8616162435681192,1170925,162037
exp_h112_s1_d0.0,2025-04-01,lead_week,7,0.9080709224850629,1505813,138428
exp_h112_s1_d0.0,2025-04-01,lead_week,8,0.8940729073826317,1518063,160804
exp_h112_s1_d0.0,2025-04-01,lead_week,9,0.8895068209394581,1125798,124393
exp_h112_s1_d0.5,2025-04-01,route,1,0.8702464023257992,1078683,139963
exp_h112_s1_d0.5,2025-04-01,route,5,,0,0
exp_h112_s1_d0.5,2025-04-01,route,7,0.8387212526920476,1568973,253042
exp_h112_s1_d0.5,2025-04-01,route,11,0.880853325757685,1802266,214734
exp_h112_s1_d0.5,2025-04-01,route,12,0.8726280847392537,1900890,242120
exp_h112_s1_d0.5,2025-04-01,route,17,0.8380123543897667,2682933,434602
exp_h112_s1_d0.5,2025-04-01,route,25,0.8077770014918525,433689,83365
exp_h112_s1_d0.5,2025-04-01,route,26,0.8530405265057694,1083217,159189
exp_h112_s1_d0.5,2025-04-01,route,28,0.8521855298313963,607816,89844
exp_h112_s1_d0.5,2025-04-01,route,50,0.8945846869368798,1260832,132911
exp_h112_s1_d0.5,2025-04-01,month,4,0.833368336984827,6418378,1069505
exp_h112_s1_d0.5,2025-04-01,month,5,0.886639900775231,6000921,680265
exp_h112_s1_d0.5,2025-04-01,lead_week,1,0.6815953122980367,1392580,443404
exp_h112_s1_d0.5,2025-04-01,lead_week,2,0.8601524286201797,1494470,208998
exp_h112_s1_d0.5,2025-04-01,lead_week,3,0.8962333666191518,1574244,163354
exp_h112_s1_d0.5,2025-04-01,lead_week,4,0.8583303243614779,1465063,207555
exp_h112_s1_d0.5,2025-04-01,lead_week,5,0.8604828109179652,1172343,163562
exp_h112_s1_d0.5,2025-04-01,lead_week,6,0.863774366419711,1170925,159510
exp_h112_s1_d0.5,2025-04-01,lead_week,7,0.9146554054188667,1505813,128513
exp_h112_s1_d0.5,2025-04-01,lead_week,8,0.8981432259398984,1518063,154625
exp_h112_s1_d0.5,2025-04-01,lead_week,9,0.893187765478354,1125798,120249
exp_h112_s1_d1.0,2025-04-01,route,1,0.8763445794547611,1078683,133385
exp_h112_s1_d1.0,2025-04-01,route,5,,0,0
exp_h112_s1_d1.0,2025-04-01,route,7,0.844287951417902,1568973,244308
exp_h112_s1_d1.0,2025-04-01,route,11,0.8745712342129297,1802266,226056
exp_h112_s1_d1.0,2025-04-01,route,12,0.8701697625848944,1900890,246793
exp_h112_s1_d1.0,2025-04-01,route,17,0.8361039951426293,2682933,439722
exp_h112_s1_d1.0,2025-04-01,route,25,0.8090382739705181,433689,82818
exp_h112_s1_d1.0,2025-04-01,route,26,0.8549108811992426,1083217,157163
exp_h112_s1_d1.0,2025-04-01,route,28,0.8558017557945168,607816,87646
exp_h112_s1_d1.0,2025-04-01,route,50,0.888376088170351,1260832,140739
exp_h112_s1_d1.0,2025-04-01,month,4,0.8353951730483933,6418378,1056496
exp_h112_s1_d1.0,2025-04-01,month,5,0.8829956268379471,6000921,702134
exp_h112_s1_d1.0,2025-04-01,lead_week,1,0.6786942222349883,1392580,447444
exp_h112_s1_d1.0,2025-04-01,lead_week,2,0.8615000635676862,1494470,206984
exp_h112_s1_d1.0,2025-04-01,lead_week,3,0.9006291273779669,1574244,156434
exp_h112_s1_d1.0,2025-04-01,lead_week,4,0.8626891812843543,1465063,201169
exp_h112_s1_d1.0,2025-04-01,lead_week,5,0.8578547404641815,1172343,166643
exp_h112_s1_d1.0,2025-04-01,lead_week,6,0.8597732561863484,1170925,164195
exp_h112_s1_d1.0,2025-04-01,lead_week,7,0.9125462457821788,1505813,131689
exp_h112_s1_d1.0,2025-04-01,lead_week,8,0.8939971529508327,1518063,160919
exp_h112_s1_d1.0,2025-04-01,lead_week,9,0.8906082618729114,1125798,123153
mean_s1_d0.0,2025-04-01,route,1,0.8501811931772356,1078683,161607
mean_s1_d0.0,2025-04-01,route,5,,0,0
mean_s1_d0.0,2025-04-01,route,7,0.8203276920635345,1568973,281901
mean_s1_d0.0,2025-04-01,route,11,0.8783459267388942,1802266,219253
mean_s1_d0.0,2025-04-01,route,12,0.8638348352613776,1900890,258835
mean_s1_d0.0,2025-04-01,route,17,0.8288332209563191,2682933,459229
mean_s1_d0.0,2025-04-01,route,25,0.7942604031921492,433689,89227
mean_s1_d0.0,2025-04-01,route,26,0.8366763077019655,1083217,176915
mean_s1_d0.0,2025-04-01,route,28,0.840130894876081,607816,97171
mean_s1_d0.0,2025-04-01,route,50,0.8862156100098982,1260832,143463
mean_s1_d0.0,2025-04-01,month,4,0.8182346069365188,6418378,1166639
mean_s1_d0.0,2025-04-01,month,5,0.8798581084470201,6000921,720962
mean_s1_d0.0,2025-04-01,lead_week,1,0.6832541038934927,1392580,441094
mean_s1_d0.0,2025-04-01,lead_week,2,0.8405601985988344,1494470,238278
mean_s1_d0.0,2025-04-01,lead_week,3,0.8773011045301745,1574244,193158
mean_s1_d0.0,2025-04-01,lead_week,4,0.8384895393576932,1465063,236623
mean_s1_d0.0,2025-04-01,lead_week,5,0.856599988228701,1172343,168114
mean_s1_d0.0,2025-04-01,lead_week,6,0.8622080833529048,1170925,161344
mean_s1_d0.0,2025-04-01,lead_week,7,0.9013363545141395,1505813,148569
mean_s1_d0.0,2025-04-01,lead_week,8,0.8879144014444723,1518063,170153
mean_s1_d0.0,2025-04-01,lead_week,9,0.8842883003878138,1125798,130268
mean_s1_d0.5,2025-04-01,route,1,0.866390774676156,1078683,144122
mean_s1_d0.5,2025-04-01,route,5,,0,0
mean_s1_d0.5,2025-04-01,route,7,0.8335012775873135,1568973,261232
mean_s1_d0.5,2025-04-01,route,11,0.8811712588485828,1802266,214161
mean_s1_d0.5,2025-04-01,route,12,0.8720173182035783,1900890,243281
mean_s1_d0.5,2025-04-01,route,17,0.838348926342924,2682933,433699
mean_s1_d0.5,2025-04-01,route,25,0.8020493948428482,433689,85849
mean_s1_d0.5,2025-04-01,route,26,0.8486979063290181,1083217,163893
mean_s1_d0.5,2025-04-01,route,28,0.8505501664977559,607816,90838
mean_s1_d0.5,2025-04-01,route,50,0.8937455584883632,1260832,133969
mean_s1_d0.5,2025-04-01,month,4,0.8300379005412271,6418378,1090881
mean_s1_d0.5,2025-04-01,month,5,0.8866568981661315,6000921,680163
mean_s1_d0.5,2025-04-01,lead_week,1,0.6837266081661377,1392580,440436
mean_s1_d0.5,2025-04-01,lead_week,2,0.8548314787182079,1494470,216950
mean_s1_d0.5,2025-04-01,lead_week,3,0.8908225154423329,1574244,171872
mean_s1_d0.5,2025-04-01,lead_week,4,0.8542294768211333,1465063,213563
mean_s1_d0.5,2025-04-01,lead_week,5,0.8630665257522756,1172343,160533
mean_s1_d0.5,2025-04-01,lead_week,6,0.867285265922241,1170925,155399
mean_s1_d0.5,2025-04-01,lead_week,7,0.911960515681562,1505813,132571
mean_s1_d0.5,2025-04-01,lead_week,8,0.8955306861441192,1518063,158591
mean_s1_d0.5,2025-04-01,lead_week,9,0.892406097719129,1125798,121129
mean_s1_d1.0,2025-04-01,route,1,0.8752858810234332,1078683,134527
mean_s1_d1.0,2025-04-01,route,5,,0,0
mean_s1_d1.0,2025-04-01,route,7,0.8419838964724058,1568973,247923
mean_s1_d1.0,2025-04-01,route,11,0.8750767089874636,1802266,225145
mean_s1_d1.0,2025-04-01,route,12,0.8703880813724097,1900890,246378
mean_s1_d1.0,2025-04-01,route,17,0.8380235361822304,2682933,434572
mean_s1_d1.0,2025-04-01,route,25,0.8049685373620267,433689,84583
mean_s1_d1.0,2025-04-01,route,26,0.8532205458370761,1083217,158994
mean_s1_d1.0,2025-04-01,route,28,0.8553377995972465,607816,87928
mean_s1_d1.0,2025-04-01,route,50,0.8888345156214309,1260832,140161
mean_s1_d1.0,2025-04-01,month,4,0.8340596331347265,6418378,1065068
mean_s1_d1.0,2025-04-01,month,5,0.8841606146789801,6000921,695143
mean_s1_d1.0,2025-04-01,lead_week,1,0.6798101365810223,1392580,445890
mean_s1_d1.0,2025-04-01,lead_week,2,0.8590443434796282,1494470,210654
mean_s1_d1.0,2025-04-01,lead_week,3,0.897883682580337,1574244,160756
mean_s1_d1.0,2025-04-01,lead_week,4,0.8613772923075663,1465063,203091
mean_s1_d1.0,2025-04-01,lead_week,5,0.8610176373296894,1172343,162935
mean_s1_d1.0,2025-04-01,lead_week,6,0.8635582979268527,1170925,159763
mean_s1_d1.0,2025-04-01,lead_week,7,0.9121863073303259,1505813,132231
mean_s1_d1.0,2025-04-01,lead_week,8,0.8932224815439148,1518063,162095
mean_s1_d1.0,2025-04-01,lead_week,9,0.890925370270688,1125798,122796
median_s1_d0.0,2025-04-01,route,1,0.8719855601692064,1078683,138087
median_s1_d0.0,2025-04-01,route,5,,0,0
median_s1_d0.0,2025-04-01,route,7,0.8348244361120299,1568973,259156
median_s1_d0.0,2025-04-01,route,11,0.8781650433398843,1802266,219579
median_s1_d0.0,2025-04-01,route,12,0.8687698919979588,1900890,249454
median_s1_d0.0,2025-04-01,route,17,0.8399758771463917,2682933,429334
median_s1_d0.0,2025-04-01,route,25,0.7998035458588989,433689,86823
median_s1_d0.0,2025-04-01,route,26,0.8532611655836273,1083217,158950
median_s1_d0.0,2025-04-01,route,28,0.8489542887979257,607816,91808
median_s1_d0.0,2025-04-01,route,50,0.891963401944113,1260832,136216
median_s1_d0.0,2025-04-01,month,4,0.8313165725047668,6418378,1082674
median_s1_d0.0,2025-04-01,month,5,0.8855620662228348,6000921,686733
median_s1_d0.0,2025-04-01,lead_week,1,0.67506067874018,1392580,452504
median_s1_d0.0,2025-04-01,lead_week,2,0.8596050773852938,1494470,209816
median_s1_d0.0,2025-04-01,lead_week,3,0.897379313499051,1574244,161550
median_s1_d0.0,2025-04-01,lead_week,4,0.8565433704898697,1465063,210173
median_s1_d0.0,2025-04-01,lead_week,5,0.8606013769007875,1172343,163423
median_s1_d0.0,2025-04-01,lead_week,6,0.8589123983175695,1170925,165203
median_s1_d0.0,2025-04-01,lead_week,7,0.9132953427816071,1505813,130561
median_s1_d0.0,2025-04-01,lead_week,8,0.8980931621414922,1518063,154701
median_s1_d0.0,2025-04-01,lead_week,9,0.8920978719095255,1125798,121476
median_s1_d0.5,2025-04-01,route,1,0.8747148142688816,1078683,135143
median_s1_d0.5,2025-04-01,route,5,,0,0
median_s1_d0.5,2025-04-01,route,7,0.8378933225747034,1568973,254341
median_s1_d0.5,2025-04-01,route,11,0.877439290315636,1802266,220887
median_s1_d0.5,2025-04-01,route,12,0.8701492458795617,1900890,246832
median_s1_d0.5,2025-04-01,route,17,0.8400015952690582,2682933,429265
median_s1_d0.5,2025-04-01,route,25,0.8017703930696882,433689,85970
median_s1_d0.5,2025-04-01,route,26,0.8548194867695023,1083217,157262
median_s1_d0.5,2025-04-01,route,28,0.8534605867565184,607816,89069
median_s1_d0.5,2025-04-01,route,50,0.8916612205273978,1260832,136597
median_s1_d0.5,2025-04-01,month,4,0.8334879933839983,6418378,1068737
median_s1_d0.5,2025-04-01,month,5,0.8855793968959098,6000921,686629
median_s1_d0.5,2025-04-01,lead_week,1,0.6767855347628143,1392580,450102
median_s1_d0.5,2025-04-01,lead_week,2,0.8611748646677417,1494470,207470
median_s1_d0.5,2025-04-01,lead_week,3,0.898780621047309,1574244,159344
median_s1_d0.5,2025-04-01,lead_week,4,0.8600312751055756,1465063,205063
median_s1_d0.5,2025-04-01,lead_week,5,0.8610918476930387,1172343,162848
median_s1_d0.5,2025-04-01,lead_week,6,0.8607272028524457,1170925,163078
median_s1_d0.5,2025-04-01,lead_week,7,0.9140431115948661,1505813,129435
median_s1_d0.5,2025-04-01,lead_week,8,0.8969943935133127,1518063,156369
median_s1_d0.5,2025-04-01,lead_week,9,0.891937097063594,1125798,121657
median_s1_d1.0,2025-04-01,route,1,0.8750531898620818,1078683,134778
median_s1_d1.0,2025-04-01,route,5,,0,0
median_s1_d1.0,2025-04-01,route,7,0.8390482181656409,1568973,252529
median_s1_d1.0,2025-04-01,route,11,0.8736190995113928,1802266,227772
median_s1_d1.0,2025-04-01,route,12,0.8675573021058557,1900890,251759
median_s1_d1.0,2025-04-01,route,17,0.8373038014739839,2682933,436503
median_s1_d1.0,2025-04-01,route,25,0.8010325371406699,433689,86290
median_s1_d1.0,2025-04-01,route,26,0.8528798938716804,1083217,159363
median_s1_d1.0,2025-04-01,route,28,0.8549988812403754,607816,88134
median_s1_d1.0,2025-04-01,route,50,0.8865257226973935,1260832,143072
median_s1_d1.0,2025-04-01,month,4,0.8325003606830261,6418378,1075076
median_s1_d1.0,2025-04-01,month,5,0.8824973699870403,6000921,705124
median_s1_d1.0,2025-04-01,lead_week,1,0.6769866004107483,1392580,449822
median_s1_d1.0,2025-04-01,lead_week,2,0.858713791511372,1494470,211148
median_s1_d1.0,2025-04-01,lead_week,3,0.8967822014884606,1574244,162490
median_s1_d1.0,2025-04-01,lead_week,4,0.85938010856871,1465063,206017
median_s1_d1.0,2025-04-01,lead_week,5,0.8592092928434767,1172343,165055
median_s1_d1.0,2025-04-01,lead_week,6,0.8606289899011466,1170925,163193
median_s1_d1.0,2025-04-01,lead_week,7,0.910431773400814,1505813,134873
median_s1_d1.0,2025-04-01,lead_week,8,0.8922936663366409,1518063,163505
median_s1_d1.0,2025-04-01,lead_week,9,0.8897697455493792,1125798,124097
trim10_s1_d0.0,2025-04-01,route,1,0.8665242708005967,1078683,143978
trim10_s1_d0.0,2025-04-01,route,5,,0,0
trim10_s1_d0.0,2025-04-01,route,7,0.8305636872017556,1568973,265841
trim10_s1_d0.0,2025-04-01,route,11,0.880550373807196,1802266,215280
trim10_s1_d0.0,2025-04-01,route,12,0.8672821678266496,1900890,252282
trim10_s1_d0.0,2025-04-01,route,17,0.8383239536730884,2682933,433766
trim10_s1_d0.0,2025-04-01,route,25,0.7988881433469606,433689,87220
trim10_s1_d0.0,2025-04-01,route,26,0.8479224384403126,1083217,164733
trim10_s1_d0.0,2025-04-01,route,28,0.8463087513326402,607816,93416
trim10_s1_d0.0,2025-04-01,route,50,0.8928493248902312,1260832,135099
trim10_s1_d0.0,2025-04-01,month,4,0.827906365128386,6418378,1104562
trim10_s1_d0.0,2025-04-01,month,5,0.8855087410749116,6000921,687053
trim10_s1_d0.0,2025-04-01,lead_week,1,0.6770526648379267,1392580,449730
trim10_s1_d0.0,2025-04-01,lead_week,2,0.8548502144572993,1494470,216922
trim10_s1_d0.0,2025-04-01,lead_week,3,0.891526345344178,1574244,170764
trim10_s1_d0.0,2025-04-01,lead_week,4,0.8514364228705523,1465063,217655
trim10_s1_d0.0,2025-04-01,lead_week,5,0.8608291259469285,1172343,163156
trim10_s1_d0.0,2025-04-01,lead_week,6,0.8630433204517796,1170925,160366
trim10_s1_d0.0,2025-04-01,lead_week,7,0.9124373345163045,1505813,131853
trim10_s1_d0.0,2025-04-01,lead_week,8,0.8955939246263166,1518063,158495
trim10_s1_d0.0,2025-04-01,lead_week,9,0.8910337378463987,1125798,122674
trim10_s1_d0.5,2025-04-01,route,1,0.8729237412659697,1078683,137075
trim10_s1_d0.5,2025-04-01,route,5,,0,0
trim10_s1_d0.5,2025-04-01,route,7,0.8362336381824289,1568973,256945
trim10_s1_d0.5,2025-04-01,route,11,0.8800443441756101,1802266,216192
trim10_s1_d0.5,2025-04-01,route,12,0.8713134373898542,1900890,244619
trim10_s1_d0.5,2025-04-01,route,17,0.839771250344306,2682933,429883
trim10_s1_d0.5,2025-04-01,route,25,0.8026050925893901,433689,85608
trim10_s1_d0.5,2025-04-01,route,26,0.8523712238637318,1083217,159914
trim10_s1_d0.5,2025-04-01,route,28,0.8528650117798807,607816,89431
trim10_s1_d0.5,2025-04-01,route,50,0.8942365041496408,1260832,133350
trim10_s1_d0.5,2025-04-01,month,4,0.8326800010843861,6418378,1073923
trim10_s1_d0.5,2025-04-01,month,5,0.8868350374884122,6000921,679094
trim10_s1_d0.5,2025-04-01,lead_week,1,0.6782885004811214,1392580,448009
trim10_s1_d0.5,2025-04-01,lead_week,2,0.8594812876805824,1494470,210001
trim10_s1_d0.5,2025-04-01,lead_week,3,0.8966850119803538,1574244,162643
trim10_s1_d0.5,2025-04-01,lead_week,4,0.8585357762771977,1465063,207254
trim10_s1_d0.5,2025-04-01,lead_week,5,0.862481372772303,1172343,161219
trim10_s1_d0.5,2025-04-01,lead_week,6,0.8640570489143199,1170925,159179
trim10_s1_d0.5,2025-04-01,lead_week,7,0.9151528111392317,1505813,127764
trim10_s1_d0.5,2025-04-01,lead_week,8,0.8972440537711545,1518063,155990
trim10_s1_d0.5,2025-04-01,lead_week,9,0.8925579899768875,1125798,120958
trim10_s1_d1.0,2025-04-01,route,1,0.8754397723891079,1078683,134361
trim10_s1_d1.0,2025-04-01,route,5,,0,0
trim10_s1_d1.0,2025-04-01,route,7,0.8397008743936321,1568973,251505
trim10_s1_d1.0,2025-04-01,route,11,0.8749574147212453,1802266,225360
trim10_s1_d1.0,2025-04-01,route,12,0.8690876378959329,1900890,248850
trim10_s1_d1.0,2025-04-01,route,17,0.8369131841905855,2682933,437551
trim10_s1_d1.0,2025-04-01,route,25,0.8026004809898337,433689,85610
trim10_s1_d1.0,2025-04-01,route,26,0.8525706298922562,1083217,159698
trim10_s1_d1.0,2025-04-01,route,28,0.8558182081419377,607816,87636
trim10_s1_d1.0,2025-04-01,route,50,0.8889035176772163,1260832,140074
trim10_s1_d1.0,2025-04-01,month,4,0.8330453581886265,6418378,1071578
trim10_s1_d1.0,2025-04-01,month,5,0.8835067150525727,6000921,699067
trim10_s1_d1.0,2025-04-01,lead_week,1,0.6772271610966695,1392580,449487
trim10_s1_d1.0,2025-04-01,lead_week,2,0.8587746826634192,1494470,211057
trim10_s1_d1.0,2025-04-01,lead_week,3,0.8976289571375212,1574244,161157
trim10_s1_d1.0,2025-04-01,lead_week,4,0.8603090788587249,1465063,204656
trim10_s1_d1.0,2025-04-01,lead_week,5,0.8599437195428301,1172343,164194
trim10_s1_d1.0,2025-04-01,lead_week,6,0.8613830945619916,1170925,162310
trim10_s1_d1.0,2025-04-01,lead_week,7,0.9120421991309677,1505813,132448
trim10_s1_d1.0,2025-04-01,lead_week,8,0.8934154906614548,1518063,161802
trim10_s1_d1.0,2025-04-01,lead_week,9,0.8902698352635198,1125798,123534
q40_s1_d0.0,2025-04-01,route,1,0.86641116991739,1078683,144100
q40_s1_d0.0,2025-04-01,route,5,,0,0
q40_s1_d0.0,2025-04-01,route,7,0.8196559150476139,1568973,282955
q40_s1_d0.0,2025-04-01,route,11,0.8783315004555377,1802266,219279
q40_s1_d0.0,2025-04-01,route,12,0.8688656366228451,1900890,249272
q40_s1_d0.0,2025-04-01,route,17,0.8413478830816871,2682933,425653
q40_s1_d0.0,2025-04-01,route,25,0.7834807892291481,433689,93902
q40_s1_d0.0,2025-04-01,route,26,0.8419845700353669,1083217,171165
q40_s1_d0.0,2025-04-01,route,28,0.8414289850875922,607816,96382
q40_s1_d0.0,2025-04-01,route,50,0.8912852782924291,1260832,137071
q40_s1_d0.0,2025-04-01,month,4,0.8235336092701302,6418378,1132628
q40_s1_d0.0,2025-04-01,month,5,0.8854924102483602,6000921,687151
q40_s1_d0.0,2025-04-01,lead_week,1,0.6772386505622657,1392580,449471
q40_s1_d0.0,2025-04-01,lead_week,2,0.8481287680582414,1494470,226967
q40_s1_d0.0,2025-04-01,lead_week,3,0.8844099135839171,1574244,181967
q40_s1_d0.0,2025-04-01,lead_week,4,0.8483846769729356,1465063,222126
q40_s1_d0.0,2025-04-01,lead_week,5,0.8645950886387346,1172343,158741
q40_s1_d0.0,2025-04-01,lead_week,6,0.8640758374789163,1170925,159157
q40_s1_d0.0,2025-04-01,lead_week,7,0.9088014248781223,1505813,137328
q40_s1_d0.0,2025-04-01,lead_week,8,0.8935327453471957,1518063,161624
q40_s1_d0.0,2025-04-01,lead_week,9,0.8912788972799739,1125798,122398
q40_s1_d0.5,2025-04-01,route,1,0.8692210779255815,1078683,141069
q40_s1_d0.5,2025-04-01,route,5,,0,0
q40_s1_d0.5,2025-04-01,route,7,0.8225310441926024,1568973,278444
q40_s1_d0.5,2025-04-01,route,11,0.8793596505732229,1802266,217426
q40_s1_d0.5,2025-04-01,route,12,0.8713344801645545,1900890,244579
q40_s1_d0.5,2025-04-01,route,17,0.8423452989694488,2682933,422977
q40_s1_d0.5,2025-04-01,route,25,0.7856274888226356,433689,92971
q40_s1_d0.5,2025-04-01,route,26,0.8455978811263117,1083217,167251
q40_s1_d0.5,2025-04-01,route,28,0.8460636113560682,607816,93565
q40_s1_d0.5,2025-04-01,route,50,0.8922164094819929,1260832,135897
q40_s1_d0.5,2025-04-01,month,4,0.8270489834035951,6418378,1110065
q40_s1_d0.5,2025-04-01,month,5,0.8859984992303681,6000921,684114
q40_s1_d0.5,2025-04-01,lead_week,1,0.679753407344641,1392580,445969
q40_s1_d0.5,2025-04-01,lead_week,2,0.8512562982194356,1494470,222293
q40_s1_d0.5,2025-04-01,lead_week,3,0.8871401129685106,1574244,177669
q40_s1_d0.5,2025-04-01,lead_week,4,0.853124404889073,1465063,215182
q40_s1_d0.5,2025-04-01,lead_week,5,0.8658967554717348,1172343,157215
q40_s1_d0.5,2025-04-01,lead_week,6,0.8667335653436385,1170925,156045
q40_s1_d0.5,2025-04-01,lead_week,7,0.910101719137768,1505813,135370
q40_s1_d0.5,2025-04-01,lead_week,8,0.8934497448393117,1518063,161750
q40_s1_d0.5,2025-04-01,lead_week,9,0.8910230787405911,1125798,122686
q40_s1_d1.0,2025-04-01,route,1,0.8694639667075499,1078683,140807
q40_s1_d1.0,2025-04-01,route,5,,0,0
q40_s1_d1.0,2025-04-01,route,7,0.823314996497709,1568973,277214
q40_s1_d1.0,2025-04-01,route,11,0.8770109406713549,1802266,221659
q40_s1_d1.0,2025-04-01,route,12,0.8696173897490123,1900890,247843
q40_s1_d1.0,2025-04-01,route,17,0.8399874316652708,2682933,429303
q40_s1_d1.0,2025-04-01,route,25,0.7855260336323956,433689,93015
q40_s1_d1.0,2025-04-01,route,26,0.8451178295761607,1083217,167771
q40_s1_d1.0,2025-04-01,route,28,0.8483718756992248,607816,92162
q40_s1_d1.0,2025-04-01,route,50,0.8879263851171291,1260832,141306
q40_s1_d1.0,2025-04-01,month,4,0.8270656542821255,6418378,1109958
q40_s1_d1.0,2025-04-01,month,5,0.883164267618254,6000921,701122
q40_s1_d1.0,2025-04-01,lead_week,1,0.6803996897844289,1392580,445069
q40_s1_d1.0,2025-04-01,lead_week,2,0.849950149551346,1494470,224245
q40_s1_d1.0,2025-04-01,lead_week,3,0.8869330294414335,1574244,177995
q40_s1_d1.0,2025-04-01,lead_week,4,0.8528936980867035,1465063,215520
q40_s1_d1.0,2025-04-01,lead_week,5,0.8641387375537706,1172343,159276
q40_s1_d1.0,2025-04-01,lead_week,6,0.8673459017443474,1170925,155328
q40_s1_d1.0,2025-04-01,lead_week,7,0.9072952617622507,1505813,139596
q40_s1_d1.0,2025-04-01,lead_week,8,0.8891086865301374,1518063,168340
q40_s1_d1.0,2025-04-01,lead_week,9,0.8883360958182551,1125798,125711
q60_s1_d0.0,2025-04-01,route,1,0.8752886621926924,1078683,134524
q60_s1_d0.0,2025-04-01,route,5,,0,0
q60_s1_d0.0,2025-04-01,route,7,0.8450247391127828,1568973,243152
q60_s1_d0.0,2025-04-01,route,11,0.8732506744287469,1802266,228436
q60_s1_d0.0,2025-04-01,route,12,0.8652026156168953,1900890,256235
q60_s1_d0.0,2025-04-01,route,17,0.8353335696418808,2682933,441789
q60_s1_d0.0,2025-04-01,route,25,0.8121257398735038,433689,81479
q60_s1_d0.0,2025-04-01,route,26,0.8552441477561744,1083217,156802
q60_s1_d0.0,2025-04-01,route,28,0.8518482567092673,607816,90049
q60_s1_d0.0,2025-04-01,route,50,0.8886925458744702,1260832,140340
q60_s1_d0.0,2025-04-01,month,4,0.8346449835145265,6418378,1061311
q60_s1_d0.0,2025-04-01,month,5,0.8814356996201083,6000921,711495
q60_s1_d0.0,2025-04-01,lead_week,1,0.6694258139568283,1392580,460351
q60_s1_d0.0,2025-04-01,lead_week,2,0.8666758114916994,1494470,199249
q60_s1_d0.0,2025-04-01,lead_week,3,0.9057166487533064,1574244,148425
q60_s1_d0.0,2025-04-01,lead_week,4,0.8600674510242904,1465063,205010
q60_s1_d0.0,2025-04-01,lead_week,5,0.8507740482094404,1172343,174944
q60_s1_d0.0,2025-04-01,lead_week,6,0.8499066976962658,1170925,175748
q60_s1_d0.0,2025-04-01,lead_week,7,0.9133146014810604,1505813,130532
q60_s1_d0.0,2025-04-01,lead_week,8,0.8980490269507919,1518063,154768
q60_s1_d0.0,2025-04-01,lead_week,9,0.890052211853281,1125798,123779
q60_s1_d0.5,2025-04-01,route,1,0.8779817610919983,1078683,131619
q60_s1_d0.5,2025-04-01,route,5,,0,0
q60_s1_d0.5,2025-04-01,route,7,0.8487163259023578,1568973,237360
q60_s1_d0.5,2025-04-01,route,11,0.8713758124494386,1802266,231815
q60_s1_d0.5,2025-04-01,route,12,0.8648343670596405,1900890,256935
q60_s1_d0.5,2025-04-01,route,17,0.8347070165374983,2682933,443470
q60_s1_d0.5,2025-04-01,route,25,0.8133247557581584,433689,80959
q60_s1_d0.5,2025-04-01,route,26,0.8559965362434304,1083217,155987
q60_s1_d0.5,2025-04-01,route,28,0.8558889532358477,607816,87593
q60_s1_d0.5,2025-04-01,route,50,0.8874877858429989,1260832,141859
q60_s1_d0.5,2025-04-01,month,4,0.835930510792602,6418378,1053060
q60_s1_d0.5,2025-04-01,month,5,0.8809287774326641,6000921,714537
q60_s1_d0.5,2025-04-01,lead_week,1,0.6708038317367764,1392580,458432
q60_s1_d0.5,2025-04-01,lead_week,2,0.8672800390773987,1494470,198346
q60_s1_d0.5,2025-04-01,lead_week,3,0.9063906230546218,1574244,147364
q60_s1_d0.5,2025-04-01,lead_week,4,0.8619779490711321,1465063,202211
q60_s1_d0.5,2025-04-01,lead_week,5,0.8512679309724202,1172343,174365
q60_s1_d0.5,2025-04-01,lead_week,6,0.8503909302474539,1170925,175181
q60_s1_d0.5,2025-04-01,lead_week,7,0.9134733197282797,1505813,130293
q60_s1_d0.5,2025-04-01,lead_week,8,0.896621549962024,1518063,156935
q60_s1_d0.5,2025-04-01,lead_week,9,0.8894384250105258,1125798,124470
q60_s1_d1.0,2025-04-01,route,1,0.8775933244521328,1078683,132038
q60_s1_d1.0,2025-04-01,route,5,,0,0
q60_s1_d1.0,2025-04-01,route,7,0.8495315088277491,1568973,236081
q60_s1_d1.0,2025-04-01,route,11,0.866457559538936,1802266,240679
q60_s1_d1.0,2025-04-01,route,12,0.8615164475587751,1900890,263242
q60_s1_d1.0,2025-04-01,route,17,0.8314661603551039,2682933,452165
q60_s1_d1.0,2025-04-01,route,25,0.811406330342711,433689,81791
q60_s1_d1.0,2025-04-01,route,26,0.853762450183112,1083217,158407
q60_s1_d1.0,2025-04-01,route,28,0.8568102846914197,607816,87033
q60_s1_d1.0,2025-04-01,route,50,0.8820160021319255,1260832,148758
q60_s1_d1.0,2025-04-01,month,4,0.8341238238071986,6418378,1064656
q60_s1_d1.0,2025-04-01,month,5,0.8774291479591216,6000921,735538
q60_s1_d1.0,2025-04-01,lead_week,1,0.6705280845624668,1392580,458816
q60_s1_d1.0,2025-04-01,lead_week,2,0.8637697645319076,1494470,203592
q60_s1_d1.0,2025-04-01,lead_week,3,0.9033796539799421,1574244,152104
q60_s1_d1.0,2025-04-01,lead_week,4,0.86084898738143,1465063,203865
q60_s1_d1.0,2025-04-01,lead_week,5,0.8491456851791669,1172343,176853
q60_s1_d1.0,2025-04-01,lead_week,6,0.8490347374938617,1170925,176769
q60_s1_d1.0,2025-04-01,lead_week,7,0.9094927457791904,1505813,136287
q60_s1_d1.0,2025-04-01,lead_week,8,0.891625709868431,1518063,164519
q60_s1_d1.0,2025-04-01,lead_week,9,0.8868455975228238,1125798,127389
level_w28_c0.25,2025-04-01,route,1,0.8752478717102244,1078683,134568
level_w28_c0.25,2025-04-01,route,5,,0,0
level_w28_c0.25,2025-04-01,route,7,0.8484333382410022,1568973,237804
level_w28_c0.25,2025-04-01,route,11,0.8574694301507103,1802266,256878
level_w28_c0.25,2025-04-01,route,12,0.8537953274518778,1900890,277919
level_w28_c0.25,2025-04-01,route,17,0.819079716116653,2682933,485397
level_w28_c0.25,2025-04-01,route,25,0.823322703596356,433689,76623
level_w28_c0.25,2025-04-01,route,26,0.8355943453620096,1083217,178087
level_w28_c0.25,2025-04-01,route,28,0.8502935098779894,607816,90994
level_w28_c0.25,2025-04-01,route,50,0.884546870637801,1260832,145567
level_w28_c0.25,2025-04-01,month,4,0.8350059781458805,6418378,1058994
level_w28_c0.25,2025-04-01,month,5,0.8625472656613876,6000921,824843
level_w28_c0.25,2025-04-01,lead_week,1,0.6632846945956425,1392580,468903
level_w28_c0.25,2025-04-01,lead_week,2,0.8709248094642248,1494470,192899
level_w28_c0.25,2025-04-01,lead_week,3,0.9105456333325711,1574244,140823
level_w28_c0.25,2025-04-01,lead_week,4,0.8581781124770744,1465063,207778
level_w28_c0.25,2025-04-01,lead_week,5,0.8172565537560254,1172343,214238
level_w28_c0.25,2025-04-01,lead_week,6,0.8174178534064949,1170925,213790
level_w28_c0.25,2025-04-01,lead_week,7,0.9026652047764231,1505813,146568
level_w28_c0.25,2025-04-01,lead_week,8,0.8915736698674561,1518063,164598
level_w28_c0.25,2025-04-01,lead_week,9,0.8807601363654937,1125798,134240
level_w56_c0.25,2025-04-01,route,1,0.8768674392754868,1078683,132821
level_w56_c0.25,2025-04-01,route,5,,0,0
level_w56_c0.25,2025-04-01,route,7,0.8536596869417128,1568973,229604
level_w56_c0.25,2025-04-01,route,11,0.8682880329540701,1802266,237380
level_w56_c0.25,2025-04-01,route,12,0.8676204304299565,1900890,251639
level_w56_c0.25,2025-04-01,route,17,0.8309249615998611,2682933,453617
level_w56_c0.25,2025-04-01,route,25,0.8223289038919595,433689,77054
level_w56_c0.25,2025-04-01,route,26,0.8504500944870695,1083217,161995
level_w56_c0.25,2025-04-01,route,28,0.8553361543625044,607816,87929
level_w56_c0.25,2025-04-01,route,50,0.8892437691936753,1260832,139645
level_w56_c0.25,2025-04-01,month,4,0.8396367431148493,6418378,1029272
level_w56_c0.25,2025-04-01,month,5,0.8762836571252979,6000921,742412
level_w56_c0.25,2025-04-01,lead_week,1,0.6737918108833962,1392580,454271
level_w56_c0.25,2025-04-01,lead_week,2,0.8723795057779681,1494470,190725
level_w56_c0.25,2025-04-01,lead_week,3,0.911091927299707,1574244,139963
level_w56_c0.25,2025-04-01,lead_week,4,0.8641259795653838,1465063,199064
level_w56_c0.25,2025-04-01,lead_week,5,0.8400502242091266,1172343,187516
level_w56_c0.25,2025-04-01,lead_week,6,0.839998291948673,1170925,187350
level_w56_c0.25,2025-04-01,lead_week,7,0.9120847010883821,1505813,132384
level_w56_c0.25,2025-04-01,lead_week,8,0.8979620740377705,1518063,154900
level_w56_c0.25,2025-04-01,lead_week,9,0.8885137475817154,1125798,125511
level_w84_c0.25,2025-04-01,route,1,0.8716490386888456,1078683,138450
level_w84_c0.25,2025-04-01,route,5,,0,0
level_w84_c0.25,2025-04-01,route,7,0.8437557561538662,1568973,245143
level_w84_c0.25,2025-04-01,route,11,0.8784064061575816,1802266,219144
level_w84_c0.25,2025-04-01,route,12,0.8712760864647613,1900890,244690
level_w84_c0.25,2025-04-01,route,17,0.8370279839265461,2682933,437243
level_w84_c0.25,2025-04-01,route,25,0.8090959189649726,433689,82793
level_w84_c0.25,2025-04-01,route,26,0.8537245999647347,1083217,158448
level_w84_c0.25,2025-04-01,route,28,0.8542272661463337,607816,88603
level_w84_c0.25,2025-04-01,route,50,0.8943713357528997,1260832,133180
level_w84_c0.25,2025-04-01,month,4,0.835878628525774,6418378,1053393
level_w84_c0.25,2025-04-01,month,5,0.8843009264744528,6000921,694301
level_w84_c0.25,2025-04-01,lead_week,1,0.6805698774935731,1392580,444832
level_w84_c0.25,2025-04-01,lead_week,2,0.8645580038408265,1494470,202414
level_w84_c0.25,2025-04-01,lead_week,3,0.9008908403017576,1574244,156022
level_w84_c0.25,2025-04-01,lead_week,4,0.8604995143553553,1465063,204377
level_w84_c0.25,2025-04-01,lead_week,5,0.854173224047911,1172343,170959
level_w84_c0.25,2025-04-01,lead_week,6,0.8579251446505968,1170925,166359
level_w84_c0.25,2025-04-01,lead_week,7,0.9154005178597874,1505813,127391
level_w84_c0.25,2025-04-01,lead_week,8,0.8987071024061584,1518063,153769
level_w84_c0.25,2025-04-01,lead_week,9,0.8920134873218819,1125798,121571
level_w28_c0.5,2025-04-01,route,1,0.8752534340487428,1078683,134562
level_w28_c0.5,2025-04-01,route,5,,0,0
level_w28_c0.5,2025-04-01,route,7,0.8484919753239858,1568973,237712
level_w28_c0.5,2025-04-01,route,11,0.8567747491213838,1802266,258130
level_w28_c0.5,2025-04-01,route,12,0.8525553819526643,1900890,280276
level_w28_c0.5,2025-04-01,route,17,0.818851980276809,2682933,486008
level_w28_c0.5,2025-04-01,route,25,0.8230460076229741,433689,76743
level_w28_c0.5,2025-04-01,route,26,0.8271759028892641,1083217,187206
level_w28_c0.5,2025-04-01,route,28,0.8499973676244127,607816,91174
level_w28_c0.5,2025-04-01,route,50,0.8851242671505799,1260832,144839
level_w28_c0.5,2025-04-01,month,4,0.8351030431676041,6418378,1058371
level_w28_c0.5,2025-04-01,month,5,0.8603082760129653,6000921,838279
level_w28_c0.5,2025-04-01,lead_week,1,0.6651495784802309,1392580,466306
level_w28_c0.5,2025-04-01,lead_week,2,0.8706310598406124,1494470,193338
level_w28_c0.5,2025-04-01,lead_week,3,0.9106974522373914,1574244,140584
level_w28_c0.5,2025-04-01,lead_week,4,0.8571822508656625,1465063,209237
level_w28_c0.5,2025-04-01,lead_week,5,0.8145380660779311,1172343,217425
level_w28_c0.5,2025-04-01,lead_week,6,0.8137412729252513,1170925,218095
level_w28_c0.5,2025-04-01,lead_week,7,0.900844925631536,1505813,149309
level_w28_c0.5,2025-04-01,lead_week,8,0.8900961290802819,1518063,166841
level_w28_c0.5,2025-04-01,lead_week,9,0.8796276063734346,1125798,135515
level_w56_c0.5,2025-04-01,route,1,0.8768507522599318,1078683,132839
level_w56_c0.5,2025-04-01,route,5,,0,0
level_w56_c0.5,2025-04-01,route,7,0.8554831727505827,1568973,226743
level_w56_c0.5,2025-04-01,route,11,0.8677148656191706,1802266,238413
level_w56_c0.5,2025-04-01,route,12,0.8669365402521977,1900890,252939
level_w56_c0.5,2025-04-01,route,17,0.8307359893072246,2682933,454124
level_w56_c0.5,2025-04-01,route,25,0.822956081431625,433689,76782
level_w56_c0.5,2025-04-01,route,26,0.8455351051543689,1083217,167319
level_w56_c0.5,2025-04-01,route,28,0.8550120431183121,607816,88126
level_w56_c0.5,2025-04-01,route,50,0.8896998172635212,1260832,139070
level_w56_c0.5,2025-04-01,month,4,0.8405220135055929,6418378,1023590
level_w56_c0.5,2025-04-01,month,5,0.8745584219488975,6000921,752765
level_w56_c0.5,2025-04-01,lead_week,1,0.6758067759123354,1392580,451465
level_w56_c0.5,2025-04-01,lead_week,2,0.8732948804592933,1494470,189357
level_w56_c0.5,2025-04-01,lead_week,3,0.9121679993698563,1574244,138269
level_w56_c0.5,2025-04-01,lead_week,4,0.8640167692447356,1465063,199224
level_w56_c0.5,2025-04-01,lead_week,5,0.8380030417719047,1172343,189916
level_w56_c0.5,2025-04-01,lead_week,6,0.8369835813566198,1170925,190880
level_w56_c0.5,2025-04-01,lead_week,7,0.9107179975202764,1505813,134442
level_w56_c0.5,2025-04-01,lead_week,8,0.8969950522475022,1518063,156368
level_w56_c0.5,2025-04-01,lead_week,9,0.8876938846933464,1125798,126434
level_w84_c0.5,2025-04-01,route,1,0.8716360598989694,1078683,138464
level_w84_c0.5,2025-04-01,route,5,,0,0
level_w84_c0.5,2025-04-01,route,7,0.847504067947632,1568973,239262
level_w84_c0.5,2025-04-01,route,11,0.8781927861924932,1802266,219529
level_w84_c0.5,2025-04-01,route,12,0.8710130517810079,1900890,245190
level_w84_c0.5,2025-04-01,route,17,0.8369321932377738,2682933,437500
level_w84_c0.5,2025-04-01,route,25,0.8113509911480347,433689,81815
level_w84_c0.5,2025-04-01,route,26,0.854248963965669,1083217,157880
level_w84_c0.5,2025-04-01,route,28,0.8546714795266989,607816,88333
level_w84_c0.5,2025-04-01,route,50,0.8944046470901754,1260832,133138
level_w84_c0.5,2025-04-01,month,4,0.8376142695241695,6418378,1042253
level_w84_c0.5,2025-04-01,month,5,0.88354154303981,6000921,698858
level_w84_c0.5,2025-04-01,lead_week,1,0.6826832210716799,1392580,441889
level_w84_c0.5,2025-04-01,lead_week,2,0.8665821327962422,1494470,199389
level_w84_c0.5,2025-04-01,lead_week,3,0.9028162089231403,1574244,152991
level_w84_c0.5,2025-04-01,lead_week,4,0.8614885503217268,1465063,202928
level_w84_c0.5,2025-04-01,lead_week,5,0.8530941883049585,1172343,172224
level_w84_c0.5,2025-04-01,lead_week,6,0.8558712129299486,1170925,168764
level_w84_c0.5,2025-04-01,lead_week,7,0.9151382010913706,1505813,127786
level_w84_c0.5,2025-04-01,lead_week,8,0.8987868092430946,1518063,153648
level_w84_c0.5,2025-04-01,lead_week,9,0.8920836597684487,1125798,121492
level_w28_c1.0,2025-04-01,route,1,0.8752552881615823,1078683,134560
level_w28_c1.0,2025-04-01,route,5,,0,0
level_w28_c1.0,2025-04-01,route,7,0.8458214386098423,1568973,241902
level_w28_c1.0,2025-04-01,route,11,0.8553920453473571,1802266,260622
level_w28_c1.0,2025-04-01,route,12,0.8499181962133526,1900890,285289
level_w28_c1.0,2025-04-01,route,17,0.8184065722103384,2682933,487203
level_w28_c1.0,2025-04-01,route,25,0.8213374099873412,433689,77484
level_w28_c1.0,2025-04-01,route,26,0.8072943833045456,1083217,208742
level_w28_c1.0,2025-04-01,route,28,0.8478996933282441,607816,92449
level_w28_c1.0,2025-04-01,route,50,0.8862068856120403,1260832,143474
level_w28_c1.0,2025-04-01,month,4,0.8343436612801551,6418378,1063245
level_w28_c1.0,2025-04-01,month,5,0.855275548536633,6000921,868480
level_w28_c1.0,2025-04-01,lead_week,1,0.6686086257162964,1392580,461489
level_w28_c1.0,2025-04-01,lead_week,2,0.8683125121280454,1494470,196803
level_w28_c1.0,2025-04-01,lead_week,3,0.9101162208653805,1574244,141499
level_w28_c1.0,2025-04-01,lead_week,4,0.8542547317077832,1465063,213526
level_w28_c1.0,2025-04-01,lead_week,5,0.8085765002222046,1172343,224414
level_w28_c1.0,2025-04-01,lead_week,6,0.8060746845442706,1170925,227072
level_w28_c1.0,2025-04-01,lead_week,7,0.8964134324780035,1505813,155982
level_w28_c1.0,2025-04-01,lead_week,8,0.8866068140782036,1518063,172138
level_w28_c1.0,2025-04-01,lead_week,9,0.8767078996409657,1125798,138802
level_w56_c1.0,2025-04-01,route,1,0.8768507522599318,1078683,132839
level_w56_c1.0,2025-04-01,route,5,,0,0
level_w56_c1.0,2025-04-01,route,7,0.8562256966818422,1568973,225578
level_w56_c1.0,2025-04-01,route,11,0.8665912800885108,1802266,240438
level_w56_c1.0,2025-04-01,route,12,0.8654472378727859,1900890,255770
level_w56_c1.0,2025-04-01,route,17,0.8303203993539906,2682933,455239
level_w56_c1.0,2025-04-01,route,25,0.8233157861970214,433689,76626
level_w56_c1.0,2025-04-01,route,26,0.8304993366980024,1083217,183606
level_w56_c1.0,2025-04-01,route,28,0.8531545730944892,607816,89255
level_w56_c1.0,2025-04-01,route,50,0.8904715299104083,1260832,138097
level_w56_c1.0,2025-04-01,month,4,0.8411005085708569,6418378,1019877
level_w56_c1.0,2025-04-01,month,5,0.8704247231383316,6000921,777571
level_w56_c1.0,2025-04-01,lead_week,1,0.6795588045211047,1392580,446240
level_w56_c1.0,2025-04-01,lead_week,2,0.8732473719780256,1494470,189428
level_w56_c1.0,2025-04-01,lead_week,3,0.9131252842634305,1574244,136762
level_w56_c1.0,2025-04-01,lead_week,4,0.8623397082582797,1465063,201681
level_w56_c1.0,2025-04-01,lead_week,5,0.833175956183472,1172343,195575
level_w56_c1.0,2025-04-01,lead_week,6,0.8302615453594381,1170925,198751
level_w56_c1.0,2025-04-01,lead_week,7,0.9072653775734437,1505813,139641
level_w56_c1.0,2025-04-01,lead_week,8,0.8942909483993747,1518063,160473
level_w56_c1.0,2025-04-01,lead_week,9,0.8855061032263337,1125798,128897
level_w84_c1.0,2025-04-01,route,1,0.8716267893347721,1078683,138474
level_w84_c1.0,2025-04-01,route,5,,0,0
level_w84_c1.0,2025-04-01,route,7,0.8529235366064298,1568973,230759
level_w84_c1.0,2025-04-01,route,11,0.8777505651219076,1802266,220326
level_w84_c1.0,2025-04-01,route,12,0.8703722992913846,1900890,246408
level_w84_c1.0,2025-04-01,route,17,0.8367417300394755,2682933,438011
level_w84_c1.0,2025-04-01,route,25,0.8148903938075441,433689,80280
level_w84_c1.0,2025-04-01,route,26,0.8510787773825559,1083217,161314
level_w84_c1.0,2025-04-01,route,28,0.8541762638693289,607816,88634
level_w84_c1.0,2025-04-01,route,50,0.8943618182279638,1260832,133192
level_w84_c1.0,2025-04-01,month,4,0.8403711965858041,6418378,1024558
level_w84_c1.0,2025-04-01,month,5,0.8812115673577439,6000921,712840
level_w84_c1.0,2025-04-01,lead_week,1,0.6867354119691508,1392580,436246
level_w84_c1.0,2025-04-01,lead_week,2,0.8698080255876666,1494470,194568
level_w84_c1.0,2025-04-01,lead_week,3,0.9058062155548949,1574244,148284
level_w84_c1.0,2025-04-01,lead_week,4,0.8625594940285845,1465063,201359
level_w84_c1.0,2025-04-01,lead_week,5,0.8503270800439803,1172343,175468
level_w84_c1.0,2025-04-01,lead_week,6,0.8510955014198176,1170925,174356
level_w84_c1.0,2025-04-01,lead_week,7,0.9136937986323667,1505813,129961
level_w84_c1.0,2025-04-01,lead_week,8,0.89796273277196,1518063,154899
level_w84_c1.0,2025-04-01,lead_week,9,0.8914041417732133,1125798,122257
blend_h14_b0.25,2025-04-01,route,1,0.8741632156991442,1078683,135738
blend_h14_b0.25,2025-04-01,route,5,,0,0
blend_h14_b0.25,2025-04-01,route,7,0.8497176178302622,1568973,235789
blend_h14_b0.25,2025-04-01,route,11,0.8749524210077757,1802266,225369
blend_h14_b0.25,2025-04-01,route,12,0.8687730484141639,1900890,249448
blend_h14_b0.25,2025-04-01,route,17,0.8317863323459811,2682933,451306
blend_h14_b0.25,2025-04-01,route,25,0.8208693326323702,433689,77687
blend_h14_b0.25,2025-04-01,route,26,0.8527155685333594,1083217,159541
blend_h14_b0.25,2025-04-01,route,28,0.853488555747134,607816,89052
blend_h14_b0.25,2025-04-01,route,50,0.8917191188040913,1260832,136524
blend_h14_b0.25,2025-04-01,month,4,0.8385864777674359,6418378,1036013
blend_h14_b0.25,2025-04-01,month,5,0.8792783641044433,6000921,724441
blend_h14_b0.25,2025-04-01,lead_week,1,0.6755152307228309,1392580,451871
blend_h14_b0.25,2025-04-01,lead_week,2,0.8704229593099895,1494470,193649
blend_h14_b0.25,2025-04-01,lead_week,3,0.9072894671982235,1574244,145949
blend_h14_b0.25,2025-04-01,lead_week,4,0.8637642203782363,1465063,199594
blend_h14_b0.25,2025-04-01,lead_week,5,0.8440302880641587,1172343,182850
blend_h14_b0.25,2025-04-01,lead_week,6,0.845896193180605,1170925,180444
blend_h14_b0.25,2025-04-01,lead_week,7,0.9139215825603844,1505813,129618
blend_h14_b0.25,2025-04-01,lead_week,8,0.8989119687391103,1518063,153458
blend_h14_b0.25,2025-04-01,lead_week,9,0.8907255120367952,1125798,123021
blend_h28_b0.25,2025-04-01,route,1,0.8738257671623637,1078683,136102
blend_h28_b0.25,2025-04-01,route,5,,0,0
blend_h28_b0.25,2025-04-01,route,7,0.8452752214346582,1568973,242759
blend_h28_b0.25,2025-04-01,route,11,0.8785312489943216,1802266,218919
blend_h28_b0.25,2025-04-01,route,12,0.8715954105708379,1900890,244083
blend_h28_b0.25,2025-04-01,route,17,0.8354465057457641,2682933,441486
blend_h28_b0.25,2025-04-01,route,25,0.8157527629245842,433689,79906
blend_h28_b0.25,2025-04-01,route,26,0.8552838443266677,1083217,156759
blend_h28_b0.25,2025-04-01,route,28,0.8535642365452702,607816,89006
blend_h28_b0.25,2025-04-01,route,50,0.8938066292733687,1260832,133892
blend_h28_b0.25,2025-04-01,month,4,0.8369343469642954,6418378,1046617
blend_h28_b0.25,2025-04-01,month,5,0.8839686441464568,6000921,696295
blend_h28_b0.25,2025-04-01,lead_week,1,0.6780292694136064,1392580,448370
blend_h28_b0.25,2025-04-01,lead_week,2,0.8665814636627032,1494470,199390
blend_h28_b0.25,2025-04-01,lead_week,3,0.9031319160181014,1574244,152494
blend_h28_b0.25,2025-04-01,lead_week,4,0.8625485729965197,1465063,201375
blend_h28_b0.25,2025-04-01,lead_week,5,0.8532502859657967,1172343,172041
blend_h28_b0.25,2025-04-01,lead_week,6,0.8557080940282256,1170925,168955
blend_h28_b0.25,2025-04-01,lead_week,7,0.9157577999393018,1505813,126853
blend_h28_b0.25,2025-04-01,lead_week,8,0.8995542345739275,1518063,152483
blend_h28_b0.25,2025-04-01,lead_week,9,0.8925642077886086,1125798,120951
blend_h56_b0.25,2025-04-01,route,1,0.8714571380099622,1078683,138657
blend_h56_b0.25,2025-04-01,route,5,,0,0
blend_h56_b0.25,2025-04-01,route,7,0.8407665396408989,1568973,249833
blend_h56_b0.25,2025-04-01,route,11,0.8804455058243345,1802266,215469
blend_h56_b0.25,2025-04-01,route,12,0.8725354965305725,1900890,242296
blend_h56_b0.25,2025-04-01,route,17,0.8374815919741566,2682933,436026
blend_h56_b0.25,2025-04-01,route,25,0.8101635042622709,433689,82330
blend_h56_b0.25,2025-04-01,route,26,0.8542581957262487,1083217,157870
blend_h56_b0.25,2025-04-01,route,28,0.8526100003948563,607816,89586
blend_h56_b0.25,2025-04-01,route,50,0.8945981700972057,1260832,132894
blend_h56_b0.25,2025-04-01,month,4,0.8345236132867213,6418378,1062090
blend_h56_b0.25,2025-04-01,month,5,0.8862056341018321,6000921,682871
blend_h56_b0.25,2025-04-01,lead_week,1,0.6806100906231599,1392580,444776
blend_h56_b0.25,2025-04-01,lead_week,2,0.8621183429577041,1494470,206060
blend_h56_b0.25,2025-04-01,lead_week,3,0.8983207177540458,1574244,160068
blend_h56_b0.25,2025-04-01,lead_week,4,0.8597773611100683,1465063,205435
blend_h56_b0.25,2025-04-01,lead_week,5,0.858769148619474,1172343,165571
blend_h56_b0.25,2025-04-01,lead_week,6,0.8618092533680637,1170925,161811
blend_h56_b0.25,2025-04-01,lead_week,7,0.9153194985034663,1505813,127513
blend_h56_b0.25,2025-04-01,lead_week,8,0.8988968178527506,1518063,153481
blend_h56_b0.25,2025-04-01,lead_week,9,0.8931904302548059,1125798,120246
blend_h14_b0.5,2025-04-01,route,1,0.8728421603010338,1078683,137163
blend_h14_b0.5,2025-04-01,route,5,,0,0
blend_h14_b0.5,2025-04-01,route,7,0.8459374380566141,1568973,241720
blend_h14_b0.5,2025-04-01,route,11,0.8789124357891677,1802266,218232
blend_h14_b0.5,2025-04-01,route,12,0.8714023431129629,1900890,244450
blend_h14_b0.5,2025-04-01,route,17,0.8348192071885507,2682933,443169
blend_h14_b0.5,2025-04-01,route,25,0.8165943798436206,433689,79541
blend_h14_b0.5,2025-04-01,route,26,0.8549736571711855,1083217,157095
blend_h14_b0.5,2025-04-01,route,28,0.8532220277189149,607816,89214
blend_h14_b0.5,2025-04-01,route,50,0.8938883213624019,1260832,133789
blend_h14_b0.5,2025-04-01,month,4,0.8370454342202968,6418378,1045904
blend_h14_b0.5,2025-04-01,month,5,0.8836063664227541,6000921,698469
blend_h14_b0.5,2025-04-01,lead_week,1,0.67878039322696,1392580,447324
blend_h14_b0.5,2025-04-01,lead_week,2,0.8666590831532249,1494470,199274
blend_h14_b0.5,2025-04-01,lead_week,3,0.9029680278279606,1574244,152752
blend_h14_b0.5,2025-04-01,lead_week,4,0.8623533595483608,1465063,201661
blend_h14_b0.5,2025-04-01,lead_week,5,0.8523896163494813,1172343,173050
blend_h14_b0.5,2025-04-01,lead_week,6,0.8550820932169012,1170925,169688
blend_h14_b0.5,2025-04-01,lead_week,7,0.9154815372161085,1505813,127269
blend_h14_b0.5,2025-04-01,lead_week,8,0.8994580593822522,1518063,152629
blend_h14_b0.5,2025-04-01,lead_week,9,0.8927640660225014,1125798,120726
blend_h28_b0.5,2025-04-01,route,1,0.871881729850197,1078683,138199
blend_h28_b0.5,2025-04-01,route,5,,0,0
blend_h28_b0.5,2025-04-01,route,7,0.84202341276746,1568973,247861
blend_h28_b0.5,2025-04-01,route,11,0.8801936007226459,1802266,215923
blend_h28_b0.5,2025-04-01,route,12,0.872380306067158,1900890,242591
blend_h28_b0.5,2025-04-01,route,17,0.8368330480112622,2682933,437766
blend_h28_b0.5,2025-04-01,route,25,0.8118329033016747,433689,81606
blend_h28_b0.5,2025-04-01,route,26,0.8548130245370964,1083217,157269
blend_h28_b0.5,2025-04-01,route,28,0.8528271713808127,607816,89454
blend_h28_b0.5,2025-04-01,route,50,0.8945022017207686,1260832,133015
blend_h28_b0.5,2025-04-01,month,4,0.8351809444691478,6418378,1057871
blend_h28_b0.5,2025-04-01,month,5,0.8857153760231138,6000921,685813
blend_h28_b0.5,2025-04-01,lead_week,1,0.6801576929153083,1392580,445406
blend_h28_b0.5,2025-04-01,lead_week,2,0.8632625613093605,1494470,204350
blend_h28_b0.5,2025-04-01,lead_week,3,0.8995200235795722,1574244,158180
blend_h28_b0.5,2025-04-01,lead_week,4,0.8604790374202338,1465063,204407
blend_h28_b0.5,2025-04-01,lead_week,5,0.8572823823744415,1172343,167314
blend_h28_b0.5,2025-04-01,lead_week,6,0.8603531396118453,1170925,163516
blend_h28_b0.5,2025-04-01,lead_week,7,0.9155306801043689,1505813,127195
blend_h28_b0.5,2025-04-01,lead_week,8,0.8992024705167045,1518063,153017
blend_h28_b0.5,2025-04-01,lead_week,9,0.893143352537489,1125798,120299
blend_h56_b0.5,2025-04-01,route,1,0.8699719936255601,1078683,140259
blend_h56_b0.5,2025-04-01,route,5,,0,0
blend_h56_b0.5,2025-04-01,route,7,0.8385274953743627,1568973,253346
blend_h56_b0.5,2025-04-01,route,11,0.8809204634609985,1802266,214613
blend_h56_b0.5,2025-04-01,route,12,0.8726228240455787,1900890,242130
blend_h56_b0.5,2025-04-01,route,17,0.8379191727859026,2682933,434852
blend_h56_b0.5,2025-04-01,route,25,0.807657099903387,433689,83417
blend_h56_b0.5,2025-04-01,route,26,0.8529315917309275,1083217,159307
blend_h56_b0.5,2025-04-01,route,28,0.8520308777656396,607816,89938
blend_h56_b0.5,2025-04-01,route,50,0.8945767556660998,1260832,132921
blend_h56_b0.5,2025-04-01,month,4,0.8332245311821772,6418378,1070428
blend_h56_b0.5,2025-04-01,month,5,0.8866249030773776,6000921,680355
blend_h56_b0.5,2025-04-01,lead_week,1,0.6817547286331844,1392580,443182
blend_h56_b0.5,2025-04-01,lead_week,2,0.8599209084156925,1494470,209344
blend_h56_b0.5,2025-04-01,lead_week,3,0.8959780059507929,1574244,163756
blend_h56_b0.5,2025-04-01,lead_week,4,0.8581146339781975,1465063,207871
blend_h56_b0.5,2025-04-01,lead_week,5,0.8604802519399186,1172343,163565
blend_h56_b0.5,2025-04-01,lead_week,6,0.8638896598842796,1170925,159375
blend_h56_b0.5,2025-04-01,lead_week,7,0.9145425095944848,1505813,128683
blend_h56_b0.5,2025-04-01,lead_week,8,0.8980523206217397,1518063,154763
blend_h56_b0.5,2025-04-01,lead_week,9,0.8931922067724405,1125798,120244
blend_h14_b0.75,2025-04-01,route,1,0.8703131503880195,1078683,139891
blend_h14_b0.75,2025-04-01,route,5,,0,0
blend_h14_b0.75,2025-04-01,route,7,0.8406116612586705,1568973,250076
blend_h14_b0.75,2025-04-01,route,11,0.8809604131687553,1802266,214541
blend_h14_b0.75,2025-04-01,route,12,0.8723929317319782,1900890,242567
blend_h14_b0.75,2025-04-01,route,17,0.8369922021906622,2682933,437339
blend_h14_b0.75,2025-04-01,route,25,0.81012661146582,433689,82346
blend_h14_b0.75,2025-04-01,route,26,0.854089254507638,1083217,158053
blend_h14_b0.75,2025-04-01,route,28,0.8522233702304645,607816,89821
blend_h14_b0.75,2025-04-01,route,50,0.8945696175223979,1260832,132930
blend_h14_b0.75,2025-04-01,month,4,0.8341746154558052,6418378,1064330
blend_h14_b0.75,2025-04-01,month,5,0.8861451433871568,6000921,683234
blend_h14_b0.75,2025-04-01,lead_week,1,0.6815673067256459,1392580,443443
blend_h14_b0.75,2025-04-01,lead_week,2,0.8614231132107035,1494470,207099
blend_h14_b0.75,2025-04-01,lead_week,3,0.8974942893223667,1574244,161369
blend_h14_b0.75,2025-04-01,lead_week,4,0.8590340483651556,1465063,206524
blend_h14_b0.75,2025-04-01,lead_week,5,0.8587077331463573,1172343,165643
blend_h14_b0.75,2025-04-01,lead_week,6,0.8621594038900868,1170925,161401
blend_h14_b0.75,2025-04-01,lead_week,7,0.9150000697297739,1505813,127994
blend_h14_b0.75,2025-04-01,lead_week,8,0.8985588872135083,1518063,153994
blend_h14_b0.75,2025-04-01,lead_week,9,0.8933227808185837,1125798,120097
blend_h28_b0.75,2025-04-01,route,1,0.86949734073866,1078683,140771
blend_h28_b0.75,2025-04-01,route,5,,0,0
blend_h28_b0.75,2025-04-01,route,7,0.8380915414095718,1568973,254030
blend_h28_b0.75,2025-04-01,route,11,0.8810419771554254,1802266,214394
blend_h28_b0.75,2025-04-01,route,12,0.8725602217908454,1900890,242249
blend_h28_b0.75,2025-04-01,route,17,0.8378013912386183,2682933,435168
blend_h28_b0.75,2025-04-01,route,25,0.8072351385439797,433689,83600
blend_h28_b0.75,2025-04-01,route,26,0.8526047874064016,1083217,159661
blend_h28_b0.75,2025-04-01,route,28,0.8517495426247417,607816,90109
blend_h28_b0.75,2025-04-01,route,50,0.8944863391792086,1260832,133035
blend_h28_b0.75,2025-04-01,month,4,0.832893294848013,6418378,1072554
blend_h28_b0.75,2025-04-01,month,5,0.8866069058399536,6000921,680463
blend_h28_b0.75,2025-04-01,lead_week,1,0.6820807422194775,1392580,442728
blend_h28_b0.75,2025-04-01,lead_week,2,0.8593989842552878,1494470,210124
blend_h28_b0.75,2025-04-01,lead_week,3,0.8953910575488933,1574244,164680
blend_h28_b0.75,2025-04-01,lead_week,4,0.8576382039543692,1465063,208569
blend_h28_b0.75,2025-04-01,lead_week,5,0.8605936999666479,1172343,163432
blend_h28_b0.75,2025-04-01,lead_week,6,0.8642065034054274,1170925,159004
blend_h28_b0.75,2025-04-01,lead_week,7,0.9142821851053219,1505813,129075
blend_h28_b0.75,2025-04-01,lead_week,8,0.8978151763134995,1518063,155123
blend_h28_b0.75,2025-04-01,lead_week,9,0.893158452937383,1125798,120282
blend_h56_b0.75,2025-04-01,route,1,0.8682856779980773,1078683,142078
blend_h56_b0.75,2025-04-01,route,5,,0,0
blend_h56_b0.75,2025-04-01,route,7,0.8360864081153723,1568973,257176
blend_h56_b0.75,2025-04-01,route,11,0.8811329737119826,1802266,214230
blend_h56_b0.75,2025-04-01,route,12,0.8724476429461989,1900890,242463
blend_h56_b0.75,2025-04-01,route,17,0.8382084084842969,2682933,434076
blend_h56_b0.75,2025-04-01,route,25,0.8048901401695685,433689,84617
blend_h56_b0.75,2025-04-01,route,26,0.8510750846783239,1083217,161318
blend_h56_b0.75,2025-04-01,route,28,0.8513464601129289,607816,90354
blend_h56_b0.75,2025-04-01,route,50,0.8942555391995127,1260832,133326
blend_h56_b0.75,2025-04-01,month,4,0.8317132459322277,6418378,1080128
blend_h56_b0.75,2025-04-01,month,5,0.8867657147961121,6000921,679510
blend_h56_b0.75,2025-04-01,lead_week,1,0.6827973976360424,1392580,441730
blend_h56_b0.75,2025-04-01,lead_week,2,0.8574946302033497,1494470,212970
blend_h56_b0.75,2025-04-01,lead_week,3,0.893445996935672,1574244,167742
blend_h56_b0.75,2025-04-01,lead_week,4,0.856232121076022,1465063,210629
blend_h56_b0.75,2025-04-01,lead_week,5,0.8618962197923304,1172343,161905
blend_h56_b0.75,2025-04-01,lead_week,6,0.8657189828554348,1170925,157233
blend_h56_b0.75,2025-04-01,lead_week,7,0.9133537829730518,1505813,130473
blend_h56_b0.75,2025-04-01,lead_week,8,0.8969522345251811,1518063,156433
blend_h56_b0.75,2025-04-01,lead_week,9,0.8929443825624135,1125798,120523
baseline,2025-05-01,route,1,0.8658927808102065,973184,130511
baseline,2025-05-01,route,5,,0,0
baseline,2025-05-01,route,7,0.8440332356956628,1354327,211230
baseline,2025-05-01,route,11,0.8758163884577179,1728497,214651
baseline,2025-05-01,route,12,0.8647460295534694,1802631,243813
baseline,2025-05-01,route,17,0.9005903439704624,2755004,273874
baseline,2025-05-01,route,25,0.8189202997712435,389497,70530
baseline,2025-05-01,route,26,0.8217055467659583,901318,160700
baseline,2025-05-01,route,28,0.8149177825483394,535227,99061
baseline,2025-05-01,route,50,0.846553959199909,1116223,171280
baseline,2025-05-01,month,5,0.8939774411294533,6000921,636233
baseline,2025-05-01,month,6,0.8308876330403654,5554987,939417
baseline,2025-05-01,lead_week,1,0.8745943927181767,1151360,144387
baseline,2025-05-01,lead_week,2,0.8822962925582021,1188960,139945
baseline,2025-05-01,lead_week,3,0.9101445236714797,1514354,136073
baseline,2025-05-01,lead_week,4,0.9024971753198012,1518756,148083
baseline,2025-05-01,lead_week,5,0.9007525223585839,1469458,145840
baseline,2025-05-01,lead_week,6,0.8766858988232882,1404592,173206
baseline,2025-05-01,lead_week,7,0.6647114355843665,1112230,372918
baseline,2025-05-01,lead_week,8,0.8673856457816167,1327345,176025
baseline,2025-05-01,lead_week,9,0.8398198544517887,868853,139173
mean_w7,2025-05-01,route,1,0.8543677249112193,973184,141727
mean_w7,2025-05-01,route,5,,0,0
mean_w7,2025-05-01,route,7,0.830217517630528,1354327,229941
mean_w7,2025-05-01,route,11,0.8494269877240168,1728497,260265
mean_w7,2025-05-01,route,12,0.8527263760581062,1802631,265480
mean_w7,2025-05-01,route,17,0.6615090214025098,2755004,932544
mean_w7,2025-05-01,route,25,0.7522522638171796,389497,96497
mean_w7,2025-05-01,route,26,0.8095355912119807,901318,171669
mean_w7,2025-05-01,route,28,0.7958585796306987,535227,109262
mean_w7,2025-05-01,route,50,0.8372852019712906,1116223,181626
mean_w7,2025-05-01,month,5,0.8106404000319285,6000921,1136332
mean_w7,2025-05-01,month,6,0.774494701787781,5554987,1252679
mean_w7,2025-05-01,lead_week,1,0.761134658143413,1151360,275020
mean_w7,2025-05-01,lead_week,2,0.7614167003095142,1188960,283666
mean_w7,2025-05-01,lead_week,3,0.8501030802573243,1514354,226997
mean_w7,2025-05-01,lead_week,4,0.8405662265696399,1518756,242141
mean_w7,2025-05-01,lead_week,5,0.8351453393019739,1469458,242247
mean_w7,2025-05-01,lead_week,6,0.8109764258944946,1404592,265501
mean_w7,2025-05-01,lead_week,7,0.7057281317713062,1112230,327298
mean_w7,2025-05-01,lead_week,8,0.7787327333888325,1327345,293698
mean_w7,2025-05-01,lead_week,9,0.7324714307253356,868853,232443
median_w7,2025-05-01,route,1,0.8543677249112193,973184,141727
median_w7,2025-05-01,route,5,,0,0
median_w7,2025-05-01,route,7,0.830217517630528,1354327,229941
median_w7,2025-05-01,route,11,0.8494269877240168,1728497,260265
median_w7,2025-05-01,route,12,0.8527263760581062,1802631,265480
median_w7,2025-05-01,route,17,0.6615090214025098,2755004,932544
median_w7,2025-05-01,route,25,0.7522522638171796,389497,96497
median_w7,2025-05-01,route,26,0.8095355912119807,901318,171669
median_w7,2025-05-01,route,28,0.7958585796306987,535227,109262
median_w7,2025-05-01,route,50,0.8372852019712906,1116223,181626
median_w7,2025-05-01,month,5,0.8106404000319285,6000921,1136332
median_w7,2025-05-01,month,6,0.774494701787781,5554987,1252679
median_w7,2025-05-01,lead_week,1,0.761134658143413,1151360,275020
median_w7,2025-05-01,lead_week,2,0.7614167003095142,1188960,283666
median_w7,2025-05-01,lead_week,3,0.8501030802573243,1514354,226997
median_w7,2025-05-01,lead_week,4,0.8405662265696399,1518756,242141
median_w7,2025-05-01,lead_week,5,0.8351453393019739,1469458,242247
median_w7,2025-05-01,lead_week,6,0.8109764258944946,1404592,265501
median_w7,2025-05-01,lead_week,7,0.7057281317713062,1112230,327298
median_w7,2025-05-01,lead_week,8,0.7787327333888325,1327345,293698
median_w7,2025-05-01,lead_week,9,0.7324714307253356,868853,232443
trim10_w7,2025-05-01,route,1,0.8543677249112193,973184,141727
trim10_w7,2025-05-01,route,5,,0,0
trim10_w7,2025-05-01,route,7,0.830217517630528,1354327,229941
trim10_w7,2025-05-01,route,11,0.8494269877240168,1728497,260265
trim10_w7,2025-05-01,route,12,0.8527263760581062,1802631,265480
trim10_w7,2025-05-01,route,17,0.6615090214025098,2755004,932544
trim10_w7,2025-05-01,route,25,0.7522522638171796,389497,96497
trim10_w7,2025-05-01,route,26,0.8095355912119807,901318,171669
trim10_w7,2025-05-01,route,28,0.7958585796306987,535227,109262
trim10_w7,2025-05-01,route,50,0.8372852019712906,1116223,181626
trim10_w7,2025-05-01,month,5,0.8106404000319285,6000921,1136332
trim10_w7,2025-05-01,month,6,0.774494701787781,5554987,1252679
trim10_w7,2025-05-01,lead_week,1,0.761134658143413,1151360,275020
trim10_w7,2025-05-01,lead_week,2,0.7614167003095142,1188960,283666
trim10_w7,2025-05-01,lead_week,3,0.8501030802573243,1514354,226997
trim10_w7,2025-05-01,lead_week,4,0.8405662265696399,1518756,242141
trim10_w7,2025-05-01,lead_week,5,0.8351453393019739,1469458,242247
trim10_w7,2025-05-01,lead_week,6,0.8109764258944946,1404592,265501
trim10_w7,2025-05-01,lead_week,7,0.7057281317713062,1112230,327298
trim10_w7,2025-05-01,lead_week,8,0.7787327333888325,1327345,293698
trim10_w7,2025-05-01,lead_week,9,0.7324714307253356,868853,232443
q40_w7,2025-05-01,route,1,0.8543677249112193,973184,141727
q40_w7,2025-05-01,route,5,,0,0
q40_w7,2025-05-01,route,7,0.830217517630528,1354327,229941
q40_w7,2025-05-01,route,11,0.8494269877240168,1728497,260265
q40_w7,2025-05-01,route,12,0.8527263760581062,1802631,265480
q40_w7,2025-05-01,route,17,0.6615090214025098,2755004,932544
q40_w7,2025-05-01,route,25,0.7522522638171796,389497,96497
q40_w7,2025-05-01,route,26,0.8095355912119807,901318,171669
q40_w7,2025-05-01,route,28,0.7958585796306987,535227,109262
q40_w7,2025-05-01,route,50,0.8372852019712906,1116223,181626
q40_w7,2025-05-01,month,5,0.8106404000319285,6000921,1136332
q40_w7,2025-05-01,month,6,0.774494701787781,5554987,1252679
q40_w7,2025-05-01,lead_week,1,0.761134658143413,1151360,275020
q40_w7,2025-05-01,lead_week,2,0.7614167003095142,1188960,283666
q40_w7,2025-05-01,lead_week,3,0.8501030802573243,1514354,226997
q40_w7,2025-05-01,lead_week,4,0.8405662265696399,1518756,242141
q40_w7,2025-05-01,lead_week,5,0.8351453393019739,1469458,242247
q40_w7,2025-05-01,lead_week,6,0.8109764258944946,1404592,265501
q40_w7,2025-05-01,lead_week,7,0.7057281317713062,1112230,327298
q40_w7,2025-05-01,lead_week,8,0.7787327333888325,1327345,293698
q40_w7,2025-05-01,lead_week,9,0.7324714307253356,868853,232443
q60_w7,2025-05-01,route,1,0.8543677249112193,973184,141727
q60_w7,2025-05-01,route,5,,0,0
q60_w7,2025-05-01,route,7,0.830217517630528,1354327,229941
q60_w7,2025-05-01,route,11,0.8494269877240168,1728497,260265
q60_w7,2025-05-01,route,12,0.8527263760581062,1802631,265480
q60_w7,2025-05-01,route,17,0.6615090214025098,2755004,932544
q60_w7,2025-05-01,route,25,0.7522522638171796,389497,96497
q60_w7,2025-05-01,route,26,0.8095355912119807,901318,171669
q60_w7,2025-05-01,route,28,0.7958585796306987,535227,109262
q60_w7,2025-05-01,route,50,0.8372852019712906,1116223,181626
q60_w7,2025-05-01,month,5,0.8106404000319285,6000921,1136332
q60_w7,2025-05-01,month,6,0.774494701787781,5554987,1252679
q60_w7,2025-05-01,lead_week,1,0.761134658143413,1151360,275020
q60_w7,2025-05-01,lead_week,2,0.7614167003095142,1188960,283666
q60_w7,2025-05-01,lead_week,3,0.8501030802573243,1514354,226997
q60_w7,2025-05-01,lead_week,4,0.8405662265696399,1518756,242141
q60_w7,2025-05-01,lead_week,5,0.8351453393019739,1469458,242247
q60_w7,2025-05-01,lead_week,6,0.8109764258944946,1404592,265501
q60_w7,2025-05-01,lead_week,7,0.7057281317713062,1112230,327298
q60_w7,2025-05-01,lead_week,8,0.7787327333888325,1327345,293698
q60_w7,2025-05-01,lead_week,9,0.7324714307253356,868853,232443
mean_w14,2025-05-01,route,1,0.8380696764435092,973184,157588
mean_w14,2025-05-01,route,5,,0,0
mean_w14,2025-05-01,route,7,0.8300919940309837,1354327,230111
mean_w14,2025-05-01,route,11,0.8547177113989785,1728497,251120
mean_w14,2025-05-01,route,12,0.8634196349668901,1802631,246204
mean_w14,2025-05-01,route,17,0.8221095141785638,2755004,490089
mean_w14,2025-05-01,route,25,0.7718544687122109,389497,88862
mean_w14,2025-05-01,route,26,0.7930930038011001,901318,186489
mean_w14,2025-05-01,route,28,0.8077993075835113,535227,102871
mean_w14,2025-05-01,route,50,0.8418613484939838,1116223,176518
mean_w14,2025-05-01,month,5,0.8555248436031736,6000921,866984
mean_w14,2025-05-01,month,6,0.8086641786920473,5554987,1062868
mean_w14,2025-05-01,lead_week,1,0.8129360061145081,1151360,215378
mean_w14,2025-05-01,lead_week,2,0.8230335755618355,1188960,210406
mean_w14,2025-05-01,lead_week,3,0.8861699444119406,1514354,172379
mean_w14,2025-05-01,lead_week,4,0.8805963564917604,1518756,181345
mean_w14,2025-05-01,lead_week,5,0.8690326637440471,1469458,192451
mean_w14,2025-05-01,lead_week,6,0.8390244284461252,1404592,226105
mean_w14,2025-05-01,lead_week,7,0.762383679634608,1112230,264284
mean_w14,2025-05-01,lead_week,8,0.8014849191431015,1327345,263498
mean_w14,2025-05-01,lead_week,9,0.7652007877051699,868853,204006
median_w14,2025-05-01,route,1,0.8380696764435092,973184,157588
median_w14,2025-05-01,route,5,,0,0
median_w14,2025-05-01,route,7,0.8300919940309837,1354327,230111
median_w14,2025-05-01,route,11,0.8547177113989785,1728497,251120
median_w14,2025-05-01,route,12,0.8634196349668901,1802631,246204
median_w14,2025-05-01,route,17,0.8221095141785638,2755004,490089
median_w14,2025-05-01,route,25,0.7718544687122109,389497,88862
median_w14,2025-05-01,route,26,0.7930930038011001,901318,186489
median_w14,2025-05-01,route,28,0.8077993075835113,535227,102871
median_w14,2025-05-01,route,50,0.8418613484939838,1116223,176518
median_w14,2025-05-01,month,5,0.8555248436031736,6000921,866984
median_w14,2025-05-01,month,6,0.8086641786920473,5554987,1062868
median_w14,2025-05-01,lead_week,1,0.8129360061145081,1151360,215378
median_w14,2025-05-01,lead_week,2,0.8230335755618355,1188960,210406
median_w14,2025-05-01,lead_week,3,0.8861699444119406,1514354,172379
median_w14,2025-05-01,lead_week,4,0.8805963564917604,1518756,181345
median_w14,2025-05-01,lead_week,5,0.8690326637440471,1469458,192451
median_w14,2025-05-01,lead_week,6,0.8390244284461252,1404592,226105
median_w14,2025-05-01,lead_week,7,0.762383679634608,1112230,264284
median_w14,2025-05-01,lead_week,8,0.8014849191431015,1327345,263498
median_w14,2025-05-01,lead_week,9,0.7652007877051699,868853,204006
trim10_w14,2025-05-01,route,1,0.8380696764435092,973184,157588
trim10_w14,2025-05-01,route,5,,0,0
trim10_w14,2025-05-01,route,7,0.8300919940309837,1354327,230111
trim10_w14,2025-05-01,route,11,0.8547177113989785,1728497,251120
trim10_w14,2025-05-01,route,12,0.8634196349668901,1802631,246204
trim10_w14,2025-05-01,route,17,0.8221095141785638,2755004,490089
trim10_w14,2025-05-01,route,25,0.7718544687122109,389497,88862
trim10_w14,2025-05-01,route,26,0.7930930038011001,901318,186489
trim10_w14,2025-05-01,route,28,0.8077993075835113,535227,102871
trim10_w14,2025-05-01,route,50,0.8418613484939838,1116223,176518
trim10_w14,2025-05-01,month,5,0.8555248436031736,6000921,866984
trim10_w14,2025-05-01,month,6,0.8086641786920473,5554987,1062868
trim10_w14,2025-05-01,lead_week,1,0.8129360061145081,1151360,215378
trim10_w14,2025-05-01,lead_week,2,0.8230335755618355,1188960,210406
trim10_w14,2025-05-01,lead_week,3,0.8861699444119406,1514354,172379
trim10_w14,2025-05-01,lead_week,4,0.8805963564917604,1518756,181345
trim10_w14,2025-05-01,lead_week,5,0.8690326637440471,1469458,192451
trim10_w14,2025-05-01,lead_week,6,0.8390244284461252,1404592,226105
trim10_w14,2025-05-01,lead_week,7,0.762383679634608,1112230,264284
trim10_w14,2025-05-01,lead_week,8,0.8014849191431015,1327345,263498
trim10_w14,2025-05-01,lead_week,9,0.7652007877051699,868853,204006
q40_w14,2025-05-01,route,1,0.8456561143627516,973184,150205
q40_w14,2025-05-01,route,5,,0,0
q40_w14,2025-05-01,route,7,0.8367543436703249,1354327,221088
q40_w14,2025-05-01,route,11,0.8592152604256762,1728497,243346
q40_w14,2025-05-01,route,12,0.8668401908099883,1802631,240038
q40_w14,2025-05-01,route,17,0.7913665461102779,2755004,574786
q40_w14,2025-05-01,route,25,0.7807325858735754,389497,85404
q40_w14,2025-05-01,route,26,0.8023527767114381,901318,178143
q40_w14,2025-05-01,route,28,0.8141872513905315,535227,99452
q40_w14,2025-05-01,route,50,0.8476917246822544,1116223,170010
q40_w14,2025-05-01,month,5,0.8506615901125844,6000921,896168
q40_w14,2025-05-01,month,6,0.8080456353903258,5554987,1066304
q40_w14,2025-05-01,lead_week,1,0.8072931142301278,1151360,221875
q40_w14,2025-05-01,lead_week,2,0.8151333938904589,1188960,219799
q40_w14,2025-05-01,lead_week,3,0.882796228622898,1514354,177488
q40_w14,2025-05-01,lead_week,4,0.8761999952592779,1518756,188022
q40_w14,2025-05-01,lead_week,5,0.8668747252388296,1469458,195622
q40_w14,2025-05-01,lead_week,6,0.8387004909610762,1404592,226560
q40_w14,2025-05-01,lead_week,7,0.7570727277631425,1112230,270191
q40_w14,2025-05-01,lead_week,8,0.8042762055079877,1327345,259793
q40_w14,2025-05-01,lead_week,9,0.7662182210339379,868853,203122
q60_w14,2025-05-01,route,1,0.8295368604498224,973184,165892
q60_w14,2025-05-01,route,5,,0,0
q60_w14,2025-05-01,route,7,0.8224431765740474,1354327,240470
q60_w14,2025-05-01,route,11,0.8493043378148761,1728497,260477
q60_w14,2025-05-01,route,12,0.8593650059274471,1802631,253513
q60_w14,2025-05-01,route,17,0.8516183642564584,2755004,408792
q60_w14,2025-05-01,route,25,0.7618133130678799,389497,92773
q60_w14,2025-05-01,route,26,0.7830488240554389,901318,195542
q60_w14,2025-05-01,route,28,0.800232424746883,535227,106921
q60_w14,2025-05-01,route,50,0.8351091135015136,1116223,184055
q60_w14,2025-05-01,month,5,0.8592865995069756,6000921,844410
q60_w14,2025-05-01,month,6,0.8084558973765374,5554987,1064025
q60_w14,2025-05-01,lead_week,1,0.8173360200111173,1151360,210312
q60_w14,2025-05-01,lead_week,2,0.8297049522271565,1188960,202474
q60_w14,2025-05-01,lead_week,3,0.8885465353543491,1514354,168780
q60_w14,2025-05-01,lead_week,4,0.8839365902093556,1518756,176272
q60_w14,2025-05-01,lead_week,5,0.8703671693917077,1469458,190490
q60_w14,2025-05-01,lead_week,6,0.8385096882226297,1404592,226828
q60_w14,2025-05-01,lead_week,7,0.7663972379813528,1112230,259820
q60_w14,2025-05-01,lead_week,8,0.7980517499218365,1327345,268055
q60_w14,2025-05-01,lead_week,9,0.7635917698390867,868853,205404
mean_w28,2025-05-01,route,1,0.8455995988425622,973184,150260
mean_w28,2025-05-01,route,5,,0,0
mean_w28,2025-05-01,route,7,0.8070606286369539,1354327,261303
mean_w28,2025-05-01,route,11,0.8862526229435168,1728497,196612
mean_w28,2025-05-01,route,12,0.879747990575997,1802631,216770
mean_w28,2025-05-01,route,17,0.7753901627729034,2755004,618801
mean_w28,2025-05-01,route,25,0.7980754665632854,389497,78649
mean_w28,2025-05-01,route,26,0.7428976232583838,901318,231731
mean_w28,2025-05-01,route,28,0.7990665642802026,535227,107545
mean_w28,2025-05-01,route,50,0.8420691922671366,1116223,176286
mean_w28,2025-05-01,month,5,0.8452707509397308,6000921,928518
mean_w28,2025-05-01,month,6,0.8002805407105363,5554987,1109439
mean_w28,2025-05-01,lead_week,1,0.805754064758199,1151360,223647
mean_w28,2025-05-01,lead_week,2,0.8147162225810792,1188960,220295
mean_w28,2025-05-01,lead_week,3,0.871607959565597,1514354,194431
mean_w28,2025-05-01,lead_week,4,0.8695004332493173,1518756,198197
mean_w28,2025-05-01,lead_week,5,0.8651346278695955,1469458,198179
mean_w28,2025-05-01,lead_week,6,0.8248195917390958,1404592,246057
mean_w28,2025-05-01,lead_week,7,0.7502450032816953,1112230,277785
mean_w28,2025-05-01,lead_week,8,0.7966933992292885,1327345,269858
mean_w28,2025-05-01,lead_week,9,0.7588683010820012,868853,209508
median_w28,2025-05-01,route,1,0.8465675555701697,973184,149318
median_w28,2025-05-01,route,5,,0,0
median_w28,2025-05-01,route,7,0.8261173261701199,1354327,235494
median_w28,2025-05-01,route,11,0.8753003331796353,1728497,215543
median_w28,2025-05-01,route,12,0.8757760184974074,1802631,223930
median_w28,2025-05-01,route,17,0.7264218128176947,2755004,753709
median_w28,2025-05-01,route,25,0.7915336960233327,389497,81197
median_w28,2025-05-01,route,26,0.7634275583090541,901318,213227
median_w28,2025-05-01,route,28,0.8070986702838235,535227,103246
median_w28,2025-05-01,route,50,0.8427661856098647,1116223,175508
median_w28,2025-05-01,month,5,0.8359158535831417,6000921,984656
median_w28,2025-05-01,month,6,0.7900056291760899,5554987,1166516
median_w28,2025-05-01,lead_week,1,0.781719010561423,1151360,251320
median_w28,2025-05-01,lead_week,2,0.7900972278293634,1188960,249566
median_w28,2025-05-01,lead_week,3,0.8741833151297517,1514354,190531
median_w28,2025-05-01,lead_week,4,0.8691672658412543,1518756,198703
median_w28,2025-05-01,lead_week,5,0.8595706716353921,1469458,206355
median_w28,2025-05-01,lead_week,6,0.8231180300044425,1404592,248447
median_w28,2025-05-01,lead_week,7,0.7246972298895012,1112230,306200
median_w28,2025-05-01,lead_week,8,0.788582471022982,1327345,280624
median_w28,2025-05-01,lead_week,9,0.7474532515857113,868853,219426
trim10_w28,2025-05-01,route,1,0.8455995988425622,973184,150260
trim10_w28,2025-05-01,route,5,,0,0
trim10_w28,2025-05-01,route,7,0.8070606286369539,1354327,261303
trim10_w28,2025-05-01,route,11,0.8862526229435168,1728497,196612
trim10_w28,2025-05-01,route,12,0.879747990575997,1802631,216770
trim10_w28,2025-05-01,route,17,0.7753901627729034,2755004,618801
trim10_w28,2025-05-01,route,25,0.7980754665632854,389497,78649
trim10_w28,2025-05-01,route,26,0.7428976232583838,901318,231731
trim10_w28,2025-05-01,route,28,0.7990665642802026,535227,107545
trim10_w28,2025-05-01,route,50,0.8420691922671366,1116223,176286
trim10_w28,2025-05-01,month,5,0.8452707509397308,6000921,928518
trim10_w28,2025-05-01,month,6,0.8002805407105363,5554987,1109439
trim10_w28,2025-05-01,lead_week,1,0.805754064758199,1151360,223647
trim10_w28,2025-05-01,lead_week,2,0.8147162225810792,1188960,220295
trim10_w28,2025-05-01,lead_week,3,0.871607959565597,1514354,194431
trim10_w28,2025-05-01,lead_week,4,0.8695004332493173,1518756,198197
trim10_w28,2025-05-01,lead_week,5,0.8651346278695955,1469458,198179
trim10_w28,2025-05-01,lead_week,6,0.8248195917390958,1404592,246057
trim10_w28,2025-05-01,lead_week,7,0.7502450032816953,1112230,277785
trim10_w28,2025-05-01,lead_week,8,0.7966933992292885,1327345,269858
trim10_w28,2025-05-01,lead_week,9,0.7588683010820012,868853,209508
q40_w28,2025-05-01,route,1,0.8593380080231487,973184,136890
q40_w28,2025-05-01,route,5,,0,0
q40_w28,2025-05-01,route,7,0.8375200376275449,1354327,220051
q40_w28,2025-05-01,route,11,0.8813842315028606,1728497,205027
q40_w28,2025-05-01,route,12,0.8800536549077431,1802631,216219
q40_w28,2025-05-01,route,17,0.7108403472372453,2755004,796636
q40_w28,2025-05-01,route,25,0.8042834733001795,389497,76231
q40_w28,2025-05-01,route,26,0.7820802424893323,901318,196415
q40_w28,2025-05-01,route,28,0.8184844934952833,535227,97152
q40_w28,2025-05-01,route,50,0.8530186172476288,1116223,164064
q40_w28,2025-05-01,month,5,0.8358335328860353,6000921,985150
q40_w28,2025-05-01,month,6,0.7977430010187243,5554987,1123535
q40_w28,2025-05-01,lead_week,1,0.7862180377987771,1151360,246140
q40_w28,2025-05-01,lead_week,2,0.7925346521329566,1188960,246668
q40_w28,2025-05-01,lead_week,3,0.871954642045387,1514354,193906
q40_w28,2025-05-01,lead_week,4,0.8656281851726018,1518756,204078
q40_w28,2025-05-01,lead_week,5,0.8611841917223901,1469458,203984
q40_w28,2025-05-01,lead_week,6,0.8274360098875688,1404592,242382
q40_w28,2025-05-01,lead_week,7,0.731693984157953,1112230,298418
q40_w28,2025-05-01,lead_week,8,0.8010004934662804,1327345,264141
q40_w28,2025-05-01,lead_week,9,0.7594898101289862,868853,208968
q60_w28,2025-05-01,route,1,0.830283892871235,973184,165165
q60_w28,2025-05-01,route,5,,0,0
q60_w28,2025-05-01,route,7,0.8115477281336043,1354327,255226
q60_w28,2025-05-01,route,11,0.8657093416997542,1728497,232121
q60_w28,2025-05-01,route,12,0.8687490673354669,1802631,236597
q60_w28,2025-05-01,route,17,0.7389256059156357,2755004,719261
q60_w28,2025-05-01,route,25,0.7737620572173856,389497,88119
q60_w28,2025-05-01,route,26,0.7421686907395614,901318,232388
q60_w28,2025-05-01,route,28,0.7919088536265921,535227,111376
q60_w28,2025-05-01,route,50,0.8274332279481789,1116223,192623
q60_w28,2025-05-01,month,5,0.8318813062194953,6000921,1008867
q60_w28,2025-05-01,month,6,0.7796558299776399,5554987,1224009
q60_w28,2025-05-01,lead_week,1,0.7740463451917732,1151360,260154
q60_w28,2025-05-01,lead_week,2,0.7849633292961916,1188960,255670
q60_w28,2025-05-01,lead_week,3,0.871867476164754,1514354,194038
q60_w28,2025-05-01,lead_week,4,0.8681447184406185,1518756,200256
q60_w28,2025-05-01,lead_week,5,0.8531798799285178,1469458,215746
q60_w28,2025-05-01,lead_week,6,0.8155863054894232,1404592,259026
q60_w28,2025-05-01,lead_week,7,0.7158843045053631,1112230,316002
q60_w28,2025-05-01,lead_week,8,0.7740986706545774,1327345,299849
q60_w28,2025-05-01,lead_week,9,0.7328259210706529,868853,232135
mean_w56,2025-05-01,route,1,0.8648457023543338,973184,131530
mean_w56,2025-05-01,route,5,,0,0
mean_w56,2025-05-01,route,7,0.8232945219286036,1354327,239317
mean_w56,2025-05-01,route,11,0.8776243175429289,1728497,211526
mean_w56,2025-05-01,route,12,0.8774241650121406,1802631,220959
mean_w56,2025-05-01,route,17,0.8906745688935479,2755004,301192
mean_w56,2025-05-01,route,25,0.7995619991938321,389497,78070
mean_w56,2025-05-01,route,26,0.739274040904542,901318,234997
mean_w56,2025-05-01,route,28,0.8073284793181211,535227,103123
mean_w56,2025-05-01,route,50,0.8469015599929405,1116223,170892
mean_w56,2025-05-01,month,5,0.8779737310322866,6000921,732270
mean_w56,2025-05-01,month,6,0.8273018460709269,5554987,959336
mean_w56,2025-05-01,lead_week,1,0.8418574555308505,1151360,182079
mean_w56,2025-05-01,lead_week,2,0.8619255483784147,1188960,164165
mean_w56,2025-05-01,lead_week,3,0.8987621124254963,1514354,153310
mean_w56,2025-05-01,lead_week,4,0.8958700410072454,1518756,158148
mean_w56,2025-05-01,lead_week,5,0.8852896782351044,1469458,168562
mean_w56,2025-05-01,lead_week,6,0.8498297014364313,1404592,210928
mean_w56,2025-05-01,lead_week,7,0.79583269647465,1112230,227081
mean_w56,2025-05-01,lead_week,8,0.815697501403177,1327345,244633
mean_w56,2025-05-01,lead_week,9,0.7897227724367644,868853,182700
median_w56,2025-05-01,route,1,0.8581789260818098,973184,138018
median_w56,2025-05-01,route,5,,0,0
median_w56,2025-05-01,route,7,0.8336361897828221,1354327,225311
median_w56,2025-05-01,route,11,0.8641721680743444,1728497,234778
median_w56,2025-05-01,route,12,0.8634401605209274,1802631,246167
median_w56,2025-05-01,route,17,0.8923743849373722,2755004,296509
median_w56,2025-05-01,route,25,0.8069356118275622,389497,75198
median_w56,2025-05-01,route,26,0.7699624327928656,901318,207337
median_w56,2025-05-01,route,28,0.811655615280993,535227,100807
median_w56,2025-05-01,route,50,0.8428145630398227,1116223,175454
median_w56,2025-05-01,month,5,0.878909920660512,6000921,726652
median_w56,2025-05-01,month,6,0.824855215682773,5554987,972927
median_w56,2025-05-01,lead_week,1,0.8306428918843802,1151360,194991
median_w56,2025-05-01,lead_week,2,0.8513314156910241,1188960,176761
median_w56,2025-05-01,lead_week,3,0.9126241288364544,1514354,132318
median_w56,2025-05-01,lead_week,4,0.9029640047512569,1518756,147374
median_w56,2025-05-01,lead_week,5,0.8878470837546905,1469458,164804
median_w56,2025-05-01,lead_week,6,0.8513931447708658,1404592,208732
median_w56,2025-05-01,lead_week,7,0.7868237684651556,1112230,237101
median_w56,2025-05-01,lead_week,8,0.8139330769317699,1327345,246975
median_w56,2025-05-01,lead_week,9,0.78071894785424,868853,190523
trim10_w56,2025-05-01,route,1,0.8648457023543338,973184,131530
trim10_w56,2025-05-01,route,5,,0,0
trim10_w56,2025-05-01,route,7,0.8232945219286036,1354327,239317
trim10_w56,2025-05-01,route,11,0.8776243175429289,1728497,211526
trim10_w56,2025-05-01,route,12,0.8774241650121406,1802631,220959
trim10_w56,2025-05-01,route,17,0.8906745688935479,2755004,301192
trim10_w56,2025-05-01,route,25,0.7995619991938321,389497,78070
trim10_w56,2025-05-01,route,26,0.739274040904542,901318,234997
trim10_w56,2025-05-01,route,28,0.8073284793181211,535227,103123
trim10_w56,2025-05-01,route,50,0.8469015599929405,1116223,170892
trim10_w56,2025-05-01,month,5,0.8779737310322866,6000921,732270
trim10_w56,2025-05-01,month,6,0.8273018460709269,5554987,959336
trim10_w56,2025-05-01,lead_week,1,0.8418574555308505,1151360,182079
trim10_w56,2025-05-01,lead_week,2,0.8619255483784147,1188960,164165
trim10_w56,2025-05-01,lead_week,3,0.8987621124254963,1514354,153310
trim10_w56,2025-05-01,lead_week,4,0.8958700410072454,1518756,158148
trim10_w56,2025-05-01,lead_week,5,0.8852896782351044,1469458,168562
trim10_w56,2025-05-01,lead_week,6,0.8498297014364313,1404592,210928
trim10_w56,2025-05-01,lead_week,7,0.79583269647465,1112230,227081
trim10_w56,2025-05-01,lead_week,8,0.815697501403177,1327345,244633
trim10_w56,2025-05-01,lead_week,9,0.7897227724367644,868853,182700
q40_w56,2025-05-01,route,1,0.8709195794423255,973184,125619
q40_w56,2025-05-01,route,5,,0,0
q40_w56,2025-05-01,route,7,0.848525503811118,1354327,205146
q40_w56,2025-05-01,route,11,0.8740258154917249,1728497,217746
q40_w56,2025-05-01,route,12,0.872758762053909,1802631,229369
q40_w56,2025-05-01,route,17,0.9069453256692186,2755004,256366
q40_w56,2025-05-01,route,25,0.8143348985999892,389497,72316
q40_w56,2025-05-01,route,26,0.7878018634932399,901318,191258
q40_w56,2025-05-01,route,28,0.8212758324972395,535227,95658
q40_w56,2025-05-01,route,50,0.856601234699518,1116223,160065
q40_w56,2025-05-01,month,5,0.8861821377085284,6000921,683012
q40_w56,2025-05-01,month,6,0.8432883821330275,5554987,870531
q40_w56,2025-05-01,lead_week,1,0.8481578307392996,1151360,174825
q40_w56,2025-05-01,lead_week,2,0.8707853922756021,1188960,153631
q40_w56,2025-05-01,lead_week,3,0.9092517337425727,1514354,137425
q40_w56,2025-05-01,lead_week,4,0.9031542920653483,1518756,147085
q40_w56,2025-05-01,lead_week,5,0.8943413149610264,1469458,155261
q40_w56,2025-05-01,lead_week,6,0.8648098522560288,1404592,189887
q40_w56,2025-05-01,lead_week,7,0.8111928288213769,1112230,209997
q40_w56,2025-05-01,lead_week,8,0.8354971766948307,1327345,218352
q40_w56,2025-05-01,lead_week,9,0.8077004970921433,868853,167080
q60_w56,2025-05-01,route,1,0.841714413718269,973184,154041
q60_w56,2025-05-01,route,5,,0,0
q60_w56,2025-05-01,route,7,0.8149220978390005,1354327,250656
q60_w56,2025-05-01,route,11,0.8517457652515451,1728497,256257
q60_w56,2025-05-01,route,12,0.8505168279032148,1802631,269463
q60_w56,2025-05-01,route,17,0.8800818438013157,2755004,330375
q60_w56,2025-05-01,route,25,0.7921935213878413,389497,80940
q60_w56,2025-05-01,route,26,0.7503633567730812,901318,225002
q60_w56,2025-05-01,route,28,0.7981865638317948,535227,108016
q60_w56,2025-05-01,route,50,0.8256549094580563,1116223,194608
q60_w56,2025-05-01,month,5,0.8677044740299031,6000921,793895
q60_w56,2025-05-01,month,6,0.8063968466532865,5554987,1075463
q60_w56,2025-05-01,lead_week,1,0.8121708240689272,1151360,216259
q60_w56,2025-05-01,lead_week,2,0.8351828488763289,1188960,195961
q60_w56,2025-05-01,lead_week,3,0.9058958473382049,1514354,142507
q60_w56,2025-05-01,lead_week,4,0.8968517655238892,1518756,156657
q60_w56,2025-05-01,lead_week,5,0.8765143338564287,1469458,181457
q60_w56,2025-05-01,lead_week,6,0.8366707200382745,1404592,229411
q60_w56,2025-05-01,lead_week,7,0.7659324060670905,1112230,260337
q60_w56,2025-05-01,lead_week,8,0.7925241741973639,1327345,275392
q60_w56,2025-05-01,lead_week,9,0.7567171892138256,868853,211377
mean_w84,2025-05-01,route,1,0.872975716822307,973184,123618
mean_w84,2025-05-01,route,5,,0,0
mean_w84,2025-05-01,route,7,0.8426081736537778,1354327,213160
mean_w84,2025-05-01,route,11,0.8742213611015813,1728497,217408
mean_w84,2025-05-01,route,12,0.8793080780259521,1802631,217563
mean_w84,2025-05-01,route,17,0.9079834366846654,2755004,253506
mean_w84,2025-05-01,route,25,0.8129895737322752,389497,72840
mean_w84,2025-05-01,route,26,0.7725009375159488,901318,205049
mean_w84,2025-05-01,route,28,0.8164292907495324,535227,98252
mean_w84,2025-05-01,route,50,0.8459375949071108,1116223,171968
mean_w84,2025-05-01,month,5,0.8873894523857254,6000921,675767
mean_w84,2025-05-01,month,6,0.8384160034937975,5554987,897597
mean_w84,2025-05-01,lead_week,1,0.8532353043357421,1151360,168979
mean_w84,2025-05-01,lead_week,2,0.8733052415556453,1188960,150635
mean_w84,2025-05-01,lead_week,3,0.908141689459664,1514354,139106
mean_w84,2025-05-01,lead_week,4,0.9033682829894993,1518756,146760
mean_w84,2025-05-01,lead_week,5,0.8924542246188731,1469458,158034
mean_w84,2025-05-01,lead_week,6,0.8602056682652329,1404592,196354
mean_w84,2025-05-01,lead_week,7,0.8075353119408756,1112230,214065
mean_w84,2025-05-01,lead_week,8,0.827072087513043,1327345,229535
mean_w84,2025-05-01,lead_week,9,0.8044594425063849,868853,169896
median_w84,2025-05-01,route,1,0.8703595620149941,973184,126164
median_w84,2025-05-01,route,5,,0,0
median_w84,2025-05-01,route,7,0.8511467319192485,1354327,201596
median_w84,2025-05-01,route,11,0.8643289516846139,1728497,234507
median_w84,2025-05-01,route,12,0.8702873743988648,1802631,233824
median_w84,2025-05-01,route,17,0.8945870858989678,2755004,290413
median_w84,2025-05-01,route,25,0.8157752177808815,389497,71755
median_w84,2025-05-01,route,26,0.7933104631217839,901318,186293
median_w84,2025-05-01,route,28,0.8192393134128136,535227,96748
median_w84,2025-05-01,route,50,0.8404682576868601,1116223,178073
median_w84,2025-05-01,month,5,0.884095124731687,6000921,695536
median_w84,2025-05-01,month,6,0.8336923200720362,5554987,923837
median_w84,2025-05-01,lead_week,1,0.8430681976097832,1151360,180685
median_w84,2025-05-01,lead_week,2,0.8609179450948728,1188960,165363
median_w84,2025-05-01,lead_week,3,0.9153962679796137,1514354,128120
median_w84,2025-05-01,lead_week,4,0.9039174166225517,1518756,145926
median_w84,2025-05-01,lead_week,5,0.8893428733587486,1469458,162606
median_w84,2025-05-01,lead_week,6,0.8573550183968013,1404592,200358
median_w84,2025-05-01,lead_week,7,0.7999613389316957,1112230,222489
median_w84,2025-05-01,lead_week,8,0.823416670119675,1327345,234387
median_w84,2025-05-01,lead_week,9,0.7934759965149456,868853,179439
trim10_w84,2025-05-01,route,1,0.8706904346968302,973184,125842
trim10_w84,2025-05-01,route,5,,0,0
trim10_w84,2025-05-01,route,7,0.8499896996810963,1354327,203163
trim10_w84,2025-05-01,route,11,0.8679459669296504,1728497,228255
trim10_w84,2025-05-01,route,12,0.8727609810327238,1802631,229365
trim10_w84,2025-05-01,route,17,0.9093438702811321,2755004,249758
trim10_w84,2025-05-01,route,25,0.8169562281609357,389497,71295
trim10_w84,2025-05-01,route,26,0.7916906130799563,901318,187753
trim10_w84,2025-05-01,route,28,0.8193289949871736,535227,96700
trim10_w84,2025-05-01,route,50,0.8443321809351716,1116223,173760
trim10_w84,2025-05-01,month,5,0.8884456235967779,6000921,669429
trim10_w84,2025-05-01,month,6,0.8386203244039995,5554987,896462
trim10_w84,2025-05-01,lead_week,1,0.8527289466370206,1151360,169562
trim10_w84,2025-05-01,lead_week,2,0.8716441259588211,1188960,152610
trim10_w84,2025-05-01,lead_week,3,0.9124630040267996,1514354,132562
trim10_w84,2025-05-01,lead_week,4,0.9058044873567578,1518756,143060
trim10_w84,2025-05-01,lead_week,5,0.89240931009937,1469458,158100
trim10_w84,2025-05-01,lead_week,6,0.8614530055703008,1404592,194602
trim10_w84,2025-05-01,lead_week,7,0.8065256286919072,1112230,215188
trim10_w84,2025-05-01,lead_week,8,0.8275437056680818,1327345,228909
trim10_w84,2025-05-01,lead_week,9,0.8028458208695832,868853,171298
q40_w84,2025-05-01,route,1,0.8790012988294095,973184,117754
q40_w84,2025-05-01,route,5,,0,0
q40_w84,2025-05-01,route,7,0.8572102601513519,1354327,193384
q40_w84,2025-05-01,route,11,0.8737307614650185,1728497,218256
q40_w84,2025-05-01,route,12,0.8796808664668476,1802631,216891
q40_w84,2025-05-01,route,17,0.9007355343222732,2755004,273474
q40_w84,2025-05-01,route,25,0.8217187808891981,389497,69440
q40_w84,2025-05-01,route,26,0.8104819830514869,901318,170816
q40_w84,2025-05-01,route,28,0.8313089586287687,535227,90288
q40_w84,2025-05-01,route,50,0.8544332091347339,1116223,162485
q40_w84,2025-05-01,month,5,0.8892733298771972,6000921,664462
q40_w84,2025-05-01,month,6,0.8472856912176392,5554987,848326
q40_w84,2025-05-01,lead_week,1,0.8546840258476931,1151360,167311
q40_w84,2025-05-01,lead_week,2,0.8708409029740277,1188960,153565
q40_w84,2025-05-01,lead_week,3,0.9154418319626718,1514354,128051
q40_w84,2025-05-01,lead_week,4,0.9047648206821899,1518756,144639
q40_w84,2025-05-01,lead_week,5,0.8945495550059954,1469458,154955
q40_w84,2025-05-01,lead_week,6,0.8670354095708932,1404592,186761
q40_w84,2025-05-01,lead_week,7,0.815605585175728,1112230,205089
q40_w84,2025-05-01,lead_week,8,0.8406518275203507,1327345,211510
q40_w84,2025-05-01,lead_week,9,0.8148052662533247,868853,160907
q60_w84,2025-05-01,route,1,0.8595671527686439,973184,136667
q60_w84,2025-05-01,route,5,,0,0
q60_w84,2025-05-01,route,7,0.8367691111526241,1354327,221068
q60_w84,2025-05-01,route,11,0.8537041140366457,1728497,252872
q60_w84,2025-05-01,route,12,0.8569435452957372,1802631,257878
q60_w84,2025-05-01,route,17,0.8857192221862473,2755004,314844
q60_w84,2025-05-01,route,25,0.8043630631301396,389497,76200
q60_w84,2025-05-01,route,26,0.7734861613770057,901318,204161
q60_w84,2025-05-01,route,28,0.805891705762228,535227,103892
q60_w84,2025-05-01,route,50,0.8246309205239455,1116223,195751
q60_w84,2025-05-01,month,5,0.8750131854760295,6000921,750036
q60_w84,2025-05-01,month,6,0.8175878719428147,5554987,1013297
q60_w84,2025-05-01,lead_week,1,0.8263427598665926,1151360,199942
q60_w84,2025-05-01,lead_week,2,0.8466222581079262,1188960,182360
q60_w84,2025-05-01,lead_week,3,0.9106655379125357,1514354,135284
q60_w84,2025-05-01,lead_week,4,0.9002552088683107,1518756,151488
q60_w84,2025-05-01,lead_week,5,0.8813508109792862,1469458,174350
q60_w84,2025-05-01,lead_week,6,0.8450838392928338,1404592,217594
q60_w84,2025-05-01,lead_week,7,0.7810794529908383,1112230,243490
q60_w84,2025-05-01,lead_week,8,0.8041330626174807,1327345,259983
q60_w84,2025-05-01,lead_week,9,0.7711442557026332,868853,198842
mean_w112,2025-05-01,route,1,0.8768126068657109,973184,119884
mean_w112,2025-05-01,route,5,,0,0
mean_w112,2025-05-01,route,7,0.8532562667657073,1354327,198739
mean_w112,2025-05-01,route,11,0.8787721355605477,1728497,209542
mean_w112,2025-05-01,route,12,0.8784043989036026,1802631,219192
mean_w112,2025-05-01,route,17,0.9097304395928282,2755004,248693
mean_w112,2025-05-01,route,25,0.8223477972872705,389497,69195
mean_w112,2025-05-01,route,26,0.8119864465149925,901318,169460
mean_w112,2025-05-01,route,28,0.8201081036644264,535227,96283
mean_w112,2025-05-01,route,50,0.8527812094895016,1116223,164329
mean_w112,2025-05-01,month,5,0.8916174700516803,6000921,650395
mean_w112,2025-05-01,month,6,0.847898473929822,5554987,844922
mean_w112,2025-05-01,lead_week,1,0.8608132990550306,1151360,160254
mean_w112,2025-05-01,lead_week,2,0.8781069169694523,1188960,144926
mean_w112,2025-05-01,lead_week,3,0.91297741479205,1514354,131783
mean_w112,2025-05-01,lead_week,4,0.9047608700805132,1518756,144645
mean_w112,2025-05-01,lead_week,5,0.896071204484919,1469458,152719
mean_w112,2025-05-01,lead_week,6,0.8664160126214587,1404592,187631
mean_w112,2025-05-01,lead_week,7,0.8171295505426036,1112230,203394
mean_w112,2025-05-01,lead_week,8,0.84044238687003,1327345,211788
mean_w112,2025-05-01,lead_week,9,0.8179473397686375,868853,158177
median_w112,2025-05-01,route,1,0.8751068657109036,973184,121544
median_w112,2025-05-01,route,5,,0,0
median_w112,2025-05-01,route,7,0.8574686910915901,1354327,193034
median_w112,2025-05-01,route,11,0.8727941095645524,1728497,219875
median_w112,2025-05-01,route,12,0.8733040760976595,1802631,228386
median_w112,2025-05-01,route,17,0.89473880981661,2755004,289995
median_w112,2025-05-01,route,25,0.8204710177485321,389497,69926
median_w112,2025-05-01,route,26,0.8199558868235184,901318,162277
median_w112,2025-05-01,route,28,0.8215560874171146,535227,95508
median_w112,2025-05-01,route,50,0.8486592732814142,1116223,168930
median_w112,2025-05-01,month,5,0.8874342788381984,6000921,675498
median_w112,2025-05-01,month,6,0.8426680386470752,5554987,873977
median_w112,2025-05-01,lead_week,1,0.8511343107281824,1151360,171398
median_w112,2025-05-01,lead_week,2,0.867209998654286,1188960,157882
median_w112,2025-05-01,lead_week,3,0.9161629315206352,1514354,126959
median_w112,2025-05-01,lead_week,4,0.9031582426670248,1518756,147079
median_w112,2025-05-01,lead_week,5,0.8923650761028896,1469458,158165
median_w112,2025-05-01,lead_week,6,0.8628818902570996,1404592,192595
median_w112,2025-05-01,lead_week,7,0.8100446850022027,1112230,211274
median_w112,2025-05-01,lead_week,8,0.8362656280017629,1327345,217332
median_w112,2025-05-01,lead_week,9,0.8080331195265482,868853,166791
trim10_w112,2025-05-01,route,1,0.8755281632250428,973184,121134
trim10_w112,2025-05-01,route,5,,0,0
trim10_w112,2025-05-01,route,7,0.8566239911040687,1354327,194178
trim10_w112,2025-05-01,route,11,0.8755670388782856,1728497,215082
trim10_w112,2025-05-01,route,12,0.874054645681784,1802631,227033
trim10_w112,2025-05-01,route,17,0.9082988627239743,2755004,252637
trim10_w112,2025-05-01,route,25,0.8231642348978297,389497,68877
trim10_w112,2025-05-01,route,26,0.8237137170232925,901318,158890
trim10_w112,2025-05-01,route,28,0.8220624146390223,535227,95237
trim10_w112,2025-05-01,route,50,0.850968847622742,1116223,166352
trim10_w112,2025-05-01,month,5,0.8913480114135813,6000921,652012
trim10_w112,2025-05-01,month,6,0.8474509481300316,5554987,847408
trim10_w112,2025-05-01,lead_week,1,0.8591292037242912,1151360,162193
trim10_w112,2025-05-01,lead_week,2,0.8754600659399812,1188960,148073
trim10_w112,2025-05-01,lead_week,3,0.9155177719344354,1514354,127936
trim10_w112,2025-05-01,lead_week,4,0.905259304325382,1518756,143888
trim10_w112,2025-05-01,lead_week,5,0.8954634974255814,1469458,153612
trim10_w112,2025-05-01,lead_week,6,0.8667000808775787,1404592,187232
trim10_w112,2025-05-01,lead_week,7,0.8161414455643168,1112230,204493
trim10_w112,2025-05-01,lead_week,8,0.8404099913737574,1327345,211831
trim10_w112,2025-05-01,lead_week,9,0.8156627185496281,868853,160162
q40_w112,2025-05-01,route,1,0.8803761673023807,973184,116416
q40_w112,2025-05-01,route,5,,0,0
q40_w112,2025-05-01,route,7,0.8587682295339308,1354327,191274
q40_w112,2025-05-01,route,11,0.8798094529524784,1728497,207749
q40_w112,2025-05-01,route,12,0.880516866735344,1802631,215384
q40_w112,2025-05-01,route,17,0.8997758260968042,2755004,276118
q40_w112,2025-05-01,route,25,0.8185454573462697,389497,70676
q40_w112,2025-05-01,route,26,0.8385475492556456,901318,145520
q40_w112,2025-05-01,route,28,0.8329979616125495,535227,89384
q40_w112,2025-05-01,route,50,0.8618627281466158,1116223,154192
q40_w112,2025-05-01,month,5,0.8897027639590656,6000921,661885
q40_w112,2025-05-01,month,6,0.8551161325850087,5554987,804828
q40_w112,2025-05-01,lead_week,1,0.8614091161756532,1151360,159568
q40_w112,2025-05-01,lead_week,2,0.8730520791279774,1188960,150936
q40_w112,2025-05-01,lead_week,3,0.9133703216024787,1514354,131188
q40_w112,2025-05-01,lead_week,4,0.9010743002825997,1518756,150244
q40_w112,2025-05-01,lead_week,5,0.895045656289598,1469458,154226
q40_w112,2025-05-01,lead_week,6,0.8708194265665758,1404592,181446
q40_w112,2025-05-01,lead_week,7,0.8253310915907681,1112230,194272
q40_w112,2025-05-01,lead_week,8,0.8527880844844408,1327345,195401
q40_w112,2025-05-01,lead_week,9,0.8280123335017546,868853,149432
q60_w112,2025-05-01,route,1,0.8656482227410233,973184,130749
q60_w112,2025-05-01,route,5,,0,0
q60_w112,2025-05-01,route,7,0.8490061853599611,1354327,204495
q60_w112,2025-05-01,route,11,0.8630596408324689,1728497,236701
q60_w112,2025-05-01,route,12,0.8619390213526784,1802631,248873
q60_w112,2025-05-01,route,17,0.8889718490426874,2755004,305883
q60_w112,2025-05-01,route,25,0.815179577763115,389497,71987
q60_w112,2025-05-01,route,26,0.7986204646972545,901318,181507
q60_w112,2025-05-01,route,28,0.8094229177526545,535227,102002
q60_w112,2025-05-01,route,50,0.8315748734795825,1116223,188000
q60_w112,2025-05-01,month,5,0.880773467939338,6000921,715469
q60_w112,2025-05-01,month,6,0.8281313709645045,5554987,954728
q60_w112,2025-05-01,lead_week,1,0.8366210394663702,1151360,188108
q60_w112,2025-05-01,lead_week,2,0.8554602341542188,1188960,171852
q60_w112,2025-05-01,lead_week,3,0.9146342268716562,1514354,129274
q60_w112,2025-05-01,lead_week,4,0.9017063965508614,1518756,149284
q60_w112,2025-05-01,lead_week,5,0.886563617333738,1469458,166690
q60_w112,2025-05-01,lead_week,6,0.852626243065602,1404592,207000
q60_w112,2025-05-01,lead_week,7,0.7926364151299641,1112230,230636
q60_w112,2025-05-01,lead_week,8,0.8175312371689349,1327345,242199
q60_w112,2025-05-01,lead_week,9,0.7868983591010217,868853,185154
mean_w0,2025-05-01,route,1,0.8843589701433645,973184,112540
mean_w0,2025-05-01,route,5,,0,0
mean_w0,2025-05-01,route,7,0.8624150592877495,1354327,186335
mean_w0,2025-05-01,route,11,0.8884447008007534,1728497,192823
mean_w0,2025-05-01,route,12,0.8824523710066009,1802631,211895
mean_w0,2025-05-01,route,17,0.9083663762375662,2755004,252451
mean_w0,2025-05-01,route,25,0.8287072814424759,389497,66718
mean_w0,2025-05-01,route,26,0.8465103326461915,901318,138343
mean_w0,2025-05-01,route,28,0.8345972830219701,535227,88528
mean_w0,2025-05-01,route,50,0.872931304945338,1116223,141837
mean_w0,2025-05-01,month,5,0.8919934123445384,6000921,648139
mean_w0,2025-05-01,month,6,0.8661867255494927,5554987,743331
mean_w0,2025-05-01,lead_week,1,0.8763271261812118,1151360,142392
mean_w0,2025-05-01,lead_week,2,0.8785779168348808,1188960,144366
mean_w0,2025-05-01,lead_week,3,0.905286346521355,1514354,143430
mean_w0,2025-05-01,lead_week,4,0.9008227786425206,1518756,150626
mean_w0,2025-05-01,lead_week,5,0.9010383420281491,1469458,145420
mean_w0,2025-05-01,lead_week,6,0.8766858988232882,1404592,173206
mean_w0,2025-05-01,lead_week,7,0.8410113016192694,1112230,176832
mean_w0,2025-05-01,lead_week,8,0.8673856457816167,1327345,176025
mean_w0,2025-05-01,lead_week,9,0.8398198544517887,868853,139173
median_w0,2025-05-01,route,1,0.8779120906221228,973184,118814
median_w0,2025-05-01,route,5,,0,0
median_w0,2025-05-01,route,7,0.8593316089836502,1354327,190511
median_w0,2025-05-01,route,11,0.8767993233427654,1728497,212952
median_w0,2025-05-01,route,12,0.8779944425675582,1802631,219931
median_w0,2025-05-01,route,17,0.8965170286504122,2755004,285096
median_w0,2025-05-01,route,25,0.8211128712159529,389497,69676
median_w0,2025-05-01,route,26,0.8311339615984592,901318,152202
median_w0,2025-05-01,route,28,0.8261242426110791,535227,93063
median_w0,2025-05-01,route,50,0.8546885344595121,1116223,162200
median_w0,2025-05-01,month,5,0.8900605423734124,6000921,659738
median_w0,2025-05-01,month,6,0.8479371778907854,5554987,844707
median_w0,2025-05-01,lead_week,1,0.8611893760422457,1151360,159821
median_w0,2025-05-01,lead_week,2,0.8721613847396044,1188960,151995
median_w0,2025-05-01,lead_week,3,0.9151228840812651,1514354,128534
median_w0,2025-05-01,lead_week,4,0.9024372578610389,1518756,148174
median_w0,2025-05-01,lead_week,5,0.8937499404542355,1469458,156130
median_w0,2025-05-01,lead_week,6,0.865720436966749,1404592,188608
median_w0,2025-05-01,lead_week,7,0.8191731925950567,1112230,201121
median_w0,2025-05-01,lead_week,8,0.8430212190500586,1327345,208365
median_w0,2025-05-01,lead_week,9,0.8138960215364395,868853,161697
trim10_w0,2025-05-01,route,1,0.8825422530580034,973184,114308
trim10_w0,2025-05-01,route,5,,0,0
trim10_w0,2025-05-01,route,7,0.8611753291487211,1354327,188014
trim10_w0,2025-05-01,route,11,0.883954094221743,1728497,200585
trim10_w0,2025-05-01,route,12,0.8813811589837299,1802631,213826
trim10_w0,2025-05-01,route,17,0.9095576630741734,2755004,249169
trim10_w0,2025-05-01,route,25,0.8253568063425392,389497,68023
trim10_w0,2025-05-01,route,26,0.8406699966049718,901318,143607
trim10_w0,2025-05-01,route,28,0.8297768984001181,535227,91108
trim10_w0,2025-05-01,route,50,0.8634036388786112,1116223,152472
trim10_w0,2025-05-01,month,5,0.8939871063125143,6000921,636175
trim10_w0,2025-05-01,month,6,0.8586968790386008,5554987,784937
trim10_w0,2025-05-01,lead_week,1,0.8714615758754864,1151360,147994
trim10_w0,2025-05-01,lead_week,2,0.8800649306957341,1188960,142598
trim10_w0,2025-05-01,lead_week,3,0.9126419582211293,1514354,132291
trim10_w0,2025-05-01,lead_week,4,0.9046713231091762,1518756,144781
trim10_w0,2025-05-01,lead_week,5,0.8999079932873209,1469458,147081
trim10_w0,2025-05-01,lead_week,6,0.8722283766389101,1404592,179467
trim10_w0,2025-05-01,lead_week,7,0.833554210909614,1112230,185126
trim10_w0,2025-05-01,lead_week,8,0.8557993588705273,1327345,191404
trim10_w0,2025-05-01,lead_week,9,0.8269327492682882,868853,150370
q40_w0,2025-05-01,route,1,0.8828505195317637,973184,114008
q40_w0,2025-05-01,route,5,,0,0
q40_w0,2025-05-01,route,7,0.8595184176347367,1354327,190258
q40_w0,2025-05-01,route,11,0.8828247893979567,1728497,202537
q40_w0,2025-05-01,route,12,0.8830437288607597,1802631,210829
q40_w0,2025-05-01,route,17,0.901989253010159,2755004,270020
q40_w0,2025-05-01,route,25,0.8150460722418915,389497,72039
q40_w0,2025-05-01,route,26,0.8513798681486445,901318,133954
q40_w0,2025-05-01,route,28,0.8367888764953936,535227,87355
q40_w0,2025-05-01,route,50,0.8685862950324442,1116223,146687
q40_w0,2025-05-01,month,5,0.8913813396310333,6000921,651812
q40_w0,2025-05-01,month,6,0.8603282059886008,5554987,775875
q40_w0,2025-05-01,lead_week,1,0.8715805655919956,1151360,147857
q40_w0,2025-05-01,lead_week,2,0.8767687727089221,1188960,146517
q40_w0,2025-05-01,lead_week,3,0.9109164699931456,1514354,134904
q40_w0,2025-05-01,lead_week,4,0.8992056656895512,1518756,153082
q40_w0,2025-05-01,lead_week,5,0.8960419419949396,1469458,152762
q40_w0,2025-05-01,lead_week,6,0.8722290885894267,1404592,179466
q40_w0,2025-05-01,lead_week,7,0.8339561062010555,1112230,184679
q40_w0,2025-05-01,lead_week,8,0.860569030658947,1327345,185073
q40_w0,2025-05-01,lead_week,9,0.8350158197071311,868853,143347
q60_w0,2025-05-01,route,1,0.8698498947783769,973184,126660
q60_w0,2025-05-01,route,5,,0,0
q60_w0,2025-05-01,route,7,0.8542198449857383,1354327,197434
q60_w0,2025-05-01,route,11,0.867823895557817,1728497,228466
q60_w0,2025-05-01,route,12,0.8673971544925168,1802631,239034
q60_w0,2025-05-01,route,17,0.8903834622381673,2755004,301994
q60_w0,2025-05-01,route,25,0.8191847433998208,389497,70427
q60_w0,2025-05-01,route,26,0.8084704843351624,901318,172629
q60_w0,2025-05-01,route,28,0.8146692898527167,535227,99194
q60_w0,2025-05-01,route,50,0.8378057072825054,1116223,181045
q60_w0,2025-05-01,month,5,0.8847858520383788,6000921,691391
q60_w0,2025-05-01,month,6,0.8333943895818298,5554987,925492
q60_w0,2025-05-01,lead_week,1,0.8463538771539745,1151360,176902
q60_w0,2025-05-01,lead_week,2,0.8620273179921949,1188960,164044
q60_w0,2025-05-01,lead_week,3,0.9156366344989348,1514354,127756
q60_w0,2025-05-01,lead_week,4,0.9029323999378439,1518756,147422
q60_w0,2025-05-01,lead_week,5,0.8889086996702186,1469458,163244
q60_w0,2025-05-01,lead_week,6,0.8557887272603005,1404592,202558
q60_w0,2025-05-01,lead_week,7,0.8018485385217087,1112230,220390
q60_w0,2025-05-01,lead_week,8,0.8235281708975436,1327345,234239
q60_w0,2025-05-01,lead_week,9,0.7924528084727797,868853,180328
exp_h7_s0_d0.0,2025-05-01,route,1,0.8545002794949362,973184,141598
exp_h7_s0_d0.0,2025-05-01,route,5,,0,0
exp_h7_s0_d0.0,2025-05-01,route,7,0.8279049299024535,1354327,233073
exp_h7_s0_d0.0,2025-05-01,route,11,0.8704637612908788,1728497,223903
exp_h7_s0_d0.0,2025-05-01,route,12,0.8729251854650231,1802631,229069
exp_h7_s0_d0.0,2025-05-01,route,17,0.7773455138359145,2755004,613414
exp_h7_s0_d0.0,2025-05-01,route,25,0.7827685450722341,389497,84611
exp_h7_s0_d0.0,2025-05-01,route,26,0.7838520921583725,901318,194818
exp_h7_s0_d0.0,2025-05-01,route,28,0.8085485224026441,535227,102470
exp_h7_s0_d0.0,2025-05-01,route,50,0.8463541783317491,1116223,171503
exp_h7_s0_d0.0,2025-05-01,month,5,0.8495215984346403,6000921,903009
exp_h7_s0_d0.0,2025-05-01,month,6,0.8035188921234199,5554987,1091450
exp_h7_s0_d0.0,2025-05-01,lead_week,1,0.8043930655919955,1151360,225214
exp_h7_s0_d0.0,2025-05-01,lead_week,2,0.8130147355672184,1188960,222318
exp_h7_s0_d0.0,2025-05-01,lead_week,3,0.8818083486423914,1514354,178984
exp_h7_s0_d0.0,2025-05-01,lead_week,4,0.8758944820629515,1518756,188486
exp_h7_s0_d0.0,2025-05-01,lead_week,5,0.8669441385871526,1469458,195520
exp_h7_s0_d0.0,2025-05-01,lead_week,6,0.8346736988392358,1404592,232216
exp_h7_s0_d0.0,2025-05-01,lead_week,7,0.7510047382286038,1112230,276940
exp_h7_s0_d0.0,2025-05-01,lead_week,8,0.7989196478684893,1327345,266903
exp_h7_s0_d0.0,2025-05-01,lead_week,9,0.760744337649752,868853,207878
exp_h7_s0_d0.5,2025-05-01,route,1,0.8572572093252664,973184,138915
exp_h7_s0_d0.5,2025-05-01,route,5,,0,0
exp_h7_s0_d0.5,2025-05-01,route,7,0.8286248446645456,1354327,232098
exp_h7_s0_d0.5,2025-05-01,route,11,0.8743422753988002,1728497,217199
exp_h7_s0_d0.5,2025-05-01,route,12,0.8767296246430911,1802631,222211
exp_h7_s0_d0.5,2025-05-01,route,17,0.7774093975907113,2755004,613238
exp_h7_s0_d0.5,2025-05-01,route,25,0.785079217554949,389497,83711
exp_h7_s0_d0.5,2025-05-01,route,26,0.785812554503516,901318,193051
exp_h7_s0_d0.5,2025-05-01,route,28,0.8128831318300459,535227,100150
exp_h7_s0_d0.5,2025-05-01,route,50,0.8491403599459965,1116223,168393
exp_h7_s0_d0.5,2025-05-01,month,5,0.8520383787755246,6000921,887906
exp_h7_s0_d0.5,2025-05-01,month,6,0.8053892835392774,5554987,1081060
exp_h7_s0_d0.5,2025-05-01,lead_week,1,0.8062161270150083,1151360,223115
exp_h7_s0_d0.5,2025-05-01,lead_week,2,0.8150913403310456,1188960,219849
exp_h7_s0_d0.5,2025-05-01,lead_week,3,0.8851563108757926,1514354,173914
exp_h7_s0_d0.5,2025-05-01,lead_week,4,0.8791050043588305,1518756,183610
exp_h7_s0_d0.5,2025-05-01,lead_week,5,0.8704951077199893,1469458,190302
exp_h7_s0_d0.5,2025-05-01,lead_week,6,0.8357615592285874,1404592,230688
exp_h7_s0_d0.5,2025-05-01,lead_week,7,0.7539223002436546,1112230,273695
exp_h7_s0_d0.5,2025-05-01,lead_week,8,0.8000015067672686,1327345,265467
exp_h7_s0_d0.5,2025-05-01,lead_week,9,0.7602287153292905,868853,208326
exp_h7_s0_d1.0,2025-05-01,route,1,0.8573856536893332,973184,138790
exp_h7_s0_d1.0,2025-05-01,route,5,,0,0
exp_h7_s0_d1.0,2025-05-01,route,7,0.8275822604142131,1354327,233510
exp_h7_s0_d1.0,2025-05-01,route,11,0.8738979587468187,1728497,217967
exp_h7_s0_d1.0,2025-05-01,route,12,0.8756817118977761,1802631,224100
exp_h7_s0_d1.0,2025-05-01,route,17,0.7756616687307896,2755004,618053
exp_h7_s0_d1.0,2025-05-01,route,25,0.783459179403179,389497,84342
exp_h7_s0_d1.0,2025-05-01,route,26,0.7846564697476363,901318,194093
exp_h7_s0_d1.0,2025-05-01,route,28,0.814009756607944,535227,99547
exp_h7_s0_d1.0,2025-05-01,route,50,0.8480142408819743,1116223,169650
exp_h7_s0_d1.0,2025-05-01,month,5,0.8506569241621411,6000921,896196
exp_h7_s0_d1.0,2025-05-01,month,6,0.8048859520283306,5554987,1083856
exp_h7_s0_d1.0,2025-05-01,lead_week,1,0.8048777098387994,1151360,224656
exp_h7_s0_d1.0,2025-05-01,lead_week,2,0.8141283138204818,1188960,220994
exp_h7_s0_d1.0,2025-05-01,lead_week,3,0.8836190217082663,1514354,176242
exp_h7_s0_d1.0,2025-05-01,lead_week,4,0.8782279707866174,1518756,184942
exp_h7_s0_d1.0,2025-05-01,lead_week,5,0.8702120101425151,1469458,190718
exp_h7_s0_d1.0,2025-05-01,lead_week,6,0.8339446615102464,1404592,233240
exp_h7_s0_d1.0,2025-05-01,lead_week,7,0.7552089046330346,1112230,272264
exp_h7_s0_d1.0,2025-05-01,lead_week,8,0.7992315486930677,1327345,266489
exp_h7_s0_d1.0,2025-05-01,lead_week,9,0.7577185093450791,868853,210507
exp_h14_s0_d0.0,2025-05-01,route,1,0.8620476703275023,973184,134253
exp_h14_s0_d0.0,2025-05-01,route,5,,0,0
exp_h14_s0_d0.0,2025-05-01,route,7,0.8273637016761831,1354327,233806
exp_h14_s0_d0.0,2025-05-01,route,11,0.8799228462647029,1728497,207553
exp_h14_s0_d0.0,2025-05-01,route,12,0.8802195235741536,1802631,215920
exp_h14_s0_d0.0,2025-05-01,route,17,0.8326136731561914,2755004,461150
exp_h14_s0_d0.0,2025-05-01,route,25,0.7974721243039099,389497,78884
exp_h14_s0_d0.0,2025-05-01,route,26,0.7644116726837809,901318,212340
exp_h14_s0_d0.0,2025-05-01,route,28,0.8100207949150547,535227,101682
exp_h14_s0_d0.0,2025-05-01,route,50,0.8490418133294153,1116223,168503
exp_h14_s0_d0.0,2025-05-01,month,5,0.8662778596818721,6000921,802456
exp_h14_s0_d0.0,2025-05-01,month,6,0.8178870625619826,5554987,1011635
exp_h14_s0_d0.0,2025-05-01,lead_week,1,0.8291724569205114,1151360,196684
exp_h14_s0_d0.0,2025-05-01,lead_week,2,0.8391249495357287,1188960,191274
exp_h14_s0_d0.0,2025-05-01,lead_week,3,0.8919149683627474,1514354,163679
exp_h14_s0_d0.0,2025-05-01,lead_week,4,0.8876692503601632,1518756,170603
exp_h14_s0_d0.0,2025-05-01,lead_week,5,0.8786103447665738,1469458,178377
exp_h14_s0_d0.0,2025-05-01,lead_week,6,0.8441063312335539,1404592,218967
exp_h14_s0_d0.0,2025-05-01,lead_week,7,0.7765875763106551,1112230,248486
exp_h14_s0_d0.0,2025-05-01,lead_week,8,0.8097540579125999,1327345,252522
exp_h14_s0_d0.0,2025-05-01,lead_week,9,0.7772937424397452,868853,193499
exp_h14_s0_d0.5,2025-05-01,route,1,0.8635407076154149,973184,132800
exp_h14_s0_d0.5,2025-05-01,route,5,,0,0
exp_h14_s0_d0.5,2025-05-01,route,7,0.8256927610540143,1354327,236069
exp_h14_s0_d0.5,2025-05-01,route,11,0.880853134254789,1728497,205945
exp_h14_s0_d0.5,2025-05-01,route,12,0.8819320204745176,1802631,212833
exp_h14_s0_d0.5,2025-05-01,route,17,0.8325098620546467,2755004,461436
exp_h14_s0_d0.5,2025-05-01,route,25,0.7992744488404275,389497,78182
exp_h14_s0_d0.5,2025-05-01,route,26,0.7645792051196137,901318,212189
exp_h14_s0_d0.5,2025-05-01,route,28,0.8113884389240453,535227,100950
exp_h14_s0_d0.5,2025-05-01,route,50,0.8496563858655484,1116223,167817
exp_h14_s0_d0.5,2025-05-01,month,5,0.8667214582561577,6000921,799794
exp_h14_s0_d0.5,2025-05-01,month,6,0.8184645616632407,5554987,1008427
exp_h14_s0_d0.5,2025-05-01,lead_week,1,0.8290951570316842,1151360,196773
exp_h14_s0_d0.5,2025-05-01,lead_week,2,0.8390349549185843,1188960,191381
exp_h14_s0_d0.5,2025-05-01,lead_week,3,0.8930844439279059,1514354,161908
exp_h14_s0_d0.5,2025-05-01,lead_week,4,0.8887931965371659,1518756,168896
exp_h14_s0_d0.5,2025-05-01,lead_week,5,0.8798250783622261,1469458,176592
exp_h14_s0_d0.5,2025-05-01,lead_week,6,0.8440543588458428,1404592,219040
exp_h14_s0_d0.5,2025-05-01,lead_week,7,0.7780270267840285,1112230,246885
exp_h14_s0_d0.5,2025-05-01,lead_week,8,0.8100591782844702,1327345,252117
exp_h14_s0_d0.5,2025-05-01,lead_week,9,0.7759931772117953,868853,194629
exp_h14_s0_d1.0,2025-05-01,route,1,0.8620096507957385,973184,134290
exp_h14_s0_d1.0,2025-05-01,route,5,,0,0
exp_h14_s0_d1.0,2025-05-01,route,7,0.8221500420504059,1354327,240867
exp_h14_s0_d1.0,2025-05-01,route,11,0.8797348216398408,1728497,207878
exp_h14_s0_d1.0,2025-05-01,route,12,0.8804214506463053,1802631,215556
exp_h14_s0_d1.0,2025-05-01,route,17,0.8305889937001907,2755004,466728
exp_h14_s0_d1.0,2025-05-01,route,25,0.7973617255075135,389497,78927
exp_h14_s0_d1.0,2025-05-01,route,26,0.7634697187895948,901318,213189
exp_h14_s0_d1.0,2025-05-01,route,28,0.8109699249103651,535227,101174
exp_h14_s0_d1.0,2025-05-01,route,50,0.8470189200545053,1116223,170761
exp_h14_s0_d1.0,2025-05-01,month,5,0.8641603513860623,6000921,815163
exp_h14_s0_d1.0,2025-05-01,month,6,0.8174240551778069,5554987,1014207
exp_h14_s0_d1.0,2025-05-01,lead_week,1,0.8275500277932184,1151360,198552
exp_h14_s0_d1.0,2025-05-01,lead_week,2,0.836241757502355,1188960,194702
exp_h14_s0_d1.0,2025-05-01,lead_week,3,0.8909673695846546,1514354,165114
exp_h14_s0_d1.0,2025-05-01,lead_week,4,0.8861015199281517,1518756,172984
exp_h14_s0_d1.0,2025-05-01,lead_week,5,0.8781346591736545,1469458,179076
exp_h14_s0_d1.0,2025-05-01,lead_week,6,0.8415440213243419,1404592,222566
exp_h14_s0_d1.0,2025-05-01,lead_week,7,0.7785673826456758,1112230,246284
exp_h14_s0_d1.0,2025-05-01,lead_week,8,0.8092063480105022,1327345,253249
exp_h14_s0_d1.0,2025-05-01,lead_week,9,0.7734449901191571,868853,196843
exp_h28_s0_d0.0,2025-05-01,route,1,0.8740166299487044,973184,122605
exp_h28_s0_d0.0,2025-05-01,route,5,,0,0
exp_h28_s0_d0.0,2025-05-01,route,7,0.8416061999797686,1354327,214517
exp_h28_s0_d0.0,2025-05-01,route,11,0.8830133925601259,1728497,202211
exp_h28_s0_d0.0,2025-05-01,route,12,0.883213480740096,1802631,210523
exp_h28_s0_d0.0,2025-05-01,route,17,0.8806234038135697,2755004,328883
exp_h28_s0_d0.0,2025-05-01,route,25,0.814717443266572,389497,72167
exp_h28_s0_d0.0,2025-05-01,route,26,0.7792865559103446,901318,198933
exp_h28_s0_d0.0,2025-05-01,route,28,0.8175970195823454,535227,97627
exp_h28_s0_d0.0,2025-05-01,route,50,0.8550047795109041,1116223,161847
exp_h28_s0_d0.0,2025-05-01,month,5,0.8826811751062879,6000921,704021
exp_h28_s0_d0.0,2025-05-01,month,6,0.8370307617281553,5554987,905292
exp_h28_s0_d0.0,2025-05-01,lead_week,1,0.8530242495831017,1151360,169222
exp_h28_s0_d0.0,2025-05-01,lead_week,2,0.8655564526981564,1188960,159848
exp_h28_s0_d0.0,2025-05-01,lead_week,3,0.9024442105346571,1514354,147734
exp_h28_s0_d0.0,2025-05-01,lead_week,4,0.8982443526149032,1518756,154542
exp_h28_s0_d0.0,2025-05-01,lead_week,5,0.8905433159709226,1469458,160842
exp_h28_s0_d0.0,2025-05-01,lead_week,6,0.8580726645175254,1404592,199350
exp_h28_s0_d0.0,2025-05-01,lead_week,7,0.8057631964611636,1112230,216036
exp_h28_s0_d0.0,2025-05-01,lead_week,8,0.8280921689538139,1327345,228181
exp_h28_s0_d0.0,2025-05-01,lead_week,9,0.8002446904136833,868853,173558
exp_h28_s0_d0.5,2025-05-01,route,1,0.8733528294752071,973184,123251
exp_h28_s0_d0.5,2025-05-01,route,5,,0,0
exp_h28_s0_d0.5,2025-05-01,route,7,0.8377216137609307,1354327,219778
exp_h28_s0_d0.5,2025-05-01,route,11,0.8823081555825668,1728497,203430
exp_h28_s0_d0.5,2025-05-01,route,12,0.8832761668916156,1802631,210410
exp_h28_s0_d0.5,2025-05-01,route,17,0.8810143288358202,2755004,327806
exp_h28_s0_d0.5,2025-05-01,route,25,0.8152001170740725,389497,71979
exp_h28_s0_d0.5,2025-05-01,route,26,0.7766548543355397,901318,201305
exp_h28_s0_d0.5,2025-05-01,route,28,0.8164666580721824,535227,98232
exp_h28_s0_d0.5,2025-05-01,route,50,0.8524542138981189,1116223,164694
exp_h28_s0_d0.5,2025-05-01,month,5,0.8818374712814916,6000921,709084
exp_h28_s0_d0.5,2025-05-01,month,6,0.8358590218122923,5554987,911801
exp_h28_s0_d0.5,2025-05-01,lead_week,1,0.851753578376876,1151360,170685
exp_h28_s0_d0.5,2025-05-01,lead_week,2,0.8641678441663303,1188960,161499
exp_h28_s0_d0.5,2025-05-01,lead_week,3,0.9027037271338142,1514354,147341
exp_h28_s0_d0.5,2025-05-01,lead_week,4,0.8977261653616513,1518756,155329
exp_h28_s0_d0.5,2025-05-01,lead_week,5,0.8899628298324961,1469458,161695
exp_h28_s0_d0.5,2025-05-01,lead_week,6,0.8562991957806965,1404592,201841
exp_h28_s0_d0.5,2025-05-01,lead_week,7,0.8057101498790717,1112230,216095
exp_h28_s0_d0.5,2025-05-01,lead_week,8,0.8263797279531697,1327345,230454
exp_h28_s0_d0.5,2025-05-01,lead_week,9,0.7974962392947944,868853,175946
exp_h28_s0_d1.0,2025-05-01,route,1,0.8699392920557675,973184,126573
exp_h28_s0_d1.0,2025-05-01,route,5,,0,0
exp_h28_s0_d1.0,2025-05-01,route,7,0.8315377305480878,1354327,228153
exp_h28_s0_d1.0,2025-05-01,route,11,0.8798719349816633,1728497,207641
exp_h28_s0_d1.0,2025-05-01,route,12,0.8810427647144645,1802631,214436
exp_h28_s0_d1.0,2025-05-01,route,17,0.8792517179648378,2755004,332662
exp_h28_s0_d1.0,2025-05-01,route,25,0.8121294900859314,389497,73175
exp_h28_s0_d1.0,2025-05-01,route,26,0.7727672142351534,901318,204809
exp_h28_s0_d1.0,2025-05-01,route,28,0.8139200750335839,535227,99595
exp_h28_s0_d1.0,2025-05-01,route,50,0.8473978765891762,1116223,170338
exp_h28_s0_d1.0,2025-05-01,month,5,0.87822102640578,6000921,730786
exp_h28_s0_d1.0,2025-05-01,month,6,0.8331956492427435,5554987,926596
exp_h28_s0_d1.0,2025-05-01,lead_week,1,0.8490637159533074,1151360,173782
exp_h28_s0_d1.0,2025-05-01,lead_week,2,0.8606361862468039,1188960,165698
exp_h28_s0_d1.0,2025-05-01,lead_week,3,0.8999467759850075,1514354,151516
exp_h28_s0_d1.0,2025-05-01,lead_week,4,0.8935839595036991,1518756,161620
exp_h28_s0_d1.0,2025-05-01,lead_week,5,0.8866303085899699,1469458,166592
exp_h28_s0_d1.0,2025-05-01,lead_week,6,0.8524069623064918,1404592,207308
exp_h28_s0_d1.0,2025-05-01,lead_week,7,0.8045440241676631,1112230,217392
exp_h28_s0_d1.0,2025-05-01,lead_week,8,0.8236622731844396,1327345,234061
exp_h28_s0_d1.0,2025-05-01,lead_week,9,0.7935059210246151,868853,179413
exp_h56_s0_d0.0,2025-05-01,route,1,0.8813759782322768,973184,115443
exp_h56_s0_d0.0,2025-05-01,route,5,,0,0
exp_h56_s0_d0.0,2025-05-01,route,7,0.8545462063445535,1354327,196992
exp_h56_s0_d0.0,2025-05-01,route,11,0.8858956654249328,1728497,197229
exp_h56_s0_d0.0,2025-05-01,route,12,0.8841532182681869,1802631,208829
exp_h56_s0_d0.0,2025-05-01,route,17,0.9041496854451028,2755004,264068
exp_h56_s0_d0.0,2025-05-01,route,25,0.8244864530407165,389497,68362
exp_h56_s0_d0.0,2025-05-01,route,26,0.8075429537632667,901318,173465
exp_h56_s0_d0.0,2025-05-01,route,28,0.8254777879292338,535227,93409
exp_h56_s0_d0.0,2025-05-01,route,50,0.8629368862673498,1116223,152993
exp_h56_s0_d0.0,2025-05-01,month,5,0.8916497984226088,6000921,650201
exp_h56_s0_d0.0,2025-05-01,month,6,0.8522788622187595,5554987,820589
exp_h56_s0_d0.0,2025-05-01,lead_week,1,0.8676599847137298,1151360,152371
exp_h56_s0_d0.0,2025-05-01,lead_week,2,0.8798571861122325,1188960,142845
exp_h56_s0_d0.0,2025-05-01,lead_week,3,0.9074912470928198,1514354,140091
exp_h56_s0_d0.0,2025-05-01,lead_week,4,0.9036626028144086,1518756,146313
exp_h56_s0_d0.0,2025-05-01,lead_week,5,0.8980079730077348,1469458,149873
exp_h56_s0_d0.0,2025-05-01,lead_week,6,0.8691427831000034,1404592,183801
exp_h56_s0_d0.0,2025-05-01,lead_week,7,0.8248680578657293,1112230,194787
exp_h56_s0_d0.0,2025-05-01,lead_week,8,0.8461424874467451,1327345,204222
exp_h56_s0_d0.0,2025-05-01,lead_week,9,0.8198924328971644,868853,156487
exp_h56_s0_d0.5,2025-05-01,route,1,0.8794184861238985,973184,117348
exp_h56_s0_d0.5,2025-05-01,route,5,,0,0
exp_h56_s0_d0.5,2025-05-01,route,7,0.849556274075611,1354327,203750
exp_h56_s0_d0.5,2025-05-01,route,11,0.8834820077790126,1728497,201401
exp_h56_s0_d0.5,2025-05-01,route,12,0.8839662693030355,1802631,209166
exp_h56_s0_d0.5,2025-05-01,route,17,0.9036302669614998,2755004,265499
exp_h56_s0_d0.5,2025-05-01,route,25,0.823251526969399,389497,68843
exp_h56_s0_d0.5,2025-05-01,route,26,0.8010369259240357,901318,179329
exp_h56_s0_d0.5,2025-05-01,route,28,0.8227667886709751,535227,94860
exp_h56_s0_d0.5,2025-05-01,route,50,0.85760461843198,1116223,158945
exp_h56_s0_d0.5,2025-05-01,month,5,0.8905246378014309,6000921,656953
exp_h56_s0_d0.5,2025-05-01,month,6,0.8483906442985375,5554987,842188
exp_h56_s0_d0.5,2025-05-01,lead_week,1,0.865508615897721,1151360,154848
exp_h56_s0_d0.5,2025-05-01,lead_week,2,0.8782936347732472,1188960,144704
exp_h56_s0_d0.5,2025-05-01,lead_week,3,0.9082209311693303,1514354,138986
exp_h56_s0_d0.5,2025-05-01,lead_week,4,0.9023700976325361,1518756,148276
exp_h56_s0_d0.5,2025-05-01,lead_week,5,0.8967156597874862,1469458,151772
exp_h56_s0_d0.5,2025-05-01,lead_week,6,0.8652078325948034,1404592,189328
exp_h56_s0_d0.5,2025-05-01,lead_week,7,0.8221950495850678,1112230,197760
exp_h56_s0_d0.5,2025-05-01,lead_week,8,0.8406947703875028,1327345,211453
exp_h56_s0_d0.5,2025-05-01,lead_week,9,0.8135311727070057,868853,162014
exp_h56_s0_d1.0,2025-05-01,route,1,0.8747544143759043,973184,121887
exp_h56_s0_d1.0,2025-05-01,route,5,,0,0
exp_h56_s0_d1.0,2025-05-01,route,7,0.8419945847642408,1354327,213991
exp_h56_s0_d1.0,2025-05-01,route,11,0.879006443169991,1728497,209137
exp_h56_s0_d1.0,2025-05-01,route,12,0.8809251588372773,1802631,214648
exp_h56_s0_d1.0,2025-05-01,route,17,0.9001660251672956,2755004,275043
exp_h56_s0_d1.0,2025-05-01,route,25,0.8189434064960706,389497,70521
exp_h56_s0_d1.0,2025-05-01,route,26,0.7929265808515973,901318,186639
exp_h56_s0_d1.0,2025-05-01,route,28,0.8180734529461331,535227,97372
exp_h56_s0_d1.0,2025-05-01,route,50,0.8492093425776033,1116223,168316
exp_h56_s0_d1.0,2025-05-01,month,5,0.8861573081865267,6000921,683161
exp_h56_s0_d1.0,2025-05-01,month,6,0.8425931509830716,5554987,874393
exp_h56_s0_d1.0,2025-05-01,lead_week,1,0.8608098249027237,1151360,160258
exp_h56_s0_d1.0,2025-05-01,lead_week,2,0.8743288251917642,1188960,149418
exp_h56_s0_d1.0,2025-05-01,lead_week,3,0.9056759515938809,1514354,142840
exp_h56_s0_d1.0,2025-05-01,lead_week,4,0.89711316366816,1518756,156260
exp_h56_s0_d1.0,2025-05-01,lead_week,5,0.8918199771616474,1469458,158966
exp_h56_s0_d1.0,2025-05-01,lead_week,6,0.8591932746306401,1404592,197776
exp_h56_s0_d1.0,2025-05-01,lead_week,7,0.818014259640542,1112230,202410
exp_h56_s0_d1.0,2025-05-01,lead_week,8,0.8337214514689097,1327345,220709
exp_h56_s0_d1.0,2025-05-01,lead_week,9,0.805586215389715,868853,168917
exp_h112_s0_d0.0,2025-05-01,route,1,0.8841092742996186,973184,112783
exp_h112_s0_d0.0,2025-05-01,route,5,,0,0
exp_h112_s0_d0.0,2025-05-01,route,7,0.8595612433334048,1354327,190200
exp_h112_s0_d0.0,2025-05-01,route,11,0.8877325213755072,1728497,194054
exp_h112_s0_d0.0,2025-05-01,route,12,0.8838719627034041,1802631,209336
exp_h112_s0_d0.0,2025-05-01,route,17,0.9090393335182091,2755004,250597
exp_h112_s0_d0.0,2025-05-01,route,25,0.82786260227935,389497,67047
exp_h112_s0_d0.0,2025-05-01,route,26,0.8268347020696358,901318,156077
exp_h112_s0_d0.0,2025-05-01,route,28,0.8300870471781132,535227,90942
exp_h112_s0_d0.0,2025-05-01,route,50,0.8681240218128456,1116223,147203
exp_h112_s0_d0.0,2025-05-01,month,5,0.8934243593608381,6000921,639552
exp_h112_s0_d0.0,2025-05-01,month,6,0.8598219941828846,5554987,778687
exp_h112_s0_d0.0,2025-05-01,lead_week,1,0.8732342620900501,1151360,145953
exp_h112_s0_d0.0,2025-05-01,lead_week,2,0.8814081213833939,1188960,141001
exp_h112_s0_d0.0,2025-05-01,lead_week,3,0.9078795314701846,1514354,139503
exp_h112_s0_d0.0,2025-05-01,lead_week,4,0.9039905027535694,1518756,145815
exp_h112_s0_d0.0,2025-05-01,lead_week,5,0.9007450366053333,1469458,145851
exp_h112_s0_d0.0,2025-05-01,lead_week,6,0.873919971066331,1404592,177091
exp_h112_s0_d0.0,2025-05-01,lead_week,7,0.833432833137031,1112230,185261
exp_h112_s0_d0.0,2025-05-01,lead_week,8,0.8568179335440296,1327345,190052
exp_h112_s0_d0.0,2025-05-01,lead_week,9,0.8299919549106696,868853,147712
exp_h112_s0_d0.5,2025-05-01,route,1,0.8820664951335,973184,114771
exp_h112_s0_d0.5,2025-05-01,route,5,,0,0
exp_h112_s0_d0.5,2025-05-01,route,7,0.855255783869036,1354327,196031
exp_h112_s0_d0.5,2025-05-01,route,11,0.8842809678003491,1728497,200020
exp_h112_s0_d0.5,2025-05-01,route,12,0.8840511452427036,1802631,209013
exp_h112_s0_d0.5,2025-05-01,route,17,0.9092095692057072,2755004,250128
exp_h112_s0_d0.5,2025-05-01,route,25,0.8258215082529519,389497,67842
exp_h112_s0_d0.5,2025-05-01,route,26,0.8176570311477193,901318,164349
exp_h112_s0_d0.5,2025-05-01,route,28,0.8266249647345892,535227,92795
exp_h112_s0_d0.5,2025-05-01,route,50,0.8614703334369566,1116223,154630
exp_h112_s0_d0.5,2025-05-01,month,5,0.893101575574816,6000921,641489
exp_h112_s0_d0.5,2025-05-01,month,6,0.8545289124889042,5554987,808090
exp_h112_s0_d0.5,2025-05-01,lead_week,1,0.8707893274041134,1151360,148768
exp_h112_s0_d0.5,2025-05-01,lead_week,2,0.8815956802583771,1188960,140778
exp_h112_s0_d0.5,2025-05-01,lead_week,3,0.9099880212948888,1514354,136310
exp_h112_s0_d0.5,2025-05-01,lead_week,4,0.9031760203745697,1518756,147052
exp_h112_s0_d0.5,2025-05-01,lead_week,5,0.8994323076944016,1469458,147780
exp_h112_s0_d0.5,2025-05-01,lead_week,6,0.8694738400902183,1404592,183336
exp_h112_s0_d0.5,2025-05-01,lead_week,7,0.8292763187470218,1112230,189884
exp_h112_s0_d0.5,2025-05-01,lead_week,8,0.8487665226448285,1327345,200739
exp_h112_s0_d0.5,2025-05-01,lead_week,9,0.8216821487639451,868853,154932
exp_h112_s0_d1.0,2025-05-01,route,1,0.8766266194265422,973184,120065
exp_h112_s0_d1.0,2025-05-01,route,5,,0,0
exp_h112_s0_d1.0,2025-05-01,route,7,0.8474784893160957,1354327,206564
exp_h112_s0_d1.0,2025-05-01,route,11,0.8783428608785552,1728497,210284
exp_h112_s0_d1.0,2025-05-01,route,12,0.8807537427238298,1802631,214957
exp_h112_s0_d1.0,2025-05-01,route,17,0.9053638397621201,2755004,260723
exp_h112_s0_d1.0,2025-05-01,route,25,0.8207970793099819,389497,69799
exp_h112_s0_d1.0,2025-05-01,route,26,0.8060839792392918,901318,174780
exp_h112_s0_d1.0,2025-05-01,route,28,0.8206517982089843,535227,95992
exp_h112_s0_d1.0,2025-05-01,route,50,0.8507144181762963,1116223,166636
exp_h112_s0_d1.0,2025-05-01,month,5,0.8887492436577652,6000921,667607
exp_h112_s0_d1.0,2025-05-01,month,6,0.846589559975568,5554987,852193
exp_h112_s0_d1.0,2025-05-01,lead_week,1,0.8646348665925514,1151360,155854
exp_h112_s0_d1.0,2025-05-01,lead_week,2,0.8784517561566411,1188960,144516
exp_h112_s0_d1.0,2025-05-01,lead_week,3,0.9080241475903257,1514354,139284
exp_h112_s0_d1.0,2025-05-01,lead_week,4,0.8978782635262017,1518756,155098
exp_h112_s0_d1.0,2025-05-01,lead_week,5,0.8936179189878173,1469458,156324
exp_h112_s0_d1.0,2025-05-01,lead_week,6,0.8620382288949389,1404592,193780
exp_h112_s0_d1.0,2025-05-01,lead_week,7,0.8227506900551145,1112230,197142
exp_h112_s0_d1.0,2025-05-01,lead_week,8,0.8387917233273942,1327345,213979
exp_h112_s0_d1.0,2025-05-01,lead_week,9,0.8114491173996061,868853,163823
mean_s0_d0.0,2025-05-01,route,1,0.8843589701433645,973184,112540
mean_s0_d0.0,2025-05-01,route,5,,0,0
mean_s0_d0.0,2025-05-01,route,7,0.8624150592877495,1354327,186335
mean_s0_d0.0,2025-05-01,route,11,0.8884447008007534,1728497,192823
mean_s0_d0.0,2025-05-01,route,12,0.8824523710066009,1802631,211895
mean_s0_d0.0,2025-05-01,route,17,0.9083663762375662,2755004,252451
mean_s0_d0.0,2025-05-01,route,25,0.8287072814424759,389497,66718
mean_s0_d0.0,2025-05-01,route,26,0.8465103326461915,901318,138343
mean_s0_d0.0,2025-05-01,route,28,0.8345972830219701,535227,88528
mean_s0_d0.0,2025-05-01,route,50,0.872931304945338,1116223,141837
mean_s0_d0.0,2025-05-01,month,5,0.8919934123445384,6000921,648139
mean_s0_d0.0,2025-05-01,month,6,0.8661867255494927,5554987,743331
mean_s0_d0.0,2025-05-01,lead_week,1,0.8763271261812118,1151360,142392
mean_s0_d0.0,2025-05-01,lead_week,2,0.8785779168348808,1188960,144366
mean_s0_d0.0,2025-05-01,lead_week,3,0.905286346521355,1514354,143430
mean_s0_d0.0,2025-05-01,lead_week,4,0.9008227786425206,1518756,150626
mean_s0_d0.0,2025-05-01,lead_week,5,0.9010383420281491,1469458,145420
mean_s0_d0.0,2025-05-01,lead_week,6,0.8766858988232882,1404592,173206
mean_s0_d0.0,2025-05-01,lead_week,7,0.8410113016192694,1112230,176832
mean_s0_d0.0,2025-05-01,lead_week,8,0.8673856457816167,1327345,176025
mean_s0_d0.0,2025-05-01,lead_week,9,0.8398198544517887,868853,139173
mean_s0_d0.5,2025-05-01,route,1,0.8837290789819808,973184,113153
mean_s0_d0.5,2025-05-01,route,5,,0,0
mean_s0_d0.5,2025-05-01,route,7,0.8595745340674741,1354327,190182
mean_s0_d0.5,2025-05-01,route,11,0.8852673739092403,1728497,198315
mean_s0_d0.5,2025-05-01,route,12,0.8837510283579945,1802631,209554
mean_s0_d0.5,2025-05-01,route,17,0.9108422347118189,2755004,245630
mean_s0_d0.5,2025-05-01,route,25,0.826655917760599,389497,67517
mean_s0_d0.5,2025-05-01,route,26,0.8352013384843086,901318,148536
mean_s0_d0.5,2025-05-01,route,28,0.8305952427661534,535227,90670
mean_s0_d0.5,2025-05-01,route,50,0.8658332609165015,1116223,149760
mean_s0_d0.5,2025-05-01,month,5,0.8939774411294533,6000921,636233
mean_s0_d0.5,2025-05-01,month,6,0.8601105637150905,5554987,777084
mean_s0_d0.5,2025-05-01,lead_week,1,0.8745943927181767,1151360,144387
mean_s0_d0.5,2025-05-01,lead_week,2,0.8822962925582021,1188960,139945
mean_s0_d0.5,2025-05-01,lead_week,3,0.9101445236714797,1514354,136073
mean_s0_d0.5,2025-05-01,lead_week,4,0.9024971753198012,1518756,148083
mean_s0_d0.5,2025-05-01,lead_week,5,0.9006048488626419,1469458,146057
mean_s0_d0.5,2025-05-01,lead_week,6,0.8725544499755089,1404592,179009
mean_s0_d0.5,2025-05-01,lead_week,7,0.8360330147541426,1112230,182369
mean_s0_d0.5,2025-05-01,lead_week,8,0.8573106464408273,1327345,189398
mean_s0_d0.5,2025-05-01,lead_week,9,0.8296650871896627,868853,147996
mean_s0_d1.0,2025-05-01,route,1,0.877558611732211,973184,119158
mean_s0_d1.0,2025-05-01,route,5,,0,0
mean_s0_d1.0,2025-05-01,route,7,0.8522240197529843,1354327,200137
mean_s0_d1.0,2025-05-01,route,11,0.8775190237530062,1728497,211708
mean_s0_d1.0,2025-05-01,route,12,0.8802189688294498,1802631,215921
mean_s0_d1.0,2025-05-01,route,17,0.9073220946321675,2755004,255328
mean_s0_d1.0,2025-05-01,route,25,0.8205660120617104,389497,69889
mean_s0_d1.0,2025-05-01,route,26,0.8199115073703177,901318,162317
mean_s0_d1.0,2025-05-01,route,28,0.8232600373299553,535227,94596
mean_s0_d1.0,2025-05-01,route,50,0.8523467084982123,1116223,164814
mean_s0_d1.0,2025-05-01,month,5,0.8900460445988208,6000921,659825
mean_s0_d1.0,2025-05-01,month,6,0.8498568943545682,5554987,834043
mean_s0_d1.0,2025-05-01,lead_week,1,0.86705287659811,1151360,153070
mean_s0_d1.0,2025-05-01,lead_week,2,0.880441730588077,1188960,142150
mean_s0_d1.0,2025-05-01,lead_week,3,0.9090001413143822,1514354,137806
mean_s0_d1.0,2025-05-01,lead_week,4,0.8979533249580578,1518756,154984
mean_s0_d1.0,2025-05-01,lead_week,5,0.8941568932218545,1469458,155532
mean_s0_d1.0,2025-05-01,lead_week,6,0.8641100048982195,1404592,190870
mean_s0_d1.0,2025-05-01,lead_week,7,0.8268433687276913,1112230,192590
mean_s0_d1.0,2025-05-01,lead_week,8,0.8434627018597275,1327345,207779
mean_s0_d1.0,2025-05-01,lead_week,9,0.8168999819302,868853,159087
median_s0_d0.0,2025-05-01,route,1,0.8779120906221228,973184,118814
median_s0_d0.0,2025-05-01,route,5,,0,0
median_s0_d0.0,2025-05-01,route,7,0.8593316089836502,1354327,190511
median_s0_d0.0,2025-05-01,route,11,0.8767993233427654,1728497,212952
median_s0_d0.0,2025-05-01,route,12,0.8779944425675582,1802631,219931
median_s0_d0.0,2025-05-01,route,17,0.8965170286504122,2755004,285096
median_s0_d0.0,2025-05-01,route,25,0.8211128712159529,389497,69676
median_s0_d0.0,2025-05-01,route,26,0.8311339615984592,901318,152202
median_s0_d0.0,2025-05-01,route,28,0.8261242426110791,535227,93063
median_s0_d0.0,2025-05-01,route,50,0.8546885344595121,1116223,162200
median_s0_d0.0,2025-05-01,month,5,0.8900605423734124,6000921,659738
median_s0_d0.0,2025-05-01,month,6,0.8479371778907854,5554987,844707
median_s0_d0.0,2025-05-01,lead_week,1,0.8611893760422457,1151360,159821
median_s0_d0.0,2025-05-01,lead_week,2,0.8721613847396044,1188960,151995
median_s0_d0.0,2025-05-01,lead_week,3,0.9151228840812651,1514354,128534
median_s0_d0.0,2025-05-01,lead_week,4,0.9024372578610389,1518756,148174
median_s0_d0.0,2025-05-01,lead_week,5,0.8937499404542355,1469458,156130
median_s0_d0.0,2025-05-01,lead_week,6,0.865720436966749,1404592,188608
median_s0_d0.0,2025-05-01,lead_week,7,0.8191731925950567,1112230,201121
median_s0_d0.0,2025-05-01,lead_week,8,0.8430212190500586,1327345,208365
median_s0_d0.0,2025-05-01,lead_week,9,0.8138960215364395,868853,161697
median_s0_d0.5,2025-05-01,route,1,0.8776284854662633,973184,119090
median_s0_d0.5,2025-05-01,route,5,,0,0
median_s0_d0.5,2025-05-01,route,7,0.8602287335333343,1354327,189296
median_s0_d0.5,2025-05-01,route,11,0.8761050785740444,1728497,214152
median_s0_d0.5,2025-05-01,route,12,0.8774019752239921,1802631,220999
median_s0_d0.5,2025-05-01,route,17,0.8965377182755452,2755004,285039
median_s0_d0.5,2025-05-01,route,25,0.8221501064193049,389497,69272
median_s0_d0.5,2025-05-01,route,26,0.8302663432883843,901318,152984
median_s0_d0.5,2025-05-01,route,28,0.8270360052837394,535227,92575
median_s0_d0.5,2025-05-01,route,50,0.8532434827091002,1116223,163813
median_s0_d0.5,2025-05-01,month,5,0.8897390917160882,6000921,661667
median_s0_d0.5,2025-05-01,month,6,0.847784882304855,5554987,845553
median_s0_d0.5,2025-05-01,lead_week,1,0.8609244719288494,1151360,160126
median_s0_d0.5,2025-05-01,lead_week,2,0.8723405329027049,1188960,151782
median_s0_d0.5,2025-05-01,lead_week,3,0.9156339931086126,1514354,127760
median_s0_d0.5,2025-05-01,lead_week,4,0.9015536399526981,1518756,149516
median_s0_d0.5,2025-05-01,lead_week,5,0.8939731520057055,1469458,155802
median_s0_d0.5,2025-05-01,lead_week,6,0.8649657694191623,1404592,189668
median_s0_d0.5,2025-05-01,lead_week,7,0.8199796804617749,1112230,200224
median_s0_d0.5,2025-05-01,lead_week,8,0.8425978174476116,1327345,208927
median_s0_d0.5,2025-05-01,lead_week,9,0.8119187020128836,868853,163415
median_s0_d1.0,2025-05-01,route,1,0.8751315270288045,973184,121520
median_s0_d1.0,2025-05-01,route,5,,0,0
median_s0_d1.0,2025-05-01,route,7,0.858500938104313,1354327,191636
median_s0_d1.0,2025-05-01,route,11,0.8734848831094297,1728497,218681
median_s0_d1.0,2025-05-01,route,12,0.874606616661979,1802631,226038
median_s0_d1.0,2025-05-01,route,17,0.8944916232426523,2755004,290676
median_s0_d1.0,2025-05-01,route,25,0.8200627989432525,389497,70085
median_s0_d1.0,2025-05-01,route,26,0.8270743511169198,901318,155861
median_s0_d1.0,2025-05-01,route,28,0.826045771233514,535227,93105
median_s0_d1.0,2025-05-01,route,50,0.8497531407254644,1116223,167709
median_s0_d1.0,2025-05-01,month,5,0.8867843785978853,6000921,679398
median_s0_d1.0,2025-05-01,month,6,0.8459198914416901,5554987,855913
median_s0_d1.0,2025-05-01,lead_week,1,0.8589450736520289,1151360,162405
median_s0_d1.0,2025-05-01,lead_week,2,0.870660913739739,1188960,153779
median_s0_d1.0,2025-05-01,lead_week,3,0.9127436517485343,1514354,132137
median_s0_d1.0,2025-05-01,lead_week,4,0.8974983473316319,1518756,155675
median_s0_d1.0,2025-05-01,lead_week,5,0.891760771658666,1469458,159053
median_s0_d1.0,2025-05-01,lead_week,6,0.8617840625605158,1404592,194137
median_s0_d1.0,2025-05-01,lead_week,7,0.819858302689192,1112230,200359
median_s0_d1.0,2025-05-01,lead_week,8,0.8408356531271071,1327345,211266
median_s0_d1.0,2025-05-01,lead_week,9,0.8083680438463123,868853,166500
trim10_s0_d0.0,2025-05-01,route,1,0.8825422530580034,973184,114308
trim10_s0_d0.0,2025-05-01,route,5,,0,0
trim10_s0_d0.0,2025-05-01,route,7,0.8611753291487211,1354327,188014
trim10_s0_d0.0,2025-05-01,route,11,0.883954094221743,1728497,200585
trim10_s0_d0.0,2025-05-01,route,12,0.8813811589837299,1802631,213826
trim10_s0_d0.0,2025-05-01,route,17,0.9095576630741734,2755004,249169
trim10_s0_d0.0,2025-05-01,route,25,0.8253568063425392,389497,68023
trim10_s0_d0.0,2025-05-01,route,26,0.8406699966049718,901318,143607
trim10_s0_d0.0,2025-05-01,route,28,0.8297768984001181,535227,91108
trim10_s0_d0.0,2025-05-01,route,50,0.8634036388786112,1116223,152472
trim10_s0_d0.0,2025-05-01,month,5,0.8939871063125143,6000921,636175
trim10_s0_d0.0,2025-05-01,month,6,0.8586968790386008,5554987,784937
trim10_s0_d0.0,2025-05-01,lead_week,1,0.8714615758754864,1151360,147994
trim10_s0_d0.0,2025-05-01,lead_week,2,0.8800649306957341,1188960,142598
trim10_s0_d0.0,2025-05-01,lead_week,3,0.9126419582211293,1514354,132291
trim10_s0_d0.0,2025-05-01,lead_week,4,0.9046713231091762,1518756,144781
trim10_s0_d0.0,2025-05-01,lead_week,5,0.8999079932873209,1469458,147081
trim10_s0_d0.0,2025-05-01,lead_week,6,0.8722283766389101,1404592,179467
trim10_s0_d0.0,2025-05-01,lead_week,7,0.833554210909614,1112230,185126
trim10_s0_d0.0,2025-05-01,lead_week,8,0.8557993588705273,1327345,191404
trim10_s0_d0.0,2025-05-01,lead_week,9,0.8269327492682882,868853,150370
trim10_s0_d0.5,2025-05-01,route,1,0.880594008943838,973184,116204
trim10_s0_d0.5,2025-05-01,route,5,,0,0
trim10_s0_d0.5,2025-05-01,route,7,0.8603431815211541,1354327,189141
trim10_s0_d0.5,2025-05-01,route,11,0.8807646180467771,1728497,206098
trim10_s0_d0.5,2025-05-01,route,12,0.8807420930850518,1802631,214978
trim10_s0_d0.5,2025-05-01,route,17,0.9087899690889741,2755004,251284
trim10_s0_d0.5,2025-05-01,route,25,0.8244197002801048,389497,68388
trim10_s0_d0.5,2025-05-01,route,26,0.8366414517406731,901318,147238
trim10_s0_d0.5,2025-05-01,route,28,0.8284167278556576,535227,91836
trim10_s0_d0.5,2025-05-01,route,50,0.8590505660607244,1116223,157331
trim10_s0_d0.5,2025-05-01,month,5,0.8937956357032528,6000921,637324
trim10_s0_d0.5,2025-05-01,month,6,0.8550538462106212,5554987,805174
trim10_s0_d0.5,2025-05-01,lead_week,1,0.8696115897720956,1151360,150124
trim10_s0_d0.5,2025-05-01,lead_week,2,0.880248284214776,1188960,142380
trim10_s0_d0.5,2025-05-01,lead_week,3,0.914380653400724,1514354,129658
trim10_s0_d0.5,2025-05-01,lead_week,4,0.9041452346525709,1518756,145580
trim10_s0_d0.5,2025-05-01,lead_week,5,0.898562599271296,1469458,149058
trim10_s0_d0.5,2025-05-01,lead_week,6,0.8692574071331747,1404592,183640
trim10_s0_d0.5,2025-05-01,lead_week,7,0.8304505363099359,1112230,188578
trim10_s0_d0.5,2025-05-01,lead_week,8,0.8506439546613729,1327345,198247
trim10_s0_d0.5,2025-05-01,lead_week,9,0.821335715017385,868853,155233
trim10_s0_d1.0,2025-05-01,route,1,0.8761354481783507,973184,120543
trim10_s0_d1.0,2025-05-01,route,5,,0,0
trim10_s0_d1.0,2025-05-01,route,7,0.8571460216033499,1354327,193471
trim10_s0_d1.0,2025-05-01,route,11,0.8749653600787274,1728497,216122
trim10_s0_d1.0,2025-05-01,route,12,0.8761366025548213,1802631,223280
trim10_s0_d1.0,2025-05-01,route,17,0.9047856191860338,2755004,262316
trim10_s0_d1.0,2025-05-01,route,25,0.8204530458514443,389497,69933
trim10_s0_d1.0,2025-05-01,route,26,0.8303917152436765,901318,152871
trim10_s0_d1.0,2025-05-01,route,28,0.8250069596638436,535227,93661
trim10_s0_d1.0,2025-05-01,route,50,0.8509840775543955,1116223,166335
trim10_s0_d1.0,2025-05-01,month,5,0.8898545739895592,6000921,660974
trim10_s0_d1.0,2025-05-01,month,6,0.849224129597423,5554987,837558
trim10_s0_d1.0,2025-05-01,lead_week,1,0.8648294191217343,1151360,155630
trim10_s0_d1.0,2025-05-01,lead_week,2,0.8774189207374512,1188960,145744
trim10_s0_d1.0,2025-05-01,lead_week,3,0.9114870103027429,1514354,134040
trim10_s0_d1.0,2025-05-01,lead_week,4,0.899330768075978,1518756,152892
trim10_s0_d1.0,2025-05-01,lead_week,5,0.8940099002489353,1469458,155748
trim10_s0_d1.0,2025-05-01,lead_week,6,0.8638750612277444,1404592,191200
trim10_s0_d1.0,2025-05-01,lead_week,7,0.8254353865657283,1112230,194156
trim10_s0_d1.0,2025-05-01,lead_week,8,0.8436796763463907,1327345,207491
trim10_s0_d1.0,2025-05-01,lead_week,9,0.8139719837532932,868853,161631
q40_s0_d0.0,2025-05-01,route,1,0.8828505195317637,973184,114008
q40_s0_d0.0,2025-05-01,route,5,,0,0
q40_s0_d0.0,2025-05-01,route,7,0.8595184176347367,1354327,190258
q40_s0_d0.0,2025-05-01,route,11,0.8828247893979567,1728497,202537
q40_s0_d0.0,2025-05-01,route,12,0.8830437288607597,1802631,210829
q40_s0_d0.0,2025-05-01,route,17,0.901989253010159,2755004,270020
q40_s0_d0.0,2025-05-01,route,25,0.8150460722418915,389497,72039
q40_s0_d0.0,2025-05-01,route,26,0.8513798681486445,901318,133954
q40_s0_d0.0,2025-05-01,route,28,0.8367888764953936,535227,87355
q40_s0_d0.0,2025-05-01,route,50,0.8685862950324442,1116223,146687
q40_s0_d0.0,2025-05-01,month,5,0.8913813396310333,6000921,651812
q40_s0_d0.0,2025-05-01,month,6,0.8603282059886008,5554987,775875
q40_s0_d0.0,2025-05-01,lead_week,1,0.8715805655919956,1151360,147857
q40_s0_d0.0,2025-05-01,lead_week,2,0.8767687727089221,1188960,146517
q40_s0_d0.0,2025-05-01,lead_week,3,0.9109164699931456,1514354,134904
q40_s0_d0.0,2025-05-01,lead_week,4,0.8992056656895512,1518756,153082
q40_s0_d0.0,2025-05-01,lead_week,5,0.8960419419949396,1469458,152762
q40_s0_d0.0,2025-05-01,lead_week,6,0.8722290885894267,1404592,179466
q40_s0_d0.0,2025-05-01,lead_week,7,0.8339561062010555,1112230,184679
q40_s0_d0.0,2025-05-01,lead_week,8,0.860569030658947,1327345,185073
q40_s0_d0.0,2025-05-01,lead_week,9,0.8350158197071311,868853,143347
q40_s0_d0.5,2025-05-01,route,1,0.8820038142838353,973184,114832
q40_s0_d0.5,2025-05-01,route,5,,0,0
q40_s0_d0.5,2025-05-01,route,7,0.8609257586978625,1354327,188352
q40_s0_d0.5,2025-05-01,route,11,0.8822850140902762,1728497,203470
q40_s0_d0.5,2025-05-01,route,12,0.8830365171796114,1802631,210842
q40_s0_d0.5,2025-05-01,route,17,0.9020266395257502,2755004,269917
q40_s0_d0.5,2025-05-01,route,25,0.8160730377897647,389497,71639
q40_s0_d0.5,2025-05-01,route,26,0.8507363660772336,901318,134534
q40_s0_d0.5,2025-05-01,route,28,0.8372298109026637,535227,87119
q40_s0_d0.5,2025-05-01,route,50,0.8669916316004956,1116223,148467
q40_s0_d0.5,2025-05-01,month,5,0.8911950348954769,6000921,652930
q40_s0_d0.5,2025-05-01,month,6,0.8602621392273285,5554987,776242
q40_s0_d0.5,2025-05-01,lead_week,1,0.8715293218454697,1151360,147916
q40_s0_d0.5,2025-05-01,lead_week,2,0.8773953707441797,1188960,145772
q40_s0_d0.5,2025-05-01,lead_week,3,0.911581440006762,1514354,133897
q40_s0_d0.5,2025-05-01,lead_week,4,0.8981607315460811,1518756,154669
q40_s0_d0.5,2025-05-01,lead_week,5,0.895962320801275,1469458,152879
q40_s0_d0.5,2025-05-01,lead_week,6,0.8719094228074772,1404592,179915
q40_s0_d0.5,2025-05-01,lead_week,7,0.8351599938861567,1112230,183340
q40_s0_d0.5,2025-05-01,lead_week,8,0.8601629568800877,1327345,185612
q40_s0_d0.5,2025-05-01,lead_week,9,0.832915349316858,868853,145172
q40_s0_d1.0,2025-05-01,route,1,0.8785091000263054,973184,118233
q40_s0_d1.0,2025-05-01,route,5,,0,0
q40_s0_d1.0,2025-05-01,route,7,0.8600286341481784,1354327,189567
q40_s0_d1.0,2025-05-01,route,11,0.8796746537598851,1728497,207982
q40_s0_d1.0,2025-05-01,route,12,0.8805146477565292,1802631,215388
q40_s0_d1.0,2025-05-01,route,17,0.9001366241210539,2755004,275124
q40_s0_d1.0,2025-05-01,route,25,0.8135980508193901,389497,72603
q40_s0_d1.0,2025-05-01,route,26,0.8473169292081152,901318,137616
q40_s0_d1.0,2025-05-01,route,28,0.8359836106922858,535227,87786
q40_s0_d1.0,2025-05-01,route,50,0.8628213179624502,1116223,153122
q40_s0_d1.0,2025-05-01,month,5,0.8883639694640206,6000921,669919
q40_s0_d1.0,2025-05-01,month,6,0.8582351317833867,5554987,787502
q40_s0_d1.0,2025-05-01,lead_week,1,0.8693241036687048,1151360,150455
q40_s0_d1.0,2025-05-01,lead_week,2,0.8767687727089221,1188960,146517
q40_s0_d1.0,2025-05-01,lead_week,3,0.908789490436186,1514354,138125
q40_s0_d1.0,2025-05-01,lead_week,4,0.8939651925654943,1518756,161041
q40_s0_d1.0,2025-05-01,lead_week,5,0.8933817774989146,1469458,156671
q40_s0_d1.0,2025-05-01,lead_week,6,0.8688879048150637,1404592,184159
q40_s0_d1.0,2025-05-01,lead_week,7,0.8349379175170604,1112230,183587
q40_s0_d1.0,2025-05-01,lead_week,8,0.8583397684852092,1327345,188032
q40_s0_d1.0,2025-05-01,lead_week,9,0.8287005972241565,868853,148834
q60_s0_d0.0,2025-05-01,route,1,0.8698498947783769,973184,126660
q60_s0_d0.0,2025-05-01,route,5,,0,0
q60_s0_d0.0,2025-05-01,route,7,0.8542198449857383,1354327,197434
q60_s0_d0.0,2025-05-01,route,11,0.867823895557817,1728497,228466
q60_s0_d0.0,2025-05-01,route,12,0.8673971544925168,1802631,239034
q60_s0_d0.0,2025-05-01,route,17,0.8903834622381673,2755004,301994
q60_s0_d0.0,2025-05-01,route,25,0.8191847433998208,389497,70427
q60_s0_d0.0,2025-05-01,route,26,0.8084704843351624,901318,172629
q60_s0_d0.0,2025-05-01,route,28,0.8146692898527167,535227,99194
q60_s0_d0.0,2025-05-01,route,50,0.8378057072825054,1116223,181045
q60_s0_d0.0,2025-05-01,month,5,0.8847858520383788,6000921,691391
q60_s0_d0.0,2025-05-01,month,6,0.8333943895818298,5554987,925492
q60_s0_d0.0,2025-05-01,lead_week,1,0.8463538771539745,1151360,176902
q60_s0_d0.0,2025-05-01,lead_week,2,0.8620273179921949,1188960,164044
q60_s0_d0.0,2025-05-01,lead_week,3,0.9156366344989348,1514354,127756
q60_s0_d0.0,2025-05-01,lead_week,4,0.9029323999378439,1518756,147422
q60_s0_d0.0,2025-05-01,lead_week,5,0.8889086996702186,1469458,163244
q60_s0_d0.0,2025-05-01,lead_week,6,0.8557887272603005,1404592,202558
q60_s0_d0.0,2025-05-01,lead_week,7,0.8018485385217087,1112230,220390
q60_s0_d0.0,2025-05-01,lead_week,8,0.8235281708975436,1327345,234239
q60_s0_d0.0,2025-05-01,lead_week,9,0.7924528084727797,868853,180328
q60_s0_d0.5,2025-05-01,route,1,0.8697646077206366,973184,126743
q60_s0_d0.5,2025-05-01,route,5,,0,0
q60_s0_d0.5,2025-05-01,route,7,0.8533086913278698,1354327,198668
q60_s0_d0.5,2025-05-01,route,11,0.8653905676434498,1728497,232672
q60_s0_d0.5,2025-05-01,route,12,0.8671425266735122,1802631,239493
q60_s0_d0.5,2025-05-01,route,17,0.8899569655797233,2755004,303169
q60_s0_d0.5,2025-05-01,route,25,0.8184812719995276,389497,70701
q60_s0_d0.5,2025-05-01,route,26,0.8060884171846119,901318,174776
q60_s0_d0.5,2025-05-01,route,28,0.8144226655232266,535227,99326
q60_s0_d0.5,2025-05-01,route,50,0.8345321678553479,1116223,184699
q60_s0_d0.5,2025-05-01,month,5,0.8836900202485585,6000921,697967
q60_s0_d0.5,2025-05-01,month,6,0.832172424525926,5554987,932280
q60_s0_d0.5,2025-05-01,lead_week,1,0.845877049749861,1151360,177451
q60_s0_d0.5,2025-05-01,lead_week,2,0.8612022271565065,1188960,165025
q60_s0_d0.5,2025-05-01,lead_week,3,0.9149828903941879,1514354,128746
q60_s0_d0.5,2025-05-01,lead_week,4,0.9012138882085075,1518756,150032
q60_s0_d0.5,2025-05-01,lead_week,5,0.8883003120878582,1469458,164138
q60_s0_d0.5,2025-05-01,lead_week,6,0.8537895702097121,1404592,205366
q60_s0_d0.5,2025-05-01,lead_week,7,0.801975310861962,1112230,220249
q60_s0_d0.5,2025-05-01,lead_week,8,0.8221223570360381,1327345,236105
q60_s0_d0.5,2025-05-01,lead_week,9,0.7892221123711376,868853,183135
q60_s0_d1.0,2025-05-01,route,1,0.8672059959884256,973184,129233
q60_s0_d1.0,2025-05-01,route,5,,0,0
q60_s0_d1.0,2025-05-01,route,7,0.8496027916448539,1354327,203687
q60_s0_d1.0,2025-05-01,route,11,0.8615363521024335,1728497,239334
q60_s0_d1.0,2025-05-01,route,12,0.8648037230026555,1802631,243709
q60_s0_d1.0,2025-05-01,route,17,0.8873079676109363,2755004,310467
q60_s0_d1.0,2025-05-01,route,25,0.8145017805015187,389497,72251
q60_s0_d1.0,2025-05-01,route,26,0.8023760759243685,901318,178122
q60_s0_d1.0,2025-05-01,route,28,0.8119526854960606,535227,100648
q60_s0_d1.0,2025-05-01,route,50,0.8293450323098521,1116223,190489
q60_s0_d1.0,2025-05-01,month,5,0.8800777414000285,6000921,719644
q60_s0_d1.0,2025-05-01,month,6,0.82928924946179,5554987,948296
q60_s0_d1.0,2025-05-01,lead_week,1,0.8434408004446915,1151360,180256
q60_s0_d1.0,2025-05-01,lead_week,2,0.8587353653613242,1188960,167958
q60_s0_d1.0,2025-05-01,lead_week,3,0.9107249691947854,1514354,135194
q60_s0_d1.0,2025-05-01,lead_week,4,0.8969985962195376,1518756,156434
q60_s0_d1.0,2025-05-01,lead_week,5,0.884792896428479,1469458,169292
q60_s0_d1.0,2025-05-01,lead_week,6,0.850255447845353,1404592,210330
q60_s0_d1.0,2025-05-01,lead_week,7,0.8005682277946108,1112230,221814
q60_s0_d1.0,2025-05-01,lead_week,8,0.8193408646583971,1327345,239797
q60_s0_d1.0,2025-05-01,lead_week,9,0.7849290961762232,868853,186865
exp_h7_s1_d0.0,2025-05-01,route,1,0.8545002794949362,973184,141598
exp_h7_s1_d0.0,2025-05-01,route,5,,0,0
exp_h7_s1_d0.0,2025-05-01,route,7,0.8279049299024535,1354327,233073
exp_h7_s1_d0.0,2025-05-01,route,11,0.8704637612908788,1728497,223903
exp_h7_s1_d0.0,2025-05-01,route,12,0.8729251854650231,1802631,229069
exp_h7_s1_d0.0,2025-05-01,route,17,0.7773455138359145,2755004,613414
exp_h7_s1_d0.0,2025-05-01,route,25,0.7827685450722341,389497,84611
exp_h7_s1_d0.0,2025-05-01,route,26,0.7838520921583725,901318,194818
exp_h7_s1_d0.0,2025-05-01,route,28,0.8085485224026441,535227,102470
exp_h7_s1_d0.0,2025-05-01,route,50,0.8463541783317491,1116223,171503
exp_h7_s1_d0.0,2025-05-01,month,5,0.8495215984346403,6000921,903009
exp_h7_s1_d0.0,2025-05-01,month,6,0.8035188921234199,5554987,1091450
exp_h7_s1_d0.0,2025-05-01,lead_week,1,0.8043930655919955,1151360,225214
exp_h7_s1_d0.0,2025-05-01,lead_week,2,0.8130147355672184,1188960,222318
exp_h7_s1_d0.0,2025-05-01,lead_week,3,0.8818083486423914,1514354,178984
exp_h7_s1_d0.0,2025-05-01,lead_week,4,0.8758944820629515,1518756,188486
exp_h7_s1_d0.0,2025-05-01,lead_week,5,0.8669441385871526,1469458,195520
exp_h7_s1_d0.0,2025-05-01,lead_week,6,0.8346736988392358,1404592,232216
exp_h7_s1_d0.0,2025-05-01,lead_week,7,0.7510047382286038,1112230,276940
exp_h7_s1_d0.0,2025-05-01,lead_week,8,0.7989196478684893,1327345,266903
exp_h7_s1_d0.0,2025-05-01,lead_week,9,0.760744337649752,868853,207878
exp_h7_s1_d0.5,2025-05-01,route,1,0.8572572093252664,973184,138915
exp_h7_s1_d0.5,2025-05-01,route,5,,0,0
exp_h7_s1_d0.5,2025-05-01,route,7,0.8286248446645456,1354327,232098
exp_h7_s1_d0.5,2025-05-01,route,11,0.8743422753988002,1728497,217199
exp_h7_s1_d0.5,2025-05-01,route,12,0.8767296246430911,1802631,222211
exp_h7_s1_d0.5,2025-05-01,route,17,0.7774093975907113,2755004,613238
exp_h7_s1_d0.5,2025-05-01,route,25,0.785079217554949,389497,83711
exp_h7_s1_d0.5,2025-05-01,route,26,0.785812554503516,901318,193051
exp_h7_s1_d0.5,2025-05-01,route,28,0.8128831318300459,535227,100150
exp_h7_s1_d0.5,2025-05-01,route,50,0.8491403599459965,1116223,168393
exp_h7_s1_d0.5,2025-05-01,month,5,0.8520383787755246,6000921,887906
exp_h7_s1_d0.5,2025-05-01,month,6,0.8053892835392774,5554987,1081060
exp_h7_s1_d0.5,2025-05-01,lead_week,1,0.8062161270150083,1151360,223115
exp_h7_s1_d0.5,2025-05-01,lead_week,2,0.8150913403310456,1188960,219849
exp_h7_s1_d0.5,2025-05-01,lead_week,3,0.8851563108757926,1514354,173914
exp_h7_s1_d0.5,2025-05-01,lead_week,4,0.8791050043588305,1518756,183610
exp_h7_s1_d0.5,2025-05-01,lead_week,5,0.8704951077199893,1469458,190302
exp_h7_s1_d0.5,2025-05-01,lead_week,6,0.8357615592285874,1404592,230688
exp_h7_s1_d0.5,2025-05-01,lead_week,7,0.7539223002436546,1112230,273695
exp_h7_s1_d0.5,2025-05-01,lead_week,8,0.8000015067672686,1327345,265467
exp_h7_s1_d0.5,2025-05-01,lead_week,9,0.7602287153292905,868853,208326
exp_h7_s1_d1.0,2025-05-01,route,1,0.8573856536893332,973184,138790
exp_h7_s1_d1.0,2025-05-01,route,5,,0,0
exp_h7_s1_d1.0,2025-05-01,route,7,0.8275822604142131,1354327,233510
exp_h7_s1_d1.0,2025-05-01,route,11,0.8738979587468187,1728497,217967
exp_h7_s1_d1.0,2025-05-01,route,12,0.8756817118977761,1802631,224100
exp_h7_s1_d1.0,2025-05-01,route,17,0.7756616687307896,2755004,618053
exp_h7_s1_d1.0,2025-05-01,route,25,0.783459179403179,389497,84342
exp_h7_s1_d1.0,2025-05-01,route,26,0.7846564697476363,901318,194093
exp_h7_s1_d1.0,2025-05-01,route,28,0.814009756607944,535227,99547
exp_h7_s1_d1.0,2025-05-01,route,50,0.8480142408819743,1116223,169650
exp_h7_s1_d1.0,2025-05-01,month,5,0.8506569241621411,6000921,896196
exp_h7_s1_d1.0,2025-05-01,month,6,0.8048859520283306,5554987,1083856
exp_h7_s1_d1.0,2025-05-01,lead_week,1,0.8048777098387994,1151360,224656
exp_h7_s1_d1.0,2025-05-01,lead_week,2,0.8141283138204818,1188960,220994
exp_h7_s1_d1.0,2025-05-01,lead_week,3,0.8836190217082663,1514354,176242
exp_h7_s1_d1.0,2025-05-01,lead_week,4,0.8782279707866174,1518756,184942
exp_h7_s1_d1.0,2025-05-01,lead_week,5,0.8702120101425151,1469458,190718
exp_h7_s1_d1.0,2025-05-01,lead_week,6,0.8339446615102464,1404592,233240
exp_h7_s1_d1.0,2025-05-01,lead_week,7,0.7552089046330346,1112230,272264
exp_h7_s1_d1.0,2025-05-01,lead_week,8,0.7992315486930677,1327345,266489
exp_h7_s1_d1.0,2025-05-01,lead_week,9,0.7577185093450791,868853,210507
exp_h14_s1_d0.0,2025-05-01,route,1,0.8620476703275023,973184,134253
exp_h14_s1_d0.0,2025-05-01,route,5,,0,0
exp_h14_s1_d0.0,2025-05-01,route,7,0.8273637016761831,1354327,233806
exp_h14_s1_d0.0,2025-05-01,route,11,0.8799228462647029,1728497,207553
exp_h14_s1_d0.0,2025-05-01,route,12,0.8802195235741536,1802631,215920
exp_h14_s1_d0.0,2025-05-01,route,17,0.8326136731561914,2755004,461150
exp_h14_s1_d0.0,2025-05-01,route,25,0.7974721243039099,389497,78884
exp_h14_s1_d0.0,2025-05-01,route,26,0.7644116726837809,901318,212340
exp_h14_s1_d0.0,2025-05-01,route,28,0.8100207949150547,535227,101682
exp_h14_s1_d0.0,2025-05-01,route,50,0.8490418133294153,1116223,168503
exp_h14_s1_d0.0,2025-05-01,month,5,0.8662778596818721,6000921,802456
exp_h14_s1_d0.0,2025-05-01,month,6,0.8178870625619826,5554987,1011635
exp_h14_s1_d0.0,2025-05-01,lead_week,1,0.8291724569205114,1151360,196684
exp_h14_s1_d0.0,2025-05-01,lead_week,2,0.8391249495357287,1188960,191274
exp_h14_s1_d0.0,2025-05-01,lead_week,3,0.8919149683627474,1514354,163679
exp_h14_s1_d0.0,2025-05-01,lead_week,4,0.8876692503601632,1518756,170603
exp_h14_s1_d0.0,2025-05-01,lead_week,5,0.8786103447665738,1469458,178377
exp_h14_s1_d0.0,2025-05-01,lead_week,6,0.8441063312335539,1404592,218967
exp_h14_s1_d0.0,2025-05-01,lead_week,7,0.7765875763106551,1112230,248486
exp_h14_s1_d0.0,2025-05-01,lead_week,8,0.8097540579125999,1327345,252522
exp_h14_s1_d0.0,2025-05-01,lead_week,9,0.7772937424397452,868853,193499
exp_h14_s1_d0.5,2025-05-01,route,1,0.8635407076154149,973184,132800
exp_h14_s1_d0.5,2025-05-01,route,5,,0,0
exp_h14_s1_d0.5,2025-05-01,route,7,0.8256927610540143,1354327,236069
exp_h14_s1_d0.5,2025-05-01,route,11,0.880853134254789,1728497,205945
exp_h14_s1_d0.5,2025-05-01,route,12,0.8819320204745176,1802631,212833
exp_h14_s1_d0.5,2025-05-01,route,17,0.8325098620546467,2755004,461436
exp_h14_s1_d0.5,2025-05-01,route,25,0.7992744488404275,389497,78182
exp_h14_s1_d0.5,2025-05-01,route,26,0.7645792051196137,901318,212189
exp_h14_s1_d0.5,2025-05-01,route,28,0.8113884389240453,535227,100950
exp_h14_s1_d0.5,2025-05-01,route,50,0.8496563858655484,1116223,167817
exp_h14_s1_d0.5,2025-05-01,month,5,0.8667214582561577,6000921,799794
exp_h14_s1_d0.5,2025-05-01,month,6,0.8184645616632407,5554987,1008427
exp_h14_s1_d0.5,2025-05-01,lead_week,1,0.8290951570316842,1151360,196773
exp_h14_s1_d0.5,2025-05-01,lead_week,2,0.8390349549185843,1188960,191381
exp_h14_s1_d0.5,2025-05-01,lead_week,3,0.8930844439279059,1514354,161908
exp_h14_s1_d0.5,2025-05-01,lead_week,4,0.8887931965371659,1518756,168896
exp_h14_s1_d0.5,2025-05-01,lead_week,5,0.8798250783622261,1469458,176592
exp_h14_s1_d0.5,2025-05-01,lead_week,6,0.8440543588458428,1404592,219040
exp_h14_s1_d0.5,2025-05-01,lead_week,7,0.7780270267840285,1112230,246885
exp_h14_s1_d0.5,2025-05-01,lead_week,8,0.8100591782844702,1327345,252117
exp_h14_s1_d0.5,2025-05-01,lead_week,9,0.7759931772117953,868853,194629
exp_h14_s1_d1.0,2025-05-01,route,1,0.8620096507957385,973184,134290
exp_h14_s1_d1.0,2025-05-01,route,5,,0,0
exp_h14_s1_d1.0,2025-05-01,route,7,0.8221500420504059,1354327,240867
exp_h14_s1_d1.0,2025-05-01,route,11,0.8797348216398408,1728497,207878
exp_h14_s1_d1.0,2025-05-01,route,12,0.8804214506463053,1802631,215556
exp_h14_s1_d1.0,2025-05-01,route,17,0.8305889937001907,2755004,466728
exp_h14_s1_d1.0,2025-05-01,route,25,0.7973617255075135,389497,78927
exp_h14_s1_d1.0,2025-05-01,route,26,0.7634697187895948,901318,213189
exp_h14_s1_d1.0,2025-05-01,route,28,0.8109699249103651,535227,101174
exp_h14_s1_d1.0,2025-05-01,route,50,0.8470189200545053,1116223,170761
exp_h14_s1_d1.0,2025-05-01,month,5,0.8641603513860623,6000921,815163
exp_h14_s1_d1.0,2025-05-01,month,6,0.8174240551778069,5554987,1014207
exp_h14_s1_d1.0,2025-05-01,lead_week,1,0.8275500277932184,1151360,198552
exp_h14_s1_d1.0,2025-05-01,lead_week,2,0.836241757502355,1188960,194702
exp_h14_s1_d1.0,2025-05-01,lead_week,3,0.8909673695846546,1514354,165114
exp_h14_s1_d1.0,2025-05-01,lead_week,4,0.8861015199281517,1518756,172984
exp_h14_s1_d1.0,2025-05-01,lead_week,5,0.8781346591736545,1469458,179076
exp_h14_s1_d1.0,2025-05-01,lead_week,6,0.8415440213243419,1404592,222566
exp_h14_s1_d1.0,2025-05-01,lead_week,7,0.7785673826456758,1112230,246284
exp_h14_s1_d1.0,2025-05-01,lead_week,8,0.8092063480105022,1327345,253249
exp_h14_s1_d1.0,2025-05-01,lead_week,9,0.7734449901191571,868853,196843
exp_h28_s1_d0.0,2025-05-01,route,1,0.8740166299487044,973184,122605
exp_h28_s1_d0.0,2025-05-01,route,5,,0,0
exp_h28_s1_d0.0,2025-05-01,route,7,0.8416061999797686,1354327,214517
exp_h28_s1_d0.0,2025-05-01,route,11,0.8830133925601259,1728497,202211
exp_h28_s1_d0.0,2025-05-01,route,12,0.883213480740096,1802631,210523
exp_h28_s1_d0.0,2025-05-01,route,17,0.8806234038135697,2755004,328883
exp_h28_s1_d0.0,2025-05-01,route,25,0.814717443266572,389497,72167
exp_h28_s1_d0.0,2025-05-01,route,26,0.7792865559103446,901318,198933
exp_h28_s1_d0.0,2025-05-01,route,28,0.8175970195823454,535227,97627
exp_h28_s1_d0.0,2025-05-01,route,50,0.8550047795109041,1116223,161847
exp_h28_s1_d0.0,2025-05-01,month,5,0.8826811751062879,6000921,704021
exp_h28_s1_d0.0,2025-05-01,month,6,0.8370307617281553,5554987,905292
exp_h28_s1_d0.0,2025-05-01,lead_week,1,0.8530242495831017,1151360,169222
exp_h28_s1_d0.0,2025-05-01,lead_week,2,0.8655564526981564,1188960,159848
exp_h28_s1_d0.0,2025-05-01,lead_week,3,0.9024442105346571,1514354,147734
exp_h28_s1_d0.0,2025-05-01,lead_week,4,0.8982443526149032,1518756,154542
exp_h28_s1_d0.0,2025-05-01,lead_week,5,0.8905433159709226,1469458,160842
exp_h28_s1_d0.0,2025-05-01,lead_week,6,0.8580726645175254,1404592,199350
exp_h28_s1_d0.0,2025-05-01,lead_week,7,0.8057631964611636,1112230,216036
exp_h28_s1_d0.0,2025-05-01,lead_week,8,0.8280921689538139,1327345,228181
exp_h28_s1_d0.0,2025-05-01,lead_week,9,0.8002446904136833,868853,173558
exp_h28_s1_d0.5,2025-05-01,route,1,0.8733528294752071,973184,123251
exp_h28_s1_d0.5,2025-05-01,route,5,,0,0
exp_h28_s1_d0.5,2025-05-01,route,7,0.8377216137609307,1354327,219778
exp_h28_s1_d0.5,2025-05-01,route,11,0.8823081555825668,1728497,203430
exp_h28_s1_d0.5,2025-05-01,route,12,0.8832761668916156,1802631,210410
exp_h28_s1_d0.5,2025-05-01,route,17,0.8810143288358202,2755004,327806
exp_h28_s1_d0.5,2025-05-01,route,25,0.8152001170740725,389497,71979
exp_h28_s1_d0.5,2025-05-01,route,26,0.7766548543355397,901318,201305
exp_h28_s1_d0.5,2025-05-01,route,28,0.8164666580721824,535227,98232
exp_h28_s1_d0.5,2025-05-01,route,50,0.8524542138981189,1116223,164694
exp_h28_s1_d0.5,2025-05-01,month,5,0.8818374712814916,6000921,709084
exp_h28_s1_d0.5,2025-05-01,month,6,0.8358590218122923,5554987,911801
exp_h28_s1_d0.5,2025-05-01,lead_week,1,0.851753578376876,1151360,170685
exp_h28_s1_d0.5,2025-05-01,lead_week,2,0.8641678441663303,1188960,161499
exp_h28_s1_d0.5,2025-05-01,lead_week,3,0.9027037271338142,1514354,147341
exp_h28_s1_d0.5,2025-05-01,lead_week,4,0.8977261653616513,1518756,155329
exp_h28_s1_d0.5,2025-05-01,lead_week,5,0.8899628298324961,1469458,161695
exp_h28_s1_d0.5,2025-05-01,lead_week,6,0.8562991957806965,1404592,201841
exp_h28_s1_d0.5,2025-05-01,lead_week,7,0.8057101498790717,1112230,216095
exp_h28_s1_d0.5,2025-05-01,lead_week,8,0.8263797279531697,1327345,230454
exp_h28_s1_d0.5,2025-05-01,lead_week,9,0.7974962392947944,868853,175946
exp_h28_s1_d1.0,2025-05-01,route,1,0.8699392920557675,973184,126573
exp_h28_s1_d1.0,2025-05-01,route,5,,0,0
exp_h28_s1_d1.0,2025-05-01,route,7,0.8315377305480878,1354327,228153
exp_h28_s1_d1.0,2025-05-01,route,11,0.8798719349816633,1728497,207641
exp_h28_s1_d1.0,2025-05-01,route,12,0.8810427647144645,1802631,214436
exp_h28_s1_d1.0,2025-05-01,route,17,0.8792517179648378,2755004,332662
exp_h28_s1_d1.0,2025-05-01,route,25,0.8121294900859314,389497,73175
exp_h28_s1_d1.0,2025-05-01,route,26,0.7727672142351534,901318,204809
exp_h28_s1_d1.0,2025-05-01,route,28,0.8139200750335839,535227,99595
exp_h28_s1_d1.0,2025-05-01,route,50,0.8473978765891762,1116223,170338
exp_h28_s1_d1.0,2025-05-01,month,5,0.87822102640578,6000921,730786
exp_h28_s1_d1.0,2025-05-01,month,6,0.8331956492427435,5554987,926596
exp_h28_s1_d1.0,2025-05-01,lead_week,1,0.8490637159533074,1151360,173782
exp_h28_s1_d1.0,2025-05-01,lead_week,2,0.8606361862468039,1188960,165698
exp_h28_s1_d1.0,2025-05-01,lead_week,3,0.8999467759850075,1514354,151516
exp_h28_s1_d1.0,2025-05-01,lead_week,4,0.8935839595036991,1518756,161620
exp_h28_s1_d1.0,2025-05-01,lead_week,5,0.8866303085899699,1469458,166592
exp_h28_s1_d1.0,2025-05-01,lead_week,6,0.8524069623064918,1404592,207308
exp_h28_s1_d1.0,2025-05-01,lead_week,7,0.8045440241676631,1112230,217392
exp_h28_s1_d1.0,2025-05-01,lead_week,8,0.8236622731844396,1327345,234061
exp_h28_s1_d1.0,2025-05-01,lead_week,9,0.7935059210246151,868853,179413
exp_h56_s1_d0.0,2025-05-01,route,1,0.8813759782322768,973184,115443
exp_h56_s1_d0.0,2025-05-01,route,5,,0,0
exp_h56_s1_d0.0,2025-05-01,route,7,0.8545462063445535,1354327,196992
exp_h56_s1_d0.0,2025-05-01,route,11,0.8858956654249328,1728497,197229
exp_h56_s1_d0.0,2025-05-01,route,12,0.8841532182681869,1802631,208829
exp_h56_s1_d0.0,2025-05-01,route,17,0.9041496854451028,2755004,264068
exp_h56_s1_d0.0,2025-05-01,route,25,0.8244864530407165,389497,68362
exp_h56_s1_d0.0,2025-05-01,route,26,0.8075429537632667,901318,173465
exp_h56_s1_d0.0,2025-05-01,route,28,0.8254777879292338,535227,93409
exp_h56_s1_d0.0,2025-05-01,route,50,0.8629368862673498,1116223,152993
exp_h56_s1_d0.0,2025-05-01,month,5,0.8916497984226088,6000921,650201
exp_h56_s1_d0.0,2025-05-01,month,6,0.8522788622187595,5554987,820589
exp_h56_s1_d0.0,2025-05-01,lead_week,1,0.8676599847137298,1151360,152371
exp_h56_s1_d0.0,2025-05-01,lead_week,2,0.8798571861122325,1188960,142845
exp_h56_s1_d0.0,2025-05-01,lead_week,3,0.9074912470928198,1514354,140091
exp_h56_s1_d0.0,2025-05-01,lead_week,4,0.9036626028144086,1518756,146313
exp_h56_s1_d0.0,2025-05-01,lead_week,5,0.8980079730077348,1469458,149873
exp_h56_s1_d0.0,2025-05-01,lead_week,6,0.8691427831000034,1404592,183801
exp_h56_s1_d0.0,2025-05-01,lead_week,7,0.8248680578657293,1112230,194787
exp_h56_s1_d0.0,2025-05-01,lead_week,8,0.8461424874467451,1327345,204222
exp_h56_s1_d0.0,2025-05-01,lead_week,9,0.8198924328971644,868853,156487
exp_h56_s1_d0.5,2025-05-01,route,1,0.8794184861238985,973184,117348
exp_h56_s1_d0.5,2025-05-01,route,5,,0,0
exp_h56_s1_d0.5,2025-05-01,route,7,0.849556274075611,1354327,203750
exp_h56_s1_d0.5,2025-05-01,route,11,0.8834820077790126,1728497,201401
exp_h56_s1_d0.5,2025-05-01,route,12,0.8839662693030355,1802631,209166
exp_h56_s1_d0.5,2025-05-01,route,17,0.9036302669614998,2755004,265499
exp_h56_s1_d0.5,2025-05-01,route,25,0.823251526969399,389497,68843
exp_h56_s1_d0.5,2025-05-01,route,26,0.8010369259240357,901318,179329
exp_h56_s1_d0.5,2025-05-01,route,28,0.8227667886709751,535227,94860
exp_h56_s1_d0.5,2025-05-01,route,50,0.85760461843198,1116223,158945
exp_h56_s1_d0.5,2025-05-01,month,5,0.8905246378014309,6000921,656953
exp_h56_s1_d0.5,2025-05-01,month,6,0.8483906442985375,5554987,842188
exp_h56_s1_d0.5,2025-05-01,lead_week,1,0.865508615897721,1151360,154848
exp_h56_s1_d0.5,2025-05-01,lead_week,2,0.8782936347732472,1188960,144704
exp_h56_s1_d0.5,2025-05-01,lead_week,3,0.9082209311693303,1514354,138986
exp_h56_s1_d0.5,2025-05-01,lead_week,4,0.9023700976325361,1518756,148276
exp_h56_s1_d0.5,2025-05-01,lead_week,5,0.8967156597874862,1469458,151772
exp_h56_s1_d0.5,2025-05-01,lead_week,6,0.8652078325948034,1404592,189328
exp_h56_s1_d0.5,2025-05-01,lead_week,7,0.8221950495850678,1112230,197760
exp_h56_s1_d0.5,2025-05-01,lead_week,8,0.8406947703875028,1327345,211453
exp_h56_s1_d0.5,2025-05-01,lead_week,9,0.8135311727070057,868853,162014
exp_h56_s1_d1.0,2025-05-01,route,1,0.8747544143759043,973184,121887
exp_h56_s1_d1.0,2025-05-01,route,5,,0,0
exp_h56_s1_d1.0,2025-05-01,route,7,0.8419945847642408,1354327,213991
exp_h56_s1_d1.0,2025-05-01,route,11,0.879006443169991,1728497,209137
exp_h56_s1_d1.0,2025-05-01,route,12,0.8809251588372773,1802631,214648
exp_h56_s1_d1.0,2025-05-01,route,17,0.9001660251672956,2755004,275043
exp_h56_s1_d1.0,2025-05-01,route,25,0.8189434064960706,389497,70521
exp_h56_s1_d1.0,2025-05-01,route,26,0.7929265808515973,901318,186639
exp_h56_s1_d1.0,2025-05-01,route,28,0.8180734529461331,535227,97372
exp_h56_s1_d1.0,2025-05-01,route,50,0.8492093425776033,1116223,168316
exp_h56_s1_d1.0,2025-05-01,month,5,0.8861573081865267,6000921,683161
exp_h56_s1_d1.0,2025-05-01,month,6,0.8425931509830716,5554987,874393
exp_h56_s1_d1.0,2025-05-01,lead_week,1,0.8608098249027237,1151360,160258
exp_h56_s1_d1.0,2025-05-01,lead_week,2,0.8743288251917642,1188960,149418
exp_h56_s1_d1.0,2025-05-01,lead_week,3,0.9056759515938809,1514354,142840
exp_h56_s1_d1.0,2025-05-01,lead_week,4,0.89711316366816,1518756,156260
exp_h56_s1_d1.0,2025-05-01,lead_week,5,0.8918199771616474,1469458,158966
exp_h56_s1_d1.0,2025-05-01,lead_week,6,0.8591932746306401,1404592,197776
exp_h56_s1_d1.0,2025-05-01,lead_week,7,0.818014259640542,1112230,202410
exp_h56_s1_d1.0,2025-05-01,lead_week,8,0.8337214514689097,1327345,220709
exp_h56_s1_d1.0,2025-05-01,lead_week,9,0.805586215389715,868853,168917
exp_h112_s1_d0.0,2025-05-01,route,1,0.8841092742996186,973184,112783
exp_h112_s1_d0.0,2025-05-01,route,5,,0,0
exp_h112_s1_d0.0,2025-05-01,route,7,0.8595612433334048,1354327,190200
exp_h112_s1_d0.0,2025-05-01,route,11,0.8877325213755072,1728497,194054
exp_h112_s1_d0.0,2025-05-01,route,12,0.8838719627034041,1802631,209336
exp_h112_s1_d0.0,2025-05-01,route,17,0.9090393335182091,2755004,250597
exp_h112_s1_d0.0,2025-05-01,route,25,0.82786260227935,389497,67047
exp_h112_s1_d0.0,2025-05-01,route,26,0.8268347020696358,901318,156077
exp_h112_s1_d0.0,2025-05-01,route,28,0.8300870471781132,535227,90942
exp_h112_s1_d0.0,2025-05-01,route,50,0.8681240218128456,1116223,147203
exp_h112_s1_d0.0,2025-05-01,month,5,0.8934243593608381,6000921,639552
exp_h112_s1_d0.0,2025-05-01,month,6,0.8598219941828846,5554987,778687
exp_h112_s1_d0.0,2025-05-01,lead_week,1,0.8732342620900501,1151360,145953
exp_h112_s1_d0.0,2025-05-01,lead_week,2,0.8814081213833939,1188960,141001
exp_h112_s1_d0.0,2025-05-01,lead_week,3,0.9078795314701846,1514354,139503
exp_h112_s1_d0.0,2025-05-01,lead_week,4,0.9039905027535694,1518756,145815
exp_h112_s1_d0.0,2025-05-01,lead_week,5,0.9007450366053333,1469458,145851
exp_h112_s1_d0.0,2025-05-01,lead_week,6,0.873919971066331,1404592,177091
exp_h112_s1_d0.0,2025-05-01,lead_week,7,0.833432833137031,1112230,185261
exp_h112_s1_d0.0,2025-05-01,lead_week,8,0.8568179335440296,1327345,190052
exp_h112_s1_d0.0,2025-05-01,lead_week,9,0.8299919549106696,868853,147712
exp_h112_s1_d0.5,2025-05-01,route,1,0.8820664951335,973184,114771
exp_h112_s1_d0.5,2025-05-01,route,5,,0,0
exp_h112_s1_d0.5,2025-05-01,route,7,0.855255783869036,1354327,196031
exp_h112_s1_d0.5,2025-05-01,route,11,0.8842809678003491,1728497,200020
exp_h112_s1_d0.5,2025-05-01,route,12,0.8840511452427036,1802631,209013
exp_h112_s1_d0.5,2025-05-01,route,17,0.9092095692057072,2755004,250128
exp_h112_s1_d0.5,2025-05-01,route,25,0.8258215082529519,389497,67842
exp_h112_s1_d0.5,2025-05-01,route,26,0.8176570311477193,901318,164349
exp_h112_s1_d0.5,2025-05-01,route,28,0.8266249647345892,535227,92795
exp_h112_s1_d0.5,2025-05-01,route,50,0.8614703334369566,1116223,154630
exp_h112_s1_d0.5,2025-05-01,month,5,0.893101575574816,6000921,641489
exp_h112_s1_d0.5,2025-05-01,month,6,0.8545289124889042,5554987,808090
exp_h112_s1_d0.5,2025-05-01,lead_week,1,0.8707893274041134,1151360,148768
exp_h112_s1_d0.5,2025-05-01,lead_week,2,0.8815956802583771,1188960,140778
exp_h112_s1_d0.5,2025-05-01,lead_week,3,0.9099880212948888,1514354,136310
exp_h112_s1_d0.5,2025-05-01,lead_week,4,0.9031760203745697,1518756,147052
exp_h112_s1_d0.5,2025-05-01,lead_week,5,0.8994323076944016,1469458,147780
exp_h112_s1_d0.5,2025-05-01,lead_week,6,0.8694738400902183,1404592,183336
exp_h112_s1_d0.5,2025-05-01,lead_week,7,0.8292763187470218,1112230,189884
exp_h112_s1_d0.5,2025-05-01,lead_week,8,0.8487665226448285,1327345,200739
exp_h112_s1_d0.5,2025-05-01,lead_week,9,0.8216821487639451,868853,154932
exp_h112_s1_d1.0,2025-05-01,route,1,0.8766266194265422,973184,120065
exp_h112_s1_d1.0,2025-05-01,route,5,,0,0
exp_h112_s1_d1.0,2025-05-01,route,7,0.8474784893160957,1354327,206564
exp_h112_s1_d1.0,2025-05-01,route,11,0.8783428608785552,1728497,210284
exp_h112_s1_d1.0,2025-05-01,route,12,0.8807537427238298,1802631,214957
exp_h112_s1_d1.0,2025-05-01,route,17,0.9053638397621201,2755004,260723
exp_h112_s1_d1.0,2025-05-01,route,25,0.8207970793099819,389497,69799
exp_h112_s1_d1.0,2025-05-01,route,26,0.8060839792392918,901318,174780
exp_h112_s1_d1.0,2025-05-01,route,28,0.8206517982089843,535227,95992
exp_h112_s1_d1.0,2025-05-01,route,50,0.8507144181762963,1116223,166636
exp_h112_s1_d1.0,2025-05-01,month,5,0.8887492436577652,6000921,667607
exp_h112_s1_d1.0,2025-05-01,month,6,0.846589559975568,5554987,852193
exp_h112_s1_d1.0,2025-05-01,lead_week,1,0.8646348665925514,1151360,155854
exp_h112_s1_d1.0,2025-05-01,lead_week,2,0.8784517561566411,1188960,144516
exp_h112_s1_d1.0,2025-05-01,lead_week,3,0.9080241475903257,1514354,139284
exp_h112_s1_d1.0,2025-05-01,lead_week,4,0.8978782635262017,1518756,155098
exp_h112_s1_d1.0,2025-05-01,lead_week,5,0.8936179189878173,1469458,156324
exp_h112_s1_d1.0,2025-05-01,lead_week,6,0.8620382288949389,1404592,193780
exp_h112_s1_d1.0,2025-05-01,lead_week,7,0.8227506900551145,1112230,197142
exp_h112_s1_d1.0,2025-05-01,lead_week,8,0.8387917233273942,1327345,213979
exp_h112_s1_d1.0,2025-05-01,lead_week,9,0.8114491173996061,868853,163823
mean_s1_d0.0,2025-05-01,route,1,0.8843589701433645,973184,112540
mean_s1_d0.0,2025-05-01,route,5,,0,0
mean_s1_d0.0,2025-05-01,route,7,0.8624150592877495,1354327,186335
mean_s1_d0.0,2025-05-01,route,11,0.8884447008007534,1728497,192823
mean_s1_d0.0,2025-05-01,route,12,0.8824523710066009,1802631,211895
mean_s1_d0.0,2025-05-01,route,17,0.9083663762375662,2755004,252451
mean_s1_d0.0,2025-05-01,route,25,0.8287072814424759,389497,66718
mean_s1_d0.0,2025-05-01,route,26,0.8465103326461915,901318,138343
mean_s1_d0.0,2025-05-01,route,28,0.8345972830219701,535227,88528
mean_s1_d0.0,2025-05-01,route,50,0.872931304945338,1116223,141837
mean_s1_d0.0,2025-05-01,month,5,0.8919934123445384,6000921,648139
mean_s1_d0.0,2025-05-01,month,6,0.8661867255494927,5554987,743331
mean_s1_d0.0,2025-05-01,lead_week,1,0.8763271261812118,1151360,142392
mean_s1_d0.0,2025-05-01,lead_week,2,0.8785779168348808,1188960,144366
mean_s1_d0.0,2025-05-01,lead_week,3,0.905286346521355,1514354,143430
mean_s1_d0.0,2025-05-01,lead_week,4,0.9008227786425206,1518756,150626
mean_s1_d0.0,2025-05-01,lead_week,5,0.9010383420281491,1469458,145420
mean_s1_d0.0,2025-05-01,lead_week,6,0.8766858988232882,1404592,173206
mean_s1_d0.0,2025-05-01,lead_week,7,0.8410113016192694,1112230,176832
mean_s1_d0.0,2025-05-01,lead_week,8,0.8673856457816167,1327345,176025
mean_s1_d0.0,2025-05-01,lead_week,9,0.8398198544517887,868853,139173
mean_s1_d0.5,2025-05-01,route,1,0.8837290789819808,973184,113153
mean_s1_d0.5,2025-05-01,route,5,,0,0
mean_s1_d0.5,2025-05-01,route,7,0.8595745340674741,1354327,190182
mean_s1_d0.5,2025-05-01,route,11,0.8852673739092403,1728497,198315
mean_s1_d0.5,2025-05-01,route,12,0.8837510283579945,1802631,209554
mean_s1_d0.5,2025-05-01,route,17,0.9108422347118189,2755004,245630
mean_s1_d0.5,2025-05-01,route,25,0.826655917760599,389497,67517
mean_s1_d0.5,2025-05-01,route,26,0.8352013384843086,901318,148536
mean_s1_d0.5,2025-05-01,route,28,0.8305952427661534,535227,90670
mean_s1_d0.5,2025-05-01,route,50,0.8658332609165015,1116223,149760
mean_s1_d0.5,2025-05-01,month,5,0.8939774411294533,6000921,636233
mean_s1_d0.5,2025-05-01,month,6,0.8601105637150905,5554987,777084
mean_s1_d0.5,2025-05-01,lead_week,1,0.8745943927181767,1151360,144387
mean_s1_d0.5,2025-05-01,lead_week,2,0.8822962925582021,1188960,139945
mean_s1_d0.5,2025-05-01,lead_week,3,0.9101445236714797,1514354,136073
mean_s1_d0.5,2025-05-01,lead_week,4,0.9024971753198012,1518756,148083
mean_s1_d0.5,2025-05-01,lead_week,5,0.9006048488626419,1469458,146057
mean_s1_d0.5,2025-05-01,lead_week,6,0.8725544499755089,1404592,179009
mean_s1_d0.5,2025-05-01,lead_week,7,0.8360330147541426,1112230,182369
mean_s1_d0.5,2025-05-01,lead_week,8,0.8573106464408273,1327345,189398
mean_s1_d0.5,2025-05-01,lead_week,9,0.8296650871896627,868853,147996
mean_s1_d1.0,2025-05-01,route,1,0.877558611732211,973184,119158
mean_s1_d1.0,2025-05-01,route,5,,0,0
mean_s1_d1.0,2025-05-01,route,7,0.8522240197529843,1354327,200137
mean_s1_d1.0,2025-05-01,route,11,0.8775190237530062,1728497,211708
mean_s1_d1.0,2025-05-01,route,12,0.8802189688294498,1802631,215921
mean_s1_d1.0,2025-05-01,route,17,0.9073220946321675,2755004,255328
mean_s1_d1.0,2025-05-01,route,25,0.8205660120617104,389497,69889
mean_s1_d1.0,2025-05-01,route,26,0.8199115073703177,901318,162317
mean_s1_d1.0,2025-05-01,route,28,0.8232600373299553,535227,94596
mean_s1_d1.0,2025-05-01,route,50,0.8523467084982123,1116223,164814
mean_s1_d1.0,2025-05-01,month,5,0.8900460445988208,6000921,659825
mean_s1_d1.0,2025-05-01,month,6,0.8498568943545682,5554987,834043
mean_s1_d1.0,2025-05-01,lead_week,1,0.86705287659811,1151360,153070
mean_s1_d1.0,2025-05-01,lead_week,2,0.880441730588077,1188960,142150
mean_s1_d1.0,2025-05-01,lead_week,3,0.9090001413143822,1514354,137806
mean_s1_d1.0,2025-05-01,lead_week,4,0.8979533249580578,1518756,154984
mean_s1_d1.0,2025-05-01,lead_week,5,0.8941568932218545,1469458,155532
mean_s1_d1.0,2025-05-01,lead_week,6,0.8641100048982195,1404592,190870
mean_s1_d1.0,2025-05-01,lead_week,7,0.8268433687276913,1112230,192590
mean_s1_d1.0,2025-05-01,lead_week,8,0.8434627018597275,1327345,207779
mean_s1_d1.0,2025-05-01,lead_week,9,0.8168999819302,868853,159087
median_s1_d0.0,2025-05-01,route,1,0.8779120906221228,973184,118814
median_s1_d0.0,2025-05-01,route,5,,0,0
median_s1_d0.0,2025-05-01,route,7,0.8593316089836502,1354327,190511
median_s1_d0.0,2025-05-01,route,11,0.8767993233427654,1728497,212952
median_s1_d0.0,2025-05-01,route,12,0.8779944425675582,1802631,219931
median_s1_d0.0,2025-05-01,route,17,0.8965170286504122,2755004,285096
median_s1_d0.0,2025-05-01,route,25,0.8211128712159529,389497,69676
median_s1_d0.0,2025-05-01,route,26,0.8311339615984592,901318,152202
median_s1_d0.0,2025-05-01,route,28,0.8261242426110791,535227,93063
median_s1_d0.0,2025-05-01,route,50,0.8546885344595121,1116223,162200
median_s1_d0.0,2025-05-01,month,5,0.8900605423734124,6000921,659738
median_s1_d0.0,2025-05-01,month,6,0.8479371778907854,5554987,844707
median_s1_d0.0,2025-05-01,lead_week,1,0.8611893760422457,1151360,159821
median_s1_d0.0,2025-05-01,lead_week,2,0.8721613847396044,1188960,151995
median_s1_d0.0,2025-05-01,lead_week,3,0.9151228840812651,1514354,128534
median_s1_d0.0,2025-05-01,lead_week,4,0.9024372578610389,1518756,148174
median_s1_d0.0,2025-05-01,lead_week,5,0.8937499404542355,1469458,156130
median_s1_d0.0,2025-05-01,lead_week,6,0.865720436966749,1404592,188608
median_s1_d0.0,2025-05-01,lead_week,7,0.8191731925950567,1112230,201121
median_s1_d0.0,2025-05-01,lead_week,8,0.8430212190500586,1327345,208365
median_s1_d0.0,2025-05-01,lead_week,9,0.8138960215364395,868853,161697
median_s1_d0.5,2025-05-01,route,1,0.8776284854662633,973184,119090
median_s1_d0.5,2025-05-01,route,5,,0,0
median_s1_d0.5,2025-05-01,route,7,0.8602287335333343,1354327,189296
median_s1_d0.5,2025-05-01,route,11,0.8761050785740444,1728497,214152
median_s1_d0.5,2025-05-01,route,12,0.8774019752239921,1802631,220999
median_s1_d0.5,2025-05-01,route,17,0.8965377182755452,2755004,285039
median_s1_d0.5,2025-05-01,route,25,0.8221501064193049,389497,69272
median_s1_d0.5,2025-05-01,route,26,0.8302663432883843,901318,152984
median_s1_d0.5,2025-05-01,route,28,0.8270360052837394,535227,92575
median_s1_d0.5,2025-05-01,route,50,0.8532434827091002,1116223,163813
median_s1_d0.5,2025-05-01,month,5,0.8897390917160882,6000921,661667
median_s1_d0.5,2025-05-01,month,6,0.847784882304855,5554987,845553
median_s1_d0.5,2025-05-01,lead_week,1,0.8609244719288494,1151360,160126
median_s1_d0.5,2025-05-01,lead_week,2,0.8723405329027049,1188960,151782
median_s1_d0.5,2025-05-01,lead_week,3,0.9156339931086126,1514354,127760
median_s1_d0.5,2025-05-01,lead_week,4,0.9015536399526981,1518756,149516
median_s1_d0.5,2025-05-01,lead_week,5,0.8939731520057055,1469458,155802
median_s1_d0.5,2025-05-01,lead_week,6,0.8649657694191623,1404592,189668
median_s1_d0.5,2025-05-01,lead_week,7,0.8199796804617749,1112230,200224
median_s1_d0.5,2025-05-01,lead_week,8,0.8425978174476116,1327345,208927
median_s1_d0.5,2025-05-01,lead_week,9,0.8119187020128836,868853,163415
median_s1_d1.0,2025-05-01,route,1,0.8751315270288045,973184,121520
median_s1_d1.0,2025-05-01,route,5,,0,0
median_s1_d1.0,2025-05-01,route,7,0.858500938104313,1354327,191636
median_s1_d1.0,2025-05-01,route,11,0.8734848831094297,1728497,218681
median_s1_d1.0,2025-05-01,route,12,0.874606616661979,1802631,226038
median_s1_d1.0,2025-05-01,route,17,0.8944916232426523,2755004,290676
median_s1_d1.0,2025-05-01,route,25,0.8200627989432525,389497,70085
median_s1_d1.0,2025-05-01,route,26,0.8270743511169198,901318,155861
median_s1_d1.0,2025-05-01,route,28,0.826045771233514,535227,93105
median_s1_d1.0,2025-05-01,route,50,0.8497531407254644,1116223,167709
median_s1_d1.0,2025-05-01,month,5,0.8867843785978853,6000921,679398
median_s1_d1.0,2025-05-01,month,6,0.8459198914416901,5554987,855913
median_s1_d1.0,2025-05-01,lead_week,1,0.8589450736520289,1151360,162405
median_s1_d1.0,2025-05-01,lead_week,2,0.870660913739739,1188960,153779
median_s1_d1.0,2025-05-01,lead_week,3,0.9127436517485343,1514354,132137
median_s1_d1.0,2025-05-01,lead_week,4,0.8974983473316319,1518756,155675
median_s1_d1.0,2025-05-01,lead_week,5,0.891760771658666,1469458,159053
median_s1_d1.0,2025-05-01,lead_week,6,0.8617840625605158,1404592,194137
median_s1_d1.0,2025-05-01,lead_week,7,0.819858302689192,1112230,200359
median_s1_d1.0,2025-05-01,lead_week,8,0.8408356531271071,1327345,211266
median_s1_d1.0,2025-05-01,lead_week,9,0.8083680438463123,868853,166500
trim10_s1_d0.0,2025-05-01,route,1,0.8825422530580034,973184,114308
trim10_s1_d0.0,2025-05-01,route,5,,0,0
trim10_s1_d0.0,2025-05-01,route,7,0.8611753291487211,1354327,188014
trim10_s1_d0.0,2025-05-01,route,11,0.883954094221743,1728497,200585
trim10_s1_d0.0,2025-05-01,route,12,0.8813811589837299,1802631,213826
trim10_s1_d0.0,2025-05-01,route,17,0.9095576630741734,2755004,249169
trim10_s1_d0.0,2025-05-01,route,25,0.8253568063425392,389497,68023
trim10_s1_d0.0,2025-05-01,route,26,0.8406699966049718,901318,143607
trim10_s1_d0.0,2025-05-01,route,28,0.8297768984001181,535227,91108
trim10_s1_d0.0,2025-05-01,route,50,0.8634036388786112,1116223,152472
trim10_s1_d0.0,2025-05-01,month,5,0.8939871063125143,6000921,636175
trim10_s1_d0.0,2025-05-01,month,6,0.8586968790386008,5554987,784937
trim10_s1_d0.0,2025-05-01,lead_week,1,0.8714615758754864,1151360,147994
trim10_s1_d0.0,2025-05-01,lead_week,2,0.8800649306957341,1188960,142598
trim10_s1_d0.0,2025-05-01,lead_week,3,0.9126419582211293,1514354,132291
trim10_s1_d0.0,2025-05-01,lead_week,4,0.9046713231091762,1518756,144781
trim10_s1_d0.0,2025-05-01,lead_week,5,0.8999079932873209,1469458,147081
trim10_s1_d0.0,2025-05-01,lead_week,6,0.8722283766389101,1404592,179467
trim10_s1_d0.0,2025-05-01,lead_week,7,0.833554210909614,1112230,185126
trim10_s1_d0.0,2025-05-01,lead_week,8,0.8557993588705273,1327345,191404
trim10_s1_d0.0,2025-05-01,lead_week,9,0.8269327492682882,868853,150370
trim10_s1_d0.5,2025-05-01,route,1,0.880594008943838,973184,116204
trim10_s1_d0.5,2025-05-01,route,5,,0,0
trim10_s1_d0.5,2025-05-01,route,7,0.8603431815211541,1354327,189141
trim10_s1_d0.5,2025-05-01,route,11,0.8807646180467771,1728497,206098
trim10_s1_d0.5,2025-05-01,route,12,0.8807420930850518,1802631,214978
trim10_s1_d0.5,2025-05-01,route,17,0.9087899690889741,2755004,251284
trim10_s1_d0.5,2025-05-01,route,25,0.8244197002801048,389497,68388
trim10_s1_d0.5,2025-05-01,route,26,0.8366414517406731,901318,147238
trim10_s1_d0.5,2025-05-01,route,28,0.8284167278556576,535227,91836
trim10_s1_d0.5,2025-05-01,route,50,0.8590505660607244,1116223,157331
trim10_s1_d0.5,2025-05-01,month,5,0.8937956357032528,6000921,637324
trim10_s1_d0.5,2025-05-01,month,6,0.8550538462106212,5554987,805174
trim10_s1_d0.5,2025-05-01,lead_week,1,0.8696115897720956,1151360,150124
trim10_s1_d0.5,2025-05-01,lead_week,2,0.880248284214776,1188960,142380
trim10_s1_d0.5,2025-05-01,lead_week,3,0.914380653400724,1514354,129658
trim10_s1_d0.5,2025-05-01,lead_week,4,0.9041452346525709,1518756,145580
trim10_s1_d0.5,2025-05-01,lead_week,5,0.898562599271296,1469458,149058
trim10_s1_d0.5,2025-05-01,lead_week,6,0.8692574071331747,1404592,183640
trim10_s1_d0.5,2025-05-01,lead_week,7,0.8304505363099359,1112230,188578
trim10_s1_d0.5,2025-05-01,lead_week,8,0.8506439546613729,1327345,198247
trim10_s1_d0.5,2025-05-01,lead_week,9,0.821335715017385,868853,155233
trim10_s1_d1.0,2025-05-01,route,1,0.8761354481783507,973184,120543
trim10_s1_d1.0,2025-05-01,route,5,,0,0
trim10_s1_d1.0,2025-05-01,route,7,0.8571460216033499,1354327,193471
trim10_s1_d1.0,2025-05-01,route,11,0.8749653600787274,1728497,216122
trim10_s1_d1.0,2025-05-01,route,12,0.8761366025548213,1802631,223280
trim10_s1_d1.0,2025-05-01,route,17,0.9047856191860338,2755004,262316
trim10_s1_d1.0,2025-05-01,route,25,0.8204530458514443,389497,69933
trim10_s1_d1.0,2025-05-01,route,26,0.8303917152436765,901318,152871
trim10_s1_d1.0,2025-05-01,route,28,0.8250069596638436,535227,93661
trim10_s1_d1.0,2025-05-01,route,50,0.8509840775543955,1116223,166335
trim10_s1_d1.0,2025-05-01,month,5,0.8898545739895592,6000921,660974
trim10_s1_d1.0,2025-05-01,month,6,0.849224129597423,5554987,837558
trim10_s1_d1.0,2025-05-01,lead_week,1,0.8648294191217343,1151360,155630
trim10_s1_d1.0,2025-05-01,lead_week,2,0.8774189207374512,1188960,145744
trim10_s1_d1.0,2025-05-01,lead_week,3,0.9114870103027429,1514354,134040
trim10_s1_d1.0,2025-05-01,lead_week,4,0.899330768075978,1518756,152892
trim10_s1_d1.0,2025-05-01,lead_week,5,0.8940099002489353,1469458,155748
trim10_s1_d1.0,2025-05-01,lead_week,6,0.8638750612277444,1404592,191200
trim10_s1_d1.0,2025-05-01,lead_week,7,0.8254353865657283,1112230,194156
trim10_s1_d1.0,2025-05-01,lead_week,8,0.8436796763463907,1327345,207491
trim10_s1_d1.0,2025-05-01,lead_week,9,0.8139719837532932,868853,161631
q40_s1_d0.0,2025-05-01,route,1,0.8828505195317637,973184,114008
q40_s1_d0.0,2025-05-01,route,5,,0,0
q40_s1_d0.0,2025-05-01,route,7,0.8595184176347367,1354327,190258
q40_s1_d0.0,2025-05-01,route,11,0.8828247893979567,1728497,202537
q40_s1_d0.0,2025-05-01,route,12,0.8830437288607597,1802631,210829
q40_s1_d0.0,2025-05-01,route,17,0.901989253010159,2755004,270020
q40_s1_d0.0,2025-05-01,route,25,0.8150460722418915,389497,72039
q40_s1_d0.0,2025-05-01,route,26,0.8513798681486445,901318,133954
q40_s1_d0.0,2025-05-01,route,28,0.8367888764953936,535227,87355
q40_s1_d0.0,2025-05-01,route,50,0.8685862950324442,1116223,146687
q40_s1_d0.0,2025-05-01,month,5,0.8913813396310333,6000921,651812
q40_s1_d0.0,2025-05-01,month,6,0.8603282059886008,5554987,775875
q40_s1_d0.0,2025-05-01,lead_week,1,0.8715805655919956,1151360,147857
q40_s1_d0.0,2025-05-01,lead_week,2,0.8767687727089221,1188960,146517
q40_s1_d0.0,2025-05-01,lead_week,3,0.9109164699931456,1514354,134904
q40_s1_d0.0,2025-05-01,lead_week,4,0.8992056656895512,1518756,153082
q40_s1_d0.0,2025-05-01,lead_week,5,0.8960419419949396,1469458,152762
q40_s1_d0.0,2025-05-01,lead_week,6,0.8722290885894267,1404592,179466
q40_s1_d0.0,2025-05-01,lead_week,7,0.8339561062010555,1112230,184679
q40_s1_d0.0,2025-05-01,lead_week,8,0.860569030658947,1327345,185073
q40_s1_d0.0,2025-05-01,lead_week,9,0.8350158197071311,868853,143347
q40_s1_d0.5,2025-05-01,route,1,0.8820038142838353,973184,114832
q40_s1_d0.5,2025-05-01,route,5,,0,0
q40_s1_d0.5,2025-05-01,route,7,0.8609257586978625,1354327,188352
q40_s1_d0.5,2025-05-01,route,11,0.8822850140902762,1728497,203470
q40_s1_d0.5,2025-05-01,route,12,0.8830365171796114,1802631,210842
q40_s1_d0.5,2025-05-01,route,17,0.9020266395257502,2755004,269917
q40_s1_d0.5,2025-05-01,route,25,0.8160730377897647,389497,71639
q40_s1_d0.5,2025-05-01,route,26,0.8507363660772336,901318,134534
q40_s1_d0.5,2025-05-01,route,28,0.8372298109026637,535227,87119
q40_s1_d0.5,2025-05-01,route,50,0.8669916316004956,1116223,148467
q40_s1_d0.5,2025-05-01,month,5,0.8911950348954769,6000921,652930
q40_s1_d0.5,2025-05-01,month,6,0.8602621392273285,5554987,776242
q40_s1_d0.5,2025-05-01,lead_week,1,0.8715293218454697,1151360,147916
q40_s1_d0.5,2025-05-01,lead_week,2,0.8773953707441797,1188960,145772
q40_s1_d0.5,2025-05-01,lead_week,3,0.911581440006762,1514354,133897
q40_s1_d0.5,2025-05-01,lead_week,4,0.8981607315460811,1518756,154669
q40_s1_d0.5,2025-05-01,lead_week,5,0.895962320801275,1469458,152879
q40_s1_d0.5,2025-05-01,lead_week,6,0.8719094228074772,1404592,179915
q40_s1_d0.5,2025-05-01,lead_week,7,0.8351599938861567,1112230,183340
q40_s1_d0.5,2025-05-01,lead_week,8,0.8601629568800877,1327345,185612
q40_s1_d0.5,2025-05-01,lead_week,9,0.832915349316858,868853,145172
q40_s1_d1.0,2025-05-01,route,1,0.8785091000263054,973184,118233
q40_s1_d1.0,2025-05-01,route,5,,0,0
q40_s1_d1.0,2025-05-01,route,7,0.8600286341481784,1354327,189567
q40_s1_d1.0,2025-05-01,route,11,0.8796746537598851,1728497,207982
q40_s1_d1.0,2025-05-01,route,12,0.8805146477565292,1802631,215388
q40_s1_d1.0,2025-05-01,route,17,0.9001366241210539,2755004,275124
q40_s1_d1.0,2025-05-01,route,25,0.8135980508193901,389497,72603
q40_s1_d1.0,2025-05-01,route,26,0.8473169292081152,901318,137616
q40_s1_d1.0,2025-05-01,route,28,0.8359836106922858,535227,87786
q40_s1_d1.0,2025-05-01,route,50,0.8628213179624502,1116223,153122
q40_s1_d1.0,2025-05-01,month,5,0.8883639694640206,6000921,669919
q40_s1_d1.0,2025-05-01,month,6,0.8582351317833867,5554987,787502
q40_s1_d1.0,2025-05-01,lead_week,1,0.8693241036687048,1151360,150455
q40_s1_d1.0,2025-05-01,lead_week,2,0.8767687727089221,1188960,146517
q40_s1_d1.0,2025-05-01,lead_week,3,0.908789490436186,1514354,138125
q40_s1_d1.0,2025-05-01,lead_week,4,0.8939651925654943,1518756,161041
q40_s1_d1.0,2025-05-01,lead_week,5,0.8933817774989146,1469458,156671
q40_s1_d1.0,2025-05-01,lead_week,6,0.8688879048150637,1404592,184159
q40_s1_d1.0,2025-05-01,lead_week,7,0.8349379175170604,1112230,183587
q40_s1_d1.0,2025-05-01,lead_week,8,0.8583397684852092,1327345,188032
q40_s1_d1.0,2025-05-01,lead_week,9,0.8287005972241565,868853,148834
q60_s1_d0.0,2025-05-01,route,1,0.8698498947783769,973184,126660
q60_s1_d0.0,2025-05-01,route,5,,0,0
q60_s1_d0.0,2025-05-01,route,7,0.8542198449857383,1354327,197434
q60_s1_d0.0,2025-05-01,route,11,0.867823895557817,1728497,228466
q60_s1_d0.0,2025-05-01,route,12,0.8673971544925168,1802631,239034
q60_s1_d0.0,2025-05-01,route,17,0.8903834622381673,2755004,301994
q60_s1_d0.0,2025-05-01,route,25,0.8191847433998208,389497,70427
q60_s1_d0.0,2025-05-01,route,26,0.8084704843351624,901318,172629
q60_s1_d0.0,2025-05-01,route,28,0.8146692898527167,535227,99194
q60_s1_d0.0,2025-05-01,route,50,0.8378057072825054,1116223,181045
q60_s1_d0.0,2025-05-01,month,5,0.8847858520383788,6000921,691391
q60_s1_d0.0,2025-05-01,month,6,0.8333943895818298,5554987,925492
q60_s1_d0.0,2025-05-01,lead_week,1,0.8463538771539745,1151360,176902
q60_s1_d0.0,2025-05-01,lead_week,2,0.8620273179921949,1188960,164044
q60_s1_d0.0,2025-05-01,lead_week,3,0.9156366344989348,1514354,127756
q60_s1_d0.0,2025-05-01,lead_week,4,0.9029323999378439,1518756,147422
q60_s1_d0.0,2025-05-01,lead_week,5,0.8889086996702186,1469458,163244
q60_s1_d0.0,2025-05-01,lead_week,6,0.8557887272603005,1404592,202558
q60_s1_d0.0,2025-05-01,lead_week,7,0.8018485385217087,1112230,220390
q60_s1_d0.0,2025-05-01,lead_week,8,0.8235281708975436,1327345,234239
q60_s1_d0.0,2025-05-01,lead_week,9,0.7924528084727797,868853,180328
q60_s1_d0.5,2025-05-01,route,1,0.8697646077206366,973184,126743
q60_s1_d0.5,2025-05-01,route,5,,0,0
q60_s1_d0.5,2025-05-01,route,7,0.8533086913278698,1354327,198668
q60_s1_d0.5,2025-05-01,route,11,0.8653905676434498,1728497,232672
q60_s1_d0.5,2025-05-01,route,12,0.8671425266735122,1802631,239493
q60_s1_d0.5,2025-05-01,route,17,0.8899569655797233,2755004,303169
q60_s1_d0.5,2025-05-01,route,25,0.8184812719995276,389497,70701
q60_s1_d0.5,2025-05-01,route,26,0.8060884171846119,901318,174776
q60_s1_d0.5,2025-05-01,route,28,0.8144226655232266,535227,99326
q60_s1_d0.5,2025-05-01,route,50,0.8345321678553479,1116223,184699
q60_s1_d0.5,2025-05-01,month,5,0.8836900202485585,6000921,697967
q60_s1_d0.5,2025-05-01,month,6,0.832172424525926,5554987,932280
q60_s1_d0.5,2025-05-01,lead_week,1,0.845877049749861,1151360,177451
q60_s1_d0.5,2025-05-01,lead_week,2,0.8612022271565065,1188960,165025
q60_s1_d0.5,2025-05-01,lead_week,3,0.9149828903941879,1514354,128746
q60_s1_d0.5,2025-05-01,lead_week,4,0.9012138882085075,1518756,150032
q60_s1_d0.5,2025-05-01,lead_week,5,0.8883003120878582,1469458,164138
q60_s1_d0.5,2025-05-01,lead_week,6,0.8537895702097121,1404592,205366
q60_s1_d0.5,2025-05-01,lead_week,7,0.801975310861962,1112230,220249
q60_s1_d0.5,2025-05-01,lead_week,8,0.8221223570360381,1327345,236105
q60_s1_d0.5,2025-05-01,lead_week,9,0.7892221123711376,868853,183135
q60_s1_d1.0,2025-05-01,route,1,0.8672059959884256,973184,129233
q60_s1_d1.0,2025-05-01,route,5,,0,0
q60_s1_d1.0,2025-05-01,route,7,0.8496027916448539,1354327,203687
q60_s1_d1.0,2025-05-01,route,11,0.8615363521024335,1728497,239334
q60_s1_d1.0,2025-05-01,route,12,0.8648037230026555,1802631,243709
q60_s1_d1.0,2025-05-01,route,17,0.8873079676109363,2755004,310467
q60_s1_d1.0,2025-05-01,route,25,0.8145017805015187,389497,72251
q60_s1_d1.0,2025-05-01,route,26,0.8023760759243685,901318,178122
q60_s1_d1.0,2025-05-01,route,28,0.8119526854960606,535227,100648
q60_s1_d1.0,2025-05-01,route,50,0.8293450323098521,1116223,190489
q60_s1_d1.0,2025-05-01,month,5,0.8800777414000285,6000921,719644
q60_s1_d1.0,2025-05-01,month,6,0.82928924946179,5554987,948296
q60_s1_d1.0,2025-05-01,lead_week,1,0.8434408004446915,1151360,180256
q60_s1_d1.0,2025-05-01,lead_week,2,0.8587353653613242,1188960,167958
q60_s1_d1.0,2025-05-01,lead_week,3,0.9107249691947854,1514354,135194
q60_s1_d1.0,2025-05-01,lead_week,4,0.8969985962195376,1518756,156434
q60_s1_d1.0,2025-05-01,lead_week,5,0.884792896428479,1469458,169292
q60_s1_d1.0,2025-05-01,lead_week,6,0.850255447845353,1404592,210330
q60_s1_d1.0,2025-05-01,lead_week,7,0.8005682277946108,1112230,221814
q60_s1_d1.0,2025-05-01,lead_week,8,0.8193408646583971,1327345,239797
q60_s1_d1.0,2025-05-01,lead_week,9,0.7849290961762232,868853,186865
level_w28_c0.25,2025-05-01,route,1,0.8436400516243588,973184,152167
level_w28_c0.25,2025-05-01,route,5,,0,0
level_w28_c0.25,2025-05-01,route,7,0.8169400742952034,1354327,247923
level_w28_c0.25,2025-05-01,route,11,0.8826853619069053,1728497,202778
level_w28_c0.25,2025-05-01,route,12,0.8835857144362879,1802631,209852
level_w28_c0.25,2025-05-01,route,17,0.7766772752417056,2755004,615255
level_w28_c0.25,2025-05-01,route,25,0.7992898533236457,389497,78176
level_w28_c0.25,2025-05-01,route,26,0.7738056934400511,901318,203873
level_w28_c0.25,2025-05-01,route,28,0.8081262716566989,535227,102696
level_w28_c0.25,2025-05-01,route,50,0.8436737103607433,1116223,174495
level_w28_c0.25,2025-05-01,month,5,0.8506445927216839,6000921,896270
level_w28_c0.25,2025-05-01,month,6,0.803609801427078,5554987,1090945
level_w28_c0.25,2025-05-01,lead_week,1,0.8073113535297387,1151360,221854
level_w28_c0.25,2025-05-01,lead_week,2,0.8171275736778361,1188960,217428
level_w28_c0.25,2025-05-01,lead_week,3,0.8802070057595516,1514354,181409
level_w28_c0.25,2025-05-01,lead_week,4,0.876529870499277,1518756,187521
level_w28_c0.25,2025-05-01,lead_week,5,0.8696818827077739,1469458,191497
level_w28_c0.25,2025-05-01,lead_week,6,0.8318465433378519,1404592,236187
level_w28_c0.25,2025-05-01,lead_week,7,0.7533028240561754,1112230,274384
level_w28_c0.25,2025-05-01,lead_week,8,0.7982950928356983,1327345,267732
level_w28_c0.25,2025-05-01,lead_week,9,0.7592193385992797,868853,209203
level_w56_c0.25,2025-05-01,route,1,0.85877901815073,973184,137434
level_w56_c0.25,2025-05-01,route,5,,0,0
level_w56_c0.25,2025-05-01,route,7,0.8304715183260764,1354327,229597
level_w56_c0.25,2025-05-01,route,11,0.8685430174307505,1728497,227223
level_w56_c0.25,2025-05-01,route,12,0.870521476663832,1802631,233402
level_w56_c0.25,2025-05-01,route,17,0.8910923541308833,2755004,300041
level_w56_c0.25,2025-05-01,route,25,0.8008636780257614,389497,77563
level_w56_c0.25,2025-05-01,route,26,0.7699025205310446,901318,207391
level_w56_c0.25,2025-05-01,route,28,0.8133278029695812,535227,99912
level_w56_c0.25,2025-05-01,route,50,0.8459089268004691,1116223,172000
level_w56_c0.25,2025-05-01,month,5,0.878458989878387,6000921,729358
level_w56_c0.25,2025-05-01,month,6,0.8280455021766928,5554987,955205
level_w56_c0.25,2025-05-01,lead_week,1,0.8423134380211228,1151360,181554
level_w56_c0.25,2025-05-01,lead_week,2,0.8603233077647692,1188960,166070
level_w56_c0.25,2025-05-01,lead_week,3,0.9016775469936356,1514354,148895
level_w56_c0.25,2025-05-01,lead_week,4,0.8973100353183789,1518756,155961
level_w56_c0.25,2025-05-01,lead_week,5,0.8859804091032204,1469458,167547
level_w56_c0.25,2025-05-01,lead_week,6,0.851250042717031,1404592,208933
level_w56_c0.25,2025-05-01,lead_week,7,0.7973260926247269,1112230,225420
level_w56_c0.25,2025-05-01,lead_week,8,0.815773593150236,1327345,244532
level_w56_c0.25,2025-05-01,lead_week,9,0.7863263405892597,868853,185651
level_w84_c0.25,2025-05-01,route,1,0.8678286942654215,973184,128627
level_w84_c0.25,2025-05-01,route,5,,0,0
level_w84_c0.25,2025-05-01,route,7,0.8485269805593479,1354327,205144
level_w84_c0.25,2025-05-01,route,11,0.8631244370108828,1728497,236589
level_w84_c0.25,2025-05-01,route,12,0.87192387127482,1802631,230874
level_w84_c0.25,2025-05-01,route,17,0.9075496805086308,2755004,254701
level_w84_c0.25,2025-05-01,route,25,0.8118034285244815,389497,73302
level_w84_c0.25,2025-05-01,route,26,0.8003834384756545,901318,179918
level_w84_c0.25,2025-05-01,route,28,0.8218718412935072,535227,95339
level_w84_c0.25,2025-05-01,route,50,0.8449324194179837,1116223,173090
level_w84_c0.25,2025-05-01,month,5,0.8869915134693491,6000921,678155
level_w84_c0.25,2025-05-01,month,6,0.8380862097427051,5554987,899429
level_w84_c0.25,2025-05-01,lead_week,1,0.8542341231239577,1151360,167829
level_w84_c0.25,2025-05-01,lead_week,2,0.8716416027452564,1188960,152613
level_w84_c0.25,2025-05-01,lead_week,3,0.9096023783078461,1514354,136894
level_w84_c0.25,2025-05-01,lead_week,4,0.9027335529867866,1518756,147724
level_w84_c0.25,2025-05-01,lead_week,5,0.8918785021416059,1469458,158880
level_w84_c0.25,2025-05-01,lead_week,6,0.8601928531559342,1404592,196372
level_w84_c0.25,2025-05-01,lead_week,7,0.8082204220350108,1112230,213303
level_w84_c0.25,2025-05-01,lead_week,8,0.8267029295322618,1327345,230025
level_w84_c0.25,2025-05-01,lead_week,9,0.799800426539357,868853,173944
level_w28_c0.5,2025-05-01,route,1,0.8348010242667367,973184,160769
level_w28_c0.5,2025-05-01,route,5,,0,0
level_w28_c0.5,2025-05-01,route,7,0.827848075095601,1354327,233150
level_w28_c0.5,2025-05-01,route,11,0.8735664568697545,1728497,218540
level_w28_c0.5,2025-05-01,route,12,0.8758364856701122,1802631,223821
level_w28_c0.5,2025-05-01,route,17,0.7766925202286458,2755004,615213
level_w28_c0.5,2025-05-01,route,25,0.796183282541329,389497,79386
level_w28_c0.5,2025-05-01,route,26,0.8015961070343652,901318,178825
level_w28_c0.5,2025-05-01,route,28,0.8142302238115791,535227,99429
level_w28_c0.5,2025-05-01,route,50,0.8433413394993653,1116223,174866
level_w28_c0.5,2025-05-01,month,5,0.8512473335343025,6000921,892653
level_w28_c0.5,2025-05-01,month,6,0.8035376140394208,5554987,1091346
level_w28_c0.5,2025-05-01,lead_week,1,0.8070560033351862,1151360,222148
level_w28_c0.5,2025-05-01,lead_week,2,0.8164193917373166,1188960,218270
level_w28_c0.5,2025-05-01,lead_week,3,0.8821959726721758,1514354,178397
level_w28_c0.5,2025-05-01,lead_week,4,0.8775662450057811,1518756,185947
level_w28_c0.5,2025-05-01,lead_week,5,0.8693429822424322,1469458,191995
level_w28_c0.5,2025-05-01,lead_week,6,0.8336705605613588,1404592,233625
level_w28_c0.5,2025-05-01,lead_week,7,0.7522544797389029,1112230,275550
level_w28_c0.5,2025-05-01,lead_week,8,0.7978686776987144,1327345,268298
level_w28_c0.5,2025-05-01,lead_week,9,0.7585679050426252,868853,209769
level_w56_c0.5,2025-05-01,route,1,0.8510713287518085,973184,144935
level_w56_c0.5,2025-05-01,route,5,,0,0
level_w56_c0.5,2025-05-01,route,7,0.840169323952044,1354327,216463
level_w56_c0.5,2025-05-01,route,11,0.8564591086938537,1728497,248110
level_w56_c0.5,2025-05-01,route,12,0.8606525683847664,1802631,251192
level_w56_c0.5,2025-05-01,route,17,0.890993624691652,2755004,300313
level_w56_c0.5,2025-05-01,route,25,0.7976081972390031,389497,78831
level_w56_c0.5,2025-05-01,route,26,0.7992118209111545,901318,180974
level_w56_c0.5,2025-05-01,route,28,0.8188992707766984,535227,96930
level_w56_c0.5,2025-05-01,route,50,0.8455514713457795,1116223,172399
level_w56_c0.5,2025-05-01,month,5,0.8781935306263822,6000921,730951
level_w56_c0.5,2025-05-01,month,6,0.8273270486501588,5554987,959196
level_w56_c0.5,2025-05-01,lead_week,1,0.8421041203446359,1151360,181795
level_w56_c0.5,2025-05-01,lead_week,2,0.8597824989907146,1188960,166713
level_w56_c0.5,2025-05-01,lead_week,3,0.9025558092757704,1514354,147565
level_w56_c0.5,2025-05-01,lead_week,4,0.896942629362452,1518756,156519
level_w56_c0.5,2025-05-01,lead_week,5,0.8848207978724129,1469458,169251
level_w56_c0.5,2025-05-01,lead_week,6,0.8519306674108923,1404592,207977
level_w56_c0.5,2025-05-01,lead_week,7,0.7960304972892298,1112230,226861
level_w56_c0.5,2025-05-01,lead_week,8,0.8147459778731226,1327345,245896
level_w56_c0.5,2025-05-01,lead_week,9,0.7841176815871039,868853,187570
level_w84_c0.5,2025-05-01,route,1,0.8615215622122846,973184,134765
level_w84_c0.5,2025-05-01,route,5,,0,0
level_w84_c0.5,2025-05-01,route,7,0.8548932421785875,1354327,196522
level_w84_c0.5,2025-05-01,route,11,0.85029652929684,1728497,258762
level_w84_c0.5,2025-05-01,route,12,0.8622879557713142,1802631,248244
level_w84_c0.5,2025-05-01,route,17,0.9076219127086567,2755004,254502
level_w84_c0.5,2025-05-01,route,25,0.8093720875898915,389497,74249
level_w84_c0.5,2025-05-01,route,26,0.8252703263443091,901318,157487
level_w84_c0.5,2025-05-01,route,28,0.8267576187299968,535227,92724
level_w84_c0.5,2025-05-01,route,50,0.844597360921608,1116223,173464
level_w84_c0.5,2025-05-01,month,5,0.8859773358122861,6000921,684241
level_w84_c0.5,2025-05-01,month,6,0.836817259878376,5554987,906478
level_w84_c0.5,2025-05-01,lead_week,1,0.8533325806003336,1151360,168867
level_w84_c0.5,2025-05-01,lead_week,2,0.8703026174135379,1188960,154205
level_w84_c0.5,2025-05-01,lead_week,3,0.9096941666215429,1514354,136755
level_w84_c0.5,2025-05-01,lead_week,4,0.9015556152535364,1518756,149513
level_w84_c0.5,2025-05-01,lead_week,5,0.8899682740166782,1469458,161687
level_w84_c0.5,2025-05-01,lead_week,6,0.860116674450659,1404592,196479
level_w84_c0.5,2025-05-01,lead_week,7,0.8067423104933332,1112230,214947
level_w84_c0.5,2025-05-01,lead_week,8,0.8251381517239301,1327345,232102
level_w84_c0.5,2025-05-01,lead_week,9,0.7972453337906412,868853,176164
level_w28_c1.0,2025-05-01,route,1,0.8157378255293963,973184,179321
level_w28_c1.0,2025-05-01,route,5,,0,0
level_w28_c1.0,2025-05-01,route,7,0.8458178859315365,1354327,208813
level_w28_c1.0,2025-05-01,route,11,0.8491134205034778,1728497,260807
level_w28_c1.0,2025-05-01,route,12,0.8533049747840795,1802631,264437
level_w28_c1.0,2025-05-01,route,17,0.7766395257502349,2755004,615359
level_w28_c1.0,2025-05-01,route,25,0.7892692369902721,389497,82079
level_w28_c1.0,2025-05-01,route,26,0.8459622463991621,901318,138837
level_w28_c1.0,2025-05-01,route,28,0.8254292104097888,535227,93435
level_w28_c1.0,2025-05-01,route,50,0.8426192615633257,1116223,175672
level_w28_c1.0,2025-05-01,month,5,0.8481654732665203,6000921,911147
level_w28_c1.0,2025-05-01,month,6,0.8006092543510903,5554987,1107613
level_w28_c1.0,2025-05-01,lead_week,1,0.8025934546970539,1151360,227286
level_w28_c1.0,2025-05-01,lead_week,2,0.8117447180729377,1188960,223828
level_w28_c1.0,2025-05-01,lead_week,3,0.8812932775295604,1514354,179764
level_w28_c1.0,2025-05-01,lead_week,4,0.8744248582392432,1518756,190718
level_w28_c1.0,2025-05-01,lead_week,5,0.8652918286878564,1469458,197948
level_w28_c1.0,2025-05-01,lead_week,6,0.8334078508207365,1404592,233994
level_w28_c1.0,2025-05-01,lead_week,7,0.7480790843620474,1112230,280194
level_w28_c1.0,2025-05-01,lead_week,8,0.7946750844731401,1327345,272537
level_w28_c1.0,2025-05-01,lead_week,9,0.7554350390687492,868853,212491
level_w56_c1.0,2025-05-01,route,1,0.8334610926607918,973184,162073
level_w56_c1.0,2025-05-01,route,5,,0,0
level_w56_c1.0,2025-05-01,route,7,0.8552513536243462,1354327,196037
level_w56_c1.0,2025-05-01,route,11,0.8273384333325426,1728497,298445
level_w56_c1.0,2025-05-01,route,12,0.8351570565467918,1802631,297151
level_w56_c1.0,2025-05-01,route,17,0.8907061477950667,2755004,301105
level_w56_c1.0,2025-05-01,route,25,0.790452814784196,389497,81618
level_w56_c1.0,2025-05-01,route,26,0.8471050173190816,901318,137807
level_w56_c1.0,2025-05-01,route,28,0.8284428849815125,535227,91822
level_w56_c1.0,2025-05-01,route,50,0.844808788208091,1116223,173228
level_w56_c1.0,2025-05-01,month,5,0.8736335639146058,6000921,758315
level_w56_c1.0,2025-05-01,month,6,0.8234071474874739,5554987,980971
level_w56_c1.0,2025-05-01,lead_week,1,0.8375512437465258,1151360,187037
level_w56_c1.0,2025-05-01,lead_week,2,0.8543424505450141,1188960,173181
level_w56_c1.0,2025-05-01,lead_week,3,0.8998708360132439,1514354,151631
level_w56_c1.0,2025-05-01,lead_week,4,0.892099191706897,1518756,163875
level_w56_c1.0,2025-05-01,lead_week,5,0.8791969556122053,1469458,177515
level_w56_c1.0,2025-05-01,lead_week,6,0.8499129996468725,1404592,210811
level_w56_c1.0,2025-05-01,lead_week,7,0.7914702894185555,1112230,231933
level_w56_c1.0,2025-05-01,lead_week,8,0.811006181512719,1327345,250860
level_w56_c1.0,2025-05-01,lead_week,9,0.7785091379094047,868853,192443
level_w84_c1.0,2025-05-01,route,1,0.8464576071945284,973184,149425
level_w84_c1.0,2025-05-01,route,5,,0,0
level_w84_c1.0,2025-05-01,route,7,0.863699830247791,1354327,184595
level_w84_c1.0,2025-05-01,route,11,0.8205614473152109,1728497,310159
level_w84_c1.0,2025-05-01,route,12,0.8372445608668663,1802631,293388
level_w84_c1.0,2025-05-01,route,17,0.9077126566785384,2755004,254252
level_w84_c1.0,2025-05-01,route,25,0.8040806476044745,389497,76310
level_w84_c1.0,2025-05-01,route,26,0.8619599297917051,901318,124418
level_w84_c1.0,2025-05-01,route,28,0.8347448839464376,535227,88449
level_w84_c1.0,2025-05-01,route,50,0.8438788664988985,1116223,174266
level_w84_c1.0,2025-05-01,month,5,0.8798427774669921,6000921,721054
level_w84_c1.0,2025-05-01,month,6,0.8318253490062173,5554987,934208
level_w84_c1.0,2025-05-01,lead_week,1,0.8480614230127849,1151360,174936
level_w84_c1.0,2025-05-01,lead_week,2,0.8639365495895572,1188960,161774
level_w84_c1.0,2025-05-01,lead_week,3,0.9044714776069532,1514354,144664
level_w84_c1.0,2025-05-01,lead_week,4,0.894837617102418,1518756,159716
level_w84_c1.0,2025-05-01,lead_week,5,0.88282346280057,1469458,172186
level_w84_c1.0,2025-05-01,lead_week,6,0.8566943283174047,1404592,201286
level_w84_c1.0,2025-05-01,lead_week,7,0.8017802073312175,1112230,220466
level_w84_c1.0,2025-05-01,lead_week,8,0.8203940949790748,1327345,238399
level_w84_c1.0,2025-05-01,lead_week,9,0.7907183378546199,868853,181835
blend_h14_b0.25,2025-05-01,route,1,0.8697029544258845,973184,126803
blend_h14_b0.25,2025-05-01,route,5,,0,0
blend_h14_b0.25,2025-05-01,route,7,0.8367595122891296,1354327,221081
blend_h14_b0.25,2025-05-01,route,11,0.8827565219956992,1728497,202655
blend_h14_b0.25,2025-05-01,route,12,0.8801224432510036,1802631,216095
blend_h14_b0.25,2025-05-01,route,17,0.862845208210224,2755004,377862
blend_h14_b0.25,2025-05-01,route,25,0.811207788506715,389497,73534
blend_h14_b0.25,2025-05-01,route,26,0.7821978480403143,901318,196309
blend_h14_b0.25,2025-05-01,route,28,0.8148094173126542,535227,99119
blend_h14_b0.25,2025-05-01,route,50,0.8517473658937327,1116223,165483
blend_h14_b0.25,2025-05-01,month,5,0.8773228309454498,6000921,736176
blend_h14_b0.25,2025-05-01,month,6,0.8302849313598754,5554987,942765
blend_h14_b0.25,2025-05-01,lead_week,1,0.8468367843246247,1151360,176346
blend_h14_b0.25,2025-05-01,lead_week,2,0.8552331449333872,1188960,172122
blend_h14_b0.25,2025-05-01,lead_week,3,0.8997526337963251,1514354,151810
blend_h14_b0.25,2025-05-01,lead_week,4,0.8947612388033364,1518756,159832
blend_h14_b0.25,2025-05-01,lead_week,5,0.8884513881989141,1469458,163916
blend_h14_b0.25,2025-05-01,lead_week,6,0.8562059302630229,1404592,201972
blend_h14_b0.25,2025-05-01,lead_week,7,0.7782491031531248,1112230,246638
blend_h14_b0.25,2025-05-01,lead_week,8,0.8277169839039586,1327345,228679
blend_h14_b0.25,2025-05-01,lead_week,9,0.7955626555930635,868853,177626
blend_h28_b0.25,2025-05-01,route,1,0.8750205510982507,973184,121628
blend_h28_b0.25,2025-05-01,route,5,,0,0
blend_h28_b0.25,2025-05-01,route,7,0.843964566902971,1354327,211323
blend_h28_b0.25,2025-05-01,route,11,0.8836202781954495,1728497,201162
blend_h28_b0.25,2025-05-01,route,12,0.8803049542585255,1802631,215766
blend_h28_b0.25,2025-05-01,route,17,0.8961660309749097,2755004,286063
blend_h28_b0.25,2025-05-01,route,25,0.819895917041723,389497,70150
blend_h28_b0.25,2025-05-01,route,26,0.7906055354491978,901318,188731
blend_h28_b0.25,2025-05-01,route,28,0.8176044930468754,535227,97623
blend_h28_b0.25,2025-05-01,route,50,0.8535373308021784,1116223,163485
blend_h28_b0.25,2025-05-01,month,5,0.8871114950521761,6000921,677435
blend_h28_b0.25,2025-05-01,month,6,0.8418545353931521,5554987,878496
blend_h28_b0.25,2025-05-01,lead_week,1,0.8608662798777098,1151360,160193
blend_h28_b0.25,2025-05-01,lead_week,2,0.8725987417575023,1188960,151475
blend_h28_b0.25,2025-05-01,lead_week,3,0.9058060400672499,1514354,142643
blend_h28_b0.25,2025-05-01,lead_week,4,0.9003269781321028,1518756,151379
blend_h28_b0.25,2025-05-01,lead_week,5,0.8949204400534074,1469458,154410
blend_h28_b0.25,2025-05-01,lead_week,6,0.8641299395126841,1404592,190842
blend_h28_b0.25,2025-05-01,lead_week,7,0.7957337960673602,1112230,227191
blend_h28_b0.25,2025-05-01,lead_week,8,0.83909609031563,1327345,213575
blend_h28_b0.25,2025-05-01,lead_week,9,0.8109887403277655,868853,164223
blend_h56_b0.25,2025-05-01,route,1,0.8789756099565961,973184,117779
blend_h56_b0.25,2025-05-01,route,5,,0,0
blend_h56_b0.25,2025-05-01,route,7,0.8511171969546498,1354327,201636
blend_h56_b0.25,2025-05-01,route,11,0.8845372598274686,1728497,199577
blend_h56_b0.25,2025-05-01,route,12,0.8803371294513409,1802631,215708
blend_h56_b0.25,2025-05-01,route,17,0.9086821652527546,2755004,251581
blend_h56_b0.25,2025-05-01,route,25,0.8244145654523655,389497,68390
blend_h56_b0.25,2025-05-01,route,26,0.8080255803168249,901318,173030
blend_h56_b0.25,2025-05-01,route,28,0.8219222871790848,535227,95312
blend_h56_b0.25,2025-05-01,route,50,0.8572292454106393,1116223,159364
blend_h56_b0.25,2025-05-01,month,5,0.8920515700839922,6000921,647790
blend_h56_b0.25,2025-05-01,month,6,0.8497589643324097,5554987,834587
blend_h56_b0.25,2025-05-01,lead_week,1,0.8686700944969428,1151360,151208
blend_h56_b0.25,2025-05-01,lead_week,2,0.8804585520118423,1188960,142130
blend_h56_b0.25,2025-05-01,lead_week,3,0.9091308901353317,1514354,137608
blend_h56_b0.25,2025-05-01,lead_week,4,0.9028639228421155,1518756,147526
blend_h56_b0.25,2025-05-01,lead_week,5,0.8988960555524554,1469458,148568
blend_h56_b0.25,2025-05-01,lead_week,6,0.8696069748368209,1404592,183149
blend_h56_b0.25,2025-05-01,lead_week,7,0.8060922650890553,1112230,215670
blend_h56_b0.25,2025-05-01,lead_week,8,0.8485141391273557,1327345,201074
blend_h56_b0.25,2025-05-01,lead_week,9,0.8210928661119891,868853,155444
blend_h14_b0.5,2025-05-01,route,1,0.8714384946731554,973184,125114
blend_h14_b0.5,2025-05-01,route,5,,0,0
blend_h14_b0.5,2025-05-01,route,7,0.8434070944461715,1354327,212078
blend_h14_b0.5,2025-05-01,route,11,0.8823122053437177,1728497,203423
blend_h14_b0.5,2025-05-01,route,12,0.8763745880327144,1802631,222851
blend_h14_b0.5,2025-05-01,route,17,0.8863221251221414,2755004,313183
blend_h14_b0.5,2025-05-01,route,25,0.8185788337265756,389497,70663
blend_h14_b0.5,2025-05-01,route,26,0.7974932265859552,901318,182523
blend_h14_b0.5,2025-05-01,route,28,0.8160518807907673,535227,98454
blend_h14_b0.5,2025-05-01,route,50,0.8512949473357923,1116223,165988
blend_h14_b0.5,2025-05-01,month,5,0.8860761539770312,6000921,683648
blend_h14_b0.5,2025-05-01,month,6,0.8360700034041484,5554987,910629
blend_h14_b0.5,2025-05-01,lead_week,1,0.8612658073929961,1151360,159733
blend_h14_b0.5,2025-05-01,lead_week,2,0.8698383461176153,1188960,154757
blend_h14_b0.5,2025-05-01,lead_week,3,0.9050010763665564,1514354,143862
blend_h14_b0.5,2025-05-01,lead_week,4,0.8991806452122658,1518756,153120
blend_h14_b0.5,2025-05-01,lead_week,5,0.895244369012248,1469458,153934
blend_h14_b0.5,2025-05-01,lead_week,6,0.8665156856937816,1404592,187491
blend_h14_b0.5,2025-05-01,lead_week,7,0.7547854310709116,1112230,272735
blend_h14_b0.5,2025-05-01,lead_week,8,0.844073695987102,1327345,206968
blend_h14_b0.5,2025-05-01,lead_week,9,0.8139190403900315,868853,161677
blend_h28_b0.5,2025-05-01,route,1,0.8734360614231225,973184,123170
blend_h28_b0.5,2025-05-01,route,5,,0,0
blend_h28_b0.5,2025-05-01,route,7,0.8461937183560544,1354327,208304
blend_h28_b0.5,2025-05-01,route,11,0.8822965848364215,1728497,203450
blend_h28_b0.5,2025-05-01,route,12,0.8757998725196671,1802631,223887
blend_h28_b0.5,2025-05-01,route,17,0.9032868917794674,2755004,266445
blend_h28_b0.5,2025-05-01,route,25,0.8215955450234533,389497,69488
blend_h28_b0.5,2025-05-01,route,26,0.8023549956840982,901318,178141
blend_h28_b0.5,2025-05-01,route,28,0.8173690789141803,535227,97749
blend_h28_b0.5,2025-05-01,route,50,0.8521567822917105,1116223,165026
blend_h28_b0.5,2025-05-01,month,5,0.8910762198002606,6000921,653643
blend_h28_b0.5,2025-05-01,month,6,0.8412206905254684,5554987,882017
blend_h28_b0.5,2025-05-01,lead_week,1,0.867820664257921,1151360,152186
blend_h28_b0.5,2025-05-01,lead_week,2,0.8790051809985198,1188960,143858
blend_h28_b0.5,2025-05-01,lead_week,3,0.9080399959322589,1514354,139260
blend_h28_b0.5,2025-05-01,lead_week,4,0.9021831024865087,1518756,148560
blend_h28_b0.5,2025-05-01,lead_week,5,0.8984843391236769,1469458,149173
blend_h28_b0.5,2025-05-01,lead_week,6,0.8704527720505314,1404592,181961
blend_h28_b0.5,2025-05-01,lead_week,7,0.759404080091348,1112230,267598
blend_h28_b0.5,2025-05-01,lead_week,8,0.8502921245041795,1327345,198714
blend_h28_b0.5,2025-05-01,lead_week,9,0.8223519974034733,868853,154350
blend_h56_b0.5,2025-05-01,route,1,0.8753719748783375,973184,121286
blend_h56_b0.5,2025-05-01,route,5,,0,0
blend_h56_b0.5,2025-05-01,route,7,0.8495968846519342,1354327,203695
blend_h56_b0.5,2025-05-01,route,11,0.8827119746230395,1728497,202732
blend_h56_b0.5,2025-05-01,route,12,0.8754603687609943,1802631,224499
blend_h56_b0.5,2025-05-01,route,17,0.9080393349701126,2755004,253352
blend_h56_b0.5,2025-05-01,route,25,0.8236006952556759,389497,68707
blend_h56_b0.5,2025-05-01,route,26,0.8132645747671743,901318,168308
blend_h56_b0.5,2025-05-01,route,28,0.8199119252205139,535227,96388
blend_h56_b0.5,2025-05-01,route,50,0.8542549293465553,1116223,162684
blend_h56_b0.5,2025-05-01,month,5,0.893153567594041,6000921,641177
blend_h56_b0.5,2025-05-01,month,6,0.8450988274139976,5554987,860474
blend_h56_b0.5,2025-05-01,lead_week,1,0.8713286895497498,1151360,148147
blend_h56_b0.5,2025-05-01,lead_week,2,0.8817277284349347,1188960,140621
blend_h56_b0.5,2025-05-01,lead_week,3,0.9097879359779814,1514354,136613
blend_h56_b0.5,2025-05-01,lead_week,4,0.9030278728116958,1518756,147277
blend_h56_b0.5,2025-05-01,lead_week,5,0.9003115434398261,1469458,146488
blend_h56_b0.5,2025-05-01,lead_week,6,0.8731218745372322,1404592,178212
blend_h56_b0.5,2025-05-01,lead_week,7,0.7631811765552089,1112230,263397
blend_h56_b0.5,2025-05-01,lead_week,8,0.8556976520799039,1327345,191539
blend_h56_b0.5,2025-05-01,lead_week,9,0.8280986542027248,868853,149357
blend_h14_b0.75,2025-05-01,route,1,0.8699721738129685,973184,126541
blend_h14_b0.75,2025-05-01,route,5,,0,0
blend_h14_b0.75,2025-05-01,route,7,0.8454944780691812,1354327,209251
blend_h14_b0.75,2025-05-01,route,11,0.8797637485052042,1728497,207828
blend_h14_b0.75,2025-05-01,route,12,0.871145009710806,1802631,232278
blend_h14_b0.75,2025-05-01,route,17,0.9004781844236887,2755004,274183
blend_h14_b0.75,2025-05-01,route,25,0.8208561298289846,389497,69776
blend_h14_b0.75,2025-05-01,route,26,0.8106251067880592,901318,170687
blend_h14_b0.75,2025-05-01,route,28,0.8160836430150198,535227,98437
blend_h14_b0.75,2025-05-01,route,50,0.8497414943071411,1116223,167722
blend_h14_b0.75,2025-05-01,month,5,0.8922938662248678,6000921,646336
blend_h14_b0.75,2025-05-01,month,6,0.8361171682309968,5554987,910367
blend_h14_b0.75,2025-05-01,lead_week,1,0.8714893690939411,1151360,147962
blend_h14_b0.75,2025-05-01,lead_week,2,0.8807041447988158,1188960,141838
blend_h14_b0.75,2025-05-01,lead_week,3,0.9084045077967239,1514354,138708
blend_h14_b0.75,2025-05-01,lead_week,4,0.902104090452976,1518756,148680
blend_h14_b0.75,2025-05-01,lead_week,5,0.8994901521513374,1469458,147695
blend_h14_b0.75,2025-05-01,lead_week,6,0.8737768690124962,1404592,177292
blend_h14_b0.75,2025-05-01,lead_week,7,0.714348650908535,1112230,317710
blend_h14_b0.75,2025-05-01,lead_week,8,0.8577604164704731,1327345,188801
blend_h14_b0.75,2025-05-01,lead_week,9,0.8296409173933911,868853,148017
blend_h28_b0.75,2025-05-01,route,1,0.8704551246218598,973184,126071
blend_h28_b0.75,2025-05-01,route,5,,0,0
blend_h28_b0.75,2025-05-01,route,7,0.846046781907176,1354327,208503
blend_h28_b0.75,2025-05-01,route,11,0.879475636926185,1728497,208326
blend_h28_b0.75,2025-05-01,route,12,0.870585272304759,1802631,233287
blend_h28_b0.75,2025-05-01,route,17,0.9043707377557346,2755004,263459
blend_h28_b0.75,2025-05-01,route,25,0.8214466350190117,389497,69546
blend_h28_b0.75,2025-05-01,route,26,0.8127919335905862,901318,168734
blend_h28_b0.75,2025-05-01,route,28,0.8165189723238925,535227,98204
blend_h28_b0.75,2025-05-01,route,50,0.8498391450453897,1116223,167613
blend_h28_b0.75,2025-05-01,month,5,0.8933348730969797,6000921,640089
blend_h28_b0.75,2025-05-01,month,6,0.8373256319051692,5554987,903654
blend_h28_b0.75,2025-05-01,lead_week,1,0.8724273902167872,1151360,146882
blend_h28_b0.75,2025-05-01,lead_week,2,0.8820380837034046,1188960,140252
blend_h28_b0.75,2025-05-01,lead_week,3,0.9095713419715602,1514354,136941
blend_h28_b0.75,2025-05-01,lead_week,4,0.9027947873127744,1518756,147631
blend_h28_b0.75,2025-05-01,lead_week,5,0.9005000483171346,1469458,146211
blend_h28_b0.75,2025-05-01,lead_week,6,0.8747223392985294,1404592,175964
blend_h28_b0.75,2025-05-01,lead_week,7,0.7140618397273946,1112230,318029
blend_h28_b0.75,2025-05-01,lead_week,8,0.8598518094391435,1327345,186025
blend_h28_b0.75,2025-05-01,lead_week,9,0.8321833497726313,868853,145808
blend_h56_b0.75,2025-05-01,route,1,0.8710161696041037,973184,125525
blend_h56_b0.75,2025-05-01,route,5,,0,0
blend_h56_b0.75,2025-05-01,route,7,0.8472023373970983,1354327,206938
blend_h56_b0.75,2025-05-01,route,11,0.8794866291350231,1728497,208307
blend_h56_b0.75,2025-05-01,route,12,0.8702979145482354,1802631,233805
blend_h56_b0.75,2025-05-01,route,17,0.9053177418254202,2755004,260850
blend_h56_b0.75,2025-05-01,route,25,0.8218805279629882,389497,69377
blend_h56_b0.75,2025-05-01,route,26,0.8178589576597827,901318,164167
blend_h56_b0.75,2025-05-01,route,28,0.8175503104290329,535227,97652
blend_h56_b0.75,2025-05-01,route,50,0.8506633531113407,1116223,166693
blend_h56_b0.75,2025-05-01,month,5,0.8938574595466262,6000921,636953
blend_h56_b0.75,2025-05-01,month,6,0.8386385062647311,5554987,896361
blend_h56_b0.75,2025-05-01,lead_week,1,0.8733428293496387,1151360,145828
blend_h56_b0.75,2025-05-01,lead_week,2,0.8824603014399138,1188960,139750
blend_h56_b0.75,2025-05-01,lead_week,3,0.9101914083496989,1514354,136002
blend_h56_b0.75,2025-05-01,lead_week,4,0.9029258156017161,1518756,147432
blend_h56_b0.75,2025-05-01,lead_week,5,0.9009628039726212,1469458,145531
blend_h56_b0.75,2025-05-01,lead_week,6,0.8754321539635709,1404592,174967
blend_h56_b0.75,2025-05-01,lead_week,7,0.7149861089882488,1112230,317001
blend_h56_b0.75,2025-05-01,lead_week,8,0.8620690174747334,1327345,183082
blend_h56_b0.75,2025-05-01,lead_week,9,0.8345853671449601,868853,143721
baseline,2025-06-01,route,1,0.8215136535701143,929354,165877
baseline,2025-06-01,route,5,,0,0
baseline,2025-06-01,route,7,0.552677974403101,1045361,467613
baseline,2025-06-01,route,11,0.847005008355165,1686382,258008
baseline,2025-06-01,route,12,0.8316675034636494,1738773,292692
baseline,2025-06-01,route,17,0.872082378493517,2674096,342064
baseline,2025-06-01,route,25,0.75294291428052,352032,86972
baseline,2025-06-01,route,26,0.7274647278179303,832384,226854
baseline,2025-06-01,route,28,0.7379960926827164,486779,127538
baseline,2025-06-01,route,50,0.8010746594256108,1217502,242192
baseline,2025-06-01,month,6,0.8441056657738353,5554987,865991
baseline,2025-06-01,month,7,0.7514978708043899,5407676,1343819
baseline,2025-06-01,lead_week,1,0.9001509381497722,1452913,145072
baseline,2025-06-01,lead_week,2,0.6855761378928413,1133982,356551
baseline,2025-06-01,lead_week,3,0.8856599692486233,1328721,151926
baseline,2025-06-01,lead_week,4,0.8795752062009267,1332317,160444
baseline,2025-06-01,lead_week,5,0.8569845727636175,1287917,184192
baseline,2025-06-01,lead_week,6,0.766683441878011,1214093,283268
baseline,2025-06-01,lead_week,7,0.7148816630022532,1174358,334831
baseline,2025-06-01,lead_week,8,0.6999144030406238,1164761,349528
baseline,2025-06-01,lead_week,9,0.7206985797864243,873601,243998
mean_w7,2025-06-01,route,1,0.8143377012419379,929354,172546
mean_w7,2025-06-01,route,5,,0,0
mean_w7,2025-06-01,route,7,0.4642654547089474,1045361,560036
mean_w7,2025-06-01,route,11,0.8431464519901185,1686382,264515
mean_w7,2025-06-01,route,12,0.8150408362678739,1738773,321602
mean_w7,2025-06-01,route,17,0.8626605028390903,2674096,367259
mean_w7,2025-06-01,route,25,0.6642975638578311,352032,118178
mean_w7,2025-06-01,route,26,0.7289556262494233,832384,225613
mean_w7,2025-06-01,route,28,0.6935878499277907,486779,149155
mean_w7,2025-06-01,route,50,0.8034229101882379,1217502,239333
mean_w7,2025-06-01,month,6,0.8468853302446973,5554987,850550
mean_w7,2025-06-01,month,7,0.7100996805281974,5407676,1567687
mean_w7,2025-06-01,lead_week,1,0.8880951577967848,1452913,162588
mean_w7,2025-06-01,lead_week,2,0.81744242853943,1133982,207017
mean_w7,2025-06-01,lead_week,3,0.8436150252761867,1328721,207792
mean_w7,2025-06-01,lead_week,4,0.8457349114362422,1332317,205530
mean_w7,2025-06-01,lead_week,5,0.8132674698757761,1287917,240496
mean_w7,2025-06-01,lead_week,6,0.7304539273350559,1214093,327254
mean_w7,2025-06-01,lead_week,7,0.6710500545830147,1174358,386305
mean_w7,2025-06-01,lead_week,8,0.6565012049682295,1164761,400094
mean_w7,2025-06-01,lead_week,9,0.6781585643789327,873601,281161
median_w7,2025-06-01,route,1,0.8143377012419379,929354,172546
median_w7,2025-06-01,route,5,,0,0
median_w7,2025-06-01,route,7,0.4642654547089474,1045361,560036
median_w7,2025-06-01,route,11,0.8431464519901185,1686382,264515
median_w7,2025-06-01,route,12,0.8150408362678739,1738773,321602
median_w7,2025-06-01,route,17,0.8626605028390903,2674096,367259
median_w7,2025-06-01,route,25,0.6642975638578311,352032,118178
median_w7,2025-06-01,route,26,0.7289556262494233,832384,225613
median_w7,2025-06-01,route,28,0.6935878499277907,486779,149155
median_w7,2025-06-01,route,50,0.8034229101882379,1217502,239333
median_w7,2025-06-01,month,6,0.8468853302446973,5554987,850550
median_w7,2025-06-01,month,7,0.7100996805281974,5407676,1567687
median_w7,2025-06-01,lead_week,1,0.8880951577967848,1452913,162588
median_w7,2025-06-01,lead_week,2,0.81744242853943,1133982,207017
median_w7,2025-06-01,lead_week,3,0.8436150252761867,1328721,207792
median_w7,2025-06-01,lead_week,4,0.8457349114362422,1332317,205530
median_w7,2025-06-01,lead_week,5,0.8132674698757761,1287917,240496
median_w7,2025-06-01,lead_week,6,0.7304539273350559,1214093,327254
median_w7,2025-06-01,lead_week,7,0.6710500545830147,1174358,386305
median_w7,2025-06-01,lead_week,8,0.6565012049682295,1164761,400094
median_w7,2025-06-01,lead_week,9,0.6781585643789327,873601,281161
trim10_w7,2025-06-01,route,1,0.8143377012419379,929354,172546
trim10_w7,2025-06-01,route,5,,0,0
trim10_w7,2025-06-01,route,7,0.4642654547089474,1045361,560036
trim10_w7,2025-06-01,route,11,0.8431464519901185,1686382,264515
trim10_w7,2025-06-01,route,12,0.8150408362678739,1738773,321602
trim10_w7,2025-06-01,route,17,0.8626605028390903,2674096,367259
trim10_w7,2025-06-01,route,25,0.6642975638578311,352032,118178
trim10_w7,2025-06-01,route,26,0.7289556262494233,832384,225613
trim10_w7,2025-06-01,route,28,0.6935878499277907,486779,149155
trim10_w7,2025-06-01,route,50,0.8034229101882379,1217502,239333
trim10_w7,2025-06-01,month,6,0.8468853302446973,5554987,850550
trim10_w7,2025-06-01,month,7,0.7100996805281974,5407676,1567687
trim10_w7,2025-06-01,lead_week,1,0.8880951577967848,1452913,162588
trim10_w7,2025-06-01,lead_week,2,0.81744242853943,1133982,207017
trim10_w7,2025-06-01,lead_week,3,0.8436150252761867,1328721,207792
trim10_w7,2025-06-01,lead_week,4,0.8457349114362422,1332317,205530
trim10_w7,2025-06-01,lead_week,5,0.8132674698757761,1287917,240496
trim10_w7,2025-06-01,lead_week,6,0.7304539273350559,1214093,327254
trim10_w7,2025-06-01,lead_week,7,0.6710500545830147,1174358,386305
trim10_w7,2025-06-01,lead_week,8,0.6565012049682295,1164761,400094
trim10_w7,2025-06-01,lead_week,9,0.6781585643789327,873601,281161
q40_w7,2025-06-01,route,1,0.8143377012419379,929354,172546
q40_w7,2025-06-01,route,5,,0,0
q40_w7,2025-06-01,route,7,0.4642654547089474,1045361,560036
q40_w7,2025-06-01,route,11,0.8431464519901185,1686382,264515
q40_w7,2025-06-01,route,12,0.8150408362678739,1738773,321602
q40_w7,2025-06-01,route,17,0.8626605028390903,2674096,367259
q40_w7,2025-06-01,route,25,0.6642975638578311,352032,118178
q40_w7,2025-06-01,route,26,0.7289556262494233,832384,225613
q40_w7,2025-06-01,route,28,0.6935878499277907,486779,149155
q40_w7,2025-06-01,route,50,0.8034229101882379,1217502,239333
q40_w7,2025-06-01,month,6,0.8468853302446973,5554987,850550
q40_w7,2025-06-01,month,7,0.7100996805281974,5407676,1567687
q40_w7,2025-06-01,lead_week,1,0.8880951577967848,1452913,162588
q40_w7,2025-06-01,lead_week,2,0.81744242853943,1133982,207017
q40_w7,2025-06-01,lead_week,3,0.8436150252761867,1328721,207792
q40_w7,2025-06-01,lead_week,4,0.8457349114362422,1332317,205530
q40_w7,2025-06-01,lead_week,5,0.8132674698757761,1287917,240496
q40_w7,2025-06-01,lead_week,6,0.7304539273350559,1214093,327254
q40_w7,2025-06-01,lead_week,7,0.6710500545830147,1174358,386305
q40_w7,2025-06-01,lead_week,8,0.6565012049682295,1164761,400094
q40_w7,2025-06-01,lead_week,9,0.6781585643789327,873601,281161
q60_w7,2025-06-01,route,1,0.8143377012419379,929354,172546
q60_w7,2025-06-01,route,5,,0,0
q60_w7,2025-06-01,route,7,0.4642654547089474,1045361,560036
q60_w7,2025-06-01,route,11,0.8431464519901185,1686382,264515
q60_w7,2025-06-01,route,12,0.8150408362678739,1738773,321602
q60_w7,2025-06-01,route,17,0.8626605028390903,2674096,367259
q60_w7,2025-06-01,route,25,0.6642975638578311,352032,118178
q60_w7,2025-06-01,route,26,0.7289556262494233,832384,225613
q60_w7,2025-06-01,route,28,0.6935878499277907,486779,149155
q60_w7,2025-06-01,route,50,0.8034229101882379,1217502,239333
q60_w7,2025-06-01,month,6,0.8468853302446973,5554987,850550
q60_w7,2025-06-01,month,7,0.7100996805281974,5407676,1567687
q60_w7,2025-06-01,lead_week,1,0.8880951577967848,1452913,162588
q60_w7,2025-06-01,lead_week,2,0.81744242853943,1133982,207017
q60_w7,2025-06-01,lead_week,3,0.8436150252761867,1328721,207792
q60_w7,2025-06-01,lead_week,4,0.8457349114362422,1332317,205530
q60_w7,2025-06-01,lead_week,5,0.8132674698757761,1287917,240496
q60_w7,2025-06-01,lead_week,6,0.7304539273350559,1214093,327254
q60_w7,2025-06-01,lead_week,7,0.6710500545830147,1174358,386305
q60_w7,2025-06-01,lead_week,8,0.6565012049682295,1164761,400094
q60_w7,2025-06-01,lead_week,9,0.6781585643789327,873601,281161
mean_w14,2025-06-01,route,1,0.8077675460588754,929354,178652
mean_w14,2025-06-01,route,5,,0,0
mean_w14,2025-06-01,route,7,0.49640363472522886,1045361,526440
mean_w14,2025-06-01,route,11,0.853080737341836,1686382,247762
mean_w14,2025-06-01,route,12,0.8192006662169242,1738773,314369
mean_w14,2025-06-01,route,17,0.8572104367232889,2674096,381833
mean_w14,2025-06-01,route,25,0.6821084446868466,352032,111908
mean_w14,2025-06-01,route,26,0.7396814451022604,832384,216685
mean_w14,2025-06-01,route,28,0.682821157034301,486779,154396
mean_w14,2025-06-01,route,50,0.8033399534456617,1217502,239434
mean_w14,2025-06-01,month,6,0.855908933720277,5554987,800424
mean_w14,2025-06-01,month,7,0.7094768621492855,5407676,1571055
mean_w14,2025-06-01,lead_week,1,0.9009637879212313,1452913,143891
mean_w14,2025-06-01,lead_week,2,0.8285378427523541,1133982,194435
mean_w14,2025-06-01,lead_week,3,0.8498307771157376,1328721,199533
mean_w14,2025-06-01,lead_week,4,0.8495635798387321,1332317,200429
mean_w14,2025-06-01,lead_week,5,0.8188959381699287,1287917,233247
mean_w14,2025-06-01,lead_week,6,0.7275192262866189,1214093,330817
mean_w14,2025-06-01,lead_week,7,0.6693989396759761,1174358,388244
mean_w14,2025-06-01,lead_week,8,0.655444335790776,1164761,401325
mean_w14,2025-06-01,lead_week,9,0.6799934981759408,873601,279558
median_w14,2025-06-01,route,1,0.8077675460588754,929354,178652
median_w14,2025-06-01,route,5,,0,0
median_w14,2025-06-01,route,7,0.49640363472522886,1045361,526440
median_w14,2025-06-01,route,11,0.853080737341836,1686382,247762
median_w14,2025-06-01,route,12,0.8192006662169242,1738773,314369
median_w14,2025-06-01,route,17,0.8572104367232889,2674096,381833
median_w14,2025-06-01,route,25,0.6821084446868466,352032,111908
median_w14,2025-06-01,route,26,0.7396814451022604,832384,216685
median_w14,2025-06-01,route,28,0.682821157034301,486779,154396
median_w14,2025-06-01,route,50,0.8033399534456617,1217502,239434
median_w14,2025-06-01,month,6,0.855908933720277,5554987,800424
median_w14,2025-06-01,month,7,0.7094768621492855,5407676,1571055
median_w14,2025-06-01,lead_week,1,0.9009637879212313,1452913,143891
median_w14,2025-06-01,lead_week,2,0.8285378427523541,1133982,194435
median_w14,2025-06-01,lead_week,3,0.8498307771157376,1328721,199533
median_w14,2025-06-01,lead_week,4,0.8495635798387321,1332317,200429
median_w14,2025-06-01,lead_week,5,0.8188959381699287,1287917,233247
median_w14,2025-06-01,lead_week,6,0.7275192262866189,1214093,330817
median_w14,2025-06-01,lead_week,7,0.6693989396759761,1174358,388244
median_w14,2025-06-01,lead_week,8,0.655444335790776,1164761,401325
median_w14,2025-06-01,lead_week,9,0.6799934981759408,873601,279558
trim10_w14,2025-06-01,route,1,0.8077675460588754,929354,178652
trim10_w14,2025-06-01,route,5,,0,0
trim10_w14,2025-06-01,route,7,0.49640363472522886,1045361,526440
trim10_w14,2025-06-01,route,11,0.853080737341836,1686382,247762
trim10_w14,2025-06-01,route,12,0.8192006662169242,1738773,314369
trim10_w14,2025-06-01,route,17,0.8572104367232889,2674096,381833
trim10_w14,2025-06-01,route,25,0.6821084446868466,352032,111908
trim10_w14,2025-06-01,route,26,0.7396814451022604,832384,216685
trim10_w14,2025-06-01,route,28,0.682821157034301,486779,154396
trim10_w14,2025-06-01,route,50,0.8033399534456617,1217502,239434
trim10_w14,2025-06-01,month,6,0.855908933720277,5554987,800424
trim10_w14,2025-06-01,month,7,0.7094768621492855,5407676,1571055
trim10_w14,2025-06-01,lead_week,1,0.9009637879212313,1452913,143891
trim10_w14,2025-06-01,lead_week,2,0.8285378427523541,1133982,194435
trim10_w14,2025-06-01,lead_week,3,0.8498307771157376,1328721,199533
trim10_w14,2025-06-01,lead_week,4,0.8495635798387321,1332317,200429
trim10_w14,2025-06-01,lead_week,5,0.8188959381699287,1287917,233247
trim10_w14,2025-06-01,lead_week,6,0.7275192262866189,1214093,330817
trim10_w14,2025-06-01,lead_week,7,0.6693989396759761,1174358,388244
trim10_w14,2025-06-01,lead_week,8,0.655444335790776,1164761,401325
trim10_w14,2025-06-01,lead_week,9,0.6799934981759408,873601,279558
q40_w14,2025-06-01,route,1,0.8161346483686518,929354,170876
q40_w14,2025-06-01,route,5,,0,0
q40_w14,2025-06-01,route,7,0.5105021136239061,1045361,511702
q40_w14,2025-06-01,route,11,0.8570116379325681,1686382,241133
q40_w14,2025-06-01,route,12,0.8272252904778254,1738773,300416
q40_w14,2025-06-01,route,17,0.8610651973601546,2674096,371525
q40_w14,2025-06-01,route,25,0.6977178211071721,352032,106413
q40_w14,2025-06-01,route,26,0.7485415385206828,832384,209310
q40_w14,2025-06-01,route,28,0.6982100706891629,486779,146905
q40_w14,2025-06-01,route,50,0.8076233139658087,1217502,234219
q40_w14,2025-06-01,month,6,0.8615616922235821,5554987,769023
q40_w14,2025-06-01,month,7,0.7182752812853432,5407676,1523476
q40_w14,2025-06-01,lead_week,1,0.9028998983421581,1452913,141078
q40_w14,2025-06-01,lead_week,2,0.834162270653326,1133982,188057
q40_w14,2025-06-01,lead_week,3,0.8568156896745065,1328721,190252
q40_w14,2025-06-01,lead_week,4,0.8565821797665271,1332317,191078
q40_w14,2025-06-01,lead_week,5,0.8276907595753453,1287917,221920
q40_w14,2025-06-01,lead_week,6,0.7365160659026944,1214093,319894
q40_w14,2025-06-01,lead_week,7,0.6784566546146916,1174358,377607
q40_w14,2025-06-01,lead_week,8,0.664732936628201,1164761,390506
q40_w14,2025-06-01,lead_week,9,0.6885225635043917,873601,272107
q60_w14,2025-06-01,route,1,0.7988140148963689,929354,186973
q60_w14,2025-06-01,route,5,,0,0
q60_w14,2025-06-01,route,7,0.48121079703566516,1045361,542322
q60_w14,2025-06-01,route,11,0.8481868283698474,1686382,256015
q60_w14,2025-06-01,route,12,0.8105376607527262,1738773,329432
q60_w14,2025-06-01,route,17,0.8530228533306209,2674096,393031
q60_w14,2025-06-01,route,25,0.6655900599945459,352032,117723
q60_w14,2025-06-01,route,26,0.7304020740427495,832384,224409
q60_w14,2025-06-01,route,28,0.6658832858442949,486779,162641
q60_w14,2025-06-01,route,50,0.7984184009553988,1217502,245426
q60_w14,2025-06-01,month,6,0.8493009974640805,5554987,837131
q60_w14,2025-06-01,month,7,0.700270319449612,5407676,1620841
q60_w14,2025-06-01,lead_week,1,0.89798287991091,1452913,148222
q60_w14,2025-06-01,lead_week,2,0.821717628674882,1133982,202169
q60_w14,2025-06-01,lead_week,3,0.8419005946319806,1328721,210070
q60_w14,2025-06-01,lead_week,4,0.841854453557224,1332317,210700
q60_w14,2025-06-01,lead_week,5,0.8094178429200019,1287917,245454
q60_w14,2025-06-01,lead_week,6,0.7181863333369025,1214093,342148
q60_w14,2025-06-01,lead_week,7,0.6599137571336849,1174358,399383
q60_w14,2025-06-01,lead_week,8,0.6458895859322213,1164761,412454
q60_w14,2025-06-01,lead_week,9,0.6710489113451106,873601,287372
mean_w28,2025-06-01,route,1,0.8356073143280172,929354,152779
mean_w28,2025-06-01,route,5,,0,0
mean_w28,2025-06-01,route,7,0.5788899719809711,1045361,440212
mean_w28,2025-06-01,route,11,0.8672477528816128,1686382,223871
mean_w28,2025-06-01,route,12,0.8543530409087328,1738773,253247
mean_w28,2025-06-01,route,17,0.881457883337023,2674096,316993
mean_w28,2025-06-01,route,25,0.7435801290791746,352032,90268
mean_w28,2025-06-01,route,26,0.80297675111487,832384,163999
mean_w28,2025-06-01,route,28,0.7648090817393519,486779,114486
mean_w28,2025-06-01,route,50,0.8212273983944174,1217502,217656
mean_w28,2025-06-01,month,6,0.8815187146252548,5554987,658162
mean_w28,2025-06-01,month,7,0.7567626092983382,5407676,1315349
mean_w28,2025-06-01,lead_week,1,0.9027987222910112,1452913,141225
mean_w28,2025-06-01,lead_week,2,0.854307211225575,1133982,165213
mean_w28,2025-06-01,lead_week,3,0.8901928997885937,1328721,145903
mean_w28,2025-06-01,lead_week,4,0.8840478654854663,1332317,154485
mean_w28,2025-06-01,lead_week,5,0.860830317481639,1287917,179239
mean_w28,2025-06-01,lead_week,6,0.7760163348277274,1214093,271937
mean_w28,2025-06-01,lead_week,7,0.7181591984726974,1174358,330982
mean_w28,2025-06-01,lead_week,8,0.7100752858311705,1164761,337693
mean_w28,2025-06-01,lead_week,9,0.7174522465061282,873601,246834
median_w28,2025-06-01,route,1,0.8190194479175857,929354,168195
median_w28,2025-06-01,route,5,,0,0
median_w28,2025-06-01,route,7,0.5467077880272939,1045361,473854
median_w28,2025-06-01,route,11,0.8600500954113599,1686382,236009
median_w28,2025-06-01,route,12,0.8369143068129077,1738773,283569
median_w28,2025-06-01,route,17,0.870098156535891,2674096,347370
median_w28,2025-06-01,route,25,0.730368261976184,352032,94919
median_w28,2025-06-01,route,26,0.7669212767184377,832384,194011
median_w28,2025-06-01,route,28,0.7574053112398029,486779,118090
median_w28,2025-06-01,route,50,0.8206261673492118,1217502,218388
median_w28,2025-06-01,month,6,0.8745190582804244,5554987,697045
median_w28,2025-06-01,month,7,0.7342000519261879,5407676,1437360
median_w28,2025-06-01,lead_week,1,0.9087185536917902,1452913,132624
median_w28,2025-06-01,lead_week,2,0.8501096137328459,1133982,169973
median_w28,2025-06-01,lead_week,3,0.8727573358139142,1328721,169070
median_w28,2025-06-01,lead_week,4,0.8693704276084445,1332317,174040
median_w28,2025-06-01,lead_week,5,0.8468985190815868,1287917,197182
median_w28,2025-06-01,lead_week,6,0.7511475644781742,1214093,302130
median_w28,2025-06-01,lead_week,7,0.6948894630087248,1174358,358309
median_w28,2025-06-01,lead_week,8,0.6827263275470247,1164761,369548
median_w28,2025-06-01,lead_week,9,0.7006310661274426,873601,261529
trim10_w28,2025-06-01,route,1,0.8356073143280172,929354,152779
trim10_w28,2025-06-01,route,5,,0,0
trim10_w28,2025-06-01,route,7,0.5788899719809711,1045361,440212
trim10_w28,2025-06-01,route,11,0.8672477528816128,1686382,223871
trim10_w28,2025-06-01,route,12,0.8543530409087328,1738773,253247
trim10_w28,2025-06-01,route,17,0.881457883337023,2674096,316993
trim10_w28,2025-06-01,route,25,0.7435801290791746,352032,90268
trim10_w28,2025-06-01,route,26,0.80297675111487,832384,163999
trim10_w28,2025-06-01,route,28,0.7648090817393519,486779,114486
trim10_w28,2025-06-01,route,50,0.8212273983944174,1217502,217656
trim10_w28,2025-06-01,month,6,0.8815187146252548,5554987,658162
trim10_w28,2025-06-01,month,7,0.7567626092983382,5407676,1315349
trim10_w28,2025-06-01,lead_week,1,0.9027987222910112,1452913,141225
trim10_w28,2025-06-01,lead_week,2,0.854307211225575,1133982,165213
trim10_w28,2025-06-01,lead_week,3,0.8901928997885937,1328721,145903
trim10_w28,2025-06-01,lead_week,4,0.8840478654854663,1332317,154485
trim10_w28,2025-06-01,lead_week,5,0.860830317481639,1287917,179239
trim10_w28,2025-06-01,lead_week,6,0.7760163348277274,1214093,271937
trim10_w28,2025-06-01,lead_week,7,0.7181591984726974,1174358,330982
trim10_w28,2025-06-01,lead_week,8,0.7100752858311705,1164761,337693
trim10_w28,2025-06-01,lead_week,9,0.7174522465061282,873601,246834
q40_w28,2025-06-01,route,1,0.8317637843060879,929354,156351
q40_w28,2025-06-01,route,5,,0,0
q40_w28,2025-06-01,route,7,0.5716149732006455,1045361,447817
q40_w28,2025-06-01,route,11,0.8649724676852575,1686382,227708
q40_w28,2025-06-01,route,12,0.8486041593698544,1738773,263243
q40_w28,2025-06-01,route,17,0.876779666848161,2674096,329503
q40_w28,2025-06-01,route,25,0.7465997409326425,352032,89205
q40_w28,2025-06-01,route,26,0.780016194448716,832384,183111
q40_w28,2025-06-01,route,28,0.7806581631500127,486779,106771
q40_w28,2025-06-01,route,50,0.8271534666883504,1217502,210441
q40_w28,2025-06-01,month,6,0.8815566985125258,5554987,657951
q40_w28,2025-06-01,month,7,0.7492085324638532,5407676,1356199
q40_w28,2025-06-01,lead_week,1,0.9073296198740048,1452913,134642
q40_w28,2025-06-01,lead_week,2,0.8564307017218968,1133982,162805
q40_w28,2025-06-01,lead_week,3,0.8844768766355013,1328721,153498
q40_w28,2025-06-01,lead_week,4,0.8791008446188107,1332317,161076
q40_w28,2025-06-01,lead_week,5,0.8615733777875437,1287917,178282
q40_w28,2025-06-01,lead_week,6,0.7669486604403452,1214093,282946
q40_w28,2025-06-01,lead_week,7,0.7101079909192938,1174358,340437
q40_w28,2025-06-01,lead_week,8,0.6984222514318388,1164761,351266
q40_w28,2025-06-01,lead_week,9,0.7147462056476583,873601,249198
q60_w28,2025-06-01,route,1,0.8040531379861711,929354,182104
q60_w28,2025-06-01,route,5,,0,0
q60_w28,2025-06-01,route,7,0.5187069347335513,1045361,503125
q60_w28,2025-06-01,route,11,0.8514814555658208,1686382,250459
q60_w28,2025-06-01,route,12,0.8230896154932242,1738773,307607
q60_w28,2025-06-01,route,17,0.8608617641251474,2674096,372069
q60_w28,2025-06-01,route,25,0.710992182528861,352032,101740
q60_w28,2025-06-01,route,26,0.7508013128556051,832384,207429
q60_w28,2025-06-01,route,28,0.7266829505792156,486779,133045
q60_w28,2025-06-01,route,50,0.8102426115111104,1217502,231030
q60_w28,2025-06-01,month,6,0.8635251531641748,5554987,758116
q60_w28,2025-06-01,month,7,0.7169778662774915,5407676,1530492
q60_w28,2025-06-01,lead_week,1,0.9050108299671075,1452913,138011
q60_w28,2025-06-01,lead_week,2,0.8396306114206398,1133982,181856
q60_w28,2025-06-01,lead_week,3,0.8575524884456556,1328721,189273
q60_w28,2025-06-01,lead_week,4,0.8559704634857921,1332317,191893
q60_w28,2025-06-01,lead_week,5,0.8293143114036076,1287917,219829
q60_w28,2025-06-01,lead_week,6,0.7334808783182178,1214093,323579
q60_w28,2025-06-01,lead_week,7,0.6772142736712314,1174358,379066
q60_w28,2025-06-01,lead_week,8,0.6650531739987859,1164761,390133
q60_w28,2025-06-01,lead_week,9,0.685247613040736,873601,274968
mean_w56,2025-06-01,route,1,0.8082033326375095,929354,178247
mean_w56,2025-06-01,route,5,,0,0
mean_w56,2025-06-01,route,7,0.559777914041178,1045361,460191
mean_w56,2025-06-01,route,11,0.8598277258651954,1686382,236384
mean_w56,2025-06-01,route,12,0.8459557400534745,1738773,267848
mean_w56,2025-06-01,route,17,0.850931679341355,2674096,398623
mean_w56,2025-06-01,route,25,0.7347939960003635,352032,93361
mean_w56,2025-06-01,route,26,0.7535860852683377,832384,205111
mean_w56,2025-06-01,route,28,0.7526228534920364,486779,120418
mean_w56,2025-06-01,route,50,0.8174048174048174,1217502,222310
mean_w56,2025-06-01,month,6,0.8620637636055674,5554987,766234
mean_w56,2025-06-01,month,7,0.7381020978327844,5407676,1416259
mean_w56,2025-06-01,lead_week,1,0.8882156054767216,1452913,162413
mean_w56,2025-06-01,lead_week,2,0.8311101939889698,1133982,191518
mean_w56,2025-06-01,lead_week,3,0.8723622190060969,1328721,169595
mean_w56,2025-06-01,lead_week,4,0.8648497317079944,1332317,180063
mean_w56,2025-06-01,lead_week,5,0.8355491852347627,1287917,211799
mean_w56,2025-06-01,lead_week,6,0.7560096302342572,1214093,296227
mean_w56,2025-06-01,lead_week,7,0.7016276127041328,1174358,350396
mean_w56,2025-06-01,lead_week,8,0.6942368434382675,1164761,356141
mean_w56,2025-06-01,lead_week,9,0.6974122053431715,873601,264341
median_w56,2025-06-01,route,1,0.7875341366153263,929354,197456
median_w56,2025-06-01,route,5,,0,0
median_w56,2025-06-01,route,7,0.5201351494842452,1045361,501632
median_w56,2025-06-01,route,11,0.8466919120341654,1686382,258536
median_w56,2025-06-01,route,12,0.8315473037596052,1738773,292901
median_w56,2025-06-01,route,17,0.8692174850865488,2674096,349725
median_w56,2025-06-01,route,25,0.7150514725934005,352032,100311
median_w56,2025-06-01,route,26,0.7236924304167307,832384,229994
median_w56,2025-06-01,route,28,0.7359191748206064,486779,128549
median_w56,2025-06-01,route,50,0.8128290549009365,1217502,227881
median_w56,2025-06-01,month,6,0.8634380242474015,5554987,758600
median_w56,2025-06-01,month,7,0.7173674976089544,5407676,1528385
median_w56,2025-06-01,lead_week,1,0.9028723674438869,1452913,141118
median_w56,2025-06-01,lead_week,2,0.8377928397452516,1133982,183940
median_w56,2025-06-01,lead_week,3,0.8597839576555198,1328721,186308
median_w56,2025-06-01,lead_week,4,0.8583069945065627,1332317,188780
median_w56,2025-06-01,lead_week,5,0.8278522606658659,1287917,221712
median_w56,2025-06-01,lead_week,6,0.7315461006693886,1214093,325928
median_w56,2025-06-01,lead_week,7,0.6804884030253125,1174358,375221
median_w56,2025-06-01,lead_week,8,0.666987476400738,1164761,387880
median_w56,2025-06-01,lead_week,9,0.6839541163528888,873601,276098
trim10_w56,2025-06-01,route,1,0.8081861163776128,929354,178263
trim10_w56,2025-06-01,route,5,,0,0
trim10_w56,2025-06-01,route,7,0.5597032986690722,1045361,460269
trim10_w56,2025-06-01,route,11,0.8598941402363165,1686382,236272
trim10_w56,2025-06-01,route,12,0.8458361154676315,1738773,268056
trim10_w56,2025-06-01,route,17,0.8516414519149649,2674096,396725
trim10_w56,2025-06-01,route,25,0.7347485455867648,352032,93377
trim10_w56,2025-06-01,route,26,0.7534611429340304,832384,205215
trim10_w56,2025-06-01,route,28,0.7527132435869255,486779,120374
trim10_w56,2025-06-01,route,50,0.8173867476193057,1217502,222332
trim10_w56,2025-06-01,month,6,0.8623535932667349,5554987,764624
trim10_w56,2025-06-01,month,7,0.7381020978327844,5407676,1416259
trim10_w56,2025-06-01,lead_week,1,0.8882156054767216,1452913,162413
trim10_w56,2025-06-01,lead_week,2,0.8325299696115106,1133982,189908
trim10_w56,2025-06-01,lead_week,3,0.8723622190060969,1328721,169595
trim10_w56,2025-06-01,lead_week,4,0.8648497317079944,1332317,180063
trim10_w56,2025-06-01,lead_week,5,0.8355491852347627,1287917,211799
trim10_w56,2025-06-01,lead_week,6,0.7560096302342572,1214093,296227
trim10_w56,2025-06-01,lead_week,7,0.7016276127041328,1174358,350396
trim10_w56,2025-06-01,lead_week,8,0.6942368434382675,1164761,356141
trim10_w56,2025-06-01,lead_week,9,0.6974122053431715,873601,264341
q40_w56,2025-06-01,route,1,0.8112011138920153,929354,175461
q40_w56,2025-06-01,route,5,,0,0
q40_w56,2025-06-01,route,7,0.5531227968137322,1045361,467148
q40_w56,2025-06-01,route,11,0.8592359263796696,1686382,237382
q40_w56,2025-06-01,route,12,0.8485046639210524,1738773,263416
q40_w56,2025-06-01,route,17,0.861169905642879,2674096,371245
q40_w56,2025-06-01,route,25,0.7400974911371694,352032,91494
q40_w56,2025-06-01,route,26,0.7561702291250192,832384,202960
q40_w56,2025-06-01,route,28,0.7645296941733313,486779,114622
q40_w56,2025-06-01,route,50,0.825452442788595,1217502,212512
q40_w56,2025-06-01,month,6,0.8718241824868357,5554987,712015
q40_w56,2025-06-01,month,7,0.7366290066194794,5407676,1424225
q40_w56,2025-06-01,lead_week,1,0.9004055989587815,1452913,144702
q40_w56,2025-06-01,lead_week,2,0.8435698273870309,1133982,177389
q40_w56,2025-06-01,lead_week,3,0.8758836505180546,1328721,164916
q40_w56,2025-06-01,lead_week,4,0.8723426932179054,1332317,170080
q40_w56,2025-06-01,lead_week,5,0.8455304184974652,1287917,198944
q40_w56,2025-06-01,lead_week,6,0.7508642253929476,1214093,302474
q40_w56,2025-06-01,lead_week,7,0.7005027427752014,1174358,351717
q40_w56,2025-06-01,lead_week,8,0.6874431750376258,1164761,364054
q40_w56,2025-06-01,lead_week,9,0.7001331271369882,873601,261964
q60_w56,2025-06-01,route,1,0.7614213744170681,929354,221724
q60_w56,2025-06-01,route,5,,0,0
q60_w56,2025-06-01,route,7,0.4872288137782068,1045361,536031
q60_w56,2025-06-01,route,11,0.830436994702268,1686382,285948
q60_w56,2025-06-01,route,12,0.8119461252273874,1738773,326983
q60_w56,2025-06-01,route,17,0.8620969479031418,2674096,368766
q60_w56,2025-06-01,route,25,0.6870852649759113,352032,110156
q60_w56,2025-06-01,route,26,0.6900757342764878,832384,257976
q60_w56,2025-06-01,route,28,0.7024049928201503,486779,144863
q60_w56,2025-06-01,route,50,0.7972389367738205,1217502,246862
q60_w56,2025-06-01,month,6,0.847774261217893,5554987,845612
q60_w56,2025-06-01,month,7,0.6941945116534349,5407676,1653697
q60_w56,2025-06-01,lead_week,1,0.8965223657576193,1452913,150344
q60_w56,2025-06-01,lead_week,2,0.8240289528405212,1133982,199548
q60_w56,2025-06-01,lead_week,3,0.8391550972702321,1328721,213718
q60_w56,2025-06-01,lead_week,4,0.8383072497010846,1332317,215426
q60_w56,2025-06-01,lead_week,5,0.8042560196037478,1287917,252102
q60_w56,2025-06-01,lead_week,6,0.7081541529355659,1214093,354328
q60_w56,2025-06-01,lead_week,7,0.6561023129233163,1174358,403859
q60_w56,2025-06-01,lead_week,8,0.6430598208559524,1164761,415750
q60_w56,2025-06-01,lead_week,9,0.6631940668566085,873601,294234
mean_w84,2025-06-01,route,1,0.8137276000318501,929354,173113
mean_w84,2025-06-01,route,5,,0,0
mean_w84,2025-06-01,route,7,0.5102151314234986,1045361,512002
mean_w84,2025-06-01,route,11,0.8540289210866814,1686382,246163
mean_w84,2025-06-01,route,12,0.8435488703815852,1738773,272033
mean_w84,2025-06-01,route,17,0.8760268890870035,2674096,331516
mean_w84,2025-06-01,route,25,0.7190397463866921,352032,98907
mean_w84,2025-06-01,route,26,0.6808972781793019,832384,265616
mean_w84,2025-06-01,route,28,0.7304608456815105,486779,131206
mean_w84,2025-06-01,route,50,0.8127649892977589,1217502,227959
mean_w84,2025-06-01,month,6,0.8598722193229256,5554987,778408
mean_w84,2025-06-01,month,7,0.7262951774477613,5407676,1480107
mean_w84,2025-06-01,lead_week,1,0.8912804827267703,1452913,157960
mean_w84,2025-06-01,lead_week,2,0.8302971299368067,1133982,192440
mean_w84,2025-06-01,lead_week,3,0.8640662712488174,1328721,180618
mean_w84,2025-06-01,lead_week,4,0.8601203767571832,1332317,186364
mean_w84,2025-06-01,lead_week,5,0.8297405811088758,1287917,219280
mean_w84,2025-06-01,lead_week,6,0.741794080025171,1214093,313486
mean_w84,2025-06-01,lead_week,7,0.6910814249147194,1174358,362781
mean_w84,2025-06-01,lead_week,8,0.6780300851419304,1164761,375018
mean_w84,2025-06-01,lead_week,9,0.6902842373119994,873601,270568
median_w84,2025-06-01,route,1,0.791456215823034,929354,193811
median_w84,2025-06-01,route,5,,0,0
median_w84,2025-06-01,route,7,0.5059304871714174,1045361,516481
median_w84,2025-06-01,route,11,0.8346157632137914,1686382,278901
median_w84,2025-06-01,route,12,0.8163992654590335,1738773,319240
median_w84,2025-06-01,route,17,0.8627468871723378,2674096,367028
median_w84,2025-06-01,route,25,0.71323345604945,352032,100951
median_w84,2025-06-01,route,26,0.6763573062432724,832384,269395
median_w84,2025-06-01,route,28,0.7161011465161808,486779,138196
median_w84,2025-06-01,route,50,0.7989670653518434,1217502,244758
median_w84,2025-06-01,month,6,0.852372651817187,5554987,820068
median_w84,2025-06-01,month,7,0.7025167558115538,5407676,1608693
median_w84,2025-06-01,lead_week,1,0.8973448513434734,1452913,149149
median_w84,2025-06-01,lead_week,2,0.8268676222373901,1133982,196329
median_w84,2025-06-01,lead_week,3,0.8476482271296985,1328721,202433
median_w84,2025-06-01,lead_week,4,0.8454444400244086,1332317,205917
median_w84,2025-06-01,lead_week,5,0.8121874313329197,1287917,241887
median_w84,2025-06-01,lead_week,6,0.7169121311135144,1214093,343695
median_w84,2025-06-01,lead_week,7,0.6645315993930301,1174358,393960
median_w84,2025-06-01,lead_week,8,0.6488661622427262,1164761,408987
median_w84,2025-06-01,lead_week,9,0.6721569686847886,873601,286404
trim10_w84,2025-06-01,route,1,0.8061416855148845,929354,180163
trim10_w84,2025-06-01,route,5,,0,0
trim10_w84,2025-06-01,route,7,0.5221526343531087,1045361,499523
trim10_w84,2025-06-01,route,11,0.8466847962086882,1686382,258548
trim10_w84,2025-06-01,route,12,0.8314874914666837,1738773,293005
trim10_w84,2025-06-01,route,17,0.8749510114820112,2674096,334393
trim10_w84,2025-06-01,route,25,0.7213264703208799,352032,98102
trim10_w84,2025-06-01,route,26,0.6925962055974166,832384,255878
trim10_w84,2025-06-01,route,28,0.7288132807701235,486779,132008
trim10_w84,2025-06-01,route,50,0.809900106940276,1217502,231447
trim10_w84,2025-06-01,month,6,0.8605667303991891,5554987,774550
trim10_w84,2025-06-01,month,7,0.7210415342931049,5407676,1508517
trim10_w84,2025-06-01,lead_week,1,0.8967371067641352,1452913,150032
trim10_w84,2025-06-01,lead_week,2,0.8314391233723286,1133982,191145
trim10_w84,2025-06-01,lead_week,3,0.8621968042952584,1328721,183102
trim10_w84,2025-06-01,lead_week,4,0.8590080288700062,1332317,187846
trim10_w84,2025-06-01,lead_week,5,0.8274749071562841,1287917,222198
trim10_w84,2025-06-01,lead_week,6,0.7354584862938836,1214093,321178
trim10_w84,2025-06-01,lead_week,7,0.6855158307773268,1174358,369317
trim10_w84,2025-06-01,lead_week,8,0.6712630316434015,1164761,382900
trim10_w84,2025-06-01,lead_week,9,0.684811487166338,873601,275349
q40_w84,2025-06-01,route,1,0.8133843508501604,929354,173432
q40_w84,2025-06-01,route,5,,0,0
q40_w84,2025-06-01,route,7,0.5447983997872505,1045361,475850
q40_w84,2025-06-01,route,11,0.8511499766956716,1686382,251018
q40_w84,2025-06-01,route,12,0.8375250823425484,1738773,282507
q40_w84,2025-06-01,route,17,0.8727439104654433,2674096,340295
q40_w84,2025-06-01,route,25,0.7383135624034178,352032,92122
q40_w84,2025-06-01,route,26,0.7120788001691527,832384,239661
q40_w84,2025-06-01,route,28,0.7489086423202316,486779,122226
q40_w84,2025-06-01,route,50,0.8156356211324499,1217502,224464
q40_w84,2025-06-01,month,6,0.8683154434024778,5554987,731506
q40_w84,2025-06-01,month,7,0.7281514277112756,5407676,1470069
q40_w84,2025-06-01,lead_week,1,0.901775261147777,1452913,142712
q40_w84,2025-06-01,lead_week,2,0.8415953692386652,1133982,179628
q40_w84,2025-06-01,lead_week,3,0.8686511314263867,1328721,174526
q40_w84,2025-06-01,lead_week,4,0.8664867295095686,1332317,177882
q40_w84,2025-06-01,lead_week,5,0.836782960392634,1287917,210210
q40_w84,2025-06-01,lead_week,6,0.7431943022486744,1214093,311786
q40_w84,2025-06-01,lead_week,7,0.6920896353582127,1174358,361597
q40_w84,2025-06-01,lead_week,8,0.6762425939742145,1164761,377100
q40_w84,2025-06-01,lead_week,9,0.6953597809526317,873601,266134
q60_w84,2025-06-01,route,1,0.7652293959029606,929354,218185
q60_w84,2025-06-01,route,5,,0,0
q60_w84,2025-06-01,route,7,0.4674815685681788,1045361,556674
q60_w84,2025-06-01,route,11,0.816057690369086,1686382,310197
q60_w84,2025-06-01,route,12,0.7935434930264043,1738773,358981
q60_w84,2025-06-01,route,17,0.8476569277991516,2674096,407380
q60_w84,2025-06-01,route,25,0.6866762112535224,352032,110300
q60_w84,2025-06-01,route,26,0.6400447389666308,832384,299621
q60_w84,2025-06-01,route,28,0.6838606431255252,486779,153890
q60_w84,2025-06-01,route,50,0.7829202744636148,1217502,264295
q60_w84,2025-06-01,month,6,0.8325540635828671,5554987,930160
q60_w84,2025-06-01,month,7,0.6765037328419824,5407676,1749363
q60_w84,2025-06-01,lead_week,1,0.886048923782773,1452913,165561
q60_w84,2025-06-01,lead_week,2,0.8082068322072131,1133982,217490
q60_w84,2025-06-01,lead_week,3,0.823229255803137,1328721,234879
q60_w84,2025-06-01,lead_week,4,0.8219980680273539,1332317,237155
q60_w84,2025-06-01,lead_week,5,0.7864031610732679,1287917,275095
q60_w84,2025-06-01,lead_week,6,0.6903935695206216,1214093,375891
q60_w84,2025-06-01,lead_week,7,0.6374836293532296,1174358,425724
q60_w84,2025-06-01,lead_week,8,0.6224229691756507,1164761,439787
q60_w84,2025-06-01,lead_week,9,0.6475038375642885,873601,307941
mean_w112,2025-06-01,route,1,0.8136060101963299,929354,173226
mean_w112,2025-06-01,route,5,,0,0
mean_w112,2025-06-01,route,7,0.5222157704371982,1045361,499457
mean_w112,2025-06-01,route,11,0.8428060783381227,1686382,265089
mean_w112,2025-06-01,route,12,0.8379725243030574,1738773,281729
mean_w112,2025-06-01,route,17,0.87577484129216,2674096,332190
mean_w112,2025-06-01,route,25,0.724300631760749,352032,97055
mean_w112,2025-06-01,route,26,0.6829840554359526,832384,263879
mean_w112,2025-06-01,route,28,0.7288913449429824,486779,131970
mean_w112,2025-06-01,route,50,0.8058598671706494,1217502,236366
mean_w112,2025-06-01,month,6,0.8608812225843193,5554987,772803
mean_w112,2025-06-01,month,7,0.7211079214065339,5407676,1508158
mean_w112,2025-06-01,lead_week,1,0.8960288744061069,1452913,151061
mean_w112,2025-06-01,lead_week,2,0.8315502362471362,1133982,191019
mean_w112,2025-06-01,lead_week,3,0.8616707344882786,1328721,183801
mean_w112,2025-06-01,lead_week,4,0.858899195912084,1332317,187991
mean_w112,2025-06-01,lead_week,5,0.8287940915447192,1287917,220499
mean_w112,2025-06-01,lead_week,6,0.7354790777971705,1214093,321153
mean_w112,2025-06-01,lead_week,7,0.6856290841464017,1174358,369184
mean_w112,2025-06-01,lead_week,8,0.6707350263272895,1164761,383515
mean_w112,2025-06-01,lead_week,9,0.6878002657963991,873601,272738
median_w112,2025-06-01,route,1,0.7972860718305403,929354,188393
median_w112,2025-06-01,route,5,,0,0
median_w112,2025-06-01,route,7,0.5221775061438105,1045361,499497
median_w112,2025-06-01,route,11,0.8233668291051494,1686382,297871
median_w112,2025-06-01,route,12,0.8133540145838474,1738773,324535
median_w112,2025-06-01,route,17,0.8500424068545034,2674096,401001
median_w112,2025-06-01,route,25,0.7221815062267067,352032,97801
median_w112,2025-06-01,route,26,0.6797836094879286,832384,266543
median_w112,2025-06-01,route,28,0.719653066381253,486779,136467
median_w112,2025-06-01,route,50,0.7912652299544477,1217502,254135
median_w112,2025-06-01,month,6,0.8490106277476437,5554987,838744
median_w112,2025-06-01,month,7,0.6990391066328678,5407676,1627499
median_w112,2025-06-01,lead_week,1,0.8924553638104966,1452913,156253
median_w112,2025-06-01,lead_week,2,0.8254866479362106,1133982,197895
median_w112,2025-06-01,lead_week,3,0.8427472735058752,1328721,208945
median_w112,2025-06-01,lead_week,4,0.8406212635581471,1332317,212343
median_w112,2025-06-01,lead_week,5,0.809210531423997,1287917,245721
median_w112,2025-06-01,lead_week,6,0.7135894861431538,1214093,347729
median_w112,2025-06-01,lead_week,7,0.661241290986224,1174358,397824
median_w112,2025-06-01,lead_week,8,0.6457410576075264,1164761,412627
median_w112,2025-06-01,lead_week,9,0.6715823356429308,873601,286906
trim10_w112,2025-06-01,route,1,0.8071337724914296,929354,179241
trim10_w112,2025-06-01,route,5,,0,0
trim10_w112,2025-06-01,route,7,0.5305057295996312,1045361,490791
trim10_w112,2025-06-01,route,11,0.8359778508072311,1686382,276604
trim10_w112,2025-06-01,route,12,0.8278418171894779,1738773,299344
trim10_w112,2025-06-01,route,17,0.8703808688992467,2674096,346614
trim10_w112,2025-06-01,route,25,0.7260107035724025,352032,96453
trim10_w112,2025-06-01,route,26,0.691100501691527,832384,257123
trim10_w112,2025-06-01,route,28,0.7270609455214789,486779,132861
trim10_w112,2025-06-01,route,50,0.8018483747870639,1217502,241250
trim10_w112,2025-06-01,month,6,0.8594925604686383,5554987,780517
trim10_w112,2025-06-01,month,7,0.7152632665122689,5407676,1539764
trim10_w112,2025-06-01,lead_week,1,0.8979340125664785,1452913,148293
trim10_w112,2025-06-01,lead_week,2,0.8316613491219438,1133982,190893
trim10_w112,2025-06-01,lead_week,3,0.8579227693398388,1328721,188781
trim10_w112,2025-06-01,lead_week,4,0.8555741614045306,1332317,192421
trim10_w112,2025-06-01,lead_week,5,0.8242906957513567,1287917,226299
trim10_w112,2025-06-01,lead_week,6,0.7294844793603126,1214093,328431
trim10_w112,2025-06-01,lead_week,7,0.6791489477655025,1174358,376794
trim10_w112,2025-06-01,lead_week,8,0.6639095917531579,1164761,391465
trim10_w112,2025-06-01,lead_week,9,0.6830314983613801,873601,276904
q40_w112,2025-06-01,route,1,0.8178982389918158,929354,169237
q40_w112,2025-06-01,route,5,,0,0
q40_w112,2025-06-01,route,7,0.553662323350498,1045361,466584
q40_w112,2025-06-01,route,11,0.8410354237651967,1686382,268075
q40_w112,2025-06-01,route,12,0.8318291116781776,1738773,292411
q40_w112,2025-06-01,route,17,0.863128698446129,2674096,366007
q40_w112,2025-06-01,route,25,0.7432903826924825,352032,90370
q40_w112,2025-06-01,route,26,0.7107909330309088,832384,240733
q40_w112,2025-06-01,route,28,0.7506157825214317,486779,121395
q40_w112,2025-06-01,route,50,0.8082450788581867,1217502,233462
q40_w112,2025-06-01,month,6,0.8645910422472636,5554987,752195
q40_w112,2025-06-01,month,7,0.7233415981282902,5407676,1496079
q40_w112,2025-06-01,lead_week,1,0.8981721548365249,1452913,147947
q40_w112,2025-06-01,lead_week,2,0.8389895077699646,1133982,182583
q40_w112,2025-06-01,lead_week,3,0.8639992895423494,1328721,180707
q40_w112,2025-06-01,lead_week,4,0.8606255117963668,1332317,185691
q40_w112,2025-06-01,lead_week,5,0.8326437185004935,1287917,215541
q40_w112,2025-06-01,lead_week,6,0.738559566688878,1214093,317413
q40_w112,2025-06-01,lead_week,7,0.6872435833025363,1174358,367288
q40_w112,2025-06-01,lead_week,8,0.6706800794326047,1164761,383579
q40_w112,2025-06-01,lead_week,9,0.6937675208705119,873601,267525
q60_w112,2025-06-01,route,1,0.7729272161092544,929354,211031
q60_w112,2025-06-01,route,5,,0,0
q60_w112,2025-06-01,route,7,0.48725177235423933,1045361,536007
q60_w112,2025-06-01,route,11,0.8051497228978962,1686382,328592
q60_w112,2025-06-01,route,12,0.792469747344823,1738773,360848
q60_w112,2025-06-01,route,17,0.8360365521656664,2674096,438454
q60_w112,2025-06-01,route,25,0.6939141896191255,352032,107752
q60_w112,2025-06-01,route,26,0.6509111179455636,832384,290576
q60_w112,2025-06-01,route,28,0.6858122474469934,486779,152940
q60_w112,2025-06-01,route,50,0.7771486207004177,1217502,271322
q60_w112,2025-06-01,month,6,0.8312150865519577,5554987,937598
q60_w112,2025-06-01,month,7,0.6745507682043081,5407676,1759924
q60_w112,2025-06-01,lead_week,1,0.8835732077557293,1452913,169158
q60_w112,2025-06-01,lead_week,2,0.8085542804030399,1133982,217096
q60_w112,2025-06-01,lead_week,3,0.8200946624611186,1328721,239044
q60_w112,2025-06-01,lead_week,4,0.8192862509447827,1332317,240768
q60_w112,2025-06-01,lead_week,5,0.7843649862529961,1287917,277720
q60_w112,2025-06-01,lead_week,6,0.6882495821983983,1214093,378494
q60_w112,2025-06-01,lead_week,7,0.6357507676534753,1174358,427759
q60_w112,2025-06-01,lead_week,8,0.621070760439266,1164761,441362
q60_w112,2025-06-01,lead_week,9,0.6495871685128566,873601,306121
mean_w0,2025-06-01,route,1,0.8422527906481276,929354,146603
mean_w0,2025-06-01,route,5,,0,0
mean_w0,2025-06-01,route,7,0.5751018069355944,1045361,444172
mean_w0,2025-06-01,route,11,0.8581033241578717,1686382,239292
mean_w0,2025-06-01,route,12,0.8512243978943772,1738773,258687
mean_w0,2025-06-01,route,17,0.881647106162232,2674096,316487
mean_w0,2025-06-01,route,25,0.7632345923097901,352032,83349
mean_w0,2025-06-01,route,26,0.7483865619713979,832384,209439
mean_w0,2025-06-01,route,28,0.7582188220938044,486779,117694
mean_w0,2025-06-01,route,50,0.8231813992913359,1217502,215277
mean_w0,2025-06-01,month,6,0.876294760005739,5554987,687181
mean_w0,2025-06-01,month,7,0.7514978708043899,5407676,1343819
mean_w0,2025-06-01,lead_week,1,0.9001509381497722,1452913,145072
mean_w0,2025-06-01,lead_week,2,0.8432594168161399,1133982,177741
mean_w0,2025-06-01,lead_week,3,0.8856599692486233,1328721,151926
mean_w0,2025-06-01,lead_week,4,0.8795752062009267,1332317,160444
mean_w0,2025-06-01,lead_week,5,0.8569845727636175,1287917,184192
mean_w0,2025-06-01,lead_week,6,0.766683441878011,1214093,283268
mean_w0,2025-06-01,lead_week,7,0.7148816630022532,1174358,334831
mean_w0,2025-06-01,lead_week,8,0.6999144030406238,1164761,349528
mean_w0,2025-06-01,lead_week,9,0.7206985797864243,873601,243998
median_w0,2025-06-01,route,1,0.8088284980750069,929354,177666
median_w0,2025-06-01,route,5,,0,0
median_w0,2025-06-01,route,7,0.5569071354297702,1045361,463192
median_w0,2025-06-01,route,11,0.8332625704021983,1686382,281183
median_w0,2025-06-01,route,12,0.8220388745396898,1738773,309434
median_w0,2025-06-01,route,17,0.8489986896506333,2674096,403792
median_w0,2025-06-01,route,25,0.7463980547222979,352032,89276
median_w0,2025-06-01,route,26,0.7210338017069045,832384,232207
median_w0,2025-06-01,route,28,0.7331889830908893,486779,129878
median_w0,2025-06-01,route,50,0.8016397508997932,1217502,241504
median_w0,2025-06-01,month,6,0.8579998477044141,5554987,788809
median_w0,2025-06-01,month,7,0.7153448172560635,5407676,1539323
median_w0,2025-06-01,lead_week,1,0.8949214440231452,1452913,152670
median_w0,2025-06-01,lead_week,2,0.832553779513255,1133982,189881
median_w0,2025-06-01,lead_week,3,0.856177481954451,1328721,191100
median_w0,2025-06-01,lead_week,4,0.8524615388079564,1332317,196568
median_w0,2025-06-01,lead_week,5,0.8254406145737653,1287917,224818
median_w0,2025-06-01,lead_week,6,0.7296253252427944,1214093,328260
median_w0,2025-06-01,lead_week,7,0.6785775717455835,1174358,377465
median_w0,2025-06-01,lead_week,8,0.6616490421640148,1164761,394098
median_w0,2025-06-01,lead_week,9,0.6871890027598412,873601,273272
trim10_w0,2025-06-01,route,1,0.8205947356981301,929354,166731
trim10_w0,2025-06-01,route,5,,0,0
trim10_w0,2025-06-01,route,7,0.567191620885034,1045361,452441
trim10_w0,2025-06-01,route,11,0.843093083299039,1686382,264605
trim10_w0,2025-06-01,route,12,0.832537657302017,1738773,291179
trim10_w0,2025-06-01,route,17,0.8641683021103206,2674096,363227
trim10_w0,2025-06-01,route,25,0.7551756658485592,352032,86186
trim10_w0,2025-06-01,route,26,0.7348447351222513,832384,220711
trim10_w0,2025-06-01,route,28,0.7429942540660135,486779,125105
trim10_w0,2025-06-01,route,50,0.8093292659888854,1217502,232142
trim10_w0,2025-06-01,month,6,0.8667557637848657,5554987,740170
trim10_w0,2025-06-01,month,7,0.7296145331192179,5407676,1462157
trim10_w0,2025-06-01,lead_week,1,0.8997531166697524,1452913,145650
trim10_w0,2025-06-01,lead_week,2,0.8374806654779353,1133982,184294
trim10_w0,2025-06-01,lead_week,3,0.8694895316624032,1328721,173412
trim10_w0,2025-06-01,lead_week,4,0.8650035989933327,1332317,179858
trim10_w0,2025-06-01,lead_week,5,0.837815635634905,1287917,208880
trim10_w0,2025-06-01,lead_week,6,0.744326011269318,1214093,310412
trim10_w0,2025-06-01,lead_week,7,0.6932204659907797,1174358,360269
trim10_w0,2025-06-01,lead_week,8,0.6770255872234734,1164761,376188
trim10_w0,2025-06-01,lead_week,9,0.6985305648688589,873601,263364
q40_w0,2025-06-01,route,1,0.8281602059064683,929354,159700
q40_w0,2025-06-01,route,5,,0,0
q40_w0,2025-06-01,route,7,0.5879748718385323,1045361,430715
q40_w0,2025-06-01,route,11,0.8467423157979628,1686382,258451
q40_w0,2025-06-01,route,12,0.8360274745467062,1738773,285111
q40_w0,2025-06-01,route,17,0.8608524151713327,2674096,372094
q40_w0,2025-06-01,route,25,0.7697169575493137,352032,81067
q40_w0,2025-06-01,route,26,0.7543729817007535,832384,204456
q40_w0,2025-06-01,route,28,0.763225200758455,486779,115257
q40_w0,2025-06-01,route,50,0.8149908583312389,1217502,225249
q40_w0,2025-06-01,month,6,0.8702322795714914,5554987,720858
q40_w0,2025-06-01,month,7,0.7390298531198984,5407676,1411242
q40_w0,2025-06-01,lead_week,1,0.8970000268426258,1452913,149650
q40_w0,2025-06-01,lead_week,2,0.8417064821134728,1133982,179502
q40_w0,2025-06-01,lead_week,3,0.8746373392156819,1328721,166572
q40_w0,2025-06-01,lead_week,4,0.8694589951190295,1332317,173922
q40_w0,2025-06-01,lead_week,5,0.8468798843403729,1287917,197206
q40_w0,2025-06-01,lead_week,6,0.7541012097096351,1214093,298544
q40_w0,2025-06-01,lead_week,7,0.7039667631165283,1174358,347649
q40_w0,2025-06-01,lead_week,8,0.686328783329799,1164761,365352
q40_w0,2025-06-01,lead_week,9,0.7095893892062852,873601,253703
q60_w0,2025-06-01,route,1,0.7871973435310979,929354,197769
q60_w0,2025-06-01,route,5,,0,0
q60_w0,2025-06-01,route,7,0.5220378414729456,1045361,499643
q60_w0,2025-06-01,route,11,0.817164794216257,1686382,308330
q60_w0,2025-06-01,route,12,0.8015106054671887,1738773,345128
q60_w0,2025-06-01,route,17,0.8367945653409601,2674096,436427
q60_w0,2025-06-01,route,25,0.7228121307153895,352032,97579
q60_w0,2025-06-01,route,26,0.6886581193295402,832384,259156
q60_w0,2025-06-01,route,28,0.7011559660544107,486779,145471
q60_w0,2025-06-01,route,50,0.7857703724511336,1217502,260825
q60_w0,2025-06-01,month,6,0.8421947702127836,5554987,876606
q60_w0,2025-06-01,month,7,0.6904914421648043,5407676,1673722
q60_w0,2025-06-01,lead_week,1,0.8881784387640554,1452913,162467
q60_w0,2025-06-01,lead_week,2,0.8193921949378385,1133982,204806
q60_w0,2025-06-01,lead_week,3,0.8345785157305409,1328721,219799
q60_w0,2025-06-01,lead_week,4,0.832936906156718,1332317,222581
q60_w0,2025-06-01,lead_week,5,0.8008497441993545,1287917,256489
q60_w0,2025-06-01,lead_week,6,0.7040959794678002,1214093,359255
q60_w0,2025-06-01,lead_week,7,0.6525795370747252,1174358,407996
q60_w0,2025-06-01,lead_week,8,0.6370148038953913,1164761,422791
q60_w0,2025-06-01,lead_week,9,0.6632970887167025,873601,294144
exp_h7_s0_d0.0,2025-06-01,route,1,0.8234978275232043,929354,164033
exp_h7_s0_d0.0,2025-06-01,route,5,,0,0
exp_h7_s0_d0.0,2025-06-01,route,7,0.5264286691391777,1045361,495053
exp_h7_s0_d0.0,2025-06-01,route,11,0.861834388649784,1686382,233000
exp_h7_s0_d0.0,2025-06-01,route,12,0.8400164943900095,1738773,278175
exp_h7_s0_d0.0,2025-06-01,route,17,0.8766285877545159,2674096,329907
exp_h7_s0_d0.0,2025-06-01,route,25,0.710401327152077,352032,101948
exp_h7_s0_d0.0,2025-06-01,route,26,0.7636883938182377,832384,196702
exp_h7_s0_d0.0,2025-06-01,route,28,0.7235398404614826,486779,134575
exp_h7_s0_d0.0,2025-06-01,route,50,0.8179214489996731,1217502,221681
exp_h7_s0_d0.0,2025-06-01,month,6,0.8720362441892303,5554987,710837
exp_h7_s0_d0.0,2025-06-01,month,7,0.7329283411210288,5407676,1444237
exp_h7_s0_d0.0,2025-06-01,lead_week,1,0.9077467129828145,1452913,134036
exp_h7_s0_d0.0,2025-06-01,lead_week,2,0.8426835699332088,1133982,178394
exp_h7_s0_d0.0,2025-06-01,lead_week,3,0.8729545179161012,1328721,168808
exp_h7_s0_d0.0,2025-06-01,lead_week,4,0.8708235352397364,1332317,172104
exp_h7_s0_d0.0,2025-06-01,lead_week,5,0.8411186435150713,1287917,204626
exp_h7_s0_d0.0,2025-06-01,lead_week,6,0.7504639265690519,1214093,302960
exp_h7_s0_d0.0,2025-06-01,lead_week,7,0.6941298990597415,1174358,359201
exp_h7_s0_d0.0,2025-06-01,lead_week,8,0.6814917395070749,1164761,370986
exp_h7_s0_d0.0,2025-06-01,lead_week,9,0.697849475904904,873601,263959
exp_h7_s0_d0.5,2025-06-01,route,1,0.8191754702728993,929354,168050
exp_h7_s0_d0.5,2025-06-01,route,5,,0,0
exp_h7_s0_d0.5,2025-06-01,route,7,0.5212763820345316,1045361,500439
exp_h7_s0_d0.5,2025-06-01,route,11,0.8636578189283329,1686382,229925
exp_h7_s0_d0.5,2025-06-01,route,12,0.8362264654443105,1738773,284765
exp_h7_s0_d0.5,2025-06-01,route,17,0.8737315339464252,2674096,337654
exp_h7_s0_d0.5,2025-06-01,route,25,0.7099184165075902,352032,102118
exp_h7_s0_d0.5,2025-06-01,route,26,0.7594115216054129,832384,200262
exp_h7_s0_d0.5,2025-06-01,route,28,0.7219682854026159,486779,135340
exp_h7_s0_d0.5,2025-06-01,route,50,0.8150393182105655,1217502,225190
exp_h7_s0_d0.5,2025-06-01,month,6,0.8722470457626633,5554987,709666
exp_h7_s0_d0.5,2025-06-01,month,7,0.727410259046585,5407676,1474077
exp_h7_s0_d0.5,2025-06-01,lead_week,1,0.9114275940816828,1452913,128688
exp_h7_s0_d0.5,2025-06-01,lead_week,2,0.8457435832314799,1133982,174924
exp_h7_s0_d0.5,2025-06-01,lead_week,3,0.8706289732758044,1328721,171898
exp_h7_s0_d0.5,2025-06-01,lead_week,4,0.8693073795500621,1332317,174124
exp_h7_s0_d0.5,2025-06-01,lead_week,5,0.8360950278628203,1287917,211096
exp_h7_s0_d0.5,2025-06-01,lead_week,6,0.744052556105669,1214093,310744
exp_h7_s0_d0.5,2025-06-01,lead_week,7,0.6884910734205413,1174358,365823
exp_h7_s0_d0.5,2025-06-01,lead_week,8,0.6741202701670128,1164761,379572
exp_h7_s0_d0.5,2025-06-01,lead_week,9,0.694512712325192,873601,266874
exp_h7_s0_d1.0,2025-06-01,route,1,0.8124320764746265,929354,174317
exp_h7_s0_d1.0,2025-06-01,route,5,,0,0
exp_h7_s0_d1.0,2025-06-01,route,7,0.5094201907283704,1045361,512833
exp_h7_s0_d1.0,2025-06-01,route,11,0.8610913778728663,1686382,234253
exp_h7_s0_d1.0,2025-06-01,route,12,0.8288735792423738,1738773,297550
exp_h7_s0_d1.0,2025-06-01,route,17,0.8685761468548623,2674096,351440
exp_h7_s0_d1.0,2025-06-01,route,25,0.7062596582128897,352032,103406
exp_h7_s0_d1.0,2025-06-01,route,26,0.753289347224358,832384,205358
exp_h7_s0_d1.0,2025-06-01,route,28,0.7161607218059941,486779,138167
exp_h7_s0_d1.0,2025-06-01,route,50,0.8083485694479352,1217502,233336
exp_h7_s0_d1.0,2025-06-01,month,6,0.867468636740284,5554987,736210
exp_h7_s0_d1.0,2025-06-01,month,7,0.7199443901594695,5407676,1514450
exp_h7_s0_d1.0,2025-06-01,lead_week,1,0.908501747867904,1452913,132939
exp_h7_s0_d1.0,2025-06-01,lead_week,2,0.8446677284119148,1133982,176144
exp_h7_s0_d1.0,2025-06-01,lead_week,3,0.8639511229219679,1328721,180771
exp_h7_s0_d1.0,2025-06-01,lead_week,4,0.8626970908575061,1332317,182931
exp_h7_s0_d1.0,2025-06-01,lead_week,5,0.8277862626240666,1287917,221797
exp_h7_s0_d1.0,2025-06-01,lead_week,6,0.7357080553137199,1214093,320875
exp_h7_s0_d1.0,2025-06-01,lead_week,7,0.6812522246197497,1174358,374324
exp_h7_s0_d1.0,2025-06-01,lead_week,8,0.6654824466135112,1164761,389633
exp_h7_s0_d1.0,2025-06-01,lead_week,9,0.6895081392992911,873601,271246
exp_h14_s0_d0.0,2025-06-01,route,1,0.8270196286883147,929354,160760
exp_h14_s0_d0.0,2025-06-01,route,5,,0,0
exp_h14_s0_d0.0,2025-06-01,route,7,0.5459673739502431,1045361,474628
exp_h14_s0_d0.0,2025-06-01,route,11,0.8645650866766842,1686382,228395
exp_h14_s0_d0.0,2025-06-01,route,12,0.8507878831796905,1738773,259446
exp_h14_s0_d0.0,2025-06-01,route,17,0.8832278272732168,2674096,312260
exp_h14_s0_d0.0,2025-06-01,route,25,0.7268941459867284,352032,96142
exp_h14_s0_d0.0,2025-06-01,route,26,0.7620677475780409,832384,198051
exp_h14_s0_d0.0,2025-06-01,route,28,0.7418089112307639,486779,125682
exp_h14_s0_d0.0,2025-06-01,route,50,0.821016310445486,1217502,217913
exp_h14_s0_d0.0,2025-06-01,month,6,0.8761584860594633,5554987,687938
exp_h14_s0_d0.0,2025-06-01,month,7,0.7438198960144802,5407676,1385339
exp_h14_s0_d0.0,2025-06-01,lead_week,1,0.9044037736602261,1452913,138893
exp_h14_s0_d0.0,2025-06-01,lead_week,2,0.8462868017305389,1133982,174308
exp_h14_s0_d0.0,2025-06-01,lead_week,3,0.8818600744625847,1328721,156975
exp_h14_s0_d0.0,2025-06-01,lead_week,4,0.8780237736214429,1332317,162511
exp_h14_s0_d0.0,2025-06-01,lead_week,5,0.8491292528944023,1287917,194309
exp_h14_s0_d0.0,2025-06-01,lead_week,6,0.7604952833102572,1214093,290781
exp_h14_s0_d0.0,2025-06-01,lead_week,7,0.7068577043797547,1174358,344254
exp_h14_s0_d0.0,2025-06-01,lead_week,8,0.6959573680780864,1164761,354137
exp_h14_s0_d0.0,2025-06-01,lead_week,9,0.7056905841453935,873601,257109
exp_h14_s0_d0.5,2025-06-01,route,1,0.8181597109389963,929354,168994
exp_h14_s0_d0.5,2025-06-01,route,5,,0,0
exp_h14_s0_d0.5,2025-06-01,route,7,0.530973510586295,1045361,490302
exp_h14_s0_d0.5,2025-06-01,route,11,0.862825267347493,1686382,231329
exp_h14_s0_d0.5,2025-06-01,route,12,0.8451735792998856,1738773,269208
exp_h14_s0_d0.5,2025-06-01,route,17,0.8802324224709959,2674096,320270
exp_h14_s0_d0.5,2025-06-01,route,25,0.7222155940369057,352032,97789
exp_h14_s0_d0.5,2025-06-01,route,26,0.7498041769183454,832384,208259
exp_h14_s0_d0.5,2025-06-01,route,28,0.7325603610673427,486779,130184
exp_h14_s0_d0.5,2025-06-01,route,50,0.817468883007995,1217502,222232
exp_h14_s0_d0.5,2025-06-01,month,6,0.8748229293785926,5554987,695357
exp_h14_s0_d0.5,2025-06-01,month,7,0.7331182563452396,5407676,1443210
exp_h14_s0_d0.5,2025-06-01,lead_week,1,0.909094350453193,1452913,132078
exp_h14_s0_d0.5,2025-06-01,lead_week,2,0.8475919370854211,1133982,172828
exp_h14_s0_d0.5,2025-06-01,lead_week,3,0.8759212806902277,1328721,164866
exp_h14_s0_d0.5,2025-06-01,lead_week,4,0.8738648534845685,1332317,168052
exp_h14_s0_d0.5,2025-06-01,lead_week,5,0.8412537453888721,1287917,204452
exp_h14_s0_d0.5,2025-06-01,lead_week,6,0.7482762852598607,1214093,305616
exp_h14_s0_d0.5,2025-06-01,lead_week,7,0.6961054465503704,1174358,356881
exp_h14_s0_d0.5,2025-06-01,lead_week,8,0.6825151254205799,1164761,369794
exp_h14_s0_d0.5,2025-06-01,lead_week,9,0.6978025437241945,873601,264000
exp_h14_s0_d1.0,2025-06-01,route,1,0.8038766713222303,929354,182268
exp_h14_s0_d1.0,2025-06-01,route,5,,0,0
exp_h14_s0_d1.0,2025-06-01,route,7,0.5114702002466134,1045361,510690
exp_h14_s0_d1.0,2025-06-01,route,11,0.8556412485427383,1686382,243444
exp_h14_s0_d1.0,2025-06-01,route,12,0.8332502287532645,1738773,289940
exp_h14_s0_d1.0,2025-06-01,route,17,0.8714933944031927,2674096,343639
exp_h14_s0_d1.0,2025-06-01,route,25,0.7132107308426507,352032,100959
exp_h14_s0_d1.0,2025-06-01,route,26,0.7348807761802245,832384,220681
exp_h14_s0_d1.0,2025-06-01,route,28,0.719435308425384,486779,136573
exp_h14_s0_d1.0,2025-06-01,route,50,0.8071797828668865,1217502,234759
exp_h14_s0_d1.0,2025-06-01,month,6,0.866560263777395,5554987,741256
exp_h14_s0_d1.0,2025-06-01,month,7,0.7186042580953445,5407676,1521697
exp_h14_s0_d1.0,2025-06-01,lead_week,1,0.9044409403728922,1452913,138839
exp_h14_s0_d1.0,2025-06-01,lead_week,2,0.846180979945008,1133982,174428
exp_h14_s0_d1.0,2025-06-01,lead_week,3,0.8624609681039135,1328721,182751
exp_h14_s0_d1.0,2025-06-01,lead_week,4,0.8613415576022824,1332317,184737
exp_h14_s0_d1.0,2025-06-01,lead_week,5,0.8260780780127912,1287917,223997
exp_h14_s0_d1.0,2025-06-01,lead_week,6,0.7329257313896053,1214093,324253
exp_h14_s0_d1.0,2025-06-01,lead_week,7,0.6820713956050881,1174358,373362
exp_h14_s0_d1.0,2025-06-01,lead_week,8,0.6666638048492352,1164761,388257
exp_h14_s0_d1.0,2025-06-01,lead_week,9,0.6882684429161596,873601,272329
exp_h28_s0_d0.0,2025-06-01,route,1,0.8263471185361014,929354,161385
exp_h28_s0_d0.0,2025-06-01,route,5,,0,0
exp_h28_s0_d0.0,2025-06-01,route,7,0.5454431531308324,1045361,475176
exp_h28_s0_d0.0,2025-06-01,route,11,0.8612348803533245,1686382,234011
exp_h28_s0_d0.0,2025-06-01,route,12,0.8509236110751662,1738773,259210
exp_h28_s0_d0.0,2025-06-01,route,17,0.8819881559973912,2674096,315575
exp_h28_s0_d0.0,2025-06-01,route,25,0.7341065584946823,352032,93603
exp_h28_s0_d0.0,2025-06-01,route,26,0.7387936337075196,832384,217424
exp_h28_s0_d0.0,2025-06-01,route,28,0.7444302239825464,486779,124406
exp_h28_s0_d0.0,2025-06-01,route,50,0.8194869495080912,1217502,219775
exp_h28_s0_d0.0,2025-06-01,month,6,0.8733023137587901,5554987,703804
exp_h28_s0_d0.0,2025-06-01,month,7,0.7417077132579688,5407676,1396761
exp_h28_s0_d0.0,2025-06-01,lead_week,1,0.900797914259147,1452913,144132
exp_h28_s0_d0.0,2025-06-01,lead_week,2,0.8436324386101367,1133982,177318
exp_h28_s0_d0.0,2025-06-01,lead_week,3,0.8794630324951589,1328721,160160
exp_h28_s0_d0.0,2025-06-01,lead_week,4,0.8751393249504434,1332317,166354
exp_h28_s0_d0.0,2025-06-01,lead_week,5,0.8462928899921346,1287917,197962
exp_h28_s0_d0.0,2025-06-01,lead_week,6,0.7572162923268646,1214093,294762
exp_h28_s0_d0.0,2025-06-01,lead_week,7,0.7058196904180838,1174358,345473
exp_h28_s0_d0.0,2025-06-01,lead_week,8,0.6938444882684087,1164761,356598
exp_h28_s0_d0.0,2025-06-01,lead_week,9,0.7048927370733321,873601,257806
exp_h28_s0_d0.5,2025-06-01,route,1,0.8154481500052725,929354,171514
exp_h28_s0_d0.5,2025-06-01,route,5,,0,0
exp_h28_s0_d0.5,2025-06-01,route,7,0.5270514205140617,1045361,494402
exp_h28_s0_d0.5,2025-06-01,route,11,0.8565734216802598,1686382,241872
exp_h28_s0_d0.5,2025-06-01,route,12,0.8455347535302193,1738773,268580
exp_h28_s0_d0.5,2025-06-01,route,17,0.878914219983127,2674096,323795
exp_h28_s0_d0.5,2025-06-01,route,25,0.7274793200618126,352032,95936
exp_h28_s0_d0.5,2025-06-01,route,26,0.723094148854375,832384,230492
exp_h28_s0_d0.5,2025-06-01,route,28,0.7322748105403067,486779,130323
exp_h28_s0_d0.5,2025-06-01,route,50,0.8145111876612934,1217502,225833
exp_h28_s0_d0.5,2025-06-01,month,6,0.8704292197263468,5554987,719764
exp_h28_s0_d0.5,2025-06-01,month,7,0.7294617872816345,5407676,1462983
exp_h28_s0_d0.5,2025-06-01,lead_week,1,0.9039791095543918,1452913,139510
exp_h28_s0_d0.5,2025-06-01,lead_week,2,0.8436871131993277,1133982,177256
exp_h28_s0_d0.5,2025-06-01,lead_week,3,0.8713153476162415,1328721,170986
exp_h28_s0_d0.5,2025-06-01,lead_week,4,0.8691617685580834,1332317,174318
exp_h28_s0_d0.5,2025-06-01,lead_week,5,0.8368435233015792,1287917,210132
exp_h28_s0_d0.5,2025-06-01,lead_week,6,0.7438169893080678,1214093,311030
exp_h28_s0_d0.5,2025-06-01,lead_week,7,0.6937824751907,1174358,359609
exp_h28_s0_d0.5,2025-06-01,lead_week,8,0.6794518360419004,1164761,373362
exp_h28_s0_d0.5,2025-06-01,lead_week,9,0.6948904591455367,873601,266544
exp_h28_s0_d1.0,2025-06-01,route,1,0.7990378262750255,929354,186765
exp_h28_s0_d1.0,2025-06-01,route,5,,0,0
exp_h28_s0_d1.0,2025-06-01,route,7,0.5060127554022007,1045361,516395
exp_h28_s0_d1.0,2025-06-01,route,11,0.847315732734339,1686382,257484
exp_h28_s0_d1.0,2025-06-01,route,12,0.833662013385301,1738773,289224
exp_h28_s0_d1.0,2025-06-01,route,17,0.8697645858637835,2674096,348262
exp_h28_s0_d1.0,2025-06-01,route,25,0.7170427688391965,352032,99610
exp_h28_s0_d1.0,2025-06-01,route,26,0.7047108065508227,832384,245794
exp_h28_s0_d1.0,2025-06-01,route,28,0.7168324845566468,486779,137840
exp_h28_s0_d1.0,2025-06-01,route,50,0.8028750671456802,1217502,240000
exp_h28_s0_d1.0,2025-06-01,month,6,0.8612601613649141,5554987,770698
exp_h28_s0_d1.0,2025-06-01,month,7,0.7132453941397376,5407676,1550676
exp_h28_s0_d1.0,2025-06-01,lead_week,1,0.8979106113029479,1452913,148327
exp_h28_s0_d1.0,2025-06-01,lead_week,2,0.8419586907023215,1133982,179216
exp_h28_s0_d1.0,2025-06-01,lead_week,3,0.8568299891399322,1328721,190233
exp_h28_s0_d1.0,2025-06-01,lead_week,4,0.8555681568275417,1332317,192429
exp_h28_s0_d1.0,2025-06-01,lead_week,5,0.8201134079292377,1287917,231679
exp_h28_s0_d1.0,2025-06-01,lead_week,6,0.7270563292927312,1214093,331379
exp_h28_s0_d1.0,2025-06-01,lead_week,7,0.6781526587292801,1174358,377964
exp_h28_s0_d1.0,2025-06-01,lead_week,8,0.6619263522731273,1164761,393775
exp_h28_s0_d1.0,2025-06-01,lead_week,9,0.6836404720232692,873601,276372
exp_h56_s0_d0.0,2025-06-01,route,1,0.8302874900199493,929354,157723
exp_h56_s0_d0.0,2025-06-01,route,5,,0,0
exp_h56_s0_d0.0,2025-06-01,route,7,0.551912688535348,1045361,468413
exp_h56_s0_d0.0,2025-06-01,route,11,0.8585154490500966,1686382,238597
exp_h56_s0_d0.0,2025-06-01,route,12,0.8504980236063017,1738773,259950
exp_h56_s0_d0.0,2025-06-01,route,17,0.8823916568440325,2674096,314496
exp_h56_s0_d0.0,2025-06-01,route,25,0.7436965957640215,352032,90227
exp_h56_s0_d0.0,2025-06-01,route,26,0.7317283849761649,832384,223305
exp_h56_s0_d0.0,2025-06-01,route,28,0.746881028146243,486779,123213
exp_h56_s0_d0.0,2025-06-01,route,50,0.8195805838511969,1217502,219661
exp_h56_s0_d0.0,2025-06-01,month,6,0.8736686512497689,5554987,701769
exp_h56_s0_d0.0,2025-06-01,month,7,0.7422523094948736,5407676,1393816
exp_h56_s0_d0.0,2025-06-01,lead_week,1,0.9014084119283123,1452913,143245
exp_h56_s0_d0.0,2025-06-01,lead_week,2,0.8431368399145666,1133982,177880
exp_h56_s0_d0.0,2025-06-01,lead_week,3,0.8798220243376902,1328721,159683
exp_h56_s0_d0.0,2025-06-01,lead_week,4,0.8753832608906139,1332317,166029
exp_h56_s0_d0.0,2025-06-01,lead_week,5,0.8481649050365823,1287917,195551
exp_h56_s0_d0.0,2025-06-01,lead_week,6,0.7572895980785657,1214093,294673
exp_h56_s0_d0.0,2025-06-01,lead_week,7,0.7061918086307583,1174358,345036
exp_h56_s0_d0.0,2025-06-01,lead_week,8,0.6924751086274352,1164761,358193
exp_h56_s0_d0.0,2025-06-01,lead_week,9,0.7077670469699554,873601,255295
exp_h56_s0_d0.5,2025-06-01,route,1,0.8168824796579129,929354,170181
exp_h56_s0_d0.5,2025-06-01,route,5,,0,0
exp_h56_s0_d0.5,2025-06-01,route,7,0.5331086581573256,1045361,488070
exp_h56_s0_d0.5,2025-06-01,route,11,0.8511588714775181,1686382,251003
exp_h56_s0_d0.5,2025-06-01,route,12,0.843185970796648,1738773,272664
exp_h56_s0_d0.5,2025-06-01,route,17,0.8774860737983976,2674096,327614
exp_h56_s0_d0.5,2025-06-01,route,25,0.7358052677029361,352032,93005
exp_h56_s0_d0.5,2025-06-01,route,26,0.7138568256958326,832384,238181
exp_h56_s0_d0.5,2025-06-01,route,28,0.7330718868316012,486779,129935
exp_h56_s0_d0.5,2025-06-01,route,50,0.8123091378905333,1217502,228514
exp_h56_s0_d0.5,2025-06-01,month,6,0.8687507279494984,5554987,729088
exp_h56_s0_d0.5,2025-06-01,month,7,0.7281495784880603,5407676,1470079
exp_h56_s0_d0.5,2025-06-01,lead_week,1,0.9019803663398979,1452913,142414
exp_h56_s0_d0.5,2025-06-01,lead_week,2,0.8418907883899391,1133982,179293
exp_h56_s0_d0.5,2025-06-01,lead_week,3,0.8697363855918586,1328721,173084
exp_h56_s0_d0.5,2025-06-01,lead_week,4,0.8672102810367203,1332317,176918
exp_h56_s0_d0.5,2025-06-01,lead_week,5,0.8355779137941343,1287917,211762
exp_h56_s0_d0.5,2025-06-01,lead_week,6,0.7424497134898232,1214093,312690
exp_h56_s0_d0.5,2025-06-01,lead_week,7,0.6926925179544909,1174358,360889
exp_h56_s0_d0.5,2025-06-01,lead_week,8,0.6773003216968975,1164761,375868
exp_h56_s0_d0.5,2025-06-01,lead_week,9,0.6952281419091781,873601,266249
exp_h56_s0_d1.0,2025-06-01,route,1,0.7992153689552097,929354,186600
exp_h56_s0_d1.0,2025-06-01,route,5,,0,0
exp_h56_s0_d1.0,2025-06-01,route,7,0.5118145788871021,1045361,510330
exp_h56_s0_d1.0,2025-06-01,route,11,0.8401880475479458,1686382,269504
exp_h56_s0_d1.0,2025-06-01,route,12,0.8311452961369885,1738773,293600
exp_h56_s0_d1.0,2025-06-01,route,17,0.8677747545338687,2674096,353583
exp_h56_s0_d1.0,2025-06-01,route,25,0.7244739114625943,352032,96994
exp_h56_s0_d1.0,2025-06-01,route,26,0.6940294383361525,832384,254685
exp_h56_s0_d1.0,2025-06-01,route,28,0.7164216204889693,486779,138040
exp_h56_s0_d1.0,2025-06-01,route,50,0.7993029990915825,1217502,244349
exp_h56_s0_d1.0,2025-06-01,month,6,0.8587733868684121,5554987,784512
exp_h56_s0_d1.0,2025-06-01,month,7,0.710934419887582,5407676,1563173
exp_h56_s0_d1.0,2025-06-01,lead_week,1,0.894565607162989,1452913,153187
exp_h56_s0_d1.0,2025-06-01,lead_week,2,0.8389180780647312,1133982,182664
exp_h56_s0_d1.0,2025-06-01,lead_week,3,0.8548897774626878,1328721,192811
exp_h56_s0_d1.0,2025-06-01,lead_week,4,0.853359973639907,1332317,195371
exp_h56_s0_d1.0,2025-06-01,lead_week,5,0.8180930914026292,1287917,234281
exp_h56_s0_d1.0,2025-06-01,lead_week,6,0.7249708218398425,1214093,333911
exp_h56_s0_d1.0,2025-06-01,lead_week,7,0.6761362378422935,1174358,380332
exp_h56_s0_d1.0,2025-06-01,lead_week,8,0.6591652708152145,1164761,396991
exp_h56_s0_d1.0,2025-06-01,lead_week,9,0.6816200988780919,873601,278137
exp_h112_s0_d0.0,2025-06-01,route,1,0.8350779143361948,929354,153271
exp_h112_s0_d0.0,2025-06-01,route,5,,0,0
exp_h112_s0_d0.0,2025-06-01,route,7,0.5614347579448631,1045361,458459
exp_h112_s0_d0.0,2025-06-01,route,11,0.857786076938677,1686382,239827
exp_h112_s0_d0.0,2025-06-01,route,12,0.8505664626722407,1738773,259831
exp_h112_s0_d0.0,2025-06-01,route,17,0.8827184962693935,2674096,313622
exp_h112_s0_d0.0,2025-06-01,route,25,0.7521503726933916,352032,87251
exp_h112_s0_d0.0,2025-06-01,route,26,0.7361434145778871,832384,219630
exp_h112_s0_d0.0,2025-06-01,route,28,0.7510800589179073,486779,121169
exp_h112_s0_d0.0,2025-06-01,route,50,0.8207690829255312,1217502,218214
exp_h112_s0_d0.0,2025-06-01,month,6,0.8749467820536754,5554987,694669
exp_h112_s0_d0.0,2025-06-01,month,7,0.7454350075707199,5407676,1376605
exp_h112_s0_d0.0,2025-06-01,lead_week,1,0.9015729090454832,1452913,143006
exp_h112_s0_d0.0,2025-06-01,lead_week,2,0.8432408980036721,1133982,177762
exp_h112_s0_d0.0,2025-06-01,lead_week,3,0.8822130454775683,1328721,156506
exp_h112_s0_d0.0,2025-06-01,lead_week,4,0.877197393713358,1332317,163612
exp_h112_s0_d0.0,2025-06-01,lead_week,5,0.8516519309862359,1287917,191060
exp_h112_s0_d0.0,2025-06-01,lead_week,6,0.760453276643552,1214093,290832
exp_h112_s0_d0.0,2025-06-01,lead_week,7,0.7090350642649005,1174358,341697
exp_h112_s0_d0.0,2025-06-01,lead_week,8,0.6945364757233459,1164761,355792
exp_h112_s0_d0.0,2025-06-01,lead_week,9,0.7126754662597685,873601,251007
exp_h112_s0_d0.5,2025-06-01,route,1,0.819940517822057,929354,167339
exp_h112_s0_d0.5,2025-06-01,route,5,,0,0
exp_h112_s0_d0.5,2025-06-01,route,7,0.5417037750595248,1045361,479085
exp_h112_s0_d0.5,2025-06-01,route,11,0.8486701115168449,1686382,255200
exp_h112_s0_d0.5,2025-06-01,route,12,0.8417671541943658,1738773,275131
exp_h112_s0_d0.5,2025-06-01,route,17,0.8766214825496168,2674096,329926
exp_h112_s0_d0.5,2025-06-01,route,25,0.7429807517498409,352032,90479
exp_h112_s0_d0.5,2025-06-01,route,26,0.716237938259265,832384,236199
exp_h112_s0_d0.5,2025-06-01,route,28,0.7355699403630807,486779,128719
exp_h112_s0_d0.5,2025-06-01,route,50,0.8120183786145732,1217502,228868
exp_h112_s0_d0.5,2025-06-01,month,6,0.8689141846776599,5554987,728180
exp_h112_s0_d0.5,2025-06-01,month,7,0.7295019154254063,5407676,1462766
exp_h112_s0_d0.5,2025-06-01,lead_week,1,0.9011957357391668,1452913,143554
exp_h112_s0_d0.5,2025-06-01,lead_week,2,0.8412373388642853,1133982,180034
exp_h112_s0_d0.5,2025-06-01,lead_week,3,0.8707945460333659,1328721,171678
exp_h112_s0_d0.5,2025-06-01,lead_week,4,0.8676786380418474,1332317,176294
exp_h112_s0_d0.5,2025-06-01,lead_week,5,0.8371587610071146,1287917,209726
exp_h112_s0_d0.5,2025-06-01,lead_week,6,0.7440064311383066,1214093,310800
exp_h112_s0_d0.5,2025-06-01,lead_week,7,0.693930641252497,1174358,359435
exp_h112_s0_d0.5,2025-06-01,lead_week,8,0.6777914095681432,1164761,375296
exp_h112_s0_d0.5,2025-06-01,lead_week,9,0.6976548790580597,873601,264129
exp_h112_s0_d1.0,2025-06-01,route,1,0.8004635477977176,929354,185440
exp_h112_s0_d1.0,2025-06-01,route,5,,0,0
exp_h112_s0_d1.0,2025-06-01,route,7,0.519658759031569,1045361,502130
exp_h112_s0_d1.0,2025-06-01,route,11,0.8361972554261135,1686382,276234
exp_h112_s0_d1.0,2025-06-01,route,12,0.8289552460269397,1738773,297408
exp_h112_s0_d1.0,2025-06-01,route,17,0.8661607511473036,2674096,357899
exp_h112_s0_d1.0,2025-06-01,route,25,0.730697777474775,352032,94803
exp_h112_s0_d1.0,2025-06-01,route,26,0.6946649623250807,832384,254156
exp_h112_s0_d1.0,2025-06-01,route,28,0.7176459954106484,486779,137444
exp_h112_s0_d1.0,2025-06-01,route,50,0.797496020540418,1217502,246549
exp_h112_s0_d1.0,2025-06-01,month,6,0.8581400820559977,5554987,788030
exp_h112_s0_d1.0,2025-06-01,month,7,0.7107753866910665,5407676,1564033
exp_h112_s0_d1.0,2025-06-01,lead_week,1,0.8930631083898348,1452913,155370
exp_h112_s0_d1.0,2025-06-01,lead_week,2,0.8372751948443626,1133982,184527
exp_h112_s0_d1.0,2025-06-01,lead_week,3,0.855209633926159,1328721,192386
exp_h112_s0_d1.0,2025-06-01,lead_week,4,0.8531850903351079,1332317,195604
exp_h112_s0_d1.0,2025-06-01,lead_week,5,0.8183966823949058,1287917,233890
exp_h112_s0_d1.0,2025-06-01,lead_week,6,0.7250490695523325,1214093,333816
exp_h112_s0_d1.0,2025-06-01,lead_week,7,0.6759378315641398,1174358,380565
exp_h112_s0_d1.0,2025-06-01,lead_week,8,0.6585496938856985,1164761,397708
exp_h112_s0_d1.0,2025-06-01,lead_week,9,0.6815514176380293,873601,278197
mean_s0_d0.0,2025-06-01,route,1,0.8422527906481276,929354,146603
mean_s0_d0.0,2025-06-01,route,5,,0,0
mean_s0_d0.0,2025-06-01,route,7,0.5751018069355944,1045361,444172
mean_s0_d0.0,2025-06-01,route,11,0.8581033241578717,1686382,239292
mean_s0_d0.0,2025-06-01,route,12,0.8512243978943772,1738773,258687
mean_s0_d0.0,2025-06-01,route,17,0.881647106162232,2674096,316487
mean_s0_d0.0,2025-06-01,route,25,0.7632345923097901,352032,83349
mean_s0_d0.0,2025-06-01,route,26,0.7483865619713979,832384,209439
mean_s0_d0.0,2025-06-01,route,28,0.7582188220938044,486779,117694
mean_s0_d0.0,2025-06-01,route,50,0.8231813992913359,1217502,215277
mean_s0_d0.0,2025-06-01,month,6,0.876294760005739,5554987,687181
mean_s0_d0.0,2025-06-01,month,7,0.7514978708043899,5407676,1343819
mean_s0_d0.0,2025-06-01,lead_week,1,0.9001509381497722,1452913,145072
mean_s0_d0.0,2025-06-01,lead_week,2,0.8432594168161399,1133982,177741
mean_s0_d0.0,2025-06-01,lead_week,3,0.8856599692486233,1328721,151926
mean_s0_d0.0,2025-06-01,lead_week,4,0.8795752062009267,1332317,160444
mean_s0_d0.0,2025-06-01,lead_week,5,0.8569845727636175,1287917,184192
mean_s0_d0.0,2025-06-01,lead_week,6,0.766683441878011,1214093,283268
mean_s0_d0.0,2025-06-01,lead_week,7,0.7148816630022532,1174358,334831
mean_s0_d0.0,2025-06-01,lead_week,8,0.6999144030406238,1164761,349528
mean_s0_d0.0,2025-06-01,lead_week,9,0.7206985797864243,873601,243998
mean_s0_d0.5,2025-06-01,route,1,0.8248202514865164,929354,162804
mean_s0_d0.5,2025-06-01,route,5,,0,0
mean_s0_d0.5,2025-06-01,route,7,0.5543482108094715,1045361,465867
mean_s0_d0.5,2025-06-01,route,11,0.8471728232393372,1686382,257725
mean_s0_d0.5,2025-06-01,route,12,0.8408032560892077,1738773,276807
mean_s0_d0.5,2025-06-01,route,17,0.8750078531212043,2674096,334241
mean_s0_d0.5,2025-06-01,route,25,0.7520623125170439,352032,87282
mean_s0_d0.5,2025-06-01,route,26,0.7252986602337383,832384,228657
mean_s0_d0.5,2025-06-01,route,28,0.740325691946448,486779,126404
mean_s0_d0.5,2025-06-01,route,50,0.812809342407651,1217502,227905
mean_s0_d0.5,2025-06-01,month,6,0.8696855636205809,5554987,723895
mean_s0_d0.5,2025-06-01,month,7,0.7330097069425017,5407676,1443797
mean_s0_d0.5,2025-06-01,lead_week,1,0.8996856659689878,1452913,145748
mean_s0_d0.5,2025-06-01,lead_week,2,0.8409207553559052,1133982,180393
mean_s0_d0.5,2025-06-01,lead_week,3,0.873392533120196,1328721,168226
mean_s0_d0.5,2025-06-01,lead_week,4,0.8692818600978596,1332317,174158
mean_s0_d0.5,2025-06-01,lead_week,5,0.8404819565235959,1287917,205446
mean_s0_d0.5,2025-06-01,lead_week,6,0.7478842230372797,1214093,306092
mean_s0_d0.5,2025-06-01,lead_week,7,0.6973043995102004,1174358,355473
mean_s0_d0.5,2025-06-01,lead_week,8,0.6804958270409123,1164761,372146
mean_s0_d0.5,2025-06-01,lead_week,9,0.702369846188363,873601,260010
mean_s0_d1.0,2025-06-01,route,1,0.802315371752852,929354,183719
mean_s0_d1.0,2025-06-01,route,5,,0,0
mean_s0_d1.0,2025-06-01,route,7,0.5307927118000384,1045361,490491
mean_s0_d1.0,2025-06-01,route,11,0.8323594535520422,1686382,282706
mean_s0_d1.0,2025-06-01,route,12,0.8262027303161482,1738773,302194
mean_s0_d1.0,2025-06-01,route,17,0.8637274054484207,2674096,364406
mean_s0_d1.0,2025-06-01,route,25,0.7377624761385329,352032,92316
mean_s0_d1.0,2025-06-01,route,26,0.7005156274027372,832384,249286
mean_s0_d1.0,2025-06-01,route,28,0.7197886515235867,486779,136401
mean_s0_d1.0,2025-06-01,route,50,0.7962171725385256,1217502,248106
mean_s0_d1.0,2025-06-01,month,6,0.8577359406961709,5554987,790275
mean_s0_d1.0,2025-06-01,month,7,0.7116413779227897,5407676,1559350
mean_s0_d1.0,2025-06-01,lead_week,1,0.8911972017594997,1452913,158081
mean_s0_d1.0,2025-06-01,lead_week,2,0.8357257875345464,1133982,186284
mean_s0_d1.0,2025-06-01,lead_week,3,0.8563182187983783,1328721,190913
mean_s0_d1.0,2025-06-01,lead_week,4,0.8532654015523333,1332317,195497
mean_s0_d1.0,2025-06-01,lead_week,5,0.8197205254686444,1287917,232185
mean_s0_d1.0,2025-06-01,lead_week,6,0.7262754994880952,1214093,332327
mean_s0_d1.0,2025-06-01,lead_week,7,0.6767833999512926,1174358,379572
mean_s0_d1.0,2025-06-01,lead_week,8,0.6588596287135301,1164761,397347
mean_s0_d1.0,2025-06-01,lead_week,9,0.6824419843841754,873601,277419
median_s0_d0.0,2025-06-01,route,1,0.8088284980750069,929354,177666
median_s0_d0.0,2025-06-01,route,5,,0,0
median_s0_d0.0,2025-06-01,route,7,0.5569071354297702,1045361,463192
median_s0_d0.0,2025-06-01,route,11,0.8332625704021983,1686382,281183
median_s0_d0.0,2025-06-01,route,12,0.8220388745396898,1738773,309434
median_s0_d0.0,2025-06-01,route,17,0.8489986896506333,2674096,403792
median_s0_d0.0,2025-06-01,route,25,0.7463980547222979,352032,89276
median_s0_d0.0,2025-06-01,route,26,0.7210338017069045,832384,232207
median_s0_d0.0,2025-06-01,route,28,0.7331889830908893,486779,129878
median_s0_d0.0,2025-06-01,route,50,0.8016397508997932,1217502,241504
median_s0_d0.0,2025-06-01,month,6,0.8579998477044141,5554987,788809
median_s0_d0.0,2025-06-01,month,7,0.7153448172560635,5407676,1539323
median_s0_d0.0,2025-06-01,lead_week,1,0.8949214440231452,1452913,152670
median_s0_d0.0,2025-06-01,lead_week,2,0.832553779513255,1133982,189881
median_s0_d0.0,2025-06-01,lead_week,3,0.856177481954451,1328721,191100
median_s0_d0.0,2025-06-01,lead_week,4,0.8524615388079564,1332317,196568
median_s0_d0.0,2025-06-01,lead_week,5,0.8254406145737653,1287917,224818
median_s0_d0.0,2025-06-01,lead_week,6,0.7296253252427944,1214093,328260
median_s0_d0.0,2025-06-01,lead_week,7,0.6785775717455835,1174358,377465
median_s0_d0.0,2025-06-01,lead_week,8,0.6616490421640148,1164761,394098
median_s0_d0.0,2025-06-01,lead_week,9,0.6871890027598412,873601,273272
median_s0_d0.5,2025-06-01,route,1,0.8050463009789596,929354,181181
median_s0_d0.5,2025-06-01,route,5,,0,0
median_s0_d0.5,2025-06-01,route,7,0.5535800551197146,1045361,466670
median_s0_d0.5,2025-06-01,route,11,0.8309428112966102,1686382,285095
median_s0_d0.5,2025-06-01,route,12,0.819223670944971,1738773,314329
median_s0_d0.5,2025-06-01,route,17,0.8493685342635418,2674096,402803
median_s0_d0.5,2025-06-01,route,25,0.74779565494046,352032,88784
median_s0_d0.5,2025-06-01,route,26,0.7176663655236044,832384,235010
median_s0_d0.5,2025-06-01,route,28,0.7306991468407635,486779,131090
median_s0_d0.5,2025-06-01,route,50,0.7998327723486286,1217502,243704
median_s0_d0.5,2025-06-01,month,6,0.8572990359833426,5554987,792702
median_s0_d0.5,2025-06-01,month,7,0.7122675249034891,5407676,1555964
median_s0_d0.5,2025-06-01,lead_week,1,0.8944093693152997,1452913,153414
median_s0_d0.5,2025-06-01,lead_week,2,0.8327821782003595,1133982,189622
median_s0_d0.5,2025-06-01,lead_week,3,0.8550892173752052,1328721,192546
median_s0_d0.5,2025-06-01,lead_week,4,0.8519676623506267,1332317,197226
median_s0_d0.5,2025-06-01,lead_week,5,0.8220366685120237,1287917,229202
median_s0_d0.5,2025-06-01,lead_week,6,0.7265761354360827,1214093,331962
median_s0_d0.5,2025-06-01,lead_week,7,0.6756687483714506,1174358,380881
median_s0_d0.5,2025-06-01,lead_week,8,0.6583333404878768,1164761,397960
median_s0_d0.5,2025-06-01,lead_week,9,0.6842345647498114,873601,275853
median_s0_d1.0,2025-06-01,route,1,0.7998330022790023,929354,186026
median_s0_d1.0,2025-06-01,route,5,,0,0
median_s0_d1.0,2025-06-01,route,7,0.5484775115964724,1045361,472004
median_s0_d1.0,2025-06-01,route,11,0.827428186496298,1686382,291022
median_s0_d1.0,2025-06-01,route,12,0.8148418453702697,1738773,321948
median_s0_d1.0,2025-06-01,route,17,0.8484542065804668,2674096,405248
median_s0_d1.0,2025-06-01,route,25,0.7455373375147714,352032,89579
median_s0_d1.0,2025-06-01,route,26,0.7135769068122405,832384,238414
median_s0_d1.0,2025-06-01,route,28,0.7265001160690991,486779,133134
median_s0_d1.0,2025-06-01,route,50,0.7959329840936606,1217502,248452
median_s0_d1.0,2025-06-01,month,6,0.8546291827505627,5554987,807533
median_s0_d1.0,2025-06-01,month,7,0.7081382094637327,5407676,1578294
median_s0_d1.0,2025-06-01,lead_week,1,0.8910265101902178,1452913,158329
median_s0_d1.0,2025-06-01,lead_week,2,0.8311966151138201,1133982,191420
median_s0_d1.0,2025-06-01,lead_week,3,0.8528201179931678,1328721,195561
median_s0_d1.0,2025-06-01,lead_week,4,0.8495966050121705,1332317,200385
median_s0_d1.0,2025-06-01,lead_week,5,0.8170837095868755,1287917,235581
median_s0_d1.0,2025-06-01,lead_week,6,0.7224751316414806,1214093,336941
median_s0_d1.0,2025-06-01,lead_week,7,0.6716350550683863,1174358,385618
median_s0_d1.0,2025-06-01,lead_week,8,0.6540054139862169,1164761,403001
median_s0_d1.0,2025-06-01,lead_week,9,0.6806425358945332,873601,278991
trim10_s0_d0.0,2025-06-01,route,1,0.8205947356981301,929354,166731
trim10_s0_d0.0,2025-06-01,route,5,,0,0
trim10_s0_d0.0,2025-06-01,route,7,0.567191620885034,1045361,452441
trim10_s0_d0.0,2025-06-01,route,11,0.843093083299039,1686382,264605
trim10_s0_d0.0,2025-06-01,route,12,0.832537657302017,1738773,291179
trim10_s0_d0.0,2025-06-01,route,17,0.8641683021103206,2674096,363227
trim10_s0_d0.0,2025-06-01,route,25,0.7551756658485592,352032,86186
trim10_s0_d0.0,2025-06-01,route,26,0.7348447351222513,832384,220711
trim10_s0_d0.0,2025-06-01,route,28,0.7429942540660135,486779,125105
trim10_s0_d0.0,2025-06-01,route,50,0.8093292659888854,1217502,232142
trim10_s0_d0.0,2025-06-01,month,6,0.8667557637848657,5554987,740170
trim10_s0_d0.0,2025-06-01,month,7,0.7296145331192179,5407676,1462157
trim10_s0_d0.0,2025-06-01,lead_week,1,0.8997531166697524,1452913,145650
trim10_s0_d0.0,2025-06-01,lead_week,2,0.8374806654779353,1133982,184294
trim10_s0_d0.0,2025-06-01,lead_week,3,0.8694895316624032,1328721,173412
trim10_s0_d0.0,2025-06-01,lead_week,4,0.8650035989933327,1332317,179858
trim10_s0_d0.0,2025-06-01,lead_week,5,0.837815635634905,1287917,208880
trim10_s0_d0.0,2025-06-01,lead_week,6,0.744326011269318,1214093,310412
trim10_s0_d0.0,2025-06-01,lead_week,7,0.6932204659907797,1174358,360269
trim10_s0_d0.0,2025-06-01,lead_week,8,0.6770255872234734,1164761,376188
trim10_s0_d0.0,2025-06-01,lead_week,9,0.6985305648688589,873601,263364
trim10_s0_d0.5,2025-06-01,route,1,0.8119683134736602,929354,174748
trim10_s0_d0.5,2025-06-01,route,5,,0,0
trim10_s0_d0.5,2025-06-01,route,7,0.5568267804136562,1045361,463276
trim10_s0_d0.5,2025-06-01,route,11,0.8371217197527013,1686382,274675
trim10_s0_d0.5,2025-06-01,route,12,0.8265432002912398,1738773,301602
trim10_s0_d0.5,2025-06-01,route,17,0.8610461254943726,2674096,371576
trim10_s0_d0.5,2025-06-01,route,25,0.7504260976274884,352032,87858
trim10_s0_d0.5,2025-06-01,route,26,0.7252025507458096,832384,228737
trim10_s0_d0.5,2025-06-01,route,28,0.7342900987922651,486779,129342
trim10_s0_d0.5,2025-06-01,route,50,0.8040635662200144,1217502,238553
trim10_s0_d0.5,2025-06-01,month,6,0.8630160610636892,5554987,760944
trim10_s0_d0.5,2025-06-01,month,7,0.7208739946697991,5407676,1509423
trim10_s0_d0.5,2025-06-01,lead_week,1,0.8975155429127553,1452913,148901
trim10_s0_d0.5,2025-06-01,lead_week,2,0.8365891169348367,1133982,185305
trim10_s0_d0.5,2025-06-01,lead_week,3,0.8634378473735269,1328721,181453
trim10_s0_d0.5,2025-06-01,lead_week,4,0.8599334842984064,1332317,186613
trim10_s0_d0.5,2025-06-01,lead_week,5,0.8294928943402409,1287917,219599
trim10_s0_d0.5,2025-06-01,lead_week,6,0.7355993321763654,1214093,321007
trim10_s0_d0.5,2025-06-01,lead_week,7,0.68490358136105,1174358,370036
trim10_s0_d0.5,2025-06-01,lead_week,8,0.6675910336970416,1164761,387177
trim10_s0_d0.5,2025-06-01,lead_week,9,0.6906184860136377,873601,270276
trim10_s0_d1.0,2025-06-01,route,1,0.8013587933123438,929354,184608
trim10_s0_d1.0,2025-06-01,route,5,,0,0
trim10_s0_d1.0,2025-06-01,route,7,0.5446931729804345,1045361,475960
trim10_s0_d1.0,2025-06-01,route,11,0.8295664920522159,1686382,287416
trim10_s0_d1.0,2025-06-01,route,12,0.8180176480771211,1738773,316426
trim10_s0_d1.0,2025-06-01,route,17,0.8563039621614184,2674096,384257
trim10_s0_d1.0,2025-06-01,route,25,0.7432449322788837,352032,90386
trim10_s0_d1.0,2025-06-01,route,26,0.7148623712132862,832384,237344
trim10_s0_d1.0,2025-06-01,route,28,0.7237678700190435,486779,134464
trim10_s0_d1.0,2025-06-01,route,50,0.7956093706622248,1217502,248846
trim10_s0_d1.0,2025-06-01,month,6,0.8569245976633248,5554987,794782
trim10_s0_d1.0,2025-06-01,month,7,0.7106104359802621,5407676,1564925
trim10_s0_d1.0,2025-06-01,lead_week,1,0.8920059218962182,1452913,156906
trim10_s0_d1.0,2025-06-01,lead_week,2,0.8342328185103467,1133982,187977
trim10_s0_d1.0,2025-06-01,lead_week,3,0.8554986336484484,1328721,192002
trim10_s0_d1.0,2025-06-01,lead_week,4,0.8521778225452351,1332317,196946
trim10_s0_d1.0,2025-06-01,lead_week,5,0.8188408103938375,1287917,233318
trim10_s0_d1.0,2025-06-01,lead_week,6,0.7254559576572799,1214093,333322
trim10_s0_d1.0,2025-06-01,lead_week,7,0.674621367589781,1174358,382111
trim10_s0_d1.0,2025-06-01,lead_week,8,0.6570163321058998,1164761,399494
trim10_s0_d1.0,2025-06-01,lead_week,9,0.6821993106692872,873601,277631
q40_s0_d0.0,2025-06-01,route,1,0.8281602059064683,929354,159700
q40_s0_d0.0,2025-06-01,route,5,,0,0
q40_s0_d0.0,2025-06-01,route,7,0.5879748718385323,1045361,430715
q40_s0_d0.0,2025-06-01,route,11,0.8467423157979628,1686382,258451
q40_s0_d0.0,2025-06-01,route,12,0.8360274745467062,1738773,285111
q40_s0_d0.0,2025-06-01,route,17,0.8608524151713327,2674096,372094
q40_s0_d0.0,2025-06-01,route,25,0.7697169575493137,352032,81067
q40_s0_d0.0,2025-06-01,route,26,0.7543729817007535,832384,204456
q40_s0_d0.0,2025-06-01,route,28,0.763225200758455,486779,115257
q40_s0_d0.0,2025-06-01,route,50,0.8149908583312389,1217502,225249
q40_s0_d0.0,2025-06-01,month,6,0.8702322795714914,5554987,720858
q40_s0_d0.0,2025-06-01,month,7,0.7390298531198984,5407676,1411242
q40_s0_d0.0,2025-06-01,lead_week,1,0.8970000268426258,1452913,149650
q40_s0_d0.0,2025-06-01,lead_week,2,0.8417064821134728,1133982,179502
q40_s0_d0.0,2025-06-01,lead_week,3,0.8746373392156819,1328721,166572
q40_s0_d0.0,2025-06-01,lead_week,4,0.8694589951190295,1332317,173922
q40_s0_d0.0,2025-06-01,lead_week,5,0.8468798843403729,1287917,197206
q40_s0_d0.0,2025-06-01,lead_week,6,0.7541012097096351,1214093,298544
q40_s0_d0.0,2025-06-01,lead_week,7,0.7039667631165283,1174358,347649
q40_s0_d0.0,2025-06-01,lead_week,8,0.686328783329799,1164761,365352
q40_s0_d0.0,2025-06-01,lead_week,9,0.7095893892062852,873601,253703
q40_s0_d0.5,2025-06-01,route,1,0.8253055348123535,929354,162353
q40_s0_d0.5,2025-06-01,route,5,,0,0
q40_s0_d0.5,2025-06-01,route,7,0.5852160162852833,1045361,433599
q40_s0_d0.5,2025-06-01,route,11,0.8439161471125759,1686382,263217
q40_s0_d0.5,2025-06-01,route,12,0.8353505604239311,1738773,286288
q40_s0_d0.5,2025-06-01,route,17,0.86080866206748,2674096,372211
q40_s0_d0.5,2025-06-01,route,25,0.7676347604763203,352032,81800
q40_s0_d0.5,2025-06-01,route,26,0.7508878113947409,832384,207357
q40_s0_d0.5,2025-06-01,route,28,0.7601950782593333,486779,116732
q40_s0_d0.5,2025-06-01,route,50,0.812126797327643,1217502,228736
q40_s0_d0.5,2025-06-01,month,6,0.8698180571799718,5554987,723159
q40_s0_d0.5,2025-06-01,month,7,0.7357212229430905,5407676,1429134
q40_s0_d0.5,2025-06-01,lead_week,1,0.896403982895053,1452913,150516
q40_s0_d0.5,2025-06-01,lead_week,2,0.8422814471481911,1133982,178850
q40_s0_d0.5,2025-06-01,lead_week,3,0.8742294281493256,1328721,167114
q40_s0_d0.5,2025-06-01,lead_week,4,0.8688855580165982,1332317,174686
q40_s0_d0.5,2025-06-01,lead_week,5,0.8437756470331551,1287917,201204
q40_s0_d0.5,2025-06-01,lead_week,6,0.7505133461769403,1214093,302900
q40_s0_d0.5,2025-06-01,lead_week,7,0.7010238785787639,1174358,351105
q40_s0_d0.5,2025-06-01,lead_week,8,0.6827400642706959,1164761,369532
q40_s0_d0.5,2025-06-01,lead_week,9,0.706518193088149,873601,256386
q40_s0_d1.0,2025-06-01,route,1,0.820437637326573,929354,166877
q40_s0_d1.0,2025-06-01,route,5,,0,0
q40_s0_d1.0,2025-06-01,route,7,0.5806750012675047,1045361,438346
q40_s0_d1.0,2025-06-01,route,11,0.8395849813387477,1686382,270521
q40_s0_d1.0,2025-06-01,route,12,0.8328091130929685,1738773,290707
q40_s0_d1.0,2025-06-01,route,17,0.8595813314106898,2674096,375493
q40_s0_d1.0,2025-06-01,route,25,0.7620102717934734,352032,83780
q40_s0_d1.0,2025-06-01,route,26,0.7462409176533907,832384,211225
q40_s0_d1.0,2025-06-01,route,28,0.7547901614490354,486779,119363
q40_s0_d1.0,2025-06-01,route,50,0.8067411798912856,1217502,235293
q40_s0_d1.0,2025-06-01,month,6,0.8672365929929269,5554987,737499
q40_s0_d1.0,2025-06-01,month,7,0.7311033427298529,5407676,1454106
q40_s0_d1.0,2025-06-01,lead_week,1,0.8933583772737941,1452913,154941
q40_s0_d1.0,2025-06-01,lead_week,2,0.8412179382036047,1133982,180056
q40_s0_d1.0,2025-06-01,lead_week,3,0.8718293757681259,1328721,170303
q40_s0_d1.0,2025-06-01,lead_week,4,0.8660686608367227,1332317,178439
q40_s0_d1.0,2025-06-01,lead_week,5,0.8388692749610418,1287917,207523
q40_s0_d1.0,2025-06-01,lead_week,6,0.7457023473490088,1214093,308741
q40_s0_d1.0,2025-06-01,lead_week,7,0.6962953375376163,1174358,356658
q40_s0_d1.0,2025-06-01,lead_week,8,0.6780034702398174,1164761,375049
q40_s0_d1.0,2025-06-01,lead_week,9,0.7025014852318163,873601,259895
q60_s0_d0.0,2025-06-01,route,1,0.7871973435310979,929354,197769
q60_s0_d0.0,2025-06-01,route,5,,0,0
q60_s0_d0.0,2025-06-01,route,7,0.5220378414729456,1045361,499643
q60_s0_d0.0,2025-06-01,route,11,0.817164794216257,1686382,308330
q60_s0_d0.0,2025-06-01,route,12,0.8015106054671887,1738773,345128
q60_s0_d0.0,2025-06-01,route,17,0.8367945653409601,2674096,436427
q60_s0_d0.0,2025-06-01,route,25,0.7228121307153895,352032,97579
q60_s0_d0.0,2025-06-01,route,26,0.6886581193295402,832384,259156
q60_s0_d0.0,2025-06-01,route,28,0.7011559660544107,486779,145471
q60_s0_d0.0,2025-06-01,route,50,0.7857703724511336,1217502,260825
q60_s0_d0.0,2025-06-01,month,6,0.8421947702127836,5554987,876606
q60_s0_d0.0,2025-06-01,month,7,0.6904914421648043,5407676,1673722
q60_s0_d0.0,2025-06-01,lead_week,1,0.8881784387640554,1452913,162467
q60_s0_d0.0,2025-06-01,lead_week,2,0.8193921949378385,1133982,204806
q60_s0_d0.0,2025-06-01,lead_week,3,0.8345785157305409,1328721,219799
q60_s0_d0.0,2025-06-01,lead_week,4,0.832936906156718,1332317,222581
q60_s0_d0.0,2025-06-01,lead_week,5,0.8008497441993545,1287917,256489
q60_s0_d0.0,2025-06-01,lead_week,6,0.7040959794678002,1214093,359255
q60_s0_d0.0,2025-06-01,lead_week,7,0.6525795370747252,1174358,407996
q60_s0_d0.0,2025-06-01,lead_week,8,0.6370148038953913,1164761,422791
q60_s0_d0.0,2025-06-01,lead_week,9,0.6632970887167025,873601,294144
q60_s0_d0.5,2025-06-01,route,1,0.7833452053792204,929354,201349
q60_s0_d0.5,2025-06-01,route,5,,0,0
q60_s0_d0.5,2025-06-01,route,7,0.5168635523996017,1045361,505052
q60_s0_d0.5,2025-06-01,route,11,0.8150092920821024,1686382,311965
q60_s0_d0.5,2025-06-01,route,12,0.7987322094373446,1738773,349959
q60_s0_d0.5,2025-06-01,route,17,0.8370312808515477,2674096,435794
q60_s0_d0.5,2025-06-01,route,25,0.7203606490319061,352032,98442
q60_s0_d0.5,2025-06-01,route,26,0.6841385706596955,832384,262918
q60_s0_d0.5,2025-06-01,route,28,0.6975629597825708,486779,147220
q60_s0_d0.5,2025-06-01,route,50,0.782635264664863,1217502,264642
q60_s0_d0.5,2025-06-01,month,6,0.8405359004440515,5554987,885821
q60_s0_d0.5,2025-06-01,month,7,0.6872001946862201,5407676,1691520
q60_s0_d0.5,2025-06-01,lead_week,1,0.886653915272284,1452913,164682
q60_s0_d0.5,2025-06-01,lead_week,2,0.8184918279126123,1133982,205827
q60_s0_d0.5,2025-06-01,lead_week,3,0.8329431084478984,1328721,221972
q60_s0_d0.5,2025-06-01,lead_week,4,0.8313779678559983,1332317,224658
q60_s0_d0.5,2025-06-01,lead_week,5,0.7968114404887893,1287917,261690
q60_s0_d0.5,2025-06-01,lead_week,6,0.7007972206412524,1214093,363260
q60_s0_d0.5,2025-06-01,lead_week,7,0.6495336175169752,1174358,411573
q60_s0_d0.5,2025-06-01,lead_week,8,0.6335368371708874,1164761,426842
q60_s0_d0.5,2025-06-01,lead_week,9,0.6602144457252224,873601,296837
q60_s0_d1.0,2025-06-01,route,1,0.7786709908172773,929354,205693
q60_s0_d1.0,2025-06-01,route,5,,0,0
q60_s0_d1.0,2025-06-01,route,7,0.509653602918035,1045361,512589
q60_s0_d1.0,2025-06-01,route,11,0.8116209731840117,1686382,317679
q60_s0_d1.0,2025-06-01,route,12,0.7948306075606189,1738773,356743
q60_s0_d1.0,2025-06-01,route,17,0.8361951104223633,2674096,438030
q60_s0_d1.0,2025-06-01,route,25,0.7162388646486684,352032,99893
q60_s0_d1.0,2025-06-01,route,26,0.6788489447178225,832384,267321
q60_s0_d1.0,2025-06-01,route,28,0.6930290747957493,486779,149427
q60_s0_d1.0,2025-06-01,route,50,0.7777178189440346,1217502,270629
q60_s0_d1.0,2025-06-01,month,6,0.8372356226936265,5554987,904154
q60_s0_d1.0,2025-06-01,month,7,0.6830708792464637,5407676,1713850
q60_s0_d1.0,2025-06-01,lead_week,1,0.8828078487837882,1452913,170270
q60_s0_d1.0,2025-06-01,lead_week,2,0.8160755638096548,1133982,208567
q60_s0_d1.0,2025-06-01,lead_week,3,0.8299597883980159,1328721,225936
q60_s0_d1.0,2025-06-01,lead_week,4,0.8285408052287857,1332317,228438
q60_s0_d1.0,2025-06-01,lead_week,5,0.7916340882215236,1287917,268358
q60_s0_d1.0,2025-06-01,lead_week,6,0.6969639063893787,1214093,367914
q60_s0_d1.0,2025-06-01,lead_week,7,0.6453457974484782,1174358,416491
q60_s0_d1.0,2025-06-01,lead_week,8,0.6290844216109571,1164761,432028
q60_s0_d1.0,2025-06-01,lead_week,9,0.6565915103119159,873601,300002
exp_h7_s1_d0.0,2025-06-01,route,1,0.8234978275232043,929354,164033
exp_h7_s1_d0.0,2025-06-01,route,5,,0,0
exp_h7_s1_d0.0,2025-06-01,route,7,0.5264286691391777,1045361,495053
exp_h7_s1_d0.0,2025-06-01,route,11,0.861834388649784,1686382,233000
exp_h7_s1_d0.0,2025-06-01,route,12,0.8400164943900095,1738773,278175
exp_h7_s1_d0.0,2025-06-01,route,17,0.8766285877545159,2674096,329907
exp_h7_s1_d0.0,2025-06-01,route,25,0.710401327152077,352032,101948
exp_h7_s1_d0.0,2025-06-01,route,26,0.7636883938182377,832384,196702
exp_h7_s1_d0.0,2025-06-01,route,28,0.7235398404614826,486779,134575
exp_h7_s1_d0.0,2025-06-01,route,50,0.8179214489996731,1217502,221681
exp_h7_s1_d0.0,2025-06-01,month,6,0.8720362441892303,5554987,710837
exp_h7_s1_d0.0,2025-06-01,month,7,0.7329283411210288,5407676,1444237
exp_h7_s1_d0.0,2025-06-01,lead_week,1,0.9077467129828145,1452913,134036
exp_h7_s1_d0.0,2025-06-01,lead_week,2,0.8426835699332088,1133982,178394
exp_h7_s1_d0.0,2025-06-01,lead_week,3,0.8729545179161012,1328721,168808
exp_h7_s1_d0.0,2025-06-01,lead_week,4,0.8708235352397364,1332317,172104
exp_h7_s1_d0.0,2025-06-01,lead_week,5,0.8411186435150713,1287917,204626
exp_h7_s1_d0.0,2025-06-01,lead_week,6,0.7504639265690519,1214093,302960
exp_h7_s1_d0.0,2025-06-01,lead_week,7,0.6941298990597415,1174358,359201
exp_h7_s1_d0.0,2025-06-01,lead_week,8,0.6814917395070749,1164761,370986
exp_h7_s1_d0.0,2025-06-01,lead_week,9,0.697849475904904,873601,263959
exp_h7_s1_d0.5,2025-06-01,route,1,0.8191754702728993,929354,168050
exp_h7_s1_d0.5,2025-06-01,route,5,,0,0
exp_h7_s1_d0.5,2025-06-01,route,7,0.5212763820345316,1045361,500439
exp_h7_s1_d0.5,2025-06-01,route,11,0.8636578189283329,1686382,229925
exp_h7_s1_d0.5,2025-06-01,route,12,0.8362264654443105,1738773,284765
exp_h7_s1_d0.5,2025-06-01,route,17,0.8737315339464252,2674096,337654
exp_h7_s1_d0.5,2025-06-01,route,25,0.7099184165075902,352032,102118
exp_h7_s1_d0.5,2025-06-01,route,26,0.7594115216054129,832384,200262
exp_h7_s1_d0.5,2025-06-01,route,28,0.7219682854026159,486779,135340
exp_h7_s1_d0.5,2025-06-01,route,50,0.8150393182105655,1217502,225190
exp_h7_s1_d0.5,2025-06-01,month,6,0.8722470457626633,5554987,709666
exp_h7_s1_d0.5,2025-06-01,month,7,0.727410259046585,5407676,1474077
exp_h7_s1_d0.5,2025-06-01,lead_week,1,0.9114275940816828,1452913,128688
exp_h7_s1_d0.5,2025-06-01,lead_week,2,0.8457435832314799,1133982,174924
exp_h7_s1_d0.5,2025-06-01,lead_week,3,0.8706289732758044,1328721,171898
exp_h7_s1_d0.5,2025-06-01,lead_week,4,0.8693073795500621,1332317,174124
exp_h7_s1_d0.5,2025-06-01,lead_week,5,0.8360950278628203,1287917,211096
exp_h7_s1_d0.5,2025-06-01,lead_week,6,0.744052556105669,1214093,310744
exp_h7_s1_d0.5,2025-06-01,lead_week,7,0.6884910734205413,1174358,365823
exp_h7_s1_d0.5,2025-06-01,lead_week,8,0.6741202701670128,1164761,379572
exp_h7_s1_d0.5,2025-06-01,lead_week,9,0.694512712325192,873601,266874
exp_h7_s1_d1.0,2025-06-01,route,1,0.8124320764746265,929354,174317
exp_h7_s1_d1.0,2025-06-01,route,5,,0,0
exp_h7_s1_d1.0,2025-06-01,route,7,0.5094201907283704,1045361,512833
exp_h7_s1_d1.0,2025-06-01,route,11,0.8610913778728663,1686382,234253
exp_h7_s1_d1.0,2025-06-01,route,12,0.8288735792423738,1738773,297550
exp_h7_s1_d1.0,2025-06-01,route,17,0.8685761468548623,2674096,351440
exp_h7_s1_d1.0,2025-06-01,route,25,0.7062596582128897,352032,103406
exp_h7_s1_d1.0,2025-06-01,route,26,0.753289347224358,832384,205358
exp_h7_s1_d1.0,2025-06-01,route,28,0.7161607218059941,486779,138167
exp_h7_s1_d1.0,2025-06-01,route,50,0.8083485694479352,1217502,233336
exp_h7_s1_d1.0,2025-06-01,month,6,0.867468636740284,5554987,736210
exp_h7_s1_d1.0,2025-06-01,month,7,0.7199443901594695,5407676,1514450
exp_h7_s1_d1.0,2025-06-01,lead_week,1,0.908501747867904,1452913,132939
exp_h7_s1_d1.0,2025-06-01,lead_week,2,0.8446677284119148,1133982,176144
exp_h7_s1_d1.0,2025-06-01,lead_week,3,0.8639511229219679,1328721,180771
exp_h7_s1_d1.0,2025-06-01,lead_week,4,0.8626970908575061,1332317,182931
exp_h7_s1_d1.0,2025-06-01,lead_week,5,0.8277862626240666,1287917,221797
exp_h7_s1_d1.0,2025-06-01,lead_week,6,0.7357080553137199,1214093,320875
exp_h7_s1_d1.0,2025-06-01,lead_week,7,0.6812522246197497,1174358,374324
exp_h7_s1_d1.0,2025-06-01,lead_week,8,0.6654824466135112,1164761,389633
exp_h7_s1_d1.0,2025-06-01,lead_week,9,0.6895081392992911,873601,271246
exp_h14_s1_d0.0,2025-06-01,route,1,0.8270196286883147,929354,160760
exp_h14_s1_d0.0,2025-06-01,route,5,,0,0
exp_h14_s1_d0.0,2025-06-01,route,7,0.5459673739502431,1045361,474628
exp_h14_s1_d0.0,2025-06-01,route,11,0.8645650866766842,1686382,228395
exp_h14_s1_d0.0,2025-06-01,route,12,0.8507878831796905,1738773,259446
exp_h14_s1_d0.0,2025-06-01,route,17,0.8832278272732168,2674096,312260
exp_h14_s1_d0.0,2025-06-01,route,25,0.7268941459867284,352032,96142
exp_h14_s1_d0.0,2025-06-01,route,26,0.7620677475780409,832384,198051
exp_h14_s1_d0.0,2025-06-01,route,28,0.7418089112307639,486779,125682
exp_h14_s1_d0.0,2025-06-01,route,50,0.821016310445486,1217502,217913
exp_h14_s1_d0.0,2025-06-01,month,6,0.8761584860594633,5554987,687938
exp_h14_s1_d0.0,2025-06-01,month,7,0.7438198960144802,5407676,1385339
exp_h14_s1_d0.0,2025-06-01,lead_week,1,0.9044037736602261,1452913,138893
exp_h14_s1_d0.0,2025-06-01,lead_week,2,0.8462868017305389,1133982,174308
exp_h14_s1_d0.0,2025-06-01,lead_week,3,0.8818600744625847,1328721,156975
exp_h14_s1_d0.0,2025-06-01,lead_week,4,0.8780237736214429,1332317,162511
exp_h14_s1_d0.0,2025-06-01,lead_week,5,0.8491292528944023,1287917,194309
exp_h14_s1_d0.0,2025-06-01,lead_week,6,0.7604952833102572,1214093,290781
exp_h14_s1_d0.0,2025-06-01,lead_week,7,0.7068577043797547,1174358,344254
exp_h14_s1_d0.0,2025-06-01,lead_week,8,0.6959573680780864,1164761,354137
exp_h14_s1_d0.0,2025-06-01,lead_week,9,0.7056905841453935,873601,257109
exp_h14_s1_d0.5,2025-06-01,route,1,0.8181597109389963,929354,168994
exp_h14_s1_d0.5,2025-06-01,route,5,,0,0
exp_h14_s1_d0.5,2025-06-01,route,7,0.530973510586295,1045361,490302
exp_h14_s1_d0.5,2025-06-01,route,11,0.862825267347493,1686382,231329
exp_h14_s1_d0.5,2025-06-01,route,12,0.8451735792998856,1738773,269208
exp_h14_s1_d0.5,2025-06-01,route,17,0.8802324224709959,2674096,320270
exp_h14_s1_d0.5,2025-06-01,route,25,0.7222155940369057,352032,97789
exp_h14_s1_d0.5,2025-06-01,route,26,0.7498041769183454,832384,208259
exp_h14_s1_d0.5,2025-06-01,route,28,0.7325603610673427,486779,130184
exp_h14_s1_d0.5,2025-06-01,route,50,0.817468883007995,1217502,222232
exp_h14_s1_d0.5,2025-06-01,month,6,0.8748229293785926,5554987,695357
exp_h14_s1_d0.5,2025-06-01,month,7,0.7331182563452396,5407676,1443210
exp_h14_s1_d0.5,2025-06-01,lead_week,1,0.909094350453193,1452913,132078
exp_h14_s1_d0.5,2025-06-01,lead_week,2,0.8475919370854211,1133982,172828
exp_h14_s1_d0.5,2025-06-01,lead_week,3,0.8759212806902277,1328721,164866
exp_h14_s1_d0.5,2025-06-01,lead_week,4,0.8738648534845685,1332317,168052
exp_h14_s1_d0.5,2025-06-01,lead_week,5,0.8412537453888721,1287917,204452
exp_h14_s1_d0.5,2025-06-01,lead_week,6,0.7482762852598607,1214093,305616
exp_h14_s1_d0.5,2025-06-01,lead_week,7,0.6961054465503704,1174358,356881
exp_h14_s1_d0.5,2025-06-01,lead_week,8,0.6825151254205799,1164761,369794
exp_h14_s1_d0.5,2025-06-01,lead_week,9,0.6978025437241945,873601,264000
exp_h14_s1_d1.0,2025-06-01,route,1,0.8038766713222303,929354,182268
exp_h14_s1_d1.0,2025-06-01,route,5,,0,0
exp_h14_s1_d1.0,2025-06-01,route,7,0.5114702002466134,1045361,510690
exp_h14_s1_d1.0,2025-06-01,route,11,0.8556412485427383,1686382,243444
exp_h14_s1_d1.0,2025-06-01,route,12,0.8332502287532645,1738773,289940
exp_h14_s1_d1.0,2025-06-01,route,17,0.8714933944031927,2674096,343639
exp_h14_s1_d1.0,2025-06-01,route,25,0.7132107308426507,352032,100959
exp_h14_s1_d1.0,2025-06-01,route,26,0.7348807761802245,832384,220681
exp_h14_s1_d1.0,2025-06-01,route,28,0.719435308425384,486779,136573
exp_h14_s1_d1.0,2025-06-01,route,50,0.8071797828668865,1217502,234759
exp_h14_s1_d1.0,2025-06-01,month,6,0.866560263777395,5554987,741256
exp_h14_s1_d1.0,2025-06-01,month,7,0.7186042580953445,5407676,1521697
exp_h14_s1_d1.0,2025-06-01,lead_week,1,0.9044409403728922,1452913,138839
exp_h14_s1_d1.0,2025-06-01,lead_week,2,0.846180979945008,1133982,174428
exp_h14_s1_d1.0,2025-06-01,lead_week,3,0.8624609681039135,1328721,182751
exp_h14_s1_d1.0,2025-06-01,lead_week,4,0.8613415576022824,1332317,184737
exp_h14_s1_d1.0,2025-06-01,lead_week,5,0.8260780780127912,1287917,223997
exp_h14_s1_d1.0,2025-06-01,lead_week,6,0.7329257313896053,1214093,324253
exp_h14_s1_d1.0,2025-06-01,lead_week,7,0.6820713956050881,1174358,373362
exp_h14_s1_d1.0,2025-06-01,lead_week,8,0.6666638048492352,1164761,388257
exp_h14_s1_d1.0,2025-06-01,lead_week,9,0.6882684429161596,873601,272329
exp_h28_s1_d0.0,2025-06-01,route,1,0.8263471185361014,929354,161385
exp_h28_s1_d0.0,2025-06-01,route,5,,0,0
exp_h28_s1_d0.0,2025-06-01,route,7,0.5454431531308324,1045361,475176
exp_h28_s1_d0.0,2025-06-01,route,11,0.8612348803533245,1686382,234011
exp_h28_s1_d0.0,2025-06-01,route,12,0.8509236110751662,1738773,259210
exp_h28_s1_d0.0,2025-06-01,route,17,0.8819881559973912,2674096,315575
exp_h28_s1_d0.0,2025-06-01,route,25,0.7341065584946823,352032,93603
exp_h28_s1_d0.0,2025-06-01,route,26,0.7387936337075196,832384,217424
exp_h28_s1_d0.0,2025-06-01,route,28,0.7444302239825464,486779,124406
exp_h28_s1_d0.0,2025-06-01,route,50,0.8194869495080912,1217502,219775
exp_h28_s1_d0.0,2025-06-01,month,6,0.8733023137587901,5554987,703804
exp_h28_s1_d0.0,2025-06-01,month,7,0.7417077132579688,5407676,1396761
exp_h28_s1_d0.0,2025-06-01,lead_week,1,0.900797914259147,1452913,144132
exp_h28_s1_d0.0,2025-06-01,lead_week,2,0.8436324386101367,1133982,177318
exp_h28_s1_d0.0,2025-06-01,lead_week,3,0.8794630324951589,1328721,160160
exp_h28_s1_d0.0,2025-06-01,lead_week,4,0.8751393249504434,1332317,166354
exp_h28_s1_d0.0,2025-06-01,lead_week,5,0.8462928899921346,1287917,197962
exp_h28_s1_d0.0,2025-06-01,lead_week,6,0.7572162923268646,1214093,294762
exp_h28_s1_d0.0,2025-06-01,lead_week,7,0.7058196904180838,1174358,345473
exp_h28_s1_d0.0,2025-06-01,lead_week,8,0.6938444882684087,1164761,356598
exp_h28_s1_d0.0,2025-06-01,lead_week,9,0.7048927370733321,873601,257806
exp_h28_s1_d0.5,2025-06-01,route,1,0.8154481500052725,929354,171514
exp_h28_s1_d0.5,2025-06-01,route,5,,0,0
exp_h28_s1_d0.5,2025-06-01,route,7,0.5270514205140617,1045361,494402
exp_h28_s1_d0.5,2025-06-01,route,11,0.8565734216802598,1686382,241872
exp_h28_s1_d0.5,2025-06-01,route,12,0.8455347535302193,1738773,268580
exp_h28_s1_d0.5,2025-06-01,route,17,0.878914219983127,2674096,323795
exp_h28_s1_d0.5,2025-06-01,route,25,0.7274793200618126,352032,95936
exp_h28_s1_d0.5,2025-06-01,route,26,0.723094148854375,832384,230492
exp_h28_s1_d0.5,2025-06-01,route,28,0.7322748105403067,486779,130323
exp_h28_s1_d0.5,2025-06-01,route,50,0.8145111876612934,1217502,225833
exp_h28_s1_d0.5,2025-06-01,month,6,0.8704292197263468,5554987,719764
exp_h28_s1_d0.5,2025-06-01,month,7,0.7294617872816345,5407676,1462983
exp_h28_s1_d0.5,2025-06-01,lead_week,1,0.9039791095543918,1452913,139510
exp_h28_s1_d0.5,2025-06-01,lead_week,2,0.8436871131993277,1133982,177256
exp_h28_s1_d0.5,2025-06-01,lead_week,3,0.8713153476162415,1328721,170986
exp_h28_s1_d0.5,2025-06-01,lead_week,4,0.8691617685580834,1332317,174318
exp_h28_s1_d0.5,2025-06-01,lead_week,5,0.8368435233015792,1287917,210132
exp_h28_s1_d0.5,2025-06-01,lead_week,6,0.7438169893080678,1214093,311030
exp_h28_s1_d0.5,2025-06-01,lead_week,7,0.6937824751907,1174358,359609
exp_h28_s1_d0.5,2025-06-01,lead_week,8,0.6794518360419004,1164761,373362
exp_h28_s1_d0.5,2025-06-01,lead_week,9,0.6948904591455367,873601,266544
exp_h28_s1_d1.0,2025-06-01,route,1,0.7990378262750255,929354,186765
exp_h28_s1_d1.0,2025-06-01,route,5,,0,0
exp_h28_s1_d1.0,2025-06-01,route,7,0.5060127554022007,1045361,516395
exp_h28_s1_d1.0,2025-06-01,route,11,0.847315732734339,1686382,257484
exp_h28_s1_d1.0,2025-06-01,route,12,0.833662013385301,1738773,289224
exp_h28_s1_d1.0,2025-06-01,route,17,0.8697645858637835,2674096,348262
exp_h28_s1_d1.0,2025-06-01,route,25,0.7170427688391965,352032,99610
exp_h28_s1_d1.0,2025-06-01,route,26,0.7047108065508227,832384,245794
exp_h28_s1_d1.0,2025-06-01,route,28,0.7168324845566468,486779,137840
exp_h28_s1_d1.0,2025-06-01,route,50,0.8028750671456802,1217502,240000
exp_h28_s1_d1.0,2025-06-01,month,6,0.8612601613649141,5554987,770698
exp_h28_s1_d1.0,2025-06-01,month,7,0.7132453941397376,5407676,1550676
exp_h28_s1_d1.0,2025-06-01,lead_week,1,0.8979106113029479,1452913,148327
exp_h28_s1_d1.0,2025-06-01,lead_week,2,0.8419586907023215,1133982,179216
exp_h28_s1_d1.0,2025-06-01,lead_week,3,0.8568299891399322,1328721,190233
exp_h28_s1_d1.0,2025-06-01,lead_week,4,0.8555681568275417,1332317,192429
exp_h28_s1_d1.0,2025-06-01,lead_week,5,0.8201134079292377,1287917,231679
exp_h28_s1_d1.0,2025-06-01,lead_week,6,0.7270563292927312,1214093,331379
exp_h28_s1_d1.0,2025-06-01,lead_week,7,0.6781526587292801,1174358,377964
exp_h28_s1_d1.0,2025-06-01,lead_week,8,0.6619263522731273,1164761,393775
exp_h28_s1_d1.0,2025-06-01,lead_week,9,0.6836404720232692,873601,276372
exp_h56_s1_d0.0,2025-06-01,route,1,0.8302874900199493,929354,157723
exp_h56_s1_d0.0,2025-06-01,route,5,,0,0
exp_h56_s1_d0.0,2025-06-01,route,7,0.551912688535348,1045361,468413
exp_h56_s1_d0.0,2025-06-01,route,11,0.8585154490500966,1686382,238597
exp_h56_s1_d0.0,2025-06-01,route,12,0.8504980236063017,1738773,259950
exp_h56_s1_d0.0,2025-06-01,route,17,0.8823916568440325,2674096,314496
exp_h56_s1_d0.0,2025-06-01,route,25,0.7436965957640215,352032,90227
exp_h56_s1_d0.0,2025-06-01,route,26,0.7317283849761649,832384,223305
exp_h56_s1_d0.0,2025-06-01,route,28,0.746881028146243,486779,123213
exp_h56_s1_d0.0,2025-06-01,route,50,0.8195805838511969,1217502,219661
exp_h56_s1_d0.0,2025-06-01,month,6,0.8736686512497689,5554987,701769
exp_h56_s1_d0.0,2025-06-01,month,7,0.7422523094948736,5407676,1393816
exp_h56_s1_d0.0,2025-06-01,lead_week,1,0.9014084119283123,1452913,143245
exp_h56_s1_d0.0,2025-06-01,lead_week,2,0.8431368399145666,1133982,177880
exp_h56_s1_d0.0,2025-06-01,lead_week,3,0.8798220243376902,1328721,159683
exp_h56_s1_d0.0,2025-06-01,lead_week,4,0.8753832608906139,1332317,166029
exp_h56_s1_d0.0,2025-06-01,lead_week,5,0.8481649050365823,1287917,195551
exp_h56_s1_d0.0,2025-06-01,lead_week,6,0.7572895980785657,1214093,294673
exp_h56_s1_d0.0,2025-06-01,lead_week,7,0.7061918086307583,1174358,345036
exp_h56_s1_d0.0,2025-06-01,lead_week,8,0.6924751086274352,1164761,358193
exp_h56_s1_d0.0,2025-06-01,lead_week,9,0.7077670469699554,873601,255295
exp_h56_s1_d0.5,2025-06-01,route,1,0.8168824796579129,929354,170181
exp_h56_s1_d0.5,2025-06-01,route,5,,0,0
exp_h56_s1_d0.5,2025-06-01,route,7,0.5331086581573256,1045361,488070
exp_h56_s1_d0.5,2025-06-01,route,11,0.8511588714775181,1686382,251003
exp_h56_s1_d0.5,2025-06-01,route,12,0.843185970796648,1738773,272664
exp_h56_s1_d0.5,2025-06-01,route,17,0.8774860737983976,2674096,327614
exp_h56_s1_d0.5,2025-06-01,route,25,0.7358052677029361,352032,93005
exp_h56_s1_d0.5,2025-06-01,route,26,0.7138568256958326,832384,238181
exp_h56_s1_d0.5,2025-06-01,route,28,0.7330718868316012,486779,129935
exp_h56_s1_d0.5,2025-06-01,route,50,0.8123091378905333,1217502,228514
exp_h56_s1_d0.5,2025-06-01,month,6,0.8687507279494984,5554987,729088
exp_h56_s1_d0.5,2025-06-01,month,7,0.7281495784880603,5407676,1470079
exp_h56_s1_d0.5,2025-06-01,lead_week,1,0.9019803663398979,1452913,142414
exp_h56_s1_d0.5,2025-06-01,lead_week,2,0.8418907883899391,1133982,179293
exp_h56_s1_d0.5,2025-06-01,lead_week,3,0.8697363855918586,1328721,173084
exp_h56_s1_d0.5,2025-06-01,lead_week,4,0.8672102810367203,1332317,176918
exp_h56_s1_d0.5,2025-06-01,lead_week,5,0.8355779137941343,1287917,211762
exp_h56_s1_d0.5,2025-06-01,lead_week,6,0.7424497134898232,1214093,312690
exp_h56_s1_d0.5,2025-06-01,lead_week,7,0.6926925179544909,1174358,360889
exp_h56_s1_d0.5,2025-06-01,lead_week,8,0.6773003216968975,1164761,375868
exp_h56_s1_d0.5,2025-06-01,lead_week,9,0.6952281419091781,873601,266249
exp_h56_s1_d1.0,2025-06-01,route,1,0.7992153689552097,929354,186600
exp_h56_s1_d1.0,2025-06-01,route,5,,0,0
exp_h56_s1_d1.0,2025-06-01,route,7,0.5118145788871021,1045361,510330
exp_h56_s1_d1.0,2025-06-01,route,11,0.8401880475479458,1686382,269504
exp_h56_s1_d1.0,2025-06-01,route,12,0.8311452961369885,1738773,293600
exp_h56_s1_d1.0,2025-06-01,route,17,0.8677747545338687,2674096,353583
exp_h56_s1_d1.0,2025-06-01,route,25,0.7244739114625943,352032,96994
exp_h56_s1_d1.0,2025-06-01,route,26,0.6940294383361525,832384,254685
exp_h56_s1_d1.0,2025-06-01,route,28,0.7164216204889693,486779,138040
exp_h56_s1_d1.0,2025-06-01,route,50,0.7993029990915825,1217502,244349
exp_h56_s1_d1.0,2025-06-01,month,6,0.8587733868684121,5554987,784512
exp_h56_s1_d1.0,2025-06-01,month,7,0.710934419887582,5407676,1563173
exp_h56_s1_d1.0,2025-06-01,lead_week,1,0.894565607162989,1452913,153187
exp_h56_s1_d1.0,2025-06-01,lead_week,2,0.8389180780647312,1133982,182664
exp_h56_s1_d1.0,2025-06-01,lead_week,3,0.8548897774626878,1328721,192811
exp_h56_s1_d1.0,2025-06-01,lead_week,4,0.853359973639907,1332317,195371
exp_h56_s1_d1.0,2025-06-01,lead_week,5,0.8180930914026292,1287917,234281
exp_h56_s1_d1.0,2025-06-01,lead_week,6,0.7249708218398425,1214093,333911
exp_h56_s1_d1.0,2025-06-01,lead_week,7,0.6761362378422935,1174358,380332
exp_h56_s1_d1.0,2025-06-01,lead_week,8,0.6591652708152145,1164761,396991
exp_h56_s1_d1.0,2025-06-01,lead_week,9,0.6816200988780919,873601,278137
exp_h112_s1_d0.0,2025-06-01,route,1,0.8350779143361948,929354,153271
exp_h112_s1_d0.0,2025-06-01,route,5,,0,0
exp_h112_s1_d0.0,2025-06-01,route,7,0.5614347579448631,1045361,458459
exp_h112_s1_d0.0,2025-06-01,route,11,0.857786076938677,1686382,239827
exp_h112_s1_d0.0,2025-06-01,route,12,0.8505664626722407,1738773,259831
exp_h112_s1_d0.0,2025-06-01,route,17,0.8827184962693935,2674096,313622
exp_h112_s1_d0.0,2025-06-01,route,25,0.7521503726933916,352032,87251
exp_h112_s1_d0.0,2025-06-01,route,26,0.7361434145778871,832384,219630
exp_h112_s1_d0.0,2025-06-01,route,28,0.7510800589179073,486779,121169
exp_h112_s1_d0.0,2025-06-01,route,50,0.8207690829255312,1217502,218214
exp_h112_s1_d0.0,2025-06-01,month,6,0.8749467820536754,5554987,694669
exp_h112_s1_d0.0,2025-06-01,month,7,0.7454350075707199,5407676,1376605
exp_h112_s1_d0.0,2025-06-01,lead_week,1,0.9015729090454832,1452913,143006
exp_h112_s1_d0.0,2025-06-01,lead_week,2,0.8432408980036721,1133982,177762
exp_h112_s1_d0.0,2025-06-01,lead_week,3,0.8822130454775683,1328721,156506
exp_h112_s1_d0.0,2025-06-01,lead_week,4,0.877197393713358,1332317,163612
exp_h112_s1_d0.0,2025-06-01,lead_week,5,0.8516519309862359,1287917,191060
exp_h112_s1_d0.0,2025-06-01,lead_week,6,0.760453276643552,1214093,290832
exp_h112_s1_d0.0,2025-06-01,lead_week,7,0.7090350642649005,1174358,341697
exp_h112_s1_d0.0,2025-06-01,lead_week,8,0.6945364757233459,1164761,355792
exp_h112_s1_d0.0,2025-06-01,lead_week,9,0.7126754662597685,873601,251007
exp_h112_s1_d0.5,2025-06-01,route,1,0.819940517822057,929354,167339
exp_h112_s1_d0.5,2025-06-01,route,5,,0,0
exp_h112_s1_d0.5,2025-06-01,route,7,0.5417037750595248,1045361,479085
exp_h112_s1_d0.5,2025-06-01,route,11,0.8486701115168449,1686382,255200
exp_h112_s1_d0.5,2025-06-01,route,12,0.8417671541943658,1738773,275131
exp_h112_s1_d0.5,2025-06-01,route,17,0.8766214825496168,2674096,329926
exp_h112_s1_d0.5,2025-06-01,route,25,0.7429807517498409,352032,90479
exp_h112_s1_d0.5,2025-06-01,route,26,0.716237938259265,832384,236199
exp_h112_s1_d0.5,2025-06-01,route,28,0.7355699403630807,486779,128719
exp_h112_s1_d0.5,2025-06-01,route,50,0.8120183786145732,1217502,228868
exp_h112_s1_d0.5,2025-06-01,month,6,0.8689141846776599,5554987,728180
exp_h112_s1_d0.5,2025-06-01,month,7,0.7295019154254063,5407676,1462766
exp_h112_s1_d0.5,2025-06-01,lead_week,1,0.9011957357391668,1452913,143554
exp_h112_s1_d0.5,2025-06-01,lead_week,2,0.8412373388642853,1133982,180034
exp_h112_s1_d0.5,2025-06-01,lead_week,3,0.8707945460333659,1328721,171678
exp_h112_s1_d0.5,2025-06-01,lead_week,4,0.8676786380418474,1332317,176294
exp_h112_s1_d0.5,2025-06-01,lead_week,5,0.8371587610071146,1287917,209726
exp_h112_s1_d0.5,2025-06-01,lead_week,6,0.7440064311383066,1214093,310800
exp_h112_s1_d0.5,2025-06-01,lead_week,7,0.693930641252497,1174358,359435
exp_h112_s1_d0.5,2025-06-01,lead_week,8,0.6777914095681432,1164761,375296
exp_h112_s1_d0.5,2025-06-01,lead_week,9,0.6976548790580597,873601,264129
exp_h112_s1_d1.0,2025-06-01,route,1,0.8004635477977176,929354,185440
exp_h112_s1_d1.0,2025-06-01,route,5,,0,0
exp_h112_s1_d1.0,2025-06-01,route,7,0.519658759031569,1045361,502130
exp_h112_s1_d1.0,2025-06-01,route,11,0.8361972554261135,1686382,276234
exp_h112_s1_d1.0,2025-06-01,route,12,0.8289552460269397,1738773,297408
exp_h112_s1_d1.0,2025-06-01,route,17,0.8661607511473036,2674096,357899
exp_h112_s1_d1.0,2025-06-01,route,25,0.730697777474775,352032,94803
exp_h112_s1_d1.0,2025-06-01,route,26,0.6946649623250807,832384,254156
exp_h112_s1_d1.0,2025-06-01,route,28,0.7176459954106484,486779,137444
exp_h112_s1_d1.0,2025-06-01,route,50,0.797496020540418,1217502,246549
exp_h112_s1_d1.0,2025-06-01,month,6,0.8581400820559977,5554987,788030
exp_h112_s1_d1.0,2025-06-01,month,7,0.7107753866910665,5407676,1564033
exp_h112_s1_d1.0,2025-06-01,lead_week,1,0.8930631083898348,1452913,155370
exp_h112_s1_d1.0,2025-06-01,lead_week,2,0.8372751948443626,1133982,184527
exp_h112_s1_d1.0,2025-06-01,lead_week,3,0.855209633926159,1328721,192386
exp_h112_s1_d1.0,2025-06-01,lead_week,4,0.8531850903351079,1332317,195604
exp_h112_s1_d1.0,2025-06-01,lead_week,5,0.8183966823949058,1287917,233890
exp_h112_s1_d1.0,2025-06-01,lead_week,6,0.7250490695523325,1214093,333816
exp_h112_s1_d1.0,2025-06-01,lead_week,7,0.6759378315641398,1174358,380565
exp_h112_s1_d1.0,2025-06-01,lead_week,8,0.6585496938856985,1164761,397708
exp_h112_s1_d1.0,2025-06-01,lead_week,9,0.6815514176380293,873601,278197
mean_s1_d0.0,2025-06-01,route,1,0.8422527906481276,929354,146603
mean_s1_d0.0,2025-06-01,route,5,,0,0
mean_s1_d0.0,2025-06-01,route,7,0.5751018069355944,1045361,444172
mean_s1_d0.0,2025-06-01,route,11,0.8581033241578717,1686382,239292
mean_s1_d0.0,2025-06-01,route,12,0.8512243978943772,1738773,258687
mean_s1_d0.0,2025-06-01,route,17,0.881647106162232,2674096,316487
mean_s1_d0.0,2025-06-01,route,25,0.7632345923097901,352032,83349
mean_s1_d0.0,2025-06-01,route,26,0.7483865619713979,832384,209439
mean_s1_d0.0,2025-06-01,route,28,0.7582188220938044,486779,117694
mean_s1_d0.0,2025-06-01,route,50,0.8231813992913359,1217502,215277
mean_s1_d0.0,2025-06-01,month,6,0.876294760005739,5554987,687181
mean_s1_d0.0,2025-06-01,month,7,0.7514978708043899,5407676,1343819
mean_s1_d0.0,2025-06-01,lead_week,1,0.9001509381497722,1452913,145072
mean_s1_d0.0,2025-06-01,lead_week,2,0.8432594168161399,1133982,177741
mean_s1_d0.0,2025-06-01,lead_week,3,0.8856599692486233,1328721,151926
mean_s1_d0.0,2025-06-01,lead_week,4,0.8795752062009267,1332317,160444
mean_s1_d0.0,2025-06-01,lead_week,5,0.8569845727636175,1287917,184192
mean_s1_d0.0,2025-06-01,lead_week,6,0.766683441878011,1214093,283268
mean_s1_d0.0,2025-06-01,lead_week,7,0.7148816630022532,1174358,334831
mean_s1_d0.0,2025-06-01,lead_week,8,0.6999144030406238,1164761,349528
mean_s1_d0.0,2025-06-01,lead_week,9,0.7206985797864243,873601,243998
mean_s1_d0.5,2025-06-01,route,1,0.8248202514865164,929354,162804
mean_s1_d0.5,2025-06-01,route,5,,0,0
mean_s1_d0.5,2025-06-01,route,7,0.5543482108094715,1045361,465867
mean_s1_d0.5,2025-06-01,route,11,0.8471728232393372,1686382,257725
mean_s1_d0.5,2025-06-01,route,12,0.8408032560892077,1738773,276807
mean_s1_d0.5,2025-06-01,route,17,0.8750078531212043,2674096,334241
mean_s1_d0.5,2025-06-01,route,25,0.7520623125170439,352032,87282
mean_s1_d0.5,2025-06-01,route,26,0.7252986602337383,832384,228657
mean_s1_d0.5,2025-06-01,route,28,0.740325691946448,486779,126404
mean_s1_d0.5,2025-06-01,route,50,0.812809342407651,1217502,227905
mean_s1_d0.5,2025-06-01,month,6,0.8696855636205809,5554987,723895
mean_s1_d0.5,2025-06-01,month,7,0.7330097069425017,5407676,1443797
mean_s1_d0.5,2025-06-01,lead_week,1,0.8996856659689878,1452913,145748
mean_s1_d0.5,2025-06-01,lead_week,2,0.8409207553559052,1133982,180393
mean_s1_d0.5,2025-06-01,lead_week,3,0.873392533120196,1328721,168226
mean_s1_d0.5,2025-06-01,lead_week,4,0.8692818600978596,1332317,174158
mean_s1_d0.5,2025-06-01,lead_week,5,0.8404819565235959,1287917,205446
mean_s1_d0.5,2025-06-01,lead_week,6,0.7478842230372797,1214093,306092
mean_s1_d0.5,2025-06-01,lead_week,7,0.6973043995102004,1174358,355473
mean_s1_d0.5,2025-06-01,lead_week,8,0.6804958270409123,1164761,372146
mean_s1_d0.5,2025-06-01,lead_week,9,0.702369846188363,873601,260010
mean_s1_d1.0,2025-06-01,route,1,0.802315371752852,929354,183719
mean_s1_d1.0,2025-06-01,route,5,,0,0
mean_s1_d1.0,2025-06-01,route,7,0.5307927118000384,1045361,490491
mean_s1_d1.0,2025-06-01,route,11,0.8323594535520422,1686382,282706
mean_s1_d1.0,2025-06-01,route,12,0.8262027303161482,1738773,302194
mean_s1_d1.0,2025-06-01,route,17,0.8637274054484207,2674096,364406
mean_s1_d1.0,2025-06-01,route,25,0.7377624761385329,352032,92316
mean_s1_d1.0,2025-06-01,route,26,0.7005156274027372,832384,249286
mean_s1_d1.0,2025-06-01,route,28,0.7197886515235867,486779,136401
mean_s1_d1.0,2025-06-01,route,50,0.7962171725385256,1217502,248106
mean_s1_d1.0,2025-06-01,month,6,0.8577359406961709,5554987,790275
mean_s1_d1.0,2025-06-01,month,7,0.7116413779227897,5407676,1559350
mean_s1_d1.0,2025-06-01,lead_week,1,0.8911972017594997,1452913,158081
mean_s1_d1.0,2025-06-01,lead_week,2,0.8357257875345464,1133982,186284
mean_s1_d1.0,2025-06-01,lead_week,3,0.8563182187983783,1328721,190913
mean_s1_d1.0,2025-06-01,lead_week,4,0.8532654015523333,1332317,195497
mean_s1_d1.0,2025-06-01,lead_week,5,0.8197205254686444,1287917,232185
mean_s1_d1.0,2025-06-01,lead_week,6,0.7262754994880952,1214093,332327
mean_s1_d1.0,2025-06-01,lead_week,7,0.6767833999512926,1174358,379572
mean_s1_d1.0,2025-06-01,lead_week,8,0.6588596287135301,1164761,397347
mean_s1_d1.0,2025-06-01,lead_week,9,0.6824419843841754,873601,277419
median_s1_d0.0,2025-06-01,route,1,0.8088284980750069,929354,177666
median_s1_d0.0,2025-06-01,route,5,,0,0
median_s1_d0.0,2025-06-01,route,7,0.5569071354297702,1045361,463192
median_s1_d0.0,2025-06-01,route,11,0.8332625704021983,1686382,281183
median_s1_d0.0,2025-06-01,route,12,0.8220388745396898,1738773,309434
median_s1_d0.0,2025-06-01,route,17,0.8489986896506333,2674096,403792
median_s1_d0.0,2025-06-01,route,25,0.7463980547222979,352032,89276
median_s1_d0.0,2025-06-01,route,26,0.7210338017069045,832384,232207
median_s1_d0.0,2025-06-01,route,28,0.7331889830908893,486779,129878
median_s1_d0.0,2025-06-01,route,50,0.8016397508997932,1217502,241504
median_s1_d0.0,2025-06-01,month,6,0.8579998477044141,5554987,788809
median_s1_d0.0,2025-06-01,month,7,0.7153448172560635,5407676,1539323
median_s1_d0.0,2025-06-01,lead_week,1,0.8949214440231452,1452913,152670
median_s1_d0.0,2025-06-01,lead_week,2,0.832553779513255,1133982,189881
median_s1_d0.0,2025-06-01,lead_week,3,0.856177481954451,1328721,191100
median_s1_d0.0,2025-06-01,lead_week,4,0.8524615388079564,1332317,196568
median_s1_d0.0,2025-06-01,lead_week,5,0.8254406145737653,1287917,224818
median_s1_d0.0,2025-06-01,lead_week,6,0.7296253252427944,1214093,328260
median_s1_d0.0,2025-06-01,lead_week,7,0.6785775717455835,1174358,377465
median_s1_d0.0,2025-06-01,lead_week,8,0.6616490421640148,1164761,394098
median_s1_d0.0,2025-06-01,lead_week,9,0.6871890027598412,873601,273272
median_s1_d0.5,2025-06-01,route,1,0.8050463009789596,929354,181181
median_s1_d0.5,2025-06-01,route,5,,0,0
median_s1_d0.5,2025-06-01,route,7,0.5535800551197146,1045361,466670
median_s1_d0.5,2025-06-01,route,11,0.8309428112966102,1686382,285095
median_s1_d0.5,2025-06-01,route,12,0.819223670944971,1738773,314329
median_s1_d0.5,2025-06-01,route,17,0.8493685342635418,2674096,402803
median_s1_d0.5,2025-06-01,route,25,0.74779565494046,352032,88784
median_s1_d0.5,2025-06-01,route,26,0.7176663655236044,832384,235010
median_s1_d0.5,2025-06-01,route,28,0.7306991468407635,486779,131090
median_s1_d0.5,2025-06-01,route,50,0.7998327723486286,1217502,243704
median_s1_d0.5,2025-06-01,month,6,0.8572990359833426,5554987,792702
median_s1_d0.5,2025-06-01,month,7,0.7122675249034891,5407676,1555964
median_s1_d0.5,2025-06-01,lead_week,1,0.8944093693152997,1452913,153414
median_s1_d0.5,2025-06-01,lead_week,2,0.8327821782003595,1133982,189622
median_s1_d0.5,2025-06-01,lead_week,3,0.8550892173752052,1328721,192546
median_s1_d0.5,2025-06-01,lead_week,4,0.8519676623506267,1332317,197226
median_s1_d0.5,2025-06-01,lead_week,5,0.8220366685120237,1287917,229202
median_s1_d0.5,2025-06-01,lead_week,6,0.7265761354360827,1214093,331962
median_s1_d0.5,2025-06-01,lead_week,7,0.6756687483714506,1174358,380881
median_s1_d0.5,2025-06-01,lead_week,8,0.6583333404878768,1164761,397960
median_s1_d0.5,2025-06-01,lead_week,9,0.6842345647498114,873601,275853
median_s1_d1.0,2025-06-01,route,1,0.7998330022790023,929354,186026
median_s1_d1.0,2025-06-01,route,5,,0,0
median_s1_d1.0,2025-06-01,route,7,0.5484775115964724,1045361,472004
median_s1_d1.0,2025-06-01,route,11,0.827428186496298,1686382,291022
median_s1_d1.0,2025-06-01,route,12,0.8148418453702697,1738773,321948
median_s1_d1.0,2025-06-01,route,17,0.8484542065804668,2674096,405248
median_s1_d1.0,2025-06-01,route,25,0.7455373375147714,352032,89579
median_s1_d1.0,2025-06-01,route,26,0.7135769068122405,832384,238414
median_s1_d1.0,2025-06-01,route,28,0.7265001160690991,486779,133134
median_s1_d1.0,2025-06-01,route,50,0.7959329840936606,1217502,248452
median_s1_d1.0,2025-06-01,month,6,0.8546291827505627,5554987,807533
median_s1_d1.0,2025-06-01,month,7,0.7081382094637327,5407676,1578294
median_s1_d1.0,2025-06-01,lead_week,1,0.8910265101902178,1452913,158329
median_s1_d1.0,2025-06-01,lead_week,2,0.8311966151138201,1133982,191420
median_s1_d1.0,2025-06-01,lead_week,3,0.8528201179931678,1328721,195561
median_s1_d1.0,2025-06-01,lead_week,4,0.8495966050121705,1332317,200385
median_s1_d1.0,2025-06-01,lead_week,5,0.8170837095868755,1287917,235581
median_s1_d1.0,2025-06-01,lead_week,6,0.7224751316414806,1214093,336941
median_s1_d1.0,2025-06-01,lead_week,7,0.6716350550683863,1174358,385618
median_s1_d1.0,2025-06-01,lead_week,8,0.6540054139862169,1164761,403001
median_s1_d1.0,2025-06-01,lead_week,9,0.6806425358945332,873601,278991
trim10_s1_d0.0,2025-06-01,route,1,0.8205947356981301,929354,166731
trim10_s1_d0.0,2025-06-01,route,5,,0,0
trim10_s1_d0.0,2025-06-01,route,7,0.567191620885034,1045361,452441
trim10_s1_d0.0,2025-06-01,route,11,0.843093083299039,1686382,264605
trim10_s1_d0.0,2025-06-01,route,12,0.832537657302017,1738773,291179
trim10_s1_d0.0,2025-06-01,route,17,0.8641683021103206,2674096,363227
trim10_s1_d0.0,2025-06-01,route,25,0.7551756658485592,352032,86186
trim10_s1_d0.0,2025-06-01,route,26,0.7348447351222513,832384,220711
trim10_s1_d0.0,2025-06-01,route,28,0.7429942540660135,486779,125105
trim10_s1_d0.0,2025-06-01,route,50,0.8093292659888854,1217502,232142
trim10_s1_d0.0,2025-06-01,month,6,0.8667557637848657,5554987,740170
trim10_s1_d0.0,2025-06-01,month,7,0.7296145331192179,5407676,1462157
trim10_s1_d0.0,2025-06-01,lead_week,1,0.8997531166697524,1452913,145650
trim10_s1_d0.0,2025-06-01,lead_week,2,0.8374806654779353,1133982,184294
trim10_s1_d0.0,2025-06-01,lead_week,3,0.8694895316624032,1328721,173412
trim10_s1_d0.0,2025-06-01,lead_week,4,0.8650035989933327,1332317,179858
trim10_s1_d0.0,2025-06-01,lead_week,5,0.837815635634905,1287917,208880
trim10_s1_d0.0,2025-06-01,lead_week,6,0.744326011269318,1214093,310412
trim10_s1_d0.0,2025-06-01,lead_week,7,0.6932204659907797,1174358,360269
trim10_s1_d0.0,2025-06-01,lead_week,8,0.6770255872234734,1164761,376188
trim10_s1_d0.0,2025-06-01,lead_week,9,0.6985305648688589,873601,263364
trim10_s1_d0.5,2025-06-01,route,1,0.8119683134736602,929354,174748
trim10_s1_d0.5,2025-06-01,route,5,,0,0
trim10_s1_d0.5,2025-06-01,route,7,0.5568267804136562,1045361,463276
trim10_s1_d0.5,2025-06-01,route,11,0.8371217197527013,1686382,274675
trim10_s1_d0.5,2025-06-01,route,12,0.8265432002912398,1738773,301602
trim10_s1_d0.5,2025-06-01,route,17,0.8610461254943726,2674096,371576
trim10_s1_d0.5,2025-06-01,route,25,0.7504260976274884,352032,87858
trim10_s1_d0.5,2025-06-01,route,26,0.7252025507458096,832384,228737
trim10_s1_d0.5,2025-06-01,route,28,0.7342900987922651,486779,129342
trim10_s1_d0.5,2025-06-01,route,50,0.8040635662200144,1217502,238553
trim10_s1_d0.5,2025-06-01,month,6,0.8630160610636892,5554987,760944
trim10_s1_d0.5,2025-06-01,month,7,0.7208739946697991,5407676,1509423
trim10_s1_d0.5,2025-06-01,lead_week,1,0.8975155429127553,1452913,148901
trim10_s1_d0.5,2025-06-01,lead_week,2,0.8365891169348367,1133982,185305
trim10_s1_d0.5,2025-06-01,lead_week,3,0.8634378473735269,1328721,181453
trim10_s1_d0.5,2025-06-01,lead_week,4,0.8599334842984064,1332317,186613
trim10_s1_d0.5,2025-06-01,lead_week,5,0.8294928943402409,1287917,219599
trim10_s1_d0.5,2025-06-01,lead_week,6,0.7355993321763654,1214093,321007
trim10_s1_d0.5,2025-06-01,lead_week,7,0.68490358136105,1174358,370036
trim10_s1_d0.5,2025-06-01,lead_week,8,0.6675910336970416,1164761,387177
trim10_s1_d0.5,2025-06-01,lead_week,9,0.6906184860136377,873601,270276
trim10_s1_d1.0,2025-06-01,route,1,0.8013587933123438,929354,184608
trim10_s1_d1.0,2025-06-01,route,5,,0,0
trim10_s1_d1.0,2025-06-01,route,7,0.5446931729804345,1045361,475960
trim10_s1_d1.0,2025-06-01,route,11,0.8295664920522159,1686382,287416
trim10_s1_d1.0,2025-06-01,route,12,0.8180176480771211,1738773,316426
trim10_s1_d1.0,2025-06-01,route,17,0.8563039621614184,2674096,384257
trim10_s1_d1.0,2025-06-01,route,25,0.7432449322788837,352032,90386
trim10_s1_d1.0,2025-06-01,route,26,0.7148623712132862,832384,237344
trim10_s1_d1.0,2025-06-01,route,28,0.7237678700190435,486779,134464
trim10_s1_d1.0,2025-06-01,route,50,0.7956093706622248,1217502,248846
trim10_s1_d1.0,2025-06-01,month,6,0.8569245976633248,5554987,794782
trim10_s1_d1.0,2025-06-01,month,7,0.7106104359802621,5407676,1564925
trim10_s1_d1.0,2025-06-01,lead_week,1,0.8920059218962182,1452913,156906
trim10_s1_d1.0,2025-06-01,lead_week,2,0.8342328185103467,1133982,187977
trim10_s1_d1.0,2025-06-01,lead_week,3,0.8554986336484484,1328721,192002
trim10_s1_d1.0,2025-06-01,lead_week,4,0.8521778225452351,1332317,196946
trim10_s1_d1.0,2025-06-01,lead_week,5,0.8188408103938375,1287917,233318
trim10_s1_d1.0,2025-06-01,lead_week,6,0.7254559576572799,1214093,333322
trim10_s1_d1.0,2025-06-01,lead_week,7,0.674621367589781,1174358,382111
trim10_s1_d1.0,2025-06-01,lead_week,8,0.6570163321058998,1164761,399494
trim10_s1_d1.0,2025-06-01,lead_week,9,0.6821993106692872,873601,277631
q40_s1_d0.0,2025-06-01,route,1,0.8281602059064683,929354,159700
q40_s1_d0.0,2025-06-01,route,5,,0,0
q40_s1_d0.0,2025-06-01,route,7,0.5879748718385323,1045361,430715
q40_s1_d0.0,2025-06-01,route,11,0.8467423157979628,1686382,258451
q40_s1_d0.0,2025-06-01,route,12,0.8360274745467062,1738773,285111
q40_s1_d0.0,2025-06-01,route,17,0.8608524151713327,2674096,372094
q40_s1_d0.0,2025-06-01,route,25,0.7697169575493137,352032,81067
q40_s1_d0.0,2025-06-01,route,26,0.7543729817007535,832384,204456
q40_s1_d0.0,2025-06-01,route,28,0.763225200758455,486779,115257
q40_s1_d0.0,2025-06-01,route,50,0.8149908583312389,1217502,225249
q40_s1_d0.0,2025-06-01,month,6,0.8702322795714914,5554987,720858
q40_s1_d0.0,2025-06-01,month,7,0.7390298531198984,5407676,1411242
q40_s1_d0.0,2025-06-01,lead_week,1,0.8970000268426258,1452913,149650
q40_s1_d0.0,2025-06-01,lead_week,2,0.8417064821134728,1133982,179502
q40_s1_d0.0,2025-06-01,lead_week,3,0.8746373392156819,1328721,166572
q40_s1_d0.0,2025-06-01,lead_week,4,0.8694589951190295,1332317,173922
q40_s1_d0.0,2025-06-01,lead_week,5,0.8468798843403729,1287917,197206
q40_s1_d0.0,2025-06-01,lead_week,6,0.7541012097096351,1214093,298544
q40_s1_d0.0,2025-06-01,lead_week,7,0.7039667631165283,1174358,347649
q40_s1_d0.0,2025-06-01,lead_week,8,0.686328783329799,1164761,365352
q40_s1_d0.0,2025-06-01,lead_week,9,0.7095893892062852,873601,253703
q40_s1_d0.5,2025-06-01,route,1,0.8253055348123535,929354,162353
q40_s1_d0.5,2025-06-01,route,5,,0,0
q40_s1_d0.5,2025-06-01,route,7,0.5852160162852833,1045361,433599
q40_s1_d0.5,2025-06-01,route,11,0.8439161471125759,1686382,263217
q40_s1_d0.5,2025-06-01,route,12,0.8353505604239311,1738773,286288
q40_s1_d0.5,2025-06-01,route,17,0.86080866206748,2674096,372211
q40_s1_d0.5,2025-06-01,route,25,0.7676347604763203,352032,81800
q40_s1_d0.5,2025-06-01,route,26,0.7508878113947409,832384,207357
q40_s1_d0.5,2025-06-01,route,28,0.7601950782593333,486779,116732
q40_s1_d0.5,2025-06-01,route,50,0.812126797327643,1217502,228736
q40_s1_d0.5,2025-06-01,month,6,0.8698180571799718,5554987,723159
q40_s1_d0.5,2025-06-01,month,7,0.7357212229430905,5407676,1429134
q40_s1_d0.5,2025-06-01,lead_week,1,0.896403982895053,1452913,150516
q40_s1_d0.5,2025-06-01,lead_week,2,0.8422814471481911,1133982,178850
q40_s1_d0.5,2025-06-01,lead_week,3,0.8742294281493256,1328721,167114
q40_s1_d0.5,2025-06-01,lead_week,4,0.8688855580165982,1332317,174686
q40_s1_d0.5,2025-06-01,lead_week,5,0.8437756470331551,1287917,201204
q40_s1_d0.5,2025-06-01,lead_week,6,0.7505133461769403,1214093,302900
q40_s1_d0.5,2025-06-01,lead_week,7,0.7010238785787639,1174358,351105
q40_s1_d0.5,2025-06-01,lead_week,8,0.6827400642706959,1164761,369532
q40_s1_d0.5,2025-06-01,lead_week,9,0.706518193088149,873601,256386
q40_s1_d1.0,2025-06-01,route,1,0.820437637326573,929354,166877
q40_s1_d1.0,2025-06-01,route,5,,0,0
q40_s1_d1.0,2025-06-01,route,7,0.5806750012675047,1045361,438346
q40_s1_d1.0,2025-06-01,route,11,0.8395849813387477,1686382,270521
q40_s1_d1.0,2025-06-01,route,12,0.8328091130929685,1738773,290707
q40_s1_d1.0,2025-06-01,route,17,0.8595813314106898,2674096,375493
q40_s1_d1.0,2025-06-01,route,25,0.7620102717934734,352032,83780
q40_s1_d1.0,2025-06-01,route,26,0.7462409176533907,832384,211225
q40_s1_d1.0,2025-06-01,route,28,0.7547901614490354,486779,119363
q40_s1_d1.0,2025-06-01,route,50,0.8067411798912856,1217502,235293
q40_s1_d1.0,2025-06-01,month,6,0.8672365929929269,5554987,737499
q40_s1_d1.0,2025-06-01,month,7,0.7311033427298529,5407676,1454106
q40_s1_d1.0,2025-06-01,lead_week,1,0.8933583772737941,1452913,154941
q40_s1_d1.0,2025-06-01,lead_week,2,0.8412179382036047,1133982,180056
q40_s1_d1.0,2025-06-01,lead_week,3,0.8718293757681259,1328721,170303
q40_s1_d1.0,2025-06-01,lead_week,4,0.8660686608367227,1332317,178439
q40_s1_d1.0,2025-06-01,lead_week,5,0.8388692749610418,1287917,207523
q40_s1_d1.0,2025-06-01,lead_week,6,0.7457023473490088,1214093,308741
q40_s1_d1.0,2025-06-01,lead_week,7,0.6962953375376163,1174358,356658
q40_s1_d1.0,2025-06-01,lead_week,8,0.6780034702398174,1164761,375049
q40_s1_d1.0,2025-06-01,lead_week,9,0.7025014852318163,873601,259895
q60_s1_d0.0,2025-06-01,route,1,0.7871973435310979,929354,197769
q60_s1_d0.0,2025-06-01,route,5,,0,0
q60_s1_d0.0,2025-06-01,route,7,0.5220378414729456,1045361,499643
q60_s1_d0.0,2025-06-01,route,11,0.817164794216257,1686382,308330
q60_s1_d0.0,2025-06-01,route,12,0.8015106054671887,1738773,345128
q60_s1_d0.0,2025-06-01,route,17,0.8367945653409601,2674096,436427
q60_s1_d0.0,2025-06-01,route,25,0.7228121307153895,352032,97579
q60_s1_d0.0,2025-06-01,route,26,0.6886581193295402,832384,259156
q60_s1_d0.0,2025-06-01,route,28,0.7011559660544107,486779,145471
q60_s1_d0.0,2025-06-01,route,50,0.7857703724511336,1217502,260825
q60_s1_d0.0,2025-06-01,month,6,0.8421947702127836,5554987,876606
q60_s1_d0.0,2025-06-01,month,7,0.6904914421648043,5407676,1673722
q60_s1_d0.0,2025-06-01,lead_week,1,0.8881784387640554,1452913,162467
q60_s1_d0.0,2025-06-01,lead_week,2,0.8193921949378385,1133982,204806
q60_s1_d0.0,2025-06-01,lead_week,3,0.8345785157305409,1328721,219799
q60_s1_d0.0,2025-06-01,lead_week,4,0.832936906156718,1332317,222581
q60_s1_d0.0,2025-06-01,lead_week,5,0.8008497441993545,1287917,256489
q60_s1_d0.0,2025-06-01,lead_week,6,0.7040959794678002,1214093,359255
q60_s1_d0.0,2025-06-01,lead_week,7,0.6525795370747252,1174358,407996
q60_s1_d0.0,2025-06-01,lead_week,8,0.6370148038953913,1164761,422791
q60_s1_d0.0,2025-06-01,lead_week,9,0.6632970887167025,873601,294144
q60_s1_d0.5,2025-06-01,route,1,0.7833452053792204,929354,201349
q60_s1_d0.5,2025-06-01,route,5,,0,0
q60_s1_d0.5,2025-06-01,route,7,0.5168635523996017,1045361,505052
q60_s1_d0.5,2025-06-01,route,11,0.8150092920821024,1686382,311965
q60_s1_d0.5,2025-06-01,route,12,0.7987322094373446,1738773,349959
q60_s1_d0.5,2025-06-01,route,17,0.8370312808515477,2674096,435794
q60_s1_d0.5,2025-06-01,route,25,0.7203606490319061,352032,98442
q60_s1_d0.5,2025-06-01,route,26,0.6841385706596955,832384,262918
q60_s1_d0.5,2025-06-01,route,28,0.6975629597825708,486779,147220
q60_s1_d0.5,2025-06-01,route,50,0.782635264664863,1217502,264642
q60_s1_d0.5,2025-06-01,month,6,0.8405359004440515,5554987,885821
q60_s1_d0.5,2025-06-01,month,7,0.6872001946862201,5407676,1691520
q60_s1_d0.5,2025-06-01,lead_week,1,0.886653915272284,1452913,164682
q60_s1_d0.5,2025-06-01,lead_week,2,0.8184918279126123,1133982,205827
q60_s1_d0.5,2025-06-01,lead_week,3,0.8329431084478984,1328721,221972
q60_s1_d0.5,2025-06-01,lead_week,4,0.8313779678559983,1332317,224658
q60_s1_d0.5,2025-06-01,lead_week,5,0.7968114404887893,1287917,261690
q60_s1_d0.5,2025-06-01,lead_week,6,0.7007972206412524,1214093,363260
q60_s1_d0.5,2025-06-01,lead_week,7,0.6495336175169752,1174358,411573
q60_s1_d0.5,2025-06-01,lead_week,8,0.6335368371708874,1164761,426842
q60_s1_d0.5,2025-06-01,lead_week,9,0.6602144457252224,873601,296837
q60_s1_d1.0,2025-06-01,route,1,0.7786709908172773,929354,205693
q60_s1_d1.0,2025-06-01,route,5,,0,0
q60_s1_d1.0,2025-06-01,route,7,0.509653602918035,1045361,512589
q60_s1_d1.0,2025-06-01,route,11,0.8116209731840117,1686382,317679
q60_s1_d1.0,2025-06-01,route,12,0.7948306075606189,1738773,356743
q60_s1_d1.0,2025-06-01,route,17,0.8361951104223633,2674096,438030
q60_s1_d1.0,2025-06-01,route,25,0.7162388646486684,352032,99893
q60_s1_d1.0,2025-06-01,route,26,0.6788489447178225,832384,267321
q60_s1_d1.0,2025-06-01,route,28,0.6930290747957493,486779,149427
q60_s1_d1.0,2025-06-01,route,50,0.7777178189440346,1217502,270629
q60_s1_d1.0,2025-06-01,month,6,0.8372356226936265,5554987,904154
q60_s1_d1.0,2025-06-01,month,7,0.6830708792464637,5407676,1713850
q60_s1_d1.0,2025-06-01,lead_week,1,0.8828078487837882,1452913,170270
q60_s1_d1.0,2025-06-01,lead_week,2,0.8160755638096548,1133982,208567
q60_s1_d1.0,2025-06-01,lead_week,3,0.8299597883980159,1328721,225936
q60_s1_d1.0,2025-06-01,lead_week,4,0.8285408052287857,1332317,228438
q60_s1_d1.0,2025-06-01,lead_week,5,0.7916340882215236,1287917,268358
q60_s1_d1.0,2025-06-01,lead_week,6,0.6969639063893787,1214093,367914
q60_s1_d1.0,2025-06-01,lead_week,7,0.6453457974484782,1174358,416491
q60_s1_d1.0,2025-06-01,lead_week,8,0.6290844216109571,1164761,432028
q60_s1_d1.0,2025-06-01,lead_week,9,0.6565915103119159,873601,300002
level_w28_c0.25,2025-06-01,route,1,0.8075308224852962,929354,178872
level_w28_c0.25,2025-06-01,route,5,,0,0
level_w28_c0.25,2025-06-01,route,7,0.529728964443862,1045361,491603
level_w28_c0.25,2025-06-01,route,11,0.8598431434870628,1686382,236358
level_w28_c0.25,2025-06-01,route,12,0.8273472155364732,1738773,300204
level_w28_c0.25,2025-06-01,route,17,0.8454905882212157,2674096,413173
level_w28_c0.25,2025-06-01,route,25,0.7156849377329333,352032,100088
level_w28_c0.25,2025-06-01,route,26,0.7623320486698447,832384,197831
level_w28_c0.25,2025-06-01,route,28,0.7173645535242892,486779,137581
level_w28_c0.25,2025-06-01,route,50,0.8103009276370798,1217502,230959
level_w28_c0.25,2025-06-01,month,6,0.8638094022542266,5554987,756537
level_w28_c0.25,2025-06-01,month,7,0.7170444383132422,5407676,1530132
level_w28_c0.25,2025-06-01,lead_week,1,0.9065078225606076,1452913,135836
level_w28_c0.25,2025-06-01,lead_week,2,0.8366076357473047,1133982,185284
level_w28_c0.25,2025-06-01,lead_week,3,0.8631194961169425,1328721,181876
level_w28_c0.25,2025-06-01,lead_week,4,0.8589795071293094,1332317,187884
level_w28_c0.25,2025-06-01,lead_week,5,0.8275820569182641,1287917,222060
level_w28_c0.25,2025-06-01,lead_week,6,0.7343663129595508,1214093,322504
level_w28_c0.25,2025-06-01,lead_week,7,0.6776647325602585,1174358,378537
level_w28_c0.25,2025-06-01,lead_week,8,0.6635017827691689,1164761,391940
level_w28_c0.25,2025-06-01,lead_week,9,0.6786313202480309,873601,280748
level_w56_c0.25,2025-06-01,route,1,0.7729519644828559,929354,211008
level_w56_c0.25,2025-06-01,route,5,,0,0
level_w56_c0.25,2025-06-01,route,7,0.5015702709398955,1045361,521039
level_w56_c0.25,2025-06-01,route,11,0.847856535470611,1686382,256572
level_w56_c0.25,2025-06-01,route,12,0.8194824741354967,1738773,313879
level_w56_c0.25,2025-06-01,route,17,0.8319966822432703,2674096,449257
level_w56_c0.25,2025-06-01,route,25,0.7046404872284338,352032,103976
level_w56_c0.25,2025-06-01,route,26,0.7031874711671536,832384,247062
level_w56_c0.25,2025-06-01,route,28,0.7031383851809547,486779,144506
level_w56_c0.25,2025-06-01,route,50,0.8010853370261404,1217502,242179
level_w56_c0.25,2025-06-01,month,6,0.844943831551721,5554987,861335
level_w56_c0.25,2025-06-01,month,7,0.6989200166578027,5407676,1628143
level_w56_c0.25,2025-06-01,lead_week,1,0.8890112484367612,1452913,161257
level_w56_c0.25,2025-06-01,lead_week,2,0.8169283110313921,1133982,207600
level_w56_c0.25,2025-06-01,lead_week,3,0.842909835849663,1328721,208729
level_w56_c0.25,2025-06-01,lead_week,4,0.8405146823165959,1332317,212485
level_w56_c0.25,2025-06-01,lead_week,5,0.8051466049442627,1287917,250955
level_w56_c0.25,2025-06-01,lead_week,6,0.7142368830064912,1214093,346943
level_w56_c0.25,2025-06-01,lead_week,7,0.6624862265169564,1174358,396362
level_w56_c0.25,2025-06-01,lead_week,8,0.6496199649541837,1164761,408109
level_w56_c0.25,2025-06-01,lead_week,9,0.6599843635710124,873601,297038
level_w84_c0.25,2025-06-01,route,1,0.7812792541916213,929354,203269
level_w84_c0.25,2025-06-01,route,5,,0,0
level_w84_c0.25,2025-06-01,route,7,0.4542995194961358,1045361,570454
level_w84_c0.25,2025-06-01,route,11,0.8415845282978589,1686382,267149
level_w84_c0.25,2025-06-01,route,12,0.8185191511485398,1738773,315554
level_w84_c0.25,2025-06-01,route,17,0.8514054843206826,2674096,397356
level_w84_c0.25,2025-06-01,route,25,0.6881277838378329,352032,109789
level_w84_c0.25,2025-06-01,route,26,0.6273690988774412,832384,310172
level_w84_c0.25,2025-06-01,route,28,0.6776422154612257,486779,156917
level_w84_c0.25,2025-06-01,route,50,0.7894385389099977,1217502,256359
level_w84_c0.25,2025-06-01,month,6,0.8386446268911161,5554987,896327
level_w84_c0.25,2025-06-01,month,7,0.6873533103684466,5407676,1690692
level_w84_c0.25,2025-06-01,lead_week,1,0.8843777982577071,1452913,167989
level_w84_c0.25,2025-06-01,lead_week,2,0.814802174990432,1133982,210011
level_w84_c0.25,2025-06-01,lead_week,3,0.8322815700210955,1328721,222851
level_w84_c0.25,2025-06-01,lead_week,4,0.8319236337898563,1332317,223931
level_w84_c0.25,2025-06-01,lead_week,5,0.795090056269154,1287917,263907
level_w84_c0.25,2025-06-01,lead_week,6,0.7014421465241955,1214093,362477
level_w84_c0.25,2025-06-01,lead_week,7,0.6519494055475417,1174358,408736
level_w84_c0.25,2025-06-01,lead_week,8,0.636049799057489,1164761,423915
level_w84_c0.25,2025-06-01,lead_week,9,0.6529285108419061,873601,303202
level_w28_c0.5,2025-06-01,route,1,0.7846956057648646,929354,200094
level_w28_c0.5,2025-06-01,route,5,,0,0
level_w28_c0.5,2025-06-01,route,7,0.4928842763409004,1045361,530119
level_w28_c0.5,2025-06-01,route,11,0.8515294873877923,1686382,250378
level_w28_c0.5,2025-06-01,route,12,0.7998778448940719,1738773,347967
level_w28_c0.5,2025-06-01,route,17,0.8028866577714487,2674096,527100
level_w28_c0.5,2025-06-01,route,25,0.6892470002727025,352032,109395
level_w28_c0.5,2025-06-01,route,26,0.7307985256804552,832384,224079
level_w28_c0.5,2025-06-01,route,28,0.6763089615616121,486779,157566
level_w28_c0.5,2025-06-01,route,50,0.7928890465888352,1217502,252158
level_w28_c0.5,2025-06-01,month,6,0.8388568686119338,5554987,895148
level_w28_c0.5,2025-06-01,month,7,0.6849463614314171,5407676,1703708
level_w28_c0.5,2025-06-01,lead_week,1,0.8916989523804936,1452913,157352
level_w28_c0.5,2025-06-01,lead_week,2,0.8128056706367474,1133982,212275
level_w28_c0.5,2025-06-01,lead_week,3,0.8326510983118351,1328721,222360
level_w28_c0.5,2025-06-01,lead_week,4,0.8298618121663238,1332317,226678
level_w28_c0.5,2025-06-01,lead_week,5,0.795951136602747,1287917,262798
level_w28_c0.5,2025-06-01,lead_week,6,0.7022765142373772,1214093,361464
level_w28_c0.5,2025-06-01,lead_week,7,0.6452078497357705,1174358,416653
level_w28_c0.5,2025-06-01,lead_week,8,0.6306263688430502,1164761,430232
level_w28_c0.5,2025-06-01,lead_week,9,0.6462412474344695,873601,309044
level_w56_c0.5,2025-06-01,route,1,0.7473352457728701,929354,234815
level_w56_c0.5,2025-06-01,route,5,,0,0
level_w56_c0.5,2025-06-01,route,7,0.4633882457830357,1045361,560953
level_w56_c0.5,2025-06-01,route,11,0.8381416547377759,1686382,272955
level_w56_c0.5,2025-06-01,route,12,0.7917169176194938,1738773,362157
level_w56_c0.5,2025-06-01,route,17,0.8044228778622757,2674096,522992
level_w56_c0.5,2025-06-01,route,25,0.6774952277065721,352032,113532
level_w56_c0.5,2025-06-01,route,26,0.6675741004151929,832384,276706
level_w56_c0.5,2025-06-01,route,28,0.6612055984337861,486779,164918
level_w56_c0.5,2025-06-01,route,50,0.7817941982846845,1217502,265666
level_w56_c0.5,2025-06-01,month,6,0.8224645710241987,5554987,986207
level_w56_c0.5,2025-06-01,month,7,0.6692688319344576,5407676,1788487
level_w56_c0.5,2025-06-01,lead_week,1,0.874461168700397,1452913,182397
level_w56_c0.5,2025-06-01,lead_week,2,0.7964606140132736,1133982,230810
level_w56_c0.5,2025-06-01,lead_week,3,0.8151056542344104,1328721,245673
level_w56_c0.5,2025-06-01,lead_week,4,0.81441278614624,1332317,247261
level_w56_c0.5,2025-06-01,lead_week,5,0.7768264569844174,1287917,287429
level_w56_c0.5,2025-06-01,lead_week,6,0.6838701812793584,1214093,383811
level_w56_c0.5,2025-06-01,lead_week,7,0.6333298704483641,1174358,430602
level_w56_c0.5,2025-06-01,lead_week,8,0.6198868265678539,1164761,442741
level_w56_c0.5,2025-06-01,lead_week,9,0.6291556442815427,873601,323970
level_w84_c0.5,2025-06-01,route,1,0.755919703363842,929354,226837
level_w84_c0.5,2025-06-01,route,5,,0,0
level_w84_c0.5,2025-06-01,route,7,0.4135930075830263,1045361,613007
level_w84_c0.5,2025-06-01,route,11,0.8319467356743608,1686382,283402
level_w84_c0.5,2025-06-01,route,12,0.7926279048501443,1738773,360573
level_w84_c0.5,2025-06-01,route,17,0.8206934231231788,2674096,479483
level_w84_c0.5,2025-06-01,route,25,0.6589969093718753,352032,120044
level_w84_c0.5,2025-06-01,route,26,0.5883186125634323,832384,342677
level_w84_c0.5,2025-06-01,route,28,0.6330737357199058,486779,178612
level_w84_c0.5,2025-06-01,route,50,0.7676767676767677,1217502,282854
level_w84_c0.5,2025-06-01,month,6,0.8145866047931345,5554987,1029969
level_w84_c0.5,2025-06-01,month,7,0.6565030893123035,5407676,1857520
level_w84_c0.5,2025-06-01,lead_week,1,0.8686074114554692,1452913,190902
level_w84_c0.5,2025-06-01,lead_week,2,0.7926404475556049,1133982,235142
level_w84_c0.5,2025-06-01,lead_week,3,0.8036276991181746,1328721,260924
level_w84_c0.5,2025-06-01,lead_week,4,0.804072153999386,1332317,261038
level_w84_c0.5,2025-06-01,lead_week,5,0.7653094104666682,1287917,302262
level_w84_c0.5,2025-06-01,lead_week,6,0.670891768587744,1214093,399568
level_w84_c0.5,2025-06-01,lead_week,7,0.6202887024229409,1174358,445917
level_w84_c0.5,2025-06-01,lead_week,8,0.60415913650955,1164761,461060
level_w84_c0.5,2025-06-01,lead_week,9,0.6214793710172035,873601,330676
level_w28_c1.0,2025-06-01,route,1,0.7342401280889737,929354,246985
level_w28_c1.0,2025-06-01,route,5,,0,0
level_w28_c1.0,2025-06-01,route,7,0.4148700783748389,1045361,611672
level_w28_c1.0,2025-06-01,route,11,0.8314569296873425,1686382,284228
level_w28_c1.0,2025-06-01,route,12,0.7384195636808255,1738773,454829
level_w28_c1.0,2025-06-01,route,17,0.7088017782458071,2674096,778692
level_w28_c1.0,2025-06-01,route,25,0.6300023861467139,352032,130251
level_w28_c1.0,2025-06-01,route,26,0.6631566680762725,832384,280383
level_w28_c1.0,2025-06-01,route,28,0.5851916372727666,486779,201920
level_w28_c1.0,2025-06-01,route,50,0.7497958935591071,1217502,304624
level_w28_c1.0,2025-06-01,month,6,0.7802079464812429,5554987,1220942
level_w28_c1.0,2025-06-01,month,7,0.616722229660209,5407676,2072642
level_w28_c1.0,2025-06-01,lead_week,1,0.8464347142602482,1452913,223117
level_w28_c1.0,2025-06-01,lead_week,2,0.7561301678509889,1133982,276544
level_w28_c1.0,2025-06-01,lead_week,3,0.7662315866160014,1328721,310613
level_w28_c1.0,2025-06-01,lead_week,4,0.7659138178076239,1332317,311877
level_w28_c1.0,2025-06-01,lead_week,5,0.7274474985577486,1287917,351025
level_w28_c1.0,2025-06-01,lead_week,6,0.6340601584886825,1214093,444285
level_w28_c1.0,2025-06-01,lead_week,7,0.5770812648272503,1174358,496658
level_w28_c1.0,2025-06-01,lead_week,8,0.5617856367100204,1164761,510415
level_w28_c1.0,2025-06-01,lead_week,9,0.5775531392477802,873601,369050
level_w56_c1.0,2025-06-01,route,1,0.693270809616142,929354,285060
level_w56_c1.0,2025-06-01,route,5,,0,0
level_w56_c1.0,2025-06-01,route,7,0.38265632637911684,1045361,645347
level_w56_c1.0,2025-06-01,route,11,0.8167811326259412,1686382,308977
level_w56_c1.0,2025-06-01,route,12,0.7299613002962434,1738773,469536
level_w56_c1.0,2025-06-01,route,17,0.7413069687849652,2674096,691770
level_w56_c1.0,2025-06-01,route,25,0.6166172393418781,352032,134963
level_w56_c1.0,2025-06-01,route,26,0.5940563489927726,832384,337901
level_w56_c1.0,2025-06-01,route,28,0.5680257365251993,486779,210276
level_w56_c1.0,2025-06-01,route,50,0.733784420888015,1217502,324118
level_w56_c1.0,2025-06-01,month,6,0.7703731799912403,5554987,1275574
level_w56_c1.0,2025-06-01,month,7,0.6056764495506017,5407676,2132374
level_w56_c1.0,2025-06-01,lead_week,1,0.8326548114030228,1452913,243138
level_w56_c1.0,2025-06-01,lead_week,2,0.7486979511138625,1133982,284972
level_w56_c1.0,2025-06-01,lead_week,3,0.7549583396363871,1328721,325592
level_w56_c1.0,2025-06-01,lead_week,4,0.7569031994637913,1332317,323882
level_w56_c1.0,2025-06-01,lead_week,5,0.716169597885578,1287917,365550
level_w56_c1.0,2025-06-01,lead_week,6,0.6196716396519871,1214093,461754
level_w56_c1.0,2025-06-01,lead_week,7,0.5693689658519804,1174358,505715
level_w56_c1.0,2025-06-01,lead_week,8,0.5559329338808563,1164761,517232
level_w56_c1.0,2025-06-01,lead_week,9,0.5648894632675558,873601,380113
level_w84_c1.0,2025-06-01,route,1,0.7018767875319846,929354,277062
level_w84_c1.0,2025-06-01,route,5,,0,0
level_w84_c1.0,2025-06-01,route,7,0.3294201715962237,1045361,700998
level_w84_c1.0,2025-06-01,route,11,0.810239910055966,1686382,320008
level_w84_c1.0,2025-06-01,route,12,0.7333222910638709,1738773,463692
level_w84_c1.0,2025-06-01,route,17,0.7462563049344526,2674096,678535
level_w84_c1.0,2025-06-01,route,25,0.5955680165439505,352032,142373
level_w84_c1.0,2025-06-01,route,26,0.508745963401507,832384,408912
level_w84_c1.0,2025-06-01,route,28,0.537551948625557,486779,225110
level_w84_c1.0,2025-06-01,route,50,0.7172817785925608,1217502,344210
level_w84_c1.0,2025-06-01,month,6,0.7584320179327152,5554987,1341907
level_w84_c1.0,2025-06-01,month,7,0.5896586629820277,5407676,2218993
level_w84_c1.0,2025-06-01,lead_week,1,0.824070677322042,1452913,255610
level_w84_c1.0,2025-06-01,lead_week,2,0.7401422597536822,1133982,294674
level_w84_c1.0,2025-06-01,lead_week,3,0.7407326293480723,1328721,344494
level_w84_c1.0,2025-06-01,lead_week,4,0.7423150796694781,1332317,343318
level_w84_c1.0,2025-06-01,lead_week,5,0.7000194888335196,1287917,386350
level_w84_c1.0,2025-06-01,lead_week,6,0.605018725913089,1214093,479544
level_w84_c1.0,2025-06-01,lead_week,7,0.5518700430362802,1174358,526265
level_w84_c1.0,2025-06-01,lead_week,8,0.5364679964387544,1164761,539904
level_w84_c1.0,2025-06-01,lead_week,9,0.5527237262777859,873601,390741
blend_h14_b0.25,2025-06-01,route,1,0.8233837698013889,929354,164139
blend_h14_b0.25,2025-06-01,route,5,,0,0
blend_h14_b0.25,2025-06-01,route,7,0.5399110929143138,1045361,480959
blend_h14_b0.25,2025-06-01,route,11,0.8622571872802247,1686382,232287
blend_h14_b0.25,2025-06-01,route,12,0.8449349052464008,1738773,269623
blend_h14_b0.25,2025-06-01,route,17,0.8845550047567476,2674096,308711
blend_h14_b0.25,2025-06-01,route,25,0.7331407372057086,352032,93943
blend_h14_b0.25,2025-06-01,route,26,0.7465508707519606,832384,210967
blend_h14_b0.25,2025-06-01,route,28,0.7353398564851812,486779,128831
blend_h14_b0.25,2025-06-01,route,50,0.8155009190949994,1217502,224628
blend_h14_b0.25,2025-06-01,month,6,0.8731190550040892,5554987,704822
blend_h14_b0.25,2025-06-01,month,7,0.7393952596272411,5407676,1409266
blend_h14_b0.25,2025-06-01,lead_week,1,0.9099712095631328,1452913,130804
blend_h14_b0.25,2025-06-01,lead_week,2,0.8254760657576575,1133982,197907
blend_h14_b0.25,2025-06-01,lead_week,3,0.8806687032115846,1328721,158558
blend_h14_b0.25,2025-06-01,lead_week,4,0.8784838743332105,1332317,161898
blend_h14_b0.25,2025-06-01,lead_week,5,0.8474761960592181,1287917,196438
blend_h14_b0.25,2025-06-01,lead_week,6,0.7544158478798576,1214093,298162
blend_h14_b0.25,2025-06-01,lead_week,7,0.7022926569240384,1174358,349615
blend_h14_b0.25,2025-06-01,lead_week,8,0.6884888831270964,1164761,362836
blend_h14_b0.25,2025-06-01,lead_week,9,0.7048194770839319,873601,257870
blend_h28_b0.25,2025-06-01,route,1,0.8207141735011632,929354,166620
blend_h28_b0.25,2025-06-01,route,5,,0,0
blend_h28_b0.25,2025-06-01,route,7,0.5367160244164456,1045361,484299
blend_h28_b0.25,2025-06-01,route,11,0.8571213402420093,1686382,240948
blend_h28_b0.25,2025-06-01,route,12,0.8438669107468313,1738773,271480
blend_h28_b0.25,2025-06-01,route,17,0.8828056285189462,2674096,313389
blend_h28_b0.25,2025-06-01,route,25,0.7363876011271703,352032,92800
blend_h28_b0.25,2025-06-01,route,26,0.7260014608642165,832384,228072
blend_h28_b0.25,2025-06-01,route,28,0.734877634409044,486779,129056
blend_h28_b0.25,2025-06-01,route,50,0.8132011282116991,1217502,227428
blend_h28_b0.25,2025-06-01,month,6,0.8692277767706746,5554987,726438
blend_h28_b0.25,2025-06-01,month,7,0.7359949079789543,5407676,1427654
blend_h28_b0.25,2025-06-01,lead_week,1,0.9053914446357078,1452913,137458
blend_h28_b0.25,2025-06-01,lead_week,2,0.8230615653511255,1133982,200645
blend_h28_b0.25,2025-06-01,lead_week,3,0.8765685196516049,1328721,164006
blend_h28_b0.25,2025-06-01,lead_week,4,0.8736652012996907,1332317,168318
blend_h28_b0.25,2025-06-01,lead_week,5,0.8434402216913046,1287917,201636
blend_h28_b0.25,2025-06-01,lead_week,6,0.7504309801637931,1214093,303000
blend_h28_b0.25,2025-06-01,lead_week,7,0.6999083754698312,1174358,352415
blend_h28_b0.25,2025-06-01,lead_week,8,0.685444481743465,1164761,366382
blend_h28_b0.25,2025-06-01,lead_week,9,0.7021157256001309,873601,260232
blend_h56_b0.25,2025-06-01,route,1,0.8214953612939742,929354,165894
blend_h56_b0.25,2025-06-01,route,5,,0,0
blend_h56_b0.25,2025-06-01,route,7,0.5407261223634706,1045361,480107
blend_h56_b0.25,2025-06-01,route,11,0.853007800130694,1686382,247885
blend_h56_b0.25,2025-06-01,route,12,0.8414588908385396,1738773,275667
blend_h56_b0.25,2025-06-01,route,17,0.8809687460734394,2674096,318301
blend_h56_b0.25,2025-06-01,route,25,0.7421456003999636,352032,90773
blend_h56_b0.25,2025-06-01,route,26,0.7187824369521759,832384,234081
blend_h56_b0.25,2025-06-01,route,28,0.7352843898360447,486779,128858
blend_h56_b0.25,2025-06-01,route,50,0.8116035949016922,1217502,229373
blend_h56_b0.25,2025-06-01,month,6,0.8675651266150578,5554987,735674
blend_h56_b0.25,2025-06-01,month,7,0.7345874641897925,5407676,1435265
blend_h56_b0.25,2025-06-01,lead_week,1,0.9031407937020317,1452913,140728
blend_h56_b0.25,2025-06-01,lead_week,2,0.8220818319867511,1133982,201756
blend_h56_b0.25,2025-06-01,lead_week,3,0.874888708765798,1328721,166238
blend_h56_b0.25,2025-06-01,lead_week,4,0.8715951233827985,1332317,171076
blend_h56_b0.25,2025-06-01,lead_week,5,0.842002240827631,1287917,203488
blend_h56_b0.25,2025-06-01,lead_week,6,0.749109829312911,1214093,304604
blend_h56_b0.25,2025-06-01,lead_week,7,0.6986430032409197,1174358,353901
blend_h56_b0.25,2025-06-01,lead_week,8,0.6833358946599346,1164761,368838
blend_h56_b0.25,2025-06-01,lead_week,9,0.7020264399880495,873601,260310
blend_h14_b0.5,2025-06-01,route,1,0.8243435762906277,929354,163247
blend_h14_b0.5,2025-06-01,route,5,,0,0
blend_h14_b0.5,2025-06-01,route,7,0.545799967666672,1045361,474803
blend_h14_b0.5,2025-06-01,route,11,0.8587235869453066,1686382,238246
blend_h14_b0.5,2025-06-01,route,12,0.8423273193223038,1738773,274157
blend_h14_b0.5,2025-06-01,route,17,0.883243907473778,2674096,312217
blend_h14_b0.5,2025-06-01,route,25,0.7417223434233251,352032,90922
blend_h14_b0.5,2025-06-01,route,26,0.7410257765646624,832384,215566
blend_h14_b0.5,2025-06-01,route,28,0.736950443630477,486779,128047
blend_h14_b0.5,2025-06-01,route,50,0.8115255662824373,1217502,229468
blend_h14_b0.5,2025-06-01,month,6,0.8657710630105885,5554987,745640
blend_h14_b0.5,2025-06-01,month,7,0.7446161715309867,5407676,1381033
blend_h14_b0.5,2025-06-01,lead_week,1,0.9088190414704803,1452913,132478
blend_h14_b0.5,2025-06-01,lead_week,2,0.7828404683672228,1133982,246255
blend_h14_b0.5,2025-06-01,lead_week,3,0.8840810072242404,1328721,154024
blend_h14_b0.5,2025-06-01,lead_week,4,0.8808496776668016,1332317,158746
blend_h14_b0.5,2025-06-01,lead_week,5,0.8522932766630148,1287917,190234
blend_h14_b0.5,2025-06-01,lead_week,6,0.759609848668924,1214093,291856
blend_h14_b0.5,2025-06-01,lead_week,7,0.7073643641887738,1174358,343659
blend_h14_b0.5,2025-06-01,lead_week,8,0.6934615770960738,1164761,357044
blend_h14_b0.5,2025-06-01,lead_week,9,0.7111072446116705,873601,252377
blend_h28_b0.5,2025-06-01,route,1,0.8221366669751247,929354,165298
blend_h28_b0.5,2025-06-01,route,5,,0,0
blend_h28_b0.5,2025-06-01,route,7,0.543286003591104,1045361,477431
blend_h28_b0.5,2025-06-01,route,11,0.8549931154388508,1686382,244537
blend_h28_b0.5,2025-06-01,route,12,0.8408481153088989,1738773,276729
blend_h28_b0.5,2025-06-01,route,17,0.8816788926052019,2674096,316402
blend_h28_b0.5,2025-06-01,route,25,0.7432136851195346,352032,90397
blend_h28_b0.5,2025-06-01,route,26,0.7270238255420576,832384,227221
blend_h28_b0.5,2025-06-01,route,28,0.7362951154425315,486779,128366
blend_h28_b0.5,2025-06-01,route,50,0.8098590392459314,1217502,231497
blend_h28_b0.5,2025-06-01,month,6,0.8627730361925239,5554987,762294
blend_h28_b0.5,2025-06-01,month,7,0.7419253668304092,5407676,1395584
blend_h28_b0.5,2025-06-01,lead_week,1,0.9051918456232411,1452913,137748
blend_h28_b0.5,2025-06-01,lead_week,2,0.78126019636996,1133982,248047
blend_h28_b0.5,2025-06-01,lead_week,3,0.8809020102790578,1328721,158248
blend_h28_b0.5,2025-06-01,lead_week,4,0.8770803044620762,1332317,163768
blend_h28_b0.5,2025-06-01,lead_week,5,0.8490415143211869,1287917,194422
blend_h28_b0.5,2025-06-01,lead_week,6,0.7566825605616703,1214093,295410
blend_h28_b0.5,2025-06-01,lead_week,7,0.7054433145599552,1174358,345915
blend_h28_b0.5,2025-06-01,lead_week,8,0.6908430141462498,1164761,360094
blend_h28_b0.5,2025-06-01,lead_week,9,0.7089907177304056,873601,254226
blend_h56_b0.5,2025-06-01,route,1,0.8223357299801798,929354,165113
blend_h56_b0.5,2025-06-01,route,5,,0,0
blend_h56_b0.5,2025-06-01,route,7,0.5456574331738031,1045361,474952
blend_h56_b0.5,2025-06-01,route,11,0.8521426343497499,1686382,249344
blend_h56_b0.5,2025-06-01,route,12,0.8387529597020428,1738773,280372
blend_h56_b0.5,2025-06-01,route,17,0.8796834519029982,2674096,321738
blend_h56_b0.5,2025-06-01,route,25,0.7467247295700391,352032,89161
blend_h56_b0.5,2025-06-01,route,26,0.7220886033369214,832384,231329
blend_h56_b0.5,2025-06-01,route,28,0.7365786116492289,486779,128228
blend_h56_b0.5,2025-06-01,route,50,0.8086532917399725,1217502,232965
blend_h56_b0.5,2025-06-01,month,6,0.861236758969913,5554987,770828
blend_h56_b0.5,2025-06-01,month,7,0.7406697442672231,5407676,1402374
blend_h56_b0.5,2025-06-01,lead_week,1,0.9031999851333149,1452913,140642
blend_h56_b0.5,2025-06-01,lead_week,2,0.7800652920416726,1133982,249402
blend_h56_b0.5,2025-06-01,lead_week,3,0.8794690533227065,1328721,160152
blend_h56_b0.5,2025-06-01,lead_week,4,0.8752804325096805,1332317,166166
blend_h56_b0.5,2025-06-01,lead_week,5,0.8477262121705048,1287917,196116
blend_h56_b0.5,2025-06-01,lead_week,6,0.7554635435670909,1214093,296890
blend_h56_b0.5,2025-06-01,lead_week,7,0.7043669817891989,1174358,347179
blend_h56_b0.5,2025-06-01,lead_week,8,0.6891396604110199,1164761,362078
blend_h56_b0.5,2025-06-01,lead_week,9,0.7085889324760388,873601,254577
blend_h14_b0.75,2025-06-01,route,1,0.8238539888998164,929354,163702
blend_h14_b0.75,2025-06-01,route,5,,0,0
blend_h14_b0.75,2025-06-01,route,7,0.5503141976790793,1045361,470084
blend_h14_b0.75,2025-06-01,route,11,0.8533748581282296,1686382,247266
blend_h14_b0.75,2025-06-01,route,12,0.8380041558041216,1738773,281674
blend_h14_b0.75,2025-06-01,route,17,0.8787313544465121,2674096,324284
blend_h14_b0.75,2025-06-01,route,25,0.7482615216798473,352032,88620
blend_h14_b0.75,2025-06-01,route,26,0.734696966784561,832384,220834
blend_h14_b0.75,2025-06-01,route,28,0.7379693865183173,486779,127551
blend_h14_b0.75,2025-06-01,route,50,0.8067124325052444,1217502,235328
blend_h14_b0.75,2025-06-01,month,6,0.8559260354704701,5554987,800329
blend_h14_b0.75,2025-06-01,month,7,0.7486879761287474,5407676,1359014
blend_h14_b0.75,2025-06-01,lead_week,1,0.9054644015161266,1452913,137352
blend_h14_b0.75,2025-06-01,lead_week,2,0.7354287810564895,1133982,300019
blend_h14_b0.75,2025-06-01,lead_week,3,0.8858225315924111,1328721,151710
blend_h14_b0.75,2025-06-01,lead_week,4,0.8811739248241972,1332317,158314
blend_h14_b0.75,2025-06-01,lead_week,5,0.8554627355644813,1287917,186152
blend_h14_b0.75,2025-06-01,lead_week,6,0.7637396805681278,1214093,286842
blend_h14_b0.75,2025-06-01,lead_week,7,0.7116100882354444,1174358,338673
blend_h14_b0.75,2025-06-01,lead_week,8,0.6971619070350055,1164761,352734
blend_h14_b0.75,2025-06-01,lead_week,9,0.7166360844367166,873601,247547
blend_h28_b0.75,2025-06-01,route,1,0.8224239633121502,929354,165031
blend_h28_b0.75,2025-06-01,route,5,,0,0
blend_h28_b0.75,2025-06-01,route,7,0.5487778862995654,1045361,471690
blend_h28_b0.75,2025-06-01,route,11,0.851381834009139,1686382,250627
blend_h28_b0.75,2025-06-01,route,12,0.8368102104184962,1738773,283750
blend_h28_b0.75,2025-06-01,route,17,0.8777826226133991,2674096,326821
blend_h28_b0.75,2025-06-01,route,25,0.7486308062903373,352032,88490
blend_h28_b0.75,2025-06-01,route,26,0.7275115811932954,832384,226815
blend_h28_b0.75,2025-06-01,route,28,0.7373756879405233,486779,127840
blend_h28_b0.75,2025-06-01,route,50,0.8057736250125256,1217502,236471
blend_h28_b0.75,2025-06-01,month,6,0.8542075796036966,5554987,809875
blend_h28_b0.75,2025-06-01,month,7,0.7470891377368023,5407676,1367660
blend_h28_b0.75,2025-06-01,lead_week,1,0.9033823773343621,1452913,140377
blend_h28_b0.75,2025-06-01,lead_week,2,0.7344658028081574,1133982,301111
blend_h28_b0.75,2025-06-01,lead_week,3,0.883982416173147,1328721,154155
blend_h28_b0.75,2025-06-01,lead_week,4,0.8790760757387318,1332317,161109
blend_h28_b0.75,2025-06-01,lead_week,5,0.8535705328837184,1287917,188589
blend_h28_b0.75,2025-06-01,lead_week,6,0.7620487063182145,1214093,288895
blend_h28_b0.75,2025-06-01,lead_week,7,0.7104477510265184,1174358,340038
blend_h28_b0.75,2025-06-01,lead_week,8,0.695636272162272,1164761,354511
blend_h28_b0.75,2025-06-01,lead_week,9,0.7152590255734597,873601,248750
blend_h56_b0.75,2025-06-01,route,1,0.8223357299801798,929354,165113
blend_h56_b0.75,2025-06-01,route,5,,0,0
blend_h56_b0.75,2025-06-01,route,7,0.549652225403473,1045361,470776
blend_h56_b0.75,2025-06-01,route,11,0.8498851387170878,1686382,253151
blend_h56_b0.75,2025-06-01,route,12,0.8355161944658676,1738773,286000
blend_h56_b0.75,2025-06-01,route,17,0.8764711513722768,2674096,330328
blend_h56_b0.75,2025-06-01,route,25,0.7501874829560949,352032,87942
blend_h56_b0.75,2025-06-01,route,26,0.7250007208211595,832384,228905
blend_h56_b0.75,2025-06-01,route,28,0.7373715792998465,486779,127842
blend_h56_b0.75,2025-06-01,route,50,0.8051551455356952,1217502,237224
blend_h56_b0.75,2025-06-01,month,6,0.8532021767107646,5554987,815460
blend_h56_b0.75,2025-06-01,month,7,0.7463196759569175,5407676,1371821
blend_h56_b0.75,2025-06-01,lead_week,1,0.9021104498342296,1452913,142225
blend_h56_b0.75,2025-06-01,lead_week,2,0.7337303413987171,1133982,301945
blend_h56_b0.75,2025-06-01,lead_week,3,0.8830506931101413,1328721,155393
blend_h56_b0.75,2025-06-01,lead_week,4,0.8778721580524755,1332317,162713
blend_h56_b0.75,2025-06-01,lead_week,5,0.8526387958230228,1287917,189789
blend_h56_b0.75,2025-06-01,lead_week,6,0.7612958809580486,1214093,289809
blend_h56_b0.75,2025-06-01,lead_week,7,0.7098227286738796,1174358,340772
blend_h56_b0.75,2025-06-01,lead_week,8,0.6947365167618078,1164761,355559
blend_h56_b0.75,2025-06-01,lead_week,9,0.7148858575024525,873601,249076
baseline,2025-07-01,route,1,0.8702888430759681,902220,117028
baseline,2025-07-01,route,5,,0,0
baseline,2025-07-01,route,7,0.42951010688324387,863372,492545
baseline,2025-07-01,route,11,0.8686327860180763,1644695,216059
baseline,2025-07-01,route,12,0.8749484230530066,1720730,215180
baseline,2025-07-01,route,17,0.8997814904945542,2656635,266244
baseline,2025-07-01,route,25,0.7569104762820436,332828,80907
baseline,2025-07-01,route,26,0.8379920079289426,792035,128316
baseline,2025-07-01,route,28,0.7942238030382858,457429,94128
baseline,2025-07-01,route,50,0.767641456527271,1214313,282156
baseline,2025-07-01,month,7,0.8062468979280564,5407676,1047754
baseline,2025-07-01,month,8,0.8368017423082919,5176581,844809
baseline,2025-07-01,lead_week,1,0.8979907929599734,1300961,132710
baseline,2025-07-01,lead_week,2,0.8014780248351252,1188478,235939
baseline,2025-07-01,lead_week,3,0.750375241752693,1154589,288214
baseline,2025-07-01,lead_week,4,0.7795468215678274,1188715,262056
baseline,2025-07-01,lead_week,5,0.761977788030073,1163967,277050
baseline,2025-07-01,lead_week,6,0.7875251983628699,1178648,250433
baseline,2025-07-01,lead_week,7,0.8521336153375634,1199982,177437
baseline,2025-07-01,lead_week,8,0.8669243426031761,1222207,162646
baseline,2025-07-01,lead_week,9,0.8924932350944046,986710,106078
mean_w7,2025-07-01,route,1,0.8667952384119173,902220,120180
mean_w7,2025-07-01,route,5,,0,0
mean_w7,2025-07-01,route,7,0.4501431596113842,863372,474731
mean_w7,2025-07-01,route,11,0.8549250772939664,1644695,238604
mean_w7,2025-07-01,route,12,0.8781761229245727,1720730,209626
mean_w7,2025-07-01,route,17,0.8763894927229371,2656635,328388
mean_w7,2025-07-01,route,25,0.767874097131251,332828,77258
mean_w7,2025-07-01,route,26,0.8483261472030907,792035,120131
mean_w7,2025-07-01,route,28,0.7531966709587717,457429,112895
mean_w7,2025-07-01,route,50,0.7703030437786633,1214313,278924
mean_w7,2025-07-01,month,7,0.8029693347012654,5407676,1065478
mean_w7,2025-07-01,month,8,0.8270559274548202,5176581,895259
mean_w7,2025-07-01,lead_week,1,0.8858097975265976,1300961,148557
mean_w7,2025-07-01,lead_week,2,0.8009841158187194,1188478,236526
mean_w7,2025-07-01,lead_week,3,0.7482489439965216,1154589,290669
mean_w7,2025-07-01,lead_week,4,0.7817079787838128,1188715,259487
mean_w7,2025-07-01,lead_week,5,0.7673104134395563,1163967,270843
mean_w7,2025-07-01,lead_week,6,0.7804416585783033,1178648,258782
mean_w7,2025-07-01,lead_week,7,0.8413276199142987,1199982,190404
mean_w7,2025-07-01,lead_week,8,0.847170732944583,1222207,186789
mean_w7,2025-07-01,lead_week,9,0.8797214987179617,986710,118680
median_w7,2025-07-01,route,1,0.8667952384119173,902220,120180
median_w7,2025-07-01,route,5,,0,0
median_w7,2025-07-01,route,7,0.4501431596113842,863372,474731
median_w7,2025-07-01,route,11,0.8549250772939664,1644695,238604
median_w7,2025-07-01,route,12,0.8781761229245727,1720730,209626
median_w7,2025-07-01,route,17,0.8763894927229371,2656635,328388
median_w7,2025-07-01,route,25,0.767874097131251,332828,77258
median_w7,2025-07-01,route,26,0.8483261472030907,792035,120131
median_w7,2025-07-01,route,28,0.7531966709587717,457429,112895
median_w7,2025-07-01,route,50,0.7703030437786633,1214313,278924
median_w7,2025-07-01,month,7,0.8029693347012654,5407676,1065478
median_w7,2025-07-01,month,8,0.8270559274548202,5176581,895259
median_w7,2025-07-01,lead_week,1,0.8858097975265976,1300961,148557
median_w7,2025-07-01,lead_week,2,0.8009841158187194,1188478,236526
median_w7,2025-07-01,lead_week,3,0.7482489439965216,1154589,290669
median_w7,2025-07-01,lead_week,4,0.7817079787838128,1188715,259487
median_w7,2025-07-01,lead_week,5,0.7673104134395563,1163967,270843
median_w7,2025-07-01,lead_week,6,0.7804416585783033,1178648,258782
median_w7,2025-07-01,lead_week,7,0.8413276199142987,1199982,190404
median_w7,2025-07-01,lead_week,8,0.847170732944583,1222207,186789
median_w7,2025-07-01,lead_week,9,0.8797214987179617,986710,118680
trim10_w7,2025-07-01,route,1,0.8667952384119173,902220,120180
trim10_w7,2025-07-01,route,5,,0,0
trim10_w7,2025-07-01,route,7,0.4501431596113842,863372,474731
trim10_w7,2025-07-01,route,11,0.8549250772939664,1644695,238604
trim10_w7,2025-07-01,route,12,0.8781761229245727,1720730,209626
trim10_w7,2025-07-01,route,17,0.8763894927229371,2656635,328388
trim10_w7,2025-07-01,route,25,0.767874097131251,332828,77258
trim10_w7,2025-07-01,route,26,0.8483261472030907,792035,120131
trim10_w7,2025-07-01,route,28,0.7531966709587717,457429,112895
trim10_w7,2025-07-01,route,50,0.7703030437786633,1214313,278924
trim10_w7,2025-07-01,month,7,0.8029693347012654,5407676,1065478
trim10_w7,2025-07-01,month,8,0.8270559274548202,5176581,895259
trim10_w7,2025-07-01,lead_week,1,0.8858097975265976,1300961,148557
trim10_w7,2025-07-01,lead_week,2,0.8009841158187194,1188478,236526
trim10_w7,2025-07-01,lead_week,3,0.7482489439965216,1154589,290669
trim10_w7,2025-07-01,lead_week,4,0.7817079787838128,1188715,259487
trim10_w7,2025-07-01,lead_week,5,0.7673104134395563,1163967,270843
trim10_w7,2025-07-01,lead_week,6,0.7804416585783033,1178648,258782
trim10_w7,2025-07-01,lead_week,7,0.8413276199142987,1199982,190404
trim10_w7,2025-07-01,lead_week,8,0.847170732944583,1222207,186789
trim10_w7,2025-07-01,lead_week,9,0.8797214987179617,986710,118680
q40_w7,2025-07-01,route,1,0.8667952384119173,902220,120180
q40_w7,2025-07-01,route,5,,0,0
q40_w7,2025-07-01,route,7,0.4501431596113842,863372,474731
q40_w7,2025-07-01,route,11,0.8549250772939664,1644695,238604
q40_w7,2025-07-01,route,12,0.8781761229245727,1720730,209626
q40_w7,2025-07-01,route,17,0.8763894927229371,2656635,328388
q40_w7,2025-07-01,route,25,0.767874097131251,332828,77258
q40_w7,2025-07-01,route,26,0.8483261472030907,792035,120131
q40_w7,2025-07-01,route,28,0.7531966709587717,457429,112895
q40_w7,2025-07-01,route,50,0.7703030437786633,1214313,278924
q40_w7,2025-07-01,month,7,0.8029693347012654,5407676,1065478
q40_w7,2025-07-01,month,8,0.8270559274548202,5176581,895259
q40_w7,2025-07-01,lead_week,1,0.8858097975265976,1300961,148557
q40_w7,2025-07-01,lead_week,2,0.8009841158187194,1188478,236526
q40_w7,2025-07-01,lead_week,3,0.7482489439965216,1154589,290669
q40_w7,2025-07-01,lead_week,4,0.7817079787838128,1188715,259487
q40_w7,2025-07-01,lead_week,5,0.7673104134395563,1163967,270843
q40_w7,2025-07-01,lead_week,6,0.7804416585783033,1178648,258782
q40_w7,2025-07-01,lead_week,7,0.8413276199142987,1199982,190404
q40_w7,2025-07-01,lead_week,8,0.847170732944583,1222207,186789
q40_w7,2025-07-01,lead_week,9,0.8797214987179617,986710,118680
q60_w7,2025-07-01,route,1,0.8667952384119173,902220,120180
q60_w7,2025-07-01,route,5,,0,0
q60_w7,2025-07-01,route,7,0.4501431596113842,863372,474731
q60_w7,2025-07-01,route,11,0.8549250772939664,1644695,238604
q60_w7,2025-07-01,route,12,0.8781761229245727,1720730,209626
q60_w7,2025-07-01,route,17,0.8763894927229371,2656635,328388
q60_w7,2025-07-01,route,25,0.767874097131251,332828,77258
q60_w7,2025-07-01,route,26,0.8483261472030907,792035,120131
q60_w7,2025-07-01,route,28,0.7531966709587717,457429,112895
q60_w7,2025-07-01,route,50,0.7703030437786633,1214313,278924
q60_w7,2025-07-01,month,7,0.8029693347012654,5407676,1065478
q60_w7,2025-07-01,month,8,0.8270559274548202,5176581,895259
q60_w7,2025-07-01,lead_week,1,0.8858097975265976,1300961,148557
q60_w7,2025-07-01,lead_week,2,0.8009841158187194,1188478,236526
q60_w7,2025-07-01,lead_week,3,0.7482489439965216,1154589,290669
q60_w7,2025-07-01,lead_week,4,0.7817079787838128,1188715,259487
q60_w7,2025-07-01,lead_week,5,0.7673104134395563,1163967,270843
q60_w7,2025-07-01,lead_week,6,0.7804416585783033,1178648,258782
q60_w7,2025-07-01,lead_week,7,0.8413276199142987,1199982,190404
q60_w7,2025-07-01,lead_week,8,0.847170732944583,1222207,186789
q60_w7,2025-07-01,lead_week,9,0.8797214987179617,986710,118680
mean_w14,2025-07-01,route,1,0.8770189089135687,902220,110956
mean_w14,2025-07-01,route,5,,0,0
mean_w14,2025-07-01,route,7,0.437017878735933,863372,486063
mean_w14,2025-07-01,route,11,0.8686072493684239,1644695,216101
mean_w14,2025-07-01,route,12,0.8847175326750856,1720730,198370
mean_w14,2025-07-01,route,17,0.8935687439185285,2656635,282749
mean_w14,2025-07-01,route,25,0.7830981768360835,332828,72191
mean_w14,2025-07-01,route,26,0.8596905439784858,792035,111130
mean_w14,2025-07-01,route,28,0.7967028762933701,457429,92994
mean_w14,2025-07-01,route,50,0.7744996553606854,1214313,273828
mean_w14,2025-07-01,month,7,0.8133377443471096,5407676,1009409
mean_w14,2025-07-01,month,8,0.8387018381437478,5176581,834973
mean_w14,2025-07-01,lead_week,1,0.9026142981995617,1300961,126695
mean_w14,2025-07-01,lead_week,2,0.8091693746118986,1188478,226798
mean_w14,2025-07-01,lead_week,3,0.7567264195311059,1154589,280881
mean_w14,2025-07-01,lead_week,4,0.7894979031979911,1188715,250227
mean_w14,2025-07-01,lead_week,5,0.7723191465050125,1163967,265013
mean_w14,2025-07-01,lead_week,6,0.790264777948972,1178648,247204
mean_w14,2025-07-01,lead_week,7,0.8537011388504161,1199982,175556
mean_w14,2025-07-01,lead_week,8,0.8640140336293279,1222207,166203
mean_w14,2025-07-01,lead_week,9,0.8927699121322374,986710,105805
median_w14,2025-07-01,route,1,0.8770189089135687,902220,110956
median_w14,2025-07-01,route,5,,0,0
median_w14,2025-07-01,route,7,0.437017878735933,863372,486063
median_w14,2025-07-01,route,11,0.8686072493684239,1644695,216101
median_w14,2025-07-01,route,12,0.8847175326750856,1720730,198370
median_w14,2025-07-01,route,17,0.8935687439185285,2656635,282749
median_w14,2025-07-01,route,25,0.7830981768360835,332828,72191
median_w14,2025-07-01,route,26,0.8596905439784858,792035,111130
median_w14,2025-07-01,route,28,0.7967028762933701,457429,92994
median_w14,2025-07-01,route,50,0.7744996553606854,1214313,273828
median_w14,2025-07-01,month,7,0.8133377443471096,5407676,1009409
median_w14,2025-07-01,month,8,0.8387018381437478,5176581,834973
median_w14,2025-07-01,lead_week,1,0.9026142981995617,1300961,126695
median_w14,2025-07-01,lead_week,2,0.8091693746118986,1188478,226798
median_w14,2025-07-01,lead_week,3,0.7567264195311059,1154589,280881
median_w14,2025-07-01,lead_week,4,0.7894979031979911,1188715,250227
median_w14,2025-07-01,lead_week,5,0.7723191465050125,1163967,265013
median_w14,2025-07-01,lead_week,6,0.790264777948972,1178648,247204
median_w14,2025-07-01,lead_week,7,0.8537011388504161,1199982,175556
median_w14,2025-07-01,lead_week,8,0.8640140336293279,1222207,166203
median_w14,2025-07-01,lead_week,9,0.8927699121322374,986710,105805
trim10_w14,2025-07-01,route,1,0.8770189089135687,902220,110956
trim10_w14,2025-07-01,route,5,,0,0
trim10_w14,2025-07-01,route,7,0.437017878735933,863372,486063
trim10_w14,2025-07-01,route,11,0.8686072493684239,1644695,216101
trim10_w14,2025-07-01,route,12,0.8847175326750856,1720730,198370
trim10_w14,2025-07-01,route,17,0.8935687439185285,2656635,282749
trim10_w14,2025-07-01,route,25,0.7830981768360835,332828,72191
trim10_w14,2025-07-01,route,26,0.8596905439784858,792035,111130
trim10_w14,2025-07-01,route,28,0.7967028762933701,457429,92994
trim10_w14,2025-07-01,route,50,0.7744996553606854,1214313,273828
trim10_w14,2025-07-01,month,7,0.8133377443471096,5407676,1009409
trim10_w14,2025-07-01,month,8,0.8387018381437478,5176581,834973
trim10_w14,2025-07-01,lead_week,1,0.9026142981995617,1300961,126695
trim10_w14,2025-07-01,lead_week,2,0.8091693746118986,1188478,226798
trim10_w14,2025-07-01,lead_week,3,0.7567264195311059,1154589,280881
trim10_w14,2025-07-01,lead_week,4,0.7894979031979911,1188715,250227
trim10_w14,2025-07-01,lead_week,5,0.7723191465050125,1163967,265013
trim10_w14,2025-07-01,lead_week,6,0.790264777948972,1178648,247204
trim10_w14,2025-07-01,lead_week,7,0.8537011388504161,1199982,175556
trim10_w14,2025-07-01,lead_week,8,0.8640140336293279,1222207,166203
trim10_w14,2025-07-01,lead_week,9,0.8927699121322374,986710,105805
q40_w14,2025-07-01,route,1,0.8799062312961362,902220,108351
q40_w14,2025-07-01,route,5,,0,0
q40_w14,2025-07-01,route,7,0.4567579212668468,863372,469020
q40_w14,2025-07-01,route,11,0.870863594769851,1644695,212390
q40_w14,2025-07-01,route,12,0.8878691020671459,1720730,192947
q40_w14,2025-07-01,route,17,0.8937795368953583,2656635,282189
q40_w14,2025-07-01,route,25,0.7888368767050848,332828,70281
q40_w14,2025-07-01,route,26,0.8658847146906387,792035,106224
q40_w14,2025-07-01,route,28,0.8046450924624368,457429,89361
q40_w14,2025-07-01,route,50,0.7738630814295819,1214313,274601
q40_w14,2025-07-01,month,7,0.8168808560276171,5407676,990249
q40_w14,2025-07-01,month,8,0.8425379608664483,5176581,815115
q40_w14,2025-07-01,lead_week,1,0.9027503514709511,1300961,126518
q40_w14,2025-07-01,lead_week,2,0.8141076233636635,1188478,220929
q40_w14,2025-07-01,lead_week,3,0.7611236552574119,1154589,275804
q40_w14,2025-07-01,lead_week,4,0.7942601885229008,1188715,244566
q40_w14,2025-07-01,lead_week,5,0.7779077929185277,1163967,258508
q40_w14,2025-07-01,lead_week,6,0.7951644596181388,1178648,241429
q40_w14,2025-07-01,lead_week,7,0.858835382530738,1199982,169395
q40_w14,2025-07-01,lead_week,8,0.8676214421943256,1222207,161794
q40_w14,2025-07-01,lead_week,9,0.8921456152263583,986710,106421
q60_w14,2025-07-01,route,1,0.8731174214714814,902220,114476
q60_w14,2025-07-01,route,5,,0,0
q60_w14,2025-07-01,route,7,0.41657130414236276,863372,503716
q60_w14,2025-07-01,route,11,0.8651117684433892,1644695,221850
q60_w14,2025-07-01,route,12,0.8804704979863197,1720730,205678
q60_w14,2025-07-01,route,17,0.892337487084225,2656635,286020
q60_w14,2025-07-01,route,25,0.7762417825423342,332828,74473
q60_w14,2025-07-01,route,26,0.8528448869052504,792035,116552
q60_w14,2025-07-01,route,28,0.7873506052305386,457429,97272
q60_w14,2025-07-01,route,50,0.774790354710853,1214313,273475
q60_w14,2025-07-01,month,7,0.8088443168562613,5407676,1033708
q60_w14,2025-07-01,month,8,0.8339050427299408,5176581,859804
q60_w14,2025-07-01,lead_week,1,0.9013905874196075,1300961,128287
q60_w14,2025-07-01,lead_week,2,0.803395603452483,1188478,233660
q60_w14,2025-07-01,lead_week,3,0.7514310287037206,1154589,286995
q60_w14,2025-07-01,lead_week,4,0.7836949983806043,1188715,257125
q60_w14,2025-07-01,lead_week,5,0.7657519500123285,1163967,272657
q60_w14,2025-07-01,lead_week,6,0.7843647976325416,1178648,254158
q60_w14,2025-07-01,lead_week,7,0.8475443798323642,1199982,182944
q60_w14,2025-07-01,lead_week,8,0.8594959773589907,1222207,171725
q60_w14,2025-07-01,lead_week,9,0.8926118109677615,986710,105961
mean_w28,2025-07-01,route,1,0.868673937620536,902220,118485
mean_w28,2025-07-01,route,5,,0,0
mean_w28,2025-07-01,route,7,0.4577980291230199,863372,468122
mean_w28,2025-07-01,route,11,0.8615311653528466,1644695,227739
mean_w28,2025-07-01,route,12,0.8754133420118205,1720730,214380
mean_w28,2025-07-01,route,17,0.8877199916435641,2656635,298287
mean_w28,2025-07-01,route,25,0.7588063504272478,332828,80276
mean_w28,2025-07-01,route,26,0.8477201133788279,792035,120611
mean_w28,2025-07-01,route,28,0.7956775805644154,457429,93463
mean_w28,2025-07-01,route,50,0.7498033867709561,1214313,303817
mean_w28,2025-07-01,month,7,0.8021634432240393,5407676,1069836
mean_w28,2025-07-01,month,8,0.8347666152620813,5176581,855344
mean_w28,2025-07-01,lead_week,1,0.8840080525088762,1300961,150901
mean_w28,2025-07-01,lead_week,2,0.8004136382835862,1188478,237204
mean_w28,2025-07-01,lead_week,3,0.7492345761132316,1154589,289531
mean_w28,2025-07-01,lead_week,4,0.781453922933588,1188715,259789
mean_w28,2025-07-01,lead_week,5,0.7639494934134731,1163967,274755
mean_w28,2025-07-01,lead_week,6,0.7880656480984993,1178648,249796
mean_w28,2025-07-01,lead_week,7,0.8545011508505961,1199982,174596
mean_w28,2025-07-01,lead_week,8,0.8651905937373947,1222207,164765
mean_w28,2025-07-01,lead_week,9,0.8744889582552118,986710,123843
median_w28,2025-07-01,route,1,0.858882534193434,902220,127319
median_w28,2025-07-01,route,5,,0,0
median_w28,2025-07-01,route,7,0.43525965632427277,863372,487581
median_w28,2025-07-01,route,11,0.8624249480906794,1644695,226269
median_w28,2025-07-01,route,12,0.8641216227996258,1720730,233810
median_w28,2025-07-01,route,17,0.8890291665960887,2656635,294809
median_w28,2025-07-01,route,25,0.7550446476858919,332828,81528
median_w28,2025-07-01,route,26,0.8402393833605838,792035,126536
median_w28,2025-07-01,route,28,0.8015998111182282,457429,90754
median_w28,2025-07-01,route,50,0.7659054955353356,1214313,284264
median_w28,2025-07-01,month,7,0.8008244206938433,5407676,1077077
median_w28,2025-07-01,month,8,0.8308163245199872,5176581,875793
median_w28,2025-07-01,lead_week,1,0.8940444794271312,1300961,137844
median_w28,2025-07-01,lead_week,2,0.7973517389467875,1188478,240843
median_w28,2025-07-01,lead_week,3,0.7435295156977937,1154589,296118
median_w28,2025-07-01,lead_week,4,0.7750899080099098,1188715,267354
median_w28,2025-07-01,lead_week,5,0.7586151497422178,1163967,280964
median_w28,2025-07-01,lead_week,6,0.7793276703477204,1178648,260095
median_w28,2025-07-01,lead_week,7,0.8447518379442358,1199982,186295
median_w28,2025-07-01,lead_week,8,0.8587113312229434,1222207,172684
median_w28,2025-07-01,lead_week,9,0.8878363450253874,986710,110673
trim10_w28,2025-07-01,route,1,0.868673937620536,902220,118485
trim10_w28,2025-07-01,route,5,,0,0
trim10_w28,2025-07-01,route,7,0.4577980291230199,863372,468122
trim10_w28,2025-07-01,route,11,0.8615311653528466,1644695,227739
trim10_w28,2025-07-01,route,12,0.8754133420118205,1720730,214380
trim10_w28,2025-07-01,route,17,0.8877199916435641,2656635,298287
trim10_w28,2025-07-01,route,25,0.7588063504272478,332828,80276
trim10_w28,2025-07-01,route,26,0.8477201133788279,792035,120611
trim10_w28,2025-07-01,route,28,0.7956775805644154,457429,93463
trim10_w28,2025-07-01,route,50,0.7498033867709561,1214313,303817
trim10_w28,2025-07-01,month,7,0.8021634432240393,5407676,1069836
trim10_w28,2025-07-01,month,8,0.8347666152620813,5176581,855344
trim10_w28,2025-07-01,lead_week,1,0.8840080525088762,1300961,150901
trim10_w28,2025-07-01,lead_week,2,0.8004136382835862,1188478,237204
trim10_w28,2025-07-01,lead_week,3,0.7492345761132316,1154589,289531
trim10_w28,2025-07-01,lead_week,4,0.781453922933588,1188715,259789
trim10_w28,2025-07-01,lead_week,5,0.7639494934134731,1163967,274755
trim10_w28,2025-07-01,lead_week,6,0.7880656480984993,1178648,249796
trim10_w28,2025-07-01,lead_week,7,0.8545011508505961,1199982,174596
trim10_w28,2025-07-01,lead_week,8,0.8651905937373947,1222207,164765
trim10_w28,2025-07-01,lead_week,9,0.8744889582552118,986710,123843
q40_w28,2025-07-01,route,1,0.8687360067389329,902220,118429
q40_w28,2025-07-01,route,5,,0,0
q40_w28,2025-07-01,route,7,0.46870642087072545,863372,458704
q40_w28,2025-07-01,route,11,0.8666871365207531,1644695,219259
q40_w28,2025-07-01,route,12,0.8698453563313245,1720730,223961
q40_w28,2025-07-01,route,17,0.8864744310001186,2656635,301596
q40_w28,2025-07-01,route,25,0.775006910476282,332828,74884
q40_w28,2025-07-01,route,26,0.8534130436154967,792035,116102
q40_w28,2025-07-01,route,28,0.8129545787433679,457429,85560
q40_w28,2025-07-01,route,50,0.7609998410623949,1214313,290221
q40_w28,2025-07-01,month,7,0.8069198302561026,5407676,1044115
q40_w28,2025-07-01,month,8,0.8368419232694321,5176581,844601
q40_w28,2025-07-01,lead_week,1,0.8924425866724675,1300961,139928
q40_w28,2025-07-01,lead_week,2,0.8062336871191558,1188478,230287
q40_w28,2025-07-01,lead_week,3,0.7507442042146599,1154589,287788
q40_w28,2025-07-01,lead_week,4,0.783643682463837,1188715,257186
q40_w28,2025-07-01,lead_week,5,0.7684504801252956,1163967,269516
q40_w28,2025-07-01,lead_week,6,0.7877373057944357,1178648,250183
q40_w28,2025-07-01,lead_week,7,0.8532519654461483,1199982,176095
q40_w28,2025-07-01,lead_week,8,0.866096332290684,1222207,163658
q40_w28,2025-07-01,lead_week,9,0.8843885234770095,986710,114075
q60_w28,2025-07-01,route,1,0.8437731373722596,902220,140951
q60_w28,2025-07-01,route,5,,0,0
q60_w28,2025-07-01,route,7,0.3969725680239804,863372,520637
q60_w28,2025-07-01,route,11,0.8539978537053983,1644695,240129
q60_w28,2025-07-01,route,12,0.8558826777007433,1720730,247987
q60_w28,2025-07-01,route,17,0.8856286241805893,2656635,303843
q60_w28,2025-07-01,route,25,0.7300948237528093,332828,89832
q60_w28,2025-07-01,route,26,0.8245872972785293,792035,138933
q60_w28,2025-07-01,route,28,0.7825804660395383,457429,99454
q60_w28,2025-07-01,route,50,0.76855555363403,1214313,281046
q60_w28,2025-07-01,month,7,0.7907186007445712,5407676,1131726
q60_w28,2025-07-01,month,8,0.8201349500761217,5176581,931086
q60_w28,2025-07-01,lead_week,1,0.890872209082363,1300961,141971
q60_w28,2025-07-01,lead_week,2,0.78502420743169,1188478,255494
q60_w28,2025-07-01,lead_week,3,0.7324216669308299,1154589,308943
q60_w28,2025-07-01,lead_week,4,0.762073331286305,1188715,282827
q60_w28,2025-07-01,lead_week,5,0.7442427491501048,1163967,297693
q60_w28,2025-07-01,lead_week,6,0.7667140656073739,1178648,274962
q60_w28,2025-07-01,lead_week,7,0.8318741447788384,1199982,201748
q60_w28,2025-07-01,lead_week,8,0.8465750891624741,1222207,187517
q60_w28,2025-07-01,lead_week,9,0.8868390915263856,986710,111657
mean_w56,2025-07-01,route,1,0.8462913701757886,902220,138679
mean_w56,2025-07-01,route,5,,0,0
mean_w56,2025-07-01,route,7,0.3800030577781073,863372,535288
mean_w56,2025-07-01,route,11,0.8578046385500047,1644695,233868
mean_w56,2025-07-01,route,12,0.8649904401039094,1720730,232315
mean_w56,2025-07-01,route,17,0.8841974904343276,2656635,307645
mean_w56,2025-07-01,route,25,0.7286886920571587,332828,90300
mean_w56,2025-07-01,route,26,0.8047876672116763,792035,154615
mean_w56,2025-07-01,route,28,0.7533081636713019,457429,112844
mean_w56,2025-07-01,route,50,0.7554024374275825,1214313,297018
mean_w56,2025-07-01,month,7,0.7853745305746868,5407676,1160625
mean_w56,2025-07-01,month,8,0.8180368471004318,5176581,941947
mean_w56,2025-07-01,lead_week,1,0.8816351912163393,1300961,153988
mean_w56,2025-07-01,lead_week,2,0.7775061885874202,1188478,264429
mean_w56,2025-07-01,lead_week,3,0.7289667578679513,1154589,312932
mean_w56,2025-07-01,lead_week,4,0.7612161031029305,1188715,283846
mean_w56,2025-07-01,lead_week,5,0.7426335970006023,1163967,299566
mean_w56,2025-07-01,lead_week,6,0.7662347028120355,1178648,275527
mean_w56,2025-07-01,lead_week,7,0.8315666401662691,1199982,202117
mean_w56,2025-07-01,lead_week,8,0.8453126188935263,1222207,189060
mean_w56,2025-07-01,lead_week,9,0.877261809447558,986710,121107
median_w56,2025-07-01,route,1,0.8275221121234289,902220,155613
median_w56,2025-07-01,route,5,,0,0
median_w56,2025-07-01,route,7,0.35722029438063774,863372,554958
median_w56,2025-07-01,route,11,0.8512861047185041,1644695,244589
median_w56,2025-07-01,route,12,0.8459020299524039,1720730,265161
median_w56,2025-07-01,route,17,0.8762596291925688,2656635,328733
median_w56,2025-07-01,route,25,0.7139783912411215,332828,95196
median_w56,2025-07-01,route,26,0.7825146615995505,792035,172256
median_w56,2025-07-01,route,28,0.7526654409755393,457429,113138
median_w56,2025-07-01,route,50,0.7629457973356129,1214313,287858
median_w56,2025-07-01,month,7,0.7766645043083202,5407676,1207726
median_w56,2025-07-01,month,8,0.8049337970370791,5176581,1009776
median_w56,2025-07-01,lead_week,1,0.8831048740123647,1300961,152076
median_w56,2025-07-01,lead_week,2,0.7678636037015409,1188478,275889
median_w56,2025-07-01,lead_week,3,0.7176432479436405,1154589,326006
median_w56,2025-07-01,lead_week,4,0.7465145135713775,1188715,301322
median_w56,2025-07-01,lead_week,5,0.7280266536766077,1163967,316568
median_w56,2025-07-01,lead_week,6,0.7500568447916596,1178648,294595
median_w56,2025-07-01,lead_week,7,0.8143897158457377,1199982,222729
median_w56,2025-07-01,lead_week,8,0.8299437002079026,1222207,207844
median_w56,2025-07-01,lead_week,9,0.8779043487954921,986710,120473
trim10_w56,2025-07-01,route,1,0.8462913701757886,902220,138679
trim10_w56,2025-07-01,route,5,,0,0
trim10_w56,2025-07-01,route,7,0.3800030577781073,863372,535288
trim10_w56,2025-07-01,route,11,0.8578046385500047,1644695,233868
trim10_w56,2025-07-01,route,12,0.8649904401039094,1720730,232315
trim10_w56,2025-07-01,route,17,0.8841974904343276,2656635,307645
trim10_w56,2025-07-01,route,25,0.7286886920571587,332828,90300
trim10_w56,2025-07-01,route,26,0.8047876672116763,792035,154615
trim10_w56,2025-07-01,route,28,0.7533081636713019,457429,112844
trim10_w56,2025-07-01,route,50,0.7554024374275825,1214313,297018
trim10_w56,2025-07-01,month,7,0.7853745305746868,5407676,1160625
trim10_w56,2025-07-01,month,8,0.8180368471004318,5176581,941947
trim10_w56,2025-07-01,lead_week,1,0.8816351912163393,1300961,153988
trim10_w56,2025-07-01,lead_week,2,0.7775061885874202,1188478,264429
trim10_w56,2025-07-01,lead_week,3,0.7289667578679513,1154589,312932
trim10_w56,2025-07-01,lead_week,4,0.7612161031029305,1188715,283846
trim10_w56,2025-07-01,lead_week,5,0.7426335970006023,1163967,299566
trim10_w56,2025-07-01,lead_week,6,0.7662347028120355,1178648,275527
trim10_w56,2025-07-01,lead_week,7,0.8315666401662691,1199982,202117
trim10_w56,2025-07-01,lead_week,8,0.8453126188935263,1222207,189060
trim10_w56,2025-07-01,lead_week,9,0.877261809447558,986710,121107
q40_w56,2025-07-01,route,1,0.8497461816408415,902220,135562
q40_w56,2025-07-01,route,5,,0,0
q40_w56,2025-07-01,route,7,0.412388865981292,863372,507327
q40_w56,2025-07-01,route,11,0.8621063479854927,1644695,226793
q40_w56,2025-07-01,route,12,0.8605341918836773,1720730,239983
q40_w56,2025-07-01,route,17,0.887300287770055,2656635,299402
q40_w56,2025-07-01,route,25,0.7503425192591969,332828,83093
q40_w56,2025-07-01,route,26,0.8151786221568491,792035,146385
q40_w56,2025-07-01,route,28,0.7871604117797516,457429,97359
q40_w56,2025-07-01,route,50,0.7649181059578544,1214313,285463
q40_w56,2025-07-01,month,7,0.7941938459330773,5407676,1112933
q40_w56,2025-07-01,month,8,0.8245108112864457,5176581,908434
q40_w56,2025-07-01,lead_week,1,0.8909544559752368,1300961,141864
q40_w56,2025-07-01,lead_week,2,0.7894996794219161,1188478,250175
q40_w56,2025-07-01,lead_week,3,0.7374217145668285,1154589,303170
q40_w56,2025-07-01,lead_week,4,0.7665765132937667,1188715,277474
q40_w56,2025-07-01,lead_week,5,0.749968856505382,1163967,291028
q40_w56,2025-07-01,lead_week,6,0.7725843508833851,1178648,268043
q40_w56,2025-07-01,lead_week,7,0.8365817153923976,1199982,196099
q40_w56,2025-07-01,lead_week,8,0.8516814254868447,1222207,181276
q40_w56,2025-07-01,lead_week,9,0.8862502660356133,986710,112238
q60_w56,2025-07-01,route,1,0.7972146483119417,902220,182957
q60_w56,2025-07-01,route,5,,0,0
q60_w56,2025-07-01,route,7,0.2989244497157656,863372,605289
q60_w56,2025-07-01,route,11,0.8331325868930106,1644695,274446
q60_w56,2025-07-01,route,12,0.827662096900734,1720730,296547
q60_w56,2025-07-01,route,17,0.8625012468780996,2656635,365284
q60_w56,2025-07-01,route,25,0.6711454565120722,332828,109452
q60_w56,2025-07-01,route,26,0.7445314916638786,792035,202340
q60_w56,2025-07-01,route,28,0.7111967103091409,457429,132107
q60_w56,2025-07-01,route,50,0.756699467106092,1214313,295443
q60_w56,2025-07-01,month,7,0.7543040670336019,5407676,1328644
q60_w56,2025-07-01,month,8,0.7807006207378964,5176581,1135221
q60_w56,2025-07-01,lead_week,1,0.8666946972276648,1300961,173425
q60_w56,2025-07-01,lead_week,2,0.7427196801287024,1188478,305772
q60_w56,2025-07-01,lead_week,3,0.6926100976191527,1154589,354909
q60_w56,2025-07-01,lead_week,4,0.723986826110548,1188715,328101
q60_w56,2025-07-01,lead_week,5,0.703763938324712,1163967,344809
q60_w56,2025-07-01,lead_week,6,0.7245606830877411,1178648,324646
q60_w56,2025-07-01,lead_week,7,0.787263475618801,1199982,255280
q60_w56,2025-07-01,lead_week,8,0.8038801937805953,1222207,239699
q60_w56,2025-07-01,lead_week,9,0.8609277295253924,986710,137224
mean_w84,2025-07-01,route,1,0.8153676486887899,902220,166579
mean_w84,2025-07-01,route,5,,0,0
mean_w84,2025-07-01,route,7,0.3292450994472834,863372,579111
mean_w84,2025-07-01,route,11,0.8475376893588173,1644695,250754
mean_w84,2025-07-01,route,12,0.8543356598652897,1720730,250649
mean_w84,2025-07-01,route,17,0.8688811221714687,2656635,348335
mean_w84,2025-07-01,route,25,0.7074825435360006,332828,97358
mean_w84,2025-07-01,route,26,0.7531649485186892,792035,195502
mean_w84,2025-07-01,route,28,0.7312457233800218,457429,122936
mean_w84,2025-07-01,route,50,0.7539588228076287,1214313,298771
mean_w84,2025-07-01,month,7,0.7670895963441597,5407676,1259504
mean_w84,2025-07-01,month,8,0.7970685670715865,5176581,1050491
mean_w84,2025-07-01,lead_week,1,0.8596060911895129,1300961,182647
mean_w84,2025-07-01,lead_week,2,0.7583850942129345,1188478,287154
mean_w84,2025-07-01,lead_week,3,0.7143494351669728,1154589,329809
mean_w84,2025-07-01,lead_week,4,0.7436332510315762,1188715,304747
mean_w84,2025-07-01,lead_week,5,0.7208640794799166,1163967,324905
mean_w84,2025-07-01,lead_week,6,0.7468574162939232,1178648,298366
mean_w84,2025-07-01,lead_week,7,0.8072971094566419,1199982,231240
mean_w84,2025-07-01,lead_week,8,0.8236837131517002,1222207,215495
mean_w84,2025-07-01,lead_week,9,0.862541172178249,986710,135632
median_w84,2025-07-01,route,1,0.789725344151094,902220,189714
median_w84,2025-07-01,route,5,,0,0
median_w84,2025-07-01,route,7,0.290080058190444,863372,612925
median_w84,2025-07-01,route,11,0.8344671808450808,1644695,272251
median_w84,2025-07-01,route,12,0.8304469614640297,1720730,291755
median_w84,2025-07-01,route,17,0.8652103130463914,2656635,358087
median_w84,2025-07-01,route,25,0.6839088057495163,332828,105204
median_w84,2025-07-01,route,26,0.7261964433389938,792035,216862
median_w84,2025-07-01,route,28,0.7152126340918481,457429,130270
median_w84,2025-07-01,route,50,0.756449943301274,1214313,295746
median_w84,2025-07-01,month,7,0.7526508614791271,5407676,1337584
median_w84,2025-07-01,month,8,0.7806988821386163,5176581,1135230
median_w84,2025-07-01,lead_week,1,0.8614078362072345,1300961,180303
median_w84,2025-07-01,lead_week,2,0.7399093630677219,1188478,309112
median_w84,2025-07-01,lead_week,3,0.695021345257923,1154589,352125
median_w84,2025-07-01,lead_week,4,0.7225449329738415,1188715,329815
median_w84,2025-07-01,lead_week,5,0.703439186849799,1163967,345187
median_w84,2025-07-01,lead_week,6,0.7255906767754241,1178648,323432
median_w84,2025-07-01,lead_week,7,0.7868234690187019,1199982,255808
median_w84,2025-07-01,lead_week,8,0.8053218480993809,1222207,237937
median_w84,2025-07-01,lead_week,9,0.8590315290206849,986710,139095
trim10_w84,2025-07-01,route,1,0.8141196160581676,902220,167705
trim10_w84,2025-07-01,route,5,,0,0
trim10_w84,2025-07-01,route,7,0.3236855028886737,863372,583911
trim10_w84,2025-07-01,route,11,0.8463174023147149,1644695,252761
trim10_w84,2025-07-01,route,12,0.85186984593748,1720730,254892
trim10_w84,2025-07-01,route,17,0.8763179736772271,2656635,328578
trim10_w84,2025-07-01,route,25,0.704880598988066,332828,98224
trim10_w84,2025-07-01,route,26,0.7499239301293503,792035,198069
trim10_w84,2025-07-01,route,28,0.7323562782420878,457429,122428
trim10_w84,2025-07-01,route,50,0.755950895691638,1214313,296352
trim10_w84,2025-07-01,month,7,0.7676399251730318,5407676,1256528
trim10_w84,2025-07-01,month,8,0.7978604024548249,5176581,1046392
trim10_w84,2025-07-01,lead_week,1,0.8648829595967904,1300961,175782
trim10_w84,2025-07-01,lead_week,2,0.757652224105116,1188478,288025
trim10_w84,2025-07-01,lead_week,3,0.7139120500888194,1154589,330314
trim10_w84,2025-07-01,lead_week,4,0.7426834859491132,1188715,305876
trim10_w84,2025-07-01,lead_week,5,0.7211054952588862,1163967,324624
trim10_w84,2025-07-01,lead_week,6,0.7457756683929384,1178648,299641
trim10_w84,2025-07-01,lead_week,7,0.8063279282522571,1199982,232403
trim10_w84,2025-07-01,lead_week,8,0.8236419853592722,1222207,215546
trim10_w84,2025-07-01,lead_week,9,0.8675304800802668,986710,130709
q40_w84,2025-07-01,route,1,0.8284819667043515,902220,154747
q40_w84,2025-07-01,route,5,,0,0
q40_w84,2025-07-01,route,7,0.35526169484301084,863372,556649
q40_w84,2025-07-01,route,11,0.8546022210805043,1644695,239135
q40_w84,2025-07-01,route,12,0.8502926083697036,1720730,257606
q40_w84,2025-07-01,route,17,0.8767026708599412,2656635,327556
q40_w84,2025-07-01,route,25,0.7267898133570493,332828,90932
q40_w84,2025-07-01,route,26,0.7777547709381529,792035,176026
q40_w84,2025-07-01,route,28,0.7564955435706961,457429,111386
q40_w84,2025-07-01,route,50,0.7626106283964678,1214313,288265
q40_w84,2025-07-01,month,7,0.7773631408390591,5407676,1203948
q40_w84,2025-07-01,month,8,0.8071402727012289,5176581,998354
q40_w84,2025-07-01,lead_week,1,0.878352233464339,1300961,158259
q40_w84,2025-07-01,lead_week,2,0.7686806150387302,1188478,274918
q40_w84,2025-07-01,lead_week,3,0.7225740068543871,1154589,320313
q40_w84,2025-07-01,lead_week,4,0.7478579810972352,1188715,299725
q40_w84,2025-07-01,lead_week,5,0.7303540392468171,1163967,313859
q40_w84,2025-07-01,lead_week,6,0.7539468950865738,1178648,290010
q40_w84,2025-07-01,lead_week,7,0.8163922458836883,1199982,220326
q40_w84,2025-07-01,lead_week,8,0.8346851228965306,1222207,202049
q40_w84,2025-07-01,lead_week,9,0.8755024272582623,986710,122843
q60_w84,2025-07-01,route,1,0.7520360887588393,902220,223718
q60_w84,2025-07-01,route,5,,0,0
q60_w84,2025-07-01,route,7,0.22210472426717565,863372,671613
q60_w84,2025-07-01,route,11,0.8142962676970502,1644695,305426
q60_w84,2025-07-01,route,12,0.8096273093396407,1720730,327580
q60_w84,2025-07-01,route,17,0.8529786741498173,2656635,390582
q60_w84,2025-07-01,route,25,0.6421515016765416,332828,119102
q60_w84,2025-07-01,route,26,0.6777187876798374,792035,255258
q60_w84,2025-07-01,route,28,0.6696951876684687,457429,151091
q60_w84,2025-07-01,route,50,0.745355604362302,1214313,309218
q60_w84,2025-07-01,month,7,0.7270724059651503,5407676,1475904
q60_w84,2025-07-01,month,8,0.7531799463777347,5176581,1277684
q60_w84,2025-07-01,lead_week,1,0.8391550553782934,1300961,209253
q60_w84,2025-07-01,lead_week,2,0.7117859985628678,1188478,342536
q60_w84,2025-07-01,lead_week,3,0.6682170018941805,1154589,383073
q60_w84,2025-07-01,lead_week,4,0.6973210567713877,1188715,359799
q60_w84,2025-07-01,lead_week,5,0.677385183600566,1163967,375513
q60_w84,2025-07-01,lead_week,6,0.6989007744466541,1178648,354890
q60_w84,2025-07-01,lead_week,7,0.7562530104618236,1199982,292492
q60_w84,2025-07-01,lead_week,8,0.77523692795083,1222207,274707
q60_w84,2025-07-01,lead_week,9,0.8365021130828714,986710,161325
mean_w112,2025-07-01,route,1,0.8113409146327947,902220,170212
mean_w112,2025-07-01,route,5,,0,0
mean_w112,2025-07-01,route,7,0.25750777185268925,863372,641047
mean_w112,2025-07-01,route,11,0.842351925432983,1644695,259283
mean_w112,2025-07-01,route,12,0.8483370429991922,1720730,260971
mean_w112,2025-07-01,route,17,0.8769070647642601,2656635,327013
mean_w112,2025-07-01,route,25,0.6838006417729278,332828,105240
mean_w112,2025-07-01,route,26,0.6725169973549149,792035,259378
mean_w112,2025-07-01,route,28,0.6964250189646918,457429,138864
mean_w112,2025-07-01,route,50,0.7502200832898931,1214313,303311
mean_w112,2025-07-01,month,7,0.7533082603321648,5407676,1334029
mean_w112,2025-07-01,month,8,0.7814600022679061,5176581,1131290
mean_w112,2025-07-01,lead_week,1,0.8522907296990455,1300961,192164
mean_w112,2025-07-01,lead_week,2,0.7419279111603243,1188478,306713
mean_w112,2025-07-01,lead_week,3,0.7001339870724561,1154589,346222
mean_w112,2025-07-01,lead_week,4,0.7264558788271369,1188715,325166
mean_w112,2025-07-01,lead_week,5,0.7053181060975096,1163967,343000
mean_w112,2025-07-01,lead_week,6,0.7299015482145645,1178648,318351
mean_w112,2025-07-01,lead_week,7,0.7882276567481845,1199982,254123
mean_w112,2025-07-01,lead_week,8,0.8072732360393943,1222207,235552
mean_w112,2025-07-01,lead_week,9,0.8540320864286366,986710,144028
median_w112,2025-07-01,route,1,0.7774434173483186,902220,200795
median_w112,2025-07-01,route,5,,0,0
median_w112,2025-07-01,route,7,0.2451677839911417,863372,651701
median_w112,2025-07-01,route,11,0.8237180753878379,1644695,289930
median_w112,2025-07-01,route,12,0.8158711709565126,1720730,316836
median_w112,2025-07-01,route,17,0.8618560698025886,2656635,366998
median_w112,2025-07-01,route,25,0.6726958068431743,332828,108936
median_w112,2025-07-01,route,26,0.6593749013616823,792035,269787
median_w112,2025-07-01,route,28,0.6819462692570869,457429,145487
median_w112,2025-07-01,route,50,0.7441845718525619,1214313,310640
median_w112,2025-07-01,month,7,0.7351566550954606,5407676,1432187
median_w112,2025-07-01,month,8,0.7625994840996403,5176581,1228923
median_w112,2025-07-01,lead_week,1,0.845216728249348,1300961,201367
median_w112,2025-07-01,lead_week,2,0.7200503501116554,1188478,332714
median_w112,2025-07-01,lead_week,3,0.6780473397893103,1154589,371723
median_w112,2025-07-01,lead_week,4,0.7042848790500666,1188715,351521
median_w112,2025-07-01,lead_week,5,0.6863063987209259,1163967,365129
median_w112,2025-07-01,lead_week,6,0.7087459529902057,1178648,343286
median_w112,2025-07-01,lead_week,7,0.7668581695392098,1199982,279766
median_w112,2025-07-01,lead_week,8,0.7868928913023735,1222207,260461
median_w112,2025-07-01,lead_week,9,0.8427673784597298,986710,155143
trim10_w112,2025-07-01,route,1,0.8055729201303452,902220,175416
trim10_w112,2025-07-01,route,5,,0,0
trim10_w112,2025-07-01,route,7,0.2741437063050458,863372,626684
trim10_w112,2025-07-01,route,11,0.8377115513818671,1644695,266915
trim10_w112,2025-07-01,route,12,0.8395419385958285,1720730,276105
trim10_w112,2025-07-01,route,17,0.8763473341275712,2656635,328500
trim10_w112,2025-07-01,route,25,0.6895273234223083,332828,103334
trim10_w112,2025-07-01,route,26,0.6861148812868119,792035,248608
trim10_w112,2025-07-01,route,28,0.6975049679841024,457429,138370
trim10_w112,2025-07-01,route,50,0.7500438519557973,1214313,303525
trim10_w112,2025-07-01,month,7,0.7527460964747148,5407676,1337069
trim10_w112,2025-07-01,month,8,0.7816342485513121,5176581,1130388
trim10_w112,2025-07-01,lead_week,1,0.8550863553942047,1300961,188527
trim10_w112,2025-07-01,lead_week,2,0.7401718837033584,1188478,308800
trim10_w112,2025-07-01,lead_week,3,0.6987958485660265,1154589,347767
trim10_w112,2025-07-01,lead_week,4,0.7248078807788242,1188715,327125
trim10_w112,2025-07-01,lead_week,5,0.7044478065099784,1163967,344013
trim10_w112,2025-07-01,lead_week,6,0.7285160624715776,1178648,319984
trim10_w112,2025-07-01,lead_week,7,0.7872534754687988,1199982,255292
trim10_w112,2025-07-01,lead_week,8,0.8071987805666307,1222207,235643
trim10_w112,2025-07-01,lead_week,9,0.8578042180579907,986710,140306
q40_w112,2025-07-01,route,1,0.8138912903726364,902220,167911
q40_w112,2025-07-01,route,5,,0,0
q40_w112,2025-07-01,route,7,0.3129242087999148,863372,593202
q40_w112,2025-07-01,route,11,0.844510380344076,1644695,255733
q40_w112,2025-07-01,route,12,0.8405862628070644,1720730,274308
q40_w112,2025-07-01,route,17,0.8723832969150824,2656635,339031
q40_w112,2025-07-01,route,25,0.7137981179468074,332828,95256
q40_w112,2025-07-01,route,26,0.7137967387804831,792035,226683
q40_w112,2025-07-01,route,28,0.7289568435757243,457429,123983
q40_w112,2025-07-01,route,50,0.7544035186974034,1214313,298231
q40_w112,2025-07-01,month,7,0.7613984269767642,5407676,1290280
q40_w112,2025-07-01,month,8,0.7905841712898919,5176581,1084058
q40_w112,2025-07-01,lead_week,1,0.8662727014875926,1300961,173974
q40_w112,2025-07-01,lead_week,2,0.7487770072310973,1188478,298573
q40_w112,2025-07-01,lead_week,3,0.7070368763256882,1154589,338252
q40_w112,2025-07-01,lead_week,4,0.7312980823830775,1188715,319410
q40_w112,2025-07-01,lead_week,5,0.7134059642584369,1163967,333586
q40_w112,2025-07-01,lead_week,6,0.7371030197310817,1178648,309863
q40_w112,2025-07-01,lead_week,7,0.7979928032253817,1199982,242405
q40_w112,2025-07-01,lead_week,8,0.817760821202955,1222207,222734
q40_w112,2025-07-01,lead_week,9,0.8626333978575265,986710,135541
q60_w112,2025-07-01,route,1,0.7412648799627586,902220,233436
q60_w112,2025-07-01,route,5,,0,0
q60_w112,2025-07-01,route,7,0.17896457147093026,863372,708859
q60_w112,2025-07-01,route,11,0.7976548843402576,1644695,332796
q60_w112,2025-07-01,route,12,0.7928309496550883,1720730,356482
q60_w112,2025-07-01,route,17,0.8490522785403339,2656635,401013
q60_w112,2025-07-01,route,25,0.6276545242587763,332828,123927
q60_w112,2025-07-01,route,26,0.6085198255127615,792035,310066
q60_w112,2025-07-01,route,28,0.6315318880088494,457429,168548
q60_w112,2025-07-01,route,50,0.7256119303672117,1214313,333193
q60_w112,2025-07-01,month,7,0.7065299400333895,5407676,1586991
q60_w112,2025-07-01,month,8,0.7331580438903593,5176581,1381329
q60_w112,2025-07-01,lead_week,1,0.8197970577134903,1300961,234437
q60_w112,2025-07-01,lead_week,2,0.6892883166537369,1188478,369274
q60_w112,2025-07-01,lead_week,3,0.647385346647162,1154589,407125
q60_w112,2025-07-01,lead_week,4,0.6758037039996971,1188715,385377
q60_w112,2025-07-01,lead_week,5,0.6564189534583025,1163967,399917
q60_w112,2025-07-01,lead_week,6,0.6796363290821348,1178648,377596
q60_w112,2025-07-01,lead_week,7,0.7352610289154338,1199982,317682
q60_w112,2025-07-01,lead_week,8,0.7556641387260914,1222207,298629
q60_w112,2025-07-01,lead_week,9,0.8193157057291403,986710,178283
mean_w0,2025-07-01,route,1,0.8262308527853517,902220,156778
mean_w0,2025-07-01,route,5,,0,0
mean_w0,2025-07-01,route,7,0.3199119267245174,863372,587169
mean_w0,2025-07-01,route,11,0.8395112771668911,1644695,263955
mean_w0,2025-07-01,route,12,0.8441946150761596,1720730,268099
mean_w0,2025-07-01,route,17,0.8829560703672127,2656635,310943
mean_w0,2025-07-01,route,25,0.7212073503431202,332828,92790
mean_w0,2025-07-01,route,26,0.7094383455276598,792035,230135
mean_w0,2025-07-01,route,28,0.7098959619962879,457429,132702
mean_w0,2025-07-01,route,50,0.7533033081256645,1214313,299567
mean_w0,2025-07-01,month,7,0.7644281942927054,5407676,1273896
mean_w0,2025-07-01,month,8,0.7936394697581279,5176581,1068242
mean_w0,2025-07-01,lead_week,1,0.8682281790153586,1300961,171430
mean_w0,2025-07-01,lead_week,2,0.7500492226191818,1188478,297061
mean_w0,2025-07-01,lead_week,3,0.7099210195143033,1154589,334922
mean_w0,2025-07-01,lead_week,4,0.732795497659237,1188715,317630
mean_w0,2025-07-01,lead_week,5,0.7155967480177703,1163967,331036
mean_w0,2025-07-01,lead_week,6,0.7409022880452858,1178648,305385
mean_w0,2025-07-01,lead_week,7,0.8037278892516722,1199982,235523
mean_w0,2025-07-01,lead_week,8,0.8222706955532082,1222207,217222
mean_w0,2025-07-01,lead_week,9,0.8662940478965451,986710,131929
median_w0,2025-07-01,route,1,0.779542683602669,902220,198901
median_w0,2025-07-01,route,5,,0,0
median_w0,2025-07-01,route,7,0.2890086776036286,863372,613850
median_w0,2025-07-01,route,11,0.8099143002197976,1644695,312633
median_w0,2025-07-01,route,12,0.8016463942629001,1720730,341313
median_w0,2025-07-01,route,17,0.8478003188243775,2656635,404339
median_w0,2025-07-01,route,25,0.7049406900861706,332828,98204
median_w0,2025-07-01,route,26,0.6792919504819863,792035,254012
median_w0,2025-07-01,route,28,0.6814609480378375,457429,145709
median_w0,2025-07-01,route,50,0.7331231733498694,1214313,324072
median_w0,2025-07-01,month,7,0.7314519213059363,5407676,1452221
median_w0,2025-07-01,month,8,0.7603027944506229,5176581,1240812
median_w0,2025-07-01,lead_week,1,0.8421443840361087,1300961,205364
median_w0,2025-07-01,lead_week,2,0.7147216860556106,1188478,339047
median_w0,2025-07-01,lead_week,3,0.6752437447438007,1154589,374960
median_w0,2025-07-01,lead_week,4,0.698137905216978,1188715,358828
median_w0,2025-07-01,lead_week,5,0.681982392971622,1163967,370162
median_w0,2025-07-01,lead_week,6,0.7072196279126592,1178648,345085
median_w0,2025-07-01,lead_week,7,0.7653173130930297,1199982,281615
median_w0,2025-07-01,lead_week,8,0.7870949847284462,1222207,260214
median_w0,2025-07-01,lead_week,9,0.8401171570167526,986710,157758
trim10_w0,2025-07-01,route,1,0.8039779654629691,902220,176855
trim10_w0,2025-07-01,route,5,,0,0
trim10_w0,2025-07-01,route,7,0.31169762280917146,863372,594261
trim10_w0,2025-07-01,route,11,0.8241145014729174,1644695,289278
trim10_w0,2025-07-01,route,12,0.8240334044271908,1720730,302791
trim10_w0,2025-07-01,route,17,0.8673231362230792,2656635,352474
trim10_w0,2025-07-01,route,25,0.7152613361856575,332828,94769
trim10_w0,2025-07-01,route,26,0.7006798941965948,792035,237072
trim10_w0,2025-07-01,route,28,0.6966764241007894,457429,138749
trim10_w0,2025-07-01,route,50,0.7442759815632378,1214313,310529
trim10_w0,2025-07-01,month,7,0.7491789448924084,5407676,1356359
trim10_w0,2025-07-01,month,8,0.7796964830647873,5176581,1140419
trim10_w0,2025-07-01,lead_week,1,0.8574476867484883,1300961,185455
trim10_w0,2025-07-01,lead_week,2,0.7334136601603058,1188478,316832
trim10_w0,2025-07-01,lead_week,3,0.6935385665375298,1154589,353837
trim10_w0,2025-07-01,lead_week,4,0.7171609679359645,1188715,336215
trim10_w0,2025-07-01,lead_week,5,0.7006934045381011,1163967,348383
trim10_w0,2025-07-01,lead_week,6,0.7259538046982644,1178648,323004
trim10_w0,2025-07-01,lead_week,7,0.786305127910252,1199982,256430
trim10_w0,2025-07-01,lead_week,8,0.8067422294259483,1222207,236201
trim10_w0,2025-07-01,lead_week,9,0.8576876691226398,986710,140421
q40_w0,2025-07-01,route,1,0.808274035157722,902220,172979
q40_w0,2025-07-01,route,5,,0,0
q40_w0,2025-07-01,route,7,0.3478465829329651,863372,563051
q40_w0,2025-07-01,route,11,0.8293300581566795,1644695,280700
q40_w0,2025-07-01,route,12,0.8233604342343075,1720730,303949
q40_w0,2025-07-01,route,17,0.86505824097025,2656635,358491
q40_w0,2025-07-01,route,25,0.737311764635187,332828,87430
q40_w0,2025-07-01,route,26,0.7263290132380513,792035,216757
q40_w0,2025-07-01,route,28,0.7240599087508662,457429,126223
q40_w0,2025-07-01,route,50,0.7493323385321577,1214313,304389
q40_w0,2025-07-01,month,7,0.7573271771459681,5407676,1312296
q40_w0,2025-07-01,month,8,0.7871813461433328,5176581,1101673
q40_w0,2025-07-01,lead_week,1,0.8637584062858149,1300961,177245
q40_w0,2025-07-01,lead_week,2,0.742786993112199,1188478,305692
q40_w0,2025-07-01,lead_week,3,0.7039457330703827,1154589,341821
q40_w0,2025-07-01,lead_week,4,0.7243115465018949,1188715,327715
q40_w0,2025-07-01,lead_week,5,0.7095922822554248,1163967,338025
q40_w0,2025-07-01,lead_week,6,0.7350846054123029,1178648,312242
q40_w0,2025-07-01,lead_week,7,0.795621934329015,1199982,245250
q40_w0,2025-07-01,lead_week,8,0.815595066956743,1222207,225381
q40_w0,2025-07-01,lead_week,9,0.8575082851090999,986710,140598
q60_w0,2025-07-01,route,1,0.7481578772361508,902220,227217
q60_w0,2025-07-01,route,5,,0,0
q60_w0,2025-07-01,route,7,0.22442006458398,863372,669614
q60_w0,2025-07-01,route,11,0.7876512058466767,1644695,349249
q60_w0,2025-07-01,route,12,0.779830653269252,1720730,378852
q60_w0,2025-07-01,route,17,0.8302442751827029,2656635,450979
q60_w0,2025-07-01,route,25,0.6637542514451908,332828,111912
q60_w0,2025-07-01,route,26,0.6317397589752978,792035,291675
q60_w0,2025-07-01,route,28,0.6350253263347974,457429,166950
q60_w0,2025-07-01,route,50,0.7189900791641035,1214313,341234
q60_w0,2025-07-01,month,7,0.7041416682508346,5407676,1599906
q60_w0,2025-07-01,month,8,0.7319126272727114,5176581,1387776
q60_w0,2025-07-01,lead_week,1,0.8175487197540895,1300961,237362
q60_w0,2025-07-01,lead_week,2,0.6854136130412174,1188478,373879
q60_w0,2025-07-01,lead_week,3,0.6456037602991194,1154589,409182
q60_w0,2025-07-01,lead_week,4,0.6718103161817592,1188715,390124
q60_w0,2025-07-01,lead_week,5,0.653696367680527,1163967,403086
q60_w0,2025-07-01,lead_week,6,0.6780641887993701,1178648,379449
q60_w0,2025-07-01,lead_week,7,0.7339501759193054,1199982,319255
q60_w0,2025-07-01,lead_week,8,0.756394784189585,1222207,297736
q60_w0,2025-07-01,lead_week,9,0.8199987838371964,986710,177609
exp_h7_s0_d0.0,2025-07-01,route,1,0.8797444082374587,902220,108497
exp_h7_s0_d0.0,2025-07-01,route,5,,0,0
exp_h7_s0_d0.0,2025-07-01,route,7,0.44684214915470966,863372,477581
exp_h7_s0_d0.0,2025-07-01,route,11,0.8691909442176209,1644695,215141
exp_h7_s0_d0.0,2025-07-01,route,12,0.8899089339989423,1720730,189437
exp_h7_s0_d0.0,2025-07-01,route,17,0.8910629424064653,2656635,289406
exp_h7_s0_d0.0,2025-07-01,route,25,0.7764310695013641,332828,74410
exp_h7_s0_d0.0,2025-07-01,route,26,0.856767693346885,792035,113445
exp_h7_s0_d0.0,2025-07-01,route,28,0.7955835769048312,457429,93506
exp_h7_s0_d0.0,2025-07-01,route,50,0.768474849565145,1214313,281144
exp_h7_s0_d0.0,2025-07-01,month,7,0.8117818079337593,5407676,1017823
exp_h7_s0_d0.0,2025-07-01,month,8,0.8406778528144349,5176581,824744
exp_h7_s0_d0.0,2025-07-01,lead_week,1,0.8983474523832766,1300961,132246
exp_h7_s0_d0.0,2025-07-01,lead_week,2,0.8080225296555763,1188478,228161
exp_h7_s0_d0.0,2025-07-01,lead_week,3,0.756666658005576,1154589,280950
exp_h7_s0_d0.0,2025-07-01,lead_week,4,0.7899530164925992,1188715,249686
exp_h7_s0_d0.0,2025-07-01,lead_week,5,0.7730227747006573,1163967,264194
exp_h7_s0_d0.0,2025-07-01,lead_week,6,0.7922119241707448,1178648,244909
exp_h7_s0_d0.0,2025-07-01,lead_week,7,0.8567820183969426,1199982,171859
exp_h7_s0_d0.0,2025-07-01,lead_week,8,0.8682383589686526,1222207,161040
exp_h7_s0_d0.0,2025-07-01,lead_week,9,0.8890028478478986,986710,109522
exp_h7_s0_d0.5,2025-07-01,route,1,0.883167076766199,902220,105409
exp_h7_s0_d0.5,2025-07-01,route,5,,0,0
exp_h7_s0_d0.5,2025-07-01,route,7,0.43715107740348313,863372,485948
exp_h7_s0_d0.5,2025-07-01,route,11,0.8757131261419291,1644695,204414
exp_h7_s0_d0.5,2025-07-01,route,12,0.887359434658546,1720730,193824
exp_h7_s0_d0.5,2025-07-01,route,17,0.9050426573466057,2656635,252267
exp_h7_s0_d0.5,2025-07-01,route,25,0.7859464948862476,332828,71243
exp_h7_s0_d0.5,2025-07-01,route,26,0.8511972324455359,792035,117857
exp_h7_s0_d0.5,2025-07-01,route,28,0.7905095654188956,457429,95827
exp_h7_s0_d0.5,2025-07-01,route,50,0.773362386798132,1214313,275209
exp_h7_s0_d0.5,2025-07-01,month,7,0.8162992753264064,5407676,993394
exp_h7_s0_d0.5,2025-07-01,month,8,0.8437957408567547,5176581,808604
exp_h7_s0_d0.5,2025-07-01,lead_week,1,0.9054568123102845,1300961,122997
exp_h7_s0_d0.5,2025-07-01,lead_week,2,0.8117693385994524,1188478,223708
exp_h7_s0_d0.5,2025-07-01,lead_week,3,0.7617134755311197,1154589,275123
exp_h7_s0_d0.5,2025-07-01,lead_week,4,0.7903795274729435,1188715,249179
exp_h7_s0_d0.5,2025-07-01,lead_week,5,0.7726696719065059,1163967,264605
exp_h7_s0_d0.5,2025-07-01,lead_week,6,0.7956166726622367,1178648,240896
exp_h7_s0_d0.5,2025-07-01,lead_week,7,0.8592695557100023,1199982,168874
exp_h7_s0_d0.5,2025-07-01,lead_week,8,0.8719537688787579,1222207,156499
exp_h7_s0_d0.5,2025-07-01,lead_week,9,0.8985345238215889,986710,100117
exp_h7_s0_d1.0,2025-07-01,route,1,0.8786881248475982,902220,109450
exp_h7_s0_d1.0,2025-07-01,route,5,,0,0
exp_h7_s0_d1.0,2025-07-01,route,7,0.42469526461363116,863372,496702
exp_h7_s0_d1.0,2025-07-01,route,11,0.8738677991968116,1644695,207449
exp_h7_s0_d1.0,2025-07-01,route,12,0.8792582218012123,1720730,207764
exp_h7_s0_d1.0,2025-07-01,route,17,0.9059347633378315,2656635,249897
exp_h7_s0_d1.0,2025-07-01,route,25,0.7852614563678537,332828,71471
exp_h7_s0_d1.0,2025-07-01,route,26,0.8416067471765768,792035,125453
exp_h7_s0_d1.0,2025-07-01,route,28,0.778763480234091,457429,101200
exp_h7_s0_d1.0,2025-07-01,route,50,0.7734908544996224,1214313,275053
exp_h7_s0_d1.0,2025-07-01,month,7,0.8137473472892977,5407676,1007194
exp_h7_s0_d1.0,2025-07-01,month,8,0.8382629384143704,5176581,837245
exp_h7_s0_d1.0,2025-07-01,lead_week,1,0.9062938858274767,1300961,121908
exp_h7_s0_d1.0,2025-07-01,lead_week,2,0.8066257852480231,1188478,229821
exp_h7_s0_d1.0,2025-07-01,lead_week,3,0.759382776035455,1154589,277814
exp_h7_s0_d1.0,2025-07-01,lead_week,4,0.7835141308051131,1188715,257340
exp_h7_s0_d1.0,2025-07-01,lead_week,5,0.7664452686373411,1163967,271850
exp_h7_s0_d1.0,2025-07-01,lead_week,6,0.7907967433873387,1178648,246577
exp_h7_s0_d1.0,2025-07-01,lead_week,7,0.8547069872714758,1199982,174349
exp_h7_s0_d1.0,2025-07-01,lead_week,8,0.8669047059949746,1222207,162670
exp_h7_s0_d1.0,2025-07-01,lead_week,9,0.8965146800985092,986710,102110
exp_h14_s0_d0.0,2025-07-01,route,1,0.8671499190884706,902220,119860
exp_h14_s0_d0.0,2025-07-01,route,5,,0,0
exp_h14_s0_d0.0,2025-07-01,route,7,0.41087850891620303,863372,508631
exp_h14_s0_d0.0,2025-07-01,route,11,0.8650454947573867,1644695,221959
exp_h14_s0_d0.0,2025-07-01,route,12,0.8795714609497132,1720730,207225
exp_h14_s0_d0.0,2025-07-01,route,17,0.8899303065720356,2656635,292415
exp_h14_s0_d0.0,2025-07-01,route,25,0.7546330236638744,332828,81665
exp_h14_s0_d0.0,2025-07-01,route,26,0.8278548296476798,792035,136345
exp_h14_s0_d0.0,2025-07-01,route,28,0.7809561702471859,457429,100197
exp_h14_s0_d0.0,2025-07-01,route,50,0.7635082552850871,1214313,287175
exp_h14_s0_d0.0,2025-07-01,month,7,0.8000074338773255,5407676,1081495
exp_h14_s0_d0.0,2025-07-01,month,8,0.8311671352191726,5176581,873977
exp_h14_s0_d0.0,2025-07-01,lead_week,1,0.8908291639795505,1300961,142027
exp_h14_s0_d0.0,2025-07-01,lead_week,2,0.7937109479519183,1188478,245170
exp_h14_s0_d0.0,2025-07-01,lead_week,3,0.745482591640835,1154589,293863
exp_h14_s0_d0.0,2025-07-01,lead_week,4,0.7770626264495695,1188715,265009
exp_h14_s0_d0.0,2025-07-01,lead_week,5,0.759088530860411,1163967,280413
exp_h14_s0_d0.0,2025-07-01,lead_week,6,0.7817075157298872,1178648,257290
exp_h14_s0_d0.0,2025-07-01,lead_week,7,0.8451943445818354,1199982,185764
exp_h14_s0_d0.0,2025-07-01,lead_week,8,0.8596432519205012,1222207,171545
exp_h14_s0_d0.0,2025-07-01,lead_week,9,0.8840682672720455,986710,114391
exp_h14_s0_d0.5,2025-07-01,route,1,0.8639256500631776,902220,122769
exp_h14_s0_d0.5,2025-07-01,route,5,,0,0
exp_h14_s0_d0.5,2025-07-01,route,7,0.39024082319093045,863372,526449
exp_h14_s0_d0.5,2025-07-01,route,11,0.8673121764217682,1644695,218231
exp_h14_s0_d0.5,2025-07-01,route,12,0.8740429933807163,1720730,216738
exp_h14_s0_d0.5,2025-07-01,route,17,0.8985400704274392,2656635,269542
exp_h14_s0_d0.5,2025-07-01,route,25,0.7545428870167173,332828,81695
exp_h14_s0_d0.5,2025-07-01,route,26,0.8153402311766526,792035,146257
exp_h14_s0_d0.5,2025-07-01,route,28,0.7721766656683332,457429,104213
exp_h14_s0_d0.5,2025-07-01,route,50,0.7700321086902635,1214313,279253
exp_h14_s0_d0.5,2025-07-01,month,7,0.8004675206132912,5407676,1079007
exp_h14_s0_d0.5,2025-07-01,month,8,0.828817514880961,5176581,886140
exp_h14_s0_d0.5,2025-07-01,lead_week,1,0.8968047466449801,1300961,134253
exp_h14_s0_d0.5,2025-07-01,lead_week,2,0.7931976864527572,1188478,245780
exp_h14_s0_d0.5,2025-07-01,lead_week,3,0.7451517379777566,1154589,294245
exp_h14_s0_d0.5,2025-07-01,lead_week,4,0.7721480758634324,1188715,270851
exp_h14_s0_d0.5,2025-07-01,lead_week,5,0.7541691474071001,1163967,286139
exp_h14_s0_d0.5,2025-07-01,lead_week,6,0.7783969429380103,1178648,261192
exp_h14_s0_d0.5,2025-07-01,lead_week,7,0.8407926118891783,1199982,191046
exp_h14_s0_d0.5,2025-07-01,lead_week,8,0.8564621213918755,1222207,175433
exp_h14_s0_d0.5,2025-07-01,lead_week,9,0.8923614841240081,986710,106208
exp_h14_s0_d1.0,2025-07-01,route,1,0.8498226596617233,902220,135493
exp_h14_s0_d1.0,2025-07-01,route,5,,0,0
exp_h14_s0_d1.0,2025-07-01,route,7,0.3675437702404062,863372,546045
exp_h14_s0_d1.0,2025-07-01,route,11,0.8606106299344255,1644695,229253
exp_h14_s0_d1.0,2025-07-01,route,12,0.8600303359620626,1720730,240850
exp_h14_s0_d1.0,2025-07-01,route,17,0.8928893129842828,2656635,284554
exp_h14_s0_d1.0,2025-07-01,route,25,0.7483625175766462,332828,83752
exp_h14_s0_d1.0,2025-07-01,route,26,0.7986099099155972,792035,159508
exp_h14_s0_d1.0,2025-07-01,route,28,0.7560954814845583,457429,111569
exp_h14_s0_d1.0,2025-07-01,route,50,0.7682623837511415,1214313,281402
exp_h14_s0_d1.0,2025-07-01,month,7,0.7923067136418676,5407676,1123138
exp_h14_s0_d1.0,2025-07-01,month,8,0.8166187296209603,5176581,949288
exp_h14_s0_d1.0,2025-07-01,lead_week,1,0.8932227791609433,1300961,138913
exp_h14_s0_d1.0,2025-07-01,lead_week,2,0.7821903308264857,1188478,258862
exp_h14_s0_d1.0,2025-07-01,lead_week,3,0.7354859608051003,1154589,305405
exp_h14_s0_d1.0,2025-07-01,lead_week,4,0.7603504624741844,1188715,284875
exp_h14_s0_d1.0,2025-07-01,lead_week,5,0.7425588526135192,1163967,299653
exp_h14_s0_d1.0,2025-07-01,lead_week,6,0.7669719882441577,1178648,274658
exp_h14_s0_d1.0,2025-07-01,lead_week,7,0.8277224158362375,1199982,206730
exp_h14_s0_d1.0,2025-07-01,lead_week,8,0.8440337847844105,1222207,190623
exp_h14_s0_d1.0,2025-07-01,lead_week,9,0.8857749490731825,986710,112707
exp_h28_s0_d0.0,2025-07-01,route,1,0.8460475272106581,902220,138899
exp_h28_s0_d0.0,2025-07-01,route,5,,0,0
exp_h28_s0_d0.0,2025-07-01,route,7,0.3556381258600001,863372,556324
exp_h28_s0_d0.0,2025-07-01,route,11,0.8567886447031212,1644695,235539
exp_h28_s0_d0.0,2025-07-01,route,12,0.8668257076938276,1720730,229157
exp_h28_s0_d0.0,2025-07-01,route,17,0.8869336585567833,2656635,300376
exp_h28_s0_d0.0,2025-07-01,route,25,0.7281628949487423,332828,90475
exp_h28_s0_d0.0,2025-07-01,route,26,0.7744266351865763,792035,178662
exp_h28_s0_d0.0,2025-07-01,route,28,0.7503022326962216,457429,114219
exp_h28_s0_d0.0,2025-07-01,route,50,0.7599663348741222,1214313,291476
exp_h28_s0_d0.0,2025-07-01,month,7,0.7831341966493555,5407676,1172740
exp_h28_s0_d0.0,2025-07-01,month,8,0.8140882949576178,5176581,962387
exp_h28_s0_d0.0,2025-07-01,lead_week,1,0.8789233497391544,1300961,157516
exp_h28_s0_d0.0,2025-07-01,lead_week,2,0.7739386004621036,1188478,268669
exp_h28_s0_d0.0,2025-07-01,lead_week,3,0.7291798206981013,1154589,312686
exp_h28_s0_d0.0,2025-07-01,lead_week,4,0.758054706132252,1188715,287604
exp_h28_s0_d0.0,2025-07-01,lead_week,5,0.7389049689553054,1163967,303906
exp_h28_s0_d0.0,2025-07-01,lead_week,6,0.7629597640686617,1178648,279387
exp_h28_s0_d0.0,2025-07-01,lead_week,7,0.8256898853482803,1199982,209169
exp_h28_s0_d0.0,2025-07-01,lead_week,8,0.8413476604208616,1222207,193906
exp_h28_s0_d0.0,2025-07-01,lead_week,9,0.8760689564309676,986710,122284
exp_h28_s0_d0.5,2025-07-01,route,1,0.8341202810844361,902220,149660
exp_h28_s0_d0.5,2025-07-01,route,5,,0,0
exp_h28_s0_d0.5,2025-07-01,route,7,0.3285397256339099,863372,579720
exp_h28_s0_d0.5,2025-07-01,route,11,0.8525392245978738,1644695,242528
exp_h28_s0_d0.5,2025-07-01,route,12,0.8578643947626879,1720730,244577
exp_h28_s0_d0.5,2025-07-01,route,17,0.8887705687834422,2656635,295496
exp_h28_s0_d0.5,2025-07-01,route,25,0.7208588219741128,332828,92906
exp_h28_s0_d0.5,2025-07-01,route,26,0.7553668714135108,792035,193758
exp_h28_s0_d0.5,2025-07-01,route,28,0.7350321033428139,457429,121204
exp_h28_s0_d0.5,2025-07-01,route,50,0.7627209788580045,1214313,288131
exp_h28_s0_d0.5,2025-07-01,month,7,0.7780578940010459,5407676,1200191
exp_h28_s0_d0.5,2025-07-01,month,8,0.8053176411225865,5176581,1007789
exp_h28_s0_d0.5,2025-07-01,lead_week,1,0.8799364469803476,1300961,156198
exp_h28_s0_d0.5,2025-07-01,lead_week,2,0.7674698227480862,1188478,276357
exp_h28_s0_d0.5,2025-07-01,lead_week,3,0.7230113919325405,1154589,319808
exp_h28_s0_d0.5,2025-07-01,lead_week,4,0.7481364330390379,1188715,299394
exp_h28_s0_d0.5,2025-07-01,lead_week,5,0.7288617288978124,1163967,315596
exp_h28_s0_d0.5,2025-07-01,lead_week,6,0.7538052073222878,1178648,290177
exp_h28_s0_d0.5,2025-07-01,lead_week,7,0.8139580427039739,1199982,223247
exp_h28_s0_d0.5,2025-07-01,lead_week,8,0.8314753556476112,1222207,205972
exp_h28_s0_d0.5,2025-07-01,lead_week,9,0.8771361392911798,986710,121231
exp_h28_s0_d1.0,2025-07-01,route,1,0.8127984305380063,902220,168897
exp_h28_s0_d1.0,2025-07-01,route,5,,0,0
exp_h28_s0_d1.0,2025-07-01,route,7,0.29996803231978797,863372,604388
exp_h28_s0_d1.0,2025-07-01,route,11,0.8420327173123284,1644695,259808
exp_h28_s0_d1.0,2025-07-01,route,12,0.8405513938851534,1720730,274368
exp_h28_s0_d1.0,2025-07-01,route,17,0.8784164930447728,2656635,323003
exp_h28_s0_d1.0,2025-07-01,route,25,0.7092762628144267,332828,96761
exp_h28_s0_d1.0,2025-07-01,route,26,0.7335281900421067,792035,211055
exp_h28_s0_d1.0,2025-07-01,route,28,0.7150464880888618,457429,130346
exp_h28_s0_d1.0,2025-07-01,route,50,0.7566879379533942,1214313,295457
exp_h28_s0_d1.0,2025-07-01,month,7,0.7651845265877615,5407676,1269806
exp_h28_s0_d1.0,2025-07-01,month,8,0.7886100883961827,5176581,1094277
exp_h28_s0_d1.0,2025-07-01,lead_week,1,0.8695971670173049,1300961,169649
exp_h28_s0_d1.0,2025-07-01,lead_week,2,0.7523689963129313,1188478,294304
exp_h28_s0_d1.0,2025-07-01,lead_week,3,0.7091701029543847,1154589,335789
exp_h28_s0_d1.0,2025-07-01,lead_week,4,0.7329746827456539,1188715,317417
exp_h28_s0_d1.0,2025-07-01,lead_week,5,0.7137710948849925,1163967,333161
exp_h28_s0_d1.0,2025-07-01,lead_week,6,0.7388109087700484,1178648,307850
exp_h28_s0_d1.0,2025-07-01,lead_week,7,0.7961902761874762,1199982,244568
exp_h28_s0_d1.0,2025-07-01,lead_week,8,0.8140912300453197,1222207,227219
exp_h28_s0_d1.0,2025-07-01,lead_week,9,0.864067456496843,986710,134126
exp_h56_s0_d0.0,2025-07-01,route,1,0.8315643634590233,902220,151966
exp_h56_s0_d0.0,2025-07-01,route,5,,0,0
exp_h56_s0_d0.0,2025-07-01,route,7,0.3218728427607104,863372,585476
exp_h56_s0_d0.0,2025-07-01,route,11,0.8480769990788566,1644695,249867
exp_h56_s0_d0.0,2025-07-01,route,12,0.8557176314703643,1720730,248271
exp_h56_s0_d0.0,2025-07-01,route,17,0.8849913518417095,2656635,305536
exp_h56_s0_d0.0,2025-07-01,route,25,0.7150570264521015,332828,94837
exp_h56_s0_d0.0,2025-07-01,route,26,0.732080021716212,792035,212202
exp_h56_s0_d0.0,2025-07-01,route,28,0.72522293077177,457429,125691
exp_h56_s0_d0.0,2025-07-01,route,50,0.7564194733977154,1214313,295783
exp_h56_s0_d0.0,2025-07-01,month,7,0.7708242875497718,5407676,1239308
exp_h56_s0_d0.0,2025-07-01,month,8,0.8009649612359973,5176581,1030321
exp_h56_s0_d0.0,2025-07-01,lead_week,1,0.8713059038664495,1300961,167426
exp_h56_s0_d0.0,2025-07-01,lead_week,2,0.7591129158469909,1188478,286289
exp_h56_s0_d0.0,2025-07-01,lead_week,3,0.7165588793934465,1154589,327258
exp_h56_s0_d0.0,2025-07-01,lead_week,4,0.7428197675641344,1188715,305714
exp_h56_s0_d0.0,2025-07-01,lead_week,5,0.7239612463239937,1163967,321300
exp_h56_s0_d0.0,2025-07-01,lead_week,6,0.7486196048353707,1178648,296289
exp_h56_s0_d0.0,2025-07-01,lead_week,7,0.8107196607949119,1199982,227133
exp_h56_s0_d0.0,2025-07-01,lead_week,8,0.828079858812787,1222207,210122
exp_h56_s0_d0.0,2025-07-01,lead_week,9,0.8701766476472317,986710,128098
exp_h56_s0_d0.5,2025-07-01,route,1,0.8130223227150806,902220,168695
exp_h56_s0_d0.5,2025-07-01,route,5,,0,0
exp_h56_s0_d0.5,2025-07-01,route,7,0.29216143215207346,863372,611128
exp_h56_s0_d0.5,2025-07-01,route,11,0.8387299772906223,1644695,265240
exp_h56_s0_d0.5,2025-07-01,route,12,0.8427678950212991,1720730,270554
exp_h56_s0_d0.5,2025-07-01,route,17,0.8805232935649797,2656635,317406
exp_h56_s0_d0.5,2025-07-01,route,25,0.703699808910308,332828,98617
exp_h56_s0_d0.5,2025-07-01,route,26,0.7091744683000121,792035,230344
exp_h56_s0_d0.5,2025-07-01,route,28,0.7067982134932416,457429,134119
exp_h56_s0_d0.5,2025-07-01,route,50,0.7535775372576923,1214313,299234
exp_h56_s0_d0.5,2025-07-01,month,7,0.7606254516727704,5407676,1294460
exp_h56_s0_d0.5,2025-07-01,month,8,0.7873351155907731,5176581,1100877
exp_h56_s0_d0.5,2025-07-01,lead_week,1,0.865703891200428,1300961,174714
exp_h56_s0_d0.5,2025-07-01,lead_week,2,0.7474997433692504,1188478,300091
exp_h56_s0_d0.5,2025-07-01,lead_week,3,0.7058797546139794,1154589,339588
exp_h56_s0_d0.5,2025-07-01,lead_week,4,0.729295920384617,1188715,321790
exp_h56_s0_d0.5,2025-07-01,lead_week,5,0.7101137747032347,1163967,337418
exp_h56_s0_d0.5,2025-07-01,lead_week,6,0.7354672472188474,1178648,311791
exp_h56_s0_d0.5,2025-07-01,lead_week,7,0.7945494182412736,1199982,246537
exp_h56_s0_d0.5,2025-07-01,lead_week,8,0.8131069450592248,1222207,228422
exp_h56_s0_d0.5,2025-07-01,lead_week,9,0.8631958731542195,986710,134986
exp_h56_s0_d1.0,2025-07-01,route,1,0.7890170911751014,902220,190353
exp_h56_s0_d1.0,2025-07-01,route,5,,0,0
exp_h56_s0_d1.0,2025-07-01,route,7,0.2618454154176879,863372,637302
exp_h56_s0_d1.0,2025-07-01,route,11,0.8257026378751076,1644695,286666
exp_h56_s0_d1.0,2025-07-01,route,12,0.8248435257129242,1720730,301397
exp_h56_s0_d1.0,2025-07-01,route,17,0.8680733333709749,2656635,350481
exp_h56_s0_d1.0,2025-07-01,route,25,0.6896835602773805,332828,103282
exp_h56_s0_d1.0,2025-07-01,route,26,0.6850315958259421,792035,249466
exp_h56_s0_d1.0,2025-07-01,route,28,0.6850527622866063,457429,144066
exp_h56_s0_d1.0,2025-07-01,route,50,0.7435669386723193,1214313,311390
exp_h56_s0_d1.0,2025-07-01,month,7,0.7452217921339962,5407676,1377758
exp_h56_s0_d1.0,2025-07-01,month,8,0.7688348738288844,5176581,1196645
exp_h56_s0_d1.0,2025-07-01,lead_week,1,0.8514613428073555,1300961,193243
exp_h56_s0_d1.0,2025-07-01,lead_week,2,0.7306487793631855,1188478,320118
exp_h56_s0_d1.0,2025-07-01,lead_week,3,0.6900013771134144,1154589,357921
exp_h56_s0_d1.0,2025-07-01,lead_week,4,0.7126754520637832,1188715,341547
exp_h56_s0_d1.0,2025-07-01,lead_week,5,0.6933547085097773,1163967,356925
exp_h56_s0_d1.0,2025-07-01,lead_week,6,0.7189406845809776,1178648,331270
exp_h56_s0_d1.0,2025-07-01,lead_week,7,0.7750716260743911,1199982,269910
exp_h56_s0_d1.0,2025-07-01,lead_week,8,0.793811522925331,1222207,252005
exp_h56_s0_d1.0,2025-07-01,lead_week,9,0.8464959309219527,986710,151464
exp_h112_s0_d0.0,2025-07-01,route,1,0.8265267894748509,902220,156511
exp_h112_s0_d0.0,2025-07-01,route,5,,0,0
exp_h112_s0_d0.0,2025-07-01,route,7,0.3141565860370732,863372,592138
exp_h112_s0_d0.0,2025-07-01,route,11,0.8431301852319123,1644695,258003
exp_h112_s0_d0.0,2025-07-01,route,12,0.8493999639687807,1720730,259142
exp_h112_s0_d0.0,2025-07-01,route,17,0.8838696320721514,2656635,308516
exp_h112_s0_d0.0,2025-07-01,route,25,0.7145101974593484,332828,95019
exp_h112_s0_d0.0,2025-07-01,route,26,0.7152777339385255,792035,225510
exp_h112_s0_d0.0,2025-07-01,route,28,0.714565539132849,457429,130566
exp_h112_s0_d0.0,2025-07-01,route,50,0.7543870484792636,1214313,298251
exp_h112_s0_d0.0,2025-07-01,month,7,0.7659613852605075,5407676,1265605
exp_h112_s0_d0.0,2025-07-01,month,8,0.7956081436762991,5176581,1058051
exp_h112_s0_d0.0,2025-07-01,lead_week,1,0.8687016751462957,1300961,170814
exp_h112_s0_d0.0,2025-07-01,lead_week,2,0.7528528083818127,1188478,293729
exp_h112_s0_d0.0,2025-07-01,lead_week,3,0.7114973380137868,1154589,333102
exp_h112_s0_d0.0,2025-07-01,lead_week,4,0.7359770844988076,1188715,313848
exp_h112_s0_d0.0,2025-07-01,lead_week,5,0.7178785996510211,1163967,328380
exp_h112_s0_d0.0,2025-07-01,lead_week,6,0.742795983194304,1178648,303153
exp_h112_s0_d0.0,2025-07-01,lead_week,7,0.8050412422853009,1199982,233947
exp_h112_s0_d0.0,2025-07-01,lead_week,8,0.8233687092284695,1222207,215880
exp_h112_s0_d0.0,2025-07-01,lead_week,9,0.86743521399398,986710,130803
exp_h112_s0_d0.5,2025-07-01,route,1,0.8047638048369578,902220,176146
exp_h112_s0_d0.5,2025-07-01,route,5,,0,0
exp_h112_s0_d0.5,2025-07-01,route,7,0.2825444883549617,863372,619431
exp_h112_s0_d0.5,2025-07-01,route,11,0.8309844682448722,1644695,277979
exp_h112_s0_d0.5,2025-07-01,route,12,0.8342337263835697,1720730,285239
exp_h112_s0_d0.5,2025-07-01,route,17,0.8760740560897526,2656635,329226
exp_h112_s0_d0.5,2025-07-01,route,25,0.7007433268835555,332828,99601
exp_h112_s0_d0.5,2025-07-01,route,26,0.6902914643923563,792035,245300
exp_h112_s0_d0.5,2025-07-01,route,28,0.6940246464478641,457429,139962
exp_h112_s0_d0.5,2025-07-01,route,50,0.7481061307916492,1214313,305878
exp_h112_s0_d0.5,2025-07-01,month,7,0.7527087421657659,5407676,1337271
exp_h112_s0_d0.5,2025-07-01,month,8,0.7794893965727572,5176581,1141491
exp_h112_s0_d0.5,2025-07-01,lead_week,1,0.8590995425689163,1300961,183306
exp_h112_s0_d0.5,2025-07-01,lead_week,2,0.7382543050860008,1188478,311079
exp_h112_s0_d0.5,2025-07-01,lead_week,3,0.6980276098247948,1154589,348654
exp_h112_s0_d0.5,2025-07-01,lead_week,4,0.72051332741658,1188715,332230
exp_h112_s0_d0.5,2025-07-01,lead_week,5,0.7018901738623173,1163967,346990
exp_h112_s0_d0.5,2025-07-01,lead_week,6,0.727819501666316,1178648,320805
exp_h112_s0_d0.5,2025-07-01,lead_week,7,0.7866626332728324,1199982,256001
exp_h112_s0_d0.5,2025-07-01,lead_week,8,0.8053603031237753,1222207,237890
exp_h112_s0_d0.5,2025-07-01,lead_week,9,0.8562830010844118,986710,141807
exp_h112_s0_d1.0,2025-07-01,route,1,0.7790029039480393,902220,199388
exp_h112_s0_d1.0,2025-07-01,route,5,,0,0
exp_h112_s0_d1.0,2025-07-01,route,7,0.25060692262431494,863372,647005
exp_h112_s0_d1.0,2025-07-01,route,11,0.815999319022676,1644695,302625
exp_h112_s0_d1.0,2025-07-01,route,12,0.8155248063321963,1720730,317432
exp_h112_s0_d1.0,2025-07-01,route,17,0.8624820496605669,2656635,365335
exp_h112_s0_d1.0,2025-07-01,route,25,0.6847981540014663,332828,104908
exp_h112_s0_d1.0,2025-07-01,route,26,0.6643570044253095,792035,265841
exp_h112_s0_d1.0,2025-07-01,route,28,0.6707095527393323,457429,150627
exp_h112_s0_d1.0,2025-07-01,route,50,0.7358300537011462,1214313,320785
exp_h112_s0_d1.0,2025-07-01,month,7,0.7355906677840907,5407676,1429840
exp_h112_s0_d1.0,2025-07-01,month,8,0.7596664671141049,5176581,1244106
exp_h112_s0_d1.0,2025-07-01,lead_week,1,0.8429007479855276,1300961,204380
exp_h112_s0_d1.0,2025-07-01,lead_week,2,0.7200898964894596,1188478,332667
exp_h112_s0_d1.0,2025-07-01,lead_week,3,0.6807123573843159,1154589,368646
exp_h112_s0_d1.0,2025-07-01,lead_week,4,0.7025645339715576,1188715,353566
exp_h112_s0_d1.0,2025-07-01,lead_week,5,0.683680035602384,1163967,368186
exp_h112_s0_d1.0,2025-07-01,lead_week,6,0.7098022479994027,1178648,342041
exp_h112_s0_d1.0,2025-07-01,lead_week,7,0.7657706532264651,1199982,281071
exp_h112_s0_d1.0,2025-07-01,lead_week,8,0.7846616816954902,1222207,263188
exp_h112_s0_d1.0,2025-07-01,lead_week,9,0.8376412522423002,986710,160201
mean_s0_d0.0,2025-07-01,route,1,0.8262308527853517,902220,156778
mean_s0_d0.0,2025-07-01,route,5,,0,0
mean_s0_d0.0,2025-07-01,route,7,0.3199119267245174,863372,587169
mean_s0_d0.0,2025-07-01,route,11,0.8395112771668911,1644695,263955
mean_s0_d0.0,2025-07-01,route,12,0.8441946150761596,1720730,268099
mean_s0_d0.0,2025-07-01,route,17,0.8829560703672127,2656635,310943
mean_s0_d0.0,2025-07-01,route,25,0.7212073503431202,332828,92790
mean_s0_d0.0,2025-07-01,route,26,0.7094383455276598,792035,230135
mean_s0_d0.0,2025-07-01,route,28,0.7098959619962879,457429,132702
mean_s0_d0.0,2025-07-01,route,50,0.7533033081256645,1214313,299567
mean_s0_d0.0,2025-07-01,month,7,0.7644281942927054,5407676,1273896
mean_s0_d0.0,2025-07-01,month,8,0.7936394697581279,5176581,1068242
mean_s0_d0.0,2025-07-01,lead_week,1,0.8682281790153586,1300961,171430
mean_s0_d0.0,2025-07-01,lead_week,2,0.7500492226191818,1188478,297061
mean_s0_d0.0,2025-07-01,lead_week,3,0.7099210195143033,1154589,334922
mean_s0_d0.0,2025-07-01,lead_week,4,0.732795497659237,1188715,317630
mean_s0_d0.0,2025-07-01,lead_week,5,0.7155967480177703,1163967,331036
mean_s0_d0.0,2025-07-01,lead_week,6,0.7409022880452858,1178648,305385
mean_s0_d0.0,2025-07-01,lead_week,7,0.8037278892516722,1199982,235523
mean_s0_d0.0,2025-07-01,lead_week,8,0.8222706955532082,1222207,217222
mean_s0_d0.0,2025-07-01,lead_week,9,0.8662940478965451,986710,131929
mean_s0_d0.5,2025-07-01,route,1,0.8011538205759128,902220,179403
mean_s0_d0.5,2025-07-01,route,5,,0,0
mean_s0_d0.5,2025-07-01,route,7,0.28483087243968996,863372,617457
mean_s0_d0.5,2025-07-01,route,11,0.8242269843344815,1644695,289093
mean_s0_d0.5,2025-07-01,route,12,0.8264631871356924,1720730,298610
mean_s0_d0.5,2025-07-01,route,17,0.8721984766443264,2656635,339522
mean_s0_d0.5,2025-07-01,route,25,0.7042887016717343,332828,98421
mean_s0_d0.5,2025-07-01,route,26,0.6809560183577745,792035,252694
mean_s0_d0.5,2025-07-01,route,28,0.6861873645964729,457429,143547
mean_s0_d0.5,2025-07-01,route,50,0.7437390524518802,1214313,311181
mean_s0_d0.5,2025-07-01,month,7,0.7477776035398571,5407676,1363937
mean_s0_d0.5,2025-07-01,month,8,0.7747565429769185,5176581,1165991
mean_s0_d0.5,2025-07-01,lead_week,1,0.8547243153330499,1300961,188998
mean_s0_d0.5,2025-07-01,lead_week,2,0.7323694675038158,1188478,318073
mean_s0_d0.5,2025-07-01,lead_week,3,0.6931877923659415,1154589,354242
mean_s0_d0.5,2025-07-01,lead_week,4,0.7147104225991933,1188715,339128
mean_s0_d0.5,2025-07-01,lead_week,5,0.6967594442110472,1163967,352962
mean_s0_d0.5,2025-07-01,lead_week,6,0.7233211272576715,1178648,326107
mean_s0_d0.5,2025-07-01,lead_week,7,0.7826775734969358,1199982,260783
mean_s0_d0.5,2025-07-01,lead_week,8,0.8011253412883415,1222207,243066
mean_s0_d0.5,2025-07-01,lead_week,9,0.8514568616918852,986710,146569
mean_s0_d1.0,2025-07-01,route,1,0.7719436501075125,902220,205757
mean_s0_d1.0,2025-07-01,route,5,,0,0
mean_s0_d1.0,2025-07-01,route,7,0.24925408746171984,863372,648173
mean_s0_d1.0,2025-07-01,route,11,0.8064121311246158,1644695,318393
mean_s0_d1.0,2025-07-01,route,12,0.8058777379368058,1720730,334032
mean_s0_d1.0,2025-07-01,route,17,0.8570503663469012,2656635,379765
mean_s0_d1.0,2025-07-01,route,25,0.6853900513177977,332828,104711
mean_s0_d1.0,2025-07-01,route,26,0.6515305510488805,792035,276000
mean_s0_d1.0,2025-07-01,route,28,0.6595427924333612,457429,155735
mean_s0_d1.0,2025-07-01,route,50,0.7281821079079283,1214313,330072
mean_s0_d1.0,2025-07-01,month,7,0.7278305874834217,5407676,1471804
mean_s0_d1.0,2025-07-01,month,8,0.7525714366296983,5176581,1280834
mean_s0_d1.0,2025-07-01,lead_week,1,0.8360942411033074,1300961,213235
mean_s0_d1.0,2025-07-01,lead_week,2,0.7115621828927419,1188478,342802
mean_s0_d1.0,2025-07-01,lead_week,3,0.6732750788375776,1154589,377233
mean_s0_d1.0,2025-07-01,lead_week,4,0.6941697547351552,1188715,363545
mean_s0_d1.0,2025-07-01,lead_week,5,0.6757820453672656,1163967,377379
mean_s0_d1.0,2025-07-01,lead_week,6,0.7025303568156056,1178648,350612
mean_s0_d1.0,2025-07-01,lead_week,7,0.7590613859207889,1199982,289122
mean_s0_d1.0,2025-07-01,lead_week,8,0.77782077831333,1222207,271549
mean_s0_d1.0,2025-07-01,lead_week,9,0.8305875079810684,986710,167161
median_s0_d0.0,2025-07-01,route,1,0.779542683602669,902220,198901
median_s0_d0.0,2025-07-01,route,5,,0,0
median_s0_d0.0,2025-07-01,route,7,0.2890086776036286,863372,613850
median_s0_d0.0,2025-07-01,route,11,0.8099143002197976,1644695,312633
median_s0_d0.0,2025-07-01,route,12,0.8016463942629001,1720730,341313
median_s0_d0.0,2025-07-01,route,17,0.8478003188243775,2656635,404339
median_s0_d0.0,2025-07-01,route,25,0.7049406900861706,332828,98204
median_s0_d0.0,2025-07-01,route,26,0.6792919504819863,792035,254012
median_s0_d0.0,2025-07-01,route,28,0.6814609480378375,457429,145709
median_s0_d0.0,2025-07-01,route,50,0.7331231733498694,1214313,324072
median_s0_d0.0,2025-07-01,month,7,0.7314519213059363,5407676,1452221
median_s0_d0.0,2025-07-01,month,8,0.7603027944506229,5176581,1240812
median_s0_d0.0,2025-07-01,lead_week,1,0.8421443840361087,1300961,205364
median_s0_d0.0,2025-07-01,lead_week,2,0.7147216860556106,1188478,339047
median_s0_d0.0,2025-07-01,lead_week,3,0.6752437447438007,1154589,374960
median_s0_d0.0,2025-07-01,lead_week,4,0.698137905216978,1188715,358828
median_s0_d0.0,2025-07-01,lead_week,5,0.681982392971622,1163967,370162
median_s0_d0.0,2025-07-01,lead_week,6,0.7072196279126592,1178648,345085
median_s0_d0.0,2025-07-01,lead_week,7,0.7653173130930297,1199982,281615
median_s0_d0.0,2025-07-01,lead_week,8,0.7870949847284462,1222207,260214
median_s0_d0.0,2025-07-01,lead_week,9,0.8401171570167526,986710,157758
median_s0_d0.5,2025-07-01,route,1,0.7745904546562923,902220,203369
median_s0_d0.5,2025-07-01,route,5,,0,0
median_s0_d0.5,2025-07-01,route,7,0.27895159907896017,863372,622533
median_s0_d0.5,2025-07-01,route,11,0.8060169210704721,1644695,319043
median_s0_d0.5,2025-07-01,route,12,0.7980211886815479,1720730,347551
median_s0_d0.5,2025-07-01,route,17,0.8463033122728565,2656635,408316
median_s0_d0.5,2025-07-01,route,25,0.7008364680856178,332828,99570
median_s0_d0.5,2025-07-01,route,26,0.6727265840524724,792035,259212
median_s0_d0.5,2025-07-01,route,28,0.673365702655494,457429,149412
median_s0_d0.5,2025-07-01,route,50,0.7299485388034221,1214313,327927
median_s0_d0.5,2025-07-01,month,7,0.7277508859628424,5407676,1472235
median_s0_d0.5,2025-07-01,month,8,0.7556885519612269,5176581,1264698
median_s0_d0.5,2025-07-01,lead_week,1,0.8384986175604034,1300961,210107
median_s0_d0.5,2025-07-01,lead_week,2,0.7106585060893007,1188478,343876
median_s0_d0.5,2025-07-01,lead_week,3,0.6715099485617826,1154589,379271
median_s0_d0.5,2025-07-01,lead_week,4,0.6938063370950984,1188715,363977
median_s0_d0.5,2025-07-01,lead_week,5,0.67712572607299,1163967,375815
median_s0_d0.5,2025-07-01,lead_week,6,0.7032074037371633,1178648,349814
median_s0_d0.5,2025-07-01,lead_week,7,0.7607997453295132,1199982,287036
median_s0_d0.5,2025-07-01,lead_week,8,0.7821113772053343,1222207,266305
median_s0_d0.5,2025-07-01,lead_week,9,0.8371031002016803,986710,160732
median_s0_d1.0,2025-07-01,route,1,0.7690197512801755,902220,208395
median_s0_d1.0,2025-07-01,route,5,,0,0
median_s0_d1.0,2025-07-01,route,7,0.2685609447607752,863372,631504
median_s0_d1.0,2025-07-01,route,11,0.8012810885908938,1644695,326832
median_s0_d1.0,2025-07-01,route,12,0.7934562656546931,1720730,355406
median_s0_d1.0,2025-07-01,route,17,0.844064766142131,2656635,414263
median_s0_d1.0,2025-07-01,route,25,0.6945930029925367,332828,101648
median_s0_d1.0,2025-07-01,route,26,0.6654642787250564,792035,264964
median_s0_d1.0,2025-07-01,route,28,0.6640855739360644,457429,153657
median_s0_d1.0,2025-07-01,route,50,0.7242761956760737,1214313,334815
median_s0_d1.0,2025-07-01,month,7,0.7230490510156304,5407676,1497661
median_s0_d1.0,2025-07-01,month,8,0.7500622515131126,5176581,1293823
median_s0_d1.0,2025-07-01,lead_week,1,0.8335522740497217,1300961,216542
median_s0_d1.0,2025-07-01,lead_week,2,0.7057555966538716,1188478,349703
median_s0_d1.0,2025-07-01,lead_week,3,0.6664735243450266,1154589,385086
median_s0_d1.0,2025-07-01,lead_week,4,0.6885561299386311,1188715,370218
median_s0_d1.0,2025-07-01,lead_week,5,0.6716384571040244,1163967,382202
median_s0_d1.0,2025-07-01,lead_week,6,0.6980820397608107,1178648,355855
median_s0_d1.0,2025-07-01,lead_week,7,0.755328829932449,1199982,293601
median_s0_d1.0,2025-07-01,lead_week,8,0.7762081218647905,1222207,273520
median_s0_d1.0,2025-07-01,lead_week,9,0.8330238874644019,986710,164757
trim10_s0_d0.0,2025-07-01,route,1,0.8039779654629691,902220,176855
trim10_s0_d0.0,2025-07-01,route,5,,0,0
trim10_s0_d0.0,2025-07-01,route,7,0.31169762280917146,863372,594261
trim10_s0_d0.0,2025-07-01,route,11,0.8241145014729174,1644695,289278
trim10_s0_d0.0,2025-07-01,route,12,0.8240334044271908,1720730,302791
trim10_s0_d0.0,2025-07-01,route,17,0.8673231362230792,2656635,352474
trim10_s0_d0.0,2025-07-01,route,25,0.7152613361856575,332828,94769
trim10_s0_d0.0,2025-07-01,route,26,0.7006798941965948,792035,237072
trim10_s0_d0.0,2025-07-01,route,28,0.6966764241007894,457429,138749
trim10_s0_d0.0,2025-07-01,route,50,0.7442759815632378,1214313,310529
trim10_s0_d0.0,2025-07-01,month,7,0.7491789448924084,5407676,1356359
trim10_s0_d0.0,2025-07-01,month,8,0.7796964830647873,5176581,1140419
trim10_s0_d0.0,2025-07-01,lead_week,1,0.8574476867484883,1300961,185455
trim10_s0_d0.0,2025-07-01,lead_week,2,0.7334136601603058,1188478,316832
trim10_s0_d0.0,2025-07-01,lead_week,3,0.6935385665375298,1154589,353837
trim10_s0_d0.0,2025-07-01,lead_week,4,0.7171609679359645,1188715,336215
trim10_s0_d0.0,2025-07-01,lead_week,5,0.7006934045381011,1163967,348383
trim10_s0_d0.0,2025-07-01,lead_week,6,0.7259538046982644,1178648,323004
trim10_s0_d0.0,2025-07-01,lead_week,7,0.786305127910252,1199982,256430
trim10_s0_d0.0,2025-07-01,lead_week,8,0.8067422294259483,1222207,236201
trim10_s0_d0.0,2025-07-01,lead_week,9,0.8576876691226398,986710,140421
trim10_s0_d0.5,2025-07-01,route,1,0.7879574826538982,902220,191309
trim10_s0_d0.5,2025-07-01,route,5,,0,0
trim10_s0_d0.5,2025-07-01,route,7,0.2896237079729248,863372,613319
trim10_s0_d0.5,2025-07-01,route,11,0.8148757064379718,1644695,304473
trim10_s0_d0.5,2025-07-01,route,12,0.8117944128364125,1720730,323851
trim10_s0_d0.5,2025-07-01,route,17,0.8600869144613392,2656635,371698
trim10_s0_d0.5,2025-07-01,route,25,0.7050638768372853,332828,98163
trim10_s0_d0.5,2025-07-01,route,26,0.6836187794731293,792035,250585
trim10_s0_d0.5,2025-07-01,route,28,0.6816511414886245,457429,145622
trim10_s0_d0.5,2025-07-01,route,50,0.7378023623233878,1214313,318390
trim10_s0_d0.5,2025-07-01,month,7,0.738839383128723,5407676,1412272
trim10_s0_d0.5,2025-07-01,month,8,0.7671942156415595,5176581,1205138
trim10_s0_d0.5,2025-07-01,lead_week,1,0.8484397303224309,1300961,197174
trim10_s0_d0.5,2025-07-01,lead_week,2,0.7224542650347756,1188478,329857
trim10_s0_d0.5,2025-07-01,lead_week,3,0.6830837640060663,1154589,365908
trim10_s0_d0.5,2025-07-01,lead_week,4,0.7054786050483084,1188715,350102
trim10_s0_d0.5,2025-07-01,lead_week,5,0.6885495894643061,1163967,362518
trim10_s0_d0.5,2025-07-01,lead_week,6,0.7149165823893139,1178648,336013
trim10_s0_d0.5,2025-07-01,lead_week,7,0.7732657656531514,1199982,272077
trim10_s0_d0.5,2025-07-01,lead_week,8,0.7932559705516332,1222207,252684
trim10_s0_d0.5,2025-07-01,lead_week,9,0.8468881434261333,986710,151077
trim10_s0_d1.0,2025-07-01,route,1,0.7704307153465895,902220,207122
trim10_s0_d1.0,2025-07-01,route,5,,0,0
trim10_s0_d1.0,2025-07-01,route,7,0.2672115843460293,863372,632669
trim10_s0_d1.0,2025-07-01,route,11,0.8037107184006761,1644695,322836
trim10_s0_d1.0,2025-07-01,route,12,0.797789891499538,1720730,347949
trim10_s0_d1.0,2025-07-01,route,17,0.8511658545490819,2656635,395398
trim10_s0_d1.0,2025-07-01,route,25,0.692817311043542,332828,102239
trim10_s0_d1.0,2025-07-01,route,26,0.6660804131130569,792035,264476
trim10_s0_d1.0,2025-07-01,route,28,0.6641948805169764,457429,153607
trim10_s0_d1.0,2025-07-01,route,50,0.7270827208470962,1214313,331407
trim10_s0_d1.0,2025-07-01,month,7,0.7265302137184254,5407676,1478836
trim10_s0_d1.0,2025-07-01,month,8,0.7529514171612499,5176581,1278867
trim10_s0_d1.0,2025-07-01,lead_week,1,0.8367107084685859,1300961,212433
trim10_s0_d1.0,2025-07-01,lead_week,2,0.7094300441404889,1188478,345336
trim10_s0_d1.0,2025-07-01,lead_week,3,0.6704273122297199,1154589,380521
trim10_s0_d1.0,2025-07-01,lead_week,4,0.6923425716004257,1188715,365717
trim10_s0_d1.0,2025-07-01,lead_week,5,0.6750431928052942,1163967,378239
trim10_s0_d1.0,2025-07-01,lead_week,6,0.7018159789860925,1178648,351454
trim10_s0_d1.0,2025-07-01,lead_week,7,0.7586730467623681,1199982,289588
trim10_s0_d1.0,2025-07-01,lead_week,8,0.7788255180996345,1222207,270321
trim10_s0_d1.0,2025-07-01,lead_week,9,0.8336958174134244,986710,164094
q40_s0_d0.0,2025-07-01,route,1,0.808274035157722,902220,172979
q40_s0_d0.0,2025-07-01,route,5,,0,0
q40_s0_d0.0,2025-07-01,route,7,0.3478465829329651,863372,563051
q40_s0_d0.0,2025-07-01,route,11,0.8293300581566795,1644695,280700
q40_s0_d0.0,2025-07-01,route,12,0.8233604342343075,1720730,303949
q40_s0_d0.0,2025-07-01,route,17,0.86505824097025,2656635,358491
q40_s0_d0.0,2025-07-01,route,25,0.737311764635187,332828,87430
q40_s0_d0.0,2025-07-01,route,26,0.7263290132380513,792035,216757
q40_s0_d0.0,2025-07-01,route,28,0.7240599087508662,457429,126223
q40_s0_d0.0,2025-07-01,route,50,0.7493323385321577,1214313,304389
q40_s0_d0.0,2025-07-01,month,7,0.7573271771459681,5407676,1312296
q40_s0_d0.0,2025-07-01,month,8,0.7871813461433328,5176581,1101673
q40_s0_d0.0,2025-07-01,lead_week,1,0.8637584062858149,1300961,177245
q40_s0_d0.0,2025-07-01,lead_week,2,0.742786993112199,1188478,305692
q40_s0_d0.0,2025-07-01,lead_week,3,0.7039457330703827,1154589,341821
q40_s0_d0.0,2025-07-01,lead_week,4,0.7243115465018949,1188715,327715
q40_s0_d0.0,2025-07-01,lead_week,5,0.7095922822554248,1163967,338025
q40_s0_d0.0,2025-07-01,lead_week,6,0.7350846054123029,1178648,312242
q40_s0_d0.0,2025-07-01,lead_week,7,0.795621934329015,1199982,245250
q40_s0_d0.0,2025-07-01,lead_week,8,0.815595066956743,1222207,225381
q40_s0_d0.0,2025-07-01,lead_week,9,0.8575082851090999,986710,140598
q40_s0_d0.5,2025-07-01,route,1,0.802885105628339,902220,177841
q40_s0_d0.5,2025-07-01,route,5,,0,0
q40_s0_d0.5,2025-07-01,route,7,0.33748488484685624,863372,571997
q40_s0_d0.5,2025-07-01,route,11,0.8255098969717789,1644695,286983
q40_s0_d0.5,2025-07-01,route,12,0.8193109901030377,1720730,310917
q40_s0_d0.5,2025-07-01,route,17,0.8632845686366399,2656635,363203
q40_s0_d0.5,2025-07-01,route,25,0.7322460850649585,332828,89116
q40_s0_d0.5,2025-07-01,route,26,0.7183255790463805,792035,223096
q40_s0_d0.5,2025-07-01,route,28,0.715394083016162,457429,130187
q40_s0_d0.5,2025-07-01,route,50,0.7454684253565597,1214313,309081
q40_s0_d0.5,2025-07-01,month,7,0.7533779760473815,5407676,1333652
q40_s0_d0.5,2025-07-01,month,8,0.7819470032440331,5176581,1128769
q40_s0_d0.5,2025-07-01,lead_week,1,0.8600219376291833,1300961,182106
q40_s0_d0.5,2025-07-01,lead_week,2,0.7385572135117352,1188478,310719
q40_s0_d0.5,2025-07-01,lead_week,3,0.6997840790099334,1154589,346626
q40_s0_d0.5,2025-07-01,lead_week,4,0.7196165607399587,1188715,333296
q40_s0_d0.5,2025-07-01,lead_week,5,0.7040122271507697,1163967,344520
q40_s0_d0.5,2025-07-01,lead_week,6,0.7307160407517765,1178648,317391
q40_s0_d0.5,2025-07-01,lead_week,7,0.7905726919237122,1199982,251309
q40_s0_d0.5,2025-07-01,lead_week,8,0.8097458122887531,1222207,232530
q40_s0_d0.5,2025-07-01,lead_week,9,0.8541374872049539,986710,143924
q40_s0_d1.0,2025-07-01,route,1,0.7965773314712598,902220,183532
q40_s0_d1.0,2025-07-01,route,5,,0,0
q40_s0_d1.0,2025-07-01,route,7,0.32682320019643907,863372,581202
q40_s0_d1.0,2025-07-01,route,11,0.8204949853924284,1644695,295231
q40_s0_d1.0,2025-07-01,route,12,0.8141660806750624,1720730,319770
q40_s0_d1.0,2025-07-01,route,17,0.859929196144747,2656635,372117
q40_s0_d1.0,2025-07-01,route,25,0.7243681421034288,332828,91738
q40_s0_d1.0,2025-07-01,route,26,0.7088828145220856,792035,230575
q40_s0_d1.0,2025-07-01,route,28,0.7049662351971563,457429,134957
q40_s0_d1.0,2025-07-01,route,50,0.7389396308859413,1214313,317009
q40_s0_d1.0,2025-07-01,month,7,0.7481154566212916,5407676,1362110
q40_s0_d1.0,2025-07-01,month,8,0.7751371030415635,5176581,1164021
q40_s0_d1.0,2025-07-01,lead_week,1,0.8540263697374479,1300961,189906
q40_s0_d1.0,2025-07-01,lead_week,2,0.7333000695006555,1188478,316967
q40_s0_d1.0,2025-07-01,lead_week,3,0.6943206630238119,1154589,352934
q40_s0_d1.0,2025-07-01,lead_week,4,0.7138708605510993,1188715,340126
q40_s0_d1.0,2025-07-01,lead_week,5,0.6975017332965625,1163967,352098
q40_s0_d1.0,2025-07-01,lead_week,6,0.7242051910324372,1178648,325065
q40_s0_d1.0,2025-07-01,lead_week,7,0.7843925992223216,1199982,258725
q40_s0_d1.0,2025-07-01,lead_week,8,0.8022642645640223,1222207,241674
q40_s0_d1.0,2025-07-01,lead_week,9,0.8493620212625796,986710,148636
q60_s0_d0.0,2025-07-01,route,1,0.7481578772361508,902220,227217
q60_s0_d0.0,2025-07-01,route,5,,0,0
q60_s0_d0.0,2025-07-01,route,7,0.22442006458398,863372,669614
q60_s0_d0.0,2025-07-01,route,11,0.7876512058466767,1644695,349249
q60_s0_d0.0,2025-07-01,route,12,0.779830653269252,1720730,378852
q60_s0_d0.0,2025-07-01,route,17,0.8302442751827029,2656635,450979
q60_s0_d0.0,2025-07-01,route,25,0.6637542514451908,332828,111912
q60_s0_d0.0,2025-07-01,route,26,0.6317397589752978,792035,291675
q60_s0_d0.0,2025-07-01,route,28,0.6350253263347974,457429,166950
q60_s0_d0.0,2025-07-01,route,50,0.7189900791641035,1214313,341234
q60_s0_d0.0,2025-07-01,month,7,0.7041416682508346,5407676,1599906
q60_s0_d0.0,2025-07-01,month,8,0.7319126272727114,5176581,1387776
q60_s0_d0.0,2025-07-01,lead_week,1,0.8175487197540895,1300961,237362
q60_s0_d0.0,2025-07-01,lead_week,2,0.6854136130412174,1188478,373879
q60_s0_d0.0,2025-07-01,lead_week,3,0.6456037602991194,1154589,409182
q60_s0_d0.0,2025-07-01,lead_week,4,0.6718103161817592,1188715,390124
q60_s0_d0.0,2025-07-01,lead_week,5,0.653696367680527,1163967,403086
q60_s0_d0.0,2025-07-01,lead_week,6,0.6780641887993701,1178648,379449
q60_s0_d0.0,2025-07-01,lead_week,7,0.7339501759193054,1199982,319255
q60_s0_d0.0,2025-07-01,lead_week,8,0.756394784189585,1222207,297736
q60_s0_d0.0,2025-07-01,lead_week,9,0.8199987838371964,986710,177609
q60_s0_d0.5,2025-07-01,route,1,0.7419908669725788,902220,232781
q60_s0_d0.5,2025-07-01,route,5,,0,0
q60_s0_d0.5,2025-07-01,route,7,0.21621386841361545,863372,676699
q60_s0_d0.5,2025-07-01,route,11,0.7848208938435394,1644695,353904
q60_s0_d0.5,2025-07-01,route,12,0.7756847384540282,1720730,385986
q60_s0_d0.5,2025-07-01,route,17,0.8297635919123252,2656635,452256
q60_s0_d0.5,2025-07-01,route,25,0.6614467532779694,332828,112680
q60_s0_d0.5,2025-07-01,route,26,0.6251781802571856,792035,296872
q60_s0_d0.5,2025-07-01,route,28,0.6290703038067109,457429,169674
q60_s0_d0.5,2025-07-01,route,50,0.7160336750080086,1214313,344824
q60_s0_d0.5,2025-07-01,month,7,0.7010309049580633,5407676,1616728
q60_s0_d0.5,2025-07-01,month,8,0.7278226690551157,5176581,1408948
q60_s0_d0.5,2025-07-01,lead_week,1,0.8140182526609177,1300961,241955
q60_s0_d0.5,2025-07-01,lead_week,2,0.6819697125230757,1188478,377972
q60_s0_d0.5,2025-07-01,lead_week,3,0.6426511944943178,1154589,412591
q60_s0_d0.5,2025-07-01,lead_week,4,0.6681130464409046,1188715,394519
q60_s0_d0.5,2025-07-01,lead_week,5,0.649891276986375,1163967,407515
q60_s0_d0.5,2025-07-01,lead_week,6,0.6746390779944479,1178648,383486
q60_s0_d0.5,2025-07-01,lead_week,7,0.7297659464891973,1199982,324276
q60_s0_d0.5,2025-07-01,lead_week,8,0.7521590041621428,1222207,302913
q60_s0_d0.5,2025-07-01,lead_week,9,0.8171205318685328,986710,180449
q60_s0_d1.0,2025-07-01,route,1,0.735714127374698,902220,238444
q60_s0_d1.0,2025-07-01,route,5,,0,0
q60_s0_d1.0,2025-07-01,route,7,0.2078582580857382,863372,683913
q60_s0_d1.0,2025-07-01,route,11,0.7806255871149362,1644695,360804
q60_s0_d1.0,2025-07-01,route,12,0.7708216861448338,1720730,394354
q60_s0_d1.0,2025-07-01,route,17,0.828769477176955,2656635,454897
q60_s0_d1.0,2025-07-01,route,25,0.6575738820051198,332828,113969
q60_s0_d1.0,2025-07-01,route,26,0.6182454058217124,792035,302363
q60_s0_d1.0,2025-07-01,route,28,0.6221511972349807,457429,172839
q60_s0_d1.0,2025-07-01,route,50,0.7107912045741089,1214313,351190
q60_s0_d1.0,2025-07-01,month,7,0.6971038945380603,5407676,1637964
q60_s0_d1.0,2025-07-01,month,8,0.7228269006125858,5176581,1434809
q60_s0_d1.0,2025-07-01,lead_week,1,0.8094531657751463,1300961,247894
q60_s0_d1.0,2025-07-01,lead_week,2,0.6780024535582485,1188478,382687
q60_s0_d1.0,2025-07-01,lead_week,3,0.6383977328729098,1154589,417502
q60_s0_d1.0,2025-07-01,lead_week,4,0.6637898907643969,1188715,399658
q60_s0_d1.0,2025-07-01,lead_week,5,0.6453988815834126,1163967,412744
q60_s0_d1.0,2025-07-01,lead_week,6,0.6699922283837074,1178648,388963
q60_s0_d1.0,2025-07-01,lead_week,7,0.7246700367172174,1199982,330391
q60_s0_d1.0,2025-07-01,lead_week,8,0.7472883071361889,1222207,308866
q60_s0_d1.0,2025-07-01,lead_week,9,0.8134527875464929,986710,184068
exp_h7_s1_d0.0,2025-07-01,route,1,0.8807685486910066,902220,107573
exp_h7_s1_d0.0,2025-07-01,route,5,,0,0
exp_h7_s1_d0.0,2025-07-01,route,7,0.4585010864378275,863372,467515
exp_h7_s1_d0.0,2025-07-01,route,11,0.8692474896561369,1644695,215048
exp_h7_s1_d0.0,2025-07-01,route,12,0.8918377665293219,1720730,186118
exp_h7_s1_d0.0,2025-07-01,route,17,0.8908148842426603,2656635,290065
exp_h7_s1_d0.0,2025-07-01,route,25,0.7796609660244931,332828,73335
exp_h7_s1_d0.0,2025-07-01,route,26,0.8629656517704394,792035,108536
exp_h7_s1_d0.0,2025-07-01,route,28,0.8005570263363276,457429,91231
exp_h7_s1_d0.0,2025-07-01,route,50,0.7674528725295702,1214313,282385
exp_h7_s1_d0.0,2025-07-01,month,7,0.8137477171339407,5407676,1007192
exp_h7_s1_d0.0,2025-07-01,month,8,0.8426347428930407,5176581,814614
exp_h7_s1_d0.0,2025-07-01,lead_week,1,0.8976387455119715,1300961,133168
exp_h7_s1_d0.0,2025-07-01,lead_week,2,0.8109590585606128,1188478,224671
exp_h7_s1_d0.0,2025-07-01,lead_week,3,0.7590640478992958,1154589,278182
exp_h7_s1_d0.0,2025-07-01,lead_week,4,0.7925709694922669,1188715,246574
exp_h7_s1_d0.0,2025-07-01,lead_week,5,0.7757977674624796,1163967,260964
exp_h7_s1_d0.0,2025-07-01,lead_week,6,0.795042285737557,1178648,241573
exp_h7_s1_d0.0,2025-07-01,lead_week,7,0.8600087334643353,1199982,167987
exp_h7_s1_d0.0,2025-07-01,lead_week,8,0.8706405707052897,1222207,158104
exp_h7_s1_d0.0,2025-07-01,lead_week,9,0.887927557235662,986710,110583
exp_h7_s1_d0.5,2025-07-01,route,1,0.8863060007536965,902220,102577
exp_h7_s1_d0.5,2025-07-01,route,5,,0,0
exp_h7_s1_d0.5,2025-07-01,route,7,0.4496648026574872,863372,475144
exp_h7_s1_d0.5,2025-07-01,route,11,0.8771036575170472,1644695,202127
exp_h7_s1_d0.5,2025-07-01,route,12,0.890064681850145,1720730,189169
exp_h7_s1_d0.5,2025-07-01,route,17,0.9060555928834786,2656635,249576
exp_h7_s1_d0.5,2025-07-01,route,25,0.7914027665941568,332828,69427
exp_h7_s1_d0.5,2025-07-01,route,26,0.858801694369567,792035,111834
exp_h7_s1_d0.5,2025-07-01,route,28,0.7969695843507955,457429,92872
exp_h7_s1_d0.5,2025-07-01,route,50,0.7732281545202926,1214313,275372
exp_h7_s1_d0.5,2025-07-01,month,7,0.8194575636558108,5407676,976315
exp_h7_s1_d0.5,2025-07-01,month,8,0.8470451829112691,5176581,791783
exp_h7_s1_d0.5,2025-07-01,lead_week,1,0.9060717423504625,1300961,122197
exp_h7_s1_d0.5,2025-07-01,lead_week,2,0.8157744611174965,1188478,218948
exp_h7_s1_d0.5,2025-07-01,lead_week,3,0.7652142883744779,1154589,271081
exp_h7_s1_d0.5,2025-07-01,lead_week,4,0.7944646109454326,1188715,244323
exp_h7_s1_d0.5,2025-07-01,lead_week,5,0.7768416114889856,1163967,259749
exp_h7_s1_d0.5,2025-07-01,lead_week,6,0.7996110798134812,1178648,236188
exp_h7_s1_d0.5,2025-07-01,lead_week,7,0.8637062889276672,1199982,163550
exp_h7_s1_d0.5,2025-07-01,lead_week,8,0.875620905460368,1222207,152017
exp_h7_s1_d0.5,2025-07-01,lead_week,9,0.8986074935898085,986710,100045
exp_h7_s1_d1.0,2025-07-01,route,1,0.88294983485181,902220,105605
exp_h7_s1_d1.0,2025-07-01,route,5,,0,0
exp_h7_s1_d1.0,2025-07-01,route,7,0.4371591851484644,863372,485941
exp_h7_s1_d1.0,2025-07-01,route,11,0.8757477830236001,1644695,204357
exp_h7_s1_d1.0,2025-07-01,route,12,0.8821494365763368,1720730,202789
exp_h7_s1_d1.0,2025-07-01,route,17,0.9079037955910391,2656635,244666
exp_h7_s1_d1.0,2025-07-01,route,25,0.7915740262237552,332828,69370
exp_h7_s1_d1.0,2025-07-01,route,26,0.8497667401061821,792035,118990
exp_h7_s1_d1.0,2025-07-01,route,28,0.7853634115895581,457429,98181
exp_h7_s1_d1.0,2025-07-01,route,50,0.7740401362745849,1214313,274386
exp_h7_s1_d1.0,2025-07-01,month,7,0.8174021520520091,5407676,987430
exp_h7_s1_d1.0,2025-07-01,month,8,0.8422018316722949,5176581,816855
exp_h7_s1_d1.0,2025-07-01,lead_week,1,0.9075068353317278,1300961,120330
exp_h7_s1_d1.0,2025-07-01,lead_week,2,0.811102098650543,1188478,224501
exp_h7_s1_d1.0,2025-07-01,lead_week,3,0.763787806743352,1154589,272728
exp_h7_s1_d1.0,2025-07-01,lead_week,4,0.7878398102152324,1188715,252198
exp_h7_s1_d1.0,2025-07-01,lead_week,5,0.7710261545215629,1163967,266518
exp_h7_s1_d1.0,2025-07-01,lead_week,6,0.7955428592760518,1178648,240983
exp_h7_s1_d1.0,2025-07-01,lead_week,7,0.8598387309142971,1199982,168191
exp_h7_s1_d1.0,2025-07-01,lead_week,8,0.8711511225185259,1222207,157480
exp_h7_s1_d1.0,2025-07-01,lead_week,9,0.8972788357268093,986710,101356
exp_h14_s1_d0.0,2025-07-01,route,1,0.8761421826162133,902220,111747
exp_h14_s1_d0.0,2025-07-01,route,5,,0,0
exp_h14_s1_d0.0,2025-07-01,route,7,0.4572756586963672,863372,468573
exp_h14_s1_d0.0,2025-07-01,route,11,0.8675158616035192,1644695,217896
exp_h14_s1_d0.0,2025-07-01,route,12,0.885692700191198,1720730,196692
exp_h14_s1_d0.0,2025-07-01,route,17,0.8904719692392821,2656635,290976
exp_h14_s1_d0.0,2025-07-01,route,25,0.7713413534918937,332828,76104
exp_h14_s1_d0.0,2025-07-01,route,26,0.857410341714697,792035,112936
exp_h14_s1_d0.0,2025-07-01,route,28,0.8028502784038616,457429,90182
exp_h14_s1_d0.0,2025-07-01,route,50,0.7597999856709102,1214313,291678
exp_h14_s1_d0.0,2025-07-01,month,7,0.8092864661270387,5407676,1031317
exp_h14_s1_d0.0,2025-07-01,month,8,0.8405381853389332,5176581,825467
exp_h14_s1_d0.0,2025-07-01,lead_week,1,0.8924279820840133,1300961,139947
exp_h14_s1_d0.0,2025-07-01,lead_week,2,0.8065694106243447,1188478,229888
exp_h14_s1_d0.0,2025-07-01,lead_week,3,0.7551726198673294,1154589,282675
exp_h14_s1_d0.0,2025-07-01,lead_week,4,0.7883218433350299,1188715,251625
exp_h14_s1_d0.0,2025-07-01,lead_week,5,0.7717950766645446,1163967,265623
exp_h14_s1_d0.0,2025-07-01,lead_week,6,0.7934888109087701,1178648,243404
exp_h14_s1_d0.0,2025-07-01,lead_week,7,0.858777881668225,1199982,169464
exp_h14_s1_d0.0,2025-07-01,lead_week,8,0.8704270225910995,1222207,158365
exp_h14_s1_d0.0,2025-07-01,lead_week,9,0.8826473837297686,986710,115793
exp_h14_s1_d0.5,2025-07-01,route,1,0.8815067278490833,902220,106907
exp_h14_s1_d0.5,2025-07-01,route,5,,0,0
exp_h14_s1_d0.5,2025-07-01,route,7,0.44163466037814525,863372,482077
exp_h14_s1_d0.5,2025-07-01,route,11,0.8748619044868502,1644695,205814
exp_h14_s1_d0.5,2025-07-01,route,12,0.8842264620248383,1720730,199215
exp_h14_s1_d0.5,2025-07-01,route,17,0.9039073865999657,2656635,255283
exp_h14_s1_d0.5,2025-07-01,route,25,0.7785222397154086,332828,73714
exp_h14_s1_d0.5,2025-07-01,route,26,0.8516871097868149,792035,117469
exp_h14_s1_d0.5,2025-07-01,route,28,0.8007537781819692,457429,91141
exp_h14_s1_d0.5,2025-07-01,route,50,0.7710680854112573,1214313,277995
exp_h14_s1_d0.5,2025-07-01,month,7,0.81471116242911,5407676,1001982
exp_h14_s1_d0.5,2025-07-01,month,8,0.8439833164013081,5176581,807633
exp_h14_s1_d0.5,2025-07-01,lead_week,1,0.9034044833011904,1300961,125667
exp_h14_s1_d0.5,2025-07-01,lead_week,2,0.8106940136880951,1188478,224986
exp_h14_s1_d0.5,2025-07-01,lead_week,3,0.7596833158812357,1154589,277467
exp_h14_s1_d0.5,2025-07-01,lead_week,4,0.7891765477847928,1188715,250609
exp_h14_s1_d0.5,2025-07-01,lead_week,5,0.7715115634721603,1163967,265953
exp_h14_s1_d0.5,2025-07-01,lead_week,6,0.7959560445527418,1178648,240496
exp_h14_s1_d0.5,2025-07-01,lead_week,7,0.8599728995934939,1199982,168030
exp_h14_s1_d0.5,2025-07-01,lead_week,8,0.8736981542406483,1222207,154367
exp_h14_s1_d0.5,2025-07-01,lead_week,9,0.8965856229287227,986710,102040
exp_h14_s1_d1.0,2025-07-01,route,1,0.8727649575491565,902220,114794
exp_h14_s1_d1.0,2025-07-01,route,5,,0,0
exp_h14_s1_d1.0,2025-07-01,route,7,0.42094716993370185,863372,499938
exp_h14_s1_d1.0,2025-07-01,route,11,0.8701801853839162,1644695,213514
exp_h14_s1_d1.0,2025-07-01,route,12,0.8719711982705015,1720730,220303
exp_h14_s1_d1.0,2025-07-01,route,17,0.902369350701169,2656635,259369
exp_h14_s1_d1.0,2025-07-01,route,25,0.775857199514464,332828,74601
exp_h14_s1_d1.0,2025-07-01,route,26,0.8380488235999672,792035,128271
exp_h14_s1_d1.0,2025-07-01,route,28,0.787182273095934,457429,97349
exp_h14_s1_d1.0,2025-07-01,route,50,0.7733945037235046,1214313,275170
exp_h14_s1_d1.0,2025-07-01,month,7,0.8096028682191758,5407676,1029606
exp_h14_s1_d1.0,2025-07-01,month,8,0.8350836198641536,5176581,853703
exp_h14_s1_d1.0,2025-07-01,lead_week,1,0.9043622368387676,1300961,124421
exp_h14_s1_d1.0,2025-07-01,lead_week,2,0.8025928961242867,1188478,234614
exp_h14_s1_d1.0,2025-07-01,lead_week,3,0.7537418076908753,1154589,284327
exp_h14_s1_d1.0,2025-07-01,lead_week,4,0.7790227262211716,1188715,262679
exp_h14_s1_d1.0,2025-07-01,lead_week,5,0.7620920524379128,1163967,276917
exp_h14_s1_d1.0,2025-07-01,lead_week,6,0.7873020613448629,1178648,250696
exp_h14_s1_d1.0,2025-07-01,lead_week,7,0.8504127561913428,1199982,179502
exp_h14_s1_d1.0,2025-07-01,lead_week,8,0.8645262218265809,1222207,165577
exp_h14_s1_d1.0,2025-07-01,lead_week,9,0.8940154655369865,986710,104576
exp_h28_s1_d0.0,2025-07-01,route,1,0.8714847819822216,902220,115949
exp_h28_s1_d0.0,2025-07-01,route,5,,0,0
exp_h28_s1_d0.0,2025-07-01,route,7,0.4540128704660332,863372,471390
exp_h28_s1_d0.0,2025-07-01,route,11,0.8655008983428538,1644695,221210
exp_h28_s1_d0.0,2025-07-01,route,12,0.8800573012616738,1720730,206389
exp_h28_s1_d0.0,2025-07-01,route,17,0.889457904454319,2656635,293670
exp_h28_s1_d0.0,2025-07-01,route,25,0.763691756703162,332828,78650
exp_h28_s1_d0.0,2025-07-01,route,26,0.8514308079819705,792035,117672
exp_h28_s1_d0.0,2025-07-01,route,28,0.7995448473970824,457429,91694
exp_h28_s1_d0.0,2025-07-01,route,50,0.7549182130142722,1214313,297606
exp_h28_s1_d0.0,2025-07-01,month,7,0.8052540499837638,5407676,1053123
exp_h28_s1_d0.0,2025-07-01,month,8,0.837516886145508,5176581,841107
exp_h28_s1_d0.0,2025-07-01,lead_week,1,0.8882841222757638,1300961,145338
exp_h28_s1_d0.0,2025-07-01,lead_week,2,0.8027721169428462,1188478,234401
exp_h28_s1_d0.0,2025-07-01,lead_week,3,0.7509226226821839,1154589,287582
exp_h28_s1_d0.0,2025-07-01,lead_week,4,0.7844108974817345,1188715,256274
exp_h28_s1_d0.0,2025-07-01,lead_week,5,0.7678026954372418,1163967,270270
exp_h28_s1_d0.0,2025-07-01,lead_week,6,0.790413253151068,1178648,247029
exp_h28_s1_d0.0,2025-07-01,lead_week,7,0.8562103431551473,1199982,172545
exp_h28_s1_d0.0,2025-07-01,lead_week,8,0.8683316328576092,1222207,160926
exp_h28_s1_d0.0,2025-07-01,lead_week,9,0.8785205379493468,986710,119865
exp_h28_s1_d0.5,2025-07-01,route,1,0.8768005586220655,902220,111153
exp_h28_s1_d0.5,2025-07-01,route,5,,0,0
exp_h28_s1_d0.5,2025-07-01,route,7,0.43617004026074513,863372,486795
exp_h28_s1_d0.5,2025-07-01,route,11,0.8722443978974825,1644695,210119
exp_h28_s1_d0.5,2025-07-01,route,12,0.879948626455051,1720730,206576
exp_h28_s1_d0.5,2025-07-01,route,17,0.9021261859457547,2656635,260015
exp_h28_s1_d0.5,2025-07-01,route,25,0.7684449625632459,332828,77068
exp_h28_s1_d0.5,2025-07-01,route,26,0.8457113637654902,792035,122202
exp_h28_s1_d0.5,2025-07-01,route,28,0.7989917560976676,457429,91947
exp_h28_s1_d0.5,2025-07-01,route,50,0.7694408278590446,1214313,279971
exp_h28_s1_d0.5,2025-07-01,month,7,0.8109522463993775,5407676,1022309
exp_h28_s1_d0.5,2025-07-01,month,8,0.8409110182956666,5176581,823537
exp_h28_s1_d0.5,2025-07-01,lead_week,1,0.9010738984489158,1300961,128699
exp_h28_s1_d0.5,2025-07-01,lead_week,2,0.8066114812390301,1188478,229838
exp_h28_s1_d0.5,2025-07-01,lead_week,3,0.7555190634935895,1154589,282275
exp_h28_s1_d0.5,2025-07-01,lead_week,4,0.7848761057107885,1188715,255721
exp_h28_s1_d0.5,2025-07-01,lead_week,5,0.7673688343398052,1163967,270775
exp_h28_s1_d0.5,2025-07-01,lead_week,6,0.7923298559026952,1178648,244770
exp_h28_s1_d0.5,2025-07-01,lead_week,7,0.8565478482177232,1199982,172140
exp_h28_s1_d0.5,2025-07-01,lead_week,8,0.8709146650281008,1222207,157769
exp_h28_s1_d0.5,2025-07-01,lead_week,9,0.8947421228121738,986710,103859
exp_h28_s1_d1.0,2025-07-01,route,1,0.8646472035645408,902220,122118
exp_h28_s1_d1.0,2025-07-01,route,5,,0,0
exp_h28_s1_d1.0,2025-07-01,route,7,0.411407828838554,863372,508174
exp_h28_s1_d1.0,2025-07-01,route,11,0.8657781533962224,1644695,220754
exp_h28_s1_d1.0,2025-07-01,route,12,0.8656442323897415,1720730,231190
exp_h28_s1_d1.0,2025-07-01,route,17,0.8984493541641965,2656635,269783
exp_h28_s1_d1.0,2025-07-01,route,25,0.764187508262526,332828,78485
exp_h28_s1_d1.0,2025-07-01,route,26,0.8294848081208532,792035,135054
exp_h28_s1_d1.0,2025-07-01,route,28,0.7842353676745462,457429,98697
exp_h28_s1_d1.0,2025-07-01,route,50,0.7727249893561215,1214313,275983
exp_h28_s1_d1.0,2025-07-01,month,7,0.8040653693009714,5407676,1059551
exp_h28_s1_d1.0,2025-07-01,month,8,0.8298709128670062,5176581,880687
exp_h28_s1_d1.0,2025-07-01,lead_week,1,0.9012583774609693,1300961,128459
exp_h28_s1_d1.0,2025-07-01,lead_week,2,0.796607089066857,1188478,241728
exp_h28_s1_d1.0,2025-07-01,lead_week,3,0.7470329268683489,1154589,292073
exp_h28_s1_d1.0,2025-07-01,lead_week,4,0.7729893204006006,1188715,269851
exp_h28_s1_d1.0,2025-07-01,lead_week,5,0.7558685082996339,1163967,284161
exp_h28_s1_d1.0,2025-07-01,lead_week,6,0.7814088684662427,1178648,257642
exp_h28_s1_d1.0,2025-07-01,lead_week,7,0.8439576593648905,1199982,187248
exp_h28_s1_d1.0,2025-07-01,lead_week,8,0.8593716121737153,1222207,171877
exp_h28_s1_d1.0,2025-07-01,lead_week,9,0.891357136341985,986710,107199
exp_h56_s1_d0.0,2025-07-01,route,1,0.8687393318702755,902220,118426
exp_h56_s1_d0.0,2025-07-01,route,5,,0,0
exp_h56_s1_d0.0,2025-07-01,route,7,0.45152958400318755,863372,473534
exp_h56_s1_d0.0,2025-07-01,route,11,0.8641954891332435,1644695,223357
exp_h56_s1_d0.0,2025-07-01,route,12,0.8770446264085592,1720730,211573
exp_h56_s1_d0.0,2025-07-01,route,17,0.888847357653573,2656635,295292
exp_h56_s1_d0.0,2025-07-01,route,25,0.7590797649236243,332828,80185
exp_h56_s1_d0.0,2025-07-01,route,26,0.8476342585870573,792035,120679
exp_h56_s1_d0.0,2025-07-01,route,28,0.7965476609484751,457429,93065
exp_h56_s1_d0.0,2025-07-01,route,50,0.7522401555447401,1214313,300858
exp_h56_s1_d0.0,2025-07-01,month,7,0.8028581963860261,5407676,1066079
exp_h56_s1_d0.0,2025-07-01,month,8,0.835627028728035,5176581,850890
exp_h56_s1_d0.0,2025-07-01,lead_week,1,0.8859066490079257,1300961,148431
exp_h56_s1_d0.0,2025-07-01,lead_week,2,0.8004422463015722,1188478,237170
exp_h56_s1_d0.0,2025-07-01,lead_week,3,0.7483892536651571,1154589,290507
exp_h56_s1_d0.0,2025-07-01,lead_week,4,0.7820899038036871,1188715,259033
exp_h56_s1_d0.0,2025-07-01,lead_week,5,0.7653069202133738,1163967,273175
exp_h56_s1_d0.0,2025-07-01,lead_week,6,0.7884830755238206,1178648,249304
exp_h56_s1_d0.0,2025-07-01,lead_week,7,0.8544944840839279,1199982,174604
exp_h56_s1_d0.0,2025-07-01,lead_week,8,0.866740249401288,1222207,162871
exp_h56_s1_d0.0,2025-07-01,lead_week,9,0.8764844787222182,986710,121874
exp_h56_s1_d0.5,2025-07-01,route,1,0.8737425461639068,902220,113912
exp_h56_s1_d0.5,2025-07-01,route,5,,0,0
exp_h56_s1_d0.5,2025-07-01,route,7,0.4330450836950932,863372,489493
exp_h56_s1_d0.5,2025-07-01,route,11,0.8705760034535279,1644695,212863
exp_h56_s1_d0.5,2025-07-01,route,12,0.8775211683413435,1720730,210753
exp_h56_s1_d0.5,2025-07-01,route,17,0.9010270511379997,2656635,262935
exp_h56_s1_d0.5,2025-07-01,route,25,0.7629135769827058,332828,78909
exp_h56_s1_d0.5,2025-07-01,route,26,0.842038546276364,792035,125111
exp_h56_s1_d0.5,2025-07-01,route,28,0.796965212087559,457429,92874
exp_h56_s1_d0.5,2025-07-01,route,50,0.7685514360794952,1214313,281051
exp_h56_s1_d0.5,2025-07-01,month,7,0.8087196792115504,5407676,1034382
exp_h56_s1_d0.5,2025-07-01,month,8,0.8389827185163334,5176581,833519
exp_h56_s1_d0.5,2025-07-01,lead_week,1,0.8996480294182532,1300961,130554
exp_h56_s1_d0.5,2025-07-01,lead_week,2,0.804187372420861,1188478,232719
exp_h56_s1_d0.5,2025-07-01,lead_week,3,0.7530619120743398,1154589,285112
exp_h56_s1_d0.5,2025-07-01,lead_week,4,0.7823178810732598,1188715,258762
exp_h56_s1_d0.5,2025-07-01,lead_week,5,0.7648386938804966,1163967,273720
exp_h56_s1_d0.5,2025-07-01,lead_week,6,0.790073881260563,1178648,247429
exp_h56_s1_d0.5,2025-07-01,lead_week,7,0.8544519834464184,1199982,174655
exp_h56_s1_d0.5,2025-07-01,lead_week,8,0.8690532782090105,1222207,160044
exp_h56_s1_d0.5,2025-07-01,lead_week,9,0.8936810207659799,986710,104906
exp_h56_s1_d1.0,2025-07-01,route,1,0.8598656646937555,902220,126432
exp_h56_s1_d1.0,2025-07-01,route,5,,0,0
exp_h56_s1_d1.0,2025-07-01,route,7,0.40634164647452087,863372,512548
exp_h56_s1_d1.0,2025-07-01,route,11,0.8631503105439002,1644695,225076
exp_h56_s1_d1.0,2025-07-01,route,12,0.8622003452023269,1720730,237116
exp_h56_s1_d1.0,2025-07-01,route,17,0.8962032797128698,2656635,275750
exp_h56_s1_d1.0,2025-07-01,route,25,0.7576616150083526,332828,80657
exp_h56_s1_d1.0,2025-07-01,route,26,0.8248423365129066,792035,138731
exp_h56_s1_d1.0,2025-07-01,route,28,0.781876531658465,457429,99776
exp_h56_s1_d1.0,2025-07-01,route,50,0.7723667621115808,1214313,276418
exp_h56_s1_d1.0,2025-07-01,month,7,0.8009788308323206,5407676,1076242
exp_h56_s1_d1.0,2025-07-01,month,8,0.8268621702239374,5176581,896262
exp_h56_s1_d1.0,2025-07-01,lead_week,1,0.8993728482252734,1300961,130912
exp_h56_s1_d1.0,2025-07-01,lead_week,2,0.7932422813043236,1188478,245727
exp_h56_s1_d1.0,2025-07-01,lead_week,3,0.7434065282104714,1154589,296260
exp_h56_s1_d1.0,2025-07-01,lead_week,4,0.7696504208325797,1188715,273820
exp_h56_s1_d1.0,2025-07-01,lead_week,5,0.7523830142950788,1163967,288218
exp_h56_s1_d1.0,2025-07-01,lead_week,6,0.7780804786501143,1178648,261565
exp_h56_s1_d1.0,2025-07-01,lead_week,7,0.8403651054765822,1199982,191559
exp_h56_s1_d1.0,2025-07-01,lead_week,8,0.8563271197104909,1222207,175598
exp_h56_s1_d1.0,2025-07-01,lead_week,9,0.8896889663629638,986710,108845
exp_h112_s1_d0.0,2025-07-01,route,1,0.8672552149143224,902220,119765
exp_h112_s1_d0.0,2025-07-01,route,5,,0,0
exp_h112_s1_d0.0,2025-07-01,route,7,0.45008177239938285,863372,474784
exp_h112_s1_d0.0,2025-07-01,route,11,0.863488975159528,1644695,224519
exp_h112_s1_d0.0,2025-07-01,route,12,0.8754819175582457,1720730,214262
exp_h112_s1_d0.0,2025-07-01,route,17,0.8885624107188229,2656635,296049
exp_h112_s1_d0.0,2025-07-01,route,25,0.7566851346641509,332828,80982
exp_h112_s1_d0.0,2025-07-01,route,26,0.8455320787591457,792035,122344
exp_h112_s1_d0.0,2025-07-01,route,28,0.7948643396024301,457429,93835
exp_h112_s1_d0.0,2025-07-01,route,50,0.7509694782152543,1214313,302401
exp_h112_s1_d0.0,2025-07-01,month,7,0.8016073818031997,5407676,1072843
exp_h112_s1_d0.0,2025-07-01,month,8,0.8346209592779481,5176581,856098
exp_h112_s1_d0.0,2025-07-01,lead_week,1,0.8846821695654212,1300961,150024
exp_h112_s1_d0.0,2025-07-01,lead_week,2,0.7992095772912919,1188478,238635
exp_h112_s1_d0.0,2025-07-01,lead_week,3,0.7470476507224648,1154589,292056
exp_h112_s1_d0.0,2025-07-01,lead_week,4,0.7808827178928507,1188715,260468
exp_h112_s1_d0.0,2025-07-01,lead_week,5,0.7639898725651157,1163967,274708
exp_h112_s1_d0.0,2025-07-01,lead_week,6,0.7874742925792942,1178648,250493
exp_h112_s1_d0.0,2025-07-01,lead_week,7,0.8535869704712238,1199982,175693
exp_h112_s1_d0.0,2025-07-01,lead_week,8,0.865824692543898,1222207,163990
exp_h112_s1_d0.0,2025-07-01,lead_week,9,0.8754710097191677,986710,122874
exp_h112_s1_d0.5,2025-07-01,route,1,0.8720655715900778,902220,115425
exp_h112_s1_d0.5,2025-07-01,route,5,,0,0
exp_h112_s1_d0.5,2025-07-01,route,7,0.4312590633006398,863372,491035
exp_h112_s1_d0.5,2025-07-01,route,11,0.8696408756638769,1644695,214401
exp_h112_s1_d0.5,2025-07-01,route,12,0.8762554264759724,1720730,212931
exp_h112_s1_d0.5,2025-07-01,route,17,0.9004213977456443,2656635,264544
exp_h112_s1_d0.5,2025-07-01,route,25,0.7599120266323747,332828,79908
exp_h112_s1_d0.5,2025-07-01,route,26,0.8400310592334934,792035,126701
exp_h112_s1_d0.5,2025-07-01,route,28,0.7957234893283985,457429,93442
exp_h112_s1_d0.5,2025-07-01,route,50,0.7680869759279527,1214313,281615
exp_h112_s1_d0.5,2025-07-01,month,7,0.8074982672778472,5407676,1040987
exp_h112_s1_d0.5,2025-07-01,month,8,0.8379210138892833,5176581,839015
exp_h112_s1_d0.5,2025-07-01,lead_week,1,0.8988478517034715,1300961,131595
exp_h112_s1_d0.5,2025-07-01,lead_week,2,0.802850368286161,1188478,234308
exp_h112_s1_d0.5,2025-07-01,lead_week,3,0.7517272380041728,1154589,286653
exp_h112_s1_d0.5,2025-07-01,lead_week,4,0.7809424462549897,1188715,260397
exp_h112_s1_d0.5,2025-07-01,lead_week,5,0.7634254235730051,1163967,275365
exp_h112_s1_d0.5,2025-07-01,lead_week,6,0.7888224474143255,1178648,248904
exp_h112_s1_d0.5,2025-07-01,lead_week,7,0.8533211331503305,1199982,176012
exp_h112_s1_d0.5,2025-07-01,lead_week,8,0.8680395383106135,1222207,161283
exp_h112_s1_d0.5,2025-07-01,lead_week,9,0.8930942222132137,986710,105485
exp_h112_s1_d1.0,2025-07-01,route,1,0.8572410276872603,902220,128800
exp_h112_s1_d1.0,2025-07-01,route,5,,0,0
exp_h112_s1_d1.0,2025-07-01,route,7,0.403693888613483,863372,514834
exp_h112_s1_d1.0,2025-07-01,route,11,0.8617445787820842,1644695,227388
exp_h112_s1_d1.0,2025-07-01,route,12,0.8604150564004812,1720730,240188
exp_h112_s1_d1.0,2025-07-01,route,17,0.8950070295693613,2656635,278928
exp_h112_s1_d1.0,2025-07-01,route,25,0.7540561491220691,332828,81857
exp_h112_s1_d1.0,2025-07-01,route,26,0.822227553075306,792035,140802
exp_h112_s1_d1.0,2025-07-01,route,28,0.7803068891565685,457429,100494
exp_h112_s1_d1.0,2025-07-01,route,50,0.772180648646601,1214313,276644
exp_h112_s1_d1.0,2025-07-01,month,7,0.7993295086465979,5407676,1085161
exp_h112_s1_d1.0,2025-07-01,month,8,0.8252178416603546,5176581,904774
exp_h112_s1_d1.0,2025-07-01,lead_week,1,0.8983459150581762,1300961,132248
exp_h112_s1_d1.0,2025-07-01,lead_week,2,0.7914315620482668,1188478,247879
exp_h112_s1_d1.0,2025-07-01,lead_week,3,0.741501088266041,1154589,298460
exp_h112_s1_d1.0,2025-07-01,lead_week,4,0.7678669824137829,1188715,275940
exp_h112_s1_d1.0,2025-07-01,lead_week,5,0.7505272915812905,1163967,290378
exp_h112_s1_d1.0,2025-07-01,lead_week,6,0.7762546578791971,1178648,263717
exp_h112_s1_d1.0,2025-07-01,lead_week,7,0.8384450766761502,1199982,193863
exp_h112_s1_d1.0,2025-07-01,lead_week,8,0.8546334622531208,1222207,177668
exp_h112_s1_d1.0,2025-07-01,lead_week,9,0.8887393459071055,986710,109782
mean_s1_d0.0,2025-07-01,route,1,0.8657988073862251,902220,121079
mean_s1_d0.0,2025-07-01,route,5,,0,0
mean_s1_d0.0,2025-07-01,route,7,0.44849728738017913,863372,476152
mean_s1_d0.0,2025-07-01,route,11,0.8627240917008929,1644695,225777
mean_s1_d0.0,2025-07-01,route,12,0.8739290882358068,1720730,216934
mean_s1_d0.0,2025-07-01,route,17,0.8882605250627204,2656635,296851
mean_s1_d0.0,2025-07-01,route,25,0.7540291081279219,332828,81866
mean_s1_d0.0,2025-07-01,route,26,0.8433440441394635,792035,124077
mean_s1_d0.0,2025-07-01,route,28,0.7929099379357234,457429,94729
mean_s1_d0.0,2025-07-01,route,50,0.7496716250258377,1214313,303977
mean_s1_d0.0,2025-07-01,month,7,0.8003164390766015,5407676,1079824
mean_s1_d0.0,2025-07-01,month,8,0.8335546183861511,5176581,861618
mean_s1_d0.0,2025-07-01,lead_week,1,0.8834453915221132,1300961,151633
mean_s1_d0.0,2025-07-01,lead_week,2,0.7978927670516408,1188478,240200
mean_s1_d0.0,2025-07-01,lead_week,3,0.7456766000715407,1154589,293639
mean_s1_d0.0,2025-07-01,lead_week,4,0.7796435646896018,1188715,261941
mean_s1_d0.0,2025-07-01,lead_week,5,0.7625903483518004,1163967,276337
mean_s1_d0.0,2025-07-01,lead_week,6,0.786368788645974,1178648,251796
mean_s1_d0.0,2025-07-01,lead_week,7,0.8526277894168413,1199982,176844
mean_s1_d0.0,2025-07-01,lead_week,8,0.864827316485669,1222207,165209
mean_s1_d0.0,2025-07-01,lead_week,9,0.8744889582552118,986710,123843
mean_s1_d0.5,2025-07-01,route,1,0.8702888430759681,902220,117028
mean_s1_d0.5,2025-07-01,route,5,,0,0
mean_s1_d0.5,2025-07-01,route,7,0.42951010688324387,863372,492545
mean_s1_d0.5,2025-07-01,route,11,0.8686327860180763,1644695,216059
mean_s1_d0.5,2025-07-01,route,12,0.8749484230530066,1720730,215180
mean_s1_d0.5,2025-07-01,route,17,0.8997814904945542,2656635,266244
mean_s1_d0.5,2025-07-01,route,25,0.7569104762820436,332828,80907
mean_s1_d0.5,2025-07-01,route,26,0.8379920079289426,792035,128316
mean_s1_d0.5,2025-07-01,route,28,0.7942238030382858,457429,94128
mean_s1_d0.5,2025-07-01,route,50,0.767641456527271,1214313,282156
mean_s1_d0.5,2025-07-01,month,7,0.8062468979280564,5407676,1047754
mean_s1_d0.5,2025-07-01,month,8,0.8368017423082919,5176581,844809
mean_s1_d0.5,2025-07-01,lead_week,1,0.8979907929599734,1300961,132710
mean_s1_d0.5,2025-07-01,lead_week,2,0.8014780248351252,1188478,235939
mean_s1_d0.5,2025-07-01,lead_week,3,0.750375241752693,1154589,288214
mean_s1_d0.5,2025-07-01,lead_week,4,0.7795468215678274,1188715,262056
mean_s1_d0.5,2025-07-01,lead_week,5,0.761977788030073,1163967,277050
mean_s1_d0.5,2025-07-01,lead_week,6,0.7875251983628699,1178648,250433
mean_s1_d0.5,2025-07-01,lead_week,7,0.8521336153375634,1199982,177437
mean_s1_d0.5,2025-07-01,lead_week,8,0.8669243426031761,1222207,162646
mean_s1_d0.5,2025-07-01,lead_week,9,0.8924932350944046,986710,106078
mean_s1_d1.0,2025-07-01,route,1,0.8546141739265367,902220,131170
mean_s1_d1.0,2025-07-01,route,5,,0,0
mean_s1_d1.0,2025-07-01,route,7,0.4011179422079938,863372,517058
mean_s1_d1.0,2025-07-01,route,11,0.8603801920720864,1644695,229632
mean_s1_d1.0,2025-07-01,route,12,0.8586222126655547,1720730,243273
mean_s1_d1.0,2025-07-01,route,17,0.893799486944951,2656635,282136
mean_s1_d1.0,2025-07-01,route,25,0.7505137788887954,332828,83036
mean_s1_d1.0,2025-07-01,route,26,0.8197314512616235,792035,142779
mean_s1_d1.0,2025-07-01,route,28,0.7786760349693613,457429,101240
mean_s1_d1.0,2025-07-01,route,50,0.77193194835269,1214313,276946
mean_s1_d1.0,2025-07-01,month,7,0.7976872135090933,5407676,1094042
mean_s1_d1.0,2025-07-01,month,8,0.8235847174032436,5176581,913228
mean_s1_d1.0,2025-07-01,lead_week,1,0.8972767054508167,1300961,133639
mean_s1_d1.0,2025-07-01,lead_week,2,0.7896418780995526,1188478,250006
mean_s1_d1.0,2025-07-01,lead_week,3,0.7396190332663831,1154589,300633
mean_s1_d1.0,2025-07-01,lead_week,4,0.7661012101302667,1188715,278039
mean_s1_d1.0,2025-07-01,lead_week,5,0.7486793010454764,1163967,292529
mean_s1_d1.0,2025-07-01,lead_week,6,0.7744296855380063,1178648,265868
mean_s1_d1.0,2025-07-01,lead_week,7,0.8365642151298937,1199982,196120
mean_s1_d1.0,2025-07-01,lead_week,8,0.8529618959799772,1222207,179711
mean_s1_d1.0,2025-07-01,lead_week,9,0.8877836446372288,986710,110725
median_s1_d0.0,2025-07-01,route,1,0.8575214470971604,902220,128547
median_s1_d0.0,2025-07-01,route,5,,0,0
median_s1_d0.0,2025-07-01,route,7,0.42470568885717863,863372,496693
median_s1_d0.0,2025-07-01,route,11,0.8633296751069347,1644695,224781
median_s1_d0.0,2025-07-01,route,12,0.862697808488258,1720730,236260
median_s1_d0.0,2025-07-01,route,17,0.8887626640468111,2656635,295517
median_s1_d0.0,2025-07-01,route,25,0.7488372372516736,332828,83594
median_s1_d0.0,2025-07-01,route,26,0.8364718730864167,792035,129520
median_s1_d0.0,2025-07-01,route,28,0.8013287307975664,457429,90878
median_s1_d0.0,2025-07-01,route,50,0.7653125676823027,1214313,284984
median_s1_d0.0,2025-07-01,month,7,0.7989097349767257,5407676,1087431
median_s1_d0.0,2025-07-01,month,8,0.8293578329016777,5176581,883343
median_s1_d0.0,2025-07-01,lead_week,1,0.892952209943265,1300961,139265
median_s1_d0.0,2025-07-01,lead_week,2,0.794865365618884,1188478,243798
median_s1_d0.0,2025-07-01,lead_week,3,0.7402963305557215,1154589,299851
median_s1_d0.0,2025-07-01,lead_week,4,0.7732013140239671,1188715,269599
median_s1_d0.0,2025-07-01,lead_week,5,0.7572843559997835,1163967,282513
median_s1_d0.0,2025-07-01,lead_week,6,0.7775434226333902,1178648,262198
median_s1_d0.0,2025-07-01,lead_week,7,0.8427109739979433,1199982,188744
median_s1_d0.0,2025-07-01,lead_week,8,0.8575257710027844,1222207,174133
median_s1_d0.0,2025-07-01,lead_week,9,0.8878363450253874,986710,110673
median_s1_d0.5,2025-07-01,route,1,0.8564108532287025,902220,129549
median_s1_d0.5,2025-07-01,route,5,,0,0
median_s1_d0.5,2025-07-01,route,7,0.41177962685841096,863372,507853
median_s1_d0.5,2025-07-01,route,11,0.8631569987140473,1644695,225065
median_s1_d0.5,2025-07-01,route,12,0.8618470067936282,1720730,237724
median_s1_d0.5,2025-07-01,route,17,0.893175389167123,2656635,283794
median_s1_d0.5,2025-07-01,route,25,0.7603026187700554,332828,79778
median_s1_d0.5,2025-07-01,route,26,0.8296691434090665,792035,134908
median_s1_d0.5,2025-07-01,route,28,0.7989545918601575,457429,91964
median_s1_d0.5,2025-07-01,route,50,0.7729736896500325,1214313,275681
median_s1_d0.5,2025-07-01,month,7,0.8001801513256341,5407676,1080561
median_s1_d0.5,2025-07-01,month,8,0.8288918882946099,5176581,885755
median_s1_d0.5,2025-07-01,lead_week,1,0.8987363956336892,1300961,131740
median_s1_d0.5,2025-07-01,lead_week,2,0.7937235691363239,1188478,245155
median_s1_d0.5,2025-07-01,lead_week,3,0.7419826449065425,1154589,297904
median_s1_d0.5,2025-07-01,lead_week,4,0.7704193183395516,1188715,272906
median_s1_d0.5,2025-07-01,lead_week,5,0.7529723780828838,1163967,287532
median_s1_d0.5,2025-07-01,lead_week,6,0.7774068254474619,1178648,262359
median_s1_d0.5,2025-07-01,lead_week,7,0.8413951209268139,1199982,190323
median_s1_d0.5,2025-07-01,lead_week,8,0.8571993123914361,1222207,174532
median_s1_d0.5,2025-07-01,lead_week,9,0.8947360419981555,986710,103865
median_s1_d1.0,2025-07-01,route,1,0.8487397752211212,902220,136470
median_s1_d1.0,2025-07-01,route,5,,0,0
median_s1_d1.0,2025-07-01,route,7,0.3939263724095755,863372,523267
median_s1_d1.0,2025-07-01,route,11,0.8561058433326544,1644695,236662
median_s1_d1.0,2025-07-01,route,12,0.8565969094512212,1720730,246758
median_s1_d1.0,2025-07-01,route,17,0.8856677714477149,2656635,303739
median_s1_d1.0,2025-07-01,route,25,0.7617297823500426,332828,79303
median_s1_d1.0,2025-07-01,route,26,0.8203980884683126,792035,142251
median_s1_d1.0,2025-07-01,route,28,0.7913534122235364,457429,95441
median_s1_d1.0,2025-07-01,route,50,0.7724054671242093,1214313,276371
median_s1_d1.0,2025-07-01,month,7,0.7947706186539283,5407676,1109814
median_s1_d1.0,2025-07-01,month,8,0.8202581974473113,5176581,930448
median_s1_d1.0,2025-07-01,lead_week,1,0.8960145615433515,1300961,135281
median_s1_d1.0,2025-07-01,lead_week,2,0.7855155922112147,1188478,254910
median_s1_d1.0,2025-07-01,lead_week,3,0.7362169568565091,1154589,304561
median_s1_d1.0,2025-07-01,lead_week,4,0.7625444282271192,1188715,282267
median_s1_d1.0,2025-07-01,lead_week,5,0.7442169752235244,1163967,297723
median_s1_d1.0,2025-07-01,lead_week,6,0.7698854959241436,1178648,271224
median_s1_d1.0,2025-07-01,lead_week,7,0.8333241665291646,1199982,200008
median_s1_d1.0,2025-07-01,lead_week,8,0.8487727528970134,1222207,184831
median_s1_d1.0,2025-07-01,lead_week,9,0.8890687233330968,986710,109457
trim10_s1_d0.0,2025-07-01,route,1,0.8657988073862251,902220,121079
trim10_s1_d0.0,2025-07-01,route,5,,0,0
trim10_s1_d0.0,2025-07-01,route,7,0.44849728738017913,863372,476152
trim10_s1_d0.0,2025-07-01,route,11,0.8627240917008929,1644695,225777
trim10_s1_d0.0,2025-07-01,route,12,0.8739290882358068,1720730,216934
trim10_s1_d0.0,2025-07-01,route,17,0.8882605250627204,2656635,296851
trim10_s1_d0.0,2025-07-01,route,25,0.7540291081279219,332828,81866
trim10_s1_d0.0,2025-07-01,route,26,0.8433440441394635,792035,124077
trim10_s1_d0.0,2025-07-01,route,28,0.7929099379357234,457429,94729
trim10_s1_d0.0,2025-07-01,route,50,0.7496716250258377,1214313,303977
trim10_s1_d0.0,2025-07-01,month,7,0.8003164390766015,5407676,1079824
trim10_s1_d0.0,2025-07-01,month,8,0.8335546183861511,5176581,861618
trim10_s1_d0.0,2025-07-01,lead_week,1,0.8834453915221132,1300961,151633
trim10_s1_d0.0,2025-07-01,lead_week,2,0.7978927670516408,1188478,240200
trim10_s1_d0.0,2025-07-01,lead_week,3,0.7456766000715407,1154589,293639
trim10_s1_d0.0,2025-07-01,lead_week,4,0.7796435646896018,1188715,261941
trim10_s1_d0.0,2025-07-01,lead_week,5,0.7625903483518004,1163967,276337
trim10_s1_d0.0,2025-07-01,lead_week,6,0.786368788645974,1178648,251796
trim10_s1_d0.0,2025-07-01,lead_week,7,0.8526277894168413,1199982,176844
trim10_s1_d0.0,2025-07-01,lead_week,8,0.864827316485669,1222207,165209
trim10_s1_d0.0,2025-07-01,lead_week,9,0.8744889582552118,986710,123843
trim10_s1_d0.5,2025-07-01,route,1,0.870070492784465,902220,117225
trim10_s1_d0.5,2025-07-01,route,5,,0,0
trim10_s1_d0.5,2025-07-01,route,7,0.4283622818437476,863372,493536
trim10_s1_d0.5,2025-07-01,route,11,0.869632971462794,1644695,214414
trim10_s1_d0.5,2025-07-01,route,12,0.8750344330603872,1720730,215032
trim10_s1_d0.5,2025-07-01,route,17,0.8985976620800373,2656635,269389
trim10_s1_d0.5,2025-07-01,route,25,0.7592660473277488,332828,80123
trim10_s1_d0.5,2025-07-01,route,26,0.8384376953038691,792035,127963
trim10_s1_d0.5,2025-07-01,route,28,0.7966941317668972,457429,92998
trim10_s1_d0.5,2025-07-01,route,50,0.7675698110783629,1214313,282243
trim10_s1_d0.5,2025-07-01,month,7,0.8061651622619402,5407676,1048196
trim10_s1_d0.5,2025-07-01,month,8,0.8368175828795106,5176581,844727
trim10_s1_d0.5,2025-07-01,lead_week,1,0.8981030176923059,1300961,132564
trim10_s1_d0.5,2025-07-01,lead_week,2,0.8013265706222581,1188478,236119
trim10_s1_d0.5,2025-07-01,lead_week,3,0.7503284718631478,1154589,288268
trim10_s1_d0.5,2025-07-01,lead_week,4,0.7793600652805761,1188715,262278
trim10_s1_d0.5,2025-07-01,lead_week,5,0.7617767514027459,1163967,277284
trim10_s1_d0.5,2025-07-01,lead_week,6,0.7876168287733063,1178648,250325
trim10_s1_d0.5,2025-07-01,lead_week,7,0.8519652794791922,1199982,177639
trim10_s1_d0.5,2025-07-01,lead_week,8,0.8669488883634278,1222207,162616
trim10_s1_d0.5,2025-07-01,lead_week,9,0.8927445754071612,986710,105830
trim10_s1_d1.0,2025-07-01,route,1,0.8541686063266165,902220,131572
trim10_s1_d1.0,2025-07-01,route,5,,0,0
trim10_s1_d1.0,2025-07-01,route,7,0.39884082411752986,863372,519024
trim10_s1_d1.0,2025-07-01,route,11,0.8624802774982596,1644695,226178
trim10_s1_d1.0,2025-07-01,route,12,0.8588500229553736,1720730,242881
trim10_s1_d1.0,2025-07-01,route,17,0.8901919157129226,2656635,291720
trim10_s1_d1.0,2025-07-01,route,25,0.7554172124941412,332828,81404
trim10_s1_d1.0,2025-07-01,route,26,0.82080716129969,792035,141927
trim10_s1_d1.0,2025-07-01,route,28,0.7845873348650829,457429,98536
trim10_s1_d1.0,2025-07-01,route,50,0.7714329007430539,1214313,277552
trim10_s1_d1.0,2025-07-01,month,7,0.7973586065437352,5407676,1095819
trim10_s1_d1.0,2025-07-01,month,8,0.8232472359652057,5176581,914975
trim10_s1_d1.0,2025-07-01,lead_week,1,0.8970361140725971,1300961,133952
trim10_s1_d1.0,2025-07-01,lead_week,2,0.7893785160516223,1188478,250319
trim10_s1_d1.0,2025-07-01,lead_week,3,0.7392578657860069,1154589,301050
trim10_s1_d1.0,2025-07-01,lead_week,4,0.765647779324733,1188715,278578
trim10_s1_d1.0,2025-07-01,lead_week,5,0.7483485356543613,1163967,292914
trim10_s1_d1.0,2025-07-01,lead_week,6,0.774393203059777,1178648,265911
trim10_s1_d1.0,2025-07-01,lead_week,7,0.8358950384255763,1199982,196923
trim10_s1_d1.0,2025-07-01,lead_week,8,0.8526158007604276,1222207,180134
trim10_s1_d1.0,2025-07-01,lead_week,9,0.8874917655643502,986710,111013
q40_s1_d0.0,2025-07-01,route,1,0.8678759060982909,902220,119205
q40_s1_d0.0,2025-07-01,route,5,,0,0
q40_s1_d0.0,2025-07-01,route,7,0.4611500025481484,863372,465228
q40_s1_d0.0,2025-07-01,route,11,0.8676879299809387,1644695,217613
q40_s1_d0.0,2025-07-01,route,12,0.8690108268002534,1720730,225397
q40_s1_d0.0,2025-07-01,route,17,0.8866889881372488,2656635,301026
q40_s1_d0.0,2025-07-01,route,25,0.7716898818609012,332828,75988
q40_s1_d0.0,2025-07-01,route,26,0.8508197238758388,792035,118156
q40_s1_d0.0,2025-07-01,route,28,0.8131557028522459,457429,85468
q40_s1_d0.0,2025-07-01,route,50,0.7610064291496509,1214313,290213
q40_s1_d0.0,2025-07-01,month,7,0.8058446918787294,5407676,1049929
q40_s1_d0.0,2025-07-01,month,8,0.8361148024149531,5176581,848365
q40_s1_d0.0,2025-07-01,lead_week,1,0.892392623606703,1300961,139993
q40_s1_d0.0,2025-07-01,lead_week,2,0.8045618008915605,1188478,232274
q40_s1_d0.0,2025-07-01,lead_week,3,0.7486525508211147,1154589,290203
q40_s1_d0.0,2025-07-01,lead_week,4,0.7825105260722713,1188715,258533
q40_s1_d0.0,2025-07-01,lead_week,5,0.7677038953853503,1163967,270385
q40_s1_d0.0,2025-07-01,lead_week,6,0.7866318018611155,1178648,251486
q40_s1_d0.0,2025-07-01,lead_week,7,0.8518811115500066,1199982,177740
q40_s1_d0.0,2025-07-01,lead_week,8,0.8661396964671287,1222207,163605
q40_s1_d0.0,2025-07-01,lead_week,9,0.8843885234770095,986710,114075
q40_s1_d0.5,2025-07-01,route,1,0.8732382345769325,902220,114367
q40_s1_d0.5,2025-07-01,route,5,,0,0
q40_s1_d0.5,2025-07-01,route,7,0.4500030114481359,863372,474852
q40_s1_d0.5,2025-07-01,route,11,0.8738501667482421,1644695,207478
q40_s1_d0.5,2025-07-01,route,12,0.8704189500967613,1720730,222974
q40_s1_d0.5,2025-07-01,route,17,0.8983631548933143,2656635,270012
q40_s1_d0.5,2025-07-01,route,25,0.7829870083045898,332828,72228
q40_s1_d0.5,2025-07-01,route,26,0.8450396762769322,792035,122734
q40_s1_d0.5,2025-07-01,route,28,0.8176285281431654,457429,83422
q40_s1_d0.5,2025-07-01,route,50,0.7711866709818638,1214313,277851
q40_s1_d0.5,2025-07-01,month,7,0.8112107678048759,5407676,1020911
q40_s1_d0.5,2025-07-01,month,8,0.8406270470799162,5176581,825007
q40_s1_d0.5,2025-07-01,lead_week,1,0.9025643351337973,1300961,126760
q40_s1_d0.5,2025-07-01,lead_week,2,0.8077145727560796,1188478,228527
q40_s1_d0.5,2025-07-01,lead_week,3,0.7548564900583671,1154589,283040
q40_s1_d0.5,2025-07-01,lead_week,4,0.7838018364368247,1188715,256998
q40_s1_d0.5,2025-07-01,lead_week,5,0.7666308409087199,1163967,271634
q40_s1_d0.5,2025-07-01,lead_week,6,0.7906559040527791,1178648,246743
q40_s1_d0.5,2025-07-01,lead_week,7,0.8558936717384094,1199982,172925
q40_s1_d0.5,2025-07-01,lead_week,8,0.8708958466119078,1222207,157792
q40_s1_d0.5,2025-07-01,lead_week,9,0.8971339096593731,986710,101499
q40_s1_d1.0,2025-07-01,route,1,0.8702023896610582,902220,117106
q40_s1_d1.0,2025-07-01,route,5,,0,0
q40_s1_d1.0,2025-07-01,route,7,0.43025138642439176,863372,491905
q40_s1_d1.0,2025-07-01,route,11,0.8709213562393028,1644695,212295
q40_s1_d1.0,2025-07-01,route,12,0.8659429428207795,1720730,230676
q40_s1_d1.0,2025-07-01,route,17,0.895162112973743,2656635,278516
q40_s1_d1.0,2025-07-01,route,25,0.7839785114233178,332828,71898
q40_s1_d1.0,2025-07-01,route,26,0.8353305093840551,792035,130424
q40_s1_d1.0,2025-07-01,route,28,0.8134879948582184,457429,85316
q40_s1_d1.0,2025-07-01,route,50,0.773022276793545,1214313,275622
q40_s1_d1.0,2025-07-01,month,7,0.8080012559924078,5407676,1038267
q40_s1_d1.0,2025-07-01,month,8,0.8347382181405063,5176581,855491
q40_s1_d1.0,2025-07-01,lead_week,1,0.9030216893511797,1300961,126165
q40_s1_d1.0,2025-07-01,lead_week,2,0.8016033952668875,1188478,235790
q40_s1_d1.0,2025-07-01,lead_week,3,0.7519506941431107,1154589,286395
q40_s1_d1.0,2025-07-01,lead_week,4,0.7768640927387978,1188715,265245
q40_s1_d1.0,2025-07-01,lead_week,5,0.7591503882842039,1163967,280341
q40_s1_d1.0,2025-07-01,lead_week,6,0.7859394832044851,1178648,252302
q40_s1_d1.0,2025-07-01,lead_week,7,0.8514311047999054,1199982,178280
q40_s1_d1.0,2025-07-01,lead_week,8,0.8651104109205724,1222207,164863
q40_s1_d1.0,2025-07-01,lead_week,9,0.8942171458685936,986710,104377
q60_s1_d0.0,2025-07-01,route,1,0.8412970228990712,902220,143185
q60_s1_d0.0,2025-07-01,route,5,,0,0
q60_s1_d0.0,2025-07-01,route,7,0.38588117288955404,863372,530213
q60_s1_d0.0,2025-07-01,route,11,0.8546496462870016,1644695,239057
q60_s1_d0.0,2025-07-01,route,12,0.8541206348468382,1720730,251019
q60_s1_d0.0,2025-07-01,route,17,0.8851114285552965,2656635,305217
q60_s1_d0.0,2025-07-01,route,25,0.722451236073888,332828,92376
q60_s1_d0.0,2025-07-01,route,26,0.8206000997430669,792035,142091
q60_s1_d0.0,2025-07-01,route,28,0.7792488014533403,457429,100978
q60_s1_d0.0,2025-07-01,route,50,0.7681536803114188,1214313,281534
q60_s1_d0.0,2025-07-01,month,7,0.7884359196076096,5407676,1144070
q60_s1_d0.0,2025-07-01,month,8,0.8181038797615646,5176581,941600
q60_s1_d0.0,2025-07-01,lead_week,1,0.8892887642289047,1300961,144031
q60_s1_d0.0,2025-07-01,lead_week,2,0.7822492296870451,1188478,258792
q60_s1_d0.0,2025-07-01,lead_week,3,0.7286644858040394,1154589,313281
q60_s1_d0.0,2025-07-01,lead_week,4,0.7598457157518833,1188715,285475
q60_s1_d0.0,2025-07-01,lead_week,5,0.7421481880500049,1163967,300131
q60_s1_d0.0,2025-07-01,lead_week,6,0.7641959261798263,1178648,277930
q60_s1_d0.0,2025-07-01,lead_week,7,0.8293524402866043,1199982,204774
q60_s1_d0.0,2025-07-01,lead_week,8,0.8448716134010033,1222207,189599
q60_s1_d0.0,2025-07-01,lead_week,9,0.8868390915263856,986710,111657
q60_s1_d0.5,2025-07-01,route,1,0.8385083460796702,902220,145701
q60_s1_d0.5,2025-07-01,route,5,,0,0
q60_s1_d0.5,2025-07-01,route,7,0.37317054525743254,863372,541187
q60_s1_d0.5,2025-07-01,route,11,0.8529009938012824,1644695,241933
q60_s1_d0.5,2025-07-01,route,12,0.8503977962841353,1720730,257425
q60_s1_d0.5,2025-07-01,route,17,0.8845599790712687,2656635,306682
q60_s1_d0.5,2025-07-01,route,25,0.7300467508743255,332828,89848
q60_s1_d0.5,2025-07-01,route,26,0.8099768318319266,792035,150505
q60_s1_d0.5,2025-07-01,route,28,0.7735626731142975,457429,103579
q60_s1_d0.5,2025-07-01,route,50,0.7724977003457922,1214313,276259
q60_s1_d0.5,2025-07-01,month,7,0.7867381477736461,5407676,1153251
q60_s1_d0.5,2025-07-01,month,8,0.8145749095783491,5176581,959868
q60_s1_d0.5,2025-07-01,lead_week,1,0.8915870652540698,1300961,141041
q60_s1_d0.5,2025-07-01,lead_week,2,0.7780118773759379,1188478,263828
q60_s1_d0.5,2025-07-01,lead_week,3,0.7269547865084458,1154589,315255
q60_s1_d0.5,2025-07-01,lead_week,4,0.754810025952394,1188715,291461
q60_s1_d0.5,2025-07-01,lead_week,5,0.7371239906286002,1163967,305979
q60_s1_d0.5,2025-07-01,lead_week,6,0.7612993870943657,1178648,281344
q60_s1_d0.5,2025-07-01,lead_week,7,0.8251440438273241,1199982,209824
q60_s1_d0.5,2025-07-01,lead_week,8,0.8411079301624029,1222207,194199
q60_s1_d0.5,2025-07-01,lead_week,9,0.8883278774918669,986710,110188
q60_s1_d1.0,2025-07-01,route,1,0.8300237192702445,902220,153356
q60_s1_d1.0,2025-07-01,route,5,,0,0
q60_s1_d1.0,2025-07-01,route,7,0.3580183281366549,863372,554269
q60_s1_d1.0,2025-07-01,route,11,0.8455975120007053,1644695,253945
q60_s1_d1.0,2025-07-01,route,12,0.8433658970320737,1720730,269525
q60_s1_d1.0,2025-07-01,route,17,0.8768479674475417,2656635,327170
q60_s1_d1.0,2025-07-01,route,25,0.7292625620440588,332828,90109
q60_s1_d1.0,2025-07-01,route,26,0.7972791606431534,792035,160562
q60_s1_d1.0,2025-07-01,route,28,0.7638190844918009,457429,108036
q60_s1_d1.0,2025-07-01,route,50,0.771011263158675,1214313,278064
q60_s1_d1.0,2025-07-01,month,7,0.7802952691692328,5407676,1188092
q60_s1_d1.0,2025-07-01,month,8,0.8054808762772185,5176581,1006944
q60_s1_d1.0,2025-07-01,lead_week,1,0.8869827765782372,1300961,147031
q60_s1_d1.0,2025-07-01,lead_week,2,0.7690979555364088,1188478,274422
q60_s1_d1.0,2025-07-01,lead_week,3,0.7197349013371858,1154589,323591
q60_s1_d1.0,2025-07-01,lead_week,4,0.7466751912779767,1188715,301131
q60_s1_d1.0,2025-07-01,lead_week,5,0.7288780523846466,1163967,315577
q60_s1_d1.0,2025-07-01,lead_week,6,0.7531425837060768,1178648,290958
q60_s1_d1.0,2025-07-01,lead_week,7,0.8158639046252361,1199982,220960
q60_s1_d1.0,2025-07-01,lead_week,8,0.8326118243472669,1222207,204583
q60_s1_d1.0,2025-07-01,lead_week,9,0.8816440494167486,986710,116783
level_w28_c0.25,2025-07-01,route,1,0.8829409678348962,902220,105613
level_w28_c0.25,2025-07-01,route,5,,0,0
level_w28_c0.25,2025-07-01,route,7,0.4604504199811901,863372,465832
level_w28_c0.25,2025-07-01,route,11,0.8716880637443416,1644695,211034
level_w28_c0.25,2025-07-01,route,12,0.8787566904743916,1720730,208627
level_w28_c0.25,2025-07-01,route,17,0.9035701178370382,2656635,256179
level_w28_c0.25,2025-07-01,route,25,0.7848528369007415,332828,71607
level_w28_c0.25,2025-07-01,route,26,0.8581022303307303,792035,112388
level_w28_c0.25,2025-07-01,route,28,0.8091878739651399,457429,87283
level_w28_c0.25,2025-07-01,route,50,0.7673268753608007,1214313,282538
level_w28_c0.25,2025-07-01,month,7,0.8155686472340429,5407676,997345
level_w28_c0.25,2025-07-01,month,8,0.8447322663356374,5176581,803756
level_w28_c0.25,2025-07-01,lead_week,1,0.900725694313665,1300961,129152
level_w28_c0.25,2025-07-01,lead_week,2,0.8128623331689775,1188478,222409
level_w28_c0.25,2025-07-01,lead_week,3,0.7624574632185133,1154589,274264
level_w28_c0.25,2025-07-01,lead_week,4,0.790557030070286,1188715,248968
level_w28_c0.25,2025-07-01,lead_week,5,0.7724162282951321,1163967,264900
level_w28_c0.25,2025-07-01,lead_week,6,0.7982357752272095,1178648,237809
level_w28_c0.25,2025-07-01,lead_week,7,0.8618587612147516,1199982,165767
level_w28_c0.25,2025-07-01,lead_week,8,0.8750064432620661,1222207,152768
level_w28_c0.25,2025-07-01,lead_week,9,0.8935208926634979,986710,105064
level_w56_c0.25,2025-07-01,route,1,0.8807740905765777,902220,107568
level_w56_c0.25,2025-07-01,route,5,,0,0
level_w56_c0.25,2025-07-01,route,7,0.4521434561232006,863372,473004
level_w56_c0.25,2025-07-01,route,11,0.8727253381326021,1644695,209328
level_w56_c0.25,2025-07-01,route,12,0.8779616790548197,1720730,209995
level_w56_c0.25,2025-07-01,route,17,0.9040105245922003,2656635,255009
level_w56_c0.25,2025-07-01,route,25,0.7814456716382036,332828,72741
level_w56_c0.25,2025-07-01,route,26,0.8551225640281048,792035,114748
level_w56_c0.25,2025-07-01,route,28,0.8067022423152008,457429,88420
level_w56_c0.25,2025-07-01,route,50,0.7673285223826147,1214313,282536
level_w56_c0.25,2025-07-01,month,7,0.8141451152029079,5407676,1005043
level_w56_c0.25,2025-07-01,month,8,0.8438533078106959,5176581,808306
level_w56_c0.25,2025-07-01,lead_week,1,0.9006887985112544,1300961,129200
level_w56_c0.25,2025-07-01,lead_week,2,0.8107520711363609,1188478,224917
level_w56_c0.25,2025-07-01,lead_week,3,0.7597863828600481,1154589,277348
level_w56_c0.25,2025-07-01,lead_week,4,0.7891992613872963,1188715,250582
level_w56_c0.25,2025-07-01,lead_week,5,0.7715072678177303,1163967,265958
level_w56_c0.25,2025-07-01,lead_week,6,0.7970785170805872,1178648,239173
level_w56_c0.25,2025-07-01,lead_week,7,0.8603687388644163,1199982,167555
level_w56_c0.25,2025-07-01,lead_week,8,0.8745122552889977,1222207,153372
level_w56_c0.25,2025-07-01,lead_week,9,0.8933384682429488,986710,105244
level_w84_c0.25,2025-07-01,route,1,0.8807740905765777,902220,107568
level_w84_c0.25,2025-07-01,route,5,,0,0
level_w84_c0.25,2025-07-01,route,7,0.4521434561232006,863372,473004
level_w84_c0.25,2025-07-01,route,11,0.8727253381326021,1644695,209328
level_w84_c0.25,2025-07-01,route,12,0.8779616790548197,1720730,209995
level_w84_c0.25,2025-07-01,route,17,0.9040105245922003,2656635,255009
level_w84_c0.25,2025-07-01,route,25,0.7814456716382036,332828,72741
level_w84_c0.25,2025-07-01,route,26,0.8551225640281048,792035,114748
level_w84_c0.25,2025-07-01,route,28,0.8067022423152008,457429,88420
level_w84_c0.25,2025-07-01,route,50,0.7673285223826147,1214313,282536
level_w84_c0.25,2025-07-01,month,7,0.8141451152029079,5407676,1005043
level_w84_c0.25,2025-07-01,month,8,0.8438533078106959,5176581,808306
level_w84_c0.25,2025-07-01,lead_week,1,0.9006887985112544,1300961,129200
level_w84_c0.25,2025-07-01,lead_week,2,0.8107520711363609,1188478,224917
level_w84_c0.25,2025-07-01,lead_week,3,0.7597863828600481,1154589,277348
level_w84_c0.25,2025-07-01,lead_week,4,0.7891992613872963,1188715,250582
level_w84_c0.25,2025-07-01,lead_week,5,0.7715072678177303,1163967,265958
level_w84_c0.25,2025-07-01,lead_week,6,0.7970785170805872,1178648,239173
level_w84_c0.25,2025-07-01,lead_week,7,0.8603687388644163,1199982,167555
level_w84_c0.25,2025-07-01,lead_week,8,0.8745122552889977,1222207,153372
level_w84_c0.25,2025-07-01,lead_week,9,0.8933384682429488,986710,105244
level_w28_c0.5,2025-07-01,route,1,0.8906796568464455,902220,98631
level_w28_c0.5,2025-07-01,route,5,,0,0
level_w28_c0.5,2025-07-01,route,7,0.4819266781873862,863372,447290
level_w28_c0.5,2025-07-01,route,11,0.8750157324002322,1644695,205561
level_w28_c0.5,2025-07-01,route,12,0.8813445456288901,1720730,204174
level_w28_c0.5,2025-07-01,route,17,0.9065295006653153,2656635,248317
level_w28_c0.5,2025-07-01,route,25,0.8035111228622591,332828,65397
level_w28_c0.5,2025-07-01,route,26,0.8715448180951599,792035,101741
level_w28_c0.5,2025-07-01,route,28,0.8193337108053927,457429,82642
level_w28_c0.5,2025-07-01,route,50,0.7668220631748157,1214313,283151
level_w28_c0.5,2025-07-01,month,7,0.8220011701884506,5407676,962560
level_w28_c0.5,2025-07-01,month,8,0.8504140087830172,5176581,774344
level_w28_c0.5,2025-07-01,lead_week,1,0.9015289466786476,1300961,128107
level_w28_c0.5,2025-07-01,lead_week,2,0.8208178864059748,1188478,212954
level_w28_c0.5,2025-07-01,lead_week,3,0.7704906248024188,1154589,264989
level_w28_c0.5,2025-07-01,lead_week,4,0.7989147945470529,1188715,239033
level_w28_c0.5,2025-07-01,lead_week,5,0.7804155959748,1163967,255589
level_w28_c0.5,2025-07-01,lead_week,6,0.8066445622441984,1178648,227898
level_w28_c0.5,2025-07-01,lead_week,7,0.8689213671538406,1199982,157292
level_w28_c0.5,2025-07-01,lead_week,8,0.8809440626669623,1222207,145511
level_w28_c0.5,2025-07-01,lead_week,9,0.8930476026390732,986710,105531
level_w56_c0.5,2025-07-01,route,1,0.888869677018909,902220,100264
level_w56_c0.5,2025-07-01,route,5,,0,0
level_w56_c0.5,2025-07-01,route,7,0.47408069754404825,863372,454064
level_w56_c0.5,2025-07-01,route,11,0.8762566919702437,1644695,203520
level_w56_c0.5,2025-07-01,route,12,0.8806930779378519,1720730,205295
level_w56_c0.5,2025-07-01,route,17,0.9071961334545393,2656635,246546
level_w56_c0.5,2025-07-01,route,25,0.8011675700361749,332828,66177
level_w56_c0.5,2025-07-01,route,26,0.8696623255285436,792035,103232
level_w56_c0.5,2025-07-01,route,28,0.8175454551416723,457429,83460
level_w56_c0.5,2025-07-01,route,50,0.7668739443619561,1214313,283088
level_w56_c0.5,2025-07-01,month,7,0.8208838695217686,5407676,968602
level_w56_c0.5,2025-07-01,month,8,0.849892428998986,5176581,777044
level_w56_c0.5,2025-07-01,lead_week,1,0.9018763821513481,1300961,127655
level_w56_c0.5,2025-07-01,lead_week,2,0.8190021186761556,1188478,215112
level_w56_c0.5,2025-07-01,lead_week,3,0.7681053604356183,1154589,267743
level_w56_c0.5,2025-07-01,lead_week,4,0.7978615563865182,1188715,240285
level_w56_c0.5,2025-07-01,lead_week,5,0.779961974866985,1163967,256117
level_w56_c0.5,2025-07-01,lead_week,6,0.8058317665664388,1178648,228856
level_w56_c0.5,2025-07-01,lead_week,7,0.8677196824619036,1199982,158734
level_w56_c0.5,2025-07-01,lead_week,8,0.8808736981542407,1222207,145597
level_w56_c0.5,2025-07-01,lead_week,9,0.8930313871350245,986710,105547
level_w84_c0.5,2025-07-01,route,1,0.888869677018909,902220,100264
level_w84_c0.5,2025-07-01,route,5,,0,0
level_w84_c0.5,2025-07-01,route,7,0.47408069754404825,863372,454064
level_w84_c0.5,2025-07-01,route,11,0.8762566919702437,1644695,203520
level_w84_c0.5,2025-07-01,route,12,0.8806930779378519,1720730,205295
level_w84_c0.5,2025-07-01,route,17,0.9071961334545393,2656635,246546
level_w84_c0.5,2025-07-01,route,25,0.8011675700361749,332828,66177
level_w84_c0.5,2025-07-01,route,26,0.8696623255285436,792035,103232
level_w84_c0.5,2025-07-01,route,28,0.8175454551416723,457429,83460
level_w84_c0.5,2025-07-01,route,50,0.7668739443619561,1214313,283088
level_w84_c0.5,2025-07-01,month,7,0.8208838695217686,5407676,968602
level_w84_c0.5,2025-07-01,month,8,0.849892428998986,5176581,777044
level_w84_c0.5,2025-07-01,lead_week,1,0.9018763821513481,1300961,127655
level_w84_c0.5,2025-07-01,lead_week,2,0.8190021186761556,1188478,215112
level_w84_c0.5,2025-07-01,lead_week,3,0.7681053604356183,1154589,267743
level_w84_c0.5,2025-07-01,lead_week,4,0.7978615563865182,1188715,240285
level_w84_c0.5,2025-07-01,lead_week,5,0.779961974866985,1163967,256117
level_w84_c0.5,2025-07-01,lead_week,6,0.8058317665664388,1178648,228856
level_w84_c0.5,2025-07-01,lead_week,7,0.8677196824619036,1199982,158734
level_w84_c0.5,2025-07-01,lead_week,8,0.8808736981542407,1222207,145597
level_w84_c0.5,2025-07-01,lead_week,9,0.8930313871350245,986710,105547
level_w28_c1.0,2025-07-01,route,1,0.8988749972290572,902220,91237
level_w28_c1.0,2025-07-01,route,5,,0,0
level_w28_c1.0,2025-07-01,route,7,0.5224769855867459,863372,412280
level_w28_c1.0,2025-07-01,route,11,0.8802866184915744,1644695,196892
level_w28_c1.0,2025-07-01,route,12,0.8855997163994351,1720730,196852
level_w28_c1.0,2025-07-01,route,17,0.908768799628101,2656635,242368
level_w28_c1.0,2025-07-01,route,25,0.8198468878820292,332828,59960
level_w28_c1.0,2025-07-01,route,26,0.8883067036178957,792035,88465
level_w28_c1.0,2025-07-01,route,28,0.834962365744192,457429,75493
level_w28_c1.0,2025-07-01,route,50,0.7653043325732327,1214313,284994
level_w28_c1.0,2025-07-01,month,7,0.8311624069193495,5407676,913019
level_w28_c1.0,2025-07-01,month,8,0.8579135533665947,5176581,735522
level_w28_c1.0,2025-07-01,lead_week,1,0.899288295344749,1300961,131022
level_w28_c1.0,2025-07-01,lead_week,2,0.8328155843019391,1188478,198695
level_w28_c1.0,2025-07-01,lead_week,3,0.7830604656722002,1154589,250476
level_w28_c1.0,2025-07-01,lead_week,4,0.8116588080406153,1188715,223884
level_w28_c1.0,2025-07-01,lead_week,5,0.7934821176201731,1163967,240380
level_w28_c1.0,2025-07-01,lead_week,6,0.8197417719285147,1178648,212461
level_w28_c1.0,2025-07-01,lead_week,7,0.8794973591270536,1199982,144601
level_w28_c1.0,2025-07-01,lead_week,8,0.8881531524528987,1222207,136700
level_w28_c1.0,2025-07-01,lead_week,9,0.8881920726454582,986710,110322
level_w56_c1.0,2025-07-01,route,1,0.8982410055197181,902220,91809
level_w56_c1.0,2025-07-01,route,5,,0,0
level_w56_c1.0,2025-07-01,route,7,0.5154892676621433,863372,418313
level_w56_c1.0,2025-07-01,route,11,0.8817221430113182,1644695,194531
level_w56_c1.0,2025-07-01,route,12,0.8853480790129771,1720730,197285
level_w56_c1.0,2025-07-01,route,17,0.9099936573898936,2656635,239114
level_w56_c1.0,2025-07-01,route,25,0.8202615164589517,332828,59822
level_w56_c1.0,2025-07-01,route,26,0.8892889834413883,792035,87687
level_w56_c1.0,2025-07-01,route,28,0.8346191430801283,457429,75650
level_w56_c1.0,2025-07-01,route,50,0.7655876203252374,1214313,284650
level_w56_c1.0,2025-07-01,month,7,0.8308977830772406,5407676,914450
level_w56_c1.0,2025-07-01,month,8,0.8581281737888387,5176581,734411
level_w56_c1.0,2025-07-01,lead_week,1,0.9004120799931743,1300961,129560
level_w56_c1.0,2025-07-01,lead_week,2,0.8321878907308339,1188478,199441
level_w56_c1.0,2025-07-01,lead_week,3,0.7814668249914039,1154589,252316
level_w56_c1.0,2025-07-01,lead_week,4,0.8115746835868984,1188715,223984
level_w56_c1.0,2025-07-01,lead_week,5,0.7939288656808998,1163967,239860
level_w56_c1.0,2025-07-01,lead_week,6,0.8196212949073854,1178648,212603
level_w56_c1.0,2025-07-01,lead_week,7,0.8790123518519445,1199982,145183
level_w56_c1.0,2025-07-01,lead_week,8,0.8888715250362663,1222207,135822
level_w56_c1.0,2025-07-01,lead_week,9,0.8884251705161598,986710,110092
level_w84_c1.0,2025-07-01,route,1,0.8982410055197181,902220,91809
level_w84_c1.0,2025-07-01,route,5,,0,0
level_w84_c1.0,2025-07-01,route,7,0.5154892676621433,863372,418313
level_w84_c1.0,2025-07-01,route,11,0.8817221430113182,1644695,194531
level_w84_c1.0,2025-07-01,route,12,0.8853480790129771,1720730,197285
level_w84_c1.0,2025-07-01,route,17,0.9099936573898936,2656635,239114
level_w84_c1.0,2025-07-01,route,25,0.8202615164589517,332828,59822
level_w84_c1.0,2025-07-01,route,26,0.8892889834413883,792035,87687
level_w84_c1.0,2025-07-01,route,28,0.8346191430801283,457429,75650
level_w84_c1.0,2025-07-01,route,50,0.7655876203252374,1214313,284650
level_w84_c1.0,2025-07-01,month,7,0.8308977830772406,5407676,914450
level_w84_c1.0,2025-07-01,month,8,0.8581281737888387,5176581,734411
level_w84_c1.0,2025-07-01,lead_week,1,0.9004120799931743,1300961,129560
level_w84_c1.0,2025-07-01,lead_week,2,0.8321878907308339,1188478,199441
level_w84_c1.0,2025-07-01,lead_week,3,0.7814668249914039,1154589,252316
level_w84_c1.0,2025-07-01,lead_week,4,0.8115746835868984,1188715,223984
level_w84_c1.0,2025-07-01,lead_week,5,0.7939288656808998,1163967,239860
level_w84_c1.0,2025-07-01,lead_week,6,0.8196212949073854,1178648,212603
level_w84_c1.0,2025-07-01,lead_week,7,0.8790123518519445,1199982,145183
level_w84_c1.0,2025-07-01,lead_week,8,0.8888715250362663,1222207,135822
level_w84_c1.0,2025-07-01,lead_week,9,0.8884251705161598,986710,110092
blend_h14_b0.25,2025-07-01,route,1,0.8791215002992618,902220,109059
blend_h14_b0.25,2025-07-01,route,5,,0,0
blend_h14_b0.25,2025-07-01,route,7,0.438739037170536,863372,484577
blend_h14_b0.25,2025-07-01,route,11,0.873534606720395,1644695,207997
blend_h14_b0.25,2025-07-01,route,12,0.8820215838626629,1720730,203009
blend_h14_b0.25,2025-07-01,route,17,0.9030728722613381,2656635,257500
blend_h14_b0.25,2025-07-01,route,25,0.7733333733940654,332828,75441
blend_h14_b0.25,2025-07-01,route,26,0.8484574545316811,792035,120027
blend_h14_b0.25,2025-07-01,route,28,0.799413679499988,457429,91754
blend_h14_b0.25,2025-07-01,route,50,0.7703203375077101,1214313,278903
blend_h14_b0.25,2025-07-01,month,7,0.812775765411981,5407676,1012448
blend_h14_b0.25,2025-07-01,month,8,0.8424019637672047,5176581,815819
blend_h14_b0.25,2025-07-01,lead_week,1,0.902311445154774,1300961,127089
blend_h14_b0.25,2025-07-01,lead_week,2,0.8085635577604298,1188478,227518
blend_h14_b0.25,2025-07-01,lead_week,3,0.7575215076533728,1154589,279963
blend_h14_b0.25,2025-07-01,lead_week,4,0.7869253774033305,1188715,253285
blend_h14_b0.25,2025-07-01,lead_week,5,0.7693173431892828,1163967,268507
blend_h14_b0.25,2025-07-01,lead_week,6,0.7940759242793438,1178648,242712
blend_h14_b0.25,2025-07-01,lead_week,7,0.8581945395847604,1199982,170164
blend_h14_b0.25,2025-07-01,lead_week,8,0.8722384996976781,1222207,156151
blend_h14_b0.25,2025-07-01,lead_week,9,0.8957363359041663,986710,102878
blend_h28_b0.25,2025-07-01,route,1,0.8753197667974552,902220,112489
blend_h28_b0.25,2025-07-01,route,5,,0,0
blend_h28_b0.25,2025-07-01,route,7,0.43453806702093656,863372,488204
blend_h28_b0.25,2025-07-01,route,11,0.8714022964744224,1644695,211504
blend_h28_b0.25,2025-07-01,route,12,0.8786974133071429,1720730,208729
blend_h28_b0.25,2025-07-01,route,17,0.9015988270876504,2656635,261416
blend_h28_b0.25,2025-07-01,route,25,0.7657438677034384,332828,77967
blend_h28_b0.25,2025-07-01,route,26,0.8438414969035459,792035,123683
blend_h28_b0.25,2025-07-01,route,28,0.7978768289723651,457429,92457
blend_h28_b0.25,2025-07-01,route,50,0.7690331899600844,1214313,280466
blend_h28_b0.25,2025-07-01,month,7,0.809834760810374,5407676,1028352
blend_h28_b0.25,2025-07-01,month,8,0.8399401071865774,5176581,828563
blend_h28_b0.25,2025-07-01,lead_week,1,0.900411311330624,1300961,129561
blend_h28_b0.25,2025-07-01,lead_week,2,0.8053712395181063,1188478,231312
blend_h28_b0.25,2025-07-01,lead_week,3,0.7542943852747601,1154589,283689
blend_h28_b0.25,2025-07-01,lead_week,4,0.783583954101698,1188715,257257
blend_h28_b0.25,2025-07-01,lead_week,5,0.7660870110578737,1163967,272267
blend_h28_b0.25,2025-07-01,lead_week,6,0.7911658103182629,1178648,246142
blend_h28_b0.25,2025-07-01,lead_week,7,0.8554911657008188,1199982,173408
blend_h28_b0.25,2025-07-01,lead_week,8,0.8699622895303333,1222207,158933
blend_h28_b0.25,2025-07-01,lead_week,9,0.8942485634076882,986710,104346
blend_h56_b0.25,2025-07-01,route,1,0.8729223470993771,902220,114652
blend_h56_b0.25,2025-07-01,route,5,,0,0
blend_h56_b0.25,2025-07-01,route,7,0.4320895280365822,863372,490318
blend_h56_b0.25,2025-07-01,route,11,0.8701090475741703,1644695,213631
blend_h56_b0.25,2025-07-01,route,12,0.8769045695722164,1720730,211814
blend_h56_b0.25,2025-07-01,route,17,0.9007319409704382,2656635,263719
blend_h56_b0.25,2025-07-01,route,25,0.7613992813104666,332828,79413
blend_h56_b0.25,2025-07-01,route,26,0.8410486910300681,792035,125895
blend_h56_b0.25,2025-07-01,route,28,0.7963203032601781,457429,93169
blend_h56_b0.25,2025-07-01,route,50,0.7683241470691659,1214313,281327
blend_h56_b0.25,2025-07-01,month,7,0.808111284773718,5407676,1037672
blend_h56_b0.25,2025-07-01,month,8,0.8384520593805062,5176581,836266
blend_h56_b0.25,2025-07-01,lead_week,1,0.8992721534311943,1300961,131043
blend_h56_b0.25,2025-07-01,lead_week,2,0.8035201324719515,1188478,233512
blend_h56_b0.25,2025-07-01,lead_week,3,0.7523976064209862,1154589,285879
blend_h56_b0.25,2025-07-01,lead_week,4,0.7816171243737986,1188715,259595
blend_h56_b0.25,2025-07-01,lead_week,5,0.7641367839466239,1163967,274537
blend_h56_b0.25,2025-07-01,lead_week,6,0.7894502854117599,1178648,248164
blend_h56_b0.25,2025-07-01,lead_week,7,0.8538894750087918,1199982,175330
blend_h56_b0.25,2025-07-01,lead_week,8,0.8685304535156484,1222207,160683
blend_h56_b0.25,2025-07-01,lead_week,9,0.8933881282240983,986710,105195
blend_h14_b0.5,2025-07-01,route,1,0.8763937842211434,902220,111520
blend_h14_b0.5,2025-07-01,route,5,,0,0
blend_h14_b0.5,2025-07-01,route,7,0.4357484375217172,863372,487159
blend_h14_b0.5,2025-07-01,route,11,0.8720419287466673,1644695,210452
blend_h14_b0.5,2025-07-01,route,12,0.8796987325146886,1720730,207006
blend_h14_b0.5,2025-07-01,route,17,0.9020900500068696,2656635,260111
blend_h14_b0.5,2025-07-01,route,25,0.7680453567608494,332828,77201
blend_h14_b0.5,2025-07-01,route,26,0.8451671958941208,792035,122633
blend_h14_b0.5,2025-07-01,route,28,0.7978593399194192,457429,92465
blend_h14_b0.5,2025-07-01,route,50,0.7695174143733947,1214313,279878
blend_h14_b0.5,2025-07-01,month,7,0.8107164704394272,5407676,1023584
blend_h14_b0.5,2025-07-01,month,8,0.8406591145777493,5176581,824841
blend_h14_b0.5,2025-07-01,lead_week,1,0.901070823798715,1300961,128703
blend_h14_b0.5,2025-07-01,lead_week,2,0.8062866960936592,1188478,230224
blend_h14_b0.5,2025-07-01,lead_week,3,0.7552488374651066,1154589,282587
blend_h14_b0.5,2025-07-01,lead_week,4,0.7845480203412929,1188715,256111
blend_h14_b0.5,2025-07-01,lead_week,5,0.7670372098178041,1163967,271161
blend_h14_b0.5,2025-07-01,lead_week,6,0.791973515417665,1178648,245190
blend_h14_b0.5,2025-07-01,lead_week,7,0.856257843867658,1199982,172488
blend_h14_b0.5,2025-07-01,lead_week,8,0.8705841154567107,1222207,158173
blend_h14_b0.5,2025-07-01,lead_week,9,0.8948140791113903,986710,103788
blend_h28_b0.5,2025-07-01,route,1,0.8736583095032253,902220,113988
blend_h28_b0.5,2025-07-01,route,5,,0,0
blend_h28_b0.5,2025-07-01,route,7,0.43288756179259924,863372,489629
blend_h28_b0.5,2025-07-01,route,11,0.8705267542006269,1644695,212944
blend_h28_b0.5,2025-07-01,route,12,0.877491529757719,1720730,210804
blend_h28_b0.5,2025-07-01,route,17,0.9010229105616692,2656635,262946
blend_h28_b0.5,2025-07-01,route,25,0.7627933947864963,332828,78949
blend_h28_b0.5,2025-07-01,route,26,0.841919864652446,792035,125205
blend_h28_b0.5,2025-07-01,route,28,0.7967553434522079,457429,92970
blend_h28_b0.5,2025-07-01,route,50,0.768568729808542,1214313,281030
blend_h28_b0.5,2025-07-01,month,7,0.8086710446409882,5407676,1034645
blend_h28_b0.5,2025-07-01,month,8,0.8389245720292988,5176581,833820
blend_h28_b0.5,2025-07-01,lead_week,1,0.8996572533688558,1300961,130542
blend_h28_b0.5,2025-07-01,lead_week,2,0.8041183766127771,1188478,232801
blend_h28_b0.5,2025-07-01,lead_week,3,0.7529978200034817,1154589,285186
blend_h28_b0.5,2025-07-01,lead_week,4,0.7822505815102863,1188715,258842
blend_h28_b0.5,2025-07-01,lead_week,5,0.7647665268860715,1163967,273804
blend_h28_b0.5,2025-07-01,lead_week,6,0.7899992194446519,1178648,247517
blend_h28_b0.5,2025-07-01,lead_week,7,0.8543819823964026,1199982,174739
blend_h28_b0.5,2025-07-01,lead_week,8,0.8689714590081713,1222207,160144
blend_h28_b0.5,2025-07-01,lead_week,9,0.8936972362700287,986710,104890
blend_h56_b0.5,2025-07-01,route,1,0.8720578129502782,902220,115432
blend_h56_b0.5,2025-07-01,route,5,,0,0
blend_h56_b0.5,2025-07-01,route,7,0.43122315757286545,863372,491066
blend_h56_b0.5,2025-07-01,route,11,0.869647563834024,1644695,214390
blend_h56_b0.5,2025-07-01,route,12,0.8762542641785753,1720730,212933
blend_h56_b0.5,2025-07-01,route,17,0.9004176335853439,2656635,264554
blend_h56_b0.5,2025-07-01,route,25,0.7598489309793647,332828,79929
blend_h56_b0.5,2025-07-01,route,26,0.8400007575422803,792035,126725
blend_h56_b0.5,2025-07-01,route,28,0.7956600915114695,457429,93471
blend_h56_b0.5,2025-07-01,route,50,0.7680902699715806,1214313,281611
blend_h56_b0.5,2025-07-01,month,7,0.807487356860877,5407676,1041046
blend_h56_b0.5,2025-07-01,month,8,0.8379113550043938,5176581,839065
blend_h56_b0.5,2025-07-01,lead_week,1,0.8988616876293756,1300961,131577
blend_h56_b0.5,2025-07-01,lead_week,2,0.8028268087419371,1188478,234336
blend_h56_b0.5,2025-07-01,lead_week,3,0.7517133802591225,1154589,286669
blend_h56_b0.5,2025-07-01,lead_week,4,0.7809273038533207,1188715,260415
blend_h56_b0.5,2025-07-01,lead_week,5,0.7634048044317407,1163967,275389
blend_h56_b0.5,2025-07-01,lead_week,6,0.7888054788198003,1178648,248924
blend_h56_b0.5,2025-07-01,lead_week,7,0.8533094663086613,1199982,176026
blend_h56_b0.5,2025-07-01,lead_week,8,0.8680199017024122,1222207,161307
blend_h56_b0.5,2025-07-01,lead_week,9,0.8931114511862654,986710,105468
blend_h14_b0.75,2025-07-01,route,1,0.873434417326151,902220,114190
blend_h14_b0.75,2025-07-01,route,5,,0,0
blend_h14_b0.75,2025-07-01,route,7,0.4326489624402923,863372,489835
blend_h14_b0.75,2025-07-01,route,11,0.8704081911843837,1644695,213139
blend_h14_b0.75,2025-07-01,route,12,0.8773938967763681,1720730,210972
blend_h14_b0.75,2025-07-01,route,17,0.901022157729609,2656635,262948
blend_h14_b0.75,2025-07-01,route,25,0.7624779165214465,332828,79054
blend_h14_b0.75,2025-07-01,route,26,0.8416420991496588,792035,125425
blend_h14_b0.75,2025-07-01,route,28,0.7961607156520465,457429,93242
blend_h14_b0.75,2025-07-01,route,50,0.7685884940703097,1214313,281006
blend_h14_b0.75,2025-07-01,month,7,0.8085445577730619,5407676,1035329
blend_h14_b0.75,2025-07-01,month,8,0.8387966883933623,5176581,834482
blend_h14_b0.75,2025-07-01,lead_week,1,0.8996480294182532,1300961,130554
blend_h14_b0.75,2025-07-01,lead_week,2,0.8039416800310986,1188478,233011
blend_h14_b0.75,2025-07-01,lead_week,3,0.7528557781167151,1154589,285350
blend_h14_b0.75,2025-07-01,lead_week,4,0.7820806501137784,1188715,259044
blend_h14_b0.75,2025-07-01,lead_week,5,0.7645912641853249,1163967,274008
blend_h14_b0.75,2025-07-01,lead_week,6,0.7898176554832317,1178648,247731
blend_h14_b0.75,2025-07-01,lead_week,7,0.8542419802963711,1199982,174907
blend_h14_b0.75,2025-07-01,lead_week,8,0.8688192752946104,1222207,160330
blend_h14_b0.75,2025-07-01,lead_week,9,0.8937114248360714,986710,104876
blend_h28_b0.75,2025-07-01,route,1,0.8719979605861098,902220,115486
blend_h28_b0.75,2025-07-01,route,5,,0,0
blend_h28_b0.75,2025-07-01,route,7,0.4312312653178467,863372,491059
blend_h28_b0.75,2025-07-01,route,11,0.8696062187822058,1644695,214458
blend_h28_b0.75,2025-07-01,route,12,0.8762403166098109,1720730,212957
blend_h28_b0.75,2025-07-01,route,17,0.9004217741616745,2656635,264543
blend_h28_b0.75,2025-07-01,route,25,0.7598158808754071,332828,79940
blend_h28_b0.75,2025-07-01,route,26,0.8399338413075179,792035,126778
blend_h28_b0.75,2025-07-01,route,28,0.7954567812709732,457429,93564
blend_h28_b0.75,2025-07-01,route,50,0.7681017991242785,1214313,281597
blend_h28_b0.75,2025-07-01,month,7,0.8074633169590781,5407676,1041176
blend_h28_b0.75,2025-07-01,month,8,0.8378841169490056,5176581,839206
blend_h28_b0.75,2025-07-01,lead_week,1,0.8988639936170262,1300961,131574
blend_h28_b0.75,2025-07-01,lead_week,2,0.8027855795395455,1188478,234385
blend_h28_b0.75,2025-07-01,lead_week,3,0.7516917275324813,1154589,286694
blend_h28_b0.75,2025-07-01,lead_week,4,0.7808810354037763,1188715,260470
blend_h28_b0.75,2025-07-01,lead_week,5,0.7633781713742743,1163967,275420
blend_h28_b0.75,2025-07-01,lead_week,6,0.788768996341571,1178648,248967
blend_h28_b0.75,2025-07-01,lead_week,7,0.853276965821154,1199982,176065
blend_h28_b0.75,2025-07-01,lead_week,8,0.8679896285981017,1222207,161344
blend_h28_b0.75,2025-07-01,lead_week,9,0.8931165185312807,986710,105463
blend_h56_b0.75,2025-07-01,route,1,0.8711777615215801,902220,116226
blend_h56_b0.75,2025-07-01,route,5,,0,0
blend_h56_b0.75,2025-07-01,route,7,0.4303961675847723,863372,491780
blend_h56_b0.75,2025-07-01,route,11,0.8691392629028483,1644695,215226
blend_h56_b0.75,2025-07-01,route,12,0.8755958227031551,1720730,214066
blend_h56_b0.75,2025-07-01,route,17,0.9001142422651212,2656635,265360
blend_h56_b0.75,2025-07-01,route,25,0.7583887172954198,332828,80415
blend_h56_b0.75,2025-07-01,route,26,0.8390184777187877,792035,127503
blend_h56_b0.75,2025-07-01,route,28,0.7950064381576157,457429,93770
blend_h56_b0.75,2025-07-01,route,50,0.7678580398958094,1214313,281893
blend_h56_b0.75,2025-07-01,month,7,0.8068765584328647,5407676,1044349
blend_h56_b0.75,2025-07-01,month,8,0.837365628008139,5176581,841890
blend_h56_b0.75,2025-07-01,lead_week,1,0.8984412292144038,1300961,132124
blend_h56_b0.75,2025-07-01,lead_week,2,0.8021663000913773,1188478,235121
blend_h56_b0.75,2025-07-01,lead_week,3,0.7510473423876375,1154589,287438
blend_h56_b0.75,2025-07-01,lead_week,4,0.7802433720446028,1188715,261228
blend_h56_b0.75,2025-07-01,lead_week,5,0.7627028944978681,1163967,276206
blend_h56_b0.75,2025-07-01,lead_week,6,0.7881683080953771,1178648,249675
blend_h56_b0.75,2025-07-01,lead_week,7,0.8527386244126995,1199982,176711
blend_h56_b0.75,2025-07-01,lead_week,8,0.8674872587049494,1222207,161958
blend_h56_b0.75,2025-07-01,lead_week,9,0.8927972757953198,986710,105778
baseline,2025-08-01,route,1,0.9166518852561694,997875,83171
baseline,2025-08-01,route,5,,0,0
baseline,2025-08-01,route,7,0.7921320401444,1121053,233031
baseline,2025-08-01,route,11,0.8963237959806536,1779145,184455
baseline,2025-08-01,route,12,0.9085560034309516,1838557,168125
baseline,2025-08-01,route,17,0.9261386729665193,2834352,209349
baseline,2025-08-01,route,25,0.8435904634164093,384708,60172
baseline,2025-08-01,route,26,0.910308572218777,925618,83020
baseline,2025-08-01,route,28,0.8416790339523874,507387,80330
baseline,2025-08-01,route,50,0.7447594707458353,1068976,272846
baseline,2025-08-01,month,8,0.8727760967702873,5309977,675556
baseline,2025-08-01,month,9,0.8863081018671392,6147694,698943
baseline,2025-08-01,lead_week,1,0.8404459204424093,1162001,185402
baseline,2025-08-01,lead_week,2,0.8724788248195317,1189128,151639
baseline,2025-08-01,lead_week,3,0.8890309964634907,1201750,133357
baseline,2025-08-01,lead_week,4,0.8944848044319589,1272575,134276
baseline,2025-08-01,lead_week,5,0.8925637232710071,1420321,152594
baseline,2025-08-01,lead_week,6,0.8929670406243467,1435100,153603
baseline,2025-08-01,lead_week,7,0.889994950132559,1425780,156843
baseline,2025-08-01,lead_week,8,0.8658194138379045,1393130,186931
baseline,2025-08-01,lead_week,9,0.8748765510718395,957886,119854
mean_w7,2025-08-01,route,1,0.8440736565201052,997875,155595
mean_w7,2025-08-01,route,5,,0,0
mean_w7,2025-08-01,route,7,0.49900138530470906,1121053,561646
mean_w7,2025-08-01,route,11,0.8414648609303907,1779145,282057
mean_w7,2025-08-01,route,12,0.8674862949584919,1838557,243634
mean_w7,2025-08-01,route,17,0.8486818151027113,2834352,428889
mean_w7,2025-08-01,route,25,0.7430752674755918,384708,98841
mean_w7,2025-08-01,route,26,0.7946733965847682,925618,190054
mean_w7,2025-08-01,route,28,0.7663873926608289,507387,118532
mean_w7,2025-08-01,route,50,0.5939076274864917,1068976,434103
mean_w7,2025-08-01,month,8,0.8307719600292054,5309977,898597
mean_w7,2025-08-01,month,9,0.7373398871186496,6147694,1614754
mean_w7,2025-08-01,lead_week,1,0.8918537935853755,1162001,125666
mean_w7,2025-08-01,lead_week,2,0.8439268102340538,1189128,185591
mean_w7,2025-08-01,lead_week,3,0.80994299979197,1201750,228401
mean_w7,2025-08-01,lead_week,4,0.8047926448342927,1272575,248416
mean_w7,2025-08-01,lead_week,5,0.7609385483985662,1420321,339544
mean_w7,2025-08-01,lead_week,6,0.7403435300675911,1435100,372633
mean_w7,2025-08-01,lead_week,7,0.7412440909537236,1425780,368929
mean_w7,2025-08-01,lead_week,8,0.7309404003933588,1393130,374835
mean_w7,2025-08-01,lead_week,9,0.7188224903589779,957886,269336
median_w7,2025-08-01,route,1,0.8440736565201052,997875,155595
median_w7,2025-08-01,route,5,,0,0
median_w7,2025-08-01,route,7,0.49900138530470906,1121053,561646
median_w7,2025-08-01,route,11,0.8414648609303907,1779145,282057
median_w7,2025-08-01,route,12,0.8674862949584919,1838557,243634
median_w7,2025-08-01,route,17,0.8486818151027113,2834352,428889
median_w7,2025-08-01,route,25,0.7430752674755918,384708,98841
median_w7,2025-08-01,route,26,0.7946733965847682,925618,190054
median_w7,2025-08-01,route,28,0.7663873926608289,507387,118532
median_w7,2025-08-01,route,50,0.5939076274864917,1068976,434103
median_w7,2025-08-01,month,8,0.8307719600292054,5309977,898597
median_w7,2025-08-01,month,9,0.7373398871186496,6147694,1614754
median_w7,2025-08-01,lead_week,1,0.8918537935853755,1162001,125666
median_w7,2025-08-01,lead_week,2,0.8439268102340538,1189128,185591
median_w7,2025-08-01,lead_week,3,0.80994299979197,1201750,228401
median_w7,2025-08-01,lead_week,4,0.8047926448342927,1272575,248416
median_w7,2025-08-01,lead_week,5,0.7609385483985662,1420321,339544
median_w7,2025-08-01,lead_week,6,0.7403435300675911,1435100,372633
median_w7,2025-08-01,lead_week,7,0.7412440909537236,1425780,368929
median_w7,2025-08-01,lead_week,8,0.7309404003933588,1393130,374835
median_w7,2025-08-01,lead_week,9,0.7188224903589779,957886,269336
trim10_w7,2025-08-01,route,1,0.8440736565201052,997875,155595
trim10_w7,2025-08-01,route,5,,0,0
trim10_w7,2025-08-01,route,7,0.49900138530470906,1121053,561646
trim10_w7,2025-08-01,route,11,0.8414648609303907,1779145,282057
trim10_w7,2025-08-01,route,12,0.8674862949584919,1838557,243634
trim10_w7,2025-08-01,route,17,0.8486818151027113,2834352,428889
trim10_w7,2025-08-01,route,25,0.7430752674755918,384708,98841
trim10_w7,2025-08-01,route,26,0.7946733965847682,925618,190054
trim10_w7,2025-08-01,route,28,0.7663873926608289,507387,118532
trim10_w7,2025-08-01,route,50,0.5939076274864917,1068976,434103
trim10_w7,2025-08-01,month,8,0.8307719600292054,5309977,898597
trim10_w7,2025-08-01,month,9,0.7373398871186496,6147694,1614754
trim10_w7,2025-08-01,lead_week,1,0.8918537935853755,1162001,125666
trim10_w7,2025-08-01,lead_week,2,0.8439268102340538,1189128,185591
trim10_w7,2025-08-01,lead_week,3,0.80994299979197,1201750,228401
trim10_w7,2025-08-01,lead_week,4,0.8047926448342927,1272575,248416
trim10_w7,2025-08-01,lead_week,5,0.7609385483985662,1420321,339544
trim10_w7,2025-08-01,lead_week,6,0.7403435300675911,1435100,372633
trim10_w7,2025-08-01,lead_week,7,0.7412440909537236,1425780,368929
trim10_w7,2025-08-01,lead_week,8,0.7309404003933588,1393130,374835
trim10_w7,2025-08-01,lead_week,9,0.7188224903589779,957886,269336
q40_w7,2025-08-01,route,1,0.8440736565201052,997875,155595
q40_w7,2025-08-01,route,5,,0,0
q40_w7,2025-08-01,route,7,0.49900138530470906,1121053,561646
q40_w7,2025-08-01,route,11,0.8414648609303907,1779145,282057
q40_w7,2025-08-01,route,12,0.8674862949584919,1838557,243634
q40_w7,2025-08-01,route,17,0.8486818151027113,2834352,428889
q40_w7,2025-08-01,route,25,0.7430752674755918,384708,98841
q40_w7,2025-08-01,route,26,0.7946733965847682,925618,190054
q40_w7,2025-08-01,route,28,0.7663873926608289,507387,118532
q40_w7,2025-08-01,route,50,0.5939076274864917,1068976,434103
q40_w7,2025-08-01,month,8,0.8307719600292054,5309977,898597
q40_w7,2025-08-01,month,9,0.7373398871186496,6147694,1614754
q40_w7,2025-08-01,lead_week,1,0.8918537935853755,1162001,125666
q40_w7,2025-08-01,lead_week,2,0.8439268102340538,1189128,185591
q40_w7,2025-08-01,lead_week,3,0.80994299979197,1201750,228401
q40_w7,2025-08-01,lead_week,4,0.8047926448342927,1272575,248416
q40_w7,2025-08-01,lead_week,5,0.7609385483985662,1420321,339544
q40_w7,2025-08-01,lead_week,6,0.7403435300675911,1435100,372633
q40_w7,2025-08-01,lead_week,7,0.7412440909537236,1425780,368929
q40_w7,2025-08-01,lead_week,8,0.7309404003933588,1393130,374835
q40_w7,2025-08-01,lead_week,9,0.7188224903589779,957886,269336
q60_w7,2025-08-01,route,1,0.8440736565201052,997875,155595
q60_w7,2025-08-01,route,5,,0,0
q60_w7,2025-08-01,route,7,0.49900138530470906,1121053,561646
q60_w7,2025-08-01,route,11,0.8414648609303907,1779145,282057
q60_w7,2025-08-01,route,12,0.8674862949584919,1838557,243634
q60_w7,2025-08-01,route,17,0.8486818151027113,2834352,428889
q60_w7,2025-08-01,route,25,0.7430752674755918,384708,98841
q60_w7,2025-08-01,route,26,0.7946733965847682,925618,190054
q60_w7,2025-08-01,route,28,0.7663873926608289,507387,118532
q60_w7,2025-08-01,route,50,0.5939076274864917,1068976,434103
q60_w7,2025-08-01,month,8,0.8307719600292054,5309977,898597
q60_w7,2025-08-01,month,9,0.7373398871186496,6147694,1614754
q60_w7,2025-08-01,lead_week,1,0.8918537935853755,1162001,125666
q60_w7,2025-08-01,lead_week,2,0.8439268102340538,1189128,185591
q60_w7,2025-08-01,lead_week,3,0.80994299979197,1201750,228401
q60_w7,2025-08-01,lead_week,4,0.8047926448342927,1272575,248416
q60_w7,2025-08-01,lead_week,5,0.7609385483985662,1420321,339544
q60_w7,2025-08-01,lead_week,6,0.7403435300675911,1435100,372633
q60_w7,2025-08-01,lead_week,7,0.7412440909537236,1425780,368929
q60_w7,2025-08-01,lead_week,8,0.7309404003933588,1393130,374835
q60_w7,2025-08-01,lead_week,9,0.7188224903589779,957886,269336
mean_w14,2025-08-01,route,1,0.8342387573593887,997875,165409
mean_w14,2025-08-01,route,5,,0,0
mean_w14,2025-08-01,route,7,0.5079741992573055,1121053,551587
mean_w14,2025-08-01,route,11,0.847509337350244,1779145,271303
mean_w14,2025-08-01,route,12,0.8657974705162799,1838557,246739
mean_w14,2025-08-01,route,17,0.8565760357217452,2834352,406514
mean_w14,2025-08-01,route,25,0.7479153019952796,384708,96979
mean_w14,2025-08-01,route,26,0.7859981115319711,925618,198084
mean_w14,2025-08-01,route,28,0.7777495284664369,507387,112767
mean_w14,2025-08-01,route,50,0.5949796814895751,1068976,432957
mean_w14,2025-08-01,month,8,0.8384207690541786,5309977,857982
mean_w14,2025-08-01,month,9,0.7357778379990936,6147694,1624357
mean_w14,2025-08-01,lead_week,1,0.9011558509846377,1162001,114857
mean_w14,2025-08-01,lead_week,2,0.8538206147698145,1189128,173826
mean_w14,2025-08-01,lead_week,3,0.8181967963386727,1201750,218482
mean_w14,2025-08-01,lead_week,4,0.8085951712079839,1272575,243577
mean_w14,2025-08-01,lead_week,5,0.7588495840024896,1420321,342511
mean_w14,2025-08-01,lead_week,6,0.7376684551599192,1435100,376472
mean_w14,2025-08-01,lead_week,7,0.7395124072437542,1425780,371398
mean_w14,2025-08-01,lead_week,8,0.7332065205687912,1393130,371678
mean_w14,2025-08-01,lead_week,9,0.7186116093146784,957886,269538
median_w14,2025-08-01,route,1,0.8342387573593887,997875,165409
median_w14,2025-08-01,route,5,,0,0
median_w14,2025-08-01,route,7,0.5079741992573055,1121053,551587
median_w14,2025-08-01,route,11,0.847509337350244,1779145,271303
median_w14,2025-08-01,route,12,0.8657974705162799,1838557,246739
median_w14,2025-08-01,route,17,0.8565760357217452,2834352,406514
median_w14,2025-08-01,route,25,0.7479153019952796,384708,96979
median_w14,2025-08-01,route,26,0.7859981115319711,925618,198084
median_w14,2025-08-01,route,28,0.7777495284664369,507387,112767
median_w14,2025-08-01,route,50,0.5949796814895751,1068976,432957
median_w14,2025-08-01,month,8,0.8384207690541786,5309977,857982
median_w14,2025-08-01,month,9,0.7357778379990936,6147694,1624357
median_w14,2025-08-01,lead_week,1,0.9011558509846377,1162001,114857
median_w14,2025-08-01,lead_week,2,0.8538206147698145,1189128,173826
median_w14,2025-08-01,lead_week,3,0.8181967963386727,1201750,218482
median_w14,2025-08-01,lead_week,4,0.8085951712079839,1272575,243577
median_w14,2025-08-01,lead_week,5,0.7588495840024896,1420321,342511
median_w14,2025-08-01,lead_week,6,0.7376684551599192,1435100,376472
median_w14,2025-08-01,lead_week,7,0.7395124072437542,1425780,371398
median_w14,2025-08-01,lead_week,8,0.7332065205687912,1393130,371678
median_w14,2025-08-01,lead_week,9,0.7186116093146784,957886,269538
trim10_w14,2025-08-01,route,1,0.8342387573593887,997875,165409
trim10_w14,2025-08-01,route,5,,0,0
trim10_w14,2025-08-01,route,7,0.5079741992573055,1121053,551587
trim10_w14,2025-08-01,route,11,0.847509337350244,1779145,271303
trim10_w14,2025-08-01,route,12,0.8657974705162799,1838557,246739
trim10_w14,2025-08-01,route,17,0.8565760357217452,2834352,406514
trim10_w14,2025-08-01,route,25,0.7479153019952796,384708,96979
trim10_w14,2025-08-01,route,26,0.7859981115319711,925618,198084
trim10_w14,2025-08-01,route,28,0.7777495284664369,507387,112767
trim10_w14,2025-08-01,route,50,0.5949796814895751,1068976,432957
trim10_w14,2025-08-01,month,8,0.8384207690541786,5309977,857982
trim10_w14,2025-08-01,month,9,0.7357778379990936,6147694,1624357
trim10_w14,2025-08-01,lead_week,1,0.9011558509846377,1162001,114857
trim10_w14,2025-08-01,lead_week,2,0.8538206147698145,1189128,173826
trim10_w14,2025-08-01,lead_week,3,0.8181967963386727,1201750,218482
trim10_w14,2025-08-01,lead_week,4,0.8085951712079839,1272575,243577
trim10_w14,2025-08-01,lead_week,5,0.7588495840024896,1420321,342511
trim10_w14,2025-08-01,lead_week,6,0.7376684551599192,1435100,376472
trim10_w14,2025-08-01,lead_week,7,0.7395124072437542,1425780,371398
trim10_w14,2025-08-01,lead_week,8,0.7332065205687912,1393130,371678
trim10_w14,2025-08-01,lead_week,9,0.7186116093146784,957886,269538
q40_w14,2025-08-01,route,1,0.8268520606288363,997875,172780
q40_w14,2025-08-01,route,5,,0,0
q40_w14,2025-08-01,route,7,0.5013277695166954,1121053,559038
q40_w14,2025-08-01,route,11,0.8436153320836695,1779145,278231
q40_w14,2025-08-01,route,12,0.8602360438104448,1838557,256964
q40_w14,2025-08-01,route,17,0.852265350245841,2834352,418732
q40_w14,2025-08-01,route,25,0.741089345685559,384708,99605
q40_w14,2025-08-01,route,26,0.7806859849311487,925618,203001
q40_w14,2025-08-01,route,28,0.7700236702950608,507387,116687
q40_w14,2025-08-01,route,50,0.6024990271063149,1068976,424919
q40_w14,2025-08-01,month,8,0.8360166155145304,5309977,870748
q40_w14,2025-08-01,month,9,0.7301087204405424,6147694,1659209
q40_w14,2025-08-01,lead_week,1,0.900745352198492,1162001,115334
q40_w14,2025-08-01,lead_week,2,0.8522993319474439,1189128,175635
q40_w14,2025-08-01,lead_week,3,0.8156480133139172,1201750,221545
q40_w14,2025-08-01,lead_week,4,0.8047250653203151,1272575,248502
q40_w14,2025-08-01,lead_week,5,0.7533191440526472,1420321,350366
q40_w14,2025-08-01,lead_week,6,0.731595707616194,1435100,385187
q40_w14,2025-08-01,lead_week,7,0.7337127747618848,1425780,379667
q40_w14,2025-08-01,lead_week,8,0.7282026802954498,1393130,378649
q40_w14,2025-08-01,lead_week,9,0.712834303873321,957886,275072
q60_w14,2025-08-01,route,1,0.8407666290868094,997875,158895
q60_w14,2025-08-01,route,5,,0,0
q60_w14,2025-08-01,route,7,0.5143601595999476,1121053,544428
q60_w14,2025-08-01,route,11,0.85079237498911,1779145,265462
q60_w14,2025-08-01,route,12,0.8702564021675695,1838557,238541
q60_w14,2025-08-01,route,17,0.8605748333305108,2834352,395180
q60_w14,2025-08-01,route,25,0.7538366761283883,384708,94701
q60_w14,2025-08-01,route,26,0.7909558802875485,925618,193495
q60_w14,2025-08-01,route,28,0.7839459820610304,507387,109623
q60_w14,2025-08-01,route,50,0.5868850189340078,1068976,441610
q60_w14,2025-08-01,month,8,0.839913995860999,5309977,850053
q60_w14,2025-08-01,month,9,0.7410603065149306,6147694,1591882
q60_w14,2025-08-01,lead_week,1,0.9003107570475413,1162001,115839
q60_w14,2025-08-01,lead_week,2,0.8541401766672722,1189128,173446
q60_w14,2025-08-01,lead_week,3,0.8198760141460371,1201750,216464
q60_w14,2025-08-01,lead_week,4,0.8119395713415712,1272575,239321
q60_w14,2025-08-01,lead_week,5,0.7640202461274599,1420321,335167
q60_w14,2025-08-01,lead_week,6,0.7433753745383598,1435100,368282
q60_w14,2025-08-01,lead_week,7,0.744879294140751,1425780,363746
q60_w14,2025-08-01,lead_week,8,0.7377746513247149,1393130,365314
q60_w14,2025-08-01,lead_week,9,0.7240214388768601,957886,264356
mean_w28,2025-08-01,route,1,0.8373223099085557,997875,162332
mean_w28,2025-08-01,route,5,,0,0
mean_w28,2025-08-01,route,7,0.5925063311012058,1121053,456822
mean_w28,2025-08-01,route,11,0.8511279294267753,1779145,264865
mean_w28,2025-08-01,route,12,0.8712365186393459,1838557,236739
mean_w28,2025-08-01,route,17,0.8654027446132309,2834352,381496
mean_w28,2025-08-01,route,25,0.7561293240587666,384708,93819
mean_w28,2025-08-01,route,26,0.7959320151509586,925618,188889
mean_w28,2025-08-01,route,28,0.7863051280383613,507387,108426
mean_w28,2025-08-01,route,50,0.6527761147116493,1068976,371174
mean_w28,2025-08-01,month,8,0.8552276215132382,5309977,768738
mean_w28,2025-08-01,month,9,0.756685352263792,6147694,1495824
mean_w28,2025-08-01,lead_week,1,0.8961790910679078,1162001,120640
mean_w28,2025-08-01,lead_week,2,0.8663701468639204,1189128,158903
mean_w28,2025-08-01,lead_week,3,0.8454828375286041,1201750,185691
mean_w28,2025-08-01,lead_week,4,0.8339791367895801,1272575,211274
mean_w28,2025-08-01,lead_week,5,0.7828040281035062,1420321,308488
mean_w28,2025-08-01,lead_week,6,0.7580468260051565,1435100,347227
mean_w28,2025-08-01,lead_week,7,0.759500764493821,1425780,342899
mean_w28,2025-08-01,lead_week,8,0.7531522542763418,1393130,343891
mean_w28,2025-08-01,lead_week,9,0.7436552992736087,957886,245549
median_w28,2025-08-01,route,1,0.8415262432669423,997875,158137
median_w28,2025-08-01,route,5,,0,0
median_w28,2025-08-01,route,7,0.5353778991715824,1121053,520866
median_w28,2025-08-01,route,11,0.8521924857164537,1779145,262971
median_w28,2025-08-01,route,12,0.8747039118178006,1838557,230364
median_w28,2025-08-01,route,17,0.8666358306942822,2834352,378001
median_w28,2025-08-01,route,25,0.7575069923162503,384708,93289
median_w28,2025-08-01,route,26,0.8013835080994536,925618,183843
median_w28,2025-08-01,route,28,0.7876354735142997,507387,107751
median_w28,2025-08-01,route,50,0.6253798027270958,1068976,400460
median_w28,2025-08-01,month,8,0.8501833435436725,5309977,795523
median_w28,2025-08-01,month,9,0.7494737050998309,6147694,1540159
median_w28,2025-08-01,lead_week,1,0.9047135071312331,1162001,110723
median_w28,2025-08-01,lead_week,2,0.8635756621658897,1189128,162226
median_w28,2025-08-01,lead_week,3,0.8332914499687956,1201750,200342
median_w28,2025-08-01,lead_week,4,0.8246413767361452,1272575,223157
median_w28,2025-08-01,lead_week,5,0.7743742435688834,1420321,320461
median_w28,2025-08-01,lead_week,6,0.7508758971500245,1435100,357518
median_w28,2025-08-01,lead_week,7,0.7524961775308954,1425780,352886
median_w28,2025-08-01,lead_week,8,0.7455198007364712,1393130,354524
median_w28,2025-08-01,lead_week,9,0.734994560939402,957886,253845
trim10_w28,2025-08-01,route,1,0.8373223099085557,997875,162332
trim10_w28,2025-08-01,route,5,,0,0
trim10_w28,2025-08-01,route,7,0.5925063311012058,1121053,456822
trim10_w28,2025-08-01,route,11,0.8511279294267753,1779145,264865
trim10_w28,2025-08-01,route,12,0.8712365186393459,1838557,236739
trim10_w28,2025-08-01,route,17,0.8654027446132309,2834352,381496
trim10_w28,2025-08-01,route,25,0.7561293240587666,384708,93819
trim10_w28,2025-08-01,route,26,0.7959320151509586,925618,188889
trim10_w28,2025-08-01,route,28,0.7863051280383613,507387,108426
trim10_w28,2025-08-01,route,50,0.6527761147116493,1068976,371174
trim10_w28,2025-08-01,month,8,0.8552276215132382,5309977,768738
trim10_w28,2025-08-01,month,9,0.756685352263792,6147694,1495824
trim10_w28,2025-08-01,lead_week,1,0.8961790910679078,1162001,120640
trim10_w28,2025-08-01,lead_week,2,0.8663701468639204,1189128,158903
trim10_w28,2025-08-01,lead_week,3,0.8454828375286041,1201750,185691
trim10_w28,2025-08-01,lead_week,4,0.8339791367895801,1272575,211274
trim10_w28,2025-08-01,lead_week,5,0.7828040281035062,1420321,308488
trim10_w28,2025-08-01,lead_week,6,0.7580468260051565,1435100,347227
trim10_w28,2025-08-01,lead_week,7,0.759500764493821,1425780,342899
trim10_w28,2025-08-01,lead_week,8,0.7531522542763418,1393130,343891
trim10_w28,2025-08-01,lead_week,9,0.7436552992736087,957886,245549
q40_w28,2025-08-01,route,1,0.8310008768633346,997875,168640
q40_w28,2025-08-01,route,5,,0,0
q40_w28,2025-08-01,route,7,0.5217728332201956,1121053,536118
q40_w28,2025-08-01,route,11,0.8448153466974305,1779145,276096
q40_w28,2025-08-01,route,12,0.8682662544593396,1838557,242200
q40_w28,2025-08-01,route,17,0.8565058256702061,2834352,406713
q40_w28,2025-08-01,route,25,0.7463140875677137,384708,97595
q40_w28,2025-08-01,route,26,0.7952189780233314,925618,189549
q40_w28,2025-08-01,route,28,0.7750710995748807,507387,114126
q40_w28,2025-08-01,route,50,0.6402435601921839,1068976,384571
q40_w28,2025-08-01,month,8,0.8463801255636324,5309977,815718
q40_w28,2025-08-01,month,9,0.7397577042709023,6147694,1599890
q40_w28,2025-08-01,lead_week,1,0.9054828696360846,1162001,109829
q40_w28,2025-08-01,lead_week,2,0.8605869174722991,1189128,165780
q40_w28,2025-08-01,lead_week,3,0.8295069690035365,1201750,204890
q40_w28,2025-08-01,lead_week,4,0.8182323242245054,1272575,231313
q40_w28,2025-08-01,lead_week,5,0.7648524523681619,1420321,333985
q40_w28,2025-08-01,lead_week,6,0.7404362065361298,1435100,372500
q40_w28,2025-08-01,lead_week,7,0.7426110620151777,1425780,366980
q40_w28,2025-08-01,lead_week,8,0.7368773911982371,1393130,366564
q40_w28,2025-08-01,lead_week,9,0.7246363345951397,957886,263767
q60_w28,2025-08-01,route,1,0.8496875861205061,997875,149993
q60_w28,2025-08-01,route,5,,0,0
q60_w28,2025-08-01,route,7,0.5476217449130416,1121053,507140
q60_w28,2025-08-01,route,11,0.8568149307673067,1779145,254747
q60_w28,2025-08-01,route,12,0.8793086099587883,1838557,221898
q60_w28,2025-08-01,route,17,0.8744633694050703,2834352,355815
q60_w28,2025-08-01,route,25,0.7656248375391206,384708,90166
q60_w28,2025-08-01,route,26,0.8064547145798807,925618,179149
q60_w28,2025-08-01,route,28,0.7963231221927247,507387,103343
q60_w28,2025-08-01,route,50,0.6077620077532143,1068976,419293
q60_w28,2025-08-01,month,8,0.8504982224970089,5309977,793851
q60_w28,2025-08-01,month,9,0.7580079620098202,6147694,1487693
q60_w28,2025-08-01,lead_week,1,0.8996283135728799,1162001,116632
q60_w28,2025-08-01,lead_week,2,0.8615598993548214,1189128,164623
q60_w28,2025-08-01,lead_week,3,0.8340861244019139,1201750,199387
q60_w28,2025-08-01,lead_week,4,0.8285759189045833,1272575,218150
q60_w28,2025-08-01,lead_week,5,0.7826322359522953,1420321,308732
q60_w28,2025-08-01,lead_week,6,0.7604006689429308,1435100,343849
q60_w28,2025-08-01,lead_week,7,0.7610998891834645,1425780,340619
q60_w28,2025-08-01,lead_week,8,0.7527387968100608,1393130,344467
q60_w28,2025-08-01,lead_week,9,0.7441396992961584,957886,245085
mean_w56,2025-08-01,route,1,0.8573358386571465,997875,142361
mean_w56,2025-08-01,route,5,,0,0
mean_w56,2025-08-01,route,7,0.7260834233528656,1121053,307075
mean_w56,2025-08-01,route,11,0.8618656714320643,1779145,245761
mean_w56,2025-08-01,route,12,0.8787886369582232,1838557,222854
mean_w56,2025-08-01,route,17,0.8852309099222679,2834352,325296
mean_w56,2025-08-01,route,25,0.7879560601807085,384708,81575
mean_w56,2025-08-01,route,26,0.8178557461069254,925618,168596
mean_w56,2025-08-01,route,28,0.8037316683320621,507387,99584
mean_w56,2025-08-01,route,50,0.724386702788463,1068976,294624
mean_w56,2025-08-01,month,8,0.8722096159738545,5309977,678564
mean_w56,2025-08-01,month,9,0.8033145436321326,6147694,1209162
mean_w56,2025-08-01,lead_week,1,0.8514020211686565,1162001,172671
mean_w56,2025-08-01,lead_week,2,0.875399452371822,1189128,148166
mean_w56,2025-08-01,lead_week,3,0.8893713334720199,1201750,132948
mean_w56,2025-08-01,lead_week,4,0.8838693200793666,1272575,147785
mean_w56,2025-08-01,lead_week,5,0.8352041545537945,1420321,234063
mean_w56,2025-08-01,lead_week,6,0.8020207651034771,1435100,284120
mean_w56,2025-08-01,lead_week,7,0.804859094670987,1425780,278228
mean_w56,2025-08-01,lead_week,8,0.7960405705138789,1393130,284142
mean_w56,2025-08-01,lead_week,9,0.7853575477666445,957886,205603
median_w56,2025-08-01,route,1,0.8628485531754979,997875,136860
median_w56,2025-08-01,route,5,,0,0
median_w56,2025-08-01,route,7,0.7245099027432245,1121053,308839
median_w56,2025-08-01,route,11,0.8656124149521258,1779145,239095
median_w56,2025-08-01,route,12,0.8831545608866084,1838557,214827
median_w56,2025-08-01,route,17,0.8922917830953954,2834352,305283
median_w56,2025-08-01,route,25,0.7806544184160454,384708,84384
median_w56,2025-08-01,route,26,0.820056437969011,925618,166559
median_w56,2025-08-01,route,28,0.8059863575535046,507387,98440
median_w56,2025-08-01,route,50,0.7435629986080137,1068976,274125
median_w56,2025-08-01,month,8,0.8698542385400163,5309977,691071
median_w56,2025-08-01,month,9,0.814997135511299,6147694,1137341
median_w56,2025-08-01,lead_week,1,0.8427720802305678,1162001,182699
median_w56,2025-08-01,lead_week,2,0.8655989935482135,1189128,159820
median_w56,2025-08-01,lead_week,3,0.8849394632827127,1201750,138274
median_w56,2025-08-01,lead_week,4,0.8898634658075163,1272575,140157
median_w56,2025-08-01,lead_week,5,0.845387767976394,1420321,219599
median_w56,2025-08-01,lead_week,6,0.8151334401783847,1435100,265302
median_w56,2025-08-01,lead_week,7,0.816476595267152,1425780,261664
median_w56,2025-08-01,lead_week,8,0.8069928865217173,1393130,268884
median_w56,2025-08-01,lead_week,9,0.799545039806407,957886,192013
trim10_w56,2025-08-01,route,1,0.8573358386571465,997875,142361
trim10_w56,2025-08-01,route,5,,0,0
trim10_w56,2025-08-01,route,7,0.7260834233528656,1121053,307075
trim10_w56,2025-08-01,route,11,0.8618656714320643,1779145,245761
trim10_w56,2025-08-01,route,12,0.8787886369582232,1838557,222854
trim10_w56,2025-08-01,route,17,0.8852309099222679,2834352,325296
trim10_w56,2025-08-01,route,25,0.7879560601807085,384708,81575
trim10_w56,2025-08-01,route,26,0.8178557461069254,925618,168596
trim10_w56,2025-08-01,route,28,0.8037316683320621,507387,99584
trim10_w56,2025-08-01,route,50,0.724386702788463,1068976,294624
trim10_w56,2025-08-01,month,8,0.8722096159738545,5309977,678564
trim10_w56,2025-08-01,month,9,0.8033145436321326,6147694,1209162
trim10_w56,2025-08-01,lead_week,1,0.8514020211686565,1162001,172671
trim10_w56,2025-08-01,lead_week,2,0.875399452371822,1189128,148166
trim10_w56,2025-08-01,lead_week,3,0.8893713334720199,1201750,132948
trim10_w56,2025-08-01,lead_week,4,0.8838693200793666,1272575,147785
trim10_w56,2025-08-01,lead_week,5,0.8352041545537945,1420321,234063
trim10_w56,2025-08-01,lead_week,6,0.8020207651034771,1435100,284120
trim10_w56,2025-08-01,lead_week,7,0.804859094670987,1425780,278228
trim10_w56,2025-08-01,lead_week,8,0.7960405705138789,1393130,284142
trim10_w56,2025-08-01,lead_week,9,0.7853575477666445,957886,205603
q40_w56,2025-08-01,route,1,0.8497386947262934,997875,149942
q40_w56,2025-08-01,route,5,,0,0
q40_w56,2025-08-01,route,7,0.6910110405128036,1121053,346393
q40_w56,2025-08-01,route,11,0.8579598627430591,1779145,252710
q40_w56,2025-08-01,route,12,0.8745521623751671,1838557,230643
q40_w56,2025-08-01,route,17,0.8795340169463779,2834352,341443
q40_w56,2025-08-01,route,25,0.7689728313422128,384708,88878
q40_w56,2025-08-01,route,26,0.8100404270444179,925618,175830
q40_w56,2025-08-01,route,28,0.7987039478741079,507387,102135
q40_w56,2025-08-01,route,50,0.7523059451287961,1068976,264779
q40_w56,2025-08-01,month,8,0.8716743970830758,5309977,681406
q40_w56,2025-08-01,month,9,0.7931993687389125,6147694,1271347
q40_w56,2025-08-01,lead_week,1,0.8603400513424687,1162001,162285
q40_w56,2025-08-01,lead_week,2,0.8764472790145383,1189128,146920
q40_w56,2025-08-01,lead_week,3,0.8872311212814645,1201750,135520
q40_w56,2025-08-01,lead_week,4,0.8780669115769208,1272575,155169
q40_w56,2025-08-01,lead_week,5,0.8227647130472618,1420321,251731
q40_w56,2025-08-01,lead_week,6,0.791188070517734,1435100,299666
q40_w56,2025-08-01,lead_week,7,0.79399206048619,1425780,293722
q40_w56,2025-08-01,lead_week,8,0.7881647800277074,1393130,295114
q40_w56,2025-08-01,lead_week,9,0.7780257775977517,957886,212626
q60_w56,2025-08-01,route,1,0.8703875735938871,997875,129337
q60_w56,2025-08-01,route,5,,0,0
q60_w56,2025-08-01,route,7,0.7386733722669669,1121053,292961
q60_w56,2025-08-01,route,11,0.8692602345508658,1779145,232605
q60_w56,2025-08-01,route,12,0.8883983471820563,1838557,205186
q60_w56,2025-08-01,route,17,0.8991152122248753,2834352,285943
q60_w56,2025-08-01,route,25,0.7876051446811607,384708,81710
q60_w56,2025-08-01,route,26,0.8274136846949822,925618,159749
q60_w56,2025-08-01,route,28,0.8077916856364077,507387,97524
q60_w56,2025-08-01,route,50,0.7172527727470027,1068976,302250
q60_w56,2025-08-01,month,8,0.8605227480269688,5309977,740621
q60_w56,2025-08-01,month,9,0.8297501469656753,6147694,1046644
q60_w56,2025-08-01,lead_week,1,0.8230509268064313,1162001,205615
q60_w56,2025-08-01,lead_week,2,0.8493400205865138,1189128,179154
q60_w56,2025-08-01,lead_week,3,0.8728121489494487,1201750,152848
q60_w56,2025-08-01,lead_week,4,0.8907011374575172,1272575,139091
q60_w56,2025-08-01,lead_week,5,0.8602168101436225,1420321,198537
q60_w56,2025-08-01,lead_week,6,0.8318444707685876,1435100,241320
q60_w56,2025-08-01,lead_week,7,0.8319039402993449,1425780,239668
q60_w56,2025-08-01,lead_week,8,0.8190046872869007,1393130,252150
q60_w56,2025-08-01,lead_week,9,0.8132533516514491,957886,178882
mean_w84,2025-08-01,route,1,0.8763933358386572,997875,123344
mean_w84,2025-08-01,route,5,,0,0
mean_w84,2025-08-01,route,7,0.7559615825478367,1121053,273580
mean_w84,2025-08-01,route,11,0.8700060984349224,1779145,231278
mean_w84,2025-08-01,route,12,0.8890678940060058,1838557,203955
mean_w84,2025-08-01,route,17,0.9009766606264853,2834352,280667
mean_w84,2025-08-01,route,25,0.8018159227258076,384708,76243
mean_w84,2025-08-01,route,26,0.8351652625597168,925618,152574
mean_w84,2025-08-01,route,28,0.8096147516589901,507387,96599
mean_w84,2025-08-01,route,50,0.7271669335887803,1068976,291652
mean_w84,2025-08-01,month,8,0.8588289553796561,5309977,749615
mean_w84,2025-08-01,month,9,0.8405455769268932,6147694,980277
mean_w84,2025-08-01,lead_week,1,0.8079984440633011,1162001,223106
mean_w84,2025-08-01,lead_week,2,0.8475294501517078,1189128,181307
mean_w84,2025-08-01,lead_week,3,0.8735785313085085,1201750,151927
mean_w84,2025-08-01,lead_week,4,0.8985930102351531,1272575,129048
mean_w84,2025-08-01,lead_week,5,0.874729726589975,1420321,177924
mean_w84,2025-08-01,lead_week,6,0.8415880426451119,1435100,227337
mean_w84,2025-08-01,lead_week,7,0.8435319614526785,1425780,223089
mean_w84,2025-08-01,lead_week,8,0.8283038912377165,1393130,239195
mean_w84,2025-08-01,lead_week,9,0.815260897434559,957886,176959
median_w84,2025-08-01,route,1,0.8765356382312414,997875,123202
median_w84,2025-08-01,route,5,,0,0
median_w84,2025-08-01,route,7,0.7475917730919055,1121053,282963
median_w84,2025-08-01,route,11,0.8708705586110183,1779145,229740
median_w84,2025-08-01,route,12,0.8893246170774145,1838557,203483
median_w84,2025-08-01,route,17,0.905014620625808,2834352,269222
median_w84,2025-08-01,route,25,0.7963598365513584,384708,78342
median_w84,2025-08-01,route,26,0.8346034757318894,925618,153094
median_w84,2025-08-01,route,28,0.8096462857739752,507387,96583
median_w84,2025-08-01,route,50,0.7406396401790125,1068976,277250
median_w84,2025-08-01,month,8,0.849146239239831,5309977,801030
median_w84,2025-08-01,month,9,0.8515135919256879,6147694,912849
median_w84,2025-08-01,lead_week,1,0.7891000093803706,1162001,245066
median_w84,2025-08-01,lead_week,2,0.8328245571544863,1189128,198793
median_w84,2025-08-01,lead_week,3,0.8634566257541085,1201750,164091
median_w84,2025-08-01,lead_week,4,0.8950898768245487,1272575,133506
median_w84,2025-08-01,lead_week,5,0.8835192889494698,1420321,165440
median_w84,2025-08-01,lead_week,6,0.8540721900912829,1435100,209421
median_w84,2025-08-01,lead_week,7,0.8539655486821249,1425780,208213
median_w84,2025-08-01,lead_week,8,0.8384694895666592,1393130,225033
median_w84,2025-08-01,lead_week,9,0.8284597540834713,957886,164316
trim10_w84,2025-08-01,route,1,0.8784236502567957,997875,121318
trim10_w84,2025-08-01,route,5,,0,0
trim10_w84,2025-08-01,route,7,0.7562407843340145,1121053,273267
trim10_w84,2025-08-01,route,11,0.8709751032096877,1779145,229554
trim10_w84,2025-08-01,route,12,0.8898358876009828,1838557,202543
trim10_w84,2025-08-01,route,17,0.9038115237627508,2834352,272632
trim10_w84,2025-08-01,route,25,0.8011608804599852,384708,76495
trim10_w84,2025-08-01,route,26,0.8366680423241553,925618,151183
trim10_w84,2025-08-01,route,28,0.8106612901000617,507387,96068
trim10_w84,2025-08-01,route,50,0.7290921405157833,1068976,289594
trim10_w84,2025-08-01,month,8,0.8565379850044548,5309977,761780
trim10_w84,2025-08-01,month,9,0.8453283458805855,6147694,950874
trim10_w84,2025-08-01,lead_week,1,0.8035328713142244,1162001,228295
trim10_w84,2025-08-01,lead_week,2,0.8432010683458804,1189128,186454
trim10_w84,2025-08-01,lead_week,3,0.8700345329727481,1201750,156186
trim10_w84,2025-08-01,lead_week,4,0.8991705793371707,1272575,128313
trim10_w84,2025-08-01,lead_week,5,0.8784591652168771,1420321,172627
trim10_w84,2025-08-01,lead_week,6,0.8471103059020277,1435100,219412
trim10_w84,2025-08-01,lead_week,7,0.8481266394534921,1425780,216538
trim10_w84,2025-08-01,lead_week,8,0.8329014521257887,1393130,232790
trim10_w84,2025-08-01,lead_week,9,0.8203972080184907,957886,172039
q40_w84,2025-08-01,route,1,0.8711291494425655,997875,128597
q40_w84,2025-08-01,route,5,,0,0
q40_w84,2025-08-01,route,7,0.7379695696813621,1121053,293750
q40_w84,2025-08-01,route,11,0.8677893032889393,1779145,235222
q40_w84,2025-08-01,route,12,0.8862455719349468,1838557,209144
q40_w84,2025-08-01,route,17,0.8975557728891824,2834352,290363
q40_w84,2025-08-01,route,25,0.787433585992493,384708,81776
q40_w84,2025-08-01,route,26,0.8273196934372495,925618,159836
q40_w84,2025-08-01,route,28,0.8090353122961369,507387,96893
q40_w84,2025-08-01,route,50,0.7517212734429959,1068976,265404
q40_w84,2025-08-01,month,8,0.8657110944171698,5309977,713071
q40_w84,2025-08-01,month,9,0.8295435654409604,6147694,1047914
q40_w84,2025-08-01,lead_week,1,0.8221206350080594,1162001,206696
q40_w84,2025-08-01,lead_week,2,0.8590067679846072,1189128,167659
q40_w84,2025-08-01,lead_week,3,0.8836588308716455,1201750,139813
q40_w84,2025-08-01,lead_week,4,0.8983509812781172,1272575,129356
q40_w84,2025-08-01,lead_week,5,0.8616129734053077,1420321,196554
q40_w84,2025-08-01,lead_week,6,0.829319908020347,1435100,244943
q40_w84,2025-08-01,lead_week,7,0.8307249365259717,1425780,241349
q40_w84,2025-08-01,lead_week,8,0.8199557830209672,1393130,250825
q40_w84,2025-08-01,lead_week,9,0.8081295686543075,957886,183790
q60_w84,2025-08-01,route,1,0.8753751722410121,997875,124360
q60_w84,2025-08-01,route,5,,0,0
q60_w84,2025-08-01,route,7,0.7229604666327105,1121053,310576
q60_w84,2025-08-01,route,11,0.8705704144406442,1779145,230274
q60_w84,2025-08-01,route,12,0.8852371724129303,1838557,210998
q60_w84,2025-08-01,route,17,0.9051222289962574,2834352,268917
q60_w84,2025-08-01,route,25,0.7962558615885295,384708,78382
q60_w84,2025-08-01,route,26,0.8361257019634449,925618,151685
q60_w84,2025-08-01,route,28,0.8017548734989268,507387,100587
q60_w84,2025-08-01,route,50,0.7186035982098756,1068976,300806
q60_w84,2025-08-01,month,8,0.8232370874676105,5309977,938607
q60_w84,2025-08-01,month,9,0.8636923047894056,6147694,837978
q60_w84,2025-08-01,lead_week,1,0.758520001273665,1162001,280600
q60_w84,2025-08-01,lead_week,2,0.8007876359819969,1189128,236889
q60_w84,2025-08-01,lead_week,3,0.831872685666736,1201750,202047
q60_w84,2025-08-01,lead_week,4,0.8752827927627056,1272575,158712
q60_w84,2025-08-01,lead_week,5,0.8900037385914874,1420321,156230
q60_w84,2025-08-01,lead_week,6,0.8692725245627482,1435100,187607
q60_w84,2025-08-01,lead_week,7,0.867820421102835,1425780,188459
q60_w84,2025-08-01,lead_week,8,0.8466754717793745,1393130,213601
q60_w84,2025-08-01,lead_week,9,0.8408578891433844,957886,152440
mean_w112,2025-08-01,route,1,0.8765286233245647,997875,123209
mean_w112,2025-08-01,route,5,,0,0
mean_w112,2025-08-01,route,7,0.7444313515953305,1121053,286506
mean_w112,2025-08-01,route,11,0.8714236332620444,1779145,228756
mean_w112,2025-08-01,route,12,0.8897379847347675,1838557,202723
mean_w112,2025-08-01,route,17,0.8882587624966836,2834352,316714
mean_w112,2025-08-01,route,25,0.80638562234214,384708,74485
mean_w112,2025-08-01,route,26,0.8375409726258565,925618,150375
mean_w112,2025-08-01,route,28,0.8051940629145011,507387,98842
mean_w112,2025-08-01,route,50,0.7278881845803835,1068976,290881
mean_w112,2025-08-01,month,8,0.8394686078677931,5309977,852418
mean_w112,2025-08-01,month,9,0.8503385171740818,6147694,920073
mean_w112,2025-08-01,lead_week,1,0.7819287590974534,1162001,253399
mean_w112,2025-08-01,lead_week,2,0.8268731372905187,1189128,205870
mean_w112,2025-08-01,lead_week,3,0.8539563137091741,1201750,175508
mean_w112,2025-08-01,lead_week,4,0.8809744022945603,1272575,151469
mean_w112,2025-08-01,lead_week,5,0.8799968457834532,1420321,170443
mean_w112,2025-08-01,lead_week,6,0.8513204654727894,1435100,213370
mean_w112,2025-08-01,lead_week,7,0.8536197730365134,1425780,208706
mean_w112,2025-08-01,lead_week,8,0.8342437532749994,1393130,230920
mean_w112,2025-08-01,lead_week,9,0.8300361420878893,957886,162806
median_w112,2025-08-01,route,1,0.8776259551547038,997875,122114
median_w112,2025-08-01,route,5,,0,0
median_w112,2025-08-01,route,7,0.7248194331579327,1121053,308492
median_w112,2025-08-01,route,11,0.8721110421016837,1779145,227533
median_w112,2025-08-01,route,12,0.8871669466869943,1838557,207450
median_w112,2025-08-01,route,17,0.9068379650798489,2834352,264054
median_w112,2025-08-01,route,25,0.8031831934870084,384708,75717
median_w112,2025-08-01,route,26,0.8371801326249058,925618,150709
median_w112,2025-08-01,route,28,0.8050423049861348,507387,98919
median_w112,2025-08-01,route,50,0.7348135037643502,1068976,283478
median_w112,2025-08-01,month,8,0.8275030193162796,5309977,915955
median_w112,2025-08-01,month,9,0.8662082075002432,6147694,822511
median_w112,2025-08-01,lead_week,1,0.7609718063925934,1162001,277751
median_w112,2025-08-01,lead_week,2,0.8081804481939707,1189128,228098
median_w112,2025-08-01,lead_week,3,0.8395905970459746,1201750,192772
median_w112,2025-08-01,lead_week,4,0.8772323831601281,1272575,156231
median_w112,2025-08-01,lead_week,5,0.8914463702219428,1420321,154181
median_w112,2025-08-01,lead_week,6,0.8706138945021253,1435100,185682
median_w112,2025-08-01,lead_week,7,0.8699084010155844,1425780,185482
median_w112,2025-08-01,lead_week,8,0.8482367043994459,1393130,211426
median_w112,2025-08-01,lead_week,9,0.8467009644153898,957886,146843
trim10_w112,2025-08-01,route,1,0.8781661029688087,997875,121575
trim10_w112,2025-08-01,route,5,,0,0
trim10_w112,2025-08-01,route,7,0.7425616808482739,1121053,288602
trim10_w112,2025-08-01,route,11,0.8721914177877577,1779145,227390
trim10_w112,2025-08-01,route,12,0.8905081539489937,1838557,201307
trim10_w112,2025-08-01,route,17,0.8976781994614642,2834352,290016
trim10_w112,2025-08-01,route,25,0.8067677303305364,384708,74338
trim10_w112,2025-08-01,route,26,0.838289661609865,925618,149682
trim10_w112,2025-08-01,route,28,0.805775473159541,507387,98547
trim10_w112,2025-08-01,route,50,0.7303475475595336,1068976,288252
trim10_w112,2025-08-01,month,8,0.839600058531327,5309977,851720
trim10_w112,2025-08-01,month,9,0.8555573846063256,6147694,887989
trim10_w112,2025-08-01,lead_week,1,0.7801344405039239,1162001,255484
trim10_w112,2025-08-01,lead_week,2,0.8243275744915601,1189128,208897
trim10_w112,2025-08-01,lead_week,3,0.852940295402538,1201750,176729
trim10_w112,2025-08-01,lead_week,4,0.883618647231008,1272575,148104
trim10_w112,2025-08-01,lead_week,5,0.885002052352954,1420321,163334
trim10_w112,2025-08-01,lead_week,6,0.8571883492439551,1435100,204949
trim10_w112,2025-08-01,lead_week,7,0.8589649174486947,1425780,201085
trim10_w112,2025-08-01,lead_week,8,0.8393624428445299,1393130,223789
trim10_w112,2025-08-01,lead_week,9,0.8357445458019013,957886,157338
q40_w112,2025-08-01,route,1,0.8754793937116372,997875,124256
q40_w112,2025-08-01,route,5,,0,0
q40_w112,2025-08-01,route,7,0.7149742251258415,1121053,319529
q40_w112,2025-08-01,route,11,0.8690545177599353,1779145,232971
q40_w112,2025-08-01,route,12,0.8893648660335252,1838557,203409
q40_w112,2025-08-01,route,17,0.9010973231271204,2834352,280325
q40_w112,2025-08-01,route,25,0.7991905549143766,384708,77253
q40_w112,2025-08-01,route,26,0.8303663066189292,925618,157016
q40_w112,2025-08-01,route,28,0.8080656382603417,507387,97385
q40_w112,2025-08-01,route,50,0.7482422430438102,1068976,269123
q40_w112,2025-08-01,month,8,0.8503927606466092,5309977,794411
q40_w112,2025-08-01,month,9,0.8427286719215368,6147694,966856
q40_w112,2025-08-01,lead_week,1,0.8003142854438163,1162001,232035
q40_w112,2025-08-01,lead_week,2,0.8370099770588195,1189128,193816
q40_w112,2025-08-01,lead_week,3,0.8658706053671729,1201750,161190
q40_w112,2025-08-01,lead_week,4,0.8881425456259946,1272575,142347
q40_w112,2025-08-01,lead_week,5,0.8729815302315462,1420321,180407
q40_w112,2025-08-01,lead_week,6,0.8426339627900494,1435100,225836
q40_w112,2025-08-01,lead_week,7,0.8440502742358569,1425780,222350
q40_w112,2025-08-01,lead_week,8,0.8293037979226634,1393130,237802
q40_w112,2025-08-01,lead_week,9,0.8272404023025705,957886,165484
q60_w112,2025-08-01,route,1,0.8709597895527997,997875,128766
q60_w112,2025-08-01,route,5,,0,0
q60_w112,2025-08-01,route,7,0.6883528254239542,1121053,349373
q60_w112,2025-08-01,route,11,0.8692203277416961,1779145,232676
q60_w112,2025-08-01,route,12,0.8784709965478361,1838557,223438
q60_w112,2025-08-01,route,17,0.9038485692673317,2834352,272527
q60_w112,2025-08-01,route,25,0.7925361572933238,384708,79813
q60_w112,2025-08-01,route,26,0.833764036568001,925618,153871
q60_w112,2025-08-01,route,28,0.789468393947815,507387,106821
q60_w112,2025-08-01,route,50,0.7122844666297465,1068976,307561
q60_w112,2025-08-01,month,8,0.7940011792894771,5309977,1093849
q60_w112,2025-08-01,month,9,0.8762142357768621,6147694,760997
q60_w112,2025-08-01,lead_week,1,0.7238702892682536,1162001,320863
q60_w112,2025-08-01,lead_week,2,0.7693503138434215,1189128,274272
q60_w112,2025-08-01,lead_week,3,0.8008970251716248,1201750,239272
q60_w112,2025-08-01,lead_week,4,0.8495593579946172,1272575,191447
q60_w112,2025-08-01,lead_week,5,0.8900438703645162,1420321,156173
q60_w112,2025-08-01,lead_week,6,0.8829308062155947,1435100,168006
q60_w112,2025-08-01,lead_week,7,0.8818878087783529,1425780,168402
q60_w112,2025-08-01,lead_week,8,0.855607157982385,1393130,201158
q60_w112,2025-08-01,lead_week,9,0.8588005253234727,957886,135253
mean_w0,2025-08-01,route,1,0.878408618313917,997875,121333
mean_w0,2025-08-01,route,5,,0,0
mean_w0,2025-08-01,route,7,0.7241646915890685,1121053,309226
mean_w0,2025-08-01,route,11,0.8705979557596486,1779145,230225
mean_w0,2025-08-01,route,12,0.8871848955458004,1838557,207417
mean_w0,2025-08-01,route,17,0.9117413786290482,2834352,250156
mean_w0,2025-08-01,route,25,0.8068327146823044,384708,74313
mean_w0,2025-08-01,route,26,0.8401046652074614,925618,148002
mean_w0,2025-08-01,route,28,0.8000342933500464,507387,101460
mean_w0,2025-08-01,route,50,0.7311838619389023,1068976,287358
mean_w0,2025-08-01,month,8,0.8180007182705311,5309977,966412
mean_w0,2025-08-01,month,9,0.8758757348690419,6147694,763078
mean_w0,2025-08-01,lead_week,1,0.7474322311254465,1162001,293484
mean_w0,2025-08-01,lead_week,2,0.7980377217591378,1189128,240159
mean_w0,2025-08-01,lead_week,3,0.8320474308300395,1201750,201837
mean_w0,2025-08-01,lead_week,4,0.8708728365715184,1272575,164324
mean_w0,2025-08-01,lead_week,5,0.8927594536727965,1420321,152316
mean_w0,2025-08-01,lead_week,6,0.8788439829977005,1435100,173871
mean_w0,2025-08-01,lead_week,7,0.8788066882688774,1425780,172795
mean_w0,2025-08-01,lead_week,8,0.8602592722861471,1393130,194677
mean_w0,2025-08-01,lead_week,9,0.8579924959755127,957886,136027
median_w0,2025-08-01,route,1,0.8721433045221094,997875,127585
median_w0,2025-08-01,route,5,,0,0
median_w0,2025-08-01,route,7,0.6928931995186669,1121053,344283
median_w0,2025-08-01,route,11,0.865790590424052,1779145,238778
median_w0,2025-08-01,route,12,0.874463505890761,1838557,230806
median_w0,2025-08-01,route,17,0.9144358216622354,2834352,242519
median_w0,2025-08-01,route,25,0.803035029164977,384708,75774
median_w0,2025-08-01,route,26,0.8352678966917237,925618,152479
median_w0,2025-08-01,route,28,0.7900537459572279,507387,106524
median_w0,2025-08-01,route,50,0.7170712906557304,1068976,302444
median_w0,2025-08-01,month,8,0.7845920989864927,5309977,1143811
median_w0,2025-08-01,month,9,0.8898154332339898,6147694,677381
median_w0,2025-08-01,lead_week,1,0.708499390275912,1162001,338724
median_w0,2025-08-01,lead_week,2,0.7588611150355555,1189128,286745
median_w0,2025-08-01,lead_week,3,0.7932323694612025,1201750,248483
median_w0,2025-08-01,lead_week,4,0.8448217197414691,1272575,197476
median_w0,2025-08-01,lead_week,5,0.8946463510713423,1420321,149636
median_w0,2025-08-01,lead_week,6,0.8965124381576197,1435100,148515
median_w0,2025-08-01,lead_week,7,0.8928916102063432,1425780,152713
median_w0,2025-08-01,lead_week,8,0.8716307882250759,1393130,178835
median_w0,2025-08-01,lead_week,9,0.8746562743374473,957886,120065
trim10_w0,2025-08-01,route,1,0.8769234623575097,997875,122815
trim10_w0,2025-08-01,route,5,,0,0
trim10_w0,2025-08-01,route,7,0.7141508920630871,1121053,320452
trim10_w0,2025-08-01,route,11,0.8704698043161181,1779145,230453
trim10_w0,2025-08-01,route,12,0.8834183547205771,1838557,214342
trim10_w0,2025-08-01,route,17,0.9170900438618774,2834352,234996
trim10_w0,2025-08-01,route,25,0.806715742849122,384708,74358
trim10_w0,2025-08-01,route,26,0.8393927084391185,925618,148661
trim10_w0,2025-08-01,route,28,0.796382248658322,507387,103313
trim10_w0,2025-08-01,route,50,0.7220068551585817,1068976,297168
trim10_w0,2025-08-01,month,8,0.803855082611469,5309977,1041525
trim10_w0,2025-08-01,month,9,0.8853174865242154,6147694,705033
trim10_w0,2025-08-01,lead_week,1,0.7298530724156003,1162001,313911
trim10_w0,2025-08-01,lead_week,2,0.7792466412362673,1189128,262504
trim10_w0,2025-08-01,lead_week,3,0.8139263573954649,1201750,223614
trim10_w0,2025-08-01,lead_week,4,0.8615649372335619,1272575,176169
trim10_w0,2025-08-01,lead_week,5,0.8976562340485003,1420321,145361
trim10_w0,2025-08-01,lead_week,6,0.8917051076580029,1435100,155414
trim10_w0,2025-08-01,lead_week,7,0.8873795396204183,1425780,160572
trim10_w0,2025-08-01,lead_week,8,0.8687530955474363,1393130,182844
trim10_w0,2025-08-01,lead_week,9,0.8682839085235613,957886,126169
q40_w0,2025-08-01,route,1,0.879642239759489,997875,120102
q40_w0,2025-08-01,route,5,,0,0
q40_w0,2025-08-01,route,7,0.7231290581266006,1121053,310387
q40_w0,2025-08-01,route,11,0.8685857532691265,1779145,233805
q40_w0,2025-08-01,route,12,0.8837316438924656,1838557,213766
q40_w0,2025-08-01,route,17,0.9153908900517649,2834352,239812
q40_w0,2025-08-01,route,25,0.7995960572694095,384708,77097
q40_w0,2025-08-01,route,26,0.8415815163490771,925618,146635
q40_w0,2025-08-01,route,28,0.8071176439285989,507387,97866
q40_w0,2025-08-01,route,50,0.7365955830626694,1068976,281573
q40_w0,2025-08-01,month,8,0.8164381879620194,5309977,974709
q40_w0,2025-08-01,month,9,0.8785993577429195,6147694,746334
q40_w0,2025-08-01,lead_week,1,0.7451886874451915,1162001,296091
q40_w0,2025-08-01,lead_week,2,0.7959378637118965,1189128,242656
q40_w0,2025-08-01,lead_week,3,0.8312078219263574,1201750,202846
q40_w0,2025-08-01,lead_week,4,0.8720271889672514,1272575,162855
q40_w0,2025-08-01,lead_week,5,0.8927545252094421,1420321,152323
q40_w0,2025-08-01,lead_week,6,0.8817838478154832,1435100,169652
q40_w0,2025-08-01,lead_week,7,0.8812158958605114,1425780,169360
q40_w0,2025-08-01,lead_week,8,0.863106817023537,1393130,190710
q40_w0,2025-08-01,lead_week,9,0.8595344331162581,957886,134550
q60_w0,2025-08-01,route,1,0.8589482650632594,997875,140752
q60_w0,2025-08-01,route,5,,0,0
q60_w0,2025-08-01,route,7,0.6568074836782918,1121053,384737
q60_w0,2025-08-01,route,11,0.860880928760725,1779145,247513
q60_w0,2025-08-01,route,12,0.8610557083625909,1838557,255457
q60_w0,2025-08-01,route,17,0.9062395919772844,2834352,265750
q60_w0,2025-08-01,route,25,0.79482100710149,384708,78934
q60_w0,2025-08-01,route,26,0.8201385452746165,925618,166483
q60_w0,2025-08-01,route,28,0.7652797568719735,507387,119094
q60_w0,2025-08-01,route,50,0.6903662944724671,1068976,330991
q60_w0,2025-08-01,month,8,0.7533921521693974,5309977,1309482
q60_w0,2025-08-01,month,9,0.8893521700982515,6147694,680229
q60_w0,2025-08-01,lead_week,1,0.6748522591632882,1162001,377822
q60_w0,2025-08-01,lead_week,2,0.7235041139389535,1189128,328789
q60_w0,2025-08-01,lead_week,3,0.7564027459954233,1201750,292743
q60_w0,2025-08-01,lead_week,4,0.8161601477319608,1272575,233950
q60_w0,2025-08-01,lead_week,5,0.8883787538169189,1420321,158538
q60_w0,2025-08-01,lead_week,6,0.8986544491673054,1435100,145441
q60_w0,2025-08-01,lead_week,7,0.8918241243389583,1425780,154235
q60_w0,2025-08-01,lead_week,8,0.8696237967741705,1393130,181631
q60_w0,2025-08-01,lead_week,9,0.878313285714584,957886,116562
exp_h7_s0_d0.0,2025-08-01,route,1,0.8431907804083678,997875,156476
exp_h7_s0_d0.0,2025-08-01,route,5,,0,0
exp_h7_s0_d0.0,2025-08-01,route,7,0.5606889237172551,1121053,492491
exp_h7_s0_d0.0,2025-08-01,route,11,0.852833242934106,1779145,261831
exp_h7_s0_d0.0,2025-08-01,route,12,0.8742415927273399,1838557,231214
exp_h7_s0_d0.0,2025-08-01,route,17,0.8607660586970143,2834352,394638
exp_h7_s0_d0.0,2025-08-01,route,25,0.7566829907358308,384708,93606
exp_h7_s0_d0.0,2025-08-01,route,26,0.7975957684487553,925618,187349
exp_h7_s0_d0.0,2025-08-01,route,28,0.7880276790694283,507387,107552
exp_h7_s0_d0.0,2025-08-01,route,50,0.6290347023693703,1068976,396553
exp_h7_s0_d0.0,2025-08-01,month,8,0.8509488835827349,5309977,791458
exp_h7_s0_d0.0,2025-08-01,month,9,0.7510852036552242,6147694,1530252
exp_h7_s0_d0.0,2025-08-01,lead_week,1,0.9037005992249576,1162001,111900
exp_h7_s0_d0.0,2025-08-01,lead_week,2,0.8648581145175288,1189128,160701
exp_h7_s0_d0.0,2025-08-01,lead_week,3,0.8352926981485334,1201750,197937
exp_h7_s0_d0.0,2025-08-01,lead_week,4,0.8265186727697778,1272575,220768
exp_h7_s0_d0.0,2025-08-01,lead_week,5,0.7758675679652698,1420321,318340
exp_h7_s0_d0.0,2025-08-01,lead_week,6,0.7525684621280747,1435100,355089
exp_h7_s0_d0.0,2025-08-01,lead_week,7,0.7549320372006901,1425780,349413
exp_h7_s0_d0.0,2025-08-01,lead_week,8,0.7469561347469367,1393130,352523
exp_h7_s0_d0.0,2025-08-01,lead_week,9,0.7337480660537893,957886,255039
exp_h7_s0_d0.5,2025-08-01,route,1,0.847576099210823,997875,152100
exp_h7_s0_d0.5,2025-08-01,route,5,,0,0
exp_h7_s0_d0.5,2025-08-01,route,7,0.5606336185711113,1121053,492553
exp_h7_s0_d0.5,2025-08-01,route,11,0.8553484960472586,1779145,257356
exp_h7_s0_d0.5,2025-08-01,route,12,0.8758569900198906,1838557,228244
exp_h7_s0_d0.5,2025-08-01,route,17,0.8616872569109271,2834352,392027
exp_h7_s0_d0.5,2025-08-01,route,25,0.76389885315616,384708,90830
exp_h7_s0_d0.5,2025-08-01,route,26,0.7998072639036838,925618,185302
exp_h7_s0_d0.5,2025-08-01,route,28,0.7921724443077967,507387,105449
exp_h7_s0_d0.5,2025-08-01,route,50,0.6290693149331696,1068976,396516
exp_h7_s0_d0.5,2025-08-01,month,8,0.8529121689227656,5309977,781033
exp_h7_s0_d0.5,2025-08-01,month,9,0.7528595274911211,6147694,1519344
exp_h7_s0_d0.5,2025-08-01,lead_week,1,0.9039596351466135,1162001,111599
exp_h7_s0_d0.5,2025-08-01,lead_week,2,0.8677535134989673,1189128,157258
exp_h7_s0_d0.5,2025-08-01,lead_week,3,0.838109423757021,1201750,194552
exp_h7_s0_d0.5,2025-08-01,lead_week,4,0.8285452723808027,1272575,218189
exp_h7_s0_d0.5,2025-08-01,lead_week,5,0.7782494238978372,1420321,314957
exp_h7_s0_d0.5,2025-08-01,lead_week,6,0.7534513274336283,1435100,353822
exp_h7_s0_d0.5,2025-08-01,lead_week,7,0.7561811780218547,1425780,347632
exp_h7_s0_d0.5,2025-08-01,lead_week,8,0.7482646989153919,1393130,350700
exp_h7_s0_d0.5,2025-08-01,lead_week,9,0.7372672739762351,957886,251668
exp_h7_s0_d1.0,2025-08-01,route,1,0.8478697231617187,997875,151807
exp_h7_s0_d1.0,2025-08-01,route,5,,0,0
exp_h7_s0_d1.0,2025-08-01,route,7,0.560002069482888,1121053,493261
exp_h7_s0_d1.0,2025-08-01,route,11,0.8550230588288195,1779145,257935
exp_h7_s0_d1.0,2025-08-01,route,12,0.8732549493978158,1838557,233028
exp_h7_s0_d1.0,2025-08-01,route,17,0.8609724550796796,2834352,394053
exp_h7_s0_d1.0,2025-08-01,route,25,0.7659159674350416,384708,90054
exp_h7_s0_d1.0,2025-08-01,route,26,0.7986653241401961,925618,186359
exp_h7_s0_d1.0,2025-08-01,route,28,0.7928543695443517,507387,105103
exp_h7_s0_d1.0,2025-08-01,route,50,0.6269429809462513,1068976,398789
exp_h7_s0_d1.0,2025-08-01,month,8,0.8504432316750148,5309977,794143
exp_h7_s0_d1.0,2025-08-01,month,9,0.7533634562813308,6147694,1516246
exp_h7_s0_d1.0,2025-08-01,lead_week,1,0.8994673842793595,1162001,116819
exp_h7_s0_d1.0,2025-08-01,lead_week,2,0.8655619916442974,1189128,159864
exp_h7_s0_d1.0,2025-08-01,lead_week,3,0.8366215935094654,1201750,196340
exp_h7_s0_d1.0,2025-08-01,lead_week,4,0.8269657976936526,1272575,220199
exp_h7_s0_d1.0,2025-08-01,lead_week,5,0.7780522853636608,1420321,315237
exp_h7_s0_d1.0,2025-08-01,lead_week,6,0.7529133858267716,1435100,354594
exp_h7_s0_d1.0,2025-08-01,lead_week,7,0.756415435761478,1425780,347298
exp_h7_s0_d1.0,2025-08-01,lead_week,8,0.7485403372262459,1393130,350316
exp_h7_s0_d1.0,2025-08-01,lead_week,9,0.7392988309673594,957886,249722
exp_h14_s0_d0.0,2025-08-01,route,1,0.8544567205311286,997875,145234
exp_h14_s0_d0.0,2025-08-01,route,5,,0,0
exp_h14_s0_d0.0,2025-08-01,route,7,0.6534740105953956,1121053,388474
exp_h14_s0_d0.0,2025-08-01,route,11,0.8612592003462337,1779145,246840
exp_h14_s0_d0.0,2025-08-01,route,12,0.8823430549066469,1838557,216319
exp_h14_s0_d0.0,2025-08-01,route,17,0.8762263826087938,2834352,350818
exp_h14_s0_d0.0,2025-08-01,route,25,0.7764694261621802,384708,85994
exp_h14_s0_d0.0,2025-08-01,route,26,0.813816282742989,925618,172335
exp_h14_s0_d0.0,2025-08-01,route,28,0.8024919834367061,507387,100213
exp_h14_s0_d0.0,2025-08-01,route,50,0.6768673945907111,1068976,345421
exp_h14_s0_d0.0,2025-08-01,month,8,0.8664626984260007,5309977,709080
exp_h14_s0_d0.0,2025-08-01,month,9,0.7816143744304775,6147694,1342568
exp_h14_s0_d0.0,2025-08-01,lead_week,1,0.8846515622619946,1162001,134035
exp_h14_s0_d0.0,2025-08-01,lead_week,2,0.8763833666350469,1189128,146996
exp_h14_s0_d0.0,2025-08-01,lead_week,3,0.8656093197420429,1201750,161504
exp_h14_s0_d0.0,2025-08-01,lead_week,4,0.8584908551558847,1272575,180081
exp_h14_s0_d0.0,2025-08-01,lead_week,5,0.808401762700122,1420321,272131
exp_h14_s0_d0.0,2025-08-01,lead_week,6,0.7826534736255313,1435100,311914
exp_h14_s0_d0.0,2025-08-01,lead_week,7,0.7847143318043457,1425780,306950
exp_h14_s0_d0.0,2025-08-01,lead_week,8,0.7760725847551916,1393130,311960
exp_h14_s0_d0.0,2025-08-01,lead_week,9,0.7639833967716408,957886,226077
exp_h14_s0_d0.5,2025-08-01,route,1,0.8576284604785168,997875,142069
exp_h14_s0_d0.5,2025-08-01,route,5,,0,0
exp_h14_s0_d0.5,2025-08-01,route,7,0.653247437899903,1121053,388728
exp_h14_s0_d0.5,2025-08-01,route,11,0.8630027344595297,1779145,243738
exp_h14_s0_d0.5,2025-08-01,route,12,0.883237234418079,1838557,214675
exp_h14_s0_d0.5,2025-08-01,route,17,0.878293168950081,2834352,344960
exp_h14_s0_d0.5,2025-08-01,route,25,0.7809195545712593,384708,84282
exp_h14_s0_d0.5,2025-08-01,route,26,0.8156636971191139,925618,170625
exp_h14_s0_d0.5,2025-08-01,route,28,0.8055074331821667,507387,98683
exp_h14_s0_d0.5,2025-08-01,route,50,0.6752948616245829,1068976,347102
exp_h14_s0_d0.5,2025-08-01,month,8,0.8670998009972548,5309977,705697
exp_h14_s0_d0.5,2025-08-01,month,9,0.7837945414979991,6147694,1329165
exp_h14_s0_d0.5,2025-08-01,lead_week,1,0.882852080161721,1162001,136126
exp_h14_s0_d0.5,2025-08-01,lead_week,2,0.8772688894719491,1189128,145943
exp_h14_s0_d0.5,2025-08-01,lead_week,3,0.866445600166424,1201750,160499
exp_h14_s0_d0.5,2025-08-01,lead_week,4,0.8600758305011492,1272575,178064
exp_h14_s0_d0.5,2025-08-01,lead_week,5,0.8110314499327969,1420321,268396
exp_h14_s0_d0.5,2025-08-01,lead_week,6,0.7845174552296007,1435100,309239
exp_h14_s0_d0.5,2025-08-01,lead_week,7,0.7867433965969505,1425780,304057
exp_h14_s0_d0.5,2025-08-01,lead_week,8,0.7776237680618463,1393130,309799
exp_h14_s0_d0.5,2025-08-01,lead_week,9,0.767468153830414,957886,222739
exp_h14_s0_d1.0,2025-08-01,route,1,0.8577156457472128,997875,141982
exp_h14_s0_d1.0,2025-08-01,route,5,,0,0
exp_h14_s0_d1.0,2025-08-01,route,7,0.6527202549745641,1121053,389319
exp_h14_s0_d1.0,2025-08-01,route,11,0.862233825798347,1779145,245106
exp_h14_s0_d1.0,2025-08-01,route,12,0.8811655009880031,1838557,218484
exp_h14_s0_d1.0,2025-08-01,route,17,0.8780183265875233,2834352,345739
exp_h14_s0_d1.0,2025-08-01,route,25,0.7827391164207659,384708,83582
exp_h14_s0_d1.0,2025-08-01,route,26,0.814684891607553,925618,171531
exp_h14_s0_d1.0,2025-08-01,route,28,0.8063056404677298,507387,98278
exp_h14_s0_d1.0,2025-08-01,route,50,0.671472512011495,1068976,351188
exp_h14_s0_d1.0,2025-08-01,month,8,0.8640512002217712,5309977,721885
exp_h14_s0_d1.0,2025-08-01,month,9,0.7847446538490692,6147694,1323324
exp_h14_s0_d1.0,2025-08-01,lead_week,1,0.8778288486842954,1162001,141963
exp_h14_s0_d1.0,2025-08-01,lead_week,2,0.8740034714513492,1189128,149826
exp_h14_s0_d1.0,2025-08-01,lead_week,3,0.8639733721655918,1201750,163470
exp_h14_s0_d1.0,2025-08-01,lead_week,4,0.858275543681119,1272575,180355
exp_h14_s0_d1.0,2025-08-01,lead_week,5,0.8111377639280135,1420321,268245
exp_h14_s0_d1.0,2025-08-01,lead_week,6,0.785185701344854,1435100,308280
exp_h14_s0_d1.0,2025-08-01,lead_week,7,0.7876979618173912,1425780,302696
exp_h14_s0_d1.0,2025-08-01,lead_week,8,0.7779317077372535,1393130,309370
exp_h14_s0_d1.0,2025-08-01,lead_week,9,0.769279434087146,957886,221004
exp_h28_s0_d0.0,2025-08-01,route,1,0.8725431542026807,997875,127186
exp_h28_s0_d0.0,2025-08-01,route,5,,0,0
exp_h28_s0_d0.0,2025-08-01,route,7,0.7365646405656111,1121053,295325
exp_h28_s0_d0.0,2025-08-01,route,11,0.8704130354749051,1779145,230554
exp_h28_s0_d0.0,2025-08-01,route,12,0.8913261867867028,1838557,199803
exp_h28_s0_d0.0,2025-08-01,route,17,0.8921697093374429,2834352,305629
exp_h28_s0_d0.0,2025-08-01,route,25,0.7974333780425673,384708,77929
exp_h28_s0_d0.0,2025-08-01,route,26,0.8336322327353185,925618,153993
exp_h28_s0_d0.0,2025-08-01,route,28,0.8129711640227282,507387,94896
exp_h28_s0_d0.0,2025-08-01,route,50,0.7106052895481283,1068976,309356
exp_h28_s0_d0.0,2025-08-01,month,8,0.8685954760256024,5309977,697755
exp_h28_s0_d0.0,2025-08-01,month,9,0.8215727718393271,6147694,1096916
exp_h28_s0_d0.0,2025-08-01,lead_week,1,0.8407815483807674,1162001,185012
exp_h28_s0_d0.0,2025-08-01,lead_week,2,0.86719596208314,1189128,157921
exp_h28_s0_d0.0,2025-08-01,lead_week,3,0.8821693363844394,1201750,141603
exp_h28_s0_d0.0,2025-08-01,lead_week,4,0.8880946113195686,1272575,142408
exp_h28_s0_d0.0,2025-08-01,lead_week,5,0.851491317807735,1420321,210930
exp_h28_s0_d0.0,2025-08-01,lead_week,6,0.8221231969897568,1435100,255271
exp_h28_s0_d0.0,2025-08-01,lead_week,7,0.8247282189398084,1425780,249899
exp_h28_s0_d0.0,2025-08-01,lead_week,8,0.8120498445945461,1393130,261839
exp_h28_s0_d0.0,2025-08-01,lead_week,9,0.8018678631904005,957886,189788
exp_h28_s0_d0.5,2025-08-01,route,1,0.8748370286859577,997875,124897
exp_h28_s0_d0.5,2025-08-01,route,5,,0,0
exp_h28_s0_d0.5,2025-08-01,route,7,0.7381800860441032,1121053,293514
exp_h28_s0_d0.5,2025-08-01,route,11,0.8716563293042444,1779145,228342
exp_h28_s0_d0.5,2025-08-01,route,12,0.892401486600633,1838557,197826
exp_h28_s0_d0.5,2025-08-01,route,17,0.8956135300061531,2834352,295868
exp_h28_s0_d0.5,2025-08-01,route,25,0.7997754140802895,384708,77028
exp_h28_s0_d0.5,2025-08-01,route,26,0.8346013150133208,925618,153096
exp_h28_s0_d0.5,2025-08-01,route,28,0.8149065703299454,507387,93914
exp_h28_s0_d0.5,2025-08-01,route,50,0.7094911391836674,1068976,310547
exp_h28_s0_d0.5,2025-08-01,month,8,0.8672299333876587,5309977,705006
exp_h28_s0_d0.5,2025-08-01,month,9,0.8259467696342726,6147694,1070026
exp_h28_s0_d0.5,2025-08-01,lead_week,1,0.836015631656083,1162001,190550
exp_h28_s0_d0.5,2025-08-01,lead_week,2,0.8657091583076002,1189128,159689
exp_h28_s0_d0.5,2025-08-01,lead_week,3,0.8802022051175369,1201750,143967
exp_h28_s0_d0.5,2025-08-01,lead_week,4,0.8891098756458362,1272575,141116
exp_h28_s0_d0.5,2025-08-01,lead_week,5,0.8546624319432016,1420321,206426
exp_h28_s0_d0.5,2025-08-01,lead_week,6,0.8269242561493972,1435100,248381
exp_h28_s0_d0.5,2025-08-01,lead_week,7,0.8293137791244091,1425780,243361
exp_h28_s0_d0.5,2025-08-01,lead_week,8,0.8154867097830066,1393130,257051
exp_h28_s0_d0.5,2025-08-01,lead_week,9,0.8073977487926538,957886,184491
exp_h28_s0_d1.0,2025-08-01,route,1,0.8736695477890517,997875,126062
exp_h28_s0_d1.0,2025-08-01,route,5,,0,0
exp_h28_s0_d1.0,2025-08-01,route,7,0.7379437011452625,1121053,293779
exp_h28_s0_d1.0,2025-08-01,route,11,0.8703590769723659,1779145,230650
exp_h28_s0_d1.0,2025-08-01,route,12,0.8898021655026197,1838557,202605
exp_h28_s0_d1.0,2025-08-01,route,17,0.8957179630476384,2834352,295572
exp_h28_s0_d1.0,2025-08-01,route,25,0.7998949852875428,384708,76982
exp_h28_s0_d1.0,2025-08-01,route,26,0.833207651536595,925618,154386
exp_h28_s0_d1.0,2025-08-01,route,28,0.814490714188578,507387,94125
exp_h28_s0_d1.0,2025-08-01,route,50,0.7037127119785664,1068976,316724
exp_h28_s0_d1.0,2025-08-01,month,8,0.8616553329703688,5309977,734607
exp_h28_s0_d1.0,2025-08-01,month,9,0.8281830553049647,6147694,1056278
exp_h28_s0_d1.0,2025-08-01,lead_week,1,0.8288134003327019,1162001,198919
exp_h28_s0_d1.0,2025-08-01,lead_week,2,0.8603598603346317,1189128,166050
exp_h28_s0_d1.0,2025-08-01,lead_week,3,0.8735161223216144,1201750,152002
exp_h28_s0_d1.0,2025-08-01,lead_week,4,0.8861041588904387,1272575,144941
exp_h28_s0_d1.0,2025-08-01,lead_week,5,0.8540520065534482,1420321,207293
exp_h28_s0_d1.0,2025-08-01,lead_week,6,0.829854365549439,1435100,244176
exp_h28_s0_d1.0,2025-08-01,lead_week,7,0.8317790963542763,1425780,239846
exp_h28_s0_d1.0,2025-08-01,lead_week,8,0.817095317737756,1393130,254810
exp_h28_s0_d1.0,2025-08-01,lead_week,9,0.8091129842173286,957886,182848
exp_h56_s0_d0.0,2025-08-01,route,1,0.8795931354127521,997875,120151
exp_h56_s0_d0.0,2025-08-01,route,5,,0,0
exp_h56_s0_d0.0,2025-08-01,route,7,0.7544032262524609,1121053,275327
exp_h56_s0_d0.0,2025-08-01,route,11,0.8740872722571797,1779145,224017
exp_h56_s0_d0.0,2025-08-01,route,12,0.8937226313897257,1838557,195397
exp_h56_s0_d0.0,2025-08-01,route,17,0.9032039774876233,2834352,274354
exp_h56_s0_d0.0,2025-08-01,route,25,0.8058813437724196,384708,74679
exp_h56_s0_d0.0,2025-08-01,route,26,0.8409106132335369,925618,147256
exp_h56_s0_d0.0,2025-08-01,route,28,0.8118674699982459,507387,95456
exp_h56_s0_d0.0,2025-08-01,route,50,0.723639258505336,1068976,295423
exp_h56_s0_d0.0,2025-08-01,month,8,0.8499844726257759,5309977,796579
exp_h56_s0_d0.0,2025-08-01,month,9,0.8527120900942695,6147694,905481
exp_h56_s0_d0.0,2025-08-01,lead_week,1,0.7956017249554863,1162001,237511
exp_h56_s0_d0.0,2025-08-01,lead_week,2,0.8376760113293102,1189128,193024
exp_h56_s0_d0.0,2025-08-01,lead_week,3,0.8641065113376326,1201750,163310
exp_h56_s0_d0.0,2025-08-01,lead_week,4,0.8903129481562972,1272575,139585
exp_h56_s0_d0.0,2025-08-01,lead_week,5,0.8803150837029095,1420321,169991
exp_h56_s0_d0.0,2025-08-01,lead_week,6,0.8537690753257613,1435100,209856
exp_h56_s0_d0.0,2025-08-01,lead_week,7,0.8563705480508914,1425780,204784
exp_h56_s0_d0.0,2025-08-01,lead_week,8,0.8396718181361394,1393130,223358
exp_h56_s0_d0.0,2025-08-01,lead_week,9,0.8322963275379325,957886,160641
exp_h56_s0_d0.5,2025-08-01,route,1,0.8805591882750845,997875,119187
exp_h56_s0_d0.5,2025-08-01,route,5,,0,0
exp_h56_s0_d0.5,2025-08-01,route,7,0.7552042588530605,1121053,274429
exp_h56_s0_d0.5,2025-08-01,route,11,0.8742036202782797,1779145,223810
exp_h56_s0_d0.5,2025-08-01,route,12,0.8934528546028216,1838557,195893
exp_h56_s0_d0.5,2025-08-01,route,17,0.9063172111297397,2834352,265530
exp_h56_s0_d0.5,2025-08-01,route,25,0.8063466317310791,384708,74500
exp_h56_s0_d0.5,2025-08-01,route,26,0.8405519339511548,925618,147588
exp_h56_s0_d0.5,2025-08-01,route,28,0.8111618941754519,507387,95814
exp_h56_s0_d0.5,2025-08-01,route,50,0.7213782161620093,1068976,297840
exp_h56_s0_d0.5,2025-08-01,month,8,0.8440219232588013,5309977,828240
exp_h56_s0_d0.5,2025-08-01,month,9,0.8590770783321355,6147694,866351
exp_h56_s0_d0.5,2025-08-01,lead_week,1,0.7867798736834133,1162001,247762
exp_h56_s0_d0.5,2025-08-01,lead_week,2,0.8321265666942499,1189128,199623
exp_h56_s0_d0.5,2025-08-01,lead_week,3,0.8556613272311213,1201750,173459
exp_h56_s0_d0.5,2025-08-01,lead_week,4,0.8879673103746342,1272575,142570
exp_h56_s0_d0.5,2025-08-01,lead_week,5,0.8825955541036146,1420321,166752
exp_h56_s0_d0.5,2025-08-01,lead_week,6,0.8610445265138318,1435100,199415
exp_h56_s0_d0.5,2025-08-01,lead_week,7,0.8632979842612465,1425780,194907
exp_h56_s0_d0.5,2025-08-01,lead_week,8,0.8448192200297173,1393130,216187
exp_h56_s0_d0.5,2025-08-01,lead_week,9,0.839316995968205,957886,153916
exp_h56_s0_d1.0,2025-08-01,route,1,0.877568833771765,997875,122171
exp_h56_s0_d1.0,2025-08-01,route,5,,0,0
exp_h56_s0_d1.0,2025-08-01,route,7,0.7523069828099118,1121053,277677
exp_h56_s0_d1.0,2025-08-01,route,11,0.8715017606771792,1779145,228617
exp_h56_s0_d1.0,2025-08-01,route,12,0.8894404688024358,1838557,203270
exp_h56_s0_d1.0,2025-08-01,route,17,0.9055212620027435,2834352,267786
exp_h56_s0_d1.0,2025-08-01,route,25,0.8048363953959886,384708,75081
exp_h56_s0_d1.0,2025-08-01,route,26,0.8371282753792602,925618,150757
exp_h56_s0_d1.0,2025-08-01,route,28,0.8074251015497047,507387,97710
exp_h56_s0_d1.0,2025-08-01,route,50,0.713190006136714,1068976,306593
exp_h56_s0_d1.0,2025-08-01,month,8,0.834142407773141,5309977,880700
exp_h56_s0_d1.0,2025-08-01,month,9,0.8619056185945495,6147694,848962
exp_h56_s0_d1.0,2025-08-01,lead_week,1,0.7761791943380427,1162001,260080
exp_h56_s0_d1.0,2025-08-01,lead_week,2,0.8222706050147671,1189128,211343
exp_h56_s0_d1.0,2025-08-01,lead_week,3,0.844173080923653,1201750,187265
exp_h56_s0_d1.0,2025-08-01,lead_week,4,0.8810773431821307,1272575,151338
exp_h56_s0_d1.0,2025-08-01,lead_week,5,0.8804002757123214,1420321,169870
exp_h56_s0_d1.0,2025-08-01,lead_week,6,0.8651264720228555,1435100,193557
exp_h56_s0_d1.0,2025-08-01,lead_week,7,0.8667150612296427,1425780,190035
exp_h56_s0_d1.0,2025-08-01,lead_week,8,0.8466682936983627,1393130,213611
exp_h56_s0_d1.0,2025-08-01,lead_week,9,0.8407294813787862,957886,152563
exp_h112_s0_d0.0,2025-08-01,route,1,0.879908806213203,997875,119836
exp_h112_s0_d0.0,2025-08-01,route,5,,0,0
exp_h112_s0_d0.0,2025-08-01,route,7,0.7428569389672032,1121053,288271
exp_h112_s0_d0.0,2025-08-01,route,11,0.87338805999511,1779145,225261
exp_h112_s0_d0.0,2025-08-01,route,12,0.8918347377862095,1838557,198868
exp_h112_s0_d0.0,2025-08-01,route,17,0.9080922200206608,2834352,260499
exp_h112_s0_d0.0,2025-08-01,route,25,0.8071212452041548,384708,74202
exp_h112_s0_d0.0,2025-08-01,route,26,0.8415123733548829,925618,146699
exp_h112_s0_d0.0,2025-08-01,route,28,0.806559884269798,507387,98149
exp_h112_s0_d0.0,2025-08-01,route,50,0.7276468321084851,1068976,291139
exp_h112_s0_d0.0,2025-08-01,month,8,0.8333386378133087,5309977,884968
exp_h112_s0_d0.0,2025-08-01,month,9,0.8669491357247123,6147694,817956
exp_h112_s0_d0.0,2025-08-01,lead_week,1,0.7693091486151905,1162001,268063
exp_h112_s0_d0.0,2025-08-01,lead_week,2,0.8165109222892741,1189128,218192
exp_h112_s0_d0.0,2025-08-01,lead_week,3,0.8468200540877886,1201750,184084
exp_h112_s0_d0.0,2025-08-01,lead_week,4,0.8816533406675442,1272575,150605
exp_h112_s0_d0.0,2025-08-01,lead_week,5,0.8894763930125654,1420321,156979
exp_h112_s0_d0.0,2025-08-01,lead_week,6,0.8689847397393909,1435100,188020
exp_h112_s0_d0.0,2025-08-01,lead_week,7,0.8705662865238677,1425780,184544
exp_h112_s0_d0.0,2025-08-01,lead_week,8,0.8520784133569732,1393130,206074
exp_h112_s0_d0.0,2025-08-01,lead_week,9,0.8472020678869928,957886,146363
exp_h112_s0_d0.5,2025-08-01,route,1,0.8794859075535513,997875,120258
exp_h112_s0_d0.5,2025-08-01,route,5,,0,0
exp_h112_s0_d0.5,2025-08-01,route,7,0.7405599913652611,1121053,290846
exp_h112_s0_d0.5,2025-08-01,route,11,0.8723184450958185,1779145,227164
exp_h112_s0_d0.5,2025-08-01,route,12,0.8899017000832719,1838557,202422
exp_h112_s0_d0.5,2025-08-01,route,17,0.9105389873946497,2834352,253564
exp_h112_s0_d0.5,2025-08-01,route,25,0.8062764486311697,384708,74527
exp_h112_s0_d0.5,2025-08-01,route,26,0.8393440922713258,925618,148706
exp_h112_s0_d0.5,2025-08-01,route,28,0.8033000451332021,507387,99803
exp_h112_s0_d0.5,2025-08-01,route,50,0.7230667479906003,1068976,296035
exp_h112_s0_d0.5,2025-08-01,month,8,0.8235600643844596,5309977,936892
exp_h112_s0_d0.5,2025-08-01,month,9,0.8737033756071789,6147694,776433
exp_h112_s0_d0.5,2025-08-01,lead_week,1,0.757660277400794,1162001,281599
exp_h112_s0_d0.5,2025-08-01,lead_week,2,0.8063740825209733,1189128,230246
exp_h112_s0_d0.5,2025-08-01,lead_week,3,0.8344464322862493,1201750,198954
exp_h112_s0_d0.5,2025-08-01,lead_week,4,0.8753605877846099,1272575,158613
exp_h112_s0_d0.5,2025-08-01,lead_week,5,0.8906549998204631,1420321,155305
exp_h112_s0_d0.5,2025-08-01,lead_week,6,0.8770691937844053,1435100,176418
exp_h112_s0_d0.5,2025-08-01,lead_week,7,0.8780835753061482,1425780,173826
exp_h112_s0_d0.5,2025-08-01,lead_week,8,0.8571145549948677,1393130,199058
exp_h112_s0_d0.5,2025-08-01,lead_week,9,0.8545693328851242,957886,139306
exp_h112_s0_d1.0,2025-08-01,route,1,0.8748460478516848,997875,124888
exp_h112_s0_d1.0,2025-08-01,route,5,,0,0
exp_h112_s0_d1.0,2025-08-01,route,7,0.7346860496336927,1121053,297431
exp_h112_s0_d1.0,2025-08-01,route,11,0.8685109982604003,1779145,233938
exp_h112_s0_d1.0,2025-08-01,route,12,0.8847503776059159,1838557,211893
exp_h112_s0_d1.0,2025-08-01,route,17,0.9088677059165552,2834352,258301
exp_h112_s0_d1.0,2025-08-01,route,25,0.803074019776038,384708,75759
exp_h112_s0_d1.0,2025-08-01,route,26,0.834030885311219,925618,153624
exp_h112_s0_d1.0,2025-08-01,route,28,0.7970661447770637,507387,102966
exp_h112_s0_d1.0,2025-08-01,route,50,0.712459400398138,1068976,307374
exp_h112_s0_d1.0,2025-08-01,month,8,0.8105709309098702,5309977,1005864
exp_h112_s0_d1.0,2025-08-01,month,9,0.8763259849953495,6147694,760310
exp_h112_s0_d1.0,2025-08-01,lead_week,1,0.7444941957881275,1162001,296898
exp_h112_s0_d1.0,2025-08-01,lead_week,2,0.7933737999609798,1189128,245705
exp_h112_s0_d1.0,2025-08-01,lead_week,3,0.819732057416268,1201750,216637
exp_h112_s0_d1.0,2025-08-01,lead_week,4,0.8649038367090348,1272575,171920
exp_h112_s0_d1.0,2025-08-01,lead_week,5,0.8875620370324736,1420321,159698
exp_h112_s0_d1.0,2025-08-01,lead_week,6,0.8812466030241795,1435100,170423
exp_h112_s0_d1.0,2025-08-01,lead_week,7,0.8811885424118728,1425780,169399
exp_h112_s0_d1.0,2025-08-01,lead_week,8,0.8585408396919167,1393130,197071
exp_h112_s0_d1.0,2025-08-01,lead_week,9,0.8554911544797607,957886,138423
mean_s0_d0.0,2025-08-01,route,1,0.878408618313917,997875,121333
mean_s0_d0.0,2025-08-01,route,5,,0,0
mean_s0_d0.0,2025-08-01,route,7,0.7241646915890685,1121053,309226
mean_s0_d0.0,2025-08-01,route,11,0.8705979557596486,1779145,230225
mean_s0_d0.0,2025-08-01,route,12,0.8871848955458004,1838557,207417
mean_s0_d0.0,2025-08-01,route,17,0.9117413786290482,2834352,250156
mean_s0_d0.0,2025-08-01,route,25,0.8068327146823044,384708,74313
mean_s0_d0.0,2025-08-01,route,26,0.8401046652074614,925618,148002
mean_s0_d0.0,2025-08-01,route,28,0.8000342933500464,507387,101460
mean_s0_d0.0,2025-08-01,route,50,0.7311838619389023,1068976,287358
mean_s0_d0.0,2025-08-01,month,8,0.8180007182705311,5309977,966412
mean_s0_d0.0,2025-08-01,month,9,0.8758757348690419,6147694,763078
mean_s0_d0.0,2025-08-01,lead_week,1,0.7474322311254465,1162001,293484
mean_s0_d0.0,2025-08-01,lead_week,2,0.7980377217591378,1189128,240159
mean_s0_d0.0,2025-08-01,lead_week,3,0.8320474308300395,1201750,201837
mean_s0_d0.0,2025-08-01,lead_week,4,0.8708728365715184,1272575,164324
mean_s0_d0.0,2025-08-01,lead_week,5,0.8927594536727965,1420321,152316
mean_s0_d0.0,2025-08-01,lead_week,6,0.8788439829977005,1435100,173871
mean_s0_d0.0,2025-08-01,lead_week,7,0.8788066882688774,1425780,172795
mean_s0_d0.0,2025-08-01,lead_week,8,0.8602592722861471,1393130,194677
mean_s0_d0.0,2025-08-01,lead_week,9,0.8579924959755127,957886,136027
mean_s0_d0.5,2025-08-01,route,1,0.8766939746962294,997875,123044
mean_s0_d0.5,2025-08-01,route,5,,0,0
mean_s0_d0.5,2025-08-01,route,7,0.7173835670570436,1121053,316828
mean_s0_d0.5,2025-08-01,route,11,0.8681377852845047,1779145,234602
mean_s0_d0.5,2025-08-01,route,12,0.8833753862404048,1838557,214421
mean_s0_d0.5,2025-08-01,route,17,0.9130954800250639,2834352,246318
mean_s0_d0.5,2025-08-01,route,25,0.8042827287189245,384708,75294
mean_s0_d0.5,2025-08-01,route,26,0.8356849153754573,925618,152093
mean_s0_d0.5,2025-08-01,route,28,0.7935481200740263,507387,104751
mean_s0_d0.5,2025-08-01,route,50,0.7232257786891381,1068976,295865
mean_s0_d0.5,2025-08-01,month,8,0.8038219374584862,5309977,1041701
mean_s0_d0.5,2025-08-01,month,9,0.8826364812562238,6147694,721515
mean_s0_d0.5,2025-08-01,lead_week,1,0.7318960999172979,1162001,311537
mean_s0_d0.5,2025-08-01,lead_week,2,0.783505223996071,1189128,257440
mean_s0_d0.5,2025-08-01,lead_week,3,0.8149049303099647,1201750,222438
mean_s0_d0.5,2025-08-01,lead_week,4,0.8598990236331847,1272575,178289
mean_s0_d0.5,2025-08-01,lead_week,5,0.8923475749496065,1420321,152901
mean_s0_d0.5,2025-08-01,lead_week,6,0.8873012333635286,1435100,161734
mean_s0_d0.5,2025-08-01,lead_week,7,0.8865112429687609,1425780,161810
mean_s0_d0.5,2025-08-01,lead_week,8,0.865060690674955,1393130,187988
mean_s0_d0.5,2025-08-01,lead_week,9,0.8652459687269676,957886,129079
mean_s0_d1.0,2025-08-01,route,1,0.8697522234748841,997875,129971
mean_s0_d1.0,2025-08-01,route,5,,0,0
mean_s0_d1.0,2025-08-01,route,7,0.7080815982830428,1121053,327256
mean_s0_d1.0,2025-08-01,route,11,0.8626722386314775,1779145,244326
mean_s0_d1.0,2025-08-01,route,12,0.8757672457258601,1838557,228409
mean_s0_d1.0,2025-08-01,route,17,0.9097483304825935,2834352,255805
mean_s0_d1.0,2025-08-01,route,25,0.7986290901151003,384708,77469
mean_s0_d1.0,2025-08-01,route,26,0.8274039614614236,925618,159758
mean_s0_d1.0,2025-08-01,route,28,0.783297561821647,507387,109952
mean_s0_d1.0,2025-08-01,route,50,0.708278763975992,1068976,311843
mean_s0_d1.0,2025-08-01,month,8,0.786671580686696,5309977,1132769
mean_s0_d1.0,2025-08-01,month,9,0.8841809628130483,6147694,712020
mean_s0_d1.0,2025-08-01,lead_week,1,0.7147773538921223,1162001,331429
mean_s0_d1.0,2025-08-01,lead_week,2,0.765808222495812,1189128,278484
mean_s0_d1.0,2025-08-01,lead_week,3,0.795771167048055,1201750,245432
mean_s0_d1.0,2025-08-01,lead_week,4,0.8448272203995835,1272575,197469
mean_s0_d1.0,2025-08-01,lead_week,5,0.8876092094674373,1420321,159631
mean_s0_d1.0,2025-08-01,lead_week,6,0.890697512368476,1435100,156860
mean_s0_d1.0,2025-08-01,lead_week,7,0.8885620502461811,1425780,158886
mean_s0_d1.0,2025-08-01,lead_week,8,0.8648855454982665,1393130,188232
mean_s0_d1.0,2025-08-01,lead_week,9,0.8659903161754112,957886,128366
median_s0_d0.0,2025-08-01,route,1,0.8721433045221094,997875,127585
median_s0_d0.0,2025-08-01,route,5,,0,0
median_s0_d0.0,2025-08-01,route,7,0.6928931995186669,1121053,344283
median_s0_d0.0,2025-08-01,route,11,0.865790590424052,1779145,238778
median_s0_d0.0,2025-08-01,route,12,0.874463505890761,1838557,230806
median_s0_d0.0,2025-08-01,route,17,0.9144358216622354,2834352,242519
median_s0_d0.0,2025-08-01,route,25,0.803035029164977,384708,75774
median_s0_d0.0,2025-08-01,route,26,0.8352678966917237,925618,152479
median_s0_d0.0,2025-08-01,route,28,0.7900537459572279,507387,106524
median_s0_d0.0,2025-08-01,route,50,0.7170712906557304,1068976,302444
median_s0_d0.0,2025-08-01,month,8,0.7845920989864927,5309977,1143811
median_s0_d0.0,2025-08-01,month,9,0.8898154332339898,6147694,677381
median_s0_d0.0,2025-08-01,lead_week,1,0.708499390275912,1162001,338724
median_s0_d0.0,2025-08-01,lead_week,2,0.7588611150355555,1189128,286745
median_s0_d0.0,2025-08-01,lead_week,3,0.7932323694612025,1201750,248483
median_s0_d0.0,2025-08-01,lead_week,4,0.8448217197414691,1272575,197476
median_s0_d0.0,2025-08-01,lead_week,5,0.8946463510713423,1420321,149636
median_s0_d0.0,2025-08-01,lead_week,6,0.8965124381576197,1435100,148515
median_s0_d0.0,2025-08-01,lead_week,7,0.8928916102063432,1425780,152713
median_s0_d0.0,2025-08-01,lead_week,8,0.8716307882250759,1393130,178835
median_s0_d0.0,2025-08-01,lead_week,9,0.8746562743374473,957886,120065
median_s0_d0.5,2025-08-01,route,1,0.8702262307403232,997875,129498
median_s0_d0.5,2025-08-01,route,5,,0,0
median_s0_d0.5,2025-08-01,route,7,0.6895267217517815,1121053,348057
median_s0_d0.5,2025-08-01,route,11,0.8643303384490865,1779145,241376
median_s0_d0.5,2025-08-01,route,12,0.8719555608012153,1838557,235417
median_s0_d0.5,2025-08-01,route,17,0.9135604893111371,2834352,245000
median_s0_d0.5,2025-08-01,route,25,0.8023176019214573,384708,76050
median_s0_d0.5,2025-08-01,route,26,0.8323638909355695,925618,155167
median_s0_d0.5,2025-08-01,route,28,0.7868766838724681,507387,108136
median_s0_d0.5,2025-08-01,route,50,0.7136119052251875,1068976,306142
median_s0_d0.5,2025-08-01,month,8,0.779894903499582,5309977,1168753
median_s0_d0.5,2025-08-01,month,9,0.8900254306736802,6147694,676090
median_s0_d0.5,2025-08-01,lead_week,1,0.7035794289333658,1162001,344441
median_s0_d0.5,2025-08-01,lead_week,2,0.7549212532208476,1189128,291430
median_s0_d0.5,2025-08-01,lead_week,3,0.7885017682546287,1201750,254168
median_s0_d0.5,2025-08-01,lead_week,4,0.8404109777419798,1272575,203089
median_s0_d0.5,2025-08-01,lead_week,5,0.8926123038383577,1420321,152525
median_s0_d0.5,2025-08-01,lead_week,6,0.8970022994913247,1435100,147812
median_s0_d0.5,2025-08-01,lead_week,7,0.8935011011516503,1425780,151844
median_s0_d0.5,2025-08-01,lead_week,8,0.8710644376332431,1393130,179624
median_s0_d0.5,2025-08-01,lead_week,9,0.8748180890001525,957886,119910
median_s0_d1.0,2025-08-01,route,1,0.8664131278967806,997875,133303
median_s0_d1.0,2025-08-01,route,5,,0,0
median_s0_d1.0,2025-08-01,route,7,0.6843057375521051,1121053,353910
median_s0_d1.0,2025-08-01,route,11,0.8611687074409338,1779145,247001
median_s0_d1.0,2025-08-01,route,12,0.8675580903937163,1838557,243502
median_s0_d1.0,2025-08-01,route,17,0.9107587907218299,2834352,252941
median_s0_d1.0,2025-08-01,route,25,0.7988084469259802,384708,77400
median_s0_d1.0,2025-08-01,route,26,0.8268583800228604,925618,160263
median_s0_d1.0,2025-08-01,route,28,0.7815631854974605,507387,110832
median_s0_d1.0,2025-08-01,route,50,0.7072506772836809,1068976,312942
median_s0_d1.0,2025-08-01,month,8,0.7739779287179587,5309977,1200172
median_s0_d1.0,2025-08-01,month,9,0.8874501561073144,6147694,691922
median_s0_d1.0,2025-08-01,lead_week,1,0.6979228072953465,1162001,351014
median_s0_d1.0,2025-08-01,lead_week,2,0.7495248619156223,1189128,297847
median_s0_d1.0,2025-08-01,lead_week,3,0.7827326815061368,1201750,261101
median_s0_d1.0,2025-08-01,lead_week,4,0.8345276309844214,1272575,210576
median_s0_d1.0,2025-08-01,lead_week,5,0.8885801167482562,1420321,158252
median_s0_d1.0,2025-08-01,lead_week,6,0.8948540171416626,1435100,150895
median_s0_d1.0,2025-08-01,lead_week,7,0.891159225125896,1425780,155183
median_s0_d1.0,2025-08-01,lead_week,8,0.8681594682477587,1393130,183671
median_s0_d1.0,2025-08-01,lead_week,9,0.8710128345126664,957886,123555
trim10_s0_d0.0,2025-08-01,route,1,0.8769234623575097,997875,122815
trim10_s0_d0.0,2025-08-01,route,5,,0,0
trim10_s0_d0.0,2025-08-01,route,7,0.7141508920630871,1121053,320452
trim10_s0_d0.0,2025-08-01,route,11,0.8704698043161181,1779145,230453
trim10_s0_d0.0,2025-08-01,route,12,0.8834183547205771,1838557,214342
trim10_s0_d0.0,2025-08-01,route,17,0.9170900438618774,2834352,234996
trim10_s0_d0.0,2025-08-01,route,25,0.806715742849122,384708,74358
trim10_s0_d0.0,2025-08-01,route,26,0.8393927084391185,925618,148661
trim10_s0_d0.0,2025-08-01,route,28,0.796382248658322,507387,103313
trim10_s0_d0.0,2025-08-01,route,50,0.7220068551585817,1068976,297168
trim10_s0_d0.0,2025-08-01,month,8,0.803855082611469,5309977,1041525
trim10_s0_d0.0,2025-08-01,month,9,0.8853174865242154,6147694,705033
trim10_s0_d0.0,2025-08-01,lead_week,1,0.7298530724156003,1162001,313911
trim10_s0_d0.0,2025-08-01,lead_week,2,0.7792466412362673,1189128,262504
trim10_s0_d0.0,2025-08-01,lead_week,3,0.8139263573954649,1201750,223614
trim10_s0_d0.0,2025-08-01,lead_week,4,0.8615649372335619,1272575,176169
trim10_s0_d0.0,2025-08-01,lead_week,5,0.8976562340485003,1420321,145361
trim10_s0_d0.0,2025-08-01,lead_week,6,0.8917051076580029,1435100,155414
trim10_s0_d0.0,2025-08-01,lead_week,7,0.8873795396204183,1425780,160572
trim10_s0_d0.0,2025-08-01,lead_week,8,0.8687530955474363,1393130,182844
trim10_s0_d0.0,2025-08-01,lead_week,9,0.8682839085235613,957886,126169
trim10_s0_d0.5,2025-08-01,route,1,0.8740683953400977,997875,125664
trim10_s0_d0.5,2025-08-01,route,5,,0,0
trim10_s0_d0.5,2025-08-01,route,7,0.7068916456224639,1121053,328590
trim10_s0_d0.5,2025-08-01,route,11,0.8678168446079437,1779145,235173
trim10_s0_d0.5,2025-08-01,route,12,0.879313505102099,1838557,221889
trim10_s0_d0.5,2025-08-01,route,17,0.9161878976217491,2834352,237553
trim10_s0_d0.5,2025-08-01,route,25,0.8050365471994344,384708,75004
trim10_s0_d0.5,2025-08-01,route,26,0.8358221210045613,925618,151966
trim10_s0_d0.5,2025-08-01,route,28,0.7915200823040401,507387,105780
trim10_s0_d0.5,2025-08-01,route,50,0.7176606397150169,1068976,301814
trim10_s0_d0.5,2025-08-01,month,8,0.7941979786353124,5309977,1092804
trim10_s0_d0.5,2025-08-01,month,9,0.8876604788722405,6147694,690629
trim10_s0_d0.5,2025-08-01,lead_week,1,0.7196878488056379,1162001,325723
trim10_s0_d0.5,2025-08-01,lead_week,2,0.77064706238521,1189128,272730
trim10_s0_d0.5,2025-08-01,lead_week,3,0.8034982317453714,1201750,236146
trim10_s0_d0.5,2025-08-01,lead_week,4,0.852908472978017,1272575,187185
trim10_s0_d0.5,2025-08-01,lead_week,5,0.8948287042154555,1420321,149377
trim10_s0_d0.5,2025-08-01,lead_week,6,0.8944003902167097,1435100,151546
trim10_s0_d0.5,2025-08-01,lead_week,7,0.8906928137580833,1425780,155848
trim10_s0_d0.5,2025-08-01,lead_week,8,0.8695111009022848,1393130,181788
trim10_s0_d0.5,2025-08-01,lead_week,9,0.8714982785007819,957886,123090
trim10_s0_d1.0,2025-08-01,route,1,0.8688613303269448,997875,130860
trim10_s0_d1.0,2025-08-01,route,5,,0,0
trim10_s0_d1.0,2025-08-01,route,7,0.6967253109353438,1121053,339987
trim10_s0_d1.0,2025-08-01,route,11,0.8630645619103559,1779145,243628
trim10_s0_d1.0,2025-08-01,route,12,0.8727866473544198,1838557,233889
trim10_s0_d1.0,2025-08-01,route,17,0.912746193839015,2834352,247308
trim10_s0_d1.0,2025-08-01,route,25,0.8009893217713174,384708,76561
trim10_s0_d1.0,2025-08-01,route,26,0.8298423323660516,925618,157501
trim10_s0_d1.0,2025-08-01,route,28,0.7838257582476492,507387,109684
trim10_s0_d1.0,2025-08-01,route,50,0.709075788418075,1068976,310991
trim10_s0_d1.0,2025-08-01,month,8,0.7829920920561426,5309977,1152307
trim10_s0_d1.0,2025-08-01,month,9,0.8864449011287809,6147694,698102
trim10_s0_d1.0,2025-08-01,lead_week,1,0.7085415589143211,1162001,338675
trim10_s0_d1.0,2025-08-01,lead_week,2,0.7599097826306336,1189128,285498
trim10_s0_d1.0,2025-08-01,lead_week,3,0.7919134595381735,1201750,250068
trim10_s0_d1.0,2025-08-01,lead_week,4,0.8426206706873858,1272575,200277
trim10_s0_d1.0,2025-08-01,lead_week,5,0.8898396911684049,1420321,156463
trim10_s0_d1.0,2025-08-01,lead_week,6,0.8937007874015748,1435100,152550
trim10_s0_d1.0,2025-08-01,lead_week,7,0.8900265118040651,1425780,156798
trim10_s0_d1.0,2025-08-01,lead_week,8,0.8673002519506435,1393130,184868
trim10_s0_d1.0,2025-08-01,lead_week,9,0.86928298357007,957886,125212
q40_s0_d0.0,2025-08-01,route,1,0.879642239759489,997875,120102
q40_s0_d0.0,2025-08-01,route,5,,0,0
q40_s0_d0.0,2025-08-01,route,7,0.7231290581266006,1121053,310387
q40_s0_d0.0,2025-08-01,route,11,0.8685857532691265,1779145,233805
q40_s0_d0.0,2025-08-01,route,12,0.8837316438924656,1838557,213766
q40_s0_d0.0,2025-08-01,route,17,0.9153908900517649,2834352,239812
q40_s0_d0.0,2025-08-01,route,25,0.7995960572694095,384708,77097
q40_s0_d0.0,2025-08-01,route,26,0.8415815163490771,925618,146635
q40_s0_d0.0,2025-08-01,route,28,0.8071176439285989,507387,97866
q40_s0_d0.0,2025-08-01,route,50,0.7365955830626694,1068976,281573
q40_s0_d0.0,2025-08-01,month,8,0.8164381879620194,5309977,974709
q40_s0_d0.0,2025-08-01,month,9,0.8785993577429195,6147694,746334
q40_s0_d0.0,2025-08-01,lead_week,1,0.7451886874451915,1162001,296091
q40_s0_d0.0,2025-08-01,lead_week,2,0.7959378637118965,1189128,242656
q40_s0_d0.0,2025-08-01,lead_week,3,0.8312078219263574,1201750,202846
q40_s0_d0.0,2025-08-01,lead_week,4,0.8720271889672514,1272575,162855
q40_s0_d0.0,2025-08-01,lead_week,5,0.8927545252094421,1420321,152323
q40_s0_d0.0,2025-08-01,lead_week,6,0.8817838478154832,1435100,169652
q40_s0_d0.0,2025-08-01,lead_week,7,0.8812158958605114,1425780,169360
q40_s0_d0.0,2025-08-01,lead_week,8,0.863106817023537,1393130,190710
q40_s0_d0.0,2025-08-01,lead_week,9,0.8595344331162581,957886,134550
q40_s0_d0.5,2025-08-01,route,1,0.8788495553050232,997875,120893
q40_s0_d0.5,2025-08-01,route,5,,0,0
q40_s0_d0.5,2025-08-01,route,7,0.7206697631601717,1121053,313144
q40_s0_d0.5,2025-08-01,route,11,0.867290749208187,1779145,236109
q40_s0_d0.5,2025-08-01,route,12,0.8811372179377631,1838557,218536
q40_s0_d0.5,2025-08-01,route,17,0.9146715016342359,2834352,241851
q40_s0_d0.5,2025-08-01,route,25,0.7999001840356842,384708,76980
q40_s0_d0.5,2025-08-01,route,26,0.8397405841286578,925618,148339
q40_s0_d0.5,2025-08-01,route,28,0.805255160262285,507387,98811
q40_s0_d0.5,2025-08-01,route,50,0.7358060424181647,1068976,282417
q40_s0_d0.5,2025-08-01,month,8,0.8099590638528189,5309977,1009113
q40_s0_d0.5,2025-08-01,month,9,0.8815869820456256,6147694,727967
q40_s0_d0.5,2025-08-01,lead_week,1,0.7377188143555815,1162001,304771
q40_s0_d0.5,2025-08-01,lead_week,2,0.7903926238386447,1189128,249250
q40_s0_d0.5,2025-08-01,lead_week,3,0.8244842937382983,1201750,210926
q40_s0_d0.5,2025-08-01,lead_week,4,0.8662719289629295,1272575,170179
q40_s0_d0.5,2025-08-01,lead_week,5,0.8922363324910355,1420321,153059
q40_s0_d0.5,2025-08-01,lead_week,6,0.8851815204515365,1435100,164776
q40_s0_d0.5,2025-08-01,lead_week,7,0.8842991204814207,1425780,164964
q40_s0_d0.5,2025-08-01,lead_week,8,0.865451178281998,1393130,187444
q40_s0_d0.5,2025-08-01,lead_week,9,0.8624982513576772,957886,131711
q40_s0_d1.0,2025-08-01,route,1,0.8759263434798947,997875,123810
q40_s0_d1.0,2025-08-01,route,5,,0,0
q40_s0_d1.0,2025-08-01,route,7,0.7155629573267277,1121053,318869
q40_s0_d1.0,2025-08-01,route,11,0.8636018986648081,1779145,242672
q40_s0_d1.0,2025-08-01,route,12,0.8761403644271023,1838557,227723
q40_s0_d1.0,2025-08-01,route,17,0.9117985345504016,2834352,249994
q40_s0_d1.0,2025-08-01,route,25,0.7976803185792861,384708,77834
q40_s0_d1.0,2025-08-01,route,26,0.8345289309412738,925618,153163
q40_s0_d1.0,2025-08-01,route,28,0.8004856253707722,507387,101231
q40_s0_d1.0,2025-08-01,route,50,0.7314598269746,1068976,287063
q40_s0_d1.0,2025-08-01,month,8,0.8019304038416739,5309977,1051745
q40_s0_d1.0,2025-08-01,month,9,0.8811564140960823,6147694,730614
q40_s0_d1.0,2025-08-01,lead_week,1,0.7294537612273999,1162001,314375
q40_s0_d1.0,2025-08-01,lead_week,2,0.7827752773460889,1189128,258308
q40_s0_d1.0,2025-08-01,lead_week,3,0.8163178697732474,1201750,220740
q40_s0_d1.0,2025-08-01,lead_week,4,0.858858613441251,1272575,179613
q40_s0_d1.0,2025-08-01,lead_week,5,0.8895299020432705,1420321,156903
q40_s0_d1.0,2025-08-01,lead_week,6,0.8851202006828792,1435100,164864
q40_s0_d1.0,2025-08-01,lead_week,7,0.8836538596417399,1425780,165884
q40_s0_d1.0,2025-08-01,lead_week,8,0.8648898523468735,1393130,188226
q40_s0_d1.0,2025-08-01,lead_week,9,0.8606869711009453,957886,133446
q60_s0_d0.0,2025-08-01,route,1,0.8589482650632594,997875,140752
q60_s0_d0.0,2025-08-01,route,5,,0,0
q60_s0_d0.0,2025-08-01,route,7,0.6568074836782918,1121053,384737
q60_s0_d0.0,2025-08-01,route,11,0.860880928760725,1779145,247513
q60_s0_d0.0,2025-08-01,route,12,0.8610557083625909,1838557,255457
q60_s0_d0.0,2025-08-01,route,17,0.9062395919772844,2834352,265750
q60_s0_d0.0,2025-08-01,route,25,0.79482100710149,384708,78934
q60_s0_d0.0,2025-08-01,route,26,0.8201385452746165,925618,166483
q60_s0_d0.0,2025-08-01,route,28,0.7652797568719735,507387,119094
q60_s0_d0.0,2025-08-01,route,50,0.6903662944724671,1068976,330991
q60_s0_d0.0,2025-08-01,month,8,0.7533921521693974,5309977,1309482
q60_s0_d0.0,2025-08-01,month,9,0.8893521700982515,6147694,680229
q60_s0_d0.0,2025-08-01,lead_week,1,0.6748522591632882,1162001,377822
q60_s0_d0.0,2025-08-01,lead_week,2,0.7235041139389535,1189128,328789
q60_s0_d0.0,2025-08-01,lead_week,3,0.7564027459954233,1201750,292743
q60_s0_d0.0,2025-08-01,lead_week,4,0.8161601477319608,1272575,233950
q60_s0_d0.0,2025-08-01,lead_week,5,0.8883787538169189,1420321,158538
q60_s0_d0.0,2025-08-01,lead_week,6,0.8986544491673054,1435100,145441
q60_s0_d0.0,2025-08-01,lead_week,7,0.8918241243389583,1425780,154235
q60_s0_d0.0,2025-08-01,lead_week,8,0.8696237967741705,1393130,181631
q60_s0_d0.0,2025-08-01,lead_week,9,0.878313285714584,957886,116562
q60_s0_d0.5,2025-08-01,route,1,0.8567756482525366,997875,142920
q60_s0_d0.5,2025-08-01,route,5,,0,0
q60_s0_d0.5,2025-08-01,route,7,0.6527800202131389,1121053,389252
q60_s0_d0.5,2025-08-01,route,11,0.8580166315842722,1779145,252609
q60_s0_d0.5,2025-08-01,route,12,0.8582643888658333,1838557,260589
q60_s0_d0.5,2025-08-01,route,17,0.9052580625130542,2834352,268532
q60_s0_d0.5,2025-08-01,route,25,0.7937006768770081,384708,79365
q60_s0_d0.5,2025-08-01,route,26,0.817038994488007,925618,169352
q60_s0_d0.5,2025-08-01,route,28,0.7611862345704561,507387,121171
q60_s0_d0.5,2025-08-01,route,50,0.6865907185942435,1068976,335027
q60_s0_d0.5,2025-08-01,month,8,0.7492281040012038,5309977,1331593
q60_s0_d0.5,2025-08-01,month,9,0.8882143450861413,6147694,687224
q60_s0_d0.5,2025-08-01,lead_week,1,0.6708255844874488,1162001,382501
q60_s0_d0.5,2025-08-01,lead_week,2,0.7196752578359942,1189128,333342
q60_s0_d0.5,2025-08-01,lead_week,3,0.7521264822134387,1201750,297882
q60_s0_d0.5,2025-08-01,lead_week,4,0.8120794452193387,1272575,239143
q60_s0_d0.5,2025-08-01,lead_week,5,0.8858715741019108,1420321,162099
q60_s0_d0.5,2025-08-01,lead_week,6,0.8977255940352589,1435100,146774
q60_s0_d0.5,2025-08-01,lead_week,7,0.8915933734517246,1425780,154564
q60_s0_d0.5,2025-08-01,lead_week,8,0.867629008060985,1393130,184410
q60_s0_d0.5,2025-08-01,lead_week,9,0.8767055787431908,957886,118102
q60_s0_d1.0,2025-08-01,route,1,0.8528853814355506,997875,146802
q60_s0_d1.0,2025-08-01,route,5,,0,0
q60_s0_d1.0,2025-08-01,route,7,0.6472218530256821,1121053,395483
q60_s0_d1.0,2025-08-01,route,11,0.8534363416135279,1779145,260758
q60_s0_d1.0,2025-08-01,route,12,0.8540801291447586,1838557,268282
q60_s0_d1.0,2025-08-01,route,17,0.9031185964199224,2834352,274596
q60_s0_d1.0,2025-08-01,route,25,0.7902487081110868,384708,80693
q60_s0_d1.0,2025-08-01,route,26,0.8121082347145366,925618,173916
q60_s0_d1.0,2025-08-01,route,28,0.7555672494565292,507387,124022
q60_s0_d1.0,2025-08-01,route,50,0.679813204412447,1068976,342272
q60_s0_d1.0,2025-08-01,month,8,0.7442139579888952,5309977,1358218
q60_s0_d1.0,2025-08-01,month,9,0.8847362929905099,6147694,708606
q60_s0_d1.0,2025-08-01,lead_week,1,0.6660622495161364,1162001,388036
q60_s0_d1.0,2025-08-01,lead_week,2,0.7149163084209605,1189128,339001
q60_s0_d1.0,2025-08-01,lead_week,3,0.7469115872685667,1201750,304149
q60_s0_d1.0,2025-08-01,lead_week,4,0.807297801701275,1272575,245228
q60_s0_d1.0,2025-08-01,lead_week,5,0.8822899893756412,1420321,167186
q60_s0_d1.0,2025-08-01,lead_week,6,0.893925858825169,1435100,152227
q60_s0_d1.0,2025-08-01,lead_week,7,0.8888026203201055,1425780,158543
q60_s0_d1.0,2025-08-01,lead_week,8,0.8637549977389045,1393130,189807
q60_s0_d1.0,2025-08-01,lead_week,9,0.871960755246449,957886,122647
exp_h7_s1_d0.0,2025-08-01,route,1,0.9027703870725291,997875,97023
exp_h7_s1_d0.0,2025-08-01,route,5,,0,0
exp_h7_s1_d0.0,2025-08-01,route,7,0.7266132823336631,1121053,306481
exp_h7_s1_d0.0,2025-08-01,route,11,0.8940710284996445,1779145,188463
exp_h7_s1_d0.0,2025-08-01,route,12,0.9092173916827164,1838557,166909
exp_h7_s1_d0.0,2025-08-01,route,17,0.907197835695778,2834352,263034
exp_h7_s1_d0.0,2025-08-01,route,25,0.8354414257046903,384708,63307
exp_h7_s1_d0.0,2025-08-01,route,26,0.8955443822397576,925618,96686
exp_h7_s1_d0.0,2025-08-01,route,28,0.827904538350411,507387,87319
exp_h7_s1_d0.0,2025-08-01,route,50,0.7001064570205505,1068976,320579
exp_h7_s1_d0.0,2025-08-01,month,8,0.850720069032314,5309977,792673
exp_h7_s1_d0.0,2025-08-01,month,9,0.870337072730035,6147694,797128
exp_h7_s1_d0.0,2025-08-01,lead_week,1,0.9038752978697953,1162001,111697
exp_h7_s1_d0.0,2025-08-01,lead_week,2,0.8647546773770359,1189128,160824
exp_h7_s1_d0.0,2025-08-01,lead_week,3,0.8349057624297899,1201750,198402
exp_h7_s1_d0.0,2025-08-01,lead_week,4,0.826096693711569,1272575,221305
exp_h7_s1_d0.0,2025-08-01,lead_week,5,0.8639349837114286,1420321,193256
exp_h7_s1_d0.0,2025-08-01,lead_week,6,0.8779200055745244,1435100,175197
exp_h7_s1_d0.0,2025-08-01,lead_week,7,0.87648936020985,1425780,176099
exp_h7_s1_d0.0,2025-08-01,lead_week,8,0.8465261676943285,1393130,213809
exp_h7_s1_d0.0,2025-08-01,lead_week,9,0.8546674656483131,957886,139212
exp_h7_s1_d0.5,2025-08-01,route,1,0.9078612050607541,997875,91943
exp_h7_s1_d0.5,2025-08-01,route,5,,0,0
exp_h7_s1_d0.5,2025-08-01,route,7,0.7299940323963274,1121053,302691
exp_h7_s1_d0.5,2025-08-01,route,11,0.8986125357966889,1779145,180383
exp_h7_s1_d0.5,2025-08-01,route,12,0.9103155354987634,1838557,164890
exp_h7_s1_d0.5,2025-08-01,route,17,0.9093824620230656,2834352,256842
exp_h7_s1_d0.5,2025-08-01,route,25,0.8434838890795097,384708,60213
exp_h7_s1_d0.5,2025-08-01,route,26,0.8997145690770922,925618,92826
exp_h7_s1_d0.5,2025-08-01,route,28,0.8348282474718509,507387,83806
exp_h7_s1_d0.5,2025-08-01,route,50,0.7027931403511398,1068976,317707
exp_h7_s1_d0.5,2025-08-01,month,8,0.852689569088529,5309977,782215
exp_h7_s1_d0.5,2025-08-01,month,9,0.8748984578607849,6147694,769086
exp_h7_s1_d0.5,2025-08-01,lead_week,1,0.9041334732069938,1162001,111397
exp_h7_s1_d0.5,2025-08-01,lead_week,2,0.8676542811202831,1189128,157376
exp_h7_s1_d0.5,2025-08-01,lead_week,3,0.8377516122321614,1201750,194982
exp_h7_s1_d0.5,2025-08-01,lead_week,4,0.8281130778146671,1272575,218739
exp_h7_s1_d0.5,2025-08-01,lead_week,5,0.8677094825747138,1420321,187895
exp_h7_s1_d0.5,2025-08-01,lead_week,6,0.8830848024527908,1435100,167785
exp_h7_s1_d0.5,2025-08-01,lead_week,7,0.8803735499165369,1425780,170561
exp_h7_s1_d0.5,2025-08-01,lead_week,8,0.8502286218802265,1393130,208651
exp_h7_s1_d0.5,2025-08-01,lead_week,9,0.8601973512505663,957886,133915
exp_h7_s1_d1.0,2025-08-01,route,1,0.9070344482024302,997875,92768
exp_h7_s1_d1.0,2025-08-01,route,5,,0,0
exp_h7_s1_d1.0,2025-08-01,route,7,0.7260522027058489,1121053,307110
exp_h7_s1_d1.0,2025-08-01,route,11,0.8978408167968321,1779145,181756
exp_h7_s1_d1.0,2025-08-01,route,12,0.9051609495925337,1838557,174367
exp_h7_s1_d1.0,2025-08-01,route,17,0.9073576605869702,2834352,262581
exp_h7_s1_d1.0,2025-08-01,route,25,0.8435904634164093,384708,60172
exp_h7_s1_d1.0,2025-08-01,route,26,0.897701859730472,925618,94689
exp_h7_s1_d1.0,2025-08-01,route,28,0.835835368269191,507387,83295
exp_h7_s1_d1.0,2025-08-01,route,50,0.6996097199562946,1068976,321110
exp_h7_s1_d1.0,2025-08-01,month,8,0.8502151704235253,5309977,795354
exp_h7_s1_d1.0,2025-08-01,month,9,0.8727174774801738,6147694,782494
exp_h7_s1_d1.0,2025-08-01,lead_week,1,0.8996489675998558,1162001,116608
exp_h7_s1_d1.0,2025-08-01,lead_week,2,0.8654299621235056,1189128,160021
exp_h7_s1_d1.0,2025-08-01,lead_week,3,0.83626128562513,1201750,196773
exp_h7_s1_d1.0,2025-08-01,lead_week,4,0.8265186727697778,1272575,220768
exp_h7_s1_d1.0,2025-08-01,lead_week,5,0.8662119337811663,1420321,190022
exp_h7_s1_d1.0,2025-08-01,lead_week,6,0.8814674935544562,1435100,170106
exp_h7_s1_d1.0,2025-08-01,lead_week,7,0.8784286495812819,1425780,173334
exp_h7_s1_d1.0,2025-08-01,lead_week,8,0.8469862826871863,1393130,213168
exp_h7_s1_d1.0,2025-08-01,lead_week,9,0.8569266071327903,957886,137048
exp_h14_s1_d0.0,2025-08-01,route,1,0.906593511211324,997875,93208
exp_h14_s1_d0.0,2025-08-01,route,5,,0,0
exp_h14_s1_d0.0,2025-08-01,route,7,0.7615759468999236,1121053,267286
exp_h14_s1_d0.0,2025-08-01,route,11,0.8945937514929925,1779145,187533
exp_h14_s1_d0.0,2025-08-01,route,12,0.9106070684781598,1838557,164354
exp_h14_s1_d0.0,2025-08-01,route,17,0.9073661281308744,2834352,262557
exp_h14_s1_d0.0,2025-08-01,route,25,0.8423401644883912,384708,60653
exp_h14_s1_d0.0,2025-08-01,route,26,0.9005810172230877,925618,92024
exp_h14_s1_d0.0,2025-08-01,route,28,0.8362512244105584,507387,83084
exp_h14_s1_d0.0,2025-08-01,route,50,0.7183407298199398,1068976,301087
exp_h14_s1_d0.0,2025-08-01,month,8,0.8642415965266893,5309977,720874
exp_h14_s1_d0.0,2025-08-01,month,9,0.8713481835628123,6147694,790912
exp_h14_s1_d0.0,2025-08-01,lead_week,1,0.8902720393528061,1162001,127504
exp_h14_s1_d0.0,2025-08-01,lead_week,2,0.8758813180750937,1189128,147593
exp_h14_s1_d0.0,2025-08-01,lead_week,3,0.8607389224048263,1201750,167357
exp_h14_s1_d0.0,2025-08-01,lead_week,4,0.8521140207846296,1272575,188196
exp_h14_s1_d0.0,2025-08-01,lead_week,5,0.8735673133045276,1420321,179575
exp_h14_s1_d0.0,2025-08-01,lead_week,6,0.8775263047871229,1435100,175762
exp_h14_s1_d0.0,2025-08-01,lead_week,7,0.8776515310917533,1425780,174442
exp_h14_s1_d0.0,2025-08-01,lead_week,8,0.8478778003488547,1393130,211926
exp_h14_s1_d0.0,2025-08-01,lead_week,9,0.8544388371893942,957886,139431
exp_h14_s1_d0.5,2025-08-01,route,1,0.9135733433546286,997875,86243
exp_h14_s1_d0.5,2025-08-01,route,5,,0,0
exp_h14_s1_d0.5,2025-08-01,route,7,0.759141628451108,1121053,270015
exp_h14_s1_d0.5,2025-08-01,route,11,0.899693392050676,1779145,178460
exp_h14_s1_d0.5,2025-08-01,route,12,0.9126537822868696,1838557,160591
exp_h14_s1_d0.5,2025-08-01,route,17,0.9130277396738302,2834352,246510
exp_h14_s1_d0.5,2025-08-01,route,25,0.8475857013631117,384708,58635
exp_h14_s1_d0.5,2025-08-01,route,26,0.9056392593921034,925618,87342
exp_h14_s1_d0.5,2025-08-01,route,28,0.8402994164217845,507387,81030
exp_h14_s1_d0.5,2025-08-01,route,50,0.7210994447022196,1068976,298138
exp_h14_s1_d0.5,2025-08-01,month,8,0.865152523259517,5309977,716037
exp_h14_s1_d0.5,2025-08-01,month,9,0.8778522483389707,6147694,750927
exp_h14_s1_d0.5,2025-08-01,lead_week,1,0.8888701472718181,1162001,129133
exp_h14_s1_d0.5,2025-08-01,lead_week,2,0.8771704980456267,1189128,146060
exp_h14_s1_d0.5,2025-08-01,lead_week,3,0.8619829415435822,1201750,165862
exp_h14_s1_d0.5,2025-08-01,lead_week,4,0.8536408463155414,1272575,186253
exp_h14_s1_d0.5,2025-08-01,lead_week,5,0.8770996133972532,1420321,174558
exp_h14_s1_d0.5,2025-08-01,lead_week,6,0.8857745104870741,1435100,163925
exp_h14_s1_d0.5,2025-08-01,lead_week,7,0.8838635694146362,1425780,165585
exp_h14_s1_d0.5,2025-08-01,lead_week,8,0.8534027693036543,1393130,204229
exp_h14_s1_d0.5,2025-08-01,lead_week,9,0.8628657272368528,957886,131359
exp_h14_s1_d1.0,2025-08-01,route,1,0.9127626205687085,997875,87052
exp_h14_s1_d1.0,2025-08-01,route,5,,0,0
exp_h14_s1_d1.0,2025-08-01,route,7,0.7518199407164514,1121053,278223
exp_h14_s1_d1.0,2025-08-01,route,11,0.8993297342262716,1779145,179107
exp_h14_s1_d1.0,2025-08-01,route,12,0.9082057287318261,1838557,168769
exp_h14_s1_d1.0,2025-08-01,route,17,0.9127070314484581,2834352,247419
exp_h14_s1_d1.0,2025-08-01,route,25,0.8461300518835064,384708,59195
exp_h14_s1_d1.0,2025-08-01,route,26,0.9034709783085463,925618,89349
exp_h14_s1_d1.0,2025-08-01,route,28,0.8388212547818529,507387,81780
exp_h14_s1_d1.0,2025-08-01,route,50,0.7151573094250947,1068976,304490
exp_h14_s1_d1.0,2025-08-01,month,8,0.8623327370344542,5309977,731010
exp_h14_s1_d1.0,2025-08-01,month,9,0.8756649241162622,6147694,764374
exp_h14_s1_d1.0,2025-08-01,lead_week,1,0.8842617175028249,1162001,134488
exp_h14_s1_d1.0,2025-08-01,lead_week,2,0.8739437638336663,1189128,149897
exp_h14_s1_d1.0,2025-08-01,lead_week,3,0.85983690451425,1201750,168441
exp_h14_s1_d1.0,2025-08-01,lead_week,4,0.8518201284796574,1272575,188570
exp_h14_s1_d1.0,2025-08-01,lead_week,5,0.8756619102301522,1420321,176600
exp_h14_s1_d1.0,2025-08-01,lead_week,6,0.8845613546094349,1435100,165666
exp_h14_s1_d1.0,2025-08-01,lead_week,7,0.88178120046571,1425780,168554
exp_h14_s1_d1.0,2025-08-01,lead_week,8,0.8498761781025461,1393130,209142
exp_h14_s1_d1.0,2025-08-01,lead_week,9,0.8600814710727581,957886,134026
exp_h28_s1_d0.0,2025-08-01,route,1,0.9107974445697107,997875,89013
exp_h28_s1_d0.0,2025-08-01,route,5,,0,0
exp_h28_s1_d0.0,2025-08-01,route,7,0.7796634057444206,1121053,247009
exp_h28_s1_d0.0,2025-08-01,route,11,0.8962108203659623,1779145,184656
exp_h28_s1_d0.0,2025-08-01,route,12,0.9111988369139493,1838557,163266
exp_h28_s1_d0.0,2025-08-01,route,17,0.9106529464230272,2834352,253241
exp_h28_s1_d0.0,2025-08-01,route,25,0.8454516152510476,384708,59456
exp_h28_s1_d0.0,2025-08-01,route,26,0.9071593249050904,925618,85935
exp_h28_s1_d0.0,2025-08-01,route,28,0.8395051509005946,507387,81433
exp_h28_s1_d0.0,2025-08-01,route,50,0.730505642783374,1068976,288083
exp_h28_s1_d0.0,2025-08-01,month,8,0.8713344709402696,5309977,683211
exp_h28_s1_d0.0,2025-08-01,month,9,0.8749318036974514,6147694,768881
exp_h28_s1_d0.0,2025-08-01,lead_week,1,0.8713271331091798,1162001,149518
exp_h28_s1_d0.0,2025-08-01,lead_week,2,0.879879205602761,1189128,142839
exp_h28_s1_d0.0,2025-08-01,lead_week,3,0.8785313085084252,1201750,145975
exp_h28_s1_d0.0,2025-08-01,lead_week,4,0.8725026029900006,1272575,162250
exp_h28_s1_d0.0,2025-08-01,lead_week,5,0.8804509684782524,1420321,169798
exp_h28_s1_d0.0,2025-08-01,lead_week,6,0.880371402689708,1435100,171679
exp_h28_s1_d0.0,2025-08-01,lead_week,7,0.8808518845824742,1425780,169879
exp_h28_s1_d0.0,2025-08-01,lead_week,8,0.852326057151881,1393130,205729
exp_h28_s1_d0.0,2025-08-01,lead_week,9,0.8596649288119881,957886,134425
exp_h28_s1_d0.5,2025-08-01,route,1,0.917294250281849,997875,82530
exp_h28_s1_d0.5,2025-08-01,route,5,,0,0
exp_h28_s1_d0.5,2025-08-01,route,7,0.775310355531808,1121053,251889
exp_h28_s1_d0.5,2025-08-01,route,11,0.9004842213535154,1779145,177053
exp_h28_s1_d0.5,2025-08-01,route,12,0.9133108193001359,1838557,159383
exp_h28_s1_d0.5,2025-08-01,route,17,0.9173394835927224,2834352,234289
exp_h28_s1_d0.5,2025-08-01,route,25,0.8486670409765329,384708,58219
exp_h28_s1_d0.5,2025-08-01,route,26,0.9098213301815652,925618,83471
exp_h28_s1_d0.5,2025-08-01,route,28,0.8411429539976389,507387,80602
exp_h28_s1_d0.5,2025-08-01,route,50,0.731653470236937,1068976,286856
exp_h28_s1_d0.5,2025-08-01,month,8,0.8721437023173546,5309977,678914
exp_h28_s1_d0.5,2025-08-01,month,9,0.8803814893844749,6147694,735378
exp_h28_s1_d0.5,2025-08-01,lead_week,1,0.8694149144449962,1162001,151740
exp_h28_s1_d0.5,2025-08-01,lead_week,2,0.8802155865474532,1189128,142439
exp_h28_s1_d0.5,2025-08-01,lead_week,3,0.8792169752444352,1201750,145151
exp_h28_s1_d0.5,2025-08-01,lead_week,4,0.8744796966779954,1272575,159734
exp_h28_s1_d0.5,2025-08-01,lead_week,5,0.8836981217626156,1420321,165186
exp_h28_s1_d0.5,2025-08-01,lead_week,6,0.8879443941188767,1435100,160811
exp_h28_s1_d0.5,2025-08-01,lead_week,7,0.8863155606054229,1425780,162089
exp_h28_s1_d0.5,2025-08-01,lead_week,8,0.8566759742450454,1393130,199669
exp_h28_s1_d0.5,2025-08-01,lead_week,9,0.8669225774257062,957886,127473
exp_h28_s1_d1.0,2025-08-01,route,1,0.9158812476512589,997875,83940
exp_h28_s1_d1.0,2025-08-01,route,5,,0,0
exp_h28_s1_d1.0,2025-08-01,route,7,0.7668772127633573,1121053,261343
exp_h28_s1_d1.0,2025-08-01,route,11,0.8992212551534585,1779145,179300
exp_h28_s1_d1.0,2025-08-01,route,12,0.9090128834732891,1838557,167285
exp_h28_s1_d1.0,2025-08-01,route,17,0.9171687214573208,2834352,234773
exp_h28_s1_d1.0,2025-08-01,route,25,0.8457245495284735,384708,59351
exp_h28_s1_d1.0,2025-08-01,route,26,0.9051455351991858,925618,87799
exp_h28_s1_d1.0,2025-08-01,route,28,0.8380604942578347,507387,82166
exp_h28_s1_d1.0,2025-08-01,route,50,0.7231995853976141,1068976,295893
exp_h28_s1_d1.0,2025-08-01,month,8,0.868644628780878,5309977,697494
exp_h28_s1_d1.0,2025-08-01,month,9,0.8772944782222407,6147694,754356
exp_h28_s1_d1.0,2025-08-01,lead_week,1,0.8641274835391708,1162001,157884
exp_h28_s1_d1.0,2025-08-01,lead_week,2,0.8761386494977832,1189128,147287
exp_h28_s1_d1.0,2025-08-01,lead_week,3,0.875490742666944,1201750,149629
exp_h28_s1_d1.0,2025-08-01,lead_week,4,0.8725874702866236,1272575,162142
exp_h28_s1_d1.0,2025-08-01,lead_week,5,0.881804183702135,1420321,167876
exp_h28_s1_d1.0,2025-08-01,lead_week,6,0.8853808096996725,1435100,164490
exp_h28_s1_d1.0,2025-08-01,lead_week,7,0.8833508675952811,1425780,166316
exp_h28_s1_d1.0,2025-08-01,lead_week,8,0.8522908845549231,1393130,205778
exp_h28_s1_d1.0,2025-08-01,lead_week,9,0.8638167798673329,957886,130448
exp_h56_s1_d0.0,2025-08-01,route,1,0.913300764123763,997875,86515
exp_h56_s1_d0.0,2025-08-01,route,5,,0,0
exp_h56_s1_d0.0,2025-08-01,route,7,0.7885372056450498,1121053,237061
exp_h56_s1_d0.0,2025-08-01,route,11,0.8964345233244058,1779145,184258
exp_h56_s1_d0.0,2025-08-01,route,12,0.9111498854808417,1838557,163356
exp_h56_s1_d0.0,2025-08-01,route,17,0.9152532924633214,2834352,240202
exp_h56_s1_d0.0,2025-08-01,route,25,0.8459480956985558,384708,59265
exp_h56_s1_d0.0,2025-08-01,route,26,0.9103366615601685,925618,82994
exp_h56_s1_d0.0,2025-08-01,route,28,0.8411133907648403,507387,80617
exp_h56_s1_d0.0,2025-08-01,route,50,0.7388566254059961,1068976,279156
exp_h56_s1_d0.0,2025-08-01,month,8,0.8727495429829546,5309977,675697
exp_h56_s1_d0.0,2025-08-01,month,9,0.8799993948950615,6147694,737727
exp_h56_s1_d0.0,2025-08-01,lead_week,1,0.857809072453466,1162001,165226
exp_h56_s1_d0.0,2025-08-01,lead_week,2,0.8776977751764318,1189128,145433
exp_h56_s1_d0.0,2025-08-01,lead_week,3,0.8858706053671729,1201750,137155
exp_h56_s1_d0.0,2025-08-01,lead_week,4,0.882719682533446,1272575,149248
exp_h56_s1_d0.0,2025-08-01,lead_week,5,0.8857061185464412,1420321,162334
exp_h56_s1_d0.0,2025-08-01,lead_week,6,0.8854226186328479,1435100,164430
exp_h56_s1_d0.0,2025-08-01,lead_week,7,0.8846105289736145,1425780,164520
exp_h56_s1_d0.0,2025-08-01,lead_week,8,0.8588200670432766,1393130,196682
exp_h56_s1_d0.0,2025-08-01,lead_week,9,0.865958997208436,957886,128396
exp_h56_s1_d0.5,2025-08-01,route,1,0.9186531379180759,997875,81174
exp_h56_s1_d0.5,2025-08-01,route,5,,0,0
exp_h56_s1_d0.5,2025-08-01,route,7,0.7841859394694095,1121053,241939
exp_h56_s1_d0.5,2025-08-01,route,11,0.8996568576479151,1779145,178525
exp_h56_s1_d0.5,2025-08-01,route,12,0.9122012534830304,1838557,161423
exp_h56_s1_d0.5,2025-08-01,route,17,0.9215436191411652,2834352,222373
exp_h56_s1_d0.5,2025-08-01,route,25,0.8479756074737204,384708,58485
exp_h56_s1_d0.5,2025-08-01,route,26,0.910815260723106,925618,82551
exp_h56_s1_d0.5,2025-08-01,route,28,0.8414819457337299,507387,80430
exp_h56_s1_d0.5,2025-08-01,route,50,0.7372176737363607,1068976,280908
exp_h56_s1_d0.5,2025-08-01,month,8,0.8737693214113733,5309977,670282
exp_h56_s1_d0.5,2025-08-01,month,9,0.8832853424389698,6147694,717526
exp_h56_s1_d0.5,2025-08-01,lead_week,1,0.8559295559986609,1162001,167410
exp_h56_s1_d0.5,2025-08-01,lead_week,2,0.8780139732644425,1189128,145057
exp_h56_s1_d0.5,2025-08-01,lead_week,3,0.8861784897025171,1201750,136785
exp_h56_s1_d0.5,2025-08-01,lead_week,4,0.8853458538789463,1272575,145906
exp_h56_s1_d0.5,2025-08-01,lead_week,5,0.8879985580724358,1420321,159078
exp_h56_s1_d0.5,2025-08-01,lead_week,6,0.8904598982649292,1435100,157201
exp_h56_s1_d0.5,2025-08-01,lead_week,7,0.8884912118279118,1425780,158987
exp_h56_s1_d0.5,2025-08-01,lead_week,8,0.860656937974202,1393130,194123
exp_h56_s1_d0.5,2025-08-01,lead_week,9,0.8713197603890234,957886,123261
exp_h56_s1_d1.0,2025-08-01,route,1,0.9164564699987473,997875,83366
exp_h56_s1_d1.0,2025-08-01,route,5,,0,0
exp_h56_s1_d1.0,2025-08-01,route,7,0.7759017637881527,1121053,251226
exp_h56_s1_d1.0,2025-08-01,route,11,0.8975530381166235,1779145,182268
exp_h56_s1_d1.0,2025-08-01,route,12,0.9071124800590898,1838557,170779
exp_h56_s1_d1.0,2025-08-01,route,17,0.9207423777992289,2834352,224644
exp_h56_s1_d1.0,2025-08-01,route,25,0.8438815933123304,384708,60060
exp_h56_s1_d1.0,2025-08-01,route,26,0.9044119712451573,925618,88478
exp_h56_s1_d1.0,2025-08-01,route,28,0.8369292078827404,507387,82740
exp_h56_s1_d1.0,2025-08-01,route,50,0.7267665504183443,1068976,292080
exp_h56_s1_d1.0,2025-08-01,month,8,0.8697073452483881,5309977,691851
exp_h56_s1_d1.0,2025-08-01,month,9,0.8790131714428207,6147694,743790
exp_h56_s1_d1.0,2025-08-01,lead_week,1,0.8497927282334525,1162001,174541
exp_h56_s1_d1.0,2025-08-01,lead_week,2,0.8737646409806177,1189128,150110
exp_h56_s1_d1.0,2025-08-01,lead_week,3,0.8814295818597878,1201750,142492
exp_h56_s1_d1.0,2025-08-01,lead_week,4,0.8833726892324617,1272575,148417
exp_h56_s1_d1.0,2025-08-01,lead_week,5,0.884701416088335,1420321,163761
exp_h56_s1_d1.0,2025-08-01,lead_week,6,0.8866977910946973,1435100,162600
exp_h56_s1_d1.0,2025-08-01,lead_week,7,0.8846918879490524,1425780,164404
exp_h56_s1_d1.0,2025-08-01,lead_week,8,0.8546366814295866,1393130,202510
exp_h56_s1_d1.0,2025-08-01,lead_week,9,0.8676189024581213,957886,126806
exp_h112_s1_d0.0,2025-08-01,route,1,0.9130161593385945,997875,86799
exp_h112_s1_d0.0,2025-08-01,route,5,,0,0
exp_h112_s1_d0.0,2025-08-01,route,7,0.7921623687729304,1121053,232997
exp_h112_s1_d0.0,2025-08-01,route,11,0.8954469703143926,1779145,186015
exp_h112_s1_d0.0,2025-08-01,route,12,0.9101599787224437,1838557,165176
exp_h112_s1_d0.0,2025-08-01,route,17,0.9178993999333886,2834352,232702
exp_h112_s1_d0.0,2025-08-01,route,25,0.8450357153997318,384708,59616
exp_h112_s1_d0.0,2025-08-01,route,26,0.9111058773705784,925618,82282
exp_h112_s1_d0.0,2025-08-01,route,28,0.8418130539410745,507387,80262
exp_h112_s1_d0.0,2025-08-01,route,50,0.7439895750699734,1068976,273669
exp_h112_s1_d0.0,2025-08-01,month,8,0.8724450218899253,5309977,677314
exp_h112_s1_d0.0,2025-08-01,month,9,0.8825244067125007,6147694,722204
exp_h112_s1_d0.0,2025-08-01,lead_week,1,0.8504243972251315,1162001,173807
exp_h112_s1_d0.0,2025-08-01,lead_week,2,0.8751269838066214,1189128,148490
exp_h112_s1_d0.0,2025-08-01,lead_week,3,0.8879517370501352,1201750,134654
exp_h112_s1_d0.0,2025-08-01,lead_week,4,0.8871870027306838,1272575,143563
exp_h112_s1_d0.0,2025-08-01,lead_week,5,0.8884069164646583,1420321,158498
exp_h112_s1_d0.0,2025-08-01,lead_week,6,0.8875151557382761,1435100,161427
exp_h112_s1_d0.0,2025-08-01,lead_week,7,0.8862776865996156,1425780,162143
exp_h112_s1_d0.0,2025-08-01,lead_week,8,0.8627285321542139,1393130,191237
exp_h112_s1_d0.0,2025-08-01,lead_week,9,0.868774572339506,957886,125699
exp_h112_s1_d0.5,2025-08-01,route,1,0.918366528873857,997875,81460
exp_h112_s1_d0.5,2025-08-01,route,5,,0,0
exp_h112_s1_d0.5,2025-08-01,route,7,0.7887753745808628,1121053,236794
exp_h112_s1_d0.5,2025-08-01,route,11,0.8984214327668627,1779145,180723
exp_h112_s1_d0.5,2025-08-01,route,12,0.9107691521122272,1838557,164056
exp_h112_s1_d0.5,2025-08-01,route,17,0.9240157891468668,2834352,215366
exp_h112_s1_d0.5,2025-08-01,route,25,0.8465693461014587,384708,59026
exp_h112_s1_d0.5,2025-08-01,route,26,0.9108433500644975,925618,82525
exp_h112_s1_d0.5,2025-08-01,route,28,0.8416120239580438,507387,80364
exp_h112_s1_d0.5,2025-08-01,route,50,0.7406321563814342,1068976,277258
exp_h112_s1_d0.5,2025-08-01,month,8,0.8736821270600608,5309977,670745
exp_h112_s1_d0.5,2025-08-01,month,9,0.8850256697877286,6147694,706827
exp_h112_s1_d0.5,2025-08-01,lead_week,1,0.8484166536861845,1162001,176140
exp_h112_s1_d0.5,2025-08-01,lead_week,2,0.8757349923641525,1189128,147767
exp_h112_s1_d0.5,2025-08-01,lead_week,3,0.8882654462242563,1201750,134277
exp_h112_s1_d0.5,2025-08-01,lead_week,4,0.8902571557668507,1272575,139656
exp_h112_s1_d0.5,2025-08-01,lead_week,5,0.8904184335794514,1420321,155641
exp_h112_s1_d0.5,2025-08-01,lead_week,6,0.8919970733746777,1435100,154995
exp_h112_s1_d0.5,2025-08-01,lead_week,7,0.8895867525144132,1425780,157425
exp_h112_s1_d0.5,2025-08-01,lead_week,8,0.8632984717865526,1393130,190443
exp_h112_s1_d0.5,2025-08-01,lead_week,9,0.8734421423843756,957886,121228
exp_h112_s1_d1.0,2025-08-01,route,1,0.9159323562570463,997875,83889
exp_h112_s1_d1.0,2025-08-01,route,5,,0,0
exp_h112_s1_d1.0,2025-08-01,route,7,0.7804804946777717,1121053,246093
exp_h112_s1_d1.0,2025-08-01,route,11,0.8958505349479666,1779145,185297
exp_h112_s1_d1.0,2025-08-01,route,12,0.9051734594032168,1838557,174344
exp_h112_s1_d1.0,2025-08-01,route,17,0.9229181837682828,2834352,218477
exp_h112_s1_d1.0,2025-08-01,route,25,0.8419580564999948,384708,60800
exp_h112_s1_d1.0,2025-08-01,route,26,0.9037010948360987,925618,89136
exp_h112_s1_d1.0,2025-08-01,route,28,0.836044281780968,507387,83189
exp_h112_s1_d1.0,2025-08-01,route,50,0.7287759500681026,1068976,289932
exp_h112_s1_d1.0,2025-08-01,month,8,0.869227870478535,5309977,694397
exp_h112_s1_d1.0,2025-08-01,month,9,0.8801566896465569,6147694,736760
exp_h112_s1_d1.0,2025-08-01,lead_week,1,0.8417307730372005,1162001,183909
exp_h112_s1_d1.0,2025-08-01,lead_week,2,0.8712686943710013,1189128,153078
exp_h112_s1_d1.0,2025-08-01,lead_week,3,0.8829174121073434,1201750,140704
exp_h112_s1_d1.0,2025-08-01,lead_week,4,0.8881221146101409,1272575,142373
exp_h112_s1_d1.0,2025-08-01,lead_week,5,0.8862292397282023,1420321,161591
exp_h112_s1_d1.0,2025-08-01,lead_week,6,0.8877005086753537,1435100,161161
exp_h112_s1_d1.0,2025-08-01,lead_week,7,0.8853126008220062,1425780,163519
exp_h112_s1_d1.0,2025-08-01,lead_week,8,0.8563974647017867,1393130,200057
exp_h112_s1_d1.0,2025-08-01,lead_week,9,0.8697496361780003,957886,124765
mean_s1_d0.0,2025-08-01,route,1,0.9102783414756357,997875,89531
mean_s1_d0.0,2025-08-01,route,5,,0,0
mean_s1_d0.0,2025-08-01,route,7,0.7939678141889812,1121053,230973
mean_s1_d0.0,2025-08-01,route,11,0.8928861897147226,1779145,190571
mean_s1_d0.0,2025-08-01,route,12,0.9080626817661894,1838557,169032
mean_s1_d0.0,2025-08-01,route,17,0.9194500189108481,2834352,228307
mean_s1_d0.0,2025-08-01,route,25,0.8424337419549373,384708,60617
mean_s1_d0.0,2025-08-01,route,26,0.9103517865901485,925618,82980
mean_s1_d0.0,2025-08-01,route,28,0.8422308809646286,507387,80050
mean_s1_d0.0,2025-08-01,route,50,0.7494256185358699,1068976,267858
mean_s1_d0.0,2025-08-01,month,8,0.8713591414802738,5309977,683080
mean_s1_d0.0,2025-08-01,month,9,0.8833970916574573,6147694,716839
mean_s1_d0.0,2025-08-01,lead_week,1,0.8427066758118108,1162001,182775
mean_s1_d0.0,2025-08-01,lead_week,2,0.8718455876911485,1189128,152392
mean_s1_d0.0,2025-08-01,lead_week,3,0.8885425421260662,1201750,133944
mean_s1_d0.0,2025-08-01,lead_week,4,0.8909337367149284,1272575,138795
mean_s1_d0.0,2025-08-01,lead_week,5,0.8900452784969032,1420321,156171
mean_s1_d0.0,2025-08-01,lead_week,6,0.8875486028848164,1435100,161379
mean_s1_d0.0,2025-08-01,lead_week,7,0.885917182173968,1425780,162657
mean_s1_d0.0,2025-08-01,lead_week,8,0.8654648166359206,1393130,187425
mean_s1_d0.0,2025-08-01,lead_week,9,0.8701505189552827,957886,124381
mean_s1_d0.5,2025-08-01,route,1,0.9166518852561694,997875,83171
mean_s1_d0.5,2025-08-01,route,5,,0,0
mean_s1_d0.5,2025-08-01,route,7,0.7921320401444,1121053,233031
mean_s1_d0.5,2025-08-01,route,11,0.8963237959806536,1779145,184455
mean_s1_d0.5,2025-08-01,route,12,0.9085560034309516,1838557,168125
mean_s1_d0.5,2025-08-01,route,17,0.9261386729665193,2834352,209349
mean_s1_d0.5,2025-08-01,route,25,0.8435904634164093,384708,60172
mean_s1_d0.5,2025-08-01,route,26,0.910308572218777,925618,83020
mean_s1_d0.5,2025-08-01,route,28,0.8416790339523874,507387,80330
mean_s1_d0.5,2025-08-01,route,50,0.7447594707458353,1068976,272846
mean_s1_d0.5,2025-08-01,month,8,0.8727760967702873,5309977,675556
mean_s1_d0.5,2025-08-01,month,9,0.8863081018671392,6147694,698943
mean_s1_d0.5,2025-08-01,lead_week,1,0.8404459204424093,1162001,185402
mean_s1_d0.5,2025-08-01,lead_week,2,0.8724788248195317,1189128,151639
mean_s1_d0.5,2025-08-01,lead_week,3,0.8890309964634907,1201750,133357
mean_s1_d0.5,2025-08-01,lead_week,4,0.8944848044319589,1272575,134276
mean_s1_d0.5,2025-08-01,lead_week,5,0.8925637232710071,1420321,152594
mean_s1_d0.5,2025-08-01,lead_week,6,0.8929670406243467,1435100,153603
mean_s1_d0.5,2025-08-01,lead_week,7,0.889994950132559,1425780,156843
mean_s1_d0.5,2025-08-01,lead_week,8,0.8658194138379045,1393130,186931
mean_s1_d0.5,2025-08-01,lead_week,9,0.8748765510718395,957886,119854
mean_s1_d1.0,2025-08-01,route,1,0.9145504196417387,997875,85268
mean_s1_d1.0,2025-08-01,route,5,,0,0
mean_s1_d1.0,2025-08-01,route,7,0.7837292260044797,1121053,242451
mean_s1_d1.0,2025-08-01,route,11,0.8934634332783444,1779145,189544
mean_s1_d1.0,2025-08-01,route,12,0.9024060717182008,1838557,179432
mean_s1_d1.0,2025-08-01,route,17,0.9250181346565282,2834352,212525
mean_s1_d1.0,2025-08-01,route,25,0.8387582270189339,384708,62031
mean_s1_d1.0,2025-08-01,route,26,0.9028054769894276,925618,89965
mean_s1_d1.0,2025-08-01,route,28,0.8349149662880602,507387,83762
mean_s1_d1.0,2025-08-01,route,50,0.7311651524449567,1068976,287378
mean_s1_d1.0,2025-08-01,month,8,0.8677756984634774,5309977,702108
mean_s1_d1.0,2025-08-01,month,9,0.8812159486142284,6147694,730248
mean_s1_d1.0,2025-08-01,lead_week,1,0.833117183203801,1162001,193918
mean_s1_d1.0,2025-08-01,lead_week,2,0.8677913563552452,1189128,157213
mean_s1_d1.0,2025-08-01,lead_week,3,0.8828183898481381,1201750,140823
mean_s1_d1.0,2025-08-01,lead_week,4,0.8919655030155393,1272575,137482
mean_s1_d1.0,2025-08-01,lead_week,5,0.8876324436518224,1420321,159598
mean_s1_d1.0,2025-08-01,lead_week,6,0.8887338861403387,1435100,159678
mean_s1_d1.0,2025-08-01,lead_week,7,0.8855980586065171,1425780,163112
mean_s1_d1.0,2025-08-01,lead_week,8,0.8582931958970089,1393130,197416
mean_s1_d1.0,2025-08-01,lead_week,9,0.8714711353960701,957886,123116
median_s1_d0.0,2025-08-01,route,1,0.9170096454966804,997875,82814
median_s1_d0.0,2025-08-01,route,5,,0,0
median_s1_d0.0,2025-08-01,route,7,0.7667041611770362,1121053,261537
median_s1_d0.0,2025-08-01,route,11,0.9006831933316284,1779145,176699
median_s1_d0.0,2025-08-01,route,12,0.9072152780686158,1838557,170590
median_s1_d0.0,2025-08-01,route,17,0.930321992469531,2834352,197492
median_s1_d0.0,2025-08-01,route,25,0.8454490158769769,384708,59457
median_s1_d0.0,2025-08-01,route,26,0.9123601744996316,925618,81121
median_s1_d0.0,2025-08-01,route,28,0.8395583647196322,507387,81406
median_s1_d0.0,2025-08-01,route,50,0.7437323195282214,1068976,273944
median_s1_d0.0,2025-08-01,month,8,0.8667056373313858,5309977,707790
median_s1_d0.0,2025-08-01,month,9,0.8898334887845751,6147694,677270
median_s1_d0.0,2025-08-01,lead_week,1,0.8310027271921453,1162001,196375
median_s1_d0.0,2025-08-01,lead_week,2,0.8602219441473079,1189128,166214
median_s1_d0.0,2025-08-01,lead_week,3,0.8820054087788641,1201750,141800
median_s1_d0.0,2025-08-01,lead_week,4,0.8943881500108048,1272575,134399
median_s1_d0.0,2025-08-01,lead_week,5,0.8941154851614529,1420321,150390
median_s1_d0.0,2025-08-01,lead_week,6,0.8973820639676677,1435100,147267
median_s1_d0.0,2025-08-01,lead_week,7,0.8909894934702408,1425780,155425
median_s1_d0.0,2025-08-01,lead_week,8,0.8709115445076914,1393130,179837
median_s1_d0.0,2025-08-01,lead_week,9,0.8816633712153639,957886,113353
median_s1_d0.5,2025-08-01,route,1,0.9169314793937117,997875,82892
median_s1_d0.5,2025-08-01,route,5,,0,0
median_s1_d0.5,2025-08-01,route,7,0.7758553788268708,1121053,251278
median_s1_d0.5,2025-08-01,route,11,0.8999744259180674,1779145,177960
median_s1_d0.5,2025-08-01,route,12,0.905668956687228,1838557,173433
median_s1_d0.5,2025-08-01,route,17,0.9308872010251373,2834352,195890
median_s1_d0.5,2025-08-01,route,25,0.8470918202896742,384708,58825
median_s1_d0.5,2025-08-01,route,26,0.9114191815630206,925618,81992
median_s1_d0.5,2025-08-01,route,28,0.8408906810777572,507387,80730
median_s1_d0.5,2025-08-01,route,50,0.7419876592177934,1068976,275809
median_s1_d0.5,2025-08-01,month,8,0.86949453830026,5309977,692981
median_s1_d0.5,2025-08-01,month,9,0.8884414221007096,6147694,685828
median_s1_d0.5,2025-08-01,lead_week,1,0.8258598744751511,1162001,202351
median_s1_d0.5,2025-08-01,lead_week,2,0.8634865212155461,1189128,162332
median_s1_d0.5,2025-08-01,lead_week,3,0.8868550031204494,1201750,135972
median_s1_d0.5,2025-08-01,lead_week,4,0.9007940592892364,1272575,126247
median_s1_d0.5,2025-08-01,lead_week,5,0.8950392200073082,1420321,149078
median_s1_d0.5,2025-08-01,lead_week,6,0.8964664483311268,1435100,148581
median_s1_d0.5,2025-08-01,lead_week,7,0.8904985341357011,1425780,156125
median_s1_d0.5,2025-08-01,lead_week,8,0.8687624270527518,1393130,182831
median_s1_d0.5,2025-08-01,lead_week,9,0.8796391219832005,957886,115292
median_s1_d1.0,2025-08-01,route,1,0.9134150068896405,997875,86401
median_s1_d1.0,2025-08-01,route,5,,0,0
median_s1_d1.0,2025-08-01,route,7,0.7724728447272341,1121053,255070
median_s1_d1.0,2025-08-01,route,11,0.8957943281744883,1779145,185397
median_s1_d1.0,2025-08-01,route,12,0.900629134696395,1838557,182699
median_s1_d1.0,2025-08-01,route,17,0.9285589792658075,2834352,202489
median_s1_d1.0,2025-08-01,route,25,0.8441623257119686,384708,59952
median_s1_d1.0,2025-08-01,route,26,0.9065705290951559,925618,86480
median_s1_d1.0,2025-08-01,route,28,0.8386616133247403,507387,81861
median_s1_d1.0,2025-08-01,route,50,0.7366872595830027,1068976,281475
median_s1_d1.0,2025-08-01,month,8,0.8663753157499552,5309977,709544
median_s1_d1.0,2025-08-01,month,9,0.884138670532398,6147694,712280
median_s1_d1.0,2025-08-01,lead_week,1,0.8175715855666217,1162001,211982
median_s1_d1.0,2025-08-01,lead_week,2,0.8622646174339517,1189128,163785
median_s1_d1.0,2025-08-01,lead_week,3,0.8844709798210942,1201750,138837
median_s1_d1.0,2025-08-01,lead_week,4,0.8999917490128283,1272575,127268
median_s1_d1.0,2025-08-01,lead_week,5,0.8918807790633244,1420321,153564
median_s1_d1.0,2025-08-01,lead_week,6,0.8923461779666922,1435100,154494
median_s1_d1.0,2025-08-01,lead_week,7,0.886950300887935,1425780,161184
median_s1_d1.0,2025-08-01,lead_week,8,0.8638303675895286,1393130,189702
median_s1_d1.0,2025-08-01,lead_week,9,0.8736718148088604,957886,121008
trim10_s1_d0.0,2025-08-01,route,1,0.917547789051735,997875,82277
trim10_s1_d0.0,2025-08-01,route,5,,0,0
trim10_s1_d0.0,2025-08-01,route,7,0.7934789880585486,1121053,231521
trim10_s1_d0.0,2025-08-01,route,11,0.8983444294871975,1779145,180860
trim10_s1_d0.0,2025-08-01,route,12,0.9087877068809942,1838557,167699
trim10_s1_d0.0,2025-08-01,route,17,0.9276279022506732,2834352,205128
trim10_s1_d0.0,2025-08-01,route,25,0.8433539203759735,384708,60263
trim10_s1_d0.0,2025-08-01,route,26,0.9122240492298119,925618,81247
trim10_s1_d0.0,2025-08-01,route,28,0.8416869174811337,507387,80326
trim10_s1_d0.0,2025-08-01,route,50,0.7430643905943632,1068976,274658
trim10_s1_d0.0,2025-08-01,month,8,0.8713591414802738,5309977,683080
trim10_s1_d0.0,2025-08-01,month,9,0.8892431861442681,6147694,680899
trim10_s1_d0.0,2025-08-01,lead_week,1,0.8427066758118108,1162001,182775
trim10_s1_d0.0,2025-08-01,lead_week,2,0.8718455876911485,1189128,152392
trim10_s1_d0.0,2025-08-01,lead_week,3,0.8885425421260662,1201750,133944
trim10_s1_d0.0,2025-08-01,lead_week,4,0.8909337367149284,1272575,138795
trim10_s1_d0.0,2025-08-01,lead_week,5,0.8897002860620944,1420321,156661
trim10_s1_d0.0,2025-08-01,lead_week,6,0.8967925580098948,1435100,148113
trim10_s1_d0.0,2025-08-01,lead_week,7,0.8916221296413191,1425780,154523
trim10_s1_d0.0,2025-08-01,lead_week,8,0.8705368486788742,1393130,180359
trim10_s1_d0.0,2025-08-01,lead_week,9,0.8784646607216308,957886,116417
trim10_s1_d0.5,2025-08-01,route,1,0.9187303018915195,997875,81097
trim10_s1_d0.5,2025-08-01,route,5,,0,0
trim10_s1_d0.5,2025-08-01,route,7,0.7931703496623264,1121053,231867
trim10_s1_d0.5,2025-08-01,route,11,0.8994696890922325,1779145,178858
trim10_s1_d0.5,2025-08-01,route,12,0.9075905723891073,1838557,169900
trim10_s1_d0.5,2025-08-01,route,17,0.9311193528538445,2834352,195232
trim10_s1_d0.5,2025-08-01,route,25,0.8446925980223963,384708,59748
trim10_s1_d0.5,2025-08-01,route,26,0.9108185018009589,925618,82548
trim10_s1_d0.5,2025-08-01,route,28,0.8421323368552998,507387,80100
trim10_s1_d0.5,2025-08-01,route,50,0.739427264971337,1068976,278546
trim10_s1_d0.5,2025-08-01,month,8,0.8730239321187268,5309977,674240
trim10_s1_d0.5,2025-08-01,month,9,0.8887947253067573,6147694,683656
trim10_s1_d0.5,2025-08-01,lead_week,1,0.8402445436793944,1162001,185636
trim10_s1_d0.5,2025-08-01,lead_week,2,0.8726907448146877,1189128,151387
trim10_s1_d0.5,2025-08-01,lead_week,3,0.8893039317661743,1201750,133029
trim10_s1_d0.5,2025-08-01,lead_week,4,0.8952753275838359,1272575,133270
trim10_s1_d0.5,2025-08-01,lead_week,5,0.8918681058718416,1420321,153582
trim10_s1_d0.5,2025-08-01,lead_week,6,0.8969061389450212,1435100,147950
trim10_s1_d0.5,2025-08-01,lead_week,7,0.8919482669135491,1425780,154058
trim10_s1_d0.5,2025-08-01,lead_week,8,0.8684587942259516,1393130,183254
trim10_s1_d0.5,2025-08-01,lead_week,9,0.8791818650653627,957886,115730
trim10_s1_d1.0,2025-08-01,route,1,0.9143650256795691,997875,85453
trim10_s1_d1.0,2025-08-01,route,5,,0,0
trim10_s1_d1.0,2025-08-01,route,7,0.7880688959397995,1121053,237586
trim10_s1_d1.0,2025-08-01,route,11,0.8954627082109665,1779145,185987
trim10_s1_d1.0,2025-08-01,route,12,0.9008787870052438,1838557,182240
trim10_s1_d1.0,2025-08-01,route,17,0.9283674010849746,2834352,203032
trim10_s1_d1.0,2025-08-01,route,25,0.8413290079748796,384708,61042
trim10_s1_d1.0,2025-08-01,route,26,0.9044703106465086,925618,88424
trim10_s1_d1.0,2025-08-01,route,28,0.837794425162647,507387,82301
trim10_s1_d1.0,2025-08-01,route,50,0.730258677463292,1068976,288347
trim10_s1_d1.0,2025-08-01,month,8,0.8680984870555937,5309977,700394
trim10_s1_d1.0,2025-08-01,month,9,0.8838559629025127,6147694,714018
trim10_s1_d1.0,2025-08-01,lead_week,1,0.8327075450021127,1162001,194394
trim10_s1_d1.0,2025-08-01,lead_week,2,0.8678771334961417,1189128,157111
trim10_s1_d1.0,2025-08-01,lead_week,3,0.8830081131682962,1201750,140595
trim10_s1_d1.0,2025-08-01,lead_week,4,0.8934773981887119,1272575,135558
trim10_s1_d1.0,2025-08-01,lead_week,5,0.8884041001998844,1420321,158502
trim10_s1_d1.0,2025-08-01,lead_week,6,0.8919719880147725,1435100,155031
trim10_s1_d1.0,2025-08-01,lead_week,7,0.8875064876769208,1425780,160391
trim10_s1_d1.0,2025-08-01,lead_week,8,0.8622030966241485,1393130,191969
trim10_s1_d1.0,2025-08-01,lead_week,9,0.8738252777470388,957886,120861
q40_s1_d0.0,2025-08-01,route,1,0.9151466867092571,997875,84673
q40_s1_d0.0,2025-08-01,route,5,,0,0
q40_s1_d0.0,2025-08-01,route,7,0.7816659872459197,1121053,244764
q40_s1_d0.0,2025-08-01,route,11,0.8981611954056583,1779145,181186
q40_s1_d0.0,2025-08-01,route,12,0.9082655582611798,1838557,168659
q40_s1_d0.0,2025-08-01,route,17,0.9286651763789395,2834352,202188
q40_s1_d0.0,2025-08-01,route,25,0.8379238279422315,384708,62352
q40_s1_d0.0,2025-08-01,route,26,0.9101238307811645,925618,83191
q40_s1_d0.0,2025-08-01,route,28,0.8476310981558455,507387,77310
q40_s1_d0.0,2025-08-01,route,50,0.7605138001227343,1068976,256005
q40_s1_d0.0,2025-08-01,month,8,0.8709000057815692,5309977,685518
q40_s1_d0.0,2025-08-01,month,9,0.890233638824574,6147694,674810
q40_s1_d0.0,2025-08-01,lead_week,1,0.8502660496849831,1162001,173991
q40_s1_d0.0,2025-08-01,lead_week,2,0.8739681514521566,1189128,149868
q40_s1_d0.0,2025-08-01,lead_week,3,0.8869282296650718,1201750,135884
q40_s1_d0.0,2025-08-01,lead_week,4,0.8854912284148282,1272575,145721
q40_s1_d0.0,2025-08-01,lead_week,5,0.8888638554242315,1420321,157849
q40_s1_d0.0,2025-08-01,lead_week,6,0.8969486446937496,1435100,147889
q40_s1_d0.0,2025-08-01,lead_week,7,0.8912195429869966,1425780,155097
q40_s1_d0.0,2025-08-01,lead_week,8,0.8730836318218688,1393130,176811
q40_s1_d0.0,2025-08-01,lead_week,9,0.877628444303393,957886,117218
q40_s1_d0.5,2025-08-01,route,1,0.9165466616560191,997875,83276
q40_s1_d0.5,2025-08-01,route,5,,0,0
q40_s1_d0.5,2025-08-01,route,7,0.7965502077065045,1121053,228078
q40_s1_d0.5,2025-08-01,route,11,0.8992746515882629,1779145,179205
q40_s1_d0.5,2025-08-01,route,12,0.9080496280506941,1838557,169056
q40_s1_d0.5,2025-08-01,route,17,0.930046797292644,2834352,198272
q40_s1_d0.5,2025-08-01,route,25,0.8407311519386131,384708,61272
q40_s1_d0.5,2025-08-01,route,26,0.9101076253919004,925618,83206
q40_s1_d0.5,2025-08-01,route,28,0.85092050052524,507387,75641
q40_s1_d0.5,2025-08-01,route,50,0.7605652512310848,1068976,255950
q40_s1_d0.5,2025-08-01,month,8,0.8757256387362883,5309977,659894
q40_s1_d0.5,2025-08-01,month,9,0.8903553104627524,6147694,674062
q40_s1_d0.5,2025-08-01,lead_week,1,0.8483366193316528,1162001,176233
q40_s1_d0.5,2025-08-01,lead_week,2,0.8795251646584724,1189128,143260
q40_s1_d0.5,2025-08-01,lead_week,3,0.8944655710422301,1201750,126826
q40_s1_d0.5,2025-08-01,lead_week,4,0.8916158183211206,1272575,137927
q40_s1_d0.5,2025-08-01,lead_week,5,0.8920370817582786,1420321,153342
q40_s1_d0.5,2025-08-01,lead_week,6,0.8973932130165145,1435100,147251
q40_s1_d0.5,2025-08-01,lead_week,7,0.8918970668686613,1425780,154131
q40_s1_d0.5,2025-08-01,lead_week,8,0.8723830511151149,1393130,177787
q40_s1_d0.5,2025-08-01,lead_week,9,0.877648279649144,957886,117199
q40_s1_d1.0,2025-08-01,route,1,0.9145714643617687,997875,85247
q40_s1_d1.0,2025-08-01,route,5,,0,0
q40_s1_d1.0,2025-08-01,route,7,0.8004340561953807,1121053,223724
q40_s1_d1.0,2025-08-01,route,11,0.8966531676732363,1779145,183869
q40_s1_d1.0,2025-08-01,route,12,0.9040089592000683,1838557,176485
q40_s1_d1.0,2025-08-01,route,17,0.9279105065284764,2834352,204327
q40_s1_d1.0,2025-08-01,route,25,0.8395692317289997,384708,61719
q40_s1_d1.0,2025-08-01,route,26,0.9067595919699055,925618,86305
q40_s1_d1.0,2025-08-01,route,28,0.849458105942801,507387,76383
q40_s1_d1.0,2025-08-01,route,50,0.7565062265195851,1068976,260289
q40_s1_d1.0,2025-08-01,month,8,0.874610756317777,5309977,665814
q40_s1_d1.0,2025-08-01,month,9,0.8873506065851684,6147694,692534
q40_s1_d1.0,2025-08-01,lead_week,1,0.8427454021123906,1162001,182730
q40_s1_d1.0,2025-08-01,lead_week,2,0.8793864075187868,1189128,143425
q40_s1_d1.0,2025-08-01,lead_week,3,0.8941668400249636,1201750,127185
q40_s1_d1.0,2025-08-01,lead_week,4,0.8915867434139442,1272575,137964
q40_s1_d1.0,2025-08-01,lead_week,5,0.8914963589216804,1420321,154110
q40_s1_d1.0,2025-08-01,lead_week,6,0.8943139850881472,1435100,151670
q40_s1_d1.0,2025-08-01,lead_week,7,0.8893784454824727,1425780,157722
q40_s1_d1.0,2025-08-01,lead_week,8,0.8689971503018383,1393130,182504
q40_s1_d1.0,2025-08-01,lead_week,9,0.8736404958418852,957886,121038
q60_s1_d0.0,2025-08-01,route,1,0.909618940248027,997875,90189
q60_s1_d0.0,2025-08-01,route,5,,0,0
q60_s1_d0.0,2025-08-01,route,7,0.746781820306444,1121053,283871
q60_s1_d0.0,2025-08-01,route,11,0.8954733874979274,1779145,185968
q60_s1_d0.0,2025-08-01,route,12,0.8992655653319424,1838557,185206
q60_s1_d0.0,2025-08-01,route,17,0.9266079160245446,2834352,208019
q60_s1_d0.0,2025-08-01,route,25,0.8419580564999948,384708,60800
q60_s1_d0.0,2025-08-01,route,26,0.9042034619032906,925618,88671
q60_s1_d0.0,2025-08-01,route,28,0.8252418765163475,507387,88670
q60_s1_d0.0,2025-08-01,route,50,0.7168851311909715,1068976,302643
q60_s1_d0.0,2025-08-01,month,8,0.8554176411686906,5309977,767729
q60_s1_d0.0,2025-08-01,month,9,0.8818568393286979,6147694,726308
q60_s1_d0.0,2025-08-01,lead_week,1,0.8057471551229302,1162001,225722
q60_s1_d0.0,2025-08-01,lead_week,2,0.8432120007265829,1189128,186441
q60_s1_d0.0,2025-08-01,lead_week,3,0.8680349490326607,1201750,158589
q60_s1_d0.0,2025-08-01,lead_week,4,0.8943150698387128,1272575,134492
q60_s1_d0.0,2025-08-01,lead_week,5,0.8915041036498087,1420321,154099
q60_s1_d0.0,2025-08-01,lead_week,6,0.8898041948296286,1435100,158142
q60_s1_d0.0,2025-08-01,lead_week,7,0.8829665165733844,1425780,166864
q60_s1_d0.0,2025-08-01,lead_week,8,0.8620171843259423,1393130,192228
q60_s1_d0.0,2025-08-01,lead_week,9,0.8773758046364599,957886,117460
q60_s1_d0.5,2025-08-01,route,1,0.9089725667042465,997875,90834
q60_s1_d0.5,2025-08-01,route,5,,0,0
q60_s1_d0.5,2025-08-01,route,7,0.7432208825095692,1121053,287863
q60_s1_d0.5,2025-08-01,route,11,0.8942789935615141,1779145,188093
q60_s1_d0.5,2025-08-01,route,12,0.8965884658457692,1838557,190128
q60_s1_d0.5,2025-08-01,route,17,0.9268234855797728,2834352,207408
q60_s1_d0.5,2025-08-01,route,25,0.8417631034446905,384708,60875
q60_s1_d0.5,2025-08-01,route,26,0.9022145204609244,925618,90512
q60_s1_d0.5,2025-08-01,route,28,0.8238819678076104,507387,89360
q60_s1_d0.5,2025-08-01,route,50,0.7137943227911572,1068976,305947
q60_s1_d0.5,2025-08-01,month,8,0.8544673545666959,5309977,772775
q60_s1_d0.5,2025-08-01,month,9,0.8799151356589967,6147694,738245
q60_s1_d0.5,2025-08-01,lead_week,1,0.8017454373963534,1162001,230372
q60_s1_d0.5,2025-08-01,lead_week,2,0.8428234807354633,1189128,186903
q60_s1_d0.5,2025-08-01,lead_week,3,0.8669731641356355,1201750,159865
q60_s1_d0.5,2025-08-01,lead_week,4,0.895361766497063,1272575,133160
q60_s1_d0.5,2025-08-01,lead_week,5,0.8902557942887559,1420321,155872
q60_s1_d0.5,2025-08-01,lead_week,6,0.8883262490418786,1435100,160263
q60_s1_d0.5,2025-08-01,lead_week,7,0.8821452117437473,1425780,168035
q60_s1_d0.5,2025-08-01,lead_week,8,0.859321814906003,1393130,195983
q60_s1_d0.5,2025-08-01,lead_week,9,0.8741322036233957,957886,120567
q60_s1_d1.0,2025-08-01,route,1,0.9052165852436427,997875,94582
q60_s1_d1.0,2025-08-01,route,5,,0,0
q60_s1_d1.0,2025-08-01,route,7,0.7314176939002883,1121053,301095
q60_s1_d1.0,2025-08-01,route,11,0.8899921029483263,1779145,195720
q60_s1_d1.0,2025-08-01,route,12,0.8913914553641796,1838557,199683
q60_s1_d1.0,2025-08-01,route,17,0.9243340276719335,2834352,214464
q60_s1_d1.0,2025-08-01,route,25,0.8375729124426838,384708,62487
q60_s1_d1.0,2025-08-01,route,26,0.8973053678731399,925618,95056
q60_s1_d1.0,2025-08-01,route,28,0.8191163746804707,507387,91778
q60_s1_d1.0,2025-08-01,route,50,0.7075023199772492,1068976,312673
q60_s1_d1.0,2025-08-01,month,8,0.8493601761363562,5309977,799894
q60_s1_d1.0,2025-08-01,month,9,0.875133017355776,6147694,767644
q60_s1_d1.0,2025-08-01,lead_week,1,0.7963598998623925,1162001,236630
q60_s1_d1.0,2025-08-01,lead_week,2,0.838194878936498,1189128,192407
q60_s1_d1.0,2025-08-01,lead_week,3,0.8619138755980862,1201750,165945
q60_s1_d1.0,2025-08-01,lead_week,4,0.8916276054456516,1272575,137912
q60_s1_d1.0,2025-08-01,lead_week,5,0.8845810207692486,1420321,163932
q60_s1_d1.0,2025-08-01,lead_week,6,0.884315378719253,1435100,166019
q60_s1_d1.0,2025-08-01,lead_week,7,0.8781684411339757,1425780,173705
q60_s1_d1.0,2025-08-01,lead_week,8,0.8540818157673727,1393130,203283
q60_s1_d1.0,2025-08-01,lead_week,9,0.8666803774144314,957886,127705
level_w28_c0.25,2025-08-01,route,1,0.8359243392208443,997875,163727
level_w28_c0.25,2025-08-01,route,5,,0,0
level_w28_c0.25,2025-08-01,route,7,0.5729024408301837,1121053,478799
level_w28_c0.25,2025-08-01,route,11,0.8505523720663577,1779145,265889
level_w28_c0.25,2025-08-01,route,12,0.8677593351742698,1838557,243132
level_w28_c0.25,2025-08-01,route,17,0.858128065956522,2834352,402115
level_w28_c0.25,2025-08-01,route,25,0.758497353837196,384708,92908
level_w28_c0.25,2025-08-01,route,26,0.7899338604046162,925618,194441
level_w28_c0.25,2025-08-01,route,28,0.7793301759800704,507387,111965
level_w28_c0.25,2025-08-01,route,50,0.6197968897337265,1068976,406428
level_w28_c0.25,2025-08-01,month,8,0.8487616801353377,5309977,803072
level_w28_c0.25,2025-08-01,month,9,0.746842962580766,6147694,1556332
level_w28_c0.25,2025-08-01,lead_week,1,0.900226419770723,1162001,115937
level_w28_c0.25,2025-08-01,lead_week,2,0.8641508735813134,1189128,161542
level_w28_c0.25,2025-08-01,lead_week,3,0.8353401289785729,1201750,197880
level_w28_c0.25,2025-08-01,lead_week,4,0.821542148792802,1272575,227101
level_w28_c0.25,2025-08-01,lead_week,5,0.7710102152964013,1420321,325239
level_w28_c0.25,2025-08-01,lead_week,6,0.7467646853877778,1435100,363418
level_w28_c0.25,2025-08-01,lead_week,7,0.7494438132110144,1425780,357238
level_w28_c0.25,2025-08-01,lead_week,8,0.7436893900784565,1393130,357074
level_w28_c0.25,2025-08-01,lead_week,9,0.7348588454158428,957886,253975
level_w56_c0.25,2025-08-01,route,1,0.8599012902417638,997875,139801
level_w56_c0.25,2025-08-01,route,5,,0,0
level_w56_c0.25,2025-08-01,route,7,0.7125265263997331,1121053,322273
level_w56_c0.25,2025-08-01,route,11,0.8646495929224431,1779145,240808
level_w56_c0.25,2025-08-01,route,12,0.8789218936372383,1838557,222609
level_w56_c0.25,2025-08-01,route,17,0.8837406221951261,2834352,329520
level_w56_c0.25,2025-08-01,route,25,0.7861468958274848,384708,82271
level_w56_c0.25,2025-08-01,route,26,0.8166997616727418,925618,169666
level_w56_c0.25,2025-08-01,route,28,0.8026713337156844,507387,100122
level_w56_c0.25,2025-08-01,route,50,0.7067791980362514,1068976,313446
level_w56_c0.25,2025-08-01,month,8,0.8704734502616489,5309977,687783
level_w56_c0.25,2025-08-01,month,9,0.7994804230659496,6147694,1232733
level_w56_c0.25,2025-08-01,lead_week,1,0.8604760236867266,1162001,162127
level_w56_c0.25,2025-08-01,lead_week,2,0.8778550332680755,1189128,145246
level_w56_c0.25,2025-08-01,lead_week,3,0.8816692323694613,1201750,142204
level_w56_c0.25,2025-08-01,lead_week,4,0.8758509321650984,1272575,157989
level_w56_c0.25,2025-08-01,lead_week,5,0.8274904053379483,1420321,245019
level_w56_c0.25,2025-08-01,lead_week,6,0.7987234339070448,1435100,288852
level_w56_c0.25,2025-08-01,lead_week,7,0.8017155521889773,1425780,282710
level_w56_c0.25,2025-08-01,lead_week,8,0.7929941929324614,1393130,288386
level_w56_c0.25,2025-08-01,lead_week,9,0.7828729097199458,957886,207983
level_w84_c0.25,2025-08-01,route,1,0.914834022297382,997875,84985
level_w84_c0.25,2025-08-01,route,5,,0,0
level_w84_c0.25,2025-08-01,route,7,0.7996687043342287,1121053,224582
level_w84_c0.25,2025-08-01,route,11,0.8952671086392621,1779145,186335
level_w84_c0.25,2025-08-01,route,12,0.907123358155336,1838557,170759
level_w84_c0.25,2025-08-01,route,17,0.9195001185456146,2834352,228165
level_w84_c0.25,2025-08-01,route,25,0.8426624868731609,384708,60529
level_w84_c0.25,2025-08-01,route,26,0.8949620685855288,925618,97225
level_w84_c0.25,2025-08-01,route,28,0.8395288014868335,507387,81421
level_w84_c0.25,2025-08-01,route,50,0.7037557438146413,1068976,316678
level_w84_c0.25,2025-08-01,month,8,0.8706425658717543,5309977,686885
level_w84_c0.25,2025-08-01,month,9,0.8757592684346358,6147694,763794
level_w84_c0.25,2025-08-01,lead_week,1,0.8517694907319358,1162001,172244
level_w84_c0.25,2025-08-01,lead_week,2,0.8753346990399687,1189128,148243
level_w84_c0.25,2025-08-01,lead_week,3,0.8831029748283753,1201750,140481
level_w84_c0.25,2025-08-01,lead_week,4,0.8834426261713455,1272575,148328
level_w84_c0.25,2025-08-01,lead_week,5,0.8845528581215092,1420321,163972
level_w84_c0.25,2025-08-01,lead_week,6,0.8832339209811163,1435100,167571
level_w84_c0.25,2025-08-01,lead_week,7,0.8819558417147105,1425780,168305
level_w84_c0.25,2025-08-01,lead_week,8,0.8532534652186085,1393130,204437
level_w84_c0.25,2025-08-01,lead_week,9,0.8568744088544984,957886,137098
level_w28_c0.5,2025-08-01,route,1,0.8316221971689841,997875,168020
level_w28_c0.5,2025-08-01,route,5,,0,0
level_w28_c0.5,2025-08-01,route,7,0.5513807108138509,1121053,502926
level_w28_c0.5,2025-08-01,route,11,0.8487593759924008,1779145,269079
level_w28_c0.5,2025-08-01,route,12,0.862925653107301,1838557,252019
level_w28_c0.5,2025-08-01,route,17,0.8485876136767769,2834352,429156
level_w28_c0.5,2025-08-01,route,25,0.750668039136176,384708,95920
level_w28_c0.5,2025-08-01,route,26,0.7820439965514931,925618,201744
level_w28_c0.5,2025-08-01,route,28,0.7656561953696094,507387,118903
level_w28_c0.5,2025-08-01,route,50,0.576612571283172,1068976,452591
level_w28_c0.5,2025-08-01,month,8,0.8385151197453398,5309977,857481
level_w28_c0.5,2025-08-01,month,9,0.7343919524947078,6147694,1632877
level_w28_c0.5,2025-08-01,lead_week,1,0.8993228060905283,1162001,116987
level_w28_c0.5,2025-08-01,lead_week,2,0.8557800337726469,1189128,171496
level_w28_c0.5,2025-08-01,lead_week,3,0.8213854795090493,1201750,214650
level_w28_c0.5,2025-08-01,lead_week,4,0.8065677857886568,1272575,246157
level_w28_c0.5,2025-08-01,lead_week,5,0.7566303673606178,1420321,345663
level_w28_c0.5,2025-08-01,lead_week,6,0.7335697860776252,1435100,382354
level_w28_c0.5,2025-08-01,lead_week,7,0.7370211393062043,1425780,374950
level_w28_c0.5,2025-08-01,lead_week,8,0.732197282378529,1393130,373084
level_w28_c0.5,2025-08-01,lead_week,9,0.7233313776378401,957886,265017
level_w56_c0.5,2025-08-01,route,1,0.8564599774520857,997875,143235
level_w56_c0.5,2025-08-01,route,5,,0,0
level_w56_c0.5,2025-08-01,route,7,0.6932776594862151,1121053,343852
level_w56_c0.5,2025-08-01,route,11,0.8634596955279081,1779145,242925
level_w56_c0.5,2025-08-01,route,12,0.8749274566956586,1838557,229953
level_w56_c0.5,2025-08-01,route,17,0.8751188984289884,2834352,353957
level_w56_c0.5,2025-08-01,route,25,0.7800331680131425,384708,84623
level_w56_c0.5,2025-08-01,route,26,0.8108085624955435,925618,175119
level_w56_c0.5,2025-08-01,route,28,0.7937254994708182,507387,104661
level_w56_c0.5,2025-08-01,route,50,0.6771480369998952,1068976,345121
level_w56_c0.5,2025-08-01,month,8,0.8642504477891335,5309977,720827
level_w56_c0.5,2025-08-01,month,9,0.788112583352392,6147694,1302619
level_w56_c0.5,2025-08-01,lead_week,1,0.86747773883155,1162001,153991
level_w56_c0.5,2025-08-01,lead_week,2,0.8759326161691593,1189128,147532
level_w56_c0.5,2025-08-01,lead_week,3,0.8708333680049927,1201750,155226
level_w56_c0.5,2025-08-01,lead_week,4,0.8615476494509164,1272575,176191
level_w56_c0.5,2025-08-01,lead_week,5,0.8124473270478998,1420321,266385
level_w56_c0.5,2025-08-01,lead_week,6,0.7871437530485681,1435100,305470
level_w56_c0.5,2025-08-01,lead_week,7,0.7904276957174319,1425780,298804
level_w56_c0.5,2025-08-01,lead_week,8,0.7827697343392217,1393130,302630
level_w56_c0.5,2025-08-01,lead_week,9,0.7732329316849813,957886,217217
level_w84_c0.5,2025-08-01,route,1,0.9143369660528623,997875,85481
level_w84_c0.5,2025-08-01,route,5,,0,0
level_w84_c0.5,2025-08-01,route,7,0.8035052758433365,1121053,220281
level_w84_c0.5,2025-08-01,route,11,0.8948641060734229,1779145,187052
level_w84_c0.5,2025-08-01,route,12,0.9076493141088364,1838557,169792
level_w84_c0.5,2025-08-01,route,17,0.9160203108153115,2834352,238028
level_w84_c0.5,2025-08-01,route,25,0.8430160017467794,384708,60393
level_w84_c0.5,2025-08-01,route,26,0.8931135738501196,925618,98936
level_w84_c0.5,2025-08-01,route,28,0.8437957614207696,507387,79256
level_w84_c0.5,2025-08-01,route,50,0.661933476523327,1068976,361385
level_w84_c0.5,2025-08-01,month,8,0.8659022440210193,5309977,712056
level_w84_c0.5,2025-08-01,month,9,0.871732717991494,6147694,788548
level_w84_c0.5,2025-08-01,lead_week,1,0.8607402231151264,1162001,161820
level_w84_c0.5,2025-08-01,lead_week,2,0.8754894342745272,1189128,148059
level_w84_c0.5,2025-08-01,lead_week,3,0.8738814229249012,1201750,151563
level_w84_c0.5,2025-08-01,lead_week,4,0.8698858613441252,1272575,165580
level_w84_c0.5,2025-08-01,lead_week,5,0.8764701782202755,1420321,175452
level_w84_c0.5,2025-08-01,lead_week,6,0.8783610898195248,1435100,174564
level_w84_c0.5,2025-08-01,lead_week,7,0.8786699210256842,1425780,172990
level_w84_c0.5,2025-08-01,lead_week,8,0.8500269178037944,1393130,208932
level_w84_c0.5,2025-08-01,lead_week,9,0.8521285413921907,957886,141644
level_w28_c1.0,2025-08-01,route,1,0.8223444820243017,997875,177278
level_w28_c1.0,2025-08-01,route,5,,0,0
level_w28_c1.0,2025-08-01,route,7,0.502436548495031,1121053,557795
level_w28_c1.0,2025-08-01,route,11,0.8450249979625044,1779145,275723
level_w28_c1.0,2025-08-01,route,12,0.8515237765269176,1838557,272982
level_w28_c1.0,2025-08-01,route,17,0.827390881584221,2834352,489235
level_w28_c1.0,2025-08-01,route,25,0.7321916882414714,384708,103028
level_w28_c1.0,2025-08-01,route,26,0.7641521664444728,925618,218305
level_w28_c1.0,2025-08-01,route,28,0.7320940426144147,507387,135932
level_w28_c1.0,2025-08-01,route,50,0.47348677612967927,1068976,562830
level_w28_c1.0,2025-08-01,month,8,0.8128971180101157,5309977,993512
level_w28_c1.0,2025-08-01,month,9,0.7072730035034275,6147694,1799596
level_w28_c1.0,2025-08-01,lead_week,1,0.8867264313886133,1162001,131624
level_w28_c1.0,2025-08-01,lead_week,2,0.8318456886054318,1189128,199957
level_w28_c1.0,2025-08-01,lead_week,3,0.7906028708133972,1201750,251643
level_w28_c1.0,2025-08-01,lead_week,4,0.774862778225252,1272575,286504
level_w28_c1.0,2025-08-01,lead_week,5,0.726447753712013,1420321,388532
level_w28_c1.0,2025-08-01,lead_week,6,0.7048254477039928,1435100,423605
level_w28_c1.0,2025-08-01,lead_week,7,0.710086408842879,1425780,413353
level_w28_c1.0,2025-08-01,lead_week,8,0.706577993439234,1393130,408775
level_w28_c1.0,2025-08-01,lead_week,9,0.6981738954322331,957886,289115
level_w56_c1.0,2025-08-01,route,1,0.8487485907553551,997875,150930
level_w56_c1.0,2025-08-01,route,5,,0,0
level_w56_c1.0,2025-08-01,route,7,0.6466019001777793,1121053,396178
level_w56_c1.0,2025-08-01,route,11,0.8607449083689076,1779145,247755
level_w56_c1.0,2025-08-01,route,12,0.8655206229668158,1838557,247248
level_w56_c1.0,2025-08-01,route,17,0.854677189001225,2834352,411896
level_w56_c1.0,2025-08-01,route,25,0.764886615303035,384708,90450
level_w56_c1.0,2025-08-01,route,26,0.7965348556315889,925618,188331
level_w56_c1.0,2025-08-01,route,28,0.7678813213582532,507387,117774
level_w56_c1.0,2025-08-01,route,50,0.5971612084836329,1068976,430625
level_w56_c1.0,2025-08-01,month,8,0.8466978293879616,5309977,814031
level_w56_c1.0,2025-08-01,month,9,0.7613485641933382,6147694,1467156
level_w56_c1.0,2025-08-01,lead_week,1,0.8747161147021388,1162001,145580
level_w56_c1.0,2025-08-01,lead_week,2,0.8641887164375912,1189128,161497
level_w56_c1.0,2025-08-01,lead_week,3,0.844346161847306,1201750,187057
level_w56_c1.0,2025-08-01,lead_week,4,0.8301082450936095,1272575,216200
level_w56_c1.0,2025-08-01,lead_week,5,0.7808312346293549,1420321,311290
level_w56_c1.0,2025-08-01,lead_week,6,0.7585931293986482,1435100,346443
level_w56_c1.0,2025-08-01,lead_week,7,0.7639390368780598,1425780,336571
level_w56_c1.0,2025-08-01,lead_week,8,0.7579486480084414,1393130,337209
level_w56_c1.0,2025-08-01,lead_week,9,0.750137281471908,957886,239340
level_w84_c1.0,2025-08-01,route,1,0.9118436677940623,997875,87969
level_w84_c1.0,2025-08-01,route,5,,0,0
level_w84_c1.0,2025-08-01,route,7,0.7779542983248785,1121053,248925
level_w84_c1.0,2025-08-01,route,11,0.8937753808711488,1779145,188989
level_w84_c1.0,2025-08-01,route,12,0.9062231956909685,1838557,172414
level_w84_c1.0,2025-08-01,route,17,0.9019857096084043,2834352,277807
level_w84_c1.0,2025-08-01,route,25,0.8381577716085966,384708,62262
level_w84_c1.0,2025-08-01,route,26,0.8840979756227731,925618,107281
level_w84_c1.0,2025-08-01,route,28,0.8378535516282444,507387,82271
level_w84_c1.0,2025-08-01,route,50,0.5650809746897966,1068976,464918
level_w84_c1.0,2025-08-01,month,8,0.850502177316399,5309977,793830
level_w84_c1.0,2025-08-01,month,9,0.8537653305450792,6147694,899006
level_w84_c1.0,2025-08-01,lead_week,1,0.8709545000391565,1162001,149951
level_w84_c1.0,2025-08-01,lead_week,2,0.8674154506495516,1189128,157660
level_w84_c1.0,2025-08-01,lead_week,3,0.8495677137507801,1201750,180782
level_w84_c1.0,2025-08-01,lead_week,4,0.839222835589258,1272575,204601
level_w84_c1.0,2025-08-01,lead_week,5,0.8526861181380829,1420321,209233
level_w84_c1.0,2025-08-01,lead_week,6,0.8592955194759947,1435100,201925
level_w84_c1.0,2025-08-01,lead_week,7,0.8602862994290844,1425780,199201
level_w84_c1.0,2025-08-01,lead_week,8,0.8351316818961618,1393130,229683
level_w84_c1.0,2025-08-01,lead_week,9,0.8331743025788038,957886,159800
blend_h14_b0.25,2025-08-01,route,1,0.9160155330076413,997875,83806
blend_h14_b0.25,2025-08-01,route,5,,0,0
blend_h14_b0.25,2025-08-01,route,7,0.7718680561935966,1121053,255748
blend_h14_b0.25,2025-08-01,route,11,0.9002318529405979,1779145,177502
blend_h14_b0.25,2025-08-01,route,12,0.9134500589320864,1838557,159127
blend_h14_b0.25,2025-08-01,route,17,0.9178930492754604,2834352,232720
blend_h14_b0.25,2025-08-01,route,25,0.8492155089054556,384708,58008
blend_h14_b0.25,2025-08-01,route,26,0.9088576496999843,925618,84363
blend_h14_b0.25,2025-08-01,route,28,0.8424673868270176,507387,79930
blend_h14_b0.25,2025-08-01,route,50,0.7282661163580848,1068976,290477
blend_h14_b0.25,2025-08-01,month,8,0.8694333327620817,5309977,693306
blend_h14_b0.25,2025-08-01,month,9,0.8815206156975282,6147694,728375
blend_h14_b0.25,2025-08-01,lead_week,1,0.8786369374897268,1162001,141024
blend_h14_b0.25,2025-08-01,lead_week,2,0.8795445065627923,1189128,143237
blend_h14_b0.25,2025-08-01,lead_week,3,0.8718127730393177,1201750,154049
blend_h14_b0.25,2025-08-01,lead_week,4,0.8655214820344577,1272575,171134
blend_h14_b0.25,2025-08-01,lead_week,5,0.8820956671062387,1420321,167462
blend_h14_b0.25,2025-08-01,lead_week,6,0.8894160685666505,1435100,158699
blend_h14_b0.25,2025-08-01,lead_week,7,0.8871501914741404,1425780,160899
blend_h14_b0.25,2025-08-01,lead_week,8,0.8579378808869237,1393130,197911
blend_h14_b0.25,2025-08-01,lead_week,9,0.867138678297835,957886,127266
blend_h28_b0.25,2025-08-01,route,1,0.9181470625078292,997875,81679
blend_h28_b0.25,2025-08-01,route,5,,0,0
blend_h28_b0.25,2025-08-01,route,7,0.7819077242556774,1121053,244493
blend_h28_b0.25,2025-08-01,route,11,0.8999412639217153,1779145,178019
blend_h28_b0.25,2025-08-01,route,12,0.912929542026709,1838557,160084
blend_h28_b0.25,2025-08-01,route,17,0.9202491433668083,2834352,226042
blend_h28_b0.25,2025-08-01,route,25,0.8487268265801595,384708,58196
blend_h28_b0.25,2025-08-01,route,26,0.9107212694653735,925618,82638
blend_h28_b0.25,2025-08-01,route,28,0.8419096271682167,507387,80213
blend_h28_b0.25,2025-08-01,route,50,0.7353420469683136,1068976,282913
blend_h28_b0.25,2025-08-01,month,8,0.873219224866699,5309977,673203
blend_h28_b0.25,2025-08-01,month,9,0.8827082154707114,6147694,721074
blend_h28_b0.25,2025-08-01,lead_week,1,0.8626317877523342,1162001,159622
blend_h28_b0.25,2025-08-01,lead_week,2,0.8794957313258118,1189128,143295
blend_h28_b0.25,2025-08-01,lead_week,3,0.8830830039525692,1201750,140505
blend_h28_b0.25,2025-08-01,lead_week,4,0.8802585309313793,1272575,152380
blend_h28_b0.25,2025-08-01,lead_week,5,0.8865193149999191,1420321,161179
blend_h28_b0.25,2025-08-01,lead_week,6,0.8900759528952686,1435100,157752
blend_h28_b0.25,2025-08-01,lead_week,7,0.8881889211519309,1425780,159418
blend_h28_b0.25,2025-08-01,lead_week,8,0.8597647025044325,1393130,195366
blend_h28_b0.25,2025-08-01,lead_week,9,0.8697548560058295,957886,124760
blend_h56_b0.25,2025-08-01,route,1,0.9185068270073907,997875,81320
blend_h56_b0.25,2025-08-01,route,5,,0,0
blend_h56_b0.25,2025-08-01,route,7,0.7872054220451665,1121053,238554
blend_h56_b0.25,2025-08-01,route,11,0.8989492143698237,1779145,179784
blend_h56_b0.25,2025-08-01,route,12,0.9115420408505148,1838557,162635
blend_h56_b0.25,2025-08-01,route,17,0.9229414695140195,2834352,218411
blend_h56_b0.25,2025-08-01,route,25,0.8474219407966561,384708,58698
blend_h56_b0.25,2025-08-01,route,26,0.9109092519808387,925618,82464
blend_h56_b0.25,2025-08-01,route,28,0.841704655420813,507387,80317
blend_h56_b0.25,2025-08-01,route,50,0.7392298798102108,1068976,278757
blend_h56_b0.25,2025-08-01,month,8,0.8737875889104605,5309977,670185
blend_h56_b0.25,2025-08-01,month,9,0.8843867310246737,6147694,710755
blend_h56_b0.25,2025-08-01,lead_week,1,0.8521644989978494,1162001,171785
blend_h56_b0.25,2025-08-01,lead_week,2,0.8769669875740879,1189128,146302
blend_h56_b0.25,2025-08-01,lead_week,3,0.8873309756604951,1201750,135400
blend_h56_b0.25,2025-08-01,lead_week,4,0.887880085653105,1272575,142681
blend_h56_b0.25,2025-08-01,lead_week,5,0.889391905069347,1420321,157099
blend_h56_b0.25,2025-08-01,lead_week,6,0.8914674935544561,1435100,155755
blend_h56_b0.25,2025-08-01,lead_week,7,0.8892388727573679,1425780,157921
blend_h56_b0.25,2025-08-01,lead_week,8,0.8622590856560407,1393130,191891
blend_h56_b0.25,2025-08-01,lead_week,9,0.8725255406175683,957886,122106
blend_h14_b0.5,2025-08-01,route,1,0.9174766378554429,997875,82348
blend_h14_b0.5,2025-08-01,route,5,,0,0
blend_h14_b0.5,2025-08-01,route,7,0.7824536395692264,1121053,243881
blend_h14_b0.5,2025-08-01,route,11,0.8997793884140978,1779145,178307
blend_h14_b0.5,2025-08-01,route,12,0.9131492795708809,1838557,159680
blend_h14_b0.5,2025-08-01,route,17,0.9218530373079985,2834352,221496
blend_h14_b0.5,2025-08-01,route,25,0.8491583226758996,384708,58030
blend_h14_b0.5,2025-08-01,route,26,0.9108746804837416,925618,82496
blend_h14_b0.5,2025-08-01,route,28,0.8431709917676251,507387,79573
blend_h14_b0.5,2025-08-01,route,50,0.7345440870515334,1068976,283766
blend_h14_b0.5,2025-08-01,month,8,0.8723792965581584,5309977,677663
blend_h14_b0.5,2025-08-01,month,9,0.8841982050505441,6147694,711914
blend_h14_b0.5,2025-08-01,lead_week,1,0.866966551663897,1162001,154585
blend_h14_b0.5,2025-08-01,lead_week,2,0.8799456408393378,1189128,142760
blend_h14_b0.5,2025-08-01,lead_week,3,0.8801364676513418,1201750,144046
blend_h14_b0.5,2025-08-01,lead_week,4,0.8765581596369566,1272575,157089
blend_h14_b0.5,2025-08-01,lead_week,5,0.8863214723995492,1420321,161460
blend_h14_b0.5,2025-08-01,lead_week,6,0.8919761689080901,1435100,155025
blend_h14_b0.5,2025-08-01,lead_week,7,0.8892851632089103,1425780,157855
blend_h14_b0.5,2025-08-01,lead_week,8,0.8615585049492869,1393130,192867
blend_h14_b0.5,2025-08-01,lead_week,9,0.8706631060481101,957886,123890
blend_h28_b0.5,2025-08-01,route,1,0.9183154202680697,997875,81511
blend_h28_b0.5,2025-08-01,route,5,,0,0
blend_h28_b0.5,2025-08-01,route,7,0.7872865957274099,1121053,238463
blend_h28_b0.5,2025-08-01,route,11,0.8989660764018672,1779145,179754
blend_h28_b0.5,2025-08-01,route,12,0.9119847793677324,1838557,161821
blend_h28_b0.5,2025-08-01,route,17,0.9226451054773719,2834352,219251
blend_h28_b0.5,2025-08-01,route,25,0.8479574118552253,384708,58492
blend_h28_b0.5,2025-08-01,route,26,0.9110788683884713,925618,82307
blend_h28_b0.5,2025-08-01,route,28,0.8422308809646286,507387,80050
blend_h28_b0.5,2025-08-01,route,50,0.7387340782206523,1068976,279287
blend_h28_b0.5,2025-08-01,month,8,0.873675159044945,5309977,670782
blend_h28_b0.5,2025-08-01,month,9,0.884484491258023,6147694,710154
blend_h28_b0.5,2025-08-01,lead_week,1,0.8555319659793752,1162001,167872
blend_h28_b0.5,2025-08-01,lead_week,2,0.8778508285062667,1189128,145251
blend_h28_b0.5,2025-08-01,lead_week,3,0.8860852922820887,1201750,136897
blend_h28_b0.5,2025-08-01,lead_week,4,0.885512445238984,1272575,145694
blend_h28_b0.5,2025-08-01,lead_week,5,0.8889793222799635,1420321,157685
blend_h28_b0.5,2025-08-01,lead_week,6,0.8916960490558149,1435100,155427
blend_h28_b0.5,2025-08-01,lead_week,7,0.8894198263406696,1425780,157663
blend_h28_b0.5,2025-08-01,lead_week,8,0.8622791842828739,1393130,191863
blend_h28_b0.5,2025-08-01,lead_week,9,0.8720265250770969,957886,122584
blend_h56_b0.5,2025-08-01,route,1,0.9181821370412125,997875,81644
blend_h56_b0.5,2025-08-01,route,5,,0,0
blend_h56_b0.5,2025-08-01,route,7,0.7896138719578825,1121053,235854
blend_h56_b0.5,2025-08-01,route,11,0.898201102214828,1779145,181115
blend_h56_b0.5,2025-08-01,route,12,0.9107060591539996,1838557,164172
blend_h56_b0.5,2025-08-01,route,17,0.9241484473346995,2834352,214990
blend_h56_b0.5,2025-08-01,route,25,0.8465277561163271,384708,59042
blend_h56_b0.5,2025-08-01,route,26,0.9109438234779358,925618,82432
blend_h56_b0.5,2025-08-01,route,28,0.8418426171738732,507387,80247
blend_h56_b0.5,2025-08-01,route,50,0.741171925281765,1068976,276681
blend_h56_b0.5,2025-08-01,month,8,0.873663482911508,5309977,670844
blend_h56_b0.5,2025-08-01,month,9,0.8852686877388497,6147694,705333
blend_h56_b0.5,2025-08-01,lead_week,1,0.8483796485545193,1162001,176183
blend_h56_b0.5,2025-08-01,lead_week,2,0.8757038771267686,1189128,147804
blend_h56_b0.5,2025-08-01,lead_week,3,0.8882296650717704,1201750,134320
blend_h56_b0.5,2025-08-01,lead_week,4,0.8902705145079858,1272575,139639
blend_h56_b0.5,2025-08-01,lead_week,5,0.8906789380710417,1420321,155271
blend_h56_b0.5,2025-08-01,lead_week,6,0.8922298097693541,1435100,154661
blend_h56_b0.5,2025-08-01,lead_week,7,0.8897620951338916,1425780,157175
blend_h56_b0.5,2025-08-01,lead_week,8,0.8636731676153697,1393130,189921
blend_h56_b0.5,2025-08-01,lead_week,9,0.8734682415235215,957886,121203
blend_h14_b0.75,2025-08-01,route,1,0.9177542277339346,997875,82071
blend_h14_b0.75,2025-08-01,route,5,,0,0
blend_h14_b0.75,2025-08-01,route,7,0.7900937779034533,1121053,235316
blend_h14_b0.75,2025-08-01,route,11,0.8983989500574714,1779145,180763
blend_h14_b0.75,2025-08-01,route,12,0.9115028797040288,1838557,162707
blend_h14_b0.75,2025-08-01,route,17,0.9245838202171078,2834352,213756
blend_h14_b0.75,2025-08-01,route,25,0.8473959470559489,384708,58708
blend_h14_b0.75,2025-08-01,route,26,0.9113457171316893,925618,82060
blend_h14_b0.75,2025-08-01,route,28,0.8429837579599004,507387,79668
blend_h14_b0.75,2025-08-01,route,50,0.7400334525751747,1068976,277898
blend_h14_b0.75,2025-08-01,month,8,0.8735551961901153,5309977,671419
blend_h14_b0.75,2025-08-01,month,9,0.8858876189999046,6147694,701528
blend_h14_b0.75,2025-08-01,lead_week,1,0.8541533096787353,1162001,169474
blend_h14_b0.75,2025-08-01,lead_week,2,0.8774000780403792,1189128,145787
blend_h14_b0.75,2025-08-01,lead_week,3,0.8862317453713334,1201750,136721
blend_h14_b0.75,2025-08-01,lead_week,4,0.8863202561735065,1272575,144666
blend_h14_b0.75,2025-08-01,lead_week,5,0.8900157077167767,1420321,156213
blend_h14_b0.75,2025-08-01,lead_week,6,0.8931544840080831,1435100,153334
blend_h14_b0.75,2025-08-01,lead_week,7,0.8902986435494957,1425780,156410
blend_h14_b0.75,2025-08-01,lead_week,8,0.864276844228464,1393130,189080
blend_h14_b0.75,2025-08-01,lead_week,9,0.873406647555137,957886,121262
blend_h28_b0.75,2025-08-01,route,1,0.9178293874483276,997875,81996
blend_h28_b0.75,2025-08-01,route,5,,0,0
blend_h28_b0.75,2025-08-01,route,7,0.7909679560199205,1121053,234336
blend_h28_b0.75,2025-08-01,route,11,0.8978492478128539,1779145,181741
blend_h28_b0.75,2025-08-01,route,12,0.9105401681862461,1838557,164477
blend_h28_b0.75,2025-08-01,route,17,0.9246148678780899,2834352,213668
blend_h28_b0.75,2025-08-01,route,25,0.8462808155796084,384708,59137
blend_h28_b0.75,2025-08-01,route,26,0.9110118861128457,925618,82369
blend_h28_b0.75,2025-08-01,route,28,0.8421737253812178,507387,80079
blend_h28_b0.75,2025-08-01,route,50,0.741912821242011,1068976,275889
blend_h28_b0.75,2025-08-01,month,8,0.8735911662140909,5309977,671228
blend_h28_b0.75,2025-08-01,month,9,0.8857353667895637,6147694,702464
blend_h28_b0.75,2025-08-01,lead_week,1,0.8481395454909247,1162001,176462
blend_h28_b0.75,2025-08-01,lead_week,2,0.8755937123673818,1189128,147935
blend_h28_b0.75,2025-08-01,lead_week,3,0.8881739130434783,1201750,134387
blend_h28_b0.75,2025-08-01,lead_week,4,0.8903247352808282,1272575,139570
blend_h28_b0.75,2025-08-01,lead_week,5,0.8910732151393945,1420321,154711
blend_h28_b0.75,2025-08-01,lead_week,6,0.892719671103059,1435100,153958
blend_h28_b0.75,2025-08-01,lead_week,7,0.8900321227678885,1425780,156790
blend_h28_b0.75,2025-08-01,lead_week,8,0.8643830798274389,1393130,188932
blend_h28_b0.75,2025-08-01,lead_week,9,0.8737354967083766,957886,120947
blend_h56_b0.75,2025-08-01,route,1,0.9175297507202806,997875,82295
blend_h56_b0.75,2025-08-01,route,5,,0,0
blend_h56_b0.75,2025-08-01,route,7,0.7913006789152699,1121053,233963
blend_h56_b0.75,2025-08-01,route,11,0.8973461971902233,1779145,182636
blend_h56_b0.75,2025-08-01,route,12,0.9097014669656692,1838557,166019
blend_h56_b0.75,2025-08-01,route,17,0.9252248838535228,2834352,211939
blend_h56_b0.75,2025-08-01,route,25,0.8452618609438847,384708,59529
blend_h56_b0.75,2025-08-01,route,26,0.9107299123396477,925618,82630
blend_h56_b0.75,2025-08-01,route,28,0.8418327627629403,507387,80252
blend_h56_b0.75,2025-08-01,route,50,0.7429932945173698,1068976,274734
blend_h56_b0.75,2025-08-01,month,8,0.873336362850536,5309977,672581
blend_h56_b0.75,2025-08-01,month,9,0.8859058372131079,6147694,701416
blend_h56_b0.75,2025-08-01,lead_week,1,0.8444743162871633,1162001,180721
blend_h56_b0.75,2025-08-01,lead_week,2,0.8742036181134412,1189128,149588
blend_h56_b0.75,2025-08-01,lead_week,3,0.8888104847097982,1201750,133622
blend_h56_b0.75,2025-08-01,lead_week,4,0.8925006384692454,1272575,136801
blend_h56_b0.75,2025-08-01,lead_week,5,0.8917301088979182,1420321,153778
blend_h56_b0.75,2025-08-01,lead_week,6,0.8927698418228694,1435100,153886
blend_h56_b0.75,2025-08-01,lead_week,7,0.8899661939429646,1425780,156884
blend_h56_b0.75,2025-08-01,lead_week,8,0.8648654468714334,1393130,188260
blend_h56_b0.75,2025-08-01,lead_week,9,0.8742470398356381,957886,120457
baseline,2025-09-01,route,1,0.9129032570396965,1136093,98950
baseline,2025-09-01,route,5,,0,0
baseline,2025-09-01,route,7,0.8330997287817837,1350573,225411
baseline,2025-09-01,route,11,0.902195577383209,1907061,186519
baseline,2025-09-01,route,12,0.9132311691244825,1983604,172115
baseline,2025-09-01,route,17,0.9169977391630822,3063025,254238
baseline,2025-09-01,route,25,0.8369214938745461,464537,75756
baseline,2025-09-01,route,26,0.9190358580650371,1089964,88248
baseline,2025-09-01,route,28,0.8623381670109804,602164,82895
baseline,2025-09-01,route,50,0.766100772380903,1157460,270729
baseline,2025-09-01,month,9,0.8863081018671392,6147694,698943
baseline,2025-09-01,month,10,0.8855846268390368,6606787,755918
baseline,2025-09-01,lead_week,1,0.8873980720712714,1417791,159646
baseline,2025-09-01,lead_week,2,0.89102464116121,1429681,155800
baseline,2025-09-01,lead_week,3,0.8840252596525497,1422189,164938
baseline,2025-09-01,lead_week,4,0.8690653789875833,1398278,183083
baseline,2025-09-01,lead_week,5,0.8826660591263661,1470410,172529
baseline,2025-09-01,lead_week,6,0.881746562316695,1464431,173174
baseline,2025-09-01,lead_week,7,0.8799671754428079,1483036,178013
baseline,2025-09-01,lead_week,8,0.8889004426447771,1471383,163470
baseline,2025-09-01,lead_week,9,0.912962860879893,1197282,104208
mean_w7,2025-09-01,route,1,0.8352388404822493,1136093,187184
mean_w7,2025-09-01,route,5,,0,0
mean_w7,2025-09-01,route,7,0.7809751860876828,1350573,295809
mean_w7,2025-09-01,route,11,0.8364242150618151,1907061,311949
mean_w7,2025-09-01,route,12,0.8797688449912382,1983604,238491
mean_w7,2025-09-01,route,17,0.894891487989814,3063025,321950
mean_w7,2025-09-01,route,25,0.7501404624389446,464537,116069
mean_w7,2025-09-01,route,26,0.7875471116477242,1089964,231566
mean_w7,2025-09-01,route,28,0.7761523438797404,602164,134793
mean_w7,2025-09-01,route,50,0.6394277124047483,1157460,417348
mean_w7,2025-09-01,month,9,0.8331854187928026,6147694,1025525
mean_w7,2025-09-01,month,10,0.8138832082826342,6606787,1229634
mean_w7,2025-09-01,lead_week,1,0.8458355286498503,1417791,218573
mean_w7,2025-09-01,lead_week,2,0.8381492095089744,1429681,231395
mean_w7,2025-09-01,lead_week,3,0.8371967438926894,1422189,231537
mean_w7,2025-09-01,lead_week,4,0.8203161316991328,1398278,251248
mean_w7,2025-09-01,lead_week,5,0.8135486020905733,1470410,274160
mean_w7,2025-09-01,lead_week,6,0.817524349047514,1464431,267223
mean_w7,2025-09-01,lead_week,7,0.8023945474014117,1483036,293056
mean_w7,2025-09-01,lead_week,8,0.8097728463629117,1471383,279897
mean_w7,2025-09-01,lead_week,9,0.8262147096506922,1197282,208070
median_w7,2025-09-01,route,1,0.8352388404822493,1136093,187184
median_w7,2025-09-01,route,5,,0,0
median_w7,2025-09-01,route,7,0.7809751860876828,1350573,295809
median_w7,2025-09-01,route,11,0.8364242150618151,1907061,311949
median_w7,2025-09-01,route,12,0.8797688449912382,1983604,238491
median_w7,2025-09-01,route,17,0.894891487989814,3063025,321950
median_w7,2025-09-01,route,25,0.7501404624389446,464537,116069
median_w7,2025-09-01,route,26,0.7875471116477242,1089964,231566
median_w7,2025-09-01,route,28,0.7761523438797404,602164,134793
median_w7,2025-09-01,route,50,0.6394277124047483,1157460,417348
median_w7,2025-09-01,month,9,0.8331854187928026,6147694,1025525
median_w7,2025-09-01,month,10,0.8138832082826342,6606787,1229634
median_w7,2025-09-01,lead_week,1,0.8458355286498503,1417791,218573
median_w7,2025-09-01,lead_week,2,0.8381492095089744,1429681,231395
median_w7,2025-09-01,lead_week,3,0.8371967438926894,1422189,231537
median_w7,2025-09-01,lead_week,4,0.8203161316991328,1398278,251248
median_w7,2025-09-01,lead_week,5,0.8135486020905733,1470410,274160
median_w7,2025-09-01,lead_week,6,0.817524349047514,1464431,267223
median_w7,2025-09-01,lead_week,7,0.8023945474014117,1483036,293056
median_w7,2025-09-01,lead_week,8,0.8097728463629117,1471383,279897
median_w7,2025-09-01,lead_week,9,0.8262147096506922,1197282,208070
trim10_w7,2025-09-01,route,1,0.8352388404822493,1136093,187184
trim10_w7,2025-09-01,route,5,,0,0
trim10_w7,2025-09-01,route,7,0.7809751860876828,1350573,295809
trim10_w7,2025-09-01,route,11,0.8364242150618151,1907061,311949
trim10_w7,2025-09-01,route,12,0.8797688449912382,1983604,238491
trim10_w7,2025-09-01,route,17,0.894891487989814,3063025,321950
trim10_w7,2025-09-01,route,25,0.7501404624389446,464537,116069
trim10_w7,2025-09-01,route,26,0.7875471116477242,1089964,231566
trim10_w7,2025-09-01,route,28,0.7761523438797404,602164,134793
trim10_w7,2025-09-01,route,50,0.6394277124047483,1157460,417348
trim10_w7,2025-09-01,month,9,0.8331854187928026,6147694,1025525
trim10_w7,2025-09-01,month,10,0.8138832082826342,6606787,1229634
trim10_w7,2025-09-01,lead_week,1,0.8458355286498503,1417791,218573
trim10_w7,2025-09-01,lead_week,2,0.8381492095089744,1429681,231395
trim10_w7,2025-09-01,lead_week,3,0.8371967438926894,1422189,231537
trim10_w7,2025-09-01,lead_week,4,0.8203161316991328,1398278,251248
trim10_w7,2025-09-01,lead_week,5,0.8135486020905733,1470410,274160
trim10_w7,2025-09-01,lead_week,6,0.817524349047514,1464431,267223
trim10_w7,2025-09-01,lead_week,7,0.8023945474014117,1483036,293056
trim10_w7,2025-09-01,lead_week,8,0.8097728463629117,1471383,279897
trim10_w7,2025-09-01,lead_week,9,0.8262147096506922,1197282,208070
q40_w7,2025-09-01,route,1,0.8352388404822493,1136093,187184
q40_w7,2025-09-01,route,5,,0,0
q40_w7,2025-09-01,route,7,0.7809751860876828,1350573,295809
q40_w7,2025-09-01,route,11,0.8364242150618151,1907061,311949
q40_w7,2025-09-01,route,12,0.8797688449912382,1983604,238491
q40_w7,2025-09-01,route,17,0.894891487989814,3063025,321950
q40_w7,2025-09-01,route,25,0.7501404624389446,464537,116069
q40_w7,2025-09-01,route,26,0.7875471116477242,1089964,231566
q40_w7,2025-09-01,route,28,0.7761523438797404,602164,134793
q40_w7,2025-09-01,route,50,0.6394277124047483,1157460,417348
q40_w7,2025-09-01,month,9,0.8331854187928026,6147694,1025525
q40_w7,2025-09-01,month,10,0.8138832082826342,6606787,1229634
q40_w7,2025-09-01,lead_week,1,0.8458355286498503,1417791,218573
q40_w7,2025-09-01,lead_week,2,0.8381492095089744,1429681,231395
q40_w7,2025-09-01,lead_week,3,0.8371967438926894,1422189,231537
q40_w7,2025-09-01,lead_week,4,0.8203161316991328,1398278,251248
q40_w7,2025-09-01,lead_week,5,0.8135486020905733,1470410,274160
q40_w7,2025-09-01,lead_week,6,0.817524349047514,1464431,267223
q40_w7,2025-09-01,lead_week,7,0.8023945474014117,1483036,293056
q40_w7,2025-09-01,lead_week,8,0.8097728463629117,1471383,279897
q40_w7,2025-09-01,lead_week,9,0.8262147096506922,1197282,208070
q60_w7,2025-09-01,route,1,0.8352388404822493,1136093,187184
q60_w7,2025-09-01,route,5,,0,0
q60_w7,2025-09-01,route,7,0.7809751860876828,1350573,295809
q60_w7,2025-09-01,route,11,0.8364242150618151,1907061,311949
q60_w7,2025-09-01,route,12,0.8797688449912382,1983604,238491
q60_w7,2025-09-01,route,17,0.894891487989814,3063025,321950
q60_w7,2025-09-01,route,25,0.7501404624389446,464537,116069
q60_w7,2025-09-01,route,26,0.7875471116477242,1089964,231566
q60_w7,2025-09-01,route,28,0.7761523438797404,602164,134793
q60_w7,2025-09-01,route,50,0.6394277124047483,1157460,417348
q60_w7,2025-09-01,month,9,0.8331854187928026,6147694,1025525
q60_w7,2025-09-01,month,10,0.8138832082826342,6606787,1229634
q60_w7,2025-09-01,lead_week,1,0.8458355286498503,1417791,218573
q60_w7,2025-09-01,lead_week,2,0.8381492095089744,1429681,231395
q60_w7,2025-09-01,lead_week,3,0.8371967438926894,1422189,231537
q60_w7,2025-09-01,lead_week,4,0.8203161316991328,1398278,251248
q60_w7,2025-09-01,lead_week,5,0.8135486020905733,1470410,274160
q60_w7,2025-09-01,lead_week,6,0.817524349047514,1464431,267223
q60_w7,2025-09-01,lead_week,7,0.8023945474014117,1483036,293056
q60_w7,2025-09-01,lead_week,8,0.8097728463629117,1471383,279897
q60_w7,2025-09-01,lead_week,9,0.8262147096506922,1197282,208070
mean_w14,2025-09-01,route,1,0.8244773975369974,1136093,199410
mean_w14,2025-09-01,route,5,,0,0
mean_w14,2025-09-01,route,7,0.7713044759520589,1350573,308870
mean_w14,2025-09-01,route,11,0.8306782006448666,1907061,322907
mean_w14,2025-09-01,route,12,0.8655739754507452,1983604,266648
mean_w14,2025-09-01,route,17,0.8922780584552852,3063025,329955
mean_w14,2025-09-01,route,25,0.7321569648919246,464537,124423
mean_w14,2025-09-01,route,26,0.7626453717737467,1089964,258708
mean_w14,2025-09-01,route,28,0.7696424894214865,602164,138713
mean_w14,2025-09-01,route,50,0.6271689734418469,1157460,431537
mean_w14,2025-09-01,month,9,0.8269614590446435,6147694,1063788
mean_w14,2025-09-01,month,10,0.8006015632106802,6606787,1317383
mean_w14,2025-09-01,lead_week,1,0.8393000096629193,1417791,227839
mean_w14,2025-09-01,lead_week,2,0.8293934101383456,1429681,243913
mean_w14,2025-09-01,lead_week,3,0.8298362594563733,1422189,242005
mean_w14,2025-09-01,lead_week,4,0.8166916736156902,1398278,256316
mean_w14,2025-09-01,lead_week,5,0.8014716983698424,1470410,291918
mean_w14,2025-09-01,lead_week,6,0.8025820267393957,1464431,289105
mean_w14,2025-09-01,lead_week,7,0.7920522495745215,1483036,308394
mean_w14,2025-09-01,lead_week,8,0.7981932644321703,1471383,296935
mean_w14,2025-09-01,lead_week,9,0.8122864955791534,1197282,224746
median_w14,2025-09-01,route,1,0.8244773975369974,1136093,199410
median_w14,2025-09-01,route,5,,0,0
median_w14,2025-09-01,route,7,0.7713044759520589,1350573,308870
median_w14,2025-09-01,route,11,0.8306782006448666,1907061,322907
median_w14,2025-09-01,route,12,0.8655739754507452,1983604,266648
median_w14,2025-09-01,route,17,0.8922780584552852,3063025,329955
median_w14,2025-09-01,route,25,0.7321569648919246,464537,124423
median_w14,2025-09-01,route,26,0.7626453717737467,1089964,258708
median_w14,2025-09-01,route,28,0.7696424894214865,602164,138713
median_w14,2025-09-01,route,50,0.6271689734418469,1157460,431537
median_w14,2025-09-01,month,9,0.8269614590446435,6147694,1063788
median_w14,2025-09-01,month,10,0.8006015632106802,6606787,1317383
median_w14,2025-09-01,lead_week,1,0.8393000096629193,1417791,227839
median_w14,2025-09-01,lead_week,2,0.8293934101383456,1429681,243913
median_w14,2025-09-01,lead_week,3,0.8298362594563733,1422189,242005
median_w14,2025-09-01,lead_week,4,0.8166916736156902,1398278,256316
median_w14,2025-09-01,lead_week,5,0.8014716983698424,1470410,291918
median_w14,2025-09-01,lead_week,6,0.8025820267393957,1464431,289105
median_w14,2025-09-01,lead_week,7,0.7920522495745215,1483036,308394
median_w14,2025-09-01,lead_week,8,0.7981932644321703,1471383,296935
median_w14,2025-09-01,lead_week,9,0.8122864955791534,1197282,224746
trim10_w14,2025-09-01,route,1,0.8244773975369974,1136093,199410
trim10_w14,2025-09-01,route,5,,0,0
trim10_w14,2025-09-01,route,7,0.7713044759520589,1350573,308870
trim10_w14,2025-09-01,route,11,0.8306782006448666,1907061,322907
trim10_w14,2025-09-01,route,12,0.8655739754507452,1983604,266648
trim10_w14,2025-09-01,route,17,0.8922780584552852,3063025,329955
trim10_w14,2025-09-01,route,25,0.7321569648919246,464537,124423
trim10_w14,2025-09-01,route,26,0.7626453717737467,1089964,258708
trim10_w14,2025-09-01,route,28,0.7696424894214865,602164,138713
trim10_w14,2025-09-01,route,50,0.6271689734418469,1157460,431537
trim10_w14,2025-09-01,month,9,0.8269614590446435,6147694,1063788
trim10_w14,2025-09-01,month,10,0.8006015632106802,6606787,1317383
trim10_w14,2025-09-01,lead_week,1,0.8393000096629193,1417791,227839
trim10_w14,2025-09-01,lead_week,2,0.8293934101383456,1429681,243913
trim10_w14,2025-09-01,lead_week,3,0.8298362594563733,1422189,242005
trim10_w14,2025-09-01,lead_week,4,0.8166916736156902,1398278,256316
trim10_w14,2025-09-01,lead_week,5,0.8014716983698424,1470410,291918
trim10_w14,2025-09-01,lead_week,6,0.8025820267393957,1464431,289105
trim10_w14,2025-09-01,lead_week,7,0.7920522495745215,1483036,308394
trim10_w14,2025-09-01,lead_week,8,0.7981932644321703,1471383,296935
trim10_w14,2025-09-01,lead_week,9,0.8122864955791534,1197282,224746
q40_w14,2025-09-01,route,1,0.8175219810350033,1136093,207312
q40_w14,2025-09-01,route,5,,0,0
q40_w14,2025-09-01,route,7,0.7655195239353964,1350573,316683
q40_w14,2025-09-01,route,11,0.8233800596834606,1907061,336825
q40_w14,2025-09-01,route,12,0.8606506137313698,1983604,276414
q40_w14,2025-09-01,route,17,0.8889551995168176,3063025,340133
q40_w14,2025-09-01,route,25,0.7234515226989454,464537,128467
q40_w14,2025-09-01,route,26,0.7543331706368284,1089964,267768
q40_w14,2025-09-01,route,28,0.7617326841192764,602164,143476
q40_w14,2025-09-01,route,50,0.618873222400774,1157460,441139
q40_w14,2025-09-01,month,9,0.8210522514620929,6147694,1100116
q40_w14,2025-09-01,month,10,0.7944385069474769,6606787,1358101
q40_w14,2025-09-01,lead_week,1,0.833228592930834,1417791,236447
q40_w14,2025-09-01,lead_week,2,0.8230577310602855,1429681,252971
q40_w14,2025-09-01,lead_week,3,0.8231423530909042,1422189,251525
q40_w14,2025-09-01,lead_week,4,0.8118700287067379,1398278,263058
q40_w14,2025-09-01,lead_week,5,0.7955155364830218,1470410,300676
q40_w14,2025-09-01,lead_week,6,0.7961016941050825,1464431,298595
q40_w14,2025-09-01,lead_week,7,0.7864219074924681,1483036,316744
q40_w14,2025-09-01,lead_week,8,0.7920330736456789,1471383,305999
q40_w14,2025-09-01,lead_week,9,0.8060590570976596,1197282,232202
q60_w14,2025-09-01,route,1,0.8305895732127564,1136093,192466
q60_w14,2025-09-01,route,5,,0,0
q60_w14,2025-09-01,route,7,0.7768769255715907,1350573,301344
q60_w14,2025-09-01,route,11,0.8368437087224793,1907061,311149
q60_w14,2025-09-01,route,12,0.8700728572840144,1983604,257724
q60_w14,2025-09-01,route,17,0.8949215236571689,3063025,321858
q60_w14,2025-09-01,route,25,0.7392887972325133,464537,121110
q60_w14,2025-09-01,route,26,0.7705832486210553,1089964,250056
q60_w14,2025-09-01,route,28,0.7760825954391163,602164,134835
q60_w14,2025-09-01,route,50,0.6353627771154079,1157460,422053
q60_w14,2025-09-01,month,9,0.832055238923733,6147694,1032473
q60_w14,2025-09-01,month,10,0.8062413696703102,6606787,1280122
q60_w14,2025-09-01,lead_week,1,0.8447204136575842,1417791,220154
q60_w14,2025-09-01,lead_week,2,0.8350051514988308,1429681,235890
q60_w14,2025-09-01,lead_week,3,0.8354269369261047,1422189,234054
q60_w14,2025-09-01,lead_week,4,0.8205385481284837,1398278,250937
q60_w14,2025-09-01,lead_week,5,0.8070776178072783,1470410,283675
q60_w14,2025-09-01,lead_week,6,0.8086000637790377,1464431,280292
q60_w14,2025-09-01,lead_week,7,0.7970332480128601,1483036,301007
q60_w14,2025-09-01,lead_week,8,0.8036921726022388,1471383,288844
q60_w14,2025-09-01,lead_week,9,0.8181364123072091,1197282,217742
mean_w28,2025-09-01,route,1,0.802799594751486,1136093,224038
mean_w28,2025-09-01,route,5,,0,0
mean_w28,2025-09-01,route,7,0.6895095637185106,1350573,419340
mean_w28,2025-09-01,route,11,0.8270354225690736,1907061,329854
mean_w28,2025-09-01,route,12,0.8501873357787139,1983604,297169
mean_w28,2025-09-01,route,17,0.8722086825931881,3063025,391428
mean_w28,2025-09-01,route,25,0.7134028075266341,464537,133135
mean_w28,2025-09-01,route,26,0.7336462488669351,1089964,290316
mean_w28,2025-09-01,route,28,0.7377358991902538,602164,157926
mean_w28,2025-09-01,route,50,0.6270117325868713,1157460,431719
mean_w28,2025-09-01,month,9,0.8042911699899182,6147694,1203158
mean_w28,2025-09-01,month,10,0.7772340776235105,6606787,1471767
mean_w28,2025-09-01,lead_week,1,0.8148358961229123,1417791,262524
mean_w28,2025-09-01,lead_week,2,0.8072087409708879,1429681,275630
mean_w28,2025-09-01,lead_week,3,0.8051271666424082,1422189,277146
mean_w28,2025-09-01,lead_week,4,0.7994998133418391,1398278,280355
mean_w28,2025-09-01,lead_week,5,0.7785345583884766,1470410,325645
mean_w28,2025-09-01,lead_week,6,0.7771489404417142,1464431,326350
mean_w28,2025-09-01,lead_week,7,0.7680885696638518,1483036,343933
mean_w28,2025-09-01,lead_week,8,0.774815938474211,1471383,331332
mean_w28,2025-09-01,lead_week,9,0.7895149179558366,1197282,252010
median_w28,2025-09-01,route,1,0.8022283387011451,1136093,224687
median_w28,2025-09-01,route,5,,0,0
median_w28,2025-09-01,route,7,0.7341313649836032,1350573,359075
median_w28,2025-09-01,route,11,0.825550939377398,1907061,332685
median_w28,2025-09-01,route,12,0.8471585054274946,1983604,303177
median_w28,2025-09-01,route,17,0.8693719444013679,3063025,400117
median_w28,2025-09-01,route,25,0.7123587572141724,464537,133620
median_w28,2025-09-01,route,26,0.7312654362896389,1089964,292911
median_w28,2025-09-01,route,28,0.73193183252403,602164,161421
median_w28,2025-09-01,route,50,0.6316434261227171,1157460,426358
median_w28,2025-09-01,month,9,0.8081148801485565,6147694,1179651
median_w28,2025-09-01,month,10,0.7798627381206629,6606787,1454400
median_w28,2025-09-01,lead_week,1,0.818229203034862,1417791,257713
median_w28,2025-09-01,lead_week,2,0.8105738273083296,1429681,270819
median_w28,2025-09-01,lead_week,3,0.8081570030424929,1422189,272837
median_w28,2025-09-01,lead_week,4,0.8036756639237691,1398278,274516
median_w28,2025-09-01,lead_week,5,0.7811440346570004,1470410,321808
median_w28,2025-09-01,lead_week,6,0.7799548083863289,1464431,322241
median_w28,2025-09-01,lead_week,7,0.771254372786635,1483036,339238
median_w28,2025-09-01,lead_week,8,0.7776574827900009,1471383,327151
median_w28,2025-09-01,lead_week,9,0.7930913519120808,1197282,247728
trim10_w28,2025-09-01,route,1,0.802799594751486,1136093,224038
trim10_w28,2025-09-01,route,5,,0,0
trim10_w28,2025-09-01,route,7,0.6895095637185106,1350573,419340
trim10_w28,2025-09-01,route,11,0.8270354225690736,1907061,329854
trim10_w28,2025-09-01,route,12,0.8501873357787139,1983604,297169
trim10_w28,2025-09-01,route,17,0.8722086825931881,3063025,391428
trim10_w28,2025-09-01,route,25,0.7134028075266341,464537,133135
trim10_w28,2025-09-01,route,26,0.7336462488669351,1089964,290316
trim10_w28,2025-09-01,route,28,0.7377358991902538,602164,157926
trim10_w28,2025-09-01,route,50,0.6270117325868713,1157460,431719
trim10_w28,2025-09-01,month,9,0.8042911699899182,6147694,1203158
trim10_w28,2025-09-01,month,10,0.7772340776235105,6606787,1471767
trim10_w28,2025-09-01,lead_week,1,0.8148358961229123,1417791,262524
trim10_w28,2025-09-01,lead_week,2,0.8072087409708879,1429681,275630
trim10_w28,2025-09-01,lead_week,3,0.8051271666424082,1422189,277146
trim10_w28,2025-09-01,lead_week,4,0.7994998133418391,1398278,280355
trim10_w28,2025-09-01,lead_week,5,0.7785345583884766,1470410,325645
trim10_w28,2025-09-01,lead_week,6,0.7771489404417142,1464431,326350
trim10_w28,2025-09-01,lead_week,7,0.7680885696638518,1483036,343933
trim10_w28,2025-09-01,lead_week,8,0.774815938474211,1471383,331332
trim10_w28,2025-09-01,lead_week,9,0.7895149179558366,1197282,252010
q40_w28,2025-09-01,route,1,0.7898772371628027,1136093,238719
q40_w28,2025-09-01,route,5,,0,0
q40_w28,2025-09-01,route,7,0.7115587235936154,1350573,389561
q40_w28,2025-09-01,route,11,0.8172517816682319,1907061,348512
q40_w28,2025-09-01,route,12,0.8388771145853708,1983604,319604
q40_w28,2025-09-01,route,17,0.8625104267839798,3063025,421134
q40_w28,2025-09-01,route,25,0.6895381853329229,464537,144221
q40_w28,2025-09-01,route,26,0.7200705711381293,1089964,305113
q40_w28,2025-09-01,route,28,0.7155376276230396,602164,171293
q40_w28,2025-09-01,route,50,0.6128134017590241,1157460,448153
q40_w28,2025-09-01,month,9,0.7958083144671807,6147694,1255308
q40_w28,2025-09-01,month,10,0.7682682974341386,6606787,1531002
q40_w28,2025-09-01,lead_week,1,0.805134889416,1417791,276278
q40_w28,2025-09-01,lead_week,2,0.7978388185896015,1429681,289026
q40_w28,2025-09-01,lead_week,3,0.7958302307217957,1422189,290368
q40_w28,2025-09-01,lead_week,4,0.7929832265114662,1398278,289467
q40_w28,2025-09-01,lead_week,5,0.7694323351990261,1470410,339029
q40_w28,2025-09-01,lead_week,6,0.7682676752950464,1464431,339356
q40_w28,2025-09-01,lead_week,7,0.7598460185727116,1483036,356157
q40_w28,2025-09-01,lead_week,8,0.7659426539520982,1471383,344388
q40_w28,2025-09-01,lead_week,9,0.7809697297712652,1197282,262241
q60_w28,2025-09-01,route,1,0.8134536521217893,1136093,211934
q60_w28,2025-09-01,route,5,,0,0
q60_w28,2025-09-01,route,7,0.7557555200644467,1350573,329870
q60_w28,2025-09-01,route,11,0.8330624977386669,1907061,318360
q60_w28,2025-09-01,route,12,0.8545546389299477,1983604,288506
q60_w28,2025-09-01,route,17,0.8757169791301083,3063025,380682
q60_w28,2025-09-01,route,25,0.7281809629803438,464537,126270
q60_w28,2025-09-01,route,26,0.7422162566837069,1089964,280975
q60_w28,2025-09-01,route,28,0.7462369055606114,602164,152807
q60_w28,2025-09-01,route,50,0.649310559328184,1157460,405909
q60_w28,2025-09-01,month,9,0.8189757004821645,6147694,1112882
q60_w28,2025-09-01,month,10,0.7907559302275069,6606787,1382431
q60_w28,2025-09-01,lead_week,1,0.8296286265041886,1417791,241551
q60_w28,2025-09-01,lead_week,2,0.8219078241929494,1429681,254615
q60_w28,2025-09-01,lead_week,3,0.8188995977327908,1422189,257559
q60_w28,2025-09-01,lead_week,4,0.8130185842872447,1398278,261452
q60_w28,2025-09-01,lead_week,5,0.7921178446827756,1470410,305672
q60_w28,2025-09-01,lead_week,6,0.7910376111950648,1464431,306011
q60_w28,2025-09-01,lead_week,7,0.7819243767514746,1483036,323414
q60_w28,2025-09-01,lead_week,8,0.7885615098176342,1471383,311107
q60_w28,2025-09-01,lead_week,9,0.8046141176431283,1197282,233932
mean_w56,2025-09-01,route,1,0.7854515431395142,1136093,243747
mean_w56,2025-09-01,route,5,,0,0
mean_w56,2025-09-01,route,7,0.6024124575272866,1350573,536971
mean_w56,2025-09-01,route,11,0.8189124521973865,1907061,345345
mean_w56,2025-09-01,route,12,0.838190989733838,1983604,320965
mean_w56,2025-09-01,route,17,0.8406490315945838,3063025,488096
mean_w56,2025-09-01,route,25,0.6896135291699046,464537,144186
mean_w56,2025-09-01,route,26,0.7193613734031583,1089964,305886
mean_w56,2025-09-01,route,28,0.7223746354813638,602164,167176
mean_w56,2025-09-01,route,50,0.6442399737355935,1157460,411778
mean_w56,2025-09-01,month,9,0.7818861836649644,6147694,1340897
mean_w56,2025-09-01,month,10,0.7543052318774618,6606787,1623253
mean_w56,2025-09-01,lead_week,1,0.7901749975842702,1417791,297488
mean_w56,2025-09-01,lead_week,2,0.7871189447156394,1429681,304352
mean_w56,2025-09-01,lead_week,3,0.7779296563255658,1422189,315826
mean_w56,2025-09-01,lead_week,4,0.7785383164149047,1398278,309665
mean_w56,2025-09-01,lead_week,5,0.755802123217334,1470410,359071
mean_w56,2025-09-01,lead_week,6,0.7511825412054238,1464431,364376
mean_w56,2025-09-01,lead_week,7,0.7456804824697445,1483036,377165
mean_w56,2025-09-01,lead_week,8,0.7525566083066068,1471383,364084
mean_w56,2025-09-01,lead_week,9,0.7727160351529547,1197282,272123
median_w56,2025-09-01,route,1,0.7914360884188179,1136093,236948
median_w56,2025-09-01,route,5,,0,0
median_w56,2025-09-01,route,7,0.5454551512580216,1350573,613896
median_w56,2025-09-01,route,11,0.8205573917142661,1907061,342208
median_w56,2025-09-01,route,12,0.8373228729121337,1983604,322687
median_w56,2025-09-01,route,17,0.844556280147893,3063025,476128
median_w56,2025-09-01,route,25,0.6771990175163658,464537,149953
median_w56,2025-09-01,route,26,0.7210458327064013,1089964,304050
median_w56,2025-09-01,route,28,0.7185949342703981,602164,169452
median_w56,2025-09-01,route,50,0.6209726470029202,1157460,438709
median_w56,2025-09-01,month,9,0.7751696815098474,6147694,1382188
median_w56,2025-09-01,month,10,0.7469506736027663,6606787,1671843
median_w56,2025-09-01,lead_week,1,0.7816391837725024,1417791,309590
median_w56,2025-09-01,lead_week,2,0.7801789350211691,1429681,314274
median_w56,2025-09-01,lead_week,3,0.7700319718405922,1422189,327058
median_w56,2025-09-01,lead_week,4,0.771546859780387,1398278,319441
median_w56,2025-09-01,lead_week,5,0.7488244775266762,1470410,369331
median_w56,2025-09-01,lead_week,6,0.7434034106079426,1464431,375768
median_w56,2025-09-01,lead_week,7,0.738814836591964,1483036,387347
median_w56,2025-09-01,lead_week,8,0.7458377594412875,1471383,373970
median_w56,2025-09-01,lead_week,9,0.768432165521573,1197282,277252
trim10_w56,2025-09-01,route,1,0.7854515431395142,1136093,243747
trim10_w56,2025-09-01,route,5,,0,0
trim10_w56,2025-09-01,route,7,0.6024124575272866,1350573,536971
trim10_w56,2025-09-01,route,11,0.8189124521973865,1907061,345345
trim10_w56,2025-09-01,route,12,0.838190989733838,1983604,320965
trim10_w56,2025-09-01,route,17,0.8406490315945838,3063025,488096
trim10_w56,2025-09-01,route,25,0.6896135291699046,464537,144186
trim10_w56,2025-09-01,route,26,0.7193613734031583,1089964,305886
trim10_w56,2025-09-01,route,28,0.7223746354813638,602164,167176
trim10_w56,2025-09-01,route,50,0.6442399737355935,1157460,411778
trim10_w56,2025-09-01,month,9,0.7818861836649644,6147694,1340897
trim10_w56,2025-09-01,month,10,0.7543052318774618,6606787,1623253
trim10_w56,2025-09-01,lead_week,1,0.7901749975842702,1417791,297488
trim10_w56,2025-09-01,lead_week,2,0.7871189447156394,1429681,304352
trim10_w56,2025-09-01,lead_week,3,0.7779296563255658,1422189,315826
trim10_w56,2025-09-01,lead_week,4,0.7785383164149047,1398278,309665
trim10_w56,2025-09-01,lead_week,5,0.755802123217334,1470410,359071
trim10_w56,2025-09-01,lead_week,6,0.7511825412054238,1464431,364376
trim10_w56,2025-09-01,lead_week,7,0.7456804824697445,1483036,377165
trim10_w56,2025-09-01,lead_week,8,0.7525566083066068,1471383,364084
trim10_w56,2025-09-01,lead_week,9,0.7727160351529547,1197282,272123
q40_w56,2025-09-01,route,1,0.7755615077286806,1136093,254983
q40_w56,2025-09-01,route,5,,0,0
q40_w56,2025-09-01,route,7,0.4699116597177643,1350573,715923
q40_w56,2025-09-01,route,11,0.8108618444821639,1907061,360698
q40_w56,2025-09-01,route,12,0.8271469507018538,1983604,342872
q40_w56,2025-09-01,route,17,0.832535157238351,3063025,512949
q40_w56,2025-09-01,route,25,0.6564213399578505,464537,159605
q40_w56,2025-09-01,route,26,0.7079490698775373,1089964,318325
q40_w56,2025-09-01,route,28,0.6997296417587235,602164,180812
q40_w56,2025-09-01,route,50,0.6245736353740086,1157460,434541
q40_w56,2025-09-01,month,9,0.7570710253307988,6147694,1493453
q40_w56,2025-09-01,month,10,0.7294819705857023,6606787,1787255
q40_w56,2025-09-01,lead_week,1,0.7636033801879121,1417791,335161
q40_w56,2025-09-01,lead_week,2,0.7611166407051643,1429681,341527
q40_w56,2025-09-01,lead_week,3,0.7529519634872721,1422189,351349
q40_w56,2025-09-01,lead_week,4,0.7558153671873548,1398278,341438
q40_w56,2025-09-01,lead_week,5,0.7304098856781442,1470410,396408
q40_w56,2025-09-01,lead_week,6,0.7270332299712312,1464431,399741
q40_w56,2025-09-01,lead_week,7,0.7217006195399167,1483036,412728
q40_w56,2025-09-01,lead_week,8,0.7282046890578455,1471383,399915
q40_w56,2025-09-01,lead_week,9,0.7473936800185754,1197282,302441
q60_w56,2025-09-01,route,1,0.805799349172999,1136093,220630
q60_w56,2025-09-01,route,5,,0,0
q60_w56,2025-09-01,route,7,0.6424080742025793,1350573,482954
q60_w56,2025-09-01,route,11,0.82865938740292,1907061,326757
q60_w56,2025-09-01,route,12,0.8464854880308772,1983604,304512
q60_w56,2025-09-01,route,17,0.8540991340260037,3063025,446898
q60_w56,2025-09-01,route,25,0.6969025072276267,464537,140800
q60_w56,2025-09-01,route,26,0.734328840218576,1089964,289572
q60_w56,2025-09-01,route,28,0.735869298064979,602164,159050
q60_w56,2025-09-01,route,50,0.605076633317782,1157460,457108
q60_w56,2025-09-01,month,9,0.7926271216491907,6147694,1274865
q60_w56,2025-09-01,month,10,0.76487572552286,6606787,1553416
q60_w56,2025-09-01,lead_week,1,0.7989217028461881,1417791,285087
q60_w56,2025-09-01,lead_week,2,0.7985473682590731,1429681,288013
q60_w56,2025-09-01,lead_week,3,0.7871893257506561,1422189,302657
q60_w56,2025-09-01,lead_week,4,0.7876859966330014,1398278,296874
q60_w56,2025-09-01,lead_week,5,0.7676090342149469,1470410,341710
q60_w56,2025-09-01,lead_week,6,0.7607500797237972,1464431,350365
q60_w56,2025-09-01,lead_week,7,0.7563929668598739,1483036,361278
q60_w56,2025-09-01,lead_week,8,0.7630440204895667,1471383,348653
q60_w56,2025-09-01,lead_week,9,0.7881501601126552,1197282,253644
mean_w84,2025-09-01,route,1,0.7961249651216934,1136093,231621
mean_w84,2025-09-01,route,5,,0,0
mean_w84,2025-09-01,route,7,0.6926674826166375,1350573,415075
mean_w84,2025-09-01,route,11,0.8304831360926578,1907061,323279
mean_w84,2025-09-01,route,12,0.8459495947779899,1983604,305575
mean_w84,2025-09-01,route,17,0.8475640910537785,3063025,466915
mean_w84,2025-09-01,route,25,0.7123975054731916,464537,133602
mean_w84,2025-09-01,route,26,0.7353710764759203,1089964,288436
mean_w84,2025-09-01,route,28,0.7400276336679044,602164,156546
mean_w84,2025-09-01,route,50,0.6727835087173639,1157460,378740
mean_w84,2025-09-01,month,9,0.8029801092897597,6147694,1211218
mean_w84,2025-09-01,month,10,0.7746906325268244,6606787,1488571
mean_w84,2025-09-01,lead_week,1,0.8095205851920346,1417791,270060
mean_w84,2025-09-01,lead_week,2,0.8065568472967046,1429681,276562
mean_w84,2025-09-01,lead_week,3,0.7996061001737462,1422189,284998
mean_w84,2025-09-01,lead_week,4,0.7951573292292377,1398278,286427
mean_w84,2025-09-01,lead_week,5,0.7767568229269387,1470410,328259
mean_w84,2025-09-01,lead_week,6,0.7726871392370143,1464431,332884
mean_w84,2025-09-01,lead_week,7,0.7672308696484779,1483036,345205
mean_w84,2025-09-01,lead_week,8,0.7732269572232383,1471383,333670
mean_w84,2025-09-01,lead_week,9,0.7981060435219105,1197282,241724
median_w84,2025-09-01,route,1,0.805892651393856,1136093,220524
median_w84,2025-09-01,route,5,,0,0
median_w84,2025-09-01,route,7,0.7249189788334285,1350573,371517
median_w84,2025-09-01,route,11,0.8322880075676656,1907061,319837
median_w84,2025-09-01,route,12,0.8506602124214309,1983604,296231
median_w84,2025-09-01,route,17,0.8537951861313571,3063025,447829
median_w84,2025-09-01,route,25,0.6966549489061151,464537,140915
median_w84,2025-09-01,route,26,0.7406804261425148,1089964,282649
median_w84,2025-09-01,route,28,0.7390312273732738,602164,157146
median_w84,2025-09-01,route,50,0.7116107684066836,1157460,333799
median_w84,2025-09-01,month,9,0.8133462726023775,6147694,1147490
median_w84,2025-09-01,month,10,0.7846219349889743,6606787,1422957
median_w84,2025-09-01,lead_week,1,0.8200432926996998,1417791,255141
median_w84,2025-09-01,lead_week,2,0.8164114931932368,1429681,262473
median_w84,2025-09-01,lead_week,3,0.8097081330259199,1422189,270631
median_w84,2025-09-01,lead_week,4,0.8073072736608886,1398278,269438
median_w84,2025-09-01,lead_week,5,0.786288178127189,1470410,314244
median_w84,2025-09-01,lead_week,6,0.7834838240927705,1464431,317073
median_w84,2025-09-01,lead_week,7,0.7771315059108478,1483036,330522
median_w84,2025-09-01,lead_week,8,0.7828797804514528,1471383,319467
median_w84,2025-09-01,lead_week,9,0.8066804645856198,1197282,231458
trim10_w84,2025-09-01,route,1,0.8039975600589037,1136093,222677
trim10_w84,2025-09-01,route,5,,0,0
trim10_w84,2025-09-01,route,7,0.6910296592631424,1350573,417287
trim10_w84,2025-09-01,route,11,0.8341982768249154,1907061,316194
trim10_w84,2025-09-01,route,12,0.8528300003428104,1983604,291927
trim10_w84,2025-09-01,route,17,0.8526237951045127,3063025,451417
trim10_w84,2025-09-01,route,25,0.7061504250468746,464537,136504
trim10_w84,2025-09-01,route,26,0.7403226161597998,1089964,283039
trim10_w84,2025-09-01,route,28,0.7415355285271122,602164,155638
trim10_w84,2025-09-01,route,50,0.6824235826724034,1157460,367582
trim10_w84,2025-09-01,month,9,0.807489605045404,6147694,1183495
trim10_w84,2025-09-01,month,10,0.7792012970904011,6606787,1458770
trim10_w84,2025-09-01,lead_week,1,0.8143358224167032,1417791,263233
trim10_w84,2025-09-01,lead_week,2,0.8117321276564492,1429681,269163
trim10_w84,2025-09-01,lead_week,3,0.8036076780231038,1422189,279307
trim10_w84,2025-09-01,lead_week,4,0.8000469148481203,1398278,279590
trim10_w84,2025-09-01,lead_week,5,0.7809876156990228,1470410,322038
trim10_w84,2025-09-01,lead_week,6,0.7770854345476161,1464431,326443
trim10_w84,2025-09-01,lead_week,7,0.7710264619334932,1483036,339576
trim10_w84,2025-09-01,lead_week,8,0.7778328280264214,1471383,326893
trim10_w84,2025-09-01,lead_week,9,0.8028684971460358,1197282,236022
q40_w84,2025-09-01,route,1,0.7877656142586918,1136093,241118
q40_w84,2025-09-01,route,5,,0,0
q40_w84,2025-09-01,route,7,0.6417009669229283,1350573,483909
q40_w84,2025-09-01,route,11,0.8195521800298994,1907061,344125
q40_w84,2025-09-01,route,12,0.8366725414951774,1983604,323977
q40_w84,2025-09-01,route,17,0.8397185788558696,3063025,490946
q40_w84,2025-09-01,route,25,0.6736923000751286,464537,151582
q40_w84,2025-09-01,route,26,0.7213550172299268,1089964,303713
q40_w84,2025-09-01,route,28,0.7158265854484824,602164,171119
q40_w84,2025-09-01,route,50,0.6919280147910079,1157460,356581
q40_w84,2025-09-01,month,9,0.7903620446951328,6147694,1288790
q40_w84,2025-09-01,month,10,0.7611123228280252,6606787,1578280
q40_w84,2025-09-01,lead_week,1,0.7962845017354462,1417791,288826
q40_w84,2025-09-01,lead_week,2,0.792356476724528,1429681,296864
q40_w84,2025-09-01,lead_week,3,0.7867357995315671,1422189,303302
q40_w84,2025-09-01,lead_week,4,0.7862949999928484,1398278,298819
q40_w84,2025-09-01,lead_week,5,0.7628300950075149,1470410,348737
q40_w84,2025-09-01,lead_week,6,0.7604066016084062,1464431,350868
q40_w84,2025-09-01,lead_week,7,0.7548697401816274,1483036,363537
q40_w84,2025-09-01,lead_week,8,0.7599360601556495,1471383,353226
q40_w84,2025-09-01,lead_week,9,0.7804268334444182,1197282,262891
q60_w84,2025-09-01,route,1,0.8226905719866243,1136093,201440
q60_w84,2025-09-01,route,5,,0,0
q60_w84,2025-09-01,route,7,0.7822013323233916,1350573,294153
q60_w84,2025-09-01,route,11,0.8433668351458081,1907061,298709
q60_w84,2025-09-01,route,12,0.8631168317869897,1983604,271522
q60_w84,2025-09-01,route,17,0.8666866904449033,3063025,408342
q60_w84,2025-09-01,route,25,0.7198694614207264,464537,130131
q60_w84,2025-09-01,route,26,0.7561882777779817,1089964,265746
q60_w84,2025-09-01,route,28,0.7621926916919644,602164,143199
q60_w84,2025-09-01,route,50,0.6903469666338362,1157460,358411
q60_w84,2025-09-01,month,9,0.8282403125464606,6147694,1055926
q60_w84,2025-09-01,month,10,0.8008522145484636,6606787,1315727
q60_w84,2025-09-01,lead_week,1,0.835310705174458,1417791,233495
q60_w84,2025-09-01,lead_week,2,0.8325353697782932,1429681,239421
q60_w84,2025-09-01,lead_week,3,0.8241056568430778,1422189,250155
q60_w84,2025-09-01,lead_week,4,0.8193306338224587,1398278,252626
q60_w84,2025-09-01,lead_week,5,0.8019327942546637,1470410,291240
q60_w84,2025-09-01,lead_week,6,0.798312791794219,1464431,295357
q60_w84,2025-09-01,lead_week,7,0.7921304675004518,1483036,308278
q60_w84,2025-09-01,lead_week,8,0.7997999161333249,1471383,294571
q60_w84,2025-09-01,lead_week,9,0.8275176608351249,1197282,206510
mean_w112,2025-09-01,route,1,0.8368540251546308,1136093,185349
mean_w112,2025-09-01,route,5,,0,0
mean_w112,2025-09-01,route,7,0.7627584736256389,1350573,320412
mean_w112,2025-09-01,route,11,0.8555206152294027,1907061,275531
mean_w112,2025-09-01,route,12,0.8734586137152376,1983604,251008
mean_w112,2025-09-01,route,17,0.8703712832902115,3063025,397056
mean_w112,2025-09-01,route,25,0.7572873635469295,464537,112749
mean_w112,2025-09-01,route,26,0.7828139277994502,1089964,236725
mean_w112,2025-09-01,route,28,0.7888299533017583,602164,127159
mean_w112,2025-09-01,route,50,0.7070447358872013,1157460,339084
mean_w112,2025-09-01,month,9,0.837462957655342,6147694,999228
mean_w112,2025-09-01,month,10,0.8114295193715191,6606787,1245845
mean_w112,2025-09-01,lead_week,1,0.8452049702671268,1417791,219467
mean_w112,2025-09-01,lead_week,2,0.8424620597182169,1429681,225229
mean_w112,2025-09-01,lead_week,3,0.834592308054696,1422189,235241
mean_w112,2025-09-01,lead_week,4,0.8254781953231045,1398278,244030
mean_w112,2025-09-01,lead_week,5,0.8124278262525418,1470410,275808
mean_w112,2025-09-01,lead_week,6,0.8094993891825563,1464431,278975
mean_w112,2025-09-01,lead_week,7,0.8030985087347846,1483036,292012
mean_w112,2025-09-01,lead_week,8,0.8100147956038639,1471383,279541
mean_w112,2025-09-01,lead_week,9,0.8373232037230995,1197282,194770
median_w112,2025-09-01,route,1,0.8348717930662366,1136093,187601
median_w112,2025-09-01,route,5,,0,0
median_w112,2025-09-01,route,7,0.804018738713124,1350573,264687
median_w112,2025-09-01,route,11,0.8515380472884716,1907061,283126
median_w112,2025-09-01,route,12,0.8703047584094405,1983604,257264
median_w112,2025-09-01,route,17,0.8741988720301009,3063025,385332
median_w112,2025-09-01,route,25,0.7322990418416617,464537,124357
median_w112,2025-09-01,route,26,0.7673482793927139,1089964,253582
median_w112,2025-09-01,route,28,0.7755445360400157,602164,135159
median_w112,2025-09-01,route,50,0.7361109671176542,1157460,305441
median_w112,2025-09-01,month,9,0.8413946757922564,6147694,975057
median_w112,2025-09-01,month,10,0.8151155773600693,6606787,1221492
median_w112,2025-09-01,lead_week,1,0.8485827600824098,1417791,214678
median_w112,2025-09-01,lead_week,2,0.8456480851322777,1429681,220674
median_w112,2025-09-01,lead_week,3,0.8383674743652215,1422189,229872
median_w112,2025-09-01,lead_week,4,0.8309613681971683,1398278,236363
median_w112,2025-09-01,lead_week,5,0.8163512217680783,1470410,270039
median_w112,2025-09-01,lead_week,6,0.8131042022464698,1464431,273696
median_w112,2025-09-01,lead_week,7,0.8069588330964319,1483036,286287
median_w112,2025-09-01,lead_week,8,0.8141748273563035,1471383,273420
median_w112,2025-09-01,lead_week,9,0.8400376853573344,1197282,191520
trim10_w112,2025-09-01,route,1,0.8403968689183016,1136093,181324
trim10_w112,2025-09-01,route,5,,0,0
trim10_w112,2025-09-01,route,7,0.7643341011555835,1350573,318284
trim10_w112,2025-09-01,route,11,0.8568346791214334,1907061,273025
trim10_w112,2025-09-01,route,12,0.8769416677925634,1983604,244099
trim10_w112,2025-09-01,route,17,0.8743542739611985,3063025,384856
trim10_w112,2025-09-01,route,25,0.7538323104510513,464537,114354
trim10_w112,2025-09-01,route,26,0.7848048192417364,1089964,234555
trim10_w112,2025-09-01,route,28,0.785412279711175,602164,129217
trim10_w112,2025-09-01,route,50,0.7142320252967704,1157460,330765
trim10_w112,2025-09-01,month,9,0.8403355794872028,6147694,981568
trim10_w112,2025-09-01,month,10,0.8139926412036592,6606787,1228911
trim10_w112,2025-09-01,lead_week,1,0.8481800208916547,1417791,215249
trim10_w112,2025-09-01,lead_week,2,0.8457648944065145,1429681,220507
trim10_w112,2025-09-01,lead_week,3,0.8368086098261202,1422189,232089
trim10_w112,2025-09-01,lead_week,4,0.828759374030057,1398278,239442
trim10_w112,2025-09-01,lead_week,5,0.8150407029331955,1470410,271966
trim10_w112,2025-09-01,lead_week,6,0.812128396626403,1464431,275125
trim10_w112,2025-09-01,lead_week,7,0.8054099833045185,1483036,288584
trim10_w112,2025-09-01,lead_week,8,0.8126408963539744,1471383,275677
trim10_w112,2025-09-01,lead_week,9,0.839770413319502,1197282,191840
q40_w112,2025-09-01,route,1,0.8117425245996587,1136093,213878
q40_w112,2025-09-01,route,5,,0,0
q40_w112,2025-09-01,route,7,0.7590215412273161,1350573,325459
q40_w112,2025-09-01,route,11,0.8351631122444432,1907061,314354
q40_w112,2025-09-01,route,12,0.8544795231306248,1983604,288655
q40_w112,2025-09-01,route,17,0.8593994498902229,3063025,430663
q40_w112,2025-09-01,route,25,0.7025253101475233,464537,138188
q40_w112,2025-09-01,route,26,0.746040236191287,1089964,276807
q40_w112,2025-09-01,route,28,0.7454198523990142,602164,153299
q40_w112,2025-09-01,route,50,0.721724292848133,1157460,322093
q40_w112,2025-09-01,month,9,0.8210610352434587,6147694,1100062
q40_w112,2025-09-01,month,10,0.7936464426657012,6606787,1363334
q40_w112,2025-09-01,lead_week,1,0.8278949436129867,1417791,244009
q40_w112,2025-09-01,lead_week,2,0.8232647702529445,1429681,252675
q40_w112,2025-09-01,lead_week,3,0.8180023892745619,1422189,258835
q40_w112,2025-09-01,lead_week,4,0.8146033907420412,1398278,259236
q40_w112,2025-09-01,lead_week,5,0.7948680980134792,1470410,301628
q40_w112,2025-09-01,lead_week,6,0.7918952821949276,1464431,304755
q40_w112,2025-09-01,lead_week,7,0.7867887225933827,1483036,316200
q40_w112,2025-09-01,lead_week,8,0.7920983183848122,1471383,305903
q40_w112,2025-09-01,lead_week,9,0.8161210140969295,1197282,220155
q60_w112,2025-09-01,route,1,0.853902805492156,1136093,165980
q60_w112,2025-09-01,route,5,,0,0
q60_w112,2025-09-01,route,7,0.8291554769716261,1350573,230738
q60_w112,2025-09-01,route,11,0.8689459854718857,1907061,249928
q60_w112,2025-09-01,route,12,0.8850123310902781,1983604,228090
q60_w112,2025-09-01,route,17,0.8879333338774578,3063025,343263
q60_w112,2025-09-01,route,25,0.7677041871799233,464537,107910
q60_w112,2025-09-01,route,26,0.7940464088722197,1089964,224482
q60_w112,2025-09-01,route,28,0.8009778067104643,602164,119844
q60_w112,2025-09-01,route,50,0.7347977467903859,1157460,306961
q60_w112,2025-09-01,month,9,0.8571337480362555,6147694,878298
q60_w112,2025-09-01,month,10,0.8336713443312158,6606787,1098898
q60_w112,2025-09-01,lead_week,1,0.8643319078764078,1417791,192349
q60_w112,2025-09-01,lead_week,2,0.864671209871293,1429681,193477
q60_w112,2025-09-01,lead_week,3,0.8541297956881961,1422189,207455
q60_w112,2025-09-01,lead_week,4,0.841619477671822,1398278,221460
q60_w112,2025-09-01,lead_week,5,0.8333199583789556,1470410,245088
q60_w112,2025-09-01,lead_week,6,0.8320159843652586,1464431,246001
q60_w112,2025-09-01,lead_week,7,0.8248565779927123,1483036,259744
q60_w112,2025-09-01,lead_week,8,0.8333574602941587,1471383,245195
q60_w112,2025-09-01,lead_week,9,0.8609959892489822,1197282,166427
mean_w0,2025-09-01,route,1,0.8711989247359151,1136093,146330
mean_w0,2025-09-01,route,5,,0,0
mean_w0,2025-09-01,route,7,0.8306141171191783,1350573,228768
mean_w0,2025-09-01,route,11,0.8843120382620168,1907061,220624
mean_w0,2025-09-01,route,12,0.9017313939677476,1983604,194926
mean_w0,2025-09-01,route,17,0.891624129741024,3063025,331958
mean_w0,2025-09-01,route,25,0.7971851542503611,464537,94215
mean_w0,2025-09-01,route,26,0.8667267909765827,1089964,145263
mean_w0,2025-09-01,route,28,0.8349901355776832,602164,99363
mean_w0,2025-09-01,route,50,0.7452490798818101,1157460,294864
mean_w0,2025-09-01,month,9,0.8720048525512167,6147694,786875
mean_w0,2025-09-01,month,10,0.853266648372348,6606787,969436
mean_w0,2025-09-01,lead_week,1,0.8778924397178427,1417791,173123
mean_w0,2025-09-01,lead_week,2,0.875679259918821,1429681,177739
mean_w0,2025-09-01,lead_week,3,0.8700770432059312,1422189,184775
mean_w0,2025-09-01,lead_week,4,0.8566350897317987,1398278,200464
mean_w0,2025-09-01,lead_week,5,0.8533796696159575,1470410,215592
mean_w0,2025-09-01,lead_week,6,0.8530098038077588,1464431,215257
mean_w0,2025-09-01,lead_week,7,0.8443881335314855,1483036,230778
mean_w0,2025-09-01,lead_week,8,0.8526046583384476,1471383,216875
mean_w0,2025-09-01,lead_week,9,0.8816419189464136,1197282,141708
median_w0,2025-09-01,route,1,0.8916963664066234,1136093,123043
median_w0,2025-09-01,route,5,,0,0
median_w0,2025-09-01,route,7,0.8463326306686125,1350573,207539
median_w0,2025-09-01,route,11,0.8974233126260776,1907061,195620
median_w0,2025-09-01,route,12,0.9133940040451622,1983604,171792
median_w0,2025-09-01,route,17,0.919470784600191,3063025,246663
median_w0,2025-09-01,route,25,0.8007090931400513,464537,92578
median_w0,2025-09-01,route,26,0.8777711924430531,1089964,133225
median_w0,2025-09-01,route,28,0.8435442836170877,602164,94212
median_w0,2025-09-01,route,50,0.7630276640229467,1157460,274286
median_w0,2025-09-01,month,9,0.8861452765866356,6147694,699944
median_w0,2025-09-01,month,10,0.873007257536833,6606787,839014
median_w0,2025-09-01,lead_week,1,0.8918881555885176,1417791,153280
median_w0,2025-09-01,lead_week,2,0.8907812302184893,1429681,156148
median_w0,2025-09-01,lead_week,3,0.8850518461329683,1422189,163478
median_w0,2025-09-01,lead_week,4,0.869011026419639,1398278,183159
median_w0,2025-09-01,lead_week,5,0.8710910562360158,1470410,189549
median_w0,2025-09-01,lead_week,6,0.8721196150586815,1464431,187272
median_w0,2025-09-01,lead_week,7,0.8646310676207456,1483036,200757
median_w0,2025-09-01,lead_week,8,0.8735937549910526,1471383,185992
median_w0,2025-09-01,lead_week,9,0.9003384332179052,1197282,119323
trim10_w0,2025-09-01,route,1,0.8845147360295328,1136093,131202
trim10_w0,2025-09-01,route,5,,0,0
trim10_w0,2025-09-01,route,7,0.8340156363262112,1350573,224174
trim10_w0,2025-09-01,route,11,0.8926992896399224,1907061,204629
trim10_w0,2025-09-01,route,12,0.9103515621061462,1983604,177827
trim10_w0,2025-09-01,route,17,0.9100754972616939,3063025,275441
trim10_w0,2025-09-01,route,25,0.7985671754887125,464537,93573
trim10_w0,2025-09-01,route,26,0.8691727433199629,1089964,142597
trim10_w0,2025-09-01,route,28,0.8391252217004006,602164,96873
trim10_w0,2025-09-01,route,50,0.7569410605982064,1157460,281331
trim10_w0,2025-09-01,month,9,0.8808629707334165,6147694,732418
trim10_w0,2025-09-01,month,10,0.8644985830480081,6606787,895229
trim10_w0,2025-09-01,lead_week,1,0.8870461161059705,1417791,160145
trim10_w0,2025-09-01,lead_week,2,0.8851974671272822,1429681,164131
trim10_w0,2025-09-01,lead_week,3,0.8796425791508724,1422189,171171
trim10_w0,2025-09-01,lead_week,4,0.8644203799244499,1398278,189578
trim10_w0,2025-09-01,lead_week,5,0.8643317170041009,1470410,199488
trim10_w0,2025-09-01,lead_week,6,0.8642223498409962,1464431,198837
trim10_w0,2025-09-01,lead_week,7,0.8555611596751529,1483036,214208
trim10_w0,2025-09-01,lead_week,8,0.8640116135635657,1471383,200091
trim10_w0,2025-09-01,lead_week,9,0.8914224050808415,1197282,129998
q40_w0,2025-09-01,route,1,0.8628941468700185,1136093,155765
q40_w0,2025-09-01,route,5,,0,0
q40_w0,2025-09-01,route,7,0.8274747088828223,1350573,233008
q40_w0,2025-09-01,route,11,0.8762588087114151,1907061,235982
q40_w0,2025-09-01,route,12,0.893674846390711,1983604,210907
q40_w0,2025-09-01,route,17,0.9003318614768081,3063025,305286
q40_w0,2025-09-01,route,25,0.7575456852737241,464537,112629
q40_w0,2025-09-01,route,26,0.8256263509620501,1089964,190061
q40_w0,2025-09-01,route,28,0.8129047900571937,602164,112662
q40_w0,2025-09-01,route,50,0.7611113990980249,1157460,276504
q40_w0,2025-09-01,month,9,0.8662979972653161,6147694,821959
q40_w0,2025-09-01,month,10,0.8469990026922315,6606787,1010845
q40_w0,2025-09-01,lead_week,1,0.8719719620169686,1417791,181517
q40_w0,2025-09-01,lead_week,2,0.8688189882917938,1429681,187547
q40_w0,2025-09-01,lead_week,3,0.8643506594411854,1422189,192919
q40_w0,2025-09-01,lead_week,4,0.852371273809643,1398278,206426
q40_w0,2025-09-01,lead_week,5,0.8467556667868146,1470410,225332
q40_w0,2025-09-01,lead_week,6,0.845562542721371,1464431,226163
q40_w0,2025-09-01,lead_week,7,0.8395736853319812,1483036,237918
q40_w0,2025-09-01,lead_week,8,0.8468835102757066,1471383,225293
q40_w0,2025-09-01,lead_week,9,0.874975987277851,1197282,149689
q60_w0,2025-09-01,route,1,0.9099950444197791,1136093,102254
q60_w0,2025-09-01,route,5,,0,0
q60_w0,2025-09-01,route,7,0.8459268769625929,1350573,208087
q60_w0,2025-09-01,route,11,0.9060045798220403,1907061,179255
q60_w0,2025-09-01,route,12,0.9144047904722918,1983604,169787
q60_w0,2025-09-01,route,17,0.9311487826576669,3063025,210893
q60_w0,2025-09-01,route,25,0.8306184437407569,464537,78684
q60_w0,2025-09-01,route,26,0.9077556689945723,1089964,100543
q60_w0,2025-09-01,route,28,0.8580502985897529,602164,85477
q60_w0,2025-09-01,route,50,0.755375563734384,1157460,283143
q60_w0,2025-09-01,month,9,0.8914863036449114,6147694,667109
q60_w0,2025-09-01,month,10,0.8863268938441636,6606787,751014
q60_w0,2025-09-01,lead_week,1,0.8953181392744065,1417791,148417
q60_w0,2025-09-01,lead_week,2,0.8967315086372415,1429681,147641
q60_w0,2025-09-01,lead_week,3,0.891598795940624,1422189,154167
q60_w0,2025-09-01,lead_week,4,0.8724187893966722,1398278,178394
q60_w0,2025-09-01,lead_week,5,0.8831944831713604,1470410,171752
q60_w0,2025-09-01,lead_week,6,0.885392346925188,1464431,167835
q60_w0,2025-09-01,lead_week,7,0.8794041412346025,1483036,178848
q60_w0,2025-09-01,lead_week,8,0.8887081065908741,1471383,163753
q60_w0,2025-09-01,lead_week,9,0.9103669812124462,1197282,107316
exp_h7_s0_d0.0,2025-09-01,route,1,0.8200657868678004,1136093,204422
exp_h7_s0_d0.0,2025-09-01,route,5,,0,0
exp_h7_s0_d0.0,2025-09-01,route,7,0.7391255415294101,1350573,352330
exp_h7_s0_d0.0,2025-09-01,route,11,0.8348794296564189,1907061,314895
exp_h7_s0_d0.0,2025-09-01,route,12,0.8657040417341364,1983604,266390
exp_h7_s0_d0.0,2025-09-01,route,17,0.8862699455603529,3063025,348358
exp_h7_s0_d0.0,2025-09-01,route,25,0.7342924245000937,464537,123431
exp_h7_s0_d0.0,2025-09-01,route,26,0.7585039505891937,1089964,263222
exp_h7_s0_d0.0,2025-09-01,route,28,0.7636142313389708,602164,142343
exp_h7_s0_d0.0,2025-09-01,route,50,0.6345160955886164,1157460,423033
exp_h7_s0_d0.0,2025-09-01,month,9,0.822793554786559,6147694,1089411
exp_h7_s0_d0.0,2025-09-01,month,10,0.7958140621152158,6606787,1349013
exp_h7_s0_d0.0,2025-09-01,lead_week,1,0.8351971482397618,1417791,233656
exp_h7_s0_d0.0,2025-09-01,lead_week,2,0.82570517479074,1429681,249186
exp_h7_s0_d0.0,2025-09-01,lead_week,3,0.8251835726475173,1422189,248622
exp_h7_s0_d0.0,2025-09-01,lead_week,4,0.8141306664339996,1398278,259897
exp_h7_s0_d0.0,2025-09-01,lead_week,5,0.7973143544997654,1470410,298031
exp_h7_s0_d0.0,2025-09-01,lead_week,6,0.796585841190196,1464431,297886
exp_h7_s0_d0.0,2025-09-01,lead_week,7,0.7864670850876175,1483036,316677
exp_h7_s0_d0.0,2025-09-01,lead_week,8,0.7935914714251829,1471383,303706
exp_h7_s0_d0.0,2025-09-01,lead_week,9,0.8072609460427869,1197282,230763
exp_h7_s0_d0.5,2025-09-01,route,1,0.8213579346057057,1136093,202954
exp_h7_s0_d0.5,2025-09-01,route,5,,0,0
exp_h7_s0_d0.5,2025-09-01,route,7,0.7406382328093335,1350573,350287
exp_h7_s0_d0.5,2025-09-01,route,11,0.8360031482999233,1907061,312752
exp_h7_s0_d0.5,2025-09-01,route,12,0.8664138608310933,1983604,264982
exp_h7_s0_d0.5,2025-09-01,route,17,0.8877145958651986,3063025,343933
exp_h7_s0_d0.5,2025-09-01,route,25,0.7365290601179239,464537,122392
exp_h7_s0_d0.5,2025-09-01,route,26,0.7592223229391062,1089964,262439
exp_h7_s0_d0.5,2025-09-01,route,28,0.7666482885061212,602164,140516
exp_h7_s0_d0.5,2025-09-01,route,50,0.6366656299137767,1157460,420545
exp_h7_s0_d0.5,2025-09-01,month,9,0.82483220537652,6147694,1076878
exp_h7_s0_d0.5,2025-09-01,month,10,0.7965846333474955,6606787,1343922
exp_h7_s0_d0.5,2025-09-01,lead_week,1,0.8373490874183853,1417791,230605
exp_h7_s0_d0.5,2025-09-01,lead_week,2,0.8265578125469948,1429681,247967
exp_h7_s0_d0.5,2025-09-01,lead_week,3,0.825603348078209,1422189,248025
exp_h7_s0_d0.5,2025-09-01,lead_week,4,0.81632979993964,1398278,256822
exp_h7_s0_d0.5,2025-09-01,lead_week,5,0.7994192096082045,1470410,294936
exp_h7_s0_d0.5,2025-09-01,lead_week,6,0.7981297855617643,1464431,295625
exp_h7_s0_d0.5,2025-09-01,lead_week,7,0.7873901914720883,1483036,315308
exp_h7_s0_d0.5,2025-09-01,lead_week,8,0.7945123737327399,1471383,302351
exp_h7_s0_d0.5,2025-09-01,lead_week,9,0.8085989766821852,1197282,229161
exp_h7_s0_d1.0,2025-09-01,route,1,0.8208227671502245,1136093,203562
exp_h7_s0_d1.0,2025-09-01,route,5,,0,0
exp_h7_s0_d1.0,2025-09-01,route,7,0.7405012539122284,1350573,350472
exp_h7_s0_d1.0,2025-09-01,route,11,0.8346764995980727,1907061,315282
exp_h7_s0_d1.0,2025-09-01,route,12,0.8646977925029391,1983604,268386
exp_h7_s0_d1.0,2025-09-01,route,17,0.8869891692036467,3063025,346155
exp_h7_s0_d1.0,2025-09-01,route,25,0.7367873818447185,464537,122272
exp_h7_s0_d1.0,2025-09-01,route,26,0.7587204715018111,1089964,262986
exp_h7_s0_d1.0,2025-09-01,route,28,0.7673291661407855,602164,140106
exp_h7_s0_d1.0,2025-09-01,route,50,0.6357809341143539,1157460,421569
exp_h7_s0_d1.0,2025-09-01,month,9,0.8246265998275125,6147694,1078142
exp_h7_s0_d1.0,2025-09-01,month,10,0.7952638703200209,6606787,1352648
exp_h7_s0_d1.0,2025-09-01,lead_week,1,0.8365323238756629,1417791,231763
exp_h7_s0_d1.0,2025-09-01,lead_week,2,0.8255575894202972,1429681,249397
exp_h7_s0_d1.0,2025-09-01,lead_week,3,0.8240001856293362,1422189,250305
exp_h7_s0_d1.0,2025-09-01,lead_week,4,0.8162482710877236,1398278,256936
exp_h7_s0_d1.0,2025-09-01,lead_week,5,0.7995565862582545,1470410,294734
exp_h7_s0_d1.0,2025-09-01,lead_week,6,0.7973526919329077,1464431,296763
exp_h7_s0_d1.0,2025-09-01,lead_week,7,0.7869033523124186,1483036,316030
exp_h7_s0_d1.0,2025-09-01,lead_week,8,0.7930851450642015,1471383,304451
exp_h7_s0_d1.0,2025-09-01,lead_week,9,0.8075549452844025,1197282,230411
exp_h14_s0_d0.0,2025-09-01,route,1,0.8093113855995944,1136093,216640
exp_h14_s0_d0.0,2025-09-01,route,5,,0,0
exp_h14_s0_d0.0,2025-09-01,route,7,0.6969989774710438,1350573,409225
exp_h14_s0_d0.0,2025-09-01,route,11,0.8322271809868693,1907061,319953
exp_h14_s0_d0.0,2025-09-01,route,12,0.8567229144526831,1983604,284205
exp_h14_s0_d0.0,2025-09-01,route,17,0.8701365480203394,3063025,397775
exp_h14_s0_d0.0,2025-09-01,route,25,0.7217272251725912,464537,129268
exp_h14_s0_d0.0,2025-09-01,route,26,0.7446814757184641,1089964,278288
exp_h14_s0_d0.0,2025-09-01,route,28,0.7504932211158422,602164,150244
exp_h14_s0_d0.0,2025-09-01,route,50,0.6507948438822939,1157460,404191
exp_h14_s0_d0.0,2025-09-01,month,9,0.8114377521067249,6147694,1159223
exp_h14_s0_d0.0,2025-09-01,month,10,0.7834702405269006,6606787,1430566
exp_h14_s0_d0.0,2025-09-01,lead_week,1,0.8221775988139295,1417791,252115
exp_h14_s0_d0.0,2025-09-01,lead_week,2,0.8147663709596756,1429681,264825
exp_h14_s0_d0.0,2025-09-01,lead_week,3,0.8110623834103625,1422189,268705
exp_h14_s0_d0.0,2025-09-01,lead_week,4,0.8049629615856074,1398278,272716
exp_h14_s0_d0.0,2025-09-01,lead_week,5,0.7855523289422678,1470410,315326
exp_h14_s0_d0.0,2025-09-01,lead_week,6,0.782749067726646,1464431,318149
exp_h14_s0_d0.0,2025-09-01,lead_week,7,0.7742981289732683,1483036,334724
exp_h14_s0_d0.0,2025-09-01,lead_week,8,0.7812173988689552,1471383,321913
exp_h14_s0_d0.0,2025-09-01,lead_week,9,0.7984468153701467,1197282,241316
exp_h14_s0_d0.5,2025-09-01,route,1,0.8106334604649443,1136093,215138
exp_h14_s0_d0.5,2025-09-01,route,5,,0,0
exp_h14_s0_d0.5,2025-09-01,route,7,0.6975594803094687,1350573,408468
exp_h14_s0_d0.5,2025-09-01,route,11,0.8325145341444243,1907061,319405
exp_h14_s0_d0.5,2025-09-01,route,12,0.8574246674235382,1983604,282813
exp_h14_s0_d0.5,2025-09-01,route,17,0.8712459088646027,3063025,394377
exp_h14_s0_d0.5,2025-09-01,route,25,0.7232534760417362,464537,128559
exp_h14_s0_d0.5,2025-09-01,route,26,0.7453356257637866,1089964,277575
exp_h14_s0_d0.5,2025-09-01,route,28,0.7518267448734897,602164,149441
exp_h14_s0_d0.5,2025-09-01,route,50,0.6520156204102086,1157460,402778
exp_h14_s0_d0.5,2025-09-01,month,9,0.8128812201778423,6147694,1150349
exp_h14_s0_d0.5,2025-09-01,month,10,0.7838276003146462,6606787,1428205
exp_h14_s0_d0.5,2025-09-01,lead_week,1,0.8237525841255869,1417791,249882
exp_h14_s0_d0.5,2025-09-01,lead_week,2,0.8152608868691688,1429681,264118
exp_h14_s0_d0.5,2025-09-01,lead_week,3,0.8109196457010988,1422189,268908
exp_h14_s0_d0.5,2025-09-01,lead_week,4,0.8068660166290251,1398278,270055
exp_h14_s0_d0.5,2025-09-01,lead_week,5,0.7873457062996035,1470410,312689
exp_h14_s0_d0.5,2025-09-01,lead_week,6,0.7836907303928966,1464431,316770
exp_h14_s0_d0.5,2025-09-01,lead_week,7,0.7750647995058785,1483036,333587
exp_h14_s0_d0.5,2025-09-01,lead_week,8,0.7817155696375451,1471383,321180
exp_h14_s0_d0.5,2025-09-01,lead_week,9,0.7984058893393536,1197282,241365
exp_h14_s0_d1.0,2025-09-01,route,1,0.8105260748899958,1136093,215260
exp_h14_s0_d1.0,2025-09-01,route,5,,0,0
exp_h14_s0_d1.0,2025-09-01,route,7,0.6974447142064887,1350573,408623
exp_h14_s0_d1.0,2025-09-01,route,11,0.831143838608204,1907061,322019
exp_h14_s0_d1.0,2025-09-01,route,12,0.8563054924269159,1983604,285033
exp_h14_s0_d1.0,2025-09-01,route,17,0.8707637058136972,3063025,395854
exp_h14_s0_d1.0,2025-09-01,route,25,0.723259934084906,464537,128556
exp_h14_s0_d1.0,2025-09-01,route,26,0.7448475362489037,1089964,278107
exp_h14_s0_d1.0,2025-09-01,route,28,0.7523016985405969,602164,149155
exp_h14_s0_d1.0,2025-09-01,route,50,0.6497866016968189,1157460,405358
exp_h14_s0_d1.0,2025-09-01,month,9,0.8126458473697618,6147694,1151796
exp_h14_s0_d1.0,2025-09-01,month,10,0.7826221732288328,6606787,1436169
exp_h14_s0_d1.0,2025-09-01,lead_week,1,0.8230338604208942,1417791,250901
exp_h14_s0_d1.0,2025-09-01,lead_week,2,0.8142571664588114,1429681,265553
exp_h14_s0_d1.0,2025-09-01,lead_week,3,0.8095857864179796,1422189,270805
exp_h14_s0_d1.0,2025-09-01,lead_week,4,0.8070941543813176,1398278,269736
exp_h14_s0_d1.0,2025-09-01,lead_week,5,0.7874973646805993,1470410,312466
exp_h14_s0_d1.0,2025-09-01,lead_week,6,0.7827244847998984,1464431,318185
exp_h14_s0_d1.0,2025-09-01,lead_week,7,0.7747202360563061,1483036,334098
exp_h14_s0_d1.0,2025-09-01,lead_week,8,0.7803297985636642,1471383,323219
exp_h14_s0_d1.0,2025-09-01,lead_week,9,0.7970386258208175,1197282,243002
exp_h28_s0_d0.0,2025-09-01,route,1,0.8170044177721366,1136093,207900
exp_h28_s0_d0.0,2025-09-01,route,5,,0,0
exp_h28_s0_d0.0,2025-09-01,route,7,0.7135230750207504,1350573,386908
exp_h28_s0_d0.0,2025-09-01,route,11,0.8412677937412595,1907061,302712
exp_h28_s0_d0.0,2025-09-01,route,12,0.8613453088418858,1983604,275036
exp_h28_s0_d0.0,2025-09-01,route,17,0.8643011402126982,3063025,415649
exp_h28_s0_d0.0,2025-09-01,route,25,0.7328759603648364,464537,124089
exp_h28_s0_d0.0,2025-09-01,route,26,0.7609021949348787,1089964,260608
exp_h28_s0_d0.0,2025-09-01,route,28,0.7625597013438199,602164,142978
exp_h28_s0_d0.0,2025-09-01,route,50,0.6761590033348885,1157460,374833
exp_h28_s0_d0.0,2025-09-01,month,9,0.8190030278019693,6147694,1112714
exp_h28_s0_d0.0,2025-09-01,month,10,0.7914267555469853,6606787,1377999
exp_h28_s0_d0.0,2025-09-01,lead_week,1,0.8276741776467759,1417791,244322
exp_h28_s0_d0.0,2025-09-01,lead_week,2,0.8232263001326869,1429681,252730
exp_h28_s0_d0.0,2025-09-01,lead_week,3,0.8169104106416236,1422189,260388
exp_h28_s0_d0.0,2025-09-01,lead_week,4,0.8106621144007129,1398278,264747
exp_h28_s0_d0.0,2025-09-01,lead_week,5,0.7931862541740059,1470410,304101
exp_h28_s0_d0.0,2025-09-01,lead_week,6,0.7898350963616585,1464431,307772
exp_h28_s0_d0.0,2025-09-01,lead_week,7,0.7827166703977516,1483036,322239
exp_h28_s0_d0.0,2025-09-01,lead_week,8,0.7898453359866193,1471383,309218
exp_h28_s0_d0.0,2025-09-01,lead_week,9,0.8119106442759517,1197282,225196
exp_h28_s0_d0.5,2025-09-01,route,1,0.8201916568449942,1136093,204279
exp_h28_s0_d0.5,2025-09-01,route,5,,0,0
exp_h28_s0_d0.5,2025-09-01,route,7,0.7142064886533346,1350573,385985
exp_h28_s0_d0.5,2025-09-01,route,11,0.8421702294787634,1907061,300991
exp_h28_s0_d0.5,2025-09-01,route,12,0.8634248569775016,1983604,270911
exp_h28_s0_d0.5,2025-09-01,route,17,0.8665045175929025,3063025,408900
exp_h28_s0_d0.5,2025-09-01,route,25,0.7346196320207001,464537,123279
exp_h28_s0_d0.5,2025-09-01,route,26,0.7630068516024382,1089964,258314
exp_h28_s0_d0.5,2025-09-01,route,28,0.7648813280103095,602164,141580
exp_h28_s0_d0.5,2025-09-01,route,50,0.6793573860003801,1157460,371131
exp_h28_s0_d0.5,2025-09-01,month,9,0.8212816057533117,6147694,1098706
exp_h28_s0_d0.5,2025-09-01,month,10,0.7931424155190715,6606787,1366664
exp_h28_s0_d0.5,2025-09-01,lead_week,1,0.8304602018210019,1417791,240372
exp_h28_s0_d0.5,2025-09-01,lead_week,2,0.8248812147604956,1429681,250364
exp_h28_s0_d0.5,2025-09-01,lead_week,3,0.8178413698882497,1422189,259064
exp_h28_s0_d0.5,2025-09-01,lead_week,4,0.8138646249172197,1398278,260269
exp_h28_s0_d0.5,2025-09-01,lead_week,5,0.7960711638250556,1470410,299859
exp_h28_s0_d0.5,2025-09-01,lead_week,6,0.7920379997418793,1464431,304546
exp_h28_s0_d0.5,2025-09-01,lead_week,7,0.7844873624106226,1483036,319613
exp_h28_s0_d0.5,2025-09-01,lead_week,8,0.7913174204133118,1471383,307052
exp_h28_s0_d0.5,2025-09-01,lead_week,9,0.8127166365150399,1197282,224231
exp_h28_s0_d1.0,2025-09-01,route,1,0.8221932535452643,1136093,202005
exp_h28_s0_d1.0,2025-09-01,route,5,,0,0
exp_h28_s0_d1.0,2025-09-01,route,7,0.7142627610651182,1350573,385909
exp_h28_s0_d1.0,2025-09-01,route,11,0.8416883361360754,1907061,301910
exp_h28_s0_d1.0,2025-09-01,route,12,0.8632892452324153,1983604,271180
exp_h28_s0_d1.0,2025-09-01,route,17,0.8674823091551652,3063025,405905
exp_h28_s0_d1.0,2025-09-01,route,25,0.7356400028415391,464537,122805
exp_h28_s0_d1.0,2025-09-01,route,26,0.7636527444943135,1089964,257610
exp_h28_s0_d1.0,2025-09-01,route,28,0.766490524176138,602164,140611
exp_h28_s0_d1.0,2025-09-01,route,50,0.6789366371192094,1157460,371618
exp_h28_s0_d1.0,2025-09-01,month,9,0.8220194433880411,6147694,1094170
exp_h28_s0_d1.0,2025-09-01,month,10,0.7933363070430453,6606787,1365383
exp_h28_s0_d1.0,2025-09-01,lead_week,1,0.8313940489112993,1417791,239048
exp_h28_s0_d1.0,2025-09-01,lead_week,2,0.8250882539531545,1429681,250068
exp_h28_s0_d1.0,2025-09-01,lead_week,3,0.8176824599262124,1422189,259290
exp_h28_s0_d1.0,2025-09-01,lead_week,4,0.8151562135712641,1398278,258463
exp_h28_s0_d1.0,2025-09-01,lead_week,5,0.7973891635666243,1470410,297921
exp_h28_s0_d1.0,2025-09-01,lead_week,6,0.7921240399854961,1464431,304420
exp_h28_s0_d1.0,2025-09-01,lead_week,7,0.7852142496878026,1483036,318535
exp_h28_s0_d1.0,2025-09-01,lead_week,8,0.7911461529730872,1471383,307304
exp_h28_s0_d1.0,2025-09-01,lead_week,9,0.8124886200577641,1197282,224504
exp_h56_s0_d0.0,2025-09-01,route,1,0.8402859625048301,1136093,181450
exp_h56_s0_d0.0,2025-09-01,route,5,,0,0
exp_h56_s0_d0.0,2025-09-01,route,7,0.768435323377559,1350573,312745
exp_h56_s0_d0.0,2025-09-01,route,11,0.8598802030978558,1907061,267217
exp_h56_s0_d0.0,2025-09-01,route,12,0.8781510825749494,1983604,241700
exp_h56_s0_d0.0,2025-09-01,route,17,0.8720771133111875,3063025,391831
exp_h56_s0_d0.0,2025-09-01,route,25,0.7619263912239499,464537,110594
exp_h56_s0_d0.0,2025-09-01,route,26,0.8039999486221563,1089964,213633
exp_h56_s0_d0.0,2025-09-01,route,28,0.7941059246318278,602164,123982
exp_h56_s0_d0.0,2025-09-01,route,50,0.7080089160748535,1157460,337968
exp_h56_s0_d0.0,2025-09-01,month,9,0.8422654087857984,6147694,969704
exp_h56_s0_d0.0,2025-09-01,month,10,0.8166406757172586,6606787,1211416
exp_h56_s0_d0.0,2025-09-01,lead_week,1,0.8494615920117986,1417791,213432
exp_h56_s0_d0.0,2025-09-01,lead_week,2,0.8466007452012022,1429681,219312
exp_h56_s0_d0.0,2025-09-01,lead_week,3,0.8397329750124631,1422189,227930
exp_h56_s0_d0.0,2025-09-01,lead_week,4,0.8307039086648006,1398278,236723
exp_h56_s0_d0.0,2025-09-01,lead_week,5,0.8176977849715386,1470410,268059
exp_h56_s0_d0.0,2025-09-01,lead_week,6,0.8152060424833946,1464431,270618
exp_h56_s0_d0.0,2025-09-01,lead_week,7,0.8081860453825801,1483036,284467
exp_h56_s0_d0.0,2025-09-01,lead_week,8,0.8155164223047296,1471383,271446
exp_h56_s0_d0.0,2025-09-01,lead_week,9,0.8420313677145401,1197282,189133
exp_h56_s0_d0.5,2025-09-01,route,1,0.8466155499593784,1136093,174259
exp_h56_s0_d0.5,2025-09-01,route,5,,0,0
exp_h56_s0_d0.5,2025-09-01,route,7,0.7716976424080741,1350573,308339
exp_h56_s0_d0.5,2025-09-01,route,11,0.8627731362552116,1907061,261700
exp_h56_s0_d0.5,2025-09-01,route,12,0.8822804350061807,1983604,233509
exp_h56_s0_d0.5,2025-09-01,route,17,0.8765553660188865,3063025,378114
exp_h56_s0_d0.5,2025-09-01,route,25,0.7655041471400555,464537,108932
exp_h56_s0_d0.5,2025-09-01,route,26,0.8086478085514751,1089964,208567
exp_h56_s0_d0.5,2025-09-01,route,28,0.7988106230196425,602164,121149
exp_h56_s0_d0.5,2025-09-01,route,50,0.7138311475126571,1157460,331229
exp_h56_s0_d0.5,2025-09-01,month,9,0.8465858905794595,6147694,943143
exp_h56_s0_d0.5,2025-09-01,month,10,0.8209939263972034,6606787,1182655
exp_h56_s0_d0.5,2025-09-01,lead_week,1,0.854400260687224,1417791,206430
exp_h56_s0_d0.5,2025-09-01,lead_week,2,0.8509975302182795,1429681,213026
exp_h56_s0_d0.5,2025-09-01,lead_week,3,0.8429407061930587,1422189,223368
exp_h56_s0_d0.5,2025-09-01,lead_week,4,0.8359718167631902,1398278,229357
exp_h56_s0_d0.5,2025-09-01,lead_week,5,0.8227535177263484,1470410,260625
exp_h56_s0_d0.5,2025-09-01,lead_week,6,0.8197388610320322,1464431,263980
exp_h56_s0_d0.5,2025-09-01,lead_week,7,0.8120713185654294,1483036,278705
exp_h56_s0_d0.5,2025-09-01,lead_week,8,0.8194664475530844,1471383,265634
exp_h56_s0_d0.5,2025-09-01,lead_week,9,0.8457564717418286,1197282,184673
exp_h56_s0_d1.0,2025-09-01,route,1,0.8509681865833167,1136093,169314
exp_h56_s0_d1.0,2025-09-01,route,5,,0,0
exp_h56_s0_d1.0,2025-09-01,route,7,0.7731162995262011,1350573,306423
exp_h56_s0_d1.0,2025-09-01,route,11,0.8637007416123553,1907061,259931
exp_h56_s0_d1.0,2025-09-01,route,12,0.8834575852841595,1983604,231174
exp_h56_s0_d1.0,2025-09-01,route,17,0.8794263840484489,3063025,369320
exp_h56_s0_d1.0,2025-09-01,route,25,0.7679668142688312,464537,107788
exp_h56_s0_d1.0,2025-09-01,route,26,0.81086439552132,1089964,206151
exp_h56_s0_d1.0,2025-09-01,route,28,0.8019708916507795,602164,119246
exp_h56_s0_d1.0,2025-09-01,route,50,0.7153240716741831,1157460,329501
exp_h56_s0_d1.0,2025-09-01,month,9,0.8487117283326073,6147694,930074
exp_h56_s0_d1.0,2025-09-01,month,10,0.8230949476651812,6606787,1168774
exp_h56_s0_d1.0,2025-09-01,lead_week,1,0.8570882450234203,1417791,202619
exp_h56_s0_d1.0,2025-09-01,lead_week,2,0.8532392890441993,1429681,209821
exp_h56_s0_d1.0,2025-09-01,lead_week,3,0.8441676879795864,1422189,221623
exp_h56_s0_d1.0,2025-09-01,lead_week,4,0.838640098750034,1398278,225626
exp_h56_s0_d1.0,2025-09-01,lead_week,5,0.8252514604770098,1470410,256952
exp_h56_s0_d1.0,2025-09-01,lead_week,6,0.8215395604162983,1464431,261343
exp_h56_s0_d1.0,2025-09-01,lead_week,7,0.8141420707251881,1483036,275634
exp_h56_s0_d1.0,2025-09-01,lead_week,8,0.8215617551650386,1471383,262551
exp_h56_s0_d1.0,2025-09-01,lead_week,9,0.8474219106275714,1197282,182679
exp_h112_s0_d0.0,2025-09-01,route,1,0.8572247166385146,1136093,162206
exp_h112_s0_d0.0,2025-09-01,route,5,,0,0
exp_h112_s0_d0.0,2025-09-01,route,7,0.8044703988603356,1350573,264077
exp_h112_s0_d0.0,2025-09-01,route,11,0.8731980780897937,1907061,241819
exp_h112_s0_d0.0,2025-09-01,route,12,0.8909716858808512,1983604,216269
exp_h112_s0_d0.0,2025-09-01,route,17,0.8810767133797471,3063025,364265
exp_h112_s0_d0.0,2025-09-01,route,25,0.781873133894609,464537,101328
exp_h112_s0_d0.0,2025-09-01,route,26,0.8371212260221439,1089964,177532
exp_h112_s0_d0.0,2025-09-01,route,28,0.8165067988122837,602164,110493
exp_h112_s0_d0.0,2025-09-01,route,50,0.72841566879201,1157460,314348
exp_h112_s0_d0.0,2025-09-01,month,9,0.8588779792878436,6147694,867575
exp_h112_s0_d0.0,2025-09-01,month,10,0.8358109622725842,6606787,1084762
exp_h112_s0_d0.0,2025-09-01,lead_week,1,0.8653849544820076,1417791,190856
exp_h112_s0_d0.0,2025-09-01,lead_week,2,0.8631988534505249,1429681,195582
exp_h112_s0_d0.0,2025-09-01,lead_week,3,0.856526804805831,1422189,204046
exp_h112_s0_d0.0,2025-09-01,lead_week,4,0.845018658664443,1398278,216707
exp_h112_s0_d0.0,2025-09-01,lead_week,5,0.8364000516862644,1470410,240559
exp_h112_s0_d0.0,2025-09-01,lead_week,6,0.8350075899786333,1464431,241620
exp_h112_s0_d0.0,2025-09-01,lead_week,7,0.8270837660043316,1483036,256441
exp_h112_s0_d0.0,2025-09-01,lead_week,8,0.8347432313680394,1471383,243156
exp_h112_s0_d0.0,2025-09-01,lead_week,9,0.8635492724353995,1197282,163370
exp_h112_s0_d0.5,2025-09-01,route,1,0.866123636005151,1136093,152096
exp_h112_s0_d0.5,2025-09-01,route,5,,0,0
exp_h112_s0_d0.5,2025-09-01,route,7,0.8101813082299143,1350573,256364
exp_h112_s0_d0.5,2025-09-01,route,11,0.8773757105829336,1907061,233852
exp_h112_s0_d0.5,2025-09-01,route,12,0.8966209989493871,1983604,205063
exp_h112_s0_d0.5,2025-09-01,route,17,0.887470719305262,3063025,344680
exp_h112_s0_d0.5,2025-09-01,route,25,0.7870933854569173,464537,98903
exp_h112_s0_d0.5,2025-09-01,route,26,0.8440269586885438,1089964,170005
exp_h112_s0_d0.5,2025-09-01,route,28,0.8227243740907793,602164,106749
exp_h112_s0_d0.5,2025-09-01,route,50,0.7352210875537816,1157460,306471
exp_h112_s0_d0.5,2025-09-01,month,9,0.864748798492573,6147694,831483
exp_h112_s0_d0.5,2025-09-01,month,10,0.8421774457084813,6606787,1042700
exp_h112_s0_d0.5,2025-09-01,lead_week,1,0.8717286257283338,1417791,181862
exp_h112_s0_d0.5,2025-09-01,lead_week,2,0.8695443249228324,1429681,186510
exp_h112_s0_d0.5,2025-09-01,lead_week,3,0.8614122314263435,1422189,197098
exp_h112_s0_d0.5,2025-09-01,lead_week,4,0.8518770945405706,1398278,207117
exp_h112_s0_d0.5,2025-09-01,lead_week,5,0.8429900503941078,1470410,230869
exp_h112_s0_d0.5,2025-09-01,lead_week,6,0.8412120475461118,1464431,232534
exp_h112_s0_d0.5,2025-09-01,lead_week,7,0.8328813326176843,1483036,247843
exp_h112_s0_d0.5,2025-09-01,lead_week,8,0.8409482779126849,1471383,234026
exp_h112_s0_d0.5,2025-09-01,lead_week,9,0.8694342686184207,1197282,156324
exp_h112_s0_d1.0,2025-09-01,route,1,0.8724822703775131,1136093,144872
exp_h112_s0_d1.0,2025-09-01,route,5,,0,0
exp_h112_s0_d1.0,2025-09-01,route,7,0.812807600921979,1350573,252817
exp_h112_s0_d1.0,2025-09-01,route,11,0.8791286697174343,1907061,230509
exp_h112_s0_d1.0,2025-09-01,route,12,0.8985926626483915,1983604,201152
exp_h112_s0_d1.0,2025-09-01,route,17,0.8919832518507032,3063025,330858
exp_h112_s0_d1.0,2025-09-01,route,25,0.7907335691236651,464537,97212
exp_h112_s0_d1.0,2025-09-01,route,26,0.8473692709116998,1089964,166362
exp_h112_s0_d1.0,2025-09-01,route,28,0.8267249453637215,602164,104340
exp_h112_s0_d1.0,2025-09-01,route,50,0.7366466227774611,1157460,304821
exp_h112_s0_d1.0,2025-09-01,month,9,0.8674556671168083,6147694,814842
exp_h112_s0_d1.0,2025-09-01,month,10,0.8459007381348906,6606787,1018101
exp_h112_s0_d1.0,2025-09-01,lead_week,1,0.8745865928052865,1417791,177810
exp_h112_s0_d1.0,2025-09-01,lead_week,2,0.8728261759091713,1429681,181818
exp_h112_s0_d1.0,2025-09-01,lead_week,3,0.863397902810386,1422189,194274
exp_h112_s0_d1.0,2025-09-01,lead_week,4,0.8546991370814674,1398278,203171
exp_h112_s0_d1.0,2025-09-01,lead_week,5,0.8466964996157534,1470410,225419
exp_h112_s0_d1.0,2025-09-01,lead_week,6,0.8442480389994476,1464431,228088
exp_h112_s0_d1.0,2025-09-01,lead_week,7,0.8365022831542862,1483036,242473
exp_h112_s0_d1.0,2025-09-01,lead_week,8,0.8452585084916707,1471383,227684
exp_h112_s0_d1.0,2025-09-01,lead_week,9,0.8728737256552759,1197282,152206
mean_s0_d0.0,2025-09-01,route,1,0.8711989247359151,1136093,146330
mean_s0_d0.0,2025-09-01,route,5,,0,0
mean_s0_d0.0,2025-09-01,route,7,0.8306141171191783,1350573,228768
mean_s0_d0.0,2025-09-01,route,11,0.8843120382620168,1907061,220624
mean_s0_d0.0,2025-09-01,route,12,0.9017313939677476,1983604,194926
mean_s0_d0.0,2025-09-01,route,17,0.891624129741024,3063025,331958
mean_s0_d0.0,2025-09-01,route,25,0.7971851542503611,464537,94215
mean_s0_d0.0,2025-09-01,route,26,0.8667267909765827,1089964,145263
mean_s0_d0.0,2025-09-01,route,28,0.8349901355776832,602164,99363
mean_s0_d0.0,2025-09-01,route,50,0.7452490798818101,1157460,294864
mean_s0_d0.0,2025-09-01,month,9,0.8720048525512167,6147694,786875
mean_s0_d0.0,2025-09-01,month,10,0.853266648372348,6606787,969436
mean_s0_d0.0,2025-09-01,lead_week,1,0.8778924397178427,1417791,173123
mean_s0_d0.0,2025-09-01,lead_week,2,0.875679259918821,1429681,177739
mean_s0_d0.0,2025-09-01,lead_week,3,0.8700770432059312,1422189,184775
mean_s0_d0.0,2025-09-01,lead_week,4,0.8566350897317987,1398278,200464
mean_s0_d0.0,2025-09-01,lead_week,5,0.8533796696159575,1470410,215592
mean_s0_d0.0,2025-09-01,lead_week,6,0.8530098038077588,1464431,215257
mean_s0_d0.0,2025-09-01,lead_week,7,0.8443881335314855,1483036,230778
mean_s0_d0.0,2025-09-01,lead_week,8,0.8526046583384476,1471383,216875
mean_s0_d0.0,2025-09-01,lead_week,9,0.8816419189464136,1197282,141708
mean_s0_d0.5,2025-09-01,route,1,0.8838061672767986,1136093,132007
mean_s0_d0.5,2025-09-01,route,5,,0,0
mean_s0_d0.5,2025-09-01,route,7,0.8375489514450534,1350573,219402
mean_s0_d0.5,2025-09-01,route,11,0.88994426502351,1907061,209883
mean_s0_d0.5,2025-09-01,route,12,0.9081580799393427,1983604,182178
mean_s0_d0.5,2025-09-01,route,17,0.9003700590102921,3063025,305169
mean_s0_d0.5,2025-09-01,route,25,0.8046097512146503,464537,90766
mean_s0_d0.5,2025-09-01,route,26,0.87603352037315,1089964,135119
mean_s0_d0.5,2025-09-01,route,28,0.8424200051813128,602164,94889
mean_s0_d0.5,2025-09-01,route,50,0.7525037582292261,1157460,286467
mean_s0_d0.5,2025-09-01,month,9,0.878938834626447,6147694,744247
mean_s0_d0.5,2025-09-01,month,10,0.8620156817527188,6606787,911633
mean_s0_d0.5,2025-09-01,lead_week,1,0.8847002132190147,1417791,163471
mean_s0_d0.5,2025-09-01,lead_week,2,0.8838936797789158,1429681,165995
mean_s0_d0.5,2025-09-01,lead_week,3,0.8760354636409085,1422189,176301
mean_s0_d0.5,2025-09-01,lead_week,4,0.8638124893619151,1398278,190428
mean_s0_d0.5,2025-09-01,lead_week,5,0.8620915254928897,1470410,202782
mean_s0_d0.5,2025-09-01,lead_week,6,0.8611699697698287,1464431,203307
mean_s0_d0.5,2025-09-01,lead_week,7,0.8527345256622226,1483036,218400
mean_s0_d0.5,2025-09-01,lead_week,8,0.8614697872681688,1471383,203831
mean_s0_d0.5,2025-09-01,lead_week,9,0.8902806523442264,1197282,131365
mean_s0_d1.0,2025-09-01,route,1,0.8924674300431391,1136093,122167
mean_s0_d1.0,2025-09-01,route,5,,0,0
mean_s0_d1.0,2025-09-01,route,7,0.8402144867400725,1350573,215802
mean_s0_d1.0,2025-09-01,route,11,0.8920433064280586,1907061,205880
mean_s0_d1.0,2025-09-01,route,12,0.9093569079312201,1983604,179800
mean_s0_d1.0,2025-09-01,route,17,0.906385354347418,3063025,286744
mean_s0_d1.0,2025-09-01,route,25,0.8099957592183185,464537,88264
mean_s0_d1.0,2025-09-01,route,26,0.8808804694466973,1089964,129836
mean_s0_d1.0,2025-09-01,route,28,0.846797550169057,602164,92253
mean_s0_d1.0,2025-09-01,route,50,0.7529150035422391,1157460,285991
mean_s0_d1.0,2025-09-01,month,9,0.8815438764518859,6147694,728232
mean_s0_d1.0,2025-09-01,month,10,0.8670299193844149,6606787,878505
mean_s0_d1.0,2025-09-01,lead_week,1,0.8870052073965768,1417791,160203
mean_s0_d1.0,2025-09-01,lead_week,2,0.8872272905634194,1429681,161229
mean_s0_d1.0,2025-09-01,lead_week,3,0.8781209811072931,1422189,173335
mean_s0_d1.0,2025-09-01,lead_week,4,0.8662512032657311,1398278,187018
mean_s0_d1.0,2025-09-01,lead_week,5,0.8659639148264769,1470410,197088
mean_s0_d1.0,2025-09-01,lead_week,6,0.8648642373727407,1464431,197897
mean_s0_d1.0,2025-09-01,lead_week,7,0.8579548979256066,1483036,210658
mean_s0_d1.0,2025-09-01,lead_week,8,0.8677020191207864,1471383,194661
mean_s0_d1.0,2025-09-01,lead_week,9,0.8958908594633511,1197282,124648
median_s0_d0.0,2025-09-01,route,1,0.8916963664066234,1136093,123043
median_s0_d0.0,2025-09-01,route,5,,0,0
median_s0_d0.0,2025-09-01,route,7,0.8463326306686125,1350573,207539
median_s0_d0.0,2025-09-01,route,11,0.8974233126260776,1907061,195620
median_s0_d0.0,2025-09-01,route,12,0.9133940040451622,1983604,171792
median_s0_d0.0,2025-09-01,route,17,0.919470784600191,3063025,246663
median_s0_d0.0,2025-09-01,route,25,0.8007090931400513,464537,92578
median_s0_d0.0,2025-09-01,route,26,0.8777711924430531,1089964,133225
median_s0_d0.0,2025-09-01,route,28,0.8435442836170877,602164,94212
median_s0_d0.0,2025-09-01,route,50,0.7630276640229467,1157460,274286
median_s0_d0.0,2025-09-01,month,9,0.8861452765866356,6147694,699944
median_s0_d0.0,2025-09-01,month,10,0.873007257536833,6606787,839014
median_s0_d0.0,2025-09-01,lead_week,1,0.8918881555885176,1417791,153280
median_s0_d0.0,2025-09-01,lead_week,2,0.8907812302184893,1429681,156148
median_s0_d0.0,2025-09-01,lead_week,3,0.8850518461329683,1422189,163478
median_s0_d0.0,2025-09-01,lead_week,4,0.869011026419639,1398278,183159
median_s0_d0.0,2025-09-01,lead_week,5,0.8710910562360158,1470410,189549
median_s0_d0.0,2025-09-01,lead_week,6,0.8721196150586815,1464431,187272
median_s0_d0.0,2025-09-01,lead_week,7,0.8646310676207456,1483036,200757
median_s0_d0.0,2025-09-01,lead_week,8,0.8735937549910526,1471383,185992
median_s0_d0.0,2025-09-01,lead_week,9,0.9003384332179052,1197282,119323
median_s0_d0.5,2025-09-01,route,1,0.8957576536427916,1136093,118429
median_s0_d0.5,2025-09-01,route,5,,0,0
median_s0_d0.5,2025-09-01,route,7,0.848134088272163,1350573,205106
median_s0_d0.5,2025-09-01,route,11,0.8982722629218467,1907061,194001
median_s0_d0.5,2025-09-01,route,12,0.9138588145617774,1983604,170870
median_s0_d0.5,2025-09-01,route,17,0.9208987846981334,3063025,242289
median_s0_d0.5,2025-09-01,route,25,0.8049218899678605,464537,90621
median_s0_d0.5,2025-09-01,route,26,0.8809309298288751,1089964,129781
median_s0_d0.5,2025-09-01,route,28,0.8476909944799091,602164,91715
median_s0_d0.5,2025-09-01,route,50,0.7641482211048329,1157460,272989
median_s0_d0.5,2025-09-01,month,9,0.8876406340328585,6147694,690751
median_s0_d0.5,2025-09-01,month,10,0.8751208416436007,6606787,825050
median_s0_d0.5,2025-09-01,lead_week,1,0.8933975459006299,1417791,151140
median_s0_d0.5,2025-09-01,lead_week,2,0.8921717502016184,1429681,154160
median_s0_d0.5,2025-09-01,lead_week,3,0.8857029550924667,1422189,162552
median_s0_d0.5,2025-09-01,lead_week,4,0.8711236249157893,1398278,180205
median_s0_d0.5,2025-09-01,lead_week,5,0.8737923436320482,1470410,185577
median_s0_d0.5,2025-09-01,lead_week,6,0.8733473956779118,1464431,185474
median_s0_d0.5,2025-09-01,lead_week,7,0.8668157752070752,1483036,197517
median_s0_d0.5,2025-09-01,lead_week,8,0.8757903278752032,1471383,182760
median_s0_d0.5,2025-09-01,lead_week,9,0.9027664326365885,1197282,116416
median_s0_d1.0,2025-09-01,route,1,0.8977187607000483,1136093,116201
median_s0_d1.0,2025-09-01,route,5,,0,0
median_s0_d1.0,2025-09-01,route,7,0.8465347670951515,1350573,207266
median_s0_d1.0,2025-09-01,route,11,0.8970798521914086,1907061,196275
median_s0_d1.0,2025-09-01,route,12,0.9111657367095448,1983604,176212
median_s0_d1.0,2025-09-01,route,17,0.9202275528276785,3063025,244345
median_s0_d1.0,2025-09-01,route,25,0.8070982505161053,464537,89610
median_s0_d1.0,2025-09-01,route,26,0.8803611862410134,1089964,130402
median_s0_d1.0,2025-09-01,route,28,0.8497585375412678,602164,90470
median_s0_d1.0,2025-09-01,route,50,0.7621930779465381,1157460,275252
median_s0_d1.0,2025-09-01,month,9,0.8861199012182455,6147694,700100
median_s0_d1.0,2025-09-01,month,10,0.874987191202017,6606787,825933
median_s0_d1.0,2025-09-01,lead_week,1,0.8914825951074594,1417791,153855
median_s0_d1.0,2025-09-01,lead_week,2,0.8907273720501286,1429681,156225
median_s0_d1.0,2025-09-01,lead_week,3,0.8836631418187034,1422189,165453
median_s0_d1.0,2025-09-01,lead_week,4,0.8700001001231514,1398278,181776
median_s0_d1.0,2025-09-01,lead_week,5,0.8732421569494223,1470410,186386
median_s0_d1.0,2025-09-01,lead_week,6,0.872247309705954,1464431,187085
median_s0_d1.0,2025-09-01,lead_week,7,0.8670497546924012,1483036,197170
median_s0_d1.0,2025-09-01,lead_week,8,0.8761512128385336,1471383,182229
median_s0_d1.0,2025-09-01,lead_week,9,0.9032358291530316,1197282,115854
trim10_s0_d0.0,2025-09-01,route,1,0.8845147360295328,1136093,131202
trim10_s0_d0.0,2025-09-01,route,5,,0,0
trim10_s0_d0.0,2025-09-01,route,7,0.8340156363262112,1350573,224174
trim10_s0_d0.0,2025-09-01,route,11,0.8926992896399224,1907061,204629
trim10_s0_d0.0,2025-09-01,route,12,0.9103515621061462,1983604,177827
trim10_s0_d0.0,2025-09-01,route,17,0.9100754972616939,3063025,275441
trim10_s0_d0.0,2025-09-01,route,25,0.7985671754887125,464537,93573
trim10_s0_d0.0,2025-09-01,route,26,0.8691727433199629,1089964,142597
trim10_s0_d0.0,2025-09-01,route,28,0.8391252217004006,602164,96873
trim10_s0_d0.0,2025-09-01,route,50,0.7569410605982064,1157460,281331
trim10_s0_d0.0,2025-09-01,month,9,0.8808629707334165,6147694,732418
trim10_s0_d0.0,2025-09-01,month,10,0.8644985830480081,6606787,895229
trim10_s0_d0.0,2025-09-01,lead_week,1,0.8870461161059705,1417791,160145
trim10_s0_d0.0,2025-09-01,lead_week,2,0.8851974671272822,1429681,164131
trim10_s0_d0.0,2025-09-01,lead_week,3,0.8796425791508724,1422189,171171
trim10_s0_d0.0,2025-09-01,lead_week,4,0.8644203799244499,1398278,189578
trim10_s0_d0.0,2025-09-01,lead_week,5,0.8643317170041009,1470410,199488
trim10_s0_d0.0,2025-09-01,lead_week,6,0.8642223498409962,1464431,198837
trim10_s0_d0.0,2025-09-01,lead_week,7,0.8555611596751529,1483036,214208
trim10_s0_d0.0,2025-09-01,lead_week,8,0.8640116135635657,1471383,200091
trim10_s0_d0.0,2025-09-01,lead_week,9,0.8914224050808415,1197282,129998
trim10_s0_d0.5,2025-09-01,route,1,0.8901709631165758,1136093,124776
trim10_s0_d0.5,2025-09-01,route,5,,0,0
trim10_s0_d0.5,2025-09-01,route,7,0.8415561395052322,1350573,213990
trim10_s0_d0.5,2025-09-01,route,11,0.8946373503521912,1907061,200933
trim10_s0_d0.5,2025-09-01,route,12,0.9121230850512502,1983604,174313
trim10_s0_d0.5,2025-09-01,route,17,0.9136223178067433,3063025,264577
trim10_s0_d0.5,2025-09-01,route,25,0.8032018978036195,464537,91420
trim10_s0_d0.5,2025-09-01,route,26,0.8743573182233542,1089964,136946
trim10_s0_d0.5,2025-09-01,route,28,0.8441321633309198,602164,93858
trim10_s0_d0.5,2025-09-01,route,50,0.7597463411262593,1157460,278084
trim10_s0_d0.5,2025-09-01,month,9,0.8841580273839263,6147694,712161
trim10_s0_d0.5,2025-09-01,month,10,0.8688112693810168,6606787,866736
trim10_s0_d0.5,2025-09-01,lead_week,1,0.8903766493086781,1417791,155423
trim10_s0_d0.5,2025-09-01,lead_week,2,0.8888388388738466,1429681,158925
trim10_s0_d0.5,2025-09-01,lead_week,3,0.8820641982183802,1422189,167727
trim10_s0_d0.5,2025-09-01,lead_week,4,0.8683123098554079,1398278,184136
trim10_s0_d0.5,2025-09-01,lead_week,5,0.8688665066206024,1470410,192820
trim10_s0_d0.5,2025-09-01,lead_week,6,0.867789605655712,1464431,193613
trim10_s0_d0.5,2025-09-01,lead_week,7,0.8599292262628824,1483036,207730
trim10_s0_d0.5,2025-09-01,lead_week,8,0.8683666999007057,1471383,193683
trim10_s0_d0.5,2025-09-01,lead_week,9,0.8957304962406517,1197282,124840
trim10_s0_d1.0,2025-09-01,route,1,0.8934004522517083,1136093,121107
trim10_s0_d1.0,2025-09-01,route,5,,0,0
trim10_s0_d1.0,2025-09-01,route,7,0.8440150958148874,1350573,210669
trim10_s0_d1.0,2025-09-01,route,11,0.8940164997344081,1907061,202117
trim10_s0_d1.0,2025-09-01,route,12,0.9101806610593647,1983604,178166
trim10_s0_d1.0,2025-09-01,route,17,0.9149096073326205,3063025,260634
trim10_s0_d1.0,2025-09-01,route,25,0.8060886431005496,464537,90079
trim10_s0_d1.0,2025-09-01,route,26,0.8760757236018805,1089964,135073
trim10_s0_d1.0,2025-09-01,route,28,0.8466348038076006,602164,92351
trim10_s0_d1.0,2025-09-01,route,50,0.7583510445285366,1157460,279699
trim10_s0_d1.0,2025-09-01,month,9,0.8839099668916508,6147694,713686
trim10_s0_d1.0,2025-09-01,month,10,0.8704046308742812,6606787,856209
trim10_s0_d1.0,2025-09-01,lead_week,1,0.8901551780198915,1417791,155737
trim10_s0_d1.0,2025-09-01,lead_week,2,0.8885562583541363,1429681,159329
trim10_s0_d1.0,2025-09-01,lead_week,3,0.8812921489337915,1422189,168825
trim10_s0_d1.0,2025-09-01,lead_week,4,0.8682450843108451,1398278,184230
trim10_s0_d1.0,2025-09-01,lead_week,5,0.8696200379485994,1470410,191712
trim10_s0_d1.0,2025-09-01,lead_week,6,0.8683017499629548,1464431,192863
trim10_s0_d1.0,2025-09-01,lead_week,7,0.8619210862042459,1483036,204776
trim10_s0_d1.0,2025-09-01,lead_week,8,0.8708011442296125,1471383,190101
trim10_s0_d1.0,2025-09-01,lead_week,9,0.8978335930883451,1197282,122322
q40_s0_d0.0,2025-09-01,route,1,0.8628941468700185,1136093,155765
q40_s0_d0.0,2025-09-01,route,5,,0,0
q40_s0_d0.0,2025-09-01,route,7,0.8274747088828223,1350573,233008
q40_s0_d0.0,2025-09-01,route,11,0.8762588087114151,1907061,235982
q40_s0_d0.0,2025-09-01,route,12,0.893674846390711,1983604,210907
q40_s0_d0.0,2025-09-01,route,17,0.9003318614768081,3063025,305286
q40_s0_d0.0,2025-09-01,route,25,0.7575456852737241,464537,112629
q40_s0_d0.0,2025-09-01,route,26,0.8256263509620501,1089964,190061
q40_s0_d0.0,2025-09-01,route,28,0.8129047900571937,602164,112662
q40_s0_d0.0,2025-09-01,route,50,0.7611113990980249,1157460,276504
q40_s0_d0.0,2025-09-01,month,9,0.8662979972653161,6147694,821959
q40_s0_d0.0,2025-09-01,month,10,0.8469990026922315,6606787,1010845
q40_s0_d0.0,2025-09-01,lead_week,1,0.8719719620169686,1417791,181517
q40_s0_d0.0,2025-09-01,lead_week,2,0.8688189882917938,1429681,187547
q40_s0_d0.0,2025-09-01,lead_week,3,0.8643506594411854,1422189,192919
q40_s0_d0.0,2025-09-01,lead_week,4,0.852371273809643,1398278,206426
q40_s0_d0.0,2025-09-01,lead_week,5,0.8467556667868146,1470410,225332
q40_s0_d0.0,2025-09-01,lead_week,6,0.845562542721371,1464431,226163
q40_s0_d0.0,2025-09-01,lead_week,7,0.8395736853319812,1483036,237918
q40_s0_d0.0,2025-09-01,lead_week,8,0.8468835102757066,1471383,225293
q40_s0_d0.0,2025-09-01,lead_week,9,0.874975987277851,1197282,149689
q40_s0_d0.5,2025-09-01,route,1,0.86903360904433,1136093,148790
q40_s0_d0.5,2025-09-01,route,5,,0,0
q40_s0_d0.5,2025-09-01,route,7,0.8356741916208899,1350573,221934
q40_s0_d0.5,2025-09-01,route,11,0.8796299646419281,1907061,229553
q40_s0_d0.5,2025-09-01,route,12,0.8975128100165154,1983604,203294
q40_s0_d0.5,2025-09-01,route,17,0.90394397695089,3063025,294222
q40_s0_d0.5,2025-09-01,route,25,0.7639326899687215,464537,109662
q40_s0_d0.5,2025-09-01,route,26,0.835541357329233,1089964,179254
q40_s0_d0.5,2025-09-01,route,28,0.8203197135664039,602164,108197
q40_s0_d0.5,2025-09-01,route,50,0.7647054757831804,1157460,272344
q40_s0_d0.5,2025-09-01,month,9,0.8711303783174634,6147694,792251
q40_s0_d0.5,2025-09-01,month,10,0.8524246354544198,6606787,974999
q40_s0_d0.5,2025-09-01,lead_week,1,0.8774805313336027,1417791,173707
q40_s0_d0.5,2025-09-01,lead_week,2,0.8740187496371568,1429681,180113
q40_s0_d0.5,2025-09-01,lead_week,3,0.8681827802071314,1422189,187469
q40_s0_d0.5,2025-09-01,lead_week,4,0.8583386136376314,1398278,198082
q40_s0_d0.5,2025-09-01,lead_week,5,0.8521269577872839,1470410,217434
q40_s0_d0.5,2025-09-01,lead_week,6,0.8509065978526813,1464431,218337
q40_s0_d0.5,2025-09-01,lead_week,7,0.8443935278712047,1483036,230770
q40_s0_d0.5,2025-09-01,lead_week,8,0.8516925912559816,1471383,218217
q40_s0_d0.5,2025-09-01,lead_week,9,0.8804617458543601,1197282,143121
q40_s0_d1.0,2025-09-01,route,1,0.8736318241552408,1136093,143566
q40_s0_d1.0,2025-09-01,route,5,,0,0
q40_s0_d1.0,2025-09-01,route,7,0.8379887647687315,1350573,218808
q40_s0_d1.0,2025-09-01,route,11,0.8805801177833326,1907061,227741
q40_s0_d1.0,2025-09-01,route,12,0.8981767530212683,1983604,201977
q40_s0_d1.0,2025-09-01,route,17,0.9057963940875442,3063025,288548
q40_s0_d1.0,2025-09-01,route,25,0.7691572468931431,464537,107235
q40_s0_d1.0,2025-09-01,route,26,0.8422571754663457,1089964,171934
q40_s0_d1.0,2025-09-01,route,28,0.8251157491978929,602164,105309
q40_s0_d1.0,2025-09-01,route,50,0.7638268277089489,1157460,273361
q40_s0_d1.0,2025-09-01,month,9,0.8726664014181578,6147694,782808
q40_s0_d1.0,2025-09-01,month,10,0.8553501119379208,6606787,955671
q40_s0_d1.0,2025-09-01,lead_week,1,0.8796903069634382,1417791,170574
q40_s0_d1.0,2025-09-01,lead_week,2,0.8750924157207097,1429681,178578
q40_s0_d1.0,2025-09-01,lead_week,3,0.8695025766617517,1422189,185592
q40_s0_d1.0,2025-09-01,lead_week,4,0.8604104477078235,1398278,195185
q40_s0_d1.0,2025-09-01,lead_week,5,0.8546004175706096,1470410,213797
q40_s0_d1.0,2025-09-01,lead_week,6,0.852875280569723,1464431,215454
q40_s0_d1.0,2025-09-01,lead_week,7,0.8473449059901446,1483036,226393
q40_s0_d1.0,2025-09-01,lead_week,8,0.8546727806424296,1471383,213832
q40_s0_d1.0,2025-09-01,lead_week,9,0.8838419019078212,1197282,139074
q60_s0_d0.0,2025-09-01,route,1,0.9099950444197791,1136093,102254
q60_s0_d0.0,2025-09-01,route,5,,0,0
q60_s0_d0.0,2025-09-01,route,7,0.8459268769625929,1350573,208087
q60_s0_d0.0,2025-09-01,route,11,0.9060045798220403,1907061,179255
q60_s0_d0.0,2025-09-01,route,12,0.9144047904722918,1983604,169787
q60_s0_d0.0,2025-09-01,route,17,0.9311487826576669,3063025,210893
q60_s0_d0.0,2025-09-01,route,25,0.8306184437407569,464537,78684
q60_s0_d0.0,2025-09-01,route,26,0.9077556689945723,1089964,100543
q60_s0_d0.0,2025-09-01,route,28,0.8580502985897529,602164,85477
q60_s0_d0.0,2025-09-01,route,50,0.755375563734384,1157460,283143
q60_s0_d0.0,2025-09-01,month,9,0.8914863036449114,6147694,667109
q60_s0_d0.0,2025-09-01,month,10,0.8863268938441636,6606787,751014
q60_s0_d0.0,2025-09-01,lead_week,1,0.8953181392744065,1417791,148417
q60_s0_d0.0,2025-09-01,lead_week,2,0.8967315086372415,1429681,147641
q60_s0_d0.0,2025-09-01,lead_week,3,0.891598795940624,1422189,154167
q60_s0_d0.0,2025-09-01,lead_week,4,0.8724187893966722,1398278,178394
q60_s0_d0.0,2025-09-01,lead_week,5,0.8831944831713604,1470410,171752
q60_s0_d0.0,2025-09-01,lead_week,6,0.885392346925188,1464431,167835
q60_s0_d0.0,2025-09-01,lead_week,7,0.8794041412346025,1483036,178848
q60_s0_d0.0,2025-09-01,lead_week,8,0.8887081065908741,1471383,163753
q60_s0_d0.0,2025-09-01,lead_week,9,0.9103669812124462,1197282,107316
q60_s0_d0.5,2025-09-01,route,1,0.9119605525251894,1136093,100021
q60_s0_d0.5,2025-09-01,route,5,,0,0
q60_s0_d0.5,2025-09-01,route,7,0.845421906109481,1350573,208769
q60_s0_d0.5,2025-09-01,route,11,0.9055184915427457,1907061,180182
q60_s0_d0.5,2025-09-01,route,12,0.9130038051949885,1983604,172566
q60_s0_d0.5,2025-09-01,route,17,0.9315513258951527,3063025,209660
q60_s0_d0.5,2025-09-01,route,25,0.8345729188417714,464537,76847
q60_s0_d0.5,2025-09-01,route,26,0.9091089246984304,1089964,99068
q60_s0_d0.5,2025-09-01,route,28,0.8594602134966554,602164,84628
q60_s0_d0.5,2025-09-01,route,50,0.75437855303855,1157460,284297
q60_s0_d0.5,2025-09-01,month,9,0.8912257181310586,6147694,668711
q60_s0_d0.5,2025-09-01,month,10,0.88688495633354,6606787,747327
q60_s0_d0.5,2025-09-01,lead_week,1,0.8949668886316813,1417791,148915
q60_s0_d0.5,2025-09-01,lead_week,2,0.8969847119742096,1429681,147279
q60_s0_d0.5,2025-09-01,lead_week,3,0.8908169026760859,1422189,155279
q60_s0_d0.5,2025-09-01,lead_week,4,0.8719739565379703,1398278,179016
q60_s0_d0.5,2025-09-01,lead_week,5,0.8844091103841786,1470410,169966
q60_s0_d0.5,2025-09-01,lead_week,6,0.8843175267390543,1464431,169409
q60_s0_d0.5,2025-09-01,lead_week,7,0.879804670958763,1483036,178254
q60_s0_d0.5,2025-09-01,lead_week,8,0.8893646317784016,1471383,162787
q60_s0_d0.5,2025-09-01,lead_week,9,0.9121902776455338,1197282,105133
q60_s0_d1.0,2025-09-01,route,1,0.9115450935794869,1136093,100493
q60_s0_d1.0,2025-09-01,route,5,,0,0
q60_s0_d1.0,2025-09-01,route,7,0.8414895011228567,1350573,214080
q60_s0_d1.0,2025-09-01,route,11,0.9027828685081389,1907061,185399
q60_s0_d1.0,2025-09-01,route,12,0.9094431146539329,1983604,179629
q60_s0_d1.0,2025-09-01,route,17,0.9300717428032745,3063025,214192
q60_s0_d1.0,2025-09-01,route,25,0.8354060064106842,464537,76460
q60_s0_d1.0,2025-09-01,route,26,0.9070171124917887,1089964,101348
q60_s0_d1.0,2025-09-01,route,28,0.8590516869158569,602164,84874
q60_s0_d1.0,2025-09-01,route,50,0.750484681976051,1157460,288804
q60_s0_d1.0,2025-09-01,month,9,0.8883646453450675,6147694,686300
q60_s0_d1.0,2025-09-01,month,10,0.8851213153988466,6606787,758979
q60_s0_d1.0,2025-09-01,lead_week,1,0.892018640265032,1417791,153095
q60_s0_d1.0,2025-09-01,lead_week,2,0.8939728512864058,1429681,151585
q60_s0_d1.0,2025-09-01,lead_week,3,0.8877568311947287,1422189,159631
q60_s0_d1.0,2025-09-01,lead_week,4,0.8688672781807337,1398278,183360
q60_s0_d1.0,2025-09-01,lead_week,5,0.8827755523969505,1470410,172368
q60_s0_d1.0,2025-09-01,lead_week,6,0.8815164388079739,1464431,173511
q60_s0_d1.0,2025-09-01,lead_week,7,0.8783508964044029,1483036,180410
q60_s0_d1.0,2025-09-01,lead_week,8,0.8877430281578623,1471383,165173
q60_s0_d1.0,2025-09-01,lead_week,9,0.9113441946007708,1197282,106146
exp_h7_s1_d0.0,2025-09-01,route,1,0.8953721218245337,1136093,118867
exp_h7_s1_d0.0,2025-09-01,route,5,,0,0
exp_h7_s1_d0.0,2025-09-01,route,7,0.8004106405207272,1350573,269560
exp_h7_s1_d0.0,2025-09-01,route,11,0.8886994175854889,1907061,212257
exp_h7_s1_d0.0,2025-09-01,route,12,0.8994960687717911,1983604,199360
exp_h7_s1_d0.0,2025-09-01,route,17,0.9025933513438512,3063025,298359
exp_h7_s1_d0.0,2025-09-01,route,25,0.8399761482938927,464537,74337
exp_h7_s1_d0.0,2025-09-01,route,26,0.88678983893046,1089964,123395
exp_h7_s1_d0.0,2025-09-01,route,28,0.83668070492424,602164,98345
exp_h7_s1_d0.0,2025-09-01,route,50,0.7537971074594371,1157460,284970
exp_h7_s1_d0.0,2025-09-01,month,9,0.870337072730035,6147694,797128
exp_h7_s1_d0.0,2025-09-01,month,10,0.8664521801595844,6606787,882322
exp_h7_s1_d0.0,2025-09-01,lead_week,1,0.8771384498843624,1417791,174192
exp_h7_s1_d0.0,2025-09-01,lead_week,2,0.8778202969753393,1429681,174678
exp_h7_s1_d0.0,2025-09-01,lead_week,3,0.867304556567376,1422189,188718
exp_h7_s1_d0.0,2025-09-01,lead_week,4,0.8461686445756853,1398278,215099
exp_h7_s1_d0.0,2025-09-01,lead_week,5,0.8602206187389911,1470410,205533
exp_h7_s1_d0.0,2025-09-01,lead_week,6,0.8632806871747457,1464431,200216
exp_h7_s1_d0.0,2025-09-01,lead_week,7,0.8628725128722432,1483036,203365
exp_h7_s1_d0.0,2025-09-01,lead_week,8,0.869570329411173,1471383,191912
exp_h7_s1_d0.0,2025-09-01,lead_week,9,0.8949812993096029,1197282,125737
exp_h7_s1_d0.5,2025-09-01,route,1,0.9020194649557739,1136093,111315
exp_h7_s1_d0.5,2025-09-01,route,5,,0,0
exp_h7_s1_d0.5,2025-09-01,route,7,0.8082532376998504,1350573,258968
exp_h7_s1_d0.5,2025-09-01,route,11,0.8956776946306384,1907061,198949
exp_h7_s1_d0.5,2025-09-01,route,12,0.9010014095555363,1983604,196374
exp_h7_s1_d0.5,2025-09-01,route,17,0.9073089511185838,3063025,283915
exp_h7_s1_d0.5,2025-09-01,route,25,0.8458594256216405,464537,71604
exp_h7_s1_d0.5,2025-09-01,route,26,0.8916890833091735,1089964,118055
exp_h7_s1_d0.5,2025-09-01,route,28,0.8435841398688729,602164,94188
exp_h7_s1_d0.5,2025-09-01,route,50,0.7596409379157811,1157460,278206
exp_h7_s1_d0.5,2025-09-01,month,9,0.8748984578607849,6147694,769086
exp_h7_s1_d0.5,2025-09-01,month,10,0.8724814346217004,6606787,842488
exp_h7_s1_d0.5,2025-09-01,lead_week,1,0.8831153533912968,1417791,165718
exp_h7_s1_d0.5,2025-09-01,lead_week,2,0.881616948116398,1429681,169250
exp_h7_s1_d0.5,2025-09-01,lead_week,3,0.8705530699506183,1422189,184098
exp_h7_s1_d0.5,2025-09-01,lead_week,4,0.8520859228279355,1398278,206825
exp_h7_s1_d0.5,2025-09-01,lead_week,5,0.8663427207377534,1470410,196531
exp_h7_s1_d0.5,2025-09-01,lead_week,6,0.8677138082982401,1464431,193724
exp_h7_s1_d0.5,2025-09-01,lead_week,7,0.8684394714625943,1483036,195109
exp_h7_s1_d0.5,2025-09-01,lead_week,8,0.8764849124938918,1471383,181738
exp_h7_s1_d0.5,2025-09-01,lead_week,9,0.900958170255629,1197282,118581
exp_h7_s1_d1.0,2025-09-01,route,1,0.9029762528243727,1136093,110228
exp_h7_s1_d1.0,2025-09-01,route,5,,0,0
exp_h7_s1_d1.0,2025-09-01,route,7,0.8033271803893607,1350573,265621
exp_h7_s1_d1.0,2025-09-01,route,11,0.8964259664478483,1907061,197522
exp_h7_s1_d1.0,2025-09-01,route,12,0.8962413868897219,1983604,205816
exp_h7_s1_d1.0,2025-09-01,route,17,0.9075645807657463,3063025,283132
exp_h7_s1_d1.0,2025-09-01,route,25,0.8456269360675253,464537,71712
exp_h7_s1_d1.0,2025-09-01,route,26,0.8909340124994954,1089964,118878
exp_h7_s1_d1.0,2025-09-01,route,28,0.8446303664782352,602164,93558
exp_h7_s1_d1.0,2025-09-01,route,50,0.7563164169820124,1157460,282054
exp_h7_s1_d1.0,2025-09-01,month,9,0.8727174774801738,6147694,782494
exp_h7_s1_d1.0,2025-09-01,month,10,0.8719457733388408,6606787,846027
exp_h7_s1_d1.0,2025-09-01,lead_week,1,0.8814021248547917,1417791,168147
exp_h7_s1_d1.0,2025-09-01,lead_week,2,0.8790394500591391,1429681,172935
exp_h7_s1_d1.0,2025-09-01,lead_week,3,0.8680576210334914,1422189,187647
exp_h7_s1_d1.0,2025-09-01,lead_week,4,0.8503430648268799,1398278,209262
exp_h7_s1_d1.0,2025-09-01,lead_week,5,0.8665787093395719,1470410,196184
exp_h7_s1_d1.0,2025-09-01,lead_week,6,0.8664102303215379,1464431,195633
exp_h7_s1_d1.0,2025-09-01,lead_week,7,0.8672156306387707,1483036,196924
exp_h7_s1_d1.0,2025-09-01,lead_week,8,0.8769205570541456,1471383,181097
exp_h7_s1_d1.0,2025-09-01,lead_week,9,0.8991950100310537,1197282,120692
exp_h14_s1_d0.0,2025-09-01,route,1,0.8961484667188337,1136093,117985
exp_h14_s1_d0.0,2025-09-01,route,5,,0,0
exp_h14_s1_d0.0,2025-09-01,route,7,0.8216275610426094,1350573,240905
exp_h14_s1_d0.0,2025-09-01,route,11,0.8883491403788343,1907061,212925
exp_h14_s1_d0.0,2025-09-01,route,12,0.9007463183175675,1983604,196880
exp_h14_s1_d0.0,2025-09-01,route,17,0.8920015344308323,3063025,330802
exp_h14_s1_d0.0,2025-09-01,route,25,0.8409319386830327,464537,73893
exp_h14_s1_d0.0,2025-09-01,route,26,0.8921202902114198,1089964,117585
exp_h14_s1_d0.0,2025-09-01,route,28,0.8430992221388194,602164,94480
exp_h14_s1_d0.0,2025-09-01,route,50,0.7503343528070084,1157460,288978
exp_h14_s1_d0.0,2025-09-01,month,9,0.8713481835628123,6147694,790912
exp_h14_s1_d0.0,2025-09-01,month,10,0.866270700114897,6606787,883521
exp_h14_s1_d0.0,2025-09-01,lead_week,1,0.8756396394108864,1417791,176317
exp_h14_s1_d0.0,2025-09-01,lead_week,2,0.8792772653480042,1429681,172595
exp_h14_s1_d0.0,2025-09-01,lead_week,3,0.8685427886167029,1422189,186957
exp_h14_s1_d0.0,2025-09-01,lead_week,4,0.8464711595262172,1398278,214676
exp_h14_s1_d0.0,2025-09-01,lead_week,5,0.8609952326221938,1470410,204394
exp_h14_s1_d0.0,2025-09-01,lead_week,6,0.8627473742361368,1464431,200997
exp_h14_s1_d0.0,2025-09-01,lead_week,7,0.8630215315069897,1483036,203144
exp_h14_s1_d0.0,2025-09-01,lead_week,8,0.8688206945438407,1471383,193015
exp_h14_s1_d0.0,2025-09-01,lead_week,9,0.8978202294864535,1197282,122338
exp_h14_s1_d0.5,2025-09-01,route,1,0.9080110519121234,1136093,104508
exp_h14_s1_d0.5,2025-09-01,route,5,,0,0
exp_h14_s1_d0.5,2025-09-01,route,7,0.8193011410712342,1350573,244047
exp_h14_s1_d0.5,2025-09-01,route,11,0.8973430844634754,1907061,195773
exp_h14_s1_d0.5,2025-09-01,route,12,0.9063578214200012,1983604,185749
exp_h14_s1_d0.5,2025-09-01,route,17,0.9023393540699145,3063025,299137
exp_h14_s1_d0.5,2025-09-01,route,25,0.8476095553206742,464537,70791
exp_h14_s1_d0.5,2025-09-01,route,26,0.9010435207034361,1089964,107859
exp_h14_s1_d0.5,2025-09-01,route,28,0.8497087172265363,602164,90500
exp_h14_s1_d0.5,2025-09-01,route,50,0.7611157189017331,1157460,276499
exp_h14_s1_d0.5,2025-09-01,month,9,0.8778522483389707,6147694,750927
exp_h14_s1_d0.5,2025-09-01,month,10,0.8752894561304913,6606787,823936
exp_h14_s1_d0.5,2025-09-01,lead_week,1,0.8833255395188713,1417791,165420
exp_h14_s1_d0.5,2025-09-01,lead_week,2,0.8856514145463219,1429681,163482
exp_h14_s1_d0.5,2025-09-01,lead_week,3,0.8740519016811408,1422189,179122
exp_h14_s1_d0.5,2025-09-01,lead_week,4,0.8547520593186763,1398278,203097
exp_h14_s1_d0.5,2025-09-01,lead_week,5,0.8702178304010446,1470410,190833
exp_h14_s1_d0.5,2025-09-01,lead_week,6,0.8699057859332396,1464431,190514
exp_h14_s1_d0.5,2025-09-01,lead_week,7,0.8712189050029804,1483036,190987
exp_h14_s1_d0.5,2025-09-01,lead_week,8,0.8787358559939866,1471383,178426
exp_h14_s1_d0.5,2025-09-01,lead_week,9,0.905634595692577,1197282,112982
exp_h14_s1_d1.0,2025-09-01,route,1,0.9103048782097944,1136093,101902
exp_h14_s1_d1.0,2025-09-01,route,5,,0,0
exp_h14_s1_d1.0,2025-09-01,route,7,0.8080555438321364,1350573,259235
exp_h14_s1_d1.0,2025-09-01,route,11,0.898858505312625,1907061,192883
exp_h14_s1_d1.0,2025-09-01,route,12,0.901314980207743,1983604,195752
exp_h14_s1_d1.0,2025-09-01,route,17,0.9068394805788396,3063025,285353
exp_h14_s1_d1.0,2025-09-01,route,25,0.8477796171241473,464537,70712
exp_h14_s1_d1.0,2025-09-01,route,26,0.9014187624545398,1089964,107450
exp_h14_s1_d1.0,2025-09-01,route,28,0.849522721384872,602164,90612
exp_h14_s1_d1.0,2025-09-01,route,50,0.7577687349886821,1157460,280373
exp_h14_s1_d1.0,2025-09-01,month,9,0.8756649241162622,6147694,764374
exp_h14_s1_d1.0,2025-09-01,month,10,0.8759006458055936,6606787,819898
exp_h14_s1_d1.0,2025-09-01,lead_week,1,0.8815135658217608,1417791,167989
exp_h14_s1_d1.0,2025-09-01,lead_week,2,0.8832249991431655,1429681,166951
exp_h14_s1_d1.0,2025-09-01,lead_week,3,0.8710065961697074,1422189,183453
exp_h14_s1_d1.0,2025-09-01,lead_week,4,0.8534740588066179,1398278,204884
exp_h14_s1_d1.0,2025-09-01,lead_week,5,0.870735373127223,1470410,190072
exp_h14_s1_d1.0,2025-09-01,lead_week,6,0.8697849198767302,1464431,190691
exp_h14_s1_d1.0,2025-09-01,lead_week,7,0.8713638778829375,1483036,190772
exp_h14_s1_d1.0,2025-09-01,lead_week,8,0.8814020550733561,1471383,174503
exp_h14_s1_d1.0,2025-09-01,lead_week,9,0.9039850260840805,1197282,114957
exp_h28_s1_d0.0,2025-09-01,route,1,0.9007959735690652,1136093,112705
exp_h28_s1_d0.0,2025-09-01,route,5,,0,0
exp_h28_s1_d0.0,2025-09-01,route,7,0.8265647247501616,1350573,234237
exp_h28_s1_d0.0,2025-09-01,route,11,0.8939787453049483,1907061,202189
exp_h28_s1_d0.0,2025-09-01,route,12,0.9053288862091425,1983604,187790
exp_h28_s1_d0.0,2025-09-01,route,17,0.8918539678912186,3063025,331254
exp_h28_s1_d0.0,2025-09-01,route,25,0.8423527081804033,464537,73233
exp_h28_s1_d0.0,2025-09-01,route,26,0.9058014760120517,1089964,102673
exp_h28_s1_d0.0,2025-09-01,route,28,0.8502534193342677,602164,90172
exp_h28_s1_d0.0,2025-09-01,route,50,0.7530333661638415,1157460,285854
exp_h28_s1_d0.0,2025-09-01,month,9,0.8749318036974514,6147694,768881
exp_h28_s1_d0.0,2025-09-01,month,10,0.8711588552801839,6606787,851226
exp_h28_s1_d0.0,2025-09-01,lead_week,1,0.8769056934343638,1417791,174522
exp_h28_s1_d0.0,2025-09-01,lead_week,2,0.8825150505602298,1429681,167966
exp_h28_s1_d0.0,2025-09-01,lead_week,3,0.8722687350274823,1422189,181658
exp_h28_s1_d0.0,2025-09-01,lead_week,4,0.851623926000409,1398278,207471
exp_h28_s1_d0.0,2025-09-01,lead_week,5,0.8669425534374766,1470410,195649
exp_h28_s1_d0.0,2025-09-01,lead_week,6,0.8676031851278756,1464431,193886
exp_h28_s1_d0.0,2025-09-01,lead_week,7,0.8669735596438657,1483036,197283
exp_h28_s1_d0.0,2025-09-01,lead_week,8,0.8736834665073607,1471383,185860
exp_h28_s1_d0.0,2025-09-01,lead_week,9,0.9032709086079971,1197282,115812
exp_h28_s1_d0.5,2025-09-01,route,1,0.9129798352775698,1136093,98863
exp_h28_s1_d0.5,2025-09-01,route,5,,0,0
exp_h28_s1_d0.5,2025-09-01,route,7,0.8200193547479477,1350573,243077
exp_h28_s1_d0.5,2025-09-01,route,11,0.9007289226721117,1907061,189316
exp_h28_s1_d0.5,2025-09-01,route,12,0.9113426873509027,1983604,175861
exp_h28_s1_d0.5,2025-09-01,route,17,0.9032812334212095,3063025,296252
exp_h28_s1_d0.5,2025-09-01,route,25,0.8491637910435552,464537,70069
exp_h28_s1_d0.5,2025-09-01,route,26,0.9121420523980609,1089964,95762
exp_h28_s1_d0.5,2025-09-01,route,28,0.8552653429962601,602164,87154
exp_h28_s1_d0.5,2025-09-01,route,50,0.762227636376203,1157460,275212
exp_h28_s1_d0.5,2025-09-01,month,9,0.8803814893844749,6147694,735378
exp_h28_s1_d0.5,2025-09-01,month,10,0.8794893796333982,6606787,796188
exp_h28_s1_d0.5,2025-09-01,lead_week,1,0.8829263269409948,1417791,165986
exp_h28_s1_d0.5,2025-09-01,lead_week,2,0.8883205414354671,1429681,159666
exp_h28_s1_d0.5,2025-09-01,lead_week,3,0.8769432192205114,1422189,175010
exp_h28_s1_d0.5,2025-09-01,lead_week,4,0.8586268252808097,1398278,197679
exp_h28_s1_d0.5,2025-09-01,lead_week,5,0.8751076230439129,1470410,183643
exp_h28_s1_d0.5,2025-09-01,lead_week,6,0.8737871569230643,1464431,184830
exp_h28_s1_d0.5,2025-09-01,lead_week,7,0.8751594701679528,1483036,185143
exp_h28_s1_d0.5,2025-09-01,lead_week,8,0.8831629833972527,1471383,171912
exp_h28_s1_d0.5,2025-09-01,lead_week,9,0.910048760442402,1197282,107697
exp_h28_s1_d1.0,2025-09-01,route,1,0.9152947866063782,1136093,96233
exp_h28_s1_d1.0,2025-09-01,route,5,,0,0
exp_h28_s1_d1.0,2025-09-01,route,7,0.8065443334051547,1350573,261276
exp_h28_s1_d1.0,2025-09-01,route,11,0.900755665392979,1907061,189265
exp_h28_s1_d1.0,2025-09-01,route,12,0.9066492102254281,1983604,185171
exp_h28_s1_d1.0,2025-09-01,route,17,0.9087957166526555,3063025,279361
exp_h28_s1_d1.0,2025-09-01,route,25,0.8489915765590255,464537,70149
exp_h28_s1_d1.0,2025-09-01,route,26,0.9099630813494758,1089964,98137
exp_h28_s1_d1.0,2025-09-01,route,28,0.8540032283563946,602164,87914
exp_h28_s1_d1.0,2025-09-01,route,50,0.7567665405283984,1157460,281533
exp_h28_s1_d1.0,2025-09-01,month,9,0.8772944782222407,6147694,754356
exp_h28_s1_d1.0,2025-09-01,month,10,0.8797171756861543,6606787,794683
exp_h28_s1_d1.0,2025-09-01,lead_week,1,0.8799533922841942,1417791,170201
exp_h28_s1_d1.0,2025-09-01,lead_week,2,0.8848309517997371,1429681,164655
exp_h28_s1_d1.0,2025-09-01,lead_week,3,0.8731061764645909,1422189,180467
exp_h28_s1_d1.0,2025-09-01,lead_week,4,0.8564048064834031,1398278,200786
exp_h28_s1_d1.0,2025-09-01,lead_week,5,0.874826749001979,1470410,184056
exp_h28_s1_d1.0,2025-09-01,lead_week,6,0.8731951181038915,1464431,185697
exp_h28_s1_d1.0,2025-09-01,lead_week,7,0.8755633713544377,1483036,184544
exp_h28_s1_d1.0,2025-09-01,lead_week,8,0.8854621808189982,1471383,168529
exp_h28_s1_d1.0,2025-09-01,lead_week,9,0.9080383735828318,1197282,110104
exp_h56_s1_d0.0,2025-09-01,route,1,0.904916234850492,1136093,108024
exp_h56_s1_d0.0,2025-09-01,route,5,,0,0
exp_h56_s1_d0.0,2025-09-01,route,7,0.8314559820165219,1350573,227631
exp_h56_s1_d0.0,2025-09-01,route,11,0.8986214913943498,1907061,193335
exp_h56_s1_d0.0,2025-09-01,route,12,0.9100969750010587,1983604,178332
exp_h56_s1_d0.0,2025-09-01,route,17,0.8987690273504134,3063025,310073
exp_h56_s1_d0.0,2025-09-01,route,25,0.840537998049671,464537,74076
exp_h56_s1_d0.0,2025-09-01,route,26,0.9134182413364111,1089964,94371
exp_h56_s1_d0.0,2025-09-01,route,28,0.8558449193243036,602164,86805
exp_h56_s1_d0.0,2025-09-01,route,50,0.7586318317695644,1157460,279374
exp_h56_s1_d0.0,2025-09-01,month,9,0.8799993948950615,6147694,737727
exp_h56_s1_d0.0,2025-09-01,month,10,0.8767488644631649,6606787,814294
exp_h56_s1_d0.0,2025-09-01,lead_week,1,0.88126952421055,1417791,168335
exp_h56_s1_d0.0,2025-09-01,lead_week,2,0.8864606859851953,1429681,162325
exp_h56_s1_d0.0,2025-09-01,lead_week,3,0.8775064355018918,1422189,174209
exp_h56_s1_d0.0,2025-09-01,lead_week,4,0.8591067012425283,1398278,197008
exp_h56_s1_d0.0,2025-09-01,lead_week,5,0.8734353003584034,1470410,186102
exp_h56_s1_d0.0,2025-09-01,lead_week,6,0.8740186461499381,1464431,184491
exp_h56_s1_d0.0,2025-09-01,lead_week,7,0.8712006991064276,1483036,191014
exp_h56_s1_d0.0,2025-09-01,lead_week,8,0.879297912236311,1471383,177599
exp_h56_s1_d0.0,2025-09-01,lead_week,9,0.9073417958342312,1197282,110938
exp_h56_s1_d0.5,2025-09-01,route,1,0.9153475991842217,1136093,96173
exp_h56_s1_d0.5,2025-09-01,route,5,,0,0
exp_h56_s1_d0.5,2025-09-01,route,7,0.8240879982052063,1350573,237582
exp_h56_s1_d0.5,2025-09-01,route,11,0.9026465330684231,1907061,185659
exp_h56_s1_d0.5,2025-09-01,route,12,0.913718665620759,1983604,171148
exp_h56_s1_d0.5,2025-09-01,route,17,0.9089733188596241,3063025,278817
exp_h56_s1_d0.5,2025-09-01,route,25,0.847086453823915,464537,71034
exp_h56_s1_d0.5,2025-09-01,route,26,0.9172926812261689,1089964,90148
exp_h56_s1_d0.5,2025-09-01,route,28,0.8594054111504508,602164,84661
exp_h56_s1_d0.5,2025-09-01,route,50,0.7636894579510307,1157460,273520
exp_h56_s1_d0.5,2025-09-01,month,9,0.8832853424389698,6147694,717526
exp_h56_s1_d0.5,2025-09-01,month,10,0.8832691291546102,6606787,771216
exp_h56_s1_d0.5,2025-09-01,lead_week,1,0.8844230214467436,1417791,163864
exp_h56_s1_d0.5,2025-09-01,lead_week,2,0.8903363757369651,1429681,156784
exp_h56_s1_d0.5,2025-09-01,lead_week,3,0.8801734509267052,1422189,170416
exp_h56_s1_d0.5,2025-09-01,lead_week,4,0.8635114047421185,1398278,190849
exp_h56_s1_d0.5,2025-09-01,lead_week,5,0.8795199978237362,1470410,177155
exp_h56_s1_d0.5,2025-09-01,lead_week,6,0.8781629178841475,1464431,178422
exp_h56_s1_d0.5,2025-09-01,lead_week,7,0.8783299933379904,1483036,180441
exp_h56_s1_d0.5,2025-09-01,lead_week,8,0.8870287341908939,1471383,166224
exp_h56_s1_d0.5,2025-09-01,lead_week,9,0.9126463105600853,1197282,104587
exp_h56_s1_d1.0,2025-09-01,route,1,0.9173579979807991,1136093,93889
exp_h56_s1_d1.0,2025-09-01,route,5,,0,0
exp_h56_s1_d1.0,2025-09-01,route,7,0.8104034361711658,1350573,256064
exp_h56_s1_d1.0,2025-09-01,route,11,0.900944437540278,1907061,188905
exp_h56_s1_d1.0,2025-09-01,route,12,0.9085044192288381,1983604,181491
exp_h56_s1_d1.0,2025-09-01,route,17,0.9138537883301638,3063025,263868
exp_h56_s1_d1.0,2025-09-01,route,25,0.8471790191093498,464537,70991
exp_h56_s1_d1.0,2025-09-01,route,26,0.9134255810283642,1089964,94363
exp_h56_s1_d1.0,2025-09-01,route,28,0.8572133173022631,602164,85981
exp_h56_s1_d1.0,2025-09-01,route,50,0.7561159780899556,1157460,282286
exp_h56_s1_d1.0,2025-09-01,month,9,0.8790131714428207,6147694,743790
exp_h56_s1_d1.0,2025-09-01,month,10,0.8828404790407198,6606787,774048
exp_h56_s1_d1.0,2025-09-01,lead_week,1,0.8798645216396492,1417791,170327
exp_h56_s1_d1.0,2025-09-01,lead_week,2,0.8860550010806607,1429681,162905
exp_h56_s1_d1.0,2025-09-01,lead_week,3,0.8754096677727081,1422189,177191
exp_h56_s1_d1.0,2025-09-01,lead_week,4,0.859444259296077,1398278,196536
exp_h56_s1_d1.0,2025-09-01,lead_week,5,0.878311491352752,1470410,178932
exp_h56_s1_d1.0,2025-09-01,lead_week,6,0.8764291386893612,1464431,180961
exp_h56_s1_d1.0,2025-09-01,lead_week,7,0.8787783978271599,1483036,179776
exp_h56_s1_d1.0,2025-09-01,lead_week,8,0.888600724624384,1471383,163911
exp_h56_s1_d1.0,2025-09-01,lead_week,9,0.910381180039456,1197282,107299
exp_h112_s1_d0.0,2025-09-01,route,1,0.9045852760293391,1136093,108400
exp_h112_s1_d0.0,2025-09-01,route,5,,0,0
exp_h112_s1_d0.0,2025-09-01,route,7,0.8351869910030779,1350573,222592
exp_h112_s1_d0.0,2025-09-01,route,11,0.8996953951656502,1907061,191287
exp_h112_s1_d0.0,2025-09-01,route,12,0.9114485552559886,1983604,175651
exp_h112_s1_d0.0,2025-09-01,route,17,0.9031907999444994,3063025,296529
exp_h112_s1_d0.0,2025-09-01,route,25,0.8365361639654108,464537,75935
exp_h112_s1_d0.0,2025-09-01,route,26,0.9153146342448008,1089964,92304
exp_h112_s1_d0.0,2025-09-01,route,28,0.8578692847795617,602164,85586
exp_h112_s1_d0.0,2025-09-01,route,50,0.7615243723325212,1157460,276026
exp_h112_s1_d0.0,2025-09-01,month,9,0.8825244067125007,6147694,722204
exp_h112_s1_d0.0,2025-09-01,month,10,0.8785936340917302,6606787,802106
exp_h112_s1_d0.0,2025-09-01,lead_week,1,0.8839998279012915,1417791,164464
exp_h112_s1_d0.0,2025-09-01,lead_week,2,0.8875287564148926,1429681,160798
exp_h112_s1_d0.0,2025-09-01,lead_week,3,0.8803843933541885,1422189,170116
exp_h112_s1_d0.0,2025-09-01,lead_week,4,0.8632997157932829,1398278,191145
exp_h112_s1_d0.0,2025-09-01,lead_week,5,0.8761372678368619,1470410,182129
exp_h112_s1_d0.0,2025-09-01,lead_week,6,0.8766210220898083,1464431,180680
exp_h112_s1_d0.0,2025-09-01,lead_week,7,0.8723827337974264,1483036,189261
exp_h112_s1_d0.0,2025-09-01,lead_week,8,0.880887573119983,1471383,175260
exp_h112_s1_d0.0,2025-09-01,lead_week,9,0.907743539116098,1197282,110457
exp_h112_s1_d0.5,2025-09-01,route,1,0.9151962031277369,1136093,96345
exp_h112_s1_d0.5,2025-09-01,route,5,,0,0
exp_h112_s1_d0.5,2025-09-01,route,7,0.8282099523683651,1350573,232015
exp_h112_s1_d0.5,2025-09-01,route,11,0.9028835469866984,1907061,185207
exp_h112_s1_d0.5,2025-09-01,route,12,0.9140216494824572,1983604,170547
exp_h112_s1_d0.5,2025-09-01,route,17,0.9131022436969989,3063025,266170
exp_h112_s1_d0.5,2025-09-01,route,25,0.8435711256584513,464537,72667
exp_h112_s1_d0.5,2025-09-01,route,26,0.918859705458162,1089964,88440
exp_h112_s1_d0.5,2025-09-01,route,28,0.86121056722089,602164,83574
exp_h112_s1_d0.5,2025-09-01,route,50,0.7647512657024864,1157460,272291
exp_h112_s1_d0.5,2025-09-01,month,9,0.8850256697877286,6147694,706827
exp_h112_s1_d0.5,2025-09-01,month,10,0.8849018441187827,6606787,760429
exp_h112_s1_d0.5,2025-09-01,lead_week,1,0.8859098414364317,1417791,161756
exp_h112_s1_d0.5,2025-09-01,lead_week,2,0.8911771227287766,1429681,155582
exp_h112_s1_d0.5,2025-09-01,lead_week,3,0.8822266238875424,1422189,167496
exp_h112_s1_d0.5,2025-09-01,lead_week,4,0.8664793410180236,1398278,186699
exp_h112_s1_d0.5,2025-09-01,lead_week,5,0.8815357621343707,1470410,174191
exp_h112_s1_d0.5,2025-09-01,lead_week,6,0.8804136213997109,1464431,175126
exp_h112_s1_d0.5,2025-09-01,lead_week,7,0.879554508454279,1483036,178625
exp_h112_s1_d0.5,2025-09-01,lead_week,8,0.8885429558449431,1471383,163996
exp_h112_s1_d0.5,2025-09-01,lead_week,9,0.9133161611049025,1197282,103785
exp_h112_s1_d1.0,2025-09-01,route,1,0.9176088577255559,1136093,93604
exp_h112_s1_d1.0,2025-09-01,route,5,,0,0
exp_h112_s1_d1.0,2025-09-01,route,7,0.8149985228491907,1350573,249858
exp_h112_s1_d1.0,2025-09-01,route,11,0.9003466590738314,1907061,190045
exp_h112_s1_d1.0,2025-09-01,route,12,0.9084691299271427,1983604,181561
exp_h112_s1_d1.0,2025-09-01,route,17,0.9177744223439247,3063025,251859
exp_h112_s1_d1.0,2025-09-01,route,25,0.8442728996829101,464537,72341
exp_h112_s1_d1.0,2025-09-01,route,26,0.914731128734527,1089964,92940
exp_h112_s1_d1.0,2025-09-01,route,28,0.8586730525238971,602164,85102
exp_h112_s1_d1.0,2025-09-01,route,50,0.7563043215316296,1157460,282068
exp_h112_s1_d1.0,2025-09-01,month,9,0.8801566896465569,6147694,736760
exp_h112_s1_d1.0,2025-09-01,month,10,0.8845705181656378,6606787,762618
exp_h112_s1_d1.0,2025-09-01,lead_week,1,0.8803942188940401,1417791,169576
exp_h112_s1_d1.0,2025-09-01,lead_week,2,0.8865537137305455,1429681,162192
exp_h112_s1_d1.0,2025-09-01,lead_week,3,0.876999470534507,1422189,174930
exp_h112_s1_d1.0,2025-09-01,lead_week,4,0.8614946384052384,1398278,193669
exp_h112_s1_d1.0,2025-09-01,lead_week,5,0.8800926272264198,1470410,176313
exp_h112_s1_d1.0,2025-09-01,lead_week,6,0.8782871982360384,1464431,178240
exp_h112_s1_d1.0,2025-09-01,lead_week,7,0.8806954113049178,1483036,176933
exp_h112_s1_d1.0,2025-09-01,lead_week,8,0.8902501931855947,1471383,161484
exp_h112_s1_d1.0,2025-09-01,lead_week,9,0.9114318932381845,1197282,106041
mean_s1_d0.0,2025-09-01,route,1,0.8998453471678816,1136093,113785
mean_s1_d0.0,2025-09-01,route,5,,0,0
mean_s1_d0.0,2025-09-01,route,7,0.8384663398424225,1350573,218163
mean_s1_d0.0,2025-09-01,route,11,0.8986225401285014,1907061,193333
mean_s1_d0.0,2025-09-01,route,12,0.9106767278146243,1983604,177182
mean_s1_d0.0,2025-09-01,route,17,0.906275005917353,3063025,287082
mean_s1_d0.0,2025-09-01,route,25,0.8288037336100246,464537,79527
mean_s1_d0.0,2025-09-01,route,26,0.9138806419294583,1089964,93867
mean_s1_d0.0,2025-09-01,route,28,0.8582462584943636,602164,85359
mean_s1_d0.0,2025-09-01,route,50,0.7632877162061755,1157460,273985
mean_s1_d0.0,2025-09-01,month,9,0.8833970916574573,6147694,716839
mean_s1_d0.0,2025-09-01,month,10,0.8780883960690726,6606787,805444
mean_s1_d0.0,2025-09-01,lead_week,1,0.8856404082124939,1417791,162138
mean_s1_d0.0,2025-09-01,lead_week,2,0.8862529473358043,1429681,162622
mean_s1_d0.0,2025-09-01,lead_week,3,0.8815656709480948,1422189,168436
mean_s1_d0.0,2025-09-01,lead_week,4,0.8661532256103579,1398278,187155
mean_s1_d0.0,2025-09-01,lead_week,5,0.8763195299270271,1470410,181861
mean_s1_d0.0,2025-09-01,lead_week,6,0.8770498575897396,1464431,180052
mean_s1_d0.0,2025-09-01,lead_week,7,0.8716248290668601,1483036,190385
mean_s1_d0.0,2025-09-01,lead_week,8,0.8798762796634187,1471383,176748
mean_s1_d0.0,2025-09-01,lead_week,9,0.9057147773039267,1197282,112886
mean_s1_d0.5,2025-09-01,route,1,0.9129032570396965,1136093,98950
mean_s1_d0.5,2025-09-01,route,5,,0,0
mean_s1_d0.5,2025-09-01,route,7,0.8330997287817837,1350573,225411
mean_s1_d0.5,2025-09-01,route,11,0.902195577383209,1907061,186519
mean_s1_d0.5,2025-09-01,route,12,0.9132311691244825,1983604,172115
mean_s1_d0.5,2025-09-01,route,17,0.9169977391630822,3063025,254238
mean_s1_d0.5,2025-09-01,route,25,0.8369214938745461,464537,75756
mean_s1_d0.5,2025-09-01,route,26,0.9190358580650371,1089964,88248
mean_s1_d0.5,2025-09-01,route,28,0.8623381670109804,602164,82895
mean_s1_d0.5,2025-09-01,route,50,0.766100772380903,1157460,270729
mean_s1_d0.5,2025-09-01,month,9,0.8863081018671392,6147694,698943
mean_s1_d0.5,2025-09-01,month,10,0.8855846268390368,6606787,755918
mean_s1_d0.5,2025-09-01,lead_week,1,0.8873980720712714,1417791,159646
mean_s1_d0.5,2025-09-01,lead_week,2,0.89102464116121,1429681,155800
mean_s1_d0.5,2025-09-01,lead_week,3,0.8840252596525497,1422189,164938
mean_s1_d0.5,2025-09-01,lead_week,4,0.8690653789875833,1398278,183083
mean_s1_d0.5,2025-09-01,lead_week,5,0.8826660591263661,1470410,172529
mean_s1_d0.5,2025-09-01,lead_week,6,0.881746562316695,1464431,173174
mean_s1_d0.5,2025-09-01,lead_week,7,0.8799671754428079,1483036,178013
mean_s1_d0.5,2025-09-01,lead_week,8,0.8889004426447771,1471383,163470
mean_s1_d0.5,2025-09-01,lead_week,9,0.912962860879893,1197282,104208
mean_s1_d1.0,2025-09-01,route,1,0.9169759870010642,1136093,94323
mean_s1_d1.0,2025-09-01,route,5,,0,0
mean_s1_d1.0,2025-09-01,route,7,0.820747934395253,1350573,242093
mean_s1_d1.0,2025-09-01,route,11,0.8991180670151611,1907061,192388
mean_s1_d1.0,2025-09-01,route,12,0.9074769964166235,1983604,183529
mean_s1_d1.0,2025-09-01,route,17,0.9220048807959452,3063025,238901
mean_s1_d1.0,2025-09-01,route,25,0.8390720222501113,464537,74757
mean_s1_d1.0,2025-09-01,route,26,0.9155559266177599,1089964,92041
mean_s1_d1.0,2025-09-01,route,28,0.8598787041404004,602164,84376
mean_s1_d1.0,2025-09-01,route,50,0.7571414994902632,1157460,281099
mean_s1_d1.0,2025-09-01,month,9,0.8812159486142284,6147694,730248
mean_s1_d1.0,2025-09-01,month,10,0.8859870917588232,6606787,753259
mean_s1_d1.0,2025-09-01,lead_week,1,0.8811792429208536,1417791,168463
mean_s1_d1.0,2025-09-01,lead_week,2,0.8866229599470091,1429681,162093
mean_s1_d1.0,2025-09-01,lead_week,3,0.8786117738219041,1422189,172637
mean_s1_d1.0,2025-09-01,lead_week,4,0.8634706403161603,1398278,190906
mean_s1_d1.0,2025-09-01,lead_week,5,0.8816357342509912,1470410,174044
mean_s1_d1.0,2025-09-01,lead_week,6,0.8800660461298621,1464431,175635
mean_s1_d1.0,2025-09-01,lead_week,7,0.8822402153420416,1483036,174642
mean_s1_d1.0,2025-09-01,lead_week,8,0.891326051748593,1471383,159901
mean_s1_d1.0,2025-09-01,lead_week,9,0.9121460107142678,1197282,105186
median_s1_d0.0,2025-09-01,route,1,0.9177611339916715,1136093,93431
median_s1_d0.0,2025-09-01,route,5,,0,0
median_s1_d0.0,2025-09-01,route,7,0.8338312701349724,1350573,224423
median_s1_d0.0,2025-09-01,route,11,0.9075472677591331,1907061,176313
median_s1_d0.0,2025-09-01,route,12,0.9107715047963202,1983604,176994
median_s1_d0.0,2025-09-01,route,17,0.9381839847862815,3063025,189344
median_s1_d0.0,2025-09-01,route,25,0.8351412266407197,464537,76583
median_s1_d0.0,2025-09-01,route,26,0.9227011167341307,1089964,84253
median_s1_d0.0,2025-09-01,route,28,0.8648607356135538,602164,81376
median_s1_d0.0,2025-09-01,route,50,0.7625455739291207,1157460,274844
median_s1_d0.0,2025-09-01,month,9,0.8898334887845751,6147694,677270
median_s1_d0.0,2025-09-01,month,10,0.8940043019398083,6606787,700291
median_s1_d0.0,2025-09-01,lead_week,1,0.8912322055930669,1417791,154210
median_s1_d0.0,2025-09-01,lead_week,2,0.892177345855474,1429681,154152
median_s1_d0.0,2025-09-01,lead_week,3,0.8904210340538423,1422189,155842
median_s1_d0.0,2025-09-01,lead_week,4,0.8724838694451318,1398278,178303
median_s1_d0.0,2025-09-01,lead_week,5,0.8904230792772084,1470410,161123
median_s1_d0.0,2025-09-01,lead_week,6,0.8925398328770696,1464431,157368
median_s1_d0.0,2025-09-01,lead_week,7,0.8899453553386432,1483036,163215
median_s1_d0.0,2025-09-01,lead_week,8,0.8987102610265308,1471383,149036
median_s1_d0.0,2025-09-01,lead_week,9,0.9128759974675974,1197282,104312
median_s1_d0.5,2025-09-01,route,1,0.9189318128005366,1136093,92101
median_s1_d0.5,2025-09-01,route,5,,0,0
median_s1_d0.5,2025-09-01,route,7,0.8339356702673606,1350573,224282
median_s1_d0.5,2025-09-01,route,11,0.9049217618104507,1907061,181320
median_s1_d0.5,2025-09-01,route,12,0.9085749978322286,1983604,181351
median_s1_d0.5,2025-09-01,route,17,0.9378526130214412,3063025,190359
median_s1_d0.5,2025-09-01,route,25,0.8368719822102437,464537,75779
median_s1_d0.5,2025-09-01,route,26,0.9217267726273528,1089964,85315
median_s1_d0.5,2025-09-01,route,28,0.8641316983413156,602164,81815
median_s1_d0.5,2025-09-01,route,50,0.7611079432550585,1157460,276508
median_s1_d0.5,2025-09-01,month,9,0.8884414221007096,6147694,685828
median_s1_d0.5,2025-09-01,month,10,0.8935939663258404,6606787,703002
median_s1_d0.5,2025-09-01,lead_week,1,0.8895478952821678,1417791,156598
median_s1_d0.5,2025-09-01,lead_week,2,0.8913505879983017,1429681,155334
median_s1_d0.5,2025-09-01,lead_week,3,0.8888797480503646,1422189,158034
median_s1_d0.5,2025-09-01,lead_week,4,0.8705529229523743,1398278,181003
median_s1_d0.5,2025-09-01,lead_week,5,0.8903945158153168,1470410,161165
median_s1_d0.5,2025-09-01,lead_week,6,0.8903068836974907,1464431,160638
median_s1_d0.5,2025-09-01,lead_week,7,0.8898266798648179,1483036,163391
median_s1_d0.5,2025-09-01,lead_week,8,0.898428893089019,1471383,149450
median_s1_d0.5,2025-09-01,lead_week,9,0.913790568972055,1197282,103217
median_s1_d1.0,2025-09-01,route,1,0.9170560860774603,1136093,94232
median_s1_d1.0,2025-09-01,route,5,,0,0
median_s1_d1.0,2025-09-01,route,7,0.8308614195604385,1350573,228434
median_s1_d1.0,2025-09-01,route,11,0.8999664929438544,1907061,190770
median_s1_d1.0,2025-09-01,route,12,0.9042490335772664,1983604,189932
median_s1_d1.0,2025-09-01,route,17,0.9353501848662679,3063025,198024
median_s1_d1.0,2025-09-01,route,25,0.8349711648372465,464537,76662
median_s1_d1.0,2025-09-01,route,26,0.9174862656014326,1089964,89937
median_s1_d1.0,2025-09-01,route,28,0.8604217455709741,602164,84049
median_s1_d1.0,2025-09-01,route,50,0.7558058161837127,1157460,282645
median_s1_d1.0,2025-09-01,month,9,0.884138670532398,6147694,712280
median_s1_d1.0,2025-09-01,month,10,0.8906571378795775,6606787,722405
median_s1_d1.0,2025-09-01,lead_week,1,0.8851417451514363,1417791,162845
median_s1_d1.0,2025-09-01,lead_week,2,0.887344799294388,1429681,161061
median_s1_d1.0,2025-09-01,lead_week,3,0.88471504139042,1422189,163957
median_s1_d1.0,2025-09-01,lead_week,4,0.8656161364192242,1398278,187906
median_s1_d1.0,2025-09-01,lead_week,5,0.8870600716806877,1470410,166068
median_s1_d1.0,2025-09-01,lead_week,6,0.8862049492260133,1464431,166645
median_s1_d1.0,2025-09-01,lead_week,7,0.8869346394827907,1483036,167680
median_s1_d1.0,2025-09-01,lead_week,8,0.8953562736554657,1471383,153971
median_s1_d1.0,2025-09-01,lead_week,9,0.9126755434392232,1197282,104552
trim10_s1_d0.0,2025-09-01,route,1,0.9150184007823303,1136093,96547
trim10_s1_d0.0,2025-09-01,route,5,,0,0
trim10_s1_d0.0,2025-09-01,route,7,0.8373016490037932,1350573,219736
trim10_s1_d0.0,2025-09-01,route,11,0.9060087747586469,1907061,179247
trim10_s1_d0.0,2025-09-01,route,12,0.913211003809228,1983604,172155
trim10_s1_d0.0,2025-09-01,route,17,0.9280570677679745,3063025,220363
trim10_s1_d0.0,2025-09-01,route,25,0.832702239003567,464537,77716
trim10_s1_d0.0,2025-09-01,route,26,0.9191523756747929,1089964,88121
trim10_s1_d0.0,2025-09-01,route,28,0.8624610571206515,602164,82821
trim10_s1_d0.0,2025-09-01,route,50,0.7649439289478686,1157460,272068
trim10_s1_d0.0,2025-09-01,month,9,0.8892431861442681,6147694,680899
trim10_s1_d0.0,2025-09-01,month,10,0.8898292013954741,6606787,727875
trim10_s1_d0.0,2025-09-01,lead_week,1,0.8902165410839821,1417791,155650
trim10_s1_d0.0,2025-09-01,lead_week,2,0.8926823536159465,1429681,153430
trim10_s1_d0.0,2025-09-01,lead_week,3,0.8897389868716464,1422189,156812
trim10_s1_d0.0,2025-09-01,lead_week,4,0.8711765471529982,1398278,180131
trim10_s1_d0.0,2025-09-01,lead_week,5,0.8867071089015989,1470410,166587
trim10_s1_d0.0,2025-09-01,lead_week,6,0.8885737873617808,1464431,163176
trim10_s1_d0.0,2025-09-01,lead_week,7,0.8842340981607999,1483036,171685
trim10_s1_d0.0,2025-09-01,lead_week,8,0.8932269844085462,1471383,157104
trim10_s1_d0.0,2025-09-01,lead_week,9,0.912970377905957,1197282,104199
trim10_s1_d0.5,2025-09-01,route,1,0.9181554679062366,1136093,92983
trim10_s1_d0.5,2025-09-01,route,5,,0,0
trim10_s1_d0.5,2025-09-01,route,7,0.8341007853703576,1350573,224059
trim10_s1_d0.5,2025-09-01,route,11,0.9052327114864182,1907061,180727
trim10_s1_d0.5,2025-09-01,route,12,0.9109096372058133,1983604,176720
trim10_s1_d0.5,2025-09-01,route,17,0.9314892957125718,3063025,209850
trim10_s1_d0.5,2025-09-01,route,25,0.8369193411934894,464537,75757
trim10_s1_d0.5,2025-09-01,route,26,0.9201459864729478,1089964,87038
trim10_s1_d0.5,2025-09-01,route,28,0.8639141496336546,602164,81946
trim10_s1_d0.5,2025-09-01,route,50,0.763677362500648,1157460,273534
trim10_s1_d0.5,2025-09-01,month,9,0.8887947253067573,6147694,683656
trim10_s1_d0.5,2025-09-01,month,10,0.8911788740881157,6606787,718958
trim10_s1_d0.5,2025-09-01,lead_week,1,0.8898166231835298,1417791,156217
trim10_s1_d0.5,2025-09-01,lead_week,2,0.8928747042172345,1429681,153155
trim10_s1_d0.5,2025-09-01,lead_week,3,0.8883193443346841,1422189,158831
trim10_s1_d0.5,2025-09-01,lead_week,4,0.8709855979998256,1398278,180398
trim10_s1_d0.5,2025-09-01,lead_week,5,0.8881604450459396,1470410,164450
trim10_s1_d0.5,2025-09-01,lead_week,6,0.8876266618229196,1464431,164563
trim10_s1_d0.5,2025-09-01,lead_week,7,0.886318336169857,1483036,168594
trim10_s1_d0.5,2025-09-01,lead_week,8,0.8951972396038285,1471383,154205
trim10_s1_d0.5,2025-09-01,lead_week,9,0.9146391576921727,1197282,102201
trim10_s1_d1.0,2025-09-01,route,1,0.9175076336180225,1136093,93719
trim10_s1_d1.0,2025-09-01,route,5,,0,0
trim10_s1_d1.0,2025-09-01,route,7,0.826948265662056,1350573,233719
trim10_s1_d1.0,2025-09-01,route,11,0.9004599223622107,1907061,189829
trim10_s1_d1.0,2025-09-01,route,12,0.9047345135420175,1983604,188969
trim10_s1_d1.0,2025-09-01,route,17,0.9311853478179251,3063025,210781
trim10_s1_d1.0,2025-09-01,route,25,0.8371690521960575,464537,75641
trim10_s1_d1.0,2025-09-01,route,26,0.9165495374159146,1089964,90958
trim10_s1_d1.0,2025-09-01,route,28,0.8612902797244605,602164,83526
trim10_s1_d1.0,2025-09-01,route,50,0.7563181449034956,1157460,282052
trim10_s1_d1.0,2025-09-01,month,9,0.8838559629025127,6147694,714018
trim10_s1_d1.0,2025-09-01,month,10,0.8887241256604761,6606787,735176
trim10_s1_d1.0,2025-09-01,lead_week,1,0.8848617320888622,1417791,163242
trim10_s1_d1.0,2025-09-01,lead_week,2,0.8878966706559016,1429681,160272
trim10_s1_d1.0,2025-09-01,lead_week,3,0.8830296113948287,1422189,166354
trim10_s1_d1.0,2025-09-01,lead_week,4,0.8656855074598899,1398278,187809
trim10_s1_d1.0,2025-09-01,lead_week,5,0.8848940091539095,1470410,169253
trim10_s1_d1.0,2025-09-01,lead_week,6,0.8840887689484858,1464431,169744
trim10_s1_d1.0,2025-09-01,lead_week,7,0.8847681377930138,1483036,170893
trim10_s1_d1.0,2025-09-01,lead_week,8,0.8935436932464219,1471383,156638
trim10_s1_d1.0,2025-09-01,lead_week,9,0.9123105500625583,1197282,104989
q40_s1_d0.0,2025-09-01,route,1,0.9103198417735168,1136093,101885
q40_s1_d0.0,2025-09-01,route,5,,0,0
q40_s1_d0.0,2025-09-01,route,7,0.8428504049762582,1350573,212242
q40_s1_d0.0,2025-09-01,route,11,0.9036506960186381,1907061,183744
q40_s1_d0.0,2025-09-01,route,12,0.9113764642539539,1983604,175794
q40_s1_d0.0,2025-09-01,route,17,0.9324847169056734,3063025,206801
q40_s1_d0.0,2025-09-01,route,25,0.8101507522543953,464537,88192
q40_s1_d0.0,2025-09-01,route,26,0.9116658898826017,1089964,96281
q40_s1_d0.0,2025-09-01,route,28,0.8580403345268066,602164,85483
q40_s1_d0.0,2025-09-01,route,50,0.7711333437008623,1157460,264904
q40_s1_d0.0,2025-09-01,month,9,0.890233638824574,6147694,674810
q40_s1_d0.0,2025-09-01,month,10,0.8879158659118267,6606787,740516
q40_s1_d0.0,2025-09-01,lead_week,1,0.8934483291260842,1417791,151068
q40_s1_d0.0,2025-09-01,lead_week,2,0.8921255860573093,1429681,154226
q40_s1_d0.0,2025-09-01,lead_week,3,0.8901341523524651,1422189,156250
q40_s1_d0.0,2025-09-01,lead_week,4,0.8739170608419785,1398278,176299
q40_s1_d0.0,2025-09-01,lead_week,5,0.8848083187682347,1470410,169379
q40_s1_d0.0,2025-09-01,lead_week,6,0.8870291601311362,1464431,165438
q40_s1_d0.0,2025-09-01,lead_week,7,0.8828072953050364,1483036,173801
q40_s1_d0.0,2025-09-01,lead_week,8,0.8904133050334277,1471383,161244
q40_s1_d0.0,2025-09-01,lead_week,9,0.9101122375513873,1197282,107621
q40_s1_d0.5,2025-09-01,route,1,0.912163880949887,1136093,99790
q40_s1_d0.5,2025-09-01,route,5,,0,0
q40_s1_d0.5,2025-09-01,route,7,0.8451405440505623,1350573,209149
q40_s1_d0.5,2025-09-01,route,11,0.9037262048775576,1907061,183600
q40_s1_d0.5,2025-09-01,route,12,0.9106227855963186,1983604,177289
q40_s1_d0.5,2025-09-01,route,17,0.9326995372221905,3063025,206143
q40_s1_d0.5,2025-09-01,route,25,0.8137177447652179,464537,86535
q40_s1_d0.5,2025-09-01,route,26,0.9118640615653361,1089964,96065
q40_s1_d0.5,2025-09-01,route,28,0.8604997973973867,602164,84002
q40_s1_d0.5,2025-09-01,route,50,0.7713761166692585,1157460,264623
q40_s1_d0.5,2025-09-01,month,9,0.8903553104627524,6147694,674062
q40_s1_d0.5,2025-09-01,month,10,0.8890332017666076,6606787,733134
q40_s1_d0.5,2025-09-01,lead_week,1,0.893205698160025,1417791,151412
q40_s1_d0.5,2025-09-01,lead_week,2,0.8927201242794721,1429681,153376
q40_s1_d0.5,2025-09-01,lead_week,3,0.8895547638183111,1422189,157074
q40_s1_d0.5,2025-09-01,lead_week,4,0.8739957290324242,1398278,176189
q40_s1_d0.5,2025-09-01,lead_week,5,0.8861616827959549,1470410,167389
q40_s1_d0.5,2025-09-01,lead_week,6,0.8862343121662953,1464431,166602
q40_s1_d0.5,2025-09-01,lead_week,7,0.8838106424928323,1483036,172313
q40_s1_d0.5,2025-09-01,lead_week,8,0.8919125747680923,1471383,159038
q40_s1_d0.5,2025-09-01,lead_week,9,0.9133011270527746,1197282,103803
q40_s1_d1.0,2025-09-01,route,1,0.9113083171888217,1136093,100762
q40_s1_d1.0,2025-09-01,route,5,,0,0
q40_s1_d1.0,2025-09-01,route,7,0.8438603466824821,1350573,210878
q40_s1_d1.0,2025-09-01,route,11,0.9009570223500979,1907061,188881
q40_s1_d1.0,2025-09-01,route,12,0.9073973434213684,1983604,183687
q40_s1_d1.0,2025-09-01,route,17,0.9307083683613422,3063025,212242
q40_s1_d1.0,2025-09-01,route,25,0.8145293055235643,464537,86158
q40_s1_d1.0,2025-09-01,route,26,0.9085823018007935,1089964,99642
q40_s1_d1.0,2025-09-01,route,28,0.8594701775596016,602164,84622
q40_s1_d1.0,2025-09-01,route,50,0.7676939159884575,1157460,268885
q40_s1_d1.0,2025-09-01,month,9,0.8873506065851684,6147694,692534
q40_s1_d1.0,2025-09-01,month,10,0.8875061357358728,6606787,743223
q40_s1_d1.0,2025-09-01,lead_week,1,0.8893694486705022,1417791,156851
q40_s1_d1.0,2025-09-01,lead_week,2,0.8899719587796159,1429681,157305
q40_s1_d1.0,2025-09-01,lead_week,3,0.8864968017612287,1422189,161423
q40_s1_d1.0,2025-09-01,lead_week,4,0.8708139583115804,1398278,180638
q40_s1_d1.0,2025-09-01,lead_week,5,0.8839888194449167,1470410,170584
q40_s1_d1.0,2025-09-01,lead_week,6,0.8831990035720358,1464431,171047
q40_s1_d1.0,2025-09-01,lead_week,7,0.8827472832756589,1483036,173890
q40_s1_d1.0,2025-09-01,lead_week,8,0.8908040938355275,1471383,160669
q40_s1_d1.0,2025-09-01,lead_week,9,0.9136794840313309,1197282,103350
q60_s1_d0.0,2025-09-01,route,1,0.9187654531803294,1136093,92290
q60_s1_d0.0,2025-09-01,route,5,,0,0
q60_s1_d0.0,2025-09-01,route,7,0.8158381664671217,1350573,248724
q60_s1_d0.0,2025-09-01,route,11,0.903197118498045,1907061,184609
q60_s1_d0.0,2025-09-01,route,12,0.9026090893141978,1983604,193185
q60_s1_d0.0,2025-09-01,route,17,0.9394702948882232,3063025,185404
q60_s1_d0.0,2025-09-01,route,25,0.8500033366556378,464537,69679
q60_s1_d0.0,2025-09-01,route,26,0.9236791306868851,1089964,83187
q60_s1_d0.0,2025-09-01,route,28,0.8616938242737859,602164,83283
q60_s1_d0.0,2025-09-01,route,50,0.746754099493719,1157460,293122
q60_s1_d0.0,2025-09-01,month,9,0.8818568393286979,6147694,726308
q60_s1_d0.0,2025-09-01,month,10,0.8929623431177667,6606787,707175
q60_s1_d0.0,2025-09-01,lead_week,1,0.8813358245326709,1417791,168241
q60_s1_d0.0,2025-09-01,lead_week,2,0.8844896169145424,1429681,165143
q60_s1_d0.0,2025-09-01,lead_week,3,0.882709682046479,1422189,166809
q60_s1_d0.0,2025-09-01,lead_week,4,0.8646091835815195,1398278,189314
q60_s1_d0.0,2025-09-01,lead_week,5,0.8889194170333444,1470410,163334
q60_s1_d0.0,2025-09-01,lead_week,6,0.8912826893175575,1464431,159209
q60_s1_d0.0,2025-09-01,lead_week,7,0.8905232239810766,1483036,162358
q60_s1_d0.0,2025-09-01,lead_week,8,0.8981767493575772,1471383,149821
q60_s1_d0.0,2025-09-01,lead_week,9,0.908748314933324,1197282,109254
q60_s1_d0.5,2025-09-01,route,1,0.9193323081825168,1136093,91646
q60_s1_d0.5,2025-09-01,route,5,,0,0
q60_s1_d0.5,2025-09-01,route,7,0.8140937217018258,1350573,251080
q60_s1_d0.5,2025-09-01,route,11,0.9002160916719497,1907061,190294
q60_s1_d0.5,2025-09-01,route,12,0.8996210937263688,1983604,199112
q60_s1_d0.5,2025-09-01,route,17,0.9394281796589973,3063025,185533
q60_s1_d0.5,2025-09-01,route,25,0.8509677377690044,464537,69231
q60_s1_d0.5,2025-09-01,route,26,0.9222377986795894,1089964,84758
q60_s1_d0.5,2025-09-01,route,28,0.86050477942886,602164,83999
q60_s1_d0.5,2025-09-01,route,50,0.7439151244967428,1157460,296408
q60_s1_d0.5,2025-09-01,month,9,0.8799151356589967,6147694,738245
q60_s1_d0.5,2025-09-01,month,10,0.8919571646550737,6606787,713816
q60_s1_d0.5,2025-09-01,lead_week,1,0.879545010512833,1417791,170780
q60_s1_d0.5,2025-09-01,lead_week,2,0.8829990746187436,1429681,167274
q60_s1_d0.5,2025-09-01,lead_week,3,0.8813758227633599,1422189,168706
q60_s1_d0.5,2025-09-01,lead_week,4,0.8612600641646369,1398278,193997
q60_s1_d0.5,2025-09-01,lead_week,5,0.8881121591936942,1470410,164521
q60_s1_d0.5,2025-09-01,lead_week,6,0.8886284160878867,1464431,163096
q60_s1_d0.5,2025-09-01,lead_week,7,0.8898131940155195,1483036,163411
q60_s1_d0.5,2025-09-01,lead_week,8,0.8972939064811813,1471383,151120
q60_s1_d0.5,2025-09-01,lead_week,9,0.9088301669949101,1197282,109156
q60_s1_d1.0,2025-09-01,route,1,0.9169962318225708,1136093,94300
q60_s1_d1.0,2025-09-01,route,5,,0,0
q60_s1_d1.0,2025-09-01,route,7,0.8088803789206507,1350573,258121
q60_s1_d1.0,2025-09-01,route,11,0.8951029883155285,1907061,200045
q60_s1_d1.0,2025-09-01,route,12,0.8944970871202115,1983604,209276
q60_s1_d1.0,2025-09-01,route,17,0.9368010381893717,3063025,193580
q60_s1_d1.0,2025-09-01,route,25,0.8483888258631713,464537,70429
q60_s1_d1.0,2025-09-01,route,26,0.9174312179117843,1089964,89997
q60_s1_d1.0,2025-09-01,route,28,0.8560674500634379,602164,86671
q60_s1_d1.0,2025-09-01,route,50,0.7368496535517426,1157460,304586
q60_s1_d1.0,2025-09-01,month,9,0.875133017355776,6147694,767644
q60_s1_d1.0,2025-09-01,month,10,0.8880906861383604,6606787,739361
q60_s1_d1.0,2025-09-01,lead_week,1,0.8751536721561923,1417791,177006
q60_s1_d1.0,2025-09-01,lead_week,2,0.8788596896790263,1429681,173192
q60_s1_d1.0,2025-09-01,lead_week,3,0.8770697846770015,1422189,174830
q60_s1_d1.0,2025-09-01,lead_week,4,0.8550824657185481,1398278,202635
q60_s1_d1.0,2025-09-01,lead_week,5,0.8836127338633443,1470410,171137
q60_s1_d1.0,2025-09-01,lead_week,6,0.8838238196268722,1464431,170132
q60_s1_d1.0,2025-09-01,lead_week,7,0.8859575897011266,1483036,169129
q60_s1_d1.0,2025-09-01,lead_week,8,0.8935042745498623,1471383,156696
q60_s1_d1.0,2025-09-01,lead_week,9,0.906247650929355,1197282,112248
level_w28_c0.25,2025-09-01,route,1,0.8156885043742017,1136093,209395
level_w28_c0.25,2025-09-01,route,5,,0,0
level_w28_c0.25,2025-09-01,route,7,0.7143108887857228,1350573,385844
level_w28_c0.25,2025-09-01,route,11,0.830213611415681,1907061,323793
level_w28_c0.25,2025-09-01,route,12,0.8597240174954275,1983604,278252
level_w28_c0.25,2025-09-01,route,17,0.8871915834836477,3063025,345535
level_w28_c0.25,2025-09-01,route,25,0.7301571241903229,464537,125352
level_w28_c0.25,2025-09-01,route,26,0.749005471740351,1089964,273575
level_w28_c0.25,2025-09-01,route,28,0.7594957519878306,602164,144823
level_w28_c0.25,2025-09-01,route,50,0.6040882622293643,1157460,458252
level_w28_c0.25,2025-09-01,month,9,0.8153296179022573,6147694,1135297
level_w28_c0.25,2025-09-01,month,10,0.7866551471993876,6606787,1409524
level_w28_c0.25,2025-09-01,lead_week,1,0.8272206552305664,1417791,244965
level_w28_c0.25,2025-09-01,lead_week,2,0.8173151912909243,1429681,261181
level_w28_c0.25,2025-09-01,lead_week,3,0.8149746622987522,1422189,263141
level_w28_c0.25,2025-09-01,lead_week,4,0.8085616737158133,1398278,267684
level_w28_c0.25,2025-09-01,lead_week,5,0.7893975149788155,1470410,309672
level_w28_c0.25,2025-09-01,lead_week,6,0.7877339389838101,1464431,310849
level_w28_c0.25,2025-09-01,lead_week,7,0.7778206328099925,1483036,329500
level_w28_c0.25,2025-09-01,lead_week,8,0.7849105229569732,1471383,316479
level_w28_c0.25,2025-09-01,lead_week,9,0.7984184177161271,1197282,241350
level_w56_c0.25,2025-09-01,route,1,0.7981027961619339,1136093,229374
level_w56_c0.25,2025-09-01,route,5,,0,0
level_w56_c0.25,2025-09-01,route,7,0.627162693168011,1350573,503544
level_w56_c0.25,2025-09-01,route,11,0.8210209322093001,1907061,341324
level_w56_c0.25,2025-09-01,route,12,0.8474055305393617,1983604,302687
level_w56_c0.25,2025-09-01,route,17,0.8561258886231748,3063025,440690
level_w56_c0.25,2025-09-01,route,25,0.705214008787244,464537,136939
level_w56_c0.25,2025-09-01,route,26,0.7340499319243572,1089964,289876
level_w56_c0.25,2025-09-01,route,28,0.7448900963857022,602164,153618
level_w56_c0.25,2025-09-01,route,50,0.6321566188032416,1157460,425764
level_w56_c0.25,2025-09-01,month,9,0.7938230172158862,6147694,1267513
level_w56_c0.25,2025-09-01,month,10,0.7644387506362775,6606787,1556303
level_w56_c0.25,2025-09-01,lead_week,1,0.8035697786204031,1417791,278497
level_w56_c0.25,2025-09-01,lead_week,2,0.7980661420274873,1429681,288701
level_w56_c0.25,2025-09-01,lead_week,3,0.7895082861701223,1422189,299359
level_w56_c0.25,2025-09-01,lead_week,4,0.7889189417268955,1398278,295150
level_w56_c0.25,2025-09-01,lead_week,5,0.7678429825694875,1470410,341366
level_w56_c0.25,2025-09-01,lead_week,6,0.7628601142696378,1464431,347275
level_w56_c0.25,2025-09-01,lead_week,7,0.7558939904358357,1483036,362018
level_w56_c0.25,2025-09-01,lead_week,8,0.762772167409845,1471383,349053
level_w56_c0.25,2025-09-01,lead_week,9,0.780839434652822,1197282,262397
level_w84_c0.25,2025-09-01,route,1,0.8142748877072563,1136093,211001
level_w84_c0.25,2025-09-01,route,5,,0,0
level_w84_c0.25,2025-09-01,route,7,0.7184232174047608,1350573,380290
level_w84_c0.25,2025-09-01,route,11,0.8350550926268221,1907061,314560
level_w84_c0.25,2025-09-01,route,12,0.859391289793729,1983604,278912
level_w84_c0.25,2025-09-01,route,17,0.8661264599538039,3063025,410058
level_w84_c0.25,2025-09-01,route,25,0.7302841323726635,464537,125293
level_w84_c0.25,2025-09-01,route,26,0.7539285701179121,1089964,268209
level_w84_c0.25,2025-09-01,route,28,0.7660089278003999,602164,140901
level_w84_c0.25,2025-09-01,route,50,0.6607640868798922,1157460,392652
level_w84_c0.25,2025-09-01,month,9,0.8171263891794224,6147694,1124251
level_w84_c0.25,2025-09-01,month,10,0.7884561739314435,6606787,1397625
level_w84_c0.25,2025-09-01,lead_week,1,0.8262487207211782,1417791,246343
level_w84_c0.25,2025-09-01,lead_week,2,0.8204683422385832,1429681,256673
level_w84_c0.25,2025-09-01,lead_week,3,0.813375718698429,1422189,265415
level_w84_c0.25,2025-09-01,lead_week,4,0.8080767915965209,1398278,268362
level_w84_c0.25,2025-09-01,lead_week,5,0.7916621894573622,1470410,306342
level_w84_c0.25,2025-09-01,lead_week,6,0.7875072297704706,1464431,311181
level_w84_c0.25,2025-09-01,lead_week,7,0.7807848224857656,1483036,325104
level_w84_c0.25,2025-09-01,lead_week,8,0.7866191195630233,1471383,313965
level_w84_c0.25,2025-09-01,lead_week,9,0.8091585775113966,1197282,228491
level_w28_c0.5,2025-09-01,route,1,0.8275510895674913,1136093,195918
level_w28_c0.5,2025-09-01,route,5,,0,0
level_w28_c0.5,2025-09-01,route,7,0.7371286113375581,1350573,355027
level_w28_c0.5,2025-09-01,route,11,0.8324033683243484,1907061,319617
level_w28_c0.5,2025-09-01,route,12,0.8673162586887302,1983604,263192
level_w28_c0.5,2025-09-01,route,17,0.8986309285755095,3063025,310496
level_w28_c0.5,2025-09-01,route,25,0.7438331069430422,464537,118999
level_w28_c0.5,2025-09-01,route,26,0.763440810889167,1089964,257841
level_w28_c0.5,2025-09-01,route,28,0.7787297148285185,602164,133241
level_w28_c0.5,2025-09-01,route,50,0.5771499663055311,1157460,489432
level_w28_c0.5,2025-09-01,month,9,0.8230232344030135,6147694,1087999
level_w28_c0.5,2025-09-01,month,10,0.7947922341071386,6606787,1355764
level_w28_c0.5,2025-09-01,lead_week,1,0.8358072522677884,1417791,232791
level_w28_c0.5,2025-09-01,lead_week,2,0.8253253697852878,1429681,249729
level_w28_c0.5,2025-09-01,lead_week,3,0.8237076787965594,1422189,250721
level_w28_c0.5,2025-09-01,lead_week,4,0.8138124178453784,1398278,260342
level_w28_c0.5,2025-09-01,lead_week,5,0.7974646527159092,1470410,297810
level_w28_c0.5,2025-09-01,lead_week,6,0.7962273401751261,1464431,298411
level_w28_c0.5,2025-09-01,lead_week,7,0.7860227263532376,1483036,317336
level_w28_c0.5,2025-09-01,lead_week,8,0.7933257350397551,1471383,304097
level_w28_c0.5,2025-09-01,lead_week,9,0.8057884441593542,1197282,232526
level_w56_c0.5,2025-09-01,route,1,0.809896725004027,1136093,215975
level_w56_c0.5,2025-09-01,route,5,,0,0
level_w56_c0.5,2025-09-01,route,7,0.6503913524111617,1350573,472172
level_w56_c0.5,2025-09-01,route,11,0.8232694182304604,1907061,337036
level_w56_c0.5,2025-09-01,route,12,0.8556581858072478,1983604,286317
level_w56_c0.5,2025-09-01,route,17,0.8698809183731768,3063025,398558
level_w56_c0.5,2025-09-01,route,25,0.7197037049793665,464537,130208
level_w56_c0.5,2025-09-01,route,26,0.7480192006341494,1089964,274650
level_w56_c0.5,2025-09-01,route,28,0.764613958987917,602164,141741
level_w56_c0.5,2025-09-01,route,50,0.6153396229675323,1157460,445229
level_w56_c0.5,2025-09-01,month,9,0.8036644309232047,6147694,1207011
level_w56_c0.5,2025-09-01,month,10,0.7737364622168083,6606787,1494875
level_w56_c0.5,2025-09-01,lead_week,1,0.814673671930489,1417791,262754
level_w56_c0.5,2025-09-01,lead_week,2,0.8077473226544942,1429681,274860
level_w56_c0.5,2025-09-01,lead_week,3,0.8001615818994522,1422189,284208
level_w56_c0.5,2025-09-01,lead_week,4,0.7967550086606526,1398278,284193
level_w56_c0.5,2025-09-01,lead_week,5,0.7776776545317292,1470410,326905
level_w56_c0.5,2025-09-01,lead_week,6,0.7727963966892261,1464431,332724
level_w56_c0.5,2025-09-01,lead_week,7,0.765265981405711,1483036,348119
level_w56_c0.5,2025-09-01,lead_week,8,0.7722238193590656,1471383,335146
level_w56_c0.5,2025-09-01,lead_week,9,0.788707255266512,1197282,252977
level_w84_c0.5,2025-09-01,route,1,0.8260881811612254,1136093,197580
level_w84_c0.5,2025-09-01,route,5,,0,0
level_w84_c0.5,2025-09-01,route,7,0.7416844554126285,1350573,348874
level_w84_c0.5,2025-09-01,route,11,0.8374435846572291,1907061,310005
level_w84_c0.5,2025-09-01,route,12,0.8675501763456819,1983604,262728
level_w84_c0.5,2025-09-01,route,17,0.8792739203891577,3063025,369787
level_w84_c0.5,2025-09-01,route,25,0.7446661945119549,464537,118612
level_w84_c0.5,2025-09-01,route,26,0.7679666484397649,1089964,252908
level_w84_c0.5,2025-09-01,route,28,0.7853375492390777,602164,129262
level_w84_c0.5,2025-09-01,route,50,0.6378812226772416,1157460,419138
level_w84_c0.5,2025-09-01,month,9,0.8259757235802563,6147694,1069848
level_w84_c0.5,2025-09-01,month,10,0.7973226622865245,6606787,1339046
level_w84_c0.5,2025-09-01,lead_week,1,0.8364081871023303,1417791,231939
level_w84_c0.5,2025-09-01,lead_week,2,0.8291821742052947,1429681,244215
level_w84_c0.5,2025-09-01,lead_week,3,0.8231887604249506,1422189,251459
level_w84_c0.5,2025-09-01,lead_week,4,0.8147821820839632,1398278,258986
level_w84_c0.5,2025-09-01,lead_week,5,0.8005685489081277,1470410,293246
level_w84_c0.5,2025-09-01,lead_week,6,0.7972543602259171,1464431,296907
level_w84_c0.5,2025-09-01,lead_week,7,0.7896409797199798,1483036,311970
level_w84_c0.5,2025-09-01,lead_week,8,0.7954842484927446,1471383,300921
level_w84_c0.5,2025-09-01,lead_week,9,0.816876057603806,1197282,219251
level_w28_c1.0,2025-09-01,route,1,0.8494973562903742,1136093,170985
level_w28_c1.0,2025-09-01,route,5,,0,0
level_w28_c1.0,2025-09-01,route,7,0.7777550713660054,1350573,300158
level_w28_c1.0,2025-09-01,route,11,0.836513881831782,1907061,311778
level_w28_c1.0,2025-09-01,route,12,0.8789531579891954,1983604,240109
level_w28_c1.0,2025-09-01,route,17,0.9120235714693807,3063025,269474
level_w28_c1.0,2025-09-01,route,25,0.7679431347772083,464537,107799
level_w28_c1.0,2025-09-01,route,26,0.7908747444869739,1089964,227939
level_w28_c1.0,2025-09-01,route,28,0.8079576328043523,602164,115641
level_w28_c1.0,2025-09-01,route,50,0.5180377723636238,1157460,557852
level_w28_c1.0,2025-09-01,month,9,0.832445141218805,6147694,1030076
level_w28_c1.0,2025-09-01,month,10,0.8075223251483663,6606787,1271659
level_w28_c1.0,2025-09-01,lead_week,1,0.8457896826824264,1417791,218638
level_w28_c1.0,2025-09-01,lead_week,2,0.834522526353781,1429681,236580
level_w28_c1.0,2025-09-01,lead_week,3,0.8353270908437627,1422189,234196
level_w28_c1.0,2025-09-01,lead_week,4,0.8195702142206343,1398278,252291
level_w28_c1.0,2025-09-01,lead_week,5,0.8096061642671092,1470410,279957
level_w28_c1.0,2025-09-01,lead_week,6,0.8110050934458504,1464431,276770
level_w28_c1.0,2025-09-01,lead_week,7,0.7985908636068173,1483036,298697
level_w28_c1.0,2025-09-01,lead_week,8,0.8058262192780534,1471383,285704
level_w28_c1.0,2025-09-01,lead_week,9,0.8171675511700669,1197282,218902
level_w56_c1.0,2025-09-01,route,1,0.8318077833416806,1136093,191082
level_w56_c1.0,2025-09-01,route,5,,0,0
level_w56_c1.0,2025-09-01,route,7,0.693601900822836,1350573,413813
level_w56_c1.0,2025-09-01,route,11,0.8276882595784822,1907061,328609
level_w56_c1.0,2025-09-01,route,12,0.8692727984012938,1983604,259311
level_w56_c1.0,2025-09-01,route,17,0.8913064699112805,3063025,332931
level_w56_c1.0,2025-09-01,route,25,0.7462527204506852,464537,117875
level_w56_c1.0,2025-09-01,route,26,0.774775130187786,1089964,245487
level_w56_c1.0,2025-09-01,route,28,0.7974820812934682,602164,121949
level_w56_c1.0,2025-09-01,route,50,0.5687591795828797,1157460,499144
level_w56_c1.0,2025-09-01,month,9,0.8185347221250765,6147694,1115593
level_w56_c1.0,2025-09-01,month,10,0.7889128255534801,6606787,1394608
level_w56_c1.0,2025-09-01,lead_week,1,0.8316705353609947,1417791,238656
level_w56_c1.0,2025-09-01,lead_week,2,0.8223505803042777,1429681,253982
level_w56_c1.0,2025-09-01,lead_week,3,0.8169441614300209,1422189,260340
level_w56_c1.0,2025-09-01,lead_week,4,0.8082076668588077,1398278,268179
level_w56_c1.0,2025-09-01,lead_week,5,0.7924558456484926,1470410,305175
level_w56_c1.0,2025-09-01,lead_week,6,0.7898350963616585,1464431,307772
level_w56_c1.0,2025-09-01,lead_week,7,0.7801799821447355,1483036,326001
level_w56_c1.0,2025-09-01,lead_week,8,0.7875318662781886,1471383,312622
level_w56_c1.0,2025-09-01,lead_week,9,0.8016557502743714,1197282,237474
level_w84_c1.0,2025-09-01,route,1,0.8476365931310201,1136093,173099
level_w84_c1.0,2025-09-01,route,5,,0,0
level_w84_c1.0,2025-09-01,route,7,0.7828269926912503,1350573,293308
level_w84_c1.0,2025-09-01,route,11,0.8420936718856922,1907061,301137
level_w84_c1.0,2025-09-01,route,12,0.880746358648198,1983604,236552
level_w84_c1.0,2025-09-01,route,17,0.898092571885636,3063025,312145
level_w84_c1.0,2025-09-01,route,25,0.7709827204291585,464537,106387
level_w84_c1.0,2025-09-01,route,26,0.7949913942111849,1089964,223452
level_w84_c1.0,2025-09-01,route,28,0.8150088680160222,602164,111395
level_w84_c1.0,2025-09-01,route,50,0.5808598137300641,1157460,485138
level_w84_c1.0,2025-09-01,month,9,0.8378169115118612,6147694,997052
level_w84_c1.0,2025-09-01,month,10,0.8114725054705109,6606787,1245561
level_w84_c1.0,2025-09-01,lead_week,1,0.849709160235888,1417791,213081
level_w84_c1.0,2025-09-01,lead_week,2,0.8411191027928608,1429681,227149
level_w84_c1.0,2025-09-01,lead_week,3,0.8373879983602742,1422189,231265
level_w84_c1.0,2025-09-01,lead_week,4,0.822919333637517,1398278,247608
level_w84_c1.0,2025-09-01,lead_week,5,0.813841037533749,1470410,273730
level_w84_c1.0,2025-09-01,lead_week,6,0.8132496512297267,1464431,273483
level_w84_c1.0,2025-09-01,lead_week,7,0.8028813865610814,1483036,292334
level_w84_c1.0,2025-09-01,lead_week,8,0.810211889086662,1471383,279251
level_w84_c1.0,2025-09-01,lead_week,9,0.8290193955976954,1197282,204712
blend_h14_b0.25,2025-09-01,route,1,0.9107502642829416,1136093,101396
blend_h14_b0.25,2025-09-01,route,5,,0,0
blend_h14_b0.25,2025-09-01,route,7,0.8247188415583608,1350573,236730
blend_h14_b0.25,2025-09-01,route,11,0.8998065609857262,1907061,191075
blend_h14_b0.25,2025-09-01,route,12,0.9100621898322447,1983604,178401
blend_h14_b0.25,2025-09-01,route,17,0.9072345148994866,3063025,284143
blend_h14_b0.25,2025-09-01,route,25,0.8475385168458056,464537,70824
blend_h14_b0.25,2025-09-01,route,26,0.9068464646538785,1089964,101534
blend_h14_b0.25,2025-09-01,route,28,0.8540862622142805,602164,87864
blend_h14_b0.25,2025-09-01,route,50,0.7635330810567968,1157460,273701
blend_h14_b0.25,2025-09-01,month,9,0.8815206156975282,6147694,728375
blend_h14_b0.25,2025-09-01,month,10,0.8793221273820391,6606787,797293
blend_h14_b0.25,2025-09-01,lead_week,1,0.8859662672424921,1417791,161676
blend_h14_b0.25,2025-09-01,lead_week,2,0.8887905763593417,1429681,158994
blend_h14_b0.25,2025-09-01,lead_week,3,0.8782412182909585,1422189,173164
blend_h14_b0.25,2025-09-01,lead_week,4,0.8596123231574837,1398278,196301
blend_h14_b0.25,2025-09-01,lead_week,5,0.8746791711155392,1470410,184273
blend_h14_b0.25,2025-09-01,lead_week,6,0.8743361756204286,1464431,184026
blend_h14_b0.25,2025-09-01,lead_week,7,0.8747737748780204,1483036,185715
blend_h14_b0.25,2025-09-01,lead_week,8,0.8827769520240482,1471383,172480
blend_h14_b0.25,2025-09-01,lead_week,9,0.9089278883337426,1197282,109039
blend_h28_b0.25,2025-09-01,route,1,0.91399911802995,1136093,97705
blend_h28_b0.25,2025-09-01,route,5,,0,0
blend_h28_b0.25,2025-09-01,route,7,0.8246559053083395,1350573,236815
blend_h28_b0.25,2025-09-01,route,11,0.9016654422695446,1907061,187530
blend_h28_b0.25,2025-09-01,route,12,0.9127618214119351,1983604,173046
blend_h28_b0.25,2025-09-01,route,17,0.9072727124329707,3063025,284026
blend_h28_b0.25,2025-09-01,route,25,0.8475105319920695,464537,70837
blend_h28_b0.25,2025-09-01,route,26,0.9144329537489312,1089964,93265
blend_h28_b0.25,2025-09-01,route,28,0.8575770055998033,602164,85762
blend_h28_b0.25,2025-09-01,route,50,0.7638700257460301,1157460,273311
blend_h28_b0.25,2025-09-01,month,9,0.8827082154707114,6147694,721074
blend_h28_b0.25,2025-09-01,month,10,0.8817544746031618,6606787,781223
blend_h28_b0.25,2025-09-01,lead_week,1,0.8847608709605295,1417791,163385
blend_h28_b0.25,2025-09-01,lead_week,2,0.8900139261835333,1429681,157245
blend_h28_b0.25,2025-09-01,lead_week,3,0.8795385142199806,1422189,171319
blend_h28_b0.25,2025-09-01,lead_week,4,0.8621161171097593,1398278,192800
blend_h28_b0.25,2025-09-01,lead_week,5,0.8777279806312526,1470410,179790
blend_h28_b0.25,2025-09-01,lead_week,6,0.8766066820492054,1464431,180701
blend_h28_b0.25,2025-09-01,lead_week,7,0.8769834312855521,1483036,182438
blend_h28_b0.25,2025-09-01,lead_week,8,0.8853683915064943,1471383,168667
blend_h28_b0.25,2025-09-01,lead_week,9,0.9115062282737066,1197282,105952
blend_h56_b0.25,2025-09-01,route,1,0.9151838801929068,1136093,96359
blend_h56_b0.25,2025-09-01,route,5,,0,0
blend_h56_b0.25,2025-09-01,route,7,0.8270156444709024,1350573,233628
blend_h56_b0.25,2025-09-01,route,11,0.9027110302187502,1907061,185536
blend_h56_b0.25,2025-09-01,route,12,0.9139334262282189,1983604,170722
blend_h56_b0.25,2025-09-01,route,17,0.9111936729213768,3063025,272016
blend_h56_b0.25,2025-09-01,route,25,0.8451791784077479,464537,71920
blend_h56_b0.25,2025-09-01,route,26,0.9179468312714916,1089964,89435
blend_h56_b0.25,2025-09-01,route,28,0.8603088195242492,602164,84117
blend_h56_b0.25,2025-09-01,route,50,0.7644851657940663,1157460,272599
blend_h56_b0.25,2025-09-01,month,9,0.8843867310246737,6147694,710755
blend_h56_b0.25,2025-09-01,month,10,0.8841226453948039,6606787,765577
blend_h56_b0.25,2025-09-01,lead_week,1,0.885442917891283,1417791,162418
blend_h56_b0.25,2025-09-01,lead_week,2,0.8909840726707566,1429681,155858
blend_h56_b0.25,2025-09-01,lead_week,3,0.8814391054916049,1422189,168616
blend_h56_b0.25,2025-09-01,lead_week,4,0.8652564082392772,1398278,188409
blend_h56_b0.25,2025-09-01,lead_week,5,0.8805659645949089,1470410,175617
blend_h56_b0.25,2025-09-01,lead_week,6,0.8793988928122937,1464431,176612
blend_h56_b0.25,2025-09-01,lead_week,7,0.8789220221221872,1483036,179563
blend_h56_b0.25,2025-09-01,lead_week,8,0.8878130303258907,1471383,165070
blend_h56_b0.25,2025-09-01,lead_week,9,0.9129954346595037,1197282,104169
blend_h14_b0.5,2025-09-01,route,1,0.9126479962467862,1136093,99240
blend_h14_b0.5,2025-09-01,route,5,,0,0
blend_h14_b0.5,2025-09-01,route,7,0.8287808211773817,1350573,231244
blend_h14_b0.5,2025-09-01,route,11,0.9013665530363213,1907061,188100
blend_h14_b0.5,2025-09-01,route,12,0.9123892672126089,1983604,173785
blend_h14_b0.5,2025-09-01,route,17,0.9114342847348618,3063025,271279
blend_h14_b0.5,2025-09-01,route,25,0.8455236073768074,464537,71760
blend_h14_b0.5,2025-09-01,route,26,0.9117796551078752,1089964,96157
blend_h14_b0.5,2025-09-01,route,28,0.8575238639307564,602164,85794
blend_h14_b0.5,2025-09-01,route,50,0.7652826015585852,1157460,271676
blend_h14_b0.5,2025-09-01,month,9,0.8841982050505441,6147694,711914
blend_h14_b0.5,2025-09-01,month,10,0.8823753512864877,6606787,777121
blend_h14_b0.5,2025-09-01,lead_week,1,0.8873924294906654,1417791,159654
blend_h14_b0.5,2025-09-01,lead_week,2,0.8909421052668393,1429681,155918
blend_h14_b0.5,2025-09-01,lead_week,3,0.8812801955295675,1422189,168842
blend_h14_b0.5,2025-09-01,lead_week,4,0.8637087903836004,1398278,190573
blend_h14_b0.5,2025-09-01,lead_week,5,0.8782210403900953,1470410,179065
blend_h14_b0.5,2025-09-01,lead_week,6,0.8778979685625339,1464431,178810
blend_h14_b0.5,2025-09-01,lead_week,7,0.8773954239816161,1483036,181827
blend_h14_b0.5,2025-09-01,lead_week,8,0.8858516103556994,1471383,167956
blend_h14_b0.5,2025-09-01,lead_week,9,0.9111403996719236,1197282,106390
blend_h28_b0.5,2025-09-01,route,1,0.9143925717348844,1136093,97258
blend_h28_b0.5,2025-09-01,route,5,,0,0
blend_h28_b0.5,2025-09-01,route,7,0.8285076038096423,1350573,231613
blend_h28_b0.5,2025-09-01,route,11,0.9021819438392374,1907061,186545
blend_h28_b0.5,2025-09-01,route,12,0.9136032191909272,1983604,171377
blend_h28_b0.5,2025-09-01,route,17,0.9108626276311815,3063025,273030
blend_h28_b0.5,2025-09-01,route,25,0.8449746737073689,464537,72015
blend_h28_b0.5,2025-09-01,route,26,0.9162843910441079,1089964,91247
blend_h28_b0.5,2025-09-01,route,28,0.8595631754804339,602164,84566
blend_h28_b0.5,2025-09-01,route,50,0.7650320529435143,1157460,271966
blend_h28_b0.5,2025-09-01,month,9,0.884484491258023,6147694,710154
blend_h28_b0.5,2025-09-01,month,10,0.8835344623642324,6606787,769463
blend_h28_b0.5,2025-09-01,lead_week,1,0.8860946359512791,1417791,161494
blend_h28_b0.5,2025-09-01,lead_week,2,0.8911113737959727,1429681,155676
blend_h28_b0.5,2025-09-01,lead_week,3,0.8816022343021919,1422189,168384
blend_h28_b0.5,2025-09-01,lead_week,4,0.8649903667224972,1398278,188781
blend_h28_b0.5,2025-09-01,lead_week,5,0.8798151535966159,1470410,176721
blend_h28_b0.5,2025-09-01,lead_week,6,0.8789017714047299,1464431,177340
blend_h28_b0.5,2025-09-01,lead_week,7,0.878358313621517,1483036,180399
blend_h28_b0.5,2025-09-01,lead_week,8,0.8871333976265867,1471383,166070
blend_h28_b0.5,2025-09-01,lead_week,9,0.9125084984155779,1197282,104752
blend_h56_b0.5,2025-09-01,route,1,0.9147437753775439,1136093,96859
blend_h56_b0.5,2025-09-01,route,5,,0,0
blend_h56_b0.5,2025-09-01,route,7,0.8294124049570071,1350573,230391
blend_h56_b0.5,2025-09-01,route,11,0.9026481061696505,1907061,185656
blend_h56_b0.5,2025-09-01,route,12,0.9139339303611003,1983604,170721
blend_h56_b0.5,2025-09-01,route,17,0.9132530749830641,3063025,265708
blend_h56_b0.5,2025-09-01,route,25,0.8428564355476529,464537,72999
blend_h56_b0.5,2025-09-01,route,26,0.9185202447053297,1089964,88810
blend_h56_b0.5,2025-09-01,route,28,0.8611856570635242,602164,83589
blend_h56_b0.5,2025-09-01,route,50,0.765172878544399,1157460,271803
blend_h56_b0.5,2025-09-01,month,9,0.8852686877388497,6147694,705333
blend_h56_b0.5,2025-09-01,month,10,0.8847846918630796,6606787,761203
blend_h56_b0.5,2025-09-01,lead_week,1,0.8863132859497627,1417791,161184
blend_h56_b0.5,2025-09-01,lead_week,2,0.8913058227674565,1429681,155398
blend_h56_b0.5,2025-09-01,lead_week,3,0.8825317872659681,1422189,167062
blend_h56_b0.5,2025-09-01,lead_week,4,0.8667596858421573,1398278,186307
blend_h56_b0.5,2025-09-01,lead_week,5,0.881444631089288,1470410,174325
blend_h56_b0.5,2025-09-01,lead_week,6,0.880401329936337,1464431,175144
blend_h56_b0.5,2025-09-01,lead_week,7,0.879376495243541,1483036,178889
blend_h56_b0.5,2025-09-01,lead_week,8,0.888345862362145,1471383,164286
blend_h56_b0.5,2025-09-01,lead_week,9,0.9131858659864593,1197282,103941
blend_h14_b0.75,2025-09-01,route,1,0.9134357838662857,1136093,98345
blend_h14_b0.75,2025-09-01,route,5,,0,0
blend_h14_b0.75,2025-09-01,route,7,0.8316521950312941,1350573,227366
blend_h14_b0.75,2025-09-01,route,11,0.9021279340304269,1907061,186648
blend_h14_b0.75,2025-09-01,route,12,0.913563896826181,1983604,171455
blend_h14_b0.75,2025-09-01,route,17,0.9146644248741032,3063025,261385
blend_h14_b0.75,2025-09-01,route,25,0.8420211952976835,464537,73387
blend_h14_b0.75,2025-09-01,route,26,0.9158807079866857,1089964,91687
blend_h14_b0.75,2025-09-01,route,28,0.8603320690044572,602164,84103
blend_h14_b0.75,2025-09-01,route,50,0.7661396506142761,1157460,270684
blend_h14_b0.75,2025-09-01,month,9,0.8858876189999046,6147694,701528
blend_h14_b0.75,2025-09-01,month,10,0.8844321755794458,6606787,763532
blend_h14_b0.75,2025-09-01,lead_week,1,0.8879404651320258,1417791,158877
blend_h14_b0.75,2025-09-01,lead_week,2,0.8917094093017953,1429681,154821
blend_h14_b0.75,2025-09-01,lead_week,3,0.8833411030460789,1422189,165911
blend_h14_b0.75,2025-09-01,lead_week,4,0.8669935449173912,1398278,185980
blend_h14_b0.75,2025-09-01,lead_week,5,0.8808740419338824,1470410,175164
blend_h14_b0.75,2025-09-01,lead_week,6,0.8803432869148495,1464431,175229
blend_h14_b0.75,2025-09-01,lead_week,7,0.8790278860391791,1483036,179406
blend_h14_b0.75,2025-09-01,lead_week,8,0.8878816732285204,1471383,164969
blend_h14_b0.75,2025-09-01,lead_week,9,0.912549424446371,1197282,104703
blend_h28_b0.75,2025-09-01,route,1,0.9140211232707182,1136093,97680
blend_h28_b0.75,2025-09-01,route,5,,0,0
blend_h28_b0.75,2025-09-01,route,7,0.8312486626046871,1350573,227911
blend_h28_b0.75,2025-09-01,route,11,0.9023927394037212,1907061,186143
blend_h28_b0.75,2025-09-01,route,12,0.9137877318255054,1983604,171011
blend_h28_b0.75,2025-09-01,route,17,0.9141133356730683,3063025,263073
blend_h28_b0.75,2025-09-01,route,25,0.8413732382996403,464537,73688
blend_h28_b0.75,2025-09-01,route,26,0.9178752692749486,1089964,89513
blend_h28_b0.75,2025-09-01,route,28,0.8611740323234202,602164,83596
blend_h28_b0.75,2025-09-01,route,50,0.7658009780035595,1157460,271076
blend_h28_b0.75,2025-09-01,month,9,0.8857353667895637,6147694,702464
blend_h28_b0.75,2025-09-01,month,10,0.8847810592349957,6606787,761227
blend_h28_b0.75,2025-09-01,lead_week,1,0.8870602225574855,1417791,160125
blend_h28_b0.75,2025-09-01,lead_week,2,0.8914939766283527,1429681,155129
blend_h28_b0.75,2025-09-01,lead_week,3,0.8831203166386465,1422189,166225
blend_h28_b0.75,2025-09-01,lead_week,4,0.8673668612393244,1398278,185458
blend_h28_b0.75,2025-09-01,lead_week,5,0.8814711543039017,1470410,174286
blend_h28_b0.75,2025-09-01,lead_week,6,0.8805850190278681,1464431,174875
blend_h28_b0.75,2025-09-01,lead_week,7,0.8793016487799352,1483036,179000
blend_h28_b0.75,2025-09-01,lead_week,8,0.8882337229667598,1471383,164451
blend_h28_b0.75,2025-09-01,lead_week,9,0.9130179857376959,1197282,104142
blend_h56_b0.75,2025-09-01,route,1,0.9139859148854891,1136093,97720
blend_h56_b0.75,2025-09-01,route,5,,0,0
blend_h56_b0.75,2025-09-01,route,7,0.8314530203106385,1350573,227635
blend_h56_b0.75,2025-09-01,route,11,0.9025238311726788,1907061,185893
blend_h56_b0.75,2025-09-01,route,12,0.9136788391231314,1983604,171227
blend_h56_b0.75,2025-09-01,route,17,0.9151724194219766,3063025,259829
blend_h56_b0.75,2025-09-01,route,25,0.8400450340877046,464537,74305
blend_h56_b0.75,2025-09-01,route,26,0.9188450260742557,1089964,88456
blend_h56_b0.75,2025-09-01,route,28,0.861839963863665,602164,83195
blend_h56_b0.75,2025-09-01,route,50,0.7656670640886079,1157460,271231
blend_h56_b0.75,2025-09-01,month,9,0.8859058372131079,6147694,701416
blend_h56_b0.75,2025-09-01,month,10,0.8852581443900038,6606787,758075
blend_h56_b0.75,2025-09-01,lead_week,1,0.8869769944935466,1417791,160243
blend_h56_b0.75,2025-09-01,lead_week,2,0.8913247080992194,1429681,155371
blend_h56_b0.75,2025-09-01,lead_week,3,0.8833692287030768,1422189,165871
blend_h56_b0.75,2025-09-01,lead_week,4,0.868039116684951,1398278,184518
blend_h56_b0.75,2025-09-01,lead_week,5,0.8821185927734442,1470410,173334
blend_h56_b0.75,2025-09-01,lead_week,6,0.8811504263430643,1464431,174047
blend_h56_b0.75,2025-09-01,lead_week,7,0.8797264530328326,1483036,178370
blend_h56_b0.75,2025-09-01,lead_week,8,0.8886945139368879,1471383,163773
blend_h56_b0.75,2025-09-01,lead_week,9,0.9131666558087401,1197282,103964
