model,origin,dimension,key,score,actual_total,absolute_error
baseline,2025-04-01,route,1,0.866390774676156,1078683,144122
baseline,2025-04-01,route,5,,0,0
baseline,2025-04-01,route,7,0.8335012775873135,1568973,261232
baseline,2025-04-01,route,11,0.8811712588485828,1802266,214161
baseline,2025-04-01,route,12,0.8720173182035783,1900890,243281
baseline,2025-04-01,route,17,0.838348926342924,2682933,433699
baseline,2025-04-01,route,25,0.8020493948428482,433689,85849
baseline,2025-04-01,route,26,0.8486979063290181,1083217,163893
baseline,2025-04-01,route,28,0.8505501664977559,607816,90838
baseline,2025-04-01,route,50,0.8937455584883632,1260832,133969
baseline,2025-04-01,month,4,0.8300379005412271,6418378,1090881
baseline,2025-04-01,month,5,0.8866568981661315,6000921,680163
baseline,2025-04-01,lead_week,1,0.6837266081661377,1392580,440436
baseline,2025-04-01,lead_week,2,0.8548314787182079,1494470,216950
baseline,2025-04-01,lead_week,3,0.8908225154423329,1574244,171872
baseline,2025-04-01,lead_week,4,0.8542294768211333,1465063,213563
baseline,2025-04-01,lead_week,5,0.8630665257522756,1172343,160533
baseline,2025-04-01,lead_week,6,0.867285265922241,1170925,155399
baseline,2025-04-01,lead_week,7,0.911960515681562,1505813,132571
baseline,2025-04-01,lead_week,8,0.8955306861441192,1518063,158591
baseline,2025-04-01,lead_week,9,0.892406097719129,1125798,121129
previous_month_mean,2025-04-01,route,1,0.8752812457413346,1078683,134532
previous_month_mean,2025-04-01,route,5,,0,0
previous_month_mean,2025-04-01,route,7,0.8476589463298604,1568973,239019
previous_month_mean,2025-04-01,route,11,0.856453486888173,1802266,258709
previous_month_mean,2025-04-01,route,12,0.854123594737202,1900890,277295
previous_month_mean,2025-04-01,route,17,0.8247093758957081,2682933,470293
previous_month_mean,2025-04-01,route,25,0.8201591463006901,433689,77995
previous_month_mean,2025-04-01,route,26,0.8389491671567193,1083217,174453
previous_month_mean,2025-04-01,route,28,0.8473189254642852,607816,92802
previous_month_mean,2025-04-01,route,50,0.8804741630923073,1260832,150702
previous_month_mean,2025-04-01,month,4,0.8316989120927437,6418378,1080220
previous_month_mean,2025-04-01,month,5,0.8674236837978704,6000921,795580
previous_month_mean,2025-04-01,lead_week,1,0.6599225897255454,1392580,473585
previous_month_mean,2025-04-01,lead_week,2,0.8685493854008445,1494470,196449
previous_month_mean,2025-04-01,lead_week,3,0.9068359161603919,1574244,146663
previous_month_mean,2025-04-01,lead_week,4,0.8558300905831353,1465063,211218
previous_month_mean,2025-04-01,lead_week,5,0.8254324886146802,1172343,204653
previous_month_mean,2025-04-01,lead_week,6,0.8271409355851144,1170925,202405
previous_month_mean,2025-04-01,lead_week,7,0.9036440779831227,1505813,145094
previous_month_mean,2025-04-01,lead_week,8,0.8937026987681012,1518063,161366
previous_month_mean,2025-04-01,lead_week,9,0.8806473274956964,1125798,134367
previous_month_median,2025-04-01,route,1,0.8754379182762684,1078683,134363
previous_month_median,2025-04-01,route,5,,0,0
previous_month_median,2025-04-01,route,7,0.84134335007677,1568973,248928
previous_month_median,2025-04-01,route,11,0.853692518196537,1802266,263685
previous_month_median,2025-04-01,route,12,0.8499650163870608,1900890,285200
previous_month_median,2025-04-01,route,17,0.8236359238191934,2682933,473173
previous_month_median,2025-04-01,route,25,0.8180885380998826,433689,78893
previous_month_median,2025-04-01,route,26,0.8416208386685217,1083217,171559
previous_month_median,2025-04-01,route,28,0.8463465917317083,607816,93393
previous_month_median,2025-04-01,route,50,0.8798111088551052,1260832,151538
previous_month_median,2025-04-01,month,4,0.8297169471788667,6418378,1092941
previous_month_median,2025-04-01,month,5,0.8653888294813412,6000921,807791
previous_month_median,2025-04-01,lead_week,1,0.6573877263783768,1392580,477115
previous_month_median,2025-04-01,lead_week,2,0.8668685219509258,1494470,198961
previous_month_median,2025-04-01,lead_week,3,0.9048946669004296,1574244,149719
previous_month_median,2025-04-01,lead_week,4,0.8539557684550084,1465063,213964
previous_month_median,2025-04-01,lead_week,5,0.8226201717415467,1172343,207950
previous_month_median,2025-04-01,lead_week,6,0.822781134573094,1170925,207510
previous_month_median,2025-04-01,lead_week,7,0.9022787026011863,1505813,147150
previous_month_median,2025-04-01,lead_week,8,0.8923088172230006,1518063,163482
previous_month_median,2025-04-01,lead_week,9,0.8801907624636036,1125798,134881
equal_months_2,2025-04-01,route,1,0.8753758054961467,1078683,134430
equal_months_2,2025-04-01,route,5,,0,0
equal_months_2,2025-04-01,route,7,0.8513167530607602,1568973,233280
equal_months_2,2025-04-01,route,11,0.8696640784434706,1802266,234900
equal_months_2,2025-04-01,route,12,0.8642630557265281,1900890,258021
equal_months_2,2025-04-01,route,17,0.8346917347544647,2682933,443511
equal_months_2,2025-04-01,route,25,0.8167719264265407,433689,79464
equal_months_2,2025-04-01,route,26,0.854572998762021,1083217,157529
equal_months_2,2025-04-01,route,28,0.8523615699488003,607816,89737
equal_months_2,2025-04-01,route,50,0.887812967944976,1260832,141449
equal_months_2,2025-04-01,month,4,0.8355385114432338,6418378,1055576
equal_months_2,2025-04-01,month,5,0.8805608339119945,6000921,716745
equal_months_2,2025-04-01,lead_week,1,0.6703930833417111,1392580,459004
equal_months_2,2025-04-01,lead_week,2,0.8676828574678649,1494470,197744
equal_months_2,2025-04-01,lead_week,3,0.9065367249295535,1574244,147134
equal_months_2,2025-04-01,lead_week,4,0.8605718661927849,1465063,204271
equal_months_2,2025-04-01,lead_week,5,0.8472682482856979,1172343,179054
equal_months_2,2025-04-01,lead_week,6,0.8480773747251105,1170925,177890
equal_months_2,2025-04-01,lead_week,7,0.9131372886274723,1505813,130799
equal_months_2,2025-04-01,lead_week,8,0.9000048087595838,1518063,151799
equal_months_2,2025-04-01,lead_week,9,0.8892998566350269,1125798,124626
equal_months_3,2025-04-01,route,1,0.8526360385766718,1078683,158959
equal_months_3,2025-04-01,route,5,,0,0
equal_months_3,2025-04-01,route,7,0.823828708333413,1568973,276408
equal_months_3,2025-04-01,route,11,0.8786372266912875,1802266,218728
equal_months_3,2025-04-01,route,12,0.8645881665956473,1900890,257403
equal_months_3,2025-04-01,route,17,0.83072406206193,2682933,454156
equal_months_3,2025-04-01,route,25,0.7952864840934403,433689,88782
equal_months_3,2025-04-01,route,26,0.8398418784047887,1083217,173486
equal_months_3,2025-04-01,route,28,0.8419291364491885,607816,96078
equal_months_3,2025-04-01,route,50,0.8876559287835334,1260832,141647
equal_months_3,2025-04-01,month,4,0.820177777002227,6418378,1154167
equal_months_3,2025-04-01,month,5,0.8814381992364172,6000921,711480
equal_months_3,2025-04-01,lead_week,1,0.6820828964942769,1392580,442725
equal_months_3,2025-04-01,lead_week,2,0.843098222112187,1494470,234485
equal_months_3,2025-04-01,lead_week,3,0.8796279356948478,1574244,189495
equal_months_3,2025-04-01,lead_week,4,0.8415098872881235,1465063,232198
equal_months_3,2025-04-01,lead_week,5,0.8560216591901858,1172343,168792
equal_months_3,2025-04-01,lead_week,6,0.8630091594252407,1170925,160406
equal_months_3,2025-04-01,lead_week,7,0.9038207267436262,1505813,144828
equal_months_3,2025-04-01,lead_week,8,0.8908161255494667,1518063,165748
equal_months_3,2025-04-01,lead_week,9,0.887217777967273,1125798,126970
equal_months_6,2025-04-01,route,1,0.8526360385766718,1078683,158959
equal_months_6,2025-04-01,route,5,,0,0
equal_months_6,2025-04-01,route,7,0.823828708333413,1568973,276408
equal_months_6,2025-04-01,route,11,0.8786372266912875,1802266,218728
equal_months_6,2025-04-01,route,12,0.8645881665956473,1900890,257403
equal_months_6,2025-04-01,route,17,0.83072406206193,2682933,454156
equal_months_6,2025-04-01,route,25,0.7952864840934403,433689,88782
equal_months_6,2025-04-01,route,26,0.8398418784047887,1083217,173486
equal_months_6,2025-04-01,route,28,0.8419291364491885,607816,96078
equal_months_6,2025-04-01,route,50,0.8876559287835334,1260832,141647
equal_months_6,2025-04-01,month,4,0.820177777002227,6418378,1154167
equal_months_6,2025-04-01,month,5,0.8814381992364172,6000921,711480
equal_months_6,2025-04-01,lead_week,1,0.6820828964942769,1392580,442725
equal_months_6,2025-04-01,lead_week,2,0.843098222112187,1494470,234485
equal_months_6,2025-04-01,lead_week,3,0.8796279356948478,1574244,189495
equal_months_6,2025-04-01,lead_week,4,0.8415098872881235,1465063,232198
equal_months_6,2025-04-01,lead_week,5,0.8560216591901858,1172343,168792
equal_months_6,2025-04-01,lead_week,6,0.8630091594252407,1170925,160406
equal_months_6,2025-04-01,lead_week,7,0.9038207267436262,1505813,144828
equal_months_6,2025-04-01,lead_week,8,0.8908161255494667,1518063,165748
equal_months_6,2025-04-01,lead_week,9,0.887217777967273,1125798,126970
equal_months_0,2025-04-01,route,1,0.8526360385766718,1078683,158959
equal_months_0,2025-04-01,route,5,,0,0
equal_months_0,2025-04-01,route,7,0.823828708333413,1568973,276408
equal_months_0,2025-04-01,route,11,0.8786372266912875,1802266,218728
equal_months_0,2025-04-01,route,12,0.8645881665956473,1900890,257403
equal_months_0,2025-04-01,route,17,0.83072406206193,2682933,454156
equal_months_0,2025-04-01,route,25,0.7952864840934403,433689,88782
equal_months_0,2025-04-01,route,26,0.8398418784047887,1083217,173486
equal_months_0,2025-04-01,route,28,0.8419291364491885,607816,96078
equal_months_0,2025-04-01,route,50,0.8876559287835334,1260832,141647
equal_months_0,2025-04-01,month,4,0.820177777002227,6418378,1154167
equal_months_0,2025-04-01,month,5,0.8814381992364172,6000921,711480
equal_months_0,2025-04-01,lead_week,1,0.6820828964942769,1392580,442725
equal_months_0,2025-04-01,lead_week,2,0.843098222112187,1494470,234485
equal_months_0,2025-04-01,lead_week,3,0.8796279356948478,1574244,189495
equal_months_0,2025-04-01,lead_week,4,0.8415098872881235,1465063,232198
equal_months_0,2025-04-01,lead_week,5,0.8560216591901858,1172343,168792
equal_months_0,2025-04-01,lead_week,6,0.8630091594252407,1170925,160406
equal_months_0,2025-04-01,lead_week,7,0.9038207267436262,1505813,144828
equal_months_0,2025-04-01,lead_week,8,0.8908161255494667,1518063,165748
equal_months_0,2025-04-01,lead_week,9,0.887217777967273,1125798,126970
month_exp_h1_s0,2025-04-01,route,1,0.8701184685398768,1078683,140101
month_exp_h1_s0,2025-04-01,route,5,,0,0
month_exp_h1_s0,2025-04-01,route,7,0.8428800240666984,1568973,246517
month_exp_h1_s0,2025-04-01,route,11,0.8763723002042983,1802266,222810
month_exp_h1_s0,2025-04-01,route,12,0.8682680218213574,1900890,250408
month_exp_h1_s0,2025-04-01,route,17,0.8345281078580792,2682933,443950
month_exp_h1_s0,2025-04-01,route,25,0.8140510826882859,433689,80644
month_exp_h1_s0,2025-04-01,route,26,0.8529205136182316,1083217,159319
month_exp_h1_s0,2025-04-01,route,28,0.8484853968964292,607816,92093
month_exp_h1_s0,2025-04-01,route,50,0.8928913606253648,1260832,135046
month_exp_h1_s0,2025-04-01,month,4,0.8331304264099123,6418378,1071032
month_exp_h1_s0,2025-04-01,month,5,0.8833752352347248,6000921,699856
month_exp_h1_s0,2025-04-01,lead_week,1,0.6745436527883497,1392580,453224
month_exp_h1_s0,2025-04-01,lead_week,2,0.8638152656125583,1494470,203524
month_exp_h1_s0,2025-04-01,lead_week,3,0.8992481470470906,1574244,158608
month_exp_h1_s0,2025-04-01,lead_week,4,0.8576900788566771,1465063,208493
month_exp_h1_s0,2025-04-01,lead_week,5,0.8508081679167274,1172343,174904
month_exp_h1_s0,2025-04-01,lead_week,6,0.8548907914682836,1170925,169912
month_exp_h1_s0,2025-04-01,lead_week,7,0.9137376287759502,1505813,129895
month_exp_h1_s0,2025-04-01,lead_week,8,0.9005410183898823,1518063,150985
month_exp_h1_s0,2025-04-01,lead_week,9,0.8922160103322265,1125798,121343
month_exp_h2_s0,2025-04-01,route,1,0.8634306835279688,1078683,147315
month_exp_h2_s0,2025-04-01,route,5,,0,0
month_exp_h2_s0,2025-04-01,route,7,0.8354943010491577,1568973,258105
month_exp_h2_s0,2025-04-01,route,11,0.8796886808051642,1802266,216833
month_exp_h2_s0,2025-04-01,route,12,0.8684779234989926,1900890,250009
month_exp_h2_s0,2025-04-01,route,17,0.8341687995935791,2682933,444914
month_exp_h2_s0,2025-04-01,route,25,0.8066033494047578,433689,83874
month_exp_h2_s0,2025-04-01,route,26,0.8502617665712411,1083217,162199
month_exp_h2_s0,2025-04-01,route,28,0.8462791371072824,607816,93434
month_exp_h2_s0,2025-04-01,route,50,0.8929127750564707,1260832,135019
month_exp_h2_s0,2025-04-01,month,4,0.8287001793911172,6418378,1099467
month_exp_h2_s0,2025-04-01,month,5,0.8846452069607316,6000921,692235
month_exp_h2_s0,2025-04-01,lead_week,1,0.6787689037613638,1392580,447340
month_exp_h2_s0,2025-04-01,lead_week,2,0.8560319042871386,1494470,215156
month_exp_h2_s0,2025-04-01,lead_week,3,0.891354834447519,1574244,171034
month_exp_h2_s0,2025-04-01,lead_week,4,0.8521776879219528,1465063,216569
month_exp_h2_s0,2025-04-01,lead_week,5,0.8551763434421495,1172343,169783
month_exp_h2_s0,2025-04-01,lead_week,6,0.86079467087986,1170925,162999
month_exp_h2_s0,2025-04-01,lead_week,7,0.9116483919318003,1505813,133041
month_exp_h2_s0,2025-04-01,lead_week,8,0.8981234639142117,1518063,154655
month_exp_h2_s0,2025-04-01,lead_week,9,0.8924096507543982,1125798,121125
month_exp_h3_s0,2025-04-01,route,1,0.8602239953721343,1078683,150774
month_exp_h3_s0,2025-04-01,route,5,,0,0
month_exp_h3_s0,2025-04-01,route,7,0.8321500752403005,1568973,263352
month_exp_h3_s0,2025-04-01,route,11,0.8799000813420439,1802266,216452
month_exp_h3_s0,2025-04-01,route,12,0.8676446296208618,1900890,251593
month_exp_h3_s0,2025-04-01,route,17,0.8333435833097584,2682933,447128
month_exp_h3_s0,2025-04-01,route,25,0.8033106673215138,433689,85302
month_exp_h3_s0,2025-04-01,route,26,0.8477516508695857,1083217,164918
month_exp_h3_s0,2025-04-01,route,28,0.8450254682338076,607816,94196
month_exp_h3_s0,2025-04-01,route,50,0.8918729854572219,1260832,136330
month_exp_h3_s0,2025-04-01,month,4,0.826346002058464,6418378,1114577
month_exp_h3_s0,2025-04-01,month,5,0.8841064563256207,6000921,695468
month_exp_h3_s0,2025-04-01,lead_week,1,0.6801225064269198,1392580,445455
month_exp_h3_s0,2025-04-01,lead_week,2,0.8523590302916753,1494470,220645
month_exp_h3_s0,2025-04-01,lead_week,3,0.8879125472290191,1574244,176453
month_exp_h3_s0,2025-04-01,lead_week,4,0.8491341327983848,1465063,221028
month_exp_h3_s0,2025-04-01,lead_week,5,0.8558416777342467,1172343,169003
month_exp_h3_s0,2025-04-01,lead_week,6,0.8620688771697589,1170925,161507
month_exp_h3_s0,2025-04-01,lead_week,7,0.9096913096114856,1505813,135988
month_exp_h3_s0,2025-04-01,lead_week,8,0.8962019362832768,1518063,157572
month_exp_h3_s0,2025-04-01,lead_week,9,0.891282450315243,1125798,122394
month_exp_h1_s1,2025-04-01,route,1,0.8701184685398768,1078683,140101
month_exp_h1_s1,2025-04-01,route,5,,0,0
month_exp_h1_s1,2025-04-01,route,7,0.8428800240666984,1568973,246517
month_exp_h1_s1,2025-04-01,route,11,0.8763723002042983,1802266,222810
month_exp_h1_s1,2025-04-01,route,12,0.8682680218213574,1900890,250408
month_exp_h1_s1,2025-04-01,route,17,0.8345281078580792,2682933,443950
month_exp_h1_s1,2025-04-01,route,25,0.8140510826882859,433689,80644
month_exp_h1_s1,2025-04-01,route,26,0.8529205136182316,1083217,159319
month_exp_h1_s1,2025-04-01,route,28,0.8484853968964292,607816,92093
month_exp_h1_s1,2025-04-01,route,50,0.8928913606253648,1260832,135046
month_exp_h1_s1,2025-04-01,month,4,0.8331304264099123,6418378,1071032
month_exp_h1_s1,2025-04-01,month,5,0.8833752352347248,6000921,699856
month_exp_h1_s1,2025-04-01,lead_week,1,0.6745436527883497,1392580,453224
month_exp_h1_s1,2025-04-01,lead_week,2,0.8638152656125583,1494470,203524
month_exp_h1_s1,2025-04-01,lead_week,3,0.8992481470470906,1574244,158608
month_exp_h1_s1,2025-04-01,lead_week,4,0.8576900788566771,1465063,208493
month_exp_h1_s1,2025-04-01,lead_week,5,0.8508081679167274,1172343,174904
month_exp_h1_s1,2025-04-01,lead_week,6,0.8548907914682836,1170925,169912
month_exp_h1_s1,2025-04-01,lead_week,7,0.9137376287759502,1505813,129895
month_exp_h1_s1,2025-04-01,lead_week,8,0.9005410183898823,1518063,150985
month_exp_h1_s1,2025-04-01,lead_week,9,0.8922160103322265,1125798,121343
month_exp_h2_s1,2025-04-01,route,1,0.8634306835279688,1078683,147315
month_exp_h2_s1,2025-04-01,route,5,,0,0
month_exp_h2_s1,2025-04-01,route,7,0.8354943010491577,1568973,258105
month_exp_h2_s1,2025-04-01,route,11,0.8796886808051642,1802266,216833
month_exp_h2_s1,2025-04-01,route,12,0.8684779234989926,1900890,250009
month_exp_h2_s1,2025-04-01,route,17,0.8341687995935791,2682933,444914
month_exp_h2_s1,2025-04-01,route,25,0.8066033494047578,433689,83874
month_exp_h2_s1,2025-04-01,route,26,0.8502617665712411,1083217,162199
month_exp_h2_s1,2025-04-01,route,28,0.8462791371072824,607816,93434
month_exp_h2_s1,2025-04-01,route,50,0.8929127750564707,1260832,135019
month_exp_h2_s1,2025-04-01,month,4,0.8287001793911172,6418378,1099467
month_exp_h2_s1,2025-04-01,month,5,0.8846452069607316,6000921,692235
month_exp_h2_s1,2025-04-01,lead_week,1,0.6787689037613638,1392580,447340
month_exp_h2_s1,2025-04-01,lead_week,2,0.8560319042871386,1494470,215156
month_exp_h2_s1,2025-04-01,lead_week,3,0.891354834447519,1574244,171034
month_exp_h2_s1,2025-04-01,lead_week,4,0.8521776879219528,1465063,216569
month_exp_h2_s1,2025-04-01,lead_week,5,0.8551763434421495,1172343,169783
month_exp_h2_s1,2025-04-01,lead_week,6,0.86079467087986,1170925,162999
month_exp_h2_s1,2025-04-01,lead_week,7,0.9116483919318003,1505813,133041
month_exp_h2_s1,2025-04-01,lead_week,8,0.8981234639142117,1518063,154655
month_exp_h2_s1,2025-04-01,lead_week,9,0.8924096507543982,1125798,121125
month_exp_h3_s1,2025-04-01,route,1,0.8602239953721343,1078683,150774
month_exp_h3_s1,2025-04-01,route,5,,0,0
month_exp_h3_s1,2025-04-01,route,7,0.8321500752403005,1568973,263352
month_exp_h3_s1,2025-04-01,route,11,0.8799000813420439,1802266,216452
month_exp_h3_s1,2025-04-01,route,12,0.8676446296208618,1900890,251593
month_exp_h3_s1,2025-04-01,route,17,0.8333435833097584,2682933,447128
month_exp_h3_s1,2025-04-01,route,25,0.8033106673215138,433689,85302
month_exp_h3_s1,2025-04-01,route,26,0.8477516508695857,1083217,164918
month_exp_h3_s1,2025-04-01,route,28,0.8450254682338076,607816,94196
month_exp_h3_s1,2025-04-01,route,50,0.8918729854572219,1260832,136330
month_exp_h3_s1,2025-04-01,month,4,0.826346002058464,6418378,1114577
month_exp_h3_s1,2025-04-01,month,5,0.8841064563256207,6000921,695468
month_exp_h3_s1,2025-04-01,lead_week,1,0.6801225064269198,1392580,445455
month_exp_h3_s1,2025-04-01,lead_week,2,0.8523590302916753,1494470,220645
month_exp_h3_s1,2025-04-01,lead_week,3,0.8879125472290191,1574244,176453
month_exp_h3_s1,2025-04-01,lead_week,4,0.8491341327983848,1465063,221028
month_exp_h3_s1,2025-04-01,lead_week,5,0.8558416777342467,1172343,169003
month_exp_h3_s1,2025-04-01,lead_week,6,0.8620688771697589,1170925,161507
month_exp_h3_s1,2025-04-01,lead_week,7,0.9096913096114856,1505813,135988
month_exp_h3_s1,2025-04-01,lead_week,8,0.8962019362832768,1518063,157572
month_exp_h3_s1,2025-04-01,lead_week,9,0.891282450315243,1125798,122394
baseline,2025-05-01,route,1,0.8658927808102065,973184,130511
baseline,2025-05-01,route,5,,0,0
baseline,2025-05-01,route,7,0.8440332356956628,1354327,211230
baseline,2025-05-01,route,11,0.8758163884577179,1728497,214651
baseline,2025-05-01,route,12,0.8647460295534694,1802631,243813
baseline,2025-05-01,route,17,0.9005903439704624,2755004,273874
baseline,2025-05-01,route,25,0.8189202997712435,389497,70530
baseline,2025-05-01,route,26,0.8217055467659583,901318,160700
baseline,2025-05-01,route,28,0.8149177825483394,535227,99061
baseline,2025-05-01,route,50,0.846553959199909,1116223,171280
baseline,2025-05-01,month,5,0.8939774411294533,6000921,636233
baseline,2025-05-01,month,6,0.8308876330403654,5554987,939417
baseline,2025-05-01,lead_week,1,0.8745943927181767,1151360,144387
baseline,2025-05-01,lead_week,2,0.8822962925582021,1188960,139945
baseline,2025-05-01,lead_week,3,0.9101445236714797,1514354,136073
baseline,2025-05-01,lead_week,4,0.9024971753198012,1518756,148083
baseline,2025-05-01,lead_week,5,0.9007525223585839,1469458,145840
baseline,2025-05-01,lead_week,6,0.8766858988232882,1404592,173206
baseline,2025-05-01,lead_week,7,0.6647114355843665,1112230,372918
baseline,2025-05-01,lead_week,8,0.8673856457816167,1327345,176025
baseline,2025-05-01,lead_week,9,0.8398198544517887,868853,139173
previous_month_mean,2025-05-01,route,1,0.8573897639089834,973184,138786
previous_month_mean,2025-05-01,route,5,,0,0
previous_month_mean,2025-05-01,route,7,0.7900942682232578,1354327,284281
previous_month_mean,2025-05-01,route,11,0.8892818442843696,1728497,191376
previous_month_mean,2025-05-01,route,12,0.8790789684633183,1802631,217976
previous_month_mean,2025-05-01,route,17,0.7753088561758894,2755004,619025
previous_month_mean,2025-05-01,route,25,0.7789944466837999,389497,86081
previous_month_mean,2025-05-01,route,26,0.7111507814112222,901318,260345
previous_month_mean,2025-05-01,route,28,0.7927141194296999,535227,110945
previous_month_mean,2025-05-01,route,50,0.8439720378454842,1116223,174162
previous_month_mean,2025-05-01,month,5,0.8399902281666431,6000921,960206
previous_month_mean,2025-05-01,month,6,0.7978805350939615,5554987,1122771
previous_month_mean,2025-05-01,lead_week,1,0.7995066703724292,1151360,230840
previous_month_mean,2025-05-01,lead_week,2,0.8105520791279774,1188960,225246
previous_month_mean,2025-05-01,lead_week,3,0.8650064648028136,1514354,204428
previous_month_mean,2025-05-01,lead_week,4,0.8632143675481776,1518756,207744
previous_month_mean,2025-05-01,lead_week,5,0.8611419992949781,1469458,204046
previous_month_mean,2025-05-01,lead_week,6,0.8203592217526513,1404592,252322
previous_month_mean,2025-05-01,lead_week,7,0.7499851649389065,1112230,278074
previous_month_mean,2025-05-01,lead_week,8,0.7960070667384892,1327345,270769
previous_month_mean,2025-05-01,lead_week,9,0.7588683010820012,868853,209508
previous_month_median,2025-05-01,route,1,0.8545475470209127,973184,141552
previous_month_median,2025-05-01,route,5,,0,0
previous_month_median,2025-05-01,route,7,0.8211982778162142,1354327,242156
previous_month_median,2025-05-01,route,11,0.8792343868690544,1728497,208743
previous_month_median,2025-05-01,route,12,0.8764528070359381,1802631,222710
previous_month_median,2025-05-01,route,17,0.7272065666692317,2755004,751547
previous_month_median,2025-05-01,route,25,0.7869585645075572,389497,82979
previous_month_median,2025-05-01,route,26,0.7544651277351612,901318,221305
previous_month_median,2025-05-01,route,28,0.8025435936527866,535227,105684
previous_month_median,2025-05-01,route,50,0.8443590572851483,1116223,173730
previous_month_median,2025-05-01,month,5,0.8352236265066646,6000921,988810
previous_month_median,2025-05-01,month,6,0.7908913198176701,5554987,1161596
previous_month_median,2025-05-01,lead_week,1,0.7813142718176764,1151360,251786
previous_month_median,2025-05-01,lead_week,2,0.7903394563315839,1188960,249278
previous_month_median,2025-05-01,lead_week,3,0.8724215077848376,1514354,193199
previous_month_median,2025-05-01,lead_week,4,0.8683060346757479,1518756,200011
previous_month_median,2025-05-01,lead_week,5,0.8591582746835909,1469458,206961
previous_month_median,2025-05-01,lead_week,6,0.823129421212708,1404592,248431
previous_month_median,2025-05-01,lead_week,7,0.7274376702660421,1112230,303152
previous_month_median,2025-05-01,lead_week,8,0.7904373015304988,1327345,278162
previous_month_median,2025-05-01,lead_week,9,0.7474532515857113,868853,219426
equal_months_2,2025-05-01,route,1,0.8677300489938182,973184,128723
equal_months_2,2025-05-01,route,5,,0,0
equal_months_2,2025-05-01,route,7,0.8308399670094445,1354327,229098
equal_months_2,2025-05-01,route,11,0.8765083190772098,1728497,213455
equal_months_2,2025-05-01,route,12,0.877547318336365,1802631,220737
equal_months_2,2025-05-01,route,17,0.8861148658949316,2755004,313754
equal_months_2,2025-05-01,route,25,0.8054850229911912,389497,75763
equal_months_2,2025-05-01,route,26,0.745725703913602,901318,229182
equal_months_2,2025-05-01,route,28,0.8116462734503305,535227,100812
equal_months_2,2025-05-01,route,50,0.8431881443044983,1116223,175037
equal_months_2,2025-05-01,month,5,0.8785221468504585,6000921,728979
equal_months_2,2025-05-01,month,6,0.8276175983850187,5554987,957582
equal_months_2,2025-05-01,lead_week,1,0.8443718732629238,1151360,179184
equal_months_2,2025-05-01,lead_week,2,0.860696743372359,1188960,165626
equal_months_2,2025-05-01,lead_week,3,0.89999762274871,1514354,151439
equal_months_2,2025-05-01,lead_week,4,0.8959997524289616,1518756,157951
equal_months_2,2025-05-01,lead_week,5,0.8858007510252079,1469458,167811
equal_months_2,2025-05-01,lead_week,6,0.8504256040188183,1404592,210091
equal_months_2,2025-05-01,lead_week,7,0.7947798566843189,1112230,228252
equal_months_2,2025-05-01,lead_week,8,0.8162843872542557,1327345,243854
equal_months_2,2025-05-01,lead_week,9,0.7901221495465861,868853,182353
equal_months_3,2025-05-01,route,1,0.8749558151387611,973184,121691
equal_months_3,2025-05-01,route,5,,0,0
equal_months_3,2025-05-01,route,7,0.8460777936200046,1354327,208461
equal_months_3,2025-05-01,route,11,0.8759153183372607,1728497,214480
equal_months_3,2025-05-01,route,12,0.8805540346304929,1802631,215317
equal_months_3,2025-05-01,route,17,0.9066142916670902,2755004,257278
equal_months_3,2025-05-01,route,25,0.8188663840799801,389497,70551
equal_months_3,2025-05-01,route,26,0.788275614156158,901318,190831
equal_months_3,2025-05-01,route,28,0.8182808415868408,535227,97261
equal_months_3,2025-05-01,route,50,0.8468549743196476,1116223,170944
equal_months_3,2025-05-01,month,5,0.8893044917605147,6000921,664275
equal_months_3,2025-05-01,month,6,0.8411267209086177,5554987,882539
equal_months_3,2025-05-01,lead_week,1,0.8586558504724847,1151360,162738
equal_months_3,2025-05-01,lead_week,2,0.8755332391333602,1188960,147986
equal_months_3,2025-05-01,lead_week,3,0.9089017495248799,1514354,137955
equal_months_3,2025-05-01,lead_week,4,0.9040708316543277,1518756,145693
equal_months_3,2025-05-01,lead_week,5,0.8934974664127862,1469458,156501
equal_months_3,2025-05-01,lead_week,6,0.8621927221570392,1404592,193563
equal_months_3,2025-05-01,lead_week,7,0.8115695494636901,1112230,209578
equal_months_3,2025-05-01,lead_week,8,0.83007281452825,1327345,225552
equal_months_3,2025-05-01,lead_week,9,0.8075071387219702,868853,167248
equal_months_6,2025-05-01,route,1,0.8844596705247929,973184,112442
equal_months_6,2025-05-01,route,5,,0,0
equal_months_6,2025-05-01,route,7,0.8618420809745357,1354327,187111
equal_months_6,2025-05-01,route,11,0.8882138644151537,1728497,193222
equal_months_6,2025-05-01,route,12,0.8829666193469434,1802631,210968
equal_months_6,2025-05-01,route,17,0.9087028548778877,2755004,251524
equal_months_6,2025-05-01,route,25,0.8290307755900559,389497,66592
equal_months_6,2025-05-01,route,26,0.8455728166973255,901318,139188
equal_months_6,2025-05-01,route,28,0.8336388111959973,535227,89041
equal_months_6,2025-05-01,route,50,0.8721402443776916,1116223,142720
equal_months_6,2025-05-01,month,5,0.8924383440475221,6000921,645469
equal_months_6,2025-05-01,month,6,0.8654652117097663,5554987,747339
equal_months_6,2025-05-01,lead_week,1,0.8762341926070039,1151360,142499
equal_months_6,2025-05-01,lead_week,2,0.8788243506930427,1188960,144073
equal_months_6,2025-05-01,lead_week,3,0.9058674523922412,1514354,142550
equal_months_6,2025-05-01,lead_week,4,0.9017353676298233,1518756,149240
equal_months_6,2025-05-01,lead_week,5,0.9013772424934908,1469458,144922
equal_months_6,2025-05-01,lead_week,6,0.8770077004567874,1404592,172754
equal_months_6,2025-05-01,lead_week,7,0.8401526662650711,1112230,177787
equal_months_6,2025-05-01,lead_week,8,0.8653048001838256,1327345,178787
equal_months_6,2025-05-01,lead_week,9,0.8386424400905561,868853,140196
equal_months_0,2025-05-01,route,1,0.8844596705247929,973184,112442
equal_months_0,2025-05-01,route,5,,0,0
equal_months_0,2025-05-01,route,7,0.8618420809745357,1354327,187111
equal_months_0,2025-05-01,route,11,0.8882138644151537,1728497,193222
equal_months_0,2025-05-01,route,12,0.8829666193469434,1802631,210968
equal_months_0,2025-05-01,route,17,0.9087028548778877,2755004,251524
equal_months_0,2025-05-01,route,25,0.8290307755900559,389497,66592
equal_months_0,2025-05-01,route,26,0.8455728166973255,901318,139188
equal_months_0,2025-05-01,route,28,0.8336388111959973,535227,89041
equal_months_0,2025-05-01,route,50,0.8721402443776916,1116223,142720
equal_months_0,2025-05-01,month,5,0.8924383440475221,6000921,645469
equal_months_0,2025-05-01,month,6,0.8654652117097663,5554987,747339
equal_months_0,2025-05-01,lead_week,1,0.8762341926070039,1151360,142499
equal_months_0,2025-05-01,lead_week,2,0.8788243506930427,1188960,144073
equal_months_0,2025-05-01,lead_week,3,0.9058674523922412,1514354,142550
equal_months_0,2025-05-01,lead_week,4,0.9017353676298233,1518756,149240
equal_months_0,2025-05-01,lead_week,5,0.9013772424934908,1469458,144922
equal_months_0,2025-05-01,lead_week,6,0.8770077004567874,1404592,172754
equal_months_0,2025-05-01,lead_week,7,0.8401526662650711,1112230,177787
equal_months_0,2025-05-01,lead_week,8,0.8653048001838256,1327345,178787
equal_months_0,2025-05-01,lead_week,9,0.8386424400905561,868853,140196
month_exp_h1_s0,2025-05-01,route,1,0.87708388136262,973184,119620
month_exp_h1_s0,2025-05-01,route,5,,0,0
month_exp_h1_s0,2025-05-01,route,7,0.8407954652015355,1354327,215615
month_exp_h1_s0,2025-05-01,route,11,0.8862618795404331,1728497,196596
month_exp_h1_s0,2025-05-01,route,12,0.8852948828684295,1802631,206771
month_exp_h1_s0,2025-05-01,route,17,0.8762306697195358,2755004,340985
month_exp_h1_s0,2025-05-01,route,25,0.8165659812527439,389497,71447
month_exp_h1_s0,2025-05-01,route,26,0.7766015989916988,901318,201353
month_exp_h1_s0,2025-05-01,route,28,0.8178137500537155,535227,97511
month_exp_h1_s0,2025-05-01,route,50,0.8557644843369112,1116223,160999
month_exp_h1_s0,2025-05-01,month,5,0.8814082038407105,6000921,711660
month_exp_h1_s0,2025-05-01,month,6,0.8381207732799375,5554987,899237
month_exp_h1_s0,2025-05-01,lead_week,1,0.8536209352418009,1151360,168535
month_exp_h1_s0,2025-05-01,lead_week,2,0.8641543870273181,1188960,161515
month_exp_h1_s0,2025-05-01,lead_week,3,0.9000207349140293,1514354,151404
month_exp_h1_s0,2025-05-01,lead_week,4,0.8963730842874036,1518756,157384
month_exp_h1_s0,2025-05-01,lead_week,5,0.8906481165164298,1469458,160688
month_exp_h1_s0,2025-05-01,lead_week,6,0.8574304851515601,1404592,200252
month_exp_h1_s0,2025-05-01,lead_week,7,0.8065786752739991,1112230,215129
month_exp_h1_s0,2025-05-01,lead_week,8,0.8307983229680301,1327345,224589
month_exp_h1_s0,2025-05-01,lead_week,9,0.8027272737735842,868853,171401
month_exp_h2_s0,2025-05-01,route,1,0.882651173878732,973184,114202
month_exp_h2_s0,2025-05-01,route,5,,0,0
month_exp_h2_s0,2025-05-01,route,7,0.854643671727729,1354327,196860
month_exp_h2_s0,2025-05-01,route,11,0.8871522484563178,1728497,195057
month_exp_h2_s0,2025-05-01,route,12,0.8851190287973523,1802631,207088
month_exp_h2_s0,2025-05-01,route,17,0.900319926940215,2755004,274619
month_exp_h2_s0,2025-05-01,route,25,0.825487744449893,389497,67972
month_exp_h2_s0,2025-05-01,route,26,0.8098739845426365,901318,171364
month_exp_h2_s0,2025-05-01,route,28,0.826060718162574,535227,93097
month_exp_h2_s0,2025-05-01,route,50,0.8637100292683451,1116223,152130
month_exp_h2_s0,2025-05-01,month,5,0.8906682824186487,6000921,656091
month_exp_h2_s0,2025-05-01,month,6,0.853051321272219,5554987,816298
month_exp_h2_s0,2025-05-01,lead_week,1,0.8682757782101167,1151360,151662
month_exp_h2_s0,2025-05-01,lead_week,2,0.8777654420670166,1188960,145332
month_exp_h2_s0,2025-05-01,lead_week,3,0.9058879231672383,1514354,142519
month_exp_h2_s0,2025-05-01,lead_week,4,0.9026328126440324,1518756,147877
month_exp_h2_s0,2025-05-01,lead_week,5,0.8980474433430558,1469458,149815
month_exp_h2_s0,2025-05-01,lead_week,6,0.8692054347454634,1404592,183713
month_exp_h2_s0,2025-05-01,lead_week,7,0.8253670553752371,1112230,194232
month_exp_h2_s0,2025-05-01,lead_week,8,0.8476974712678317,1327345,202158
month_exp_h2_s0,2025-05-01,lead_week,9,0.8215106583046845,868853,155081
month_exp_h3_s0,2025-05-01,route,1,0.884033235236091,973184,112857
month_exp_h3_s0,2025-05-01,route,5,,0,0
month_exp_h3_s0,2025-05-01,route,7,0.8580675124988278,1354327,192223
month_exp_h3_s0,2025-05-01,route,11,0.8877099584205237,1728497,194093
month_exp_h3_s0,2025-05-01,route,12,0.8846319629474917,1802631,207966
month_exp_h3_s0,2025-05-01,route,17,0.9053504096545777,2755004,260760
month_exp_h3_s0,2025-05-01,route,25,0.8274877598543763,389497,67193
month_exp_h3_s0,2025-05-01,route,26,0.8222414286633575,901318,160217
month_exp_h3_s0,2025-05-01,route,28,0.8288221633064101,535227,91619
month_exp_h3_s0,2025-05-01,route,50,0.8667022628990801,1116223,148790
month_exp_h3_s0,2025-05-01,month,5,0.8924621737230002,6000921,645326
month_exp_h3_s0,2025-05-01,month,6,0.8577148785406699,5554987,790392
month_exp_h3_s0,2025-05-01,lead_week,1,0.8721703029460812,1151360,147178
month_exp_h3_s0,2025-05-01,lead_week,2,0.8798983986004576,1188960,142796
month_exp_h3_s0,2025-05-01,lead_week,3,0.9068170322130756,1514354,141112
month_exp_h3_s0,2025-05-01,lead_week,4,0.9035855660817143,1518756,146430
month_exp_h3_s0,2025-05-01,lead_week,5,0.8998270110476108,1469458,147200
month_exp_h3_s0,2025-05-01,lead_week,6,0.8726519871962819,1404592,178872
month_exp_h3_s0,2025-05-01,lead_week,7,0.83091626731881,1112230,188060
month_exp_h3_s0,2025-05-01,lead_week,8,0.8537689899762307,1327345,194099
month_exp_h3_s0,2025-05-01,lead_week,9,0.8273919753974492,868853,149971
month_exp_h1_s1,2025-05-01,route,1,0.87708388136262,973184,119620
month_exp_h1_s1,2025-05-01,route,5,,0,0
month_exp_h1_s1,2025-05-01,route,7,0.8407954652015355,1354327,215615
month_exp_h1_s1,2025-05-01,route,11,0.8862618795404331,1728497,196596
month_exp_h1_s1,2025-05-01,route,12,0.8852948828684295,1802631,206771
month_exp_h1_s1,2025-05-01,route,17,0.8762306697195358,2755004,340985
month_exp_h1_s1,2025-05-01,route,25,0.8165659812527439,389497,71447
month_exp_h1_s1,2025-05-01,route,26,0.7766015989916988,901318,201353
month_exp_h1_s1,2025-05-01,route,28,0.8178137500537155,535227,97511
month_exp_h1_s1,2025-05-01,route,50,0.8557644843369112,1116223,160999
month_exp_h1_s1,2025-05-01,month,5,0.8814082038407105,6000921,711660
month_exp_h1_s1,2025-05-01,month,6,0.8381207732799375,5554987,899237
month_exp_h1_s1,2025-05-01,lead_week,1,0.8536209352418009,1151360,168535
month_exp_h1_s1,2025-05-01,lead_week,2,0.8641543870273181,1188960,161515
month_exp_h1_s1,2025-05-01,lead_week,3,0.9000207349140293,1514354,151404
month_exp_h1_s1,2025-05-01,lead_week,4,0.8963730842874036,1518756,157384
month_exp_h1_s1,2025-05-01,lead_week,5,0.8906481165164298,1469458,160688
month_exp_h1_s1,2025-05-01,lead_week,6,0.8574304851515601,1404592,200252
month_exp_h1_s1,2025-05-01,lead_week,7,0.8065786752739991,1112230,215129
month_exp_h1_s1,2025-05-01,lead_week,8,0.8307983229680301,1327345,224589
month_exp_h1_s1,2025-05-01,lead_week,9,0.8027272737735842,868853,171401
month_exp_h2_s1,2025-05-01,route,1,0.882651173878732,973184,114202
month_exp_h2_s1,2025-05-01,route,5,,0,0
month_exp_h2_s1,2025-05-01,route,7,0.854643671727729,1354327,196860
month_exp_h2_s1,2025-05-01,route,11,0.8871522484563178,1728497,195057
month_exp_h2_s1,2025-05-01,route,12,0.8851190287973523,1802631,207088
month_exp_h2_s1,2025-05-01,route,17,0.900319926940215,2755004,274619
month_exp_h2_s1,2025-05-01,route,25,0.825487744449893,389497,67972
month_exp_h2_s1,2025-05-01,route,26,0.8098739845426365,901318,171364
month_exp_h2_s1,2025-05-01,route,28,0.826060718162574,535227,93097
month_exp_h2_s1,2025-05-01,route,50,0.8637100292683451,1116223,152130
month_exp_h2_s1,2025-05-01,month,5,0.8906682824186487,6000921,656091
month_exp_h2_s1,2025-05-01,month,6,0.853051321272219,5554987,816298
month_exp_h2_s1,2025-05-01,lead_week,1,0.8682757782101167,1151360,151662
month_exp_h2_s1,2025-05-01,lead_week,2,0.8777654420670166,1188960,145332
month_exp_h2_s1,2025-05-01,lead_week,3,0.9058879231672383,1514354,142519
month_exp_h2_s1,2025-05-01,lead_week,4,0.9026328126440324,1518756,147877
month_exp_h2_s1,2025-05-01,lead_week,5,0.8980474433430558,1469458,149815
month_exp_h2_s1,2025-05-01,lead_week,6,0.8692054347454634,1404592,183713
month_exp_h2_s1,2025-05-01,lead_week,7,0.8253670553752371,1112230,194232
month_exp_h2_s1,2025-05-01,lead_week,8,0.8476974712678317,1327345,202158
month_exp_h2_s1,2025-05-01,lead_week,9,0.8215106583046845,868853,155081
month_exp_h3_s1,2025-05-01,route,1,0.884033235236091,973184,112857
month_exp_h3_s1,2025-05-01,route,5,,0,0
month_exp_h3_s1,2025-05-01,route,7,0.8580675124988278,1354327,192223
month_exp_h3_s1,2025-05-01,route,11,0.8877099584205237,1728497,194093
month_exp_h3_s1,2025-05-01,route,12,0.8846319629474917,1802631,207966
month_exp_h3_s1,2025-05-01,route,17,0.9053504096545777,2755004,260760
month_exp_h3_s1,2025-05-01,route,25,0.8274877598543763,389497,67193
month_exp_h3_s1,2025-05-01,route,26,0.8222414286633575,901318,160217
month_exp_h3_s1,2025-05-01,route,28,0.8288221633064101,535227,91619
month_exp_h3_s1,2025-05-01,route,50,0.8667022628990801,1116223,148790
month_exp_h3_s1,2025-05-01,month,5,0.8924621737230002,6000921,645326
month_exp_h3_s1,2025-05-01,month,6,0.8577148785406699,5554987,790392
month_exp_h3_s1,2025-05-01,lead_week,1,0.8721703029460812,1151360,147178
month_exp_h3_s1,2025-05-01,lead_week,2,0.8798983986004576,1188960,142796
month_exp_h3_s1,2025-05-01,lead_week,3,0.9068170322130756,1514354,141112
month_exp_h3_s1,2025-05-01,lead_week,4,0.9035855660817143,1518756,146430
month_exp_h3_s1,2025-05-01,lead_week,5,0.8998270110476108,1469458,147200
month_exp_h3_s1,2025-05-01,lead_week,6,0.8726519871962819,1404592,178872
month_exp_h3_s1,2025-05-01,lead_week,7,0.83091626731881,1112230,188060
month_exp_h3_s1,2025-05-01,lead_week,8,0.8537689899762307,1327345,194099
month_exp_h3_s1,2025-05-01,lead_week,9,0.8273919753974492,868853,149971
baseline,2025-06-01,route,1,0.8215136535701143,929354,165877
baseline,2025-06-01,route,5,,0,0
baseline,2025-06-01,route,7,0.552677974403101,1045361,467613
baseline,2025-06-01,route,11,0.847005008355165,1686382,258008
baseline,2025-06-01,route,12,0.8316675034636494,1738773,292692
baseline,2025-06-01,route,17,0.872082378493517,2674096,342064
baseline,2025-06-01,route,25,0.75294291428052,352032,86972
baseline,2025-06-01,route,26,0.7274647278179303,832384,226854
baseline,2025-06-01,route,28,0.7379960926827164,486779,127538
baseline,2025-06-01,route,50,0.8010746594256108,1217502,242192
baseline,2025-06-01,month,6,0.8441056657738353,5554987,865991
baseline,2025-06-01,month,7,0.7514978708043899,5407676,1343819
baseline,2025-06-01,lead_week,1,0.9001509381497722,1452913,145072
baseline,2025-06-01,lead_week,2,0.6855761378928413,1133982,356551
baseline,2025-06-01,lead_week,3,0.8856599692486233,1328721,151926
baseline,2025-06-01,lead_week,4,0.8795752062009267,1332317,160444
baseline,2025-06-01,lead_week,5,0.8569845727636175,1287917,184192
baseline,2025-06-01,lead_week,6,0.766683441878011,1214093,283268
baseline,2025-06-01,lead_week,7,0.7148816630022532,1174358,334831
baseline,2025-06-01,lead_week,8,0.6999144030406238,1164761,349528
baseline,2025-06-01,lead_week,9,0.7206985797864243,873601,243998
previous_month_mean,2025-06-01,route,1,0.8273349014476723,929354,160467
previous_month_mean,2025-06-01,route,5,,0,0
previous_month_mean,2025-06-01,route,7,0.602774543913538,1045361,415244
previous_month_mean,2025-06-01,route,11,0.8587449344217384,1686382,238210
previous_month_mean,2025-06-01,route,12,0.8457406458462375,1738773,268222
previous_month_mean,2025-06-01,route,17,0.8718007880046191,2674096,342817
previous_month_mean,2025-06-01,route,25,0.7537184119625489,352032,86699
previous_month_mean,2025-06-01,route,26,0.8117359295709672,832384,156708
previous_month_mean,2025-06-01,route,28,0.772011528845739,486779,110980
previous_month_mean,2025-06-01,route,50,0.8017268144118038,1217502,241398
previous_month_mean,2025-06-01,month,6,0.8723005112343197,5554987,709369
previous_month_mean,2025-06-01,month,7,0.7574973056817753,5407676,1311376
previous_month_mean,2025-06-01,lead_week,1,0.8818119185388251,1452913,171717
previous_month_mean,2025-06-01,lead_week,2,0.8579959822995427,1133982,161030
previous_month_mean,2025-06-01,lead_week,3,0.883705458105953,1328721,154523
previous_month_mean,2025-06-01,lead_week,4,0.8718300524574857,1332317,170763
previous_month_mean,2025-06-01,lead_week,5,0.8459178658252046,1287917,198445
previous_month_mean,2025-06-01,lead_week,6,0.7822415581013975,1214093,264379
previous_month_mean,2025-06-01,lead_week,7,0.7215057077994955,1174358,327052
previous_month_mean,2025-06-01,lead_week,8,0.7159443010196942,1164761,330857
previous_month_mean,2025-06-01,lead_week,9,0.7230097035145335,873601,241979
previous_month_median,2025-06-01,route,1,0.8283926254150733,929354,159484
previous_month_median,2025-06-01,route,5,,0,0
previous_month_median,2025-06-01,route,7,0.5687623701285967,1045361,450799
previous_month_median,2025-06-01,route,11,0.8609401665814744,1686382,234508
previous_month_median,2025-06-01,route,12,0.8446450456730119,1738773,270127
previous_month_median,2025-06-01,route,17,0.8745605991707104,2674096,335437
previous_month_median,2025-06-01,route,25,0.7425262476138532,352032,90639
previous_month_median,2025-06-01,route,26,0.7800222012917115,832384,183106
previous_month_median,2025-06-01,route,28,0.7670955402759774,486779,113373
previous_month_median,2025-06-01,route,50,0.8238409464625109,1217502,214474
previous_month_median,2025-06-01,month,6,0.8784177172691854,5554987,675388
previous_month_median,2025-06-01,month,7,0.7454435139975102,5407676,1376559
previous_month_median,2025-06-01,lead_week,1,0.905756229037802,1452913,136928
previous_month_median,2025-06-01,lead_week,2,0.8545744112340408,1133982,164910
previous_month_median,2025-06-01,lead_week,3,0.8827865293014862,1328721,155744
previous_month_median,2025-06-01,lead_week,4,0.875053759728353,1332317,166468
previous_month_median,2025-06-01,lead_week,5,0.8545869027274273,1287917,187280
previous_month_median,2025-06-01,lead_week,6,0.7651448447524201,1214093,285136
previous_month_median,2025-06-01,lead_week,7,0.7073166785596896,1174358,343715
previous_month_median,2025-06-01,lead_week,8,0.6944712262859076,1164761,355868
previous_month_median,2025-06-01,lead_week,9,0.7070768005073254,873601,255898
equal_months_2,2025-06-01,route,1,0.8179509637877493,929354,169188
equal_months_2,2025-06-01,route,5,,0,0
equal_months_2,2025-06-01,route,7,0.502627322044729,1045361,519934
equal_months_2,2025-06-01,route,11,0.8666986483489506,1686382,224797
equal_months_2,2025-06-01,route,12,0.8560019047914823,1738773,250380
equal_months_2,2025-06-01,route,17,0.8469183604477925,2674096,409355
equal_months_2,2025-06-01,route,25,0.7211247841105355,352032,98173
equal_months_2,2025-06-01,route,26,0.7004807877133631,832384,249315
equal_months_2,2025-06-01,route,28,0.7298527668613477,486779,131502
equal_months_2,2025-06-01,route,50,0.8199863326713221,1217502,219167
equal_months_2,2025-06-01,month,6,0.8542225211328127,5554987,809792
equal_months_2,2025-06-01,month,7,0.729640052399589,5407676,1462019
equal_months_2,2025-06-01,lead_week,1,0.8817059245804807,1452913,171871
equal_months_2,2025-06-01,lead_week,2,0.8208507718817406,1133982,203152
equal_months_2,2025-06-01,lead_week,3,0.8625527857240158,1328721,182629
equal_months_2,2025-06-01,lead_week,4,0.8577703354381878,1332317,189495
equal_months_2,2025-06-01,lead_week,5,0.8265874276059715,1287917,223341
equal_months_2,2025-06-01,lead_week,6,0.7482425151944703,1214093,305657
equal_months_2,2025-06-01,lead_week,7,0.6933422346507624,1174358,360126
equal_months_2,2025-06-01,lead_week,8,0.6835616920552801,1164761,368575
equal_months_2,2025-06-01,lead_week,9,0.6944085457777636,873601,266965
equal_months_3,2025-06-01,route,1,0.8097775444018103,929354,176784
equal_months_3,2025-06-01,route,5,,0,0
equal_months_3,2025-06-01,route,7,0.5117600522690248,1045361,510387
equal_months_3,2025-06-01,route,11,0.8471526617338183,1686382,257759
equal_months_3,2025-06-01,route,12,0.836231641508121,1738773,284756
equal_months_3,2025-06-01,route,17,0.8720595670462092,2674096,342125
equal_months_3,2025-06-01,route,25,0.7220479956367603,352032,97848
equal_months_3,2025-06-01,route,26,0.6777184568660618,832384,268262
equal_months_3,2025-06-01,route,28,0.7290823967344524,486779,131877
equal_months_3,2025-06-01,route,50,0.8083075017535906,1217502,233386
equal_months_3,2025-06-01,month,6,0.8578932767979475,5554987,789401
equal_months_3,2025-06-01,month,7,0.72006773334793,5407676,1513783
equal_months_3,2025-06-01,lead_week,1,0.8929288952607624,1452913,155565
equal_months_3,2025-06-01,lead_week,2,0.8270193001299844,1133982,196157
equal_months_3,2025-06-01,lead_week,3,0.8593993772959109,1328721,186819
equal_months_3,2025-06-01,lead_week,4,0.8570227656030809,1332317,190491
equal_months_3,2025-06-01,lead_week,5,0.8262566609494245,1287917,223767
equal_months_3,2025-06-01,lead_week,6,0.7339915475997308,1214093,322959
equal_months_3,2025-06-01,lead_week,7,0.6848746293719632,1174358,370070
equal_months_3,2025-06-01,lead_week,8,0.6707624997746319,1164761,383483
equal_months_3,2025-06-01,lead_week,9,0.68650104567188,873601,273873
equal_months_6,2025-06-01,route,1,0.8401803833630672,929354,148529
equal_months_6,2025-06-01,route,5,,0,0
equal_months_6,2025-06-01,route,7,0.5712285038374303,1045361,448221
equal_months_6,2025-06-01,route,11,0.8562223742900481,1686382,242464
equal_months_6,2025-06-01,route,12,0.8486559200079596,1738773,263153
equal_months_6,2025-06-01,route,17,0.8805353285745912,2674096,319460
equal_months_6,2025-06-01,route,25,0.7629278020179984,352032,83457
equal_months_6,2025-06-01,route,26,0.7454203829002,832384,211908
equal_months_6,2025-06-01,route,28,0.755016136686258,486779,119253
equal_months_6,2025-06-01,route,50,0.8218417711018133,1217502,216908
equal_months_6,2025-06-01,month,6,0.8754173502116207,5554987,692055
equal_months_6,2025-06-01,month,7,0.7482656135463737,5407676,1361298
equal_months_6,2025-06-01,lead_week,1,0.9007277104685553,1452913,144234
equal_months_6,2025-06-01,lead_week,2,0.8425248372549123,1133982,178574
equal_months_6,2025-06-01,lead_week,3,0.8827940553359208,1328721,155734
equal_months_6,2025-06-01,lead_week,4,0.8780635539439938,1332317,162458
equal_months_6,2025-06-01,lead_week,5,0.854369497413265,1287917,187560
equal_months_6,2025-06-01,lead_week,6,0.7631515872342564,1214093,287556
equal_months_6,2025-06-01,lead_week,7,0.7120443680717464,1174358,338163
equal_months_6,2025-06-01,lead_week,8,0.6967463711439514,1164761,353218
equal_months_6,2025-06-01,lead_week,9,0.7185717507191498,873601,245856
equal_months_0,2025-06-01,route,1,0.8401803833630672,929354,148529
equal_months_0,2025-06-01,route,5,,0,0
equal_months_0,2025-06-01,route,7,0.5712285038374303,1045361,448221
equal_months_0,2025-06-01,route,11,0.8562223742900481,1686382,242464
equal_months_0,2025-06-01,route,12,0.8486559200079596,1738773,263153
equal_months_0,2025-06-01,route,17,0.8805353285745912,2674096,319460
equal_months_0,2025-06-01,route,25,0.7629278020179984,352032,83457
equal_months_0,2025-06-01,route,26,0.7454203829002,832384,211908
equal_months_0,2025-06-01,route,28,0.755016136686258,486779,119253
equal_months_0,2025-06-01,route,50,0.8218417711018133,1217502,216908
equal_months_0,2025-06-01,month,6,0.8754173502116207,5554987,692055
equal_months_0,2025-06-01,month,7,0.7482656135463737,5407676,1361298
equal_months_0,2025-06-01,lead_week,1,0.9007277104685553,1452913,144234
equal_months_0,2025-06-01,lead_week,2,0.8425248372549123,1133982,178574
equal_months_0,2025-06-01,lead_week,3,0.8827940553359208,1328721,155734
equal_months_0,2025-06-01,lead_week,4,0.8780635539439938,1332317,162458
equal_months_0,2025-06-01,lead_week,5,0.854369497413265,1287917,187560
equal_months_0,2025-06-01,lead_week,6,0.7631515872342564,1214093,287556
equal_months_0,2025-06-01,lead_week,7,0.7120443680717464,1174358,338163
equal_months_0,2025-06-01,lead_week,8,0.6967463711439514,1164761,353218
equal_months_0,2025-06-01,lead_week,9,0.7185717507191498,873601,245856
month_exp_h1_s0,2025-06-01,route,1,0.8311762794371144,929354,156897
month_exp_h1_s0,2025-06-01,route,5,,0,0
month_exp_h1_s0,2025-06-01,route,7,0.5510326097874323,1045361,469333
month_exp_h1_s0,2025-06-01,route,11,0.8631798726504434,1686382,230731
month_exp_h1_s0,2025-06-01,route,12,0.8532936731821807,1738773,255089
month_exp_h1_s0,2025-06-01,route,17,0.879671859200268,2674096,321769
month_exp_h1_s0,2025-06-01,route,25,0.7434182119807291,352032,90325
month_exp_h1_s0,2025-06-01,route,26,0.7407831001076426,832384,215768
month_exp_h1_s0,2025-06-01,route,28,0.7510122663467405,486779,121202
month_exp_h1_s0,2025-06-01,route,50,0.8198368462639076,1217502,219349
month_exp_h1_s0,2025-06-01,month,6,0.8728690094144235,5554987,706211
month_exp_h1_s0,2025-06-01,month,7,0.745870129793279,5407676,1374252
month_exp_h1_s0,2025-06-01,lead_week,1,0.8967501839408141,1452913,150013
month_exp_h1_s0,2025-06-01,lead_week,2,0.8426165494690392,1133982,178470
month_exp_h1_s0,2025-06-01,lead_week,3,0.881203804259886,1328721,157847
month_exp_h1_s0,2025-06-01,lead_week,4,0.8757495400869313,1332317,165541
month_exp_h1_s0,2025-06-01,lead_week,5,0.8474645493459594,1287917,196453
month_exp_h1_s0,2025-06-01,lead_week,6,0.7623122775602857,1214093,288575
month_exp_h1_s0,2025-06-01,lead_week,7,0.7105925109719524,1174358,339868
month_exp_h1_s0,2025-06-01,lead_week,8,0.699415588262313,1164761,350109
month_exp_h1_s0,2025-06-01,lead_week,9,0.7097221729370731,873601,253587
month_exp_h2_s0,2025-06-01,route,1,0.832652573723253,929354,155525
month_exp_h2_s0,2025-06-01,route,5,,0,0
month_exp_h2_s0,2025-06-01,route,7,0.5529888717868756,1045361,467288
month_exp_h2_s0,2025-06-01,route,11,0.8590930168846679,1686382,237623
month_exp_h2_s0,2025-06-01,route,12,0.8512301490763889,1738773,258677
month_exp_h2_s0,2025-06-01,route,17,0.880999036683799,2674096,318220
month_exp_h2_s0,2025-06-01,route,25,0.7486080810835378,352032,88498
month_exp_h2_s0,2025-06-01,route,26,0.7324552129786253,832384,222700
month_exp_h2_s0,2025-06-01,route,28,0.7487155362084231,486779,122320
month_exp_h2_s0,2025-06-01,route,50,0.8201464966792662,1217502,218972
month_exp_h2_s0,2025-06-01,month,6,0.8734943934162223,5554987,702737
month_exp_h2_s0,2025-06-01,month,7,0.743496836718768,5407676,1387086
month_exp_h2_s0,2025-06-01,lead_week,1,0.9002727623746226,1452913,144895
month_exp_h2_s0,2025-06-01,lead_week,2,0.8421341784966605,1133982,179017
month_exp_h2_s0,2025-06-01,lead_week,3,0.8800101751985556,1328721,159433
month_exp_h2_s0,2025-06-01,lead_week,4,0.8755273707383453,1332317,165837
month_exp_h2_s0,2025-06-01,lead_week,5,0.8486307735669302,1287917,194951
month_exp_h2_s0,2025-06-01,lead_week,6,0.75881336932179,1214093,292823
month_exp_h2_s0,2025-06-01,lead_week,7,0.7079101943359691,1174358,343018
month_exp_h2_s0,2025-06-01,lead_week,8,0.693883122803734,1164761,356553
month_exp_h2_s0,2025-06-01,lead_week,9,0.710055276951377,873601,253296
month_exp_h3_s0,2025-06-01,route,1,0.8343709716641883,929354,153928
month_exp_h3_s0,2025-06-01,route,5,,0,0
month_exp_h3_s0,2025-06-01,route,7,0.5573787428457728,1045361,462699
month_exp_h3_s0,2025-06-01,route,11,0.8577937857496107,1686382,239814
month_exp_h3_s0,2025-06-01,route,12,0.8502685514440356,1738773,260349
month_exp_h3_s0,2025-06-01,route,17,0.8814073989864238,2674096,317128
month_exp_h3_s0,2025-06-01,route,25,0.7524344377783838,352032,87151
month_exp_h3_s0,2025-06-01,route,26,0.7340266031062587,832384,221392
month_exp_h3_s0,2025-06-01,route,28,0.7498187062301374,486779,121783
month_exp_h3_s0,2025-06-01,route,50,0.8203501924432157,1217502,218724
month_exp_h3_s0,2025-06-01,month,6,0.8741131167363668,5554987,699300
month_exp_h3_s0,2025-06-01,month,7,0.7441289012137562,5407676,1383668
month_exp_h3_s0,2025-06-01,lead_week,1,0.9011496214845623,1452913,143621
month_exp_h3_s0,2025-06-01,lead_week,2,0.8421474062198518,1133982,179002
month_exp_h3_s0,2025-06-01,lead_week,3,0.8804993674368058,1328721,158783
month_exp_h3_s0,2025-06-01,lead_week,4,0.8761653570434064,1332317,164987
month_exp_h3_s0,2025-06-01,lead_week,5,0.8500765189061097,1287917,193089
month_exp_h3_s0,2025-06-01,lead_week,6,0.7591889583417415,1214093,292367
month_exp_h3_s0,2025-06-01,lead_week,7,0.7083376619395448,1174358,342516
month_exp_h3_s0,2025-06-01,lead_week,8,0.6936633352249947,1164761,356809
month_exp_h3_s0,2025-06-01,lead_week,9,0.711774597327613,873601,251794
month_exp_h1_s1,2025-06-01,route,1,0.8311762794371144,929354,156897
month_exp_h1_s1,2025-06-01,route,5,,0,0
month_exp_h1_s1,2025-06-01,route,7,0.5510326097874323,1045361,469333
month_exp_h1_s1,2025-06-01,route,11,0.8631798726504434,1686382,230731
month_exp_h1_s1,2025-06-01,route,12,0.8532936731821807,1738773,255089
month_exp_h1_s1,2025-06-01,route,17,0.879671859200268,2674096,321769
month_exp_h1_s1,2025-06-01,route,25,0.7434182119807291,352032,90325
month_exp_h1_s1,2025-06-01,route,26,0.7407831001076426,832384,215768
month_exp_h1_s1,2025-06-01,route,28,0.7510122663467405,486779,121202
month_exp_h1_s1,2025-06-01,route,50,0.8198368462639076,1217502,219349
month_exp_h1_s1,2025-06-01,month,6,0.8728690094144235,5554987,706211
month_exp_h1_s1,2025-06-01,month,7,0.745870129793279,5407676,1374252
month_exp_h1_s1,2025-06-01,lead_week,1,0.8967501839408141,1452913,150013
month_exp_h1_s1,2025-06-01,lead_week,2,0.8426165494690392,1133982,178470
month_exp_h1_s1,2025-06-01,lead_week,3,0.881203804259886,1328721,157847
month_exp_h1_s1,2025-06-01,lead_week,4,0.8757495400869313,1332317,165541
month_exp_h1_s1,2025-06-01,lead_week,5,0.8474645493459594,1287917,196453
month_exp_h1_s1,2025-06-01,lead_week,6,0.7623122775602857,1214093,288575
month_exp_h1_s1,2025-06-01,lead_week,7,0.7105925109719524,1174358,339868
month_exp_h1_s1,2025-06-01,lead_week,8,0.699415588262313,1164761,350109
month_exp_h1_s1,2025-06-01,lead_week,9,0.7097221729370731,873601,253587
month_exp_h2_s1,2025-06-01,route,1,0.832652573723253,929354,155525
month_exp_h2_s1,2025-06-01,route,5,,0,0
month_exp_h2_s1,2025-06-01,route,7,0.5529888717868756,1045361,467288
month_exp_h2_s1,2025-06-01,route,11,0.8590930168846679,1686382,237623
month_exp_h2_s1,2025-06-01,route,12,0.8512301490763889,1738773,258677
month_exp_h2_s1,2025-06-01,route,17,0.880999036683799,2674096,318220
month_exp_h2_s1,2025-06-01,route,25,0.7486080810835378,352032,88498
month_exp_h2_s1,2025-06-01,route,26,0.7324552129786253,832384,222700
month_exp_h2_s1,2025-06-01,route,28,0.7487155362084231,486779,122320
month_exp_h2_s1,2025-06-01,route,50,0.8201464966792662,1217502,218972
month_exp_h2_s1,2025-06-01,month,6,0.8734943934162223,5554987,702737
month_exp_h2_s1,2025-06-01,month,7,0.743496836718768,5407676,1387086
month_exp_h2_s1,2025-06-01,lead_week,1,0.9002727623746226,1452913,144895
month_exp_h2_s1,2025-06-01,lead_week,2,0.8421341784966605,1133982,179017
month_exp_h2_s1,2025-06-01,lead_week,3,0.8800101751985556,1328721,159433
month_exp_h2_s1,2025-06-01,lead_week,4,0.8755273707383453,1332317,165837
month_exp_h2_s1,2025-06-01,lead_week,5,0.8486307735669302,1287917,194951
month_exp_h2_s1,2025-06-01,lead_week,6,0.75881336932179,1214093,292823
month_exp_h2_s1,2025-06-01,lead_week,7,0.7079101943359691,1174358,343018
month_exp_h2_s1,2025-06-01,lead_week,8,0.693883122803734,1164761,356553
month_exp_h2_s1,2025-06-01,lead_week,9,0.710055276951377,873601,253296
month_exp_h3_s1,2025-06-01,route,1,0.8343709716641883,929354,153928
month_exp_h3_s1,2025-06-01,route,5,,0,0
month_exp_h3_s1,2025-06-01,route,7,0.5573787428457728,1045361,462699
month_exp_h3_s1,2025-06-01,route,11,0.8577937857496107,1686382,239814
month_exp_h3_s1,2025-06-01,route,12,0.8502685514440356,1738773,260349
month_exp_h3_s1,2025-06-01,route,17,0.8814073989864238,2674096,317128
month_exp_h3_s1,2025-06-01,route,25,0.7524344377783838,352032,87151
month_exp_h3_s1,2025-06-01,route,26,0.7340266031062587,832384,221392
month_exp_h3_s1,2025-06-01,route,28,0.7498187062301374,486779,121783
month_exp_h3_s1,2025-06-01,route,50,0.8203501924432157,1217502,218724
month_exp_h3_s1,2025-06-01,month,6,0.8741131167363668,5554987,699300
month_exp_h3_s1,2025-06-01,month,7,0.7441289012137562,5407676,1383668
month_exp_h3_s1,2025-06-01,lead_week,1,0.9011496214845623,1452913,143621
month_exp_h3_s1,2025-06-01,lead_week,2,0.8421474062198518,1133982,179002
month_exp_h3_s1,2025-06-01,lead_week,3,0.8804993674368058,1328721,158783
month_exp_h3_s1,2025-06-01,lead_week,4,0.8761653570434064,1332317,164987
month_exp_h3_s1,2025-06-01,lead_week,5,0.8500765189061097,1287917,193089
month_exp_h3_s1,2025-06-01,lead_week,6,0.7591889583417415,1214093,292367
month_exp_h3_s1,2025-06-01,lead_week,7,0.7083376619395448,1174358,342516
month_exp_h3_s1,2025-06-01,lead_week,8,0.6936633352249947,1164761,356809
month_exp_h3_s1,2025-06-01,lead_week,9,0.711774597327613,873601,251794
baseline,2025-07-01,route,1,0.8702888430759681,902220,117028
baseline,2025-07-01,route,5,,0,0
baseline,2025-07-01,route,7,0.42951010688324387,863372,492545
baseline,2025-07-01,route,11,0.8686327860180763,1644695,216059
baseline,2025-07-01,route,12,0.8749484230530066,1720730,215180
baseline,2025-07-01,route,17,0.8997814904945542,2656635,266244
baseline,2025-07-01,route,25,0.7569104762820436,332828,80907
baseline,2025-07-01,route,26,0.8379920079289426,792035,128316
baseline,2025-07-01,route,28,0.7942238030382858,457429,94128
baseline,2025-07-01,route,50,0.767641456527271,1214313,282156
baseline,2025-07-01,month,7,0.8062468979280564,5407676,1047754
baseline,2025-07-01,month,8,0.8368017423082919,5176581,844809
baseline,2025-07-01,lead_week,1,0.8979907929599734,1300961,132710
baseline,2025-07-01,lead_week,2,0.8014780248351252,1188478,235939
baseline,2025-07-01,lead_week,3,0.750375241752693,1154589,288214
baseline,2025-07-01,lead_week,4,0.7795468215678274,1188715,262056
baseline,2025-07-01,lead_week,5,0.761977788030073,1163967,277050
baseline,2025-07-01,lead_week,6,0.7875251983628699,1178648,250433
baseline,2025-07-01,lead_week,7,0.8521336153375634,1199982,177437
baseline,2025-07-01,lead_week,8,0.8669243426031761,1222207,162646
baseline,2025-07-01,lead_week,9,0.8924932350944046,986710,106078
previous_month_mean,2025-07-01,route,1,0.8657988073862251,902220,121079
previous_month_mean,2025-07-01,route,5,,0,0
previous_month_mean,2025-07-01,route,7,0.44849728738017913,863372,476152
previous_month_mean,2025-07-01,route,11,0.8627240917008929,1644695,225777
previous_month_mean,2025-07-01,route,12,0.8739290882358068,1720730,216934
previous_month_mean,2025-07-01,route,17,0.8882605250627204,2656635,296851
previous_month_mean,2025-07-01,route,25,0.7540291081279219,332828,81866
previous_month_mean,2025-07-01,route,26,0.8433440441394635,792035,124077
previous_month_mean,2025-07-01,route,28,0.7929099379357234,457429,94729
previous_month_mean,2025-07-01,route,50,0.7496716250258377,1214313,303977
previous_month_mean,2025-07-01,month,7,0.8003164390766015,5407676,1079824
previous_month_mean,2025-07-01,month,8,0.8335546183861511,5176581,861618
previous_month_mean,2025-07-01,lead_week,1,0.8834453915221132,1300961,151633
previous_month_mean,2025-07-01,lead_week,2,0.7978927670516408,1188478,240200
previous_month_mean,2025-07-01,lead_week,3,0.7456766000715407,1154589,293639
previous_month_mean,2025-07-01,lead_week,4,0.7796435646896018,1188715,261941
previous_month_mean,2025-07-01,lead_week,5,0.7625903483518004,1163967,276337
previous_month_mean,2025-07-01,lead_week,6,0.786368788645974,1178648,251796
previous_month_mean,2025-07-01,lead_week,7,0.8526277894168413,1199982,176844
previous_month_mean,2025-07-01,lead_week,8,0.864827316485669,1222207,165209
previous_month_mean,2025-07-01,lead_week,9,0.8744889582552118,986710,123843
previous_month_median,2025-07-01,route,1,0.8575214470971604,902220,128547
previous_month_median,2025-07-01,route,5,,0,0
previous_month_median,2025-07-01,route,7,0.42470568885717863,863372,496693
previous_month_median,2025-07-01,route,11,0.8633296751069347,1644695,224781
previous_month_median,2025-07-01,route,12,0.862697808488258,1720730,236260
previous_month_median,2025-07-01,route,17,0.8887626640468111,2656635,295517
previous_month_median,2025-07-01,route,25,0.7488372372516736,332828,83594
previous_month_median,2025-07-01,route,26,0.8364718730864167,792035,129520
previous_month_median,2025-07-01,route,28,0.8013287307975664,457429,90878
previous_month_median,2025-07-01,route,50,0.7653125676823027,1214313,284984
previous_month_median,2025-07-01,month,7,0.7989097349767257,5407676,1087431
previous_month_median,2025-07-01,month,8,0.8293578329016777,5176581,883343
previous_month_median,2025-07-01,lead_week,1,0.892952209943265,1300961,139265
previous_month_median,2025-07-01,lead_week,2,0.794865365618884,1188478,243798
previous_month_median,2025-07-01,lead_week,3,0.7402963305557215,1154589,299851
previous_month_median,2025-07-01,lead_week,4,0.7732013140239671,1188715,269599
previous_month_median,2025-07-01,lead_week,5,0.7572843559997835,1163967,282513
previous_month_median,2025-07-01,lead_week,6,0.7775434226333902,1178648,262198
previous_month_median,2025-07-01,lead_week,7,0.8427109739979433,1199982,188744
previous_month_median,2025-07-01,lead_week,8,0.8575257710027844,1222207,174133
previous_month_median,2025-07-01,lead_week,9,0.8878363450253874,986710,110673
equal_months_2,2025-07-01,route,1,0.8427778147236815,902220,141849
equal_months_2,2025-07-01,route,5,,0,0
equal_months_2,2025-07-01,route,7,0.3986636119772242,863372,519177
equal_months_2,2025-07-01,route,11,0.8552540136621076,1644695,238063
equal_months_2,2025-07-01,route,12,0.8607178348724088,1720730,239667
equal_months_2,2025-07-01,route,17,0.8788531356396343,2656635,321843
equal_months_2,2025-07-01,route,25,0.7380839352458326,332828,87173
equal_months_2,2025-07-01,route,26,0.8097520942887625,792035,150683
equal_months_2,2025-07-01,route,28,0.7607388250417004,457429,109445
equal_months_2,2025-07-01,route,50,0.7463257002107364,1214313,308040
equal_months_2,2025-07-01,month,7,0.7827515923661107,5407676,1174809
equal_months_2,2025-07-01,month,8,0.8181944801018278,5176581,941131
equal_months_2,2025-07-01,lead_week,1,0.8702566794853958,1300961,168791
equal_months_2,2025-07-01,lead_week,2,0.7776332418437699,1188478,264278
equal_months_2,2025-07-01,lead_week,3,0.7275125607467245,1154589,314611
equal_months_2,2025-07-01,lead_week,4,0.7614777301539898,1188715,283535
equal_months_2,2025-07-01,lead_week,5,0.7456018942117775,1163967,296111
equal_months_2,2025-07-01,lead_week,6,0.7696462387413375,1178648,271506
equal_months_2,2025-07-01,lead_week,7,0.8340008433459836,1199982,199196
equal_months_2,2025-07-01,lead_week,8,0.8491458484528398,1222207,184375
equal_months_2,2025-07-01,lead_week,9,0.8646643897396398,986710,133537
equal_months_3,2025-07-01,route,1,0.821612245350358,902220,160945
equal_months_3,2025-07-01,route,5,,0,0
equal_months_3,2025-07-01,route,7,0.2691620761386748,863372,630985
equal_months_3,2025-07-01,route,11,0.8530165167401859,1644695,241743
equal_months_3,2025-07-01,route,12,0.861635468667368,1720730,238088
equal_months_3,2025-07-01,route,17,0.8637298688001928,2656635,362020
equal_months_3,2025-07-01,route,25,0.6931688439674546,332828,102122
equal_months_3,2025-07-01,route,26,0.7044410916184259,792035,234093
equal_months_3,2025-07-01,route,28,0.7104337503743751,457429,132456
equal_months_3,2025-07-01,route,50,0.7567538188259535,1214313,295377
equal_months_3,2025-07-01,month,7,0.7604035448869348,5407676,1295660
equal_months_3,2025-07-01,month,8,0.7870855300052293,5176581,1102169
equal_months_3,2025-07-01,lead_week,1,0.8528902864882191,1300961,191384
equal_months_3,2025-07-01,lead_week,2,0.7523597407777005,1188478,294315
equal_months_3,2025-07-01,lead_week,3,0.7069623909460423,1154589,338338
equal_months_3,2025-07-01,lead_week,4,0.7350836828003349,1188715,314910
equal_months_3,2025-07-01,lead_week,5,0.7118543738782972,1163967,335392
equal_months_3,2025-07-01,lead_week,6,0.7378852719386959,1178648,308941
equal_months_3,2025-07-01,lead_week,7,0.7962727774249947,1199982,244469
equal_months_3,2025-07-01,lead_week,8,0.8143816882082986,1222207,226864
equal_months_3,2025-07-01,lead_week,9,0.8548550232591137,986710,143216
equal_months_6,2025-07-01,route,1,0.8239010440912415,902220,158880
equal_months_6,2025-07-01,route,5,,0,0
equal_months_6,2025-07-01,route,7,0.31536927303642004,863372,591091
equal_months_6,2025-07-01,route,11,0.83684816941743,1644695,268335
equal_months_6,2025-07-01,route,12,0.841386504564923,1720730,272931
equal_months_6,2025-07-01,route,17,0.8812580576556434,2656635,315454
equal_months_6,2025-07-01,route,25,0.7199544509476365,332828,93207
equal_months_6,2025-07-01,route,26,0.7069763331165921,792035,232085
equal_months_6,2025-07-01,route,28,0.7074802865581324,457429,133807
equal_months_6,2025-07-01,route,50,0.752500384991349,1214313,300542
equal_months_6,2025-07-01,month,7,0.7624426833264419,5407676,1284633
equal_months_6,2025-07-01,month,8,0.791039877478977,5176581,1081699
equal_months_6,2025-07-01,lead_week,1,0.8665355840797687,1300961,173632
equal_months_6,2025-07-01,lead_week,2,0.7479372777619779,1188478,299571
equal_months_6,2025-07-01,lead_week,3,0.7082251779637603,1154589,336880
equal_months_6,2025-07-01,lead_week,4,0.7307024812507623,1188715,320118
equal_months_6,2025-07-01,lead_week,5,0.7133939364260327,1163967,333600
equal_months_6,2025-07-01,lead_week,6,0.7386760084435726,1178648,308009
equal_months_6,2025-07-01,lead_week,7,0.8005878421509656,1199982,239291
equal_months_6,2025-07-01,lead_week,8,0.8190977469446665,1222207,221100
equal_months_6,2025-07-01,lead_week,9,0.8640623891518278,986710,134131
equal_months_0,2025-07-01,route,1,0.8239010440912415,902220,158880
equal_months_0,2025-07-01,route,5,,0,0
equal_months_0,2025-07-01,route,7,0.31536927303642004,863372,591091
equal_months_0,2025-07-01,route,11,0.83684816941743,1644695,268335
equal_months_0,2025-07-01,route,12,0.841386504564923,1720730,272931
equal_months_0,2025-07-01,route,17,0.8812580576556434,2656635,315454
equal_months_0,2025-07-01,route,25,0.7199544509476365,332828,93207
equal_months_0,2025-07-01,route,26,0.7069763331165921,792035,232085
equal_months_0,2025-07-01,route,28,0.7074802865581324,457429,133807
equal_months_0,2025-07-01,route,50,0.752500384991349,1214313,300542
equal_months_0,2025-07-01,month,7,0.7624426833264419,5407676,1284633
equal_months_0,2025-07-01,month,8,0.791039877478977,5176581,1081699
equal_months_0,2025-07-01,lead_week,1,0.8665355840797687,1300961,173632
equal_months_0,2025-07-01,lead_week,2,0.7479372777619779,1188478,299571
equal_months_0,2025-07-01,lead_week,3,0.7082251779637603,1154589,336880
equal_months_0,2025-07-01,lead_week,4,0.7307024812507623,1188715,320118
equal_months_0,2025-07-01,lead_week,5,0.7133939364260327,1163967,333600
equal_months_0,2025-07-01,lead_week,6,0.7386760084435726,1178648,308009
equal_months_0,2025-07-01,lead_week,7,0.8005878421509656,1199982,239291
equal_months_0,2025-07-01,lead_week,8,0.8190977469446665,1222207,221100
equal_months_0,2025-07-01,lead_week,9,0.8640623891518278,986710,134131
month_exp_h1_s0,2025-07-01,route,1,0.8431746137305757,902220,141491
month_exp_h1_s0,2025-07-01,route,5,,0,0
month_exp_h1_s0,2025-07-01,route,7,0.3555373581723753,863372,556411
month_exp_h1_s0,2025-07-01,route,11,0.8552303010588589,1644695,238102
month_exp_h1_s0,2025-07-01,route,12,0.8644505529629867,1720730,233244
month_exp_h1_s0,2025-07-01,route,17,0.8851065351469057,2656635,305230
month_exp_h1_s0,2025-07-01,route,25,0.7258764286658574,332828,91236
month_exp_h1_s0,2025-07-01,route,26,0.7696427556863017,792035,182451
month_exp_h1_s0,2025-07-01,route,28,0.7500617582182153,457429,114329
month_exp_h1_s0,2025-07-01,route,50,0.7573113357099859,1214313,294700
month_exp_h1_s0,2025-07-01,month,7,0.780693406927486,5407676,1185939
month_exp_h1_s0,2025-07-01,month,8,0.812375195133622,5176581,971255
month_exp_h1_s0,2025-07-01,lead_week,1,0.8742598740469545,1300961,163583
month_exp_h1_s0,2025-07-01,lead_week,2,0.771553196609445,1188478,271504
month_exp_h1_s0,2025-07-01,lead_week,3,0.7275038996560681,1154589,314621
month_exp_h1_s0,2025-07-01,lead_week,4,0.7559995457279499,1188715,290047
month_exp_h1_s0,2025-07-01,lead_week,5,0.7370741610372116,1163967,306037
month_exp_h1_s0,2025-07-01,lead_week,6,0.7617252988169496,1178648,280842
month_exp_h1_s0,2025-07-01,lead_week,7,0.8249607077439495,1199982,210044
month_exp_h1_s0,2025-07-01,lead_week,8,0.8407479256787107,1222207,194639
month_exp_h1_s0,2025-07-01,lead_week,9,0.872427562303007,986710,125877
month_exp_h2_s0,2025-07-01,route,1,0.8318425661146949,902220,151715
month_exp_h2_s0,2025-07-01,route,5,,0,0
month_exp_h2_s0,2025-07-01,route,7,0.3218021895544446,863372,585537
month_exp_h2_s0,2025-07-01,route,11,0.8475145847710366,1644695,250792
month_exp_h2_s0,2025-07-01,route,12,0.8550713941176129,1720730,249383
month_exp_h2_s0,2025-07-01,route,17,0.8841444157740902,2656635,307786
month_exp_h2_s0,2025-07-01,route,25,0.7160845842296922,332828,94495
month_exp_h2_s0,2025-07-01,route,26,0.7301697525993169,792035,213715
month_exp_h2_s0,2025-07-01,route,28,0.7256645293586546,457429,125489
month_exp_h2_s0,2025-07-01,route,50,0.7564482962794601,1214313,295748
month_exp_h2_s0,2025-07-01,month,7,0.7704603604210015,5407676,1241276
month_exp_h2_s0,2025-07-01,month,8,0.8003732579476686,5176581,1033384
month_exp_h2_s0,2025-07-01,lead_week,1,0.8700406853087833,1300961,169072
month_exp_h2_s0,2025-07-01,lead_week,2,0.7587393287885851,1188478,286733
month_exp_h2_s0,2025-07-01,lead_week,3,0.7165398249940023,1154589,327280
month_exp_h2_s0,2025-07-01,lead_week,4,0.7424243826316652,1188715,306184
month_exp_h2_s0,2025-07-01,lead_week,5,0.7236038478754123,1163967,321716
month_exp_h2_s0,2025-07-01,lead_week,6,0.7484940372358838,1178648,296437
month_exp_h2_s0,2025-07-01,lead_week,7,0.8101713192364552,1199982,227791
month_exp_h2_s0,2025-07-01,lead_week,8,0.827816400986085,1222207,210444
month_exp_h2_s0,2025-07-01,lead_week,9,0.869259458199471,986710,129003
month_exp_h3_s0,2025-07-01,route,1,0.8279953891512049,902220,155186
month_exp_h3_s0,2025-07-01,route,5,,0,0
month_exp_h3_s0,2025-07-01,route,7,0.3149071315724855,863372,591490
month_exp_h3_s0,2025-07-01,route,11,0.8439066209844378,1644695,256726
month_exp_h3_s0,2025-07-01,route,12,0.8506273500200496,1720730,257030
month_exp_h3_s0,2025-07-01,route,17,0.8833479194544979,2656635,309902
month_exp_h3_s0,2025-07-01,route,25,0.7149939307990913,332828,94858
month_exp_h3_s0,2025-07-01,route,26,0.7189467637162499,792035,222604
month_exp_h3_s0,2025-07-01,route,28,0.7178447365602094,457429,129066
month_exp_h3_s0,2025-07-01,route,50,0.7551496195791365,1214313,297325
month_exp_h3_s0,2025-07-01,month,7,0.7670021280860762,5407676,1259977
month_exp_h3_s0,2025-07-01,month,8,0.796350139213508,5176581,1054210
month_exp_h3_s0,2025-07-01,lead_week,1,0.8684995168955871,1300961,171077
month_exp_h3_s0,2025-07-01,lead_week,2,0.754455698801324,1188478,291824
month_exp_h3_s0,2025-07-01,lead_week,3,0.712972321752589,1154589,331399
month_exp_h3_s0,2025-07-01,lead_week,4,0.7374551511506122,1188715,312091
month_exp_h3_s0,2025-07-01,lead_week,5,0.7191561272785225,1163967,326893
month_exp_h3_s0,2025-07-01,lead_week,6,0.7440643856350666,1178648,301658
month_exp_h3_s0,2025-07-01,lead_week,7,0.805582083731256,1199982,233298
month_exp_h3_s0,2025-07-01,lead_week,8,0.8240028080349728,1222207,215105
month_exp_h3_s0,2025-07-01,lead_week,9,0.867395688702861,986710,130842
month_exp_h1_s1,2025-07-01,route,1,0.8657988073862251,902220,121079
month_exp_h1_s1,2025-07-01,route,5,,0,0
month_exp_h1_s1,2025-07-01,route,7,0.44849728738017913,863372,476152
month_exp_h1_s1,2025-07-01,route,11,0.8627240917008929,1644695,225777
month_exp_h1_s1,2025-07-01,route,12,0.8739290882358068,1720730,216934
month_exp_h1_s1,2025-07-01,route,17,0.8882605250627204,2656635,296851
month_exp_h1_s1,2025-07-01,route,25,0.7540291081279219,332828,81866
month_exp_h1_s1,2025-07-01,route,26,0.8433440441394635,792035,124077
month_exp_h1_s1,2025-07-01,route,28,0.7929099379357234,457429,94729
month_exp_h1_s1,2025-07-01,route,50,0.7496716250258377,1214313,303977
month_exp_h1_s1,2025-07-01,month,7,0.8003164390766015,5407676,1079824
month_exp_h1_s1,2025-07-01,month,8,0.8335546183861511,5176581,861618
month_exp_h1_s1,2025-07-01,lead_week,1,0.8834453915221132,1300961,151633
month_exp_h1_s1,2025-07-01,lead_week,2,0.7978927670516408,1188478,240200
month_exp_h1_s1,2025-07-01,lead_week,3,0.7456766000715407,1154589,293639
month_exp_h1_s1,2025-07-01,lead_week,4,0.7796435646896018,1188715,261941
month_exp_h1_s1,2025-07-01,lead_week,5,0.7625903483518004,1163967,276337
month_exp_h1_s1,2025-07-01,lead_week,6,0.786368788645974,1178648,251796
month_exp_h1_s1,2025-07-01,lead_week,7,0.8526277894168413,1199982,176844
month_exp_h1_s1,2025-07-01,lead_week,8,0.864827316485669,1222207,165209
month_exp_h1_s1,2025-07-01,lead_week,9,0.8744889582552118,986710,123843
month_exp_h2_s1,2025-07-01,route,1,0.8657988073862251,902220,121079
month_exp_h2_s1,2025-07-01,route,5,,0,0
month_exp_h2_s1,2025-07-01,route,7,0.44848686313663166,863372,476161
month_exp_h2_s1,2025-07-01,route,11,0.8627283478091683,1644695,225770
month_exp_h2_s1,2025-07-01,route,12,0.8739360620201891,1720730,216922
month_exp_h2_s1,2025-07-01,route,17,0.8882601486466902,2656635,296852
month_exp_h2_s1,2025-07-01,route,25,0.7540561491220691,332828,81857
month_exp_h2_s1,2025-07-01,route,26,0.8433680329783406,792035,124058
month_exp_h2_s1,2025-07-01,route,28,0.7929011934092504,457429,94733
month_exp_h2_s1,2025-07-01,route,50,0.7496666839603957,1214313,303983
month_exp_h2_s1,2025-07-01,month,7,0.8003188430667814,5407676,1079811
month_exp_h2_s1,2025-07-01,month,8,0.83355732287392,5176581,861604
month_exp_h2_s1,2025-07-01,lead_week,1,0.8834476975097639,1300961,151630
month_exp_h2_s1,2025-07-01,lead_week,2,0.7978986569376968,1188478,240193
month_exp_h2_s1,2025-07-01,lead_week,3,0.7456757339624749,1154589,293640
month_exp_h2_s1,2025-07-01,lead_week,4,0.779644405934139,1188715,261940
month_exp_h2_s1,2025-07-01,lead_week,5,0.7625946440062304,1163967,276332
month_exp_h2_s1,2025-07-01,lead_week,6,0.7863696370757003,1178648,251795
month_exp_h2_s1,2025-07-01,lead_week,7,0.852635289529343,1199982,176835
month_exp_h2_s1,2025-07-01,lead_week,8,0.8648297710616941,1222207,165206
month_exp_h2_s1,2025-07-01,lead_week,9,0.8744879447862087,986710,123844
month_exp_h3_s1,2025-07-01,route,1,0.8657976990091109,902220,121080
month_exp_h3_s1,2025-07-01,route,5,,0,0
month_exp_h3_s1,2025-07-01,route,7,0.44848686313663166,863372,476161
month_exp_h3_s1,2025-07-01,route,11,0.8627192275771496,1644695,225785
month_exp_h3_s1,2025-07-01,route,12,0.873934899722792,1720730,216924
month_exp_h3_s1,2025-07-01,route,17,0.888265418471111,2656635,296838
month_exp_h3_s1,2025-07-01,route,25,0.754080185561311,332828,81849
month_exp_h3_s1,2025-07-01,route,26,0.8433402564280619,792035,124080
month_exp_h3_s1,2025-07-01,route,28,0.7929274269886692,457429,94721
month_exp_h3_s1,2025-07-01,route,50,0.7496691544931167,1214313,303980
month_exp_h3_s1,2025-07-01,month,7,0.8003188430667814,5407676,1079811
month_exp_h3_s1,2025-07-01,month,8,0.8335567433408266,5176581,861607
month_exp_h3_s1,2025-07-01,lead_week,1,0.8834453915221132,1300961,151633
month_exp_h3_s1,2025-07-01,lead_week,2,0.7978961327008156,1188478,240196
month_exp_h3_s1,2025-07-01,lead_week,3,0.7456766000715407,1154589,293639
month_exp_h3_s1,2025-07-01,lead_week,4,0.7796469296677505,1188715,261937
month_exp_h3_s1,2025-07-01,lead_week,5,0.7625937848753443,1163967,276333
month_exp_h3_s1,2025-07-01,lead_week,6,0.7863704855054265,1178648,251794
month_exp_h3_s1,2025-07-01,lead_week,7,0.8526311228001753,1199982,176840
month_exp_h3_s1,2025-07-01,lead_week,8,0.8648305892537025,1222207,165205
month_exp_h3_s1,2025-07-01,lead_week,9,0.8744909851932179,986710,123841
baseline,2025-08-01,route,1,0.9166518852561694,997875,83171
baseline,2025-08-01,route,5,,0,0
baseline,2025-08-01,route,7,0.7921320401444,1121053,233031
baseline,2025-08-01,route,11,0.8963237959806536,1779145,184455
baseline,2025-08-01,route,12,0.9085560034309516,1838557,168125
baseline,2025-08-01,route,17,0.9261386729665193,2834352,209349
baseline,2025-08-01,route,25,0.8435904634164093,384708,60172
baseline,2025-08-01,route,26,0.910308572218777,925618,83020
baseline,2025-08-01,route,28,0.8416790339523874,507387,80330
baseline,2025-08-01,route,50,0.7447594707458353,1068976,272846
baseline,2025-08-01,month,8,0.8727760967702873,5309977,675556
baseline,2025-08-01,month,9,0.8863081018671392,6147694,698943
baseline,2025-08-01,lead_week,1,0.8404459204424093,1162001,185402
baseline,2025-08-01,lead_week,2,0.8724788248195317,1189128,151639
baseline,2025-08-01,lead_week,3,0.8890309964634907,1201750,133357
baseline,2025-08-01,lead_week,4,0.8944848044319589,1272575,134276
baseline,2025-08-01,lead_week,5,0.8925637232710071,1420321,152594
baseline,2025-08-01,lead_week,6,0.8929670406243467,1435100,153603
baseline,2025-08-01,lead_week,7,0.889994950132559,1425780,156843
baseline,2025-08-01,lead_week,8,0.8658194138379045,1393130,186931
baseline,2025-08-01,lead_week,9,0.8748765510718395,957886,119854
previous_month_mean,2025-08-01,route,1,0.841799824627333,997875,157864
previous_month_mean,2025-08-01,route,5,,0,0
previous_month_mean,2025-08-01,route,7,0.6303377271190569,1121053,414411
previous_month_mean,2025-08-01,route,11,0.8547690042126976,1779145,258387
previous_month_mean,2025-08-01,route,12,0.8750590816602368,1838557,229711
previous_month_mean,2025-08-01,route,17,0.8717004803919908,2834352,363646
previous_month_mean,2025-08-01,route,25,0.7595578984580513,384708,92500
previous_month_mean,2025-08-01,route,26,0.8010388734877671,925618,184162
previous_month_mean,2025-08-01,route,28,0.7910253908752096,507387,106031
previous_month_mean,2025-08-01,route,50,0.6656388917992546,1068976,357424
previous_month_mean,2025-08-01,month,8,0.861415972234908,5309977,735878
previous_month_mean,2025-08-01,month,9,0.7676758147038548,6147694,1428258
previous_month_mean,2025-08-01,lead_week,1,0.8914415736303153,1162001,126145
previous_month_mean,2025-08-01,lead_week,2,0.8758535666471565,1189128,147626
previous_month_mean,2025-08-01,lead_week,3,0.8551146245059289,1201750,174116
previous_month_mean,2025-08-01,lead_week,4,0.8461693809795101,1272575,195761
previous_month_mean,2025-08-01,lead_week,5,0.7944556195395266,1420321,291939
previous_month_mean,2025-08-01,lead_week,6,0.7692077207163264,1435100,331210
previous_month_mean,2025-08-01,lead_week,7,0.770693935950848,1425780,326940
previous_month_mean,2025-08-01,lead_week,8,0.7634204991637535,1393130,329586
previous_month_mean,2025-08-01,lead_week,9,0.7485995201934259,957886,240813
previous_month_median,2025-08-01,route,1,0.8450096454966805,997875,154661
previous_month_median,2025-08-01,route,5,,0,0
previous_month_median,2025-08-01,route,7,0.5445237647104999,1121053,510613
previous_month_median,2025-08-01,route,11,0.8556778677398413,1779145,256770
previous_month_median,2025-08-01,route,12,0.8777791496265821,1838557,224710
previous_month_median,2025-08-01,route,17,0.872046944063405,2834352,362664
previous_month_median,2025-08-01,route,25,0.7619649188475415,384708,91574
previous_month_median,2025-08-01,route,26,0.8035777178058335,925618,181812
previous_month_median,2025-08-01,route,28,0.7925823878026044,507387,105241
previous_month_median,2025-08-01,route,50,0.6351180943257847,1068976,390050
previous_month_median,2025-08-01,month,8,0.85341348936163,5309977,778371
previous_month_median,2025-08-01,month,9,0.7560509680540378,6147694,1499724
previous_month_median,2025-08-01,lead_week,1,0.9043030083450875,1162001,111200
previous_month_median,2025-08-01,lead_week,2,0.8667300744747412,1189128,158475
previous_month_median,2025-08-01,lead_week,3,0.8378356563345122,1201750,194881
previous_month_median,2025-08-01,lead_week,4,0.8312555252146239,1272575,214740
previous_month_median,2025-08-01,lead_week,5,0.7814268746290451,1420321,310444
previous_month_median,2025-08-01,lead_week,6,0.7576259494111909,1435100,347831
previous_month_median,2025-08-01,lead_week,7,0.7590827476889843,1425780,343495
previous_month_median,2025-08-01,lead_week,8,0.7508739313631894,1393130,347065
previous_month_median,2025-08-01,lead_week,9,0.7390461913004261,957886,249964
equal_months_2,2025-08-01,route,1,0.8645191030940749,997875,135193
equal_months_2,2025-08-01,route,5,,0,0
equal_months_2,2025-08-01,route,7,0.7431334646979224,1121053,287961
equal_months_2,2025-08-01,route,11,0.8654437946316911,1779145,239395
equal_months_2,2025-08-01,route,12,0.8822201324190656,1838557,216545
equal_months_2,2025-08-01,route,17,0.8906511964639536,2834352,309933
equal_months_2,2025-08-01,route,25,0.7934979256994916,384708,79443
equal_months_2,2025-08-01,route,26,0.8242579552255898,925618,162670
equal_months_2,2025-08-01,route,28,0.8067766813103213,507387,98039
equal_months_2,2025-08-01,route,50,0.725534530242026,1068976,293397
equal_months_2,2025-08-01,month,8,0.8715894626285575,5309977,681857
equal_months_2,2025-08-01,month,9,0.8144476611880813,6147694,1140719
equal_months_2,2025-08-01,lead_week,1,0.8417867110269268,1162001,183844
equal_months_2,2025-08-01,lead_week,2,0.87320204385062,1189128,150779
equal_months_2,2025-08-01,lead_week,3,0.8885866444768047,1201750,133891
equal_months_2,2025-08-01,lead_week,4,0.89165746616113,1272575,137874
equal_months_2,2025-08-01,lead_week,5,0.8466726887795083,1420321,217774
equal_months_2,2025-08-01,lead_week,6,0.8139147097763222,1435100,267051
equal_months_2,2025-08-01,lead_week,7,0.8164843103424091,1425780,261653
equal_months_2,2025-08-01,lead_week,8,0.805325418302671,1393130,271207
equal_months_2,2025-08-01,lead_week,9,0.7927697032841069,957886,198503
equal_months_3,2025-08-01,route,1,0.8694385569334837,997875,130284
equal_months_3,2025-08-01,route,5,,0,0
equal_months_3,2025-08-01,route,7,0.7516112083906827,1121053,278457
equal_months_3,2025-08-01,route,11,0.8658203800139955,1779145,238725
equal_months_3,2025-08-01,route,12,0.8838447760934255,1838557,213558
equal_months_3,2025-08-01,route,17,0.8965312000767724,2834352,293267
equal_months_3,2025-08-01,route,25,0.8022760119363257,384708,76066
equal_months_3,2025-08-01,route,26,0.8308956826682281,925618,156526
equal_months_3,2025-08-01,route,28,0.8047939738306263,507387,99045
equal_months_3,2025-08-01,route,50,0.726565423358429,1068976,292295
equal_months_3,2025-08-01,month,8,0.8566466483753131,5309977,761203
equal_months_3,2025-08-01,month,9,0.8345688643579202,6147694,1017020
equal_months_3,2025-08-01,lead_week,1,0.8083357931705739,1162001,222714
equal_months_3,2025-08-01,lead_week,2,0.8481130710907488,1189128,180613
equal_months_3,2025-08-01,lead_week,3,0.8738065321406283,1201750,151653
equal_months_3,2025-08-01,lead_week,4,0.8909565251556882,1272575,138766
equal_months_3,2025-08-01,lead_week,5,0.8686817979879197,1420321,186514
equal_months_3,2025-08-01,lead_week,6,0.8344108424500035,1435100,237637
equal_months_3,2025-08-01,lead_week,7,0.8366837801063278,1425780,232853
equal_months_3,2025-08-01,lead_week,8,0.8209190814927537,1393130,249483
equal_months_3,2025-08-01,lead_week,9,0.8141845689361782,957886,177990
equal_months_6,2025-08-01,route,1,0.8762239759488915,997875,123513
equal_months_6,2025-08-01,route,5,,0,0
equal_months_6,2025-08-01,route,7,0.7160508914386742,1121053,318322
equal_months_6,2025-08-01,route,11,0.8702084428194442,1779145,230918
equal_months_6,2025-08-01,route,12,0.8862472036493837,1838557,209141
equal_months_6,2025-08-01,route,17,0.9076212128909888,2834352,261834
equal_months_6,2025-08-01,route,25,0.8017223452592616,384708,76279
equal_months_6,2025-08-01,route,26,0.833679768543827,925618,153949
equal_months_6,2025-08-01,route,28,0.7936663730052209,507387,104691
equal_months_6,2025-08-01,route,50,0.7157513358578678,1068976,303855
equal_months_6,2025-08-01,month,8,0.8030392598687339,5309977,1045857
equal_months_6,2025-08-01,month,9,0.8801753958476137,6147694,736645
equal_months_6,2025-08-01,lead_week,1,0.7327282850875343,1162001,310570
equal_months_6,2025-08-01,lead_week,2,0.7808099716767245,1189128,260645
equal_months_6,2025-08-01,lead_week,3,0.8120798835032245,1201750,225833
equal_months_6,2025-08-01,lead_week,4,0.8590087028269453,1272575,179422
equal_months_6,2025-08-01,lead_week,5,0.8935254776913106,1420321,151228
equal_months_6,2025-08-01,lead_week,6,0.8849982579611178,1435100,165039
equal_months_6,2025-08-01,lead_week,7,0.884654715313723,1425780,164457
equal_months_6,2025-08-01,lead_week,8,0.8617853323092605,1393130,192551
equal_months_6,2025-08-01,lead_week,9,0.8614062633758088,957886,132757
equal_months_0,2025-08-01,route,1,0.8784026055367656,997875,121339
equal_months_0,2025-08-01,route,5,,0,0
equal_months_0,2025-08-01,route,7,0.723658025088912,1121053,309794
equal_months_0,2025-08-01,route,11,0.870175280823092,1779145,230977
equal_months_0,2025-08-01,route,12,0.8867029958820967,1838557,208303
equal_months_0,2025-08-01,route,17,0.9110837327191541,2834352,252020
equal_months_0,2025-08-01,route,25,0.8063414329829377,384708,74502
equal_months_0,2025-08-01,route,26,0.8398540218535075,925618,148234
equal_months_0,2025-08-01,route,28,0.7994765336912455,507387,101743
equal_months_0,2025-08-01,route,50,0.7295776518836719,1068976,289075
equal_months_0,2025-08-01,month,8,0.8151387473053084,5309977,981609
equal_months_0,2025-08-01,month,9,0.8772908996446472,6147694,754378
equal_months_0,2025-08-01,lead_week,1,0.7444907534502982,1162001,296902
equal_months_0,2025-08-01,lead_week,2,0.7951532551584017,1189128,243589
equal_months_0,2025-08-01,lead_week,3,0.8280898689411276,1201750,206593
equal_months_0,2025-08-01,lead_week,4,0.8692069229711412,1272575,166444
equal_months_0,2025-08-01,lead_week,5,0.892955184074586,1420321,152038
equal_months_0,2025-08-01,lead_week,6,0.8806529161730889,1435100,171275
equal_months_0,2025-08-01,lead_week,7,0.8806078076561601,1425780,170227
equal_months_0,2025-08-01,lead_week,8,0.8611464830992083,1393130,193441
equal_months_0,2025-08-01,lead_week,9,0.8585656330711587,957886,135478
month_exp_h1_s0,2025-08-01,route,1,0.8738188650883126,997875,125913
month_exp_h1_s0,2025-08-01,route,5,,0,0
month_exp_h1_s0,2025-08-01,route,7,0.7522115368318893,1121053,277784
month_exp_h1_s0,2025-08-01,route,11,0.8708615655272617,1779145,229756
month_exp_h1_s0,2025-08-01,route,12,0.8908714823636145,1838557,200639
month_exp_h1_s0,2025-08-01,route,17,0.8949749360700435,2834352,297678
month_exp_h1_s0,2025-08-01,route,25,0.7996792372396727,384708,77065
month_exp_h1_s0,2025-08-01,route,26,0.835706522561143,925618,152073
month_exp_h1_s0,2025-08-01,route,28,0.8123365399586508,507387,95218
month_exp_h1_s0,2025-08-01,route,50,0.7178917019652453,1068976,301567
month_exp_h1_s0,2025-08-01,month,8,0.8664299299224837,5309977,709254
month_exp_h1_s0,2025-08-01,month,9,0.8294581675665704,6147694,1048439
month_exp_h1_s0,2025-08-01,lead_week,1,0.8293633138009348,1162001,198280
month_exp_h1_s0,2025-08-01,lead_week,2,0.8640255716794155,1189128,161691
month_exp_h1_s0,2025-08-01,lead_week,3,0.8815152902017891,1201750,142389
month_exp_h1_s0,2025-08-01,lead_week,4,0.8925422863092549,1272575,136748
month_exp_h1_s0,2025-08-01,lead_week,5,0.8597429735954055,1420321,199210
month_exp_h1_s0,2025-08-01,lead_week,6,0.8297979234896523,1435100,244257
month_exp_h1_s0,2025-08-01,lead_week,7,0.8324390859739932,1425780,238905
month_exp_h1_s0,2025-08-01,lead_week,8,0.8188503585451465,1393130,252365
month_exp_h1_s0,2025-08-01,lead_week,9,0.8080690186514888,957886,183848
month_exp_h2_s0,2025-08-01,route,1,0.8796692972566704,997875,120075
month_exp_h2_s0,2025-08-01,route,5,,0,0
month_exp_h2_s0,2025-08-01,route,7,0.7562318641491527,1121053,273277
month_exp_h2_s0,2025-08-01,route,11,0.8735178976418448,1779145,225030
month_exp_h2_s0,2025-08-01,route,12,0.8928654374055305,1838557,196973
month_exp_h2_s0,2025-08-01,route,17,0.903598423907828,2834352,273236
month_exp_h2_s0,2025-08-01,route,25,0.8062530542645331,384708,74536
month_exp_h2_s0,2025-08-01,route,26,0.8415004894027558,925618,146710
month_exp_h2_s0,2025-08-01,route,28,0.8109056794911971,507387,95944
month_exp_h2_s0,2025-08-01,route,50,0.7255672718564308,1068976,293362
month_exp_h2_s0,2025-08-01,month,8,0.84622833582895,5309977,816524
month_exp_h2_s0,2025-08-01,month,9,0.8564308828643716,6147694,882619
month_exp_h2_s0,2025-08-01,lead_week,1,0.7888031077425923,1162001,245411
month_exp_h2_s0,2025-08-01,lead_week,2,0.8338160399889667,1189128,197614
month_exp_h2_s0,2025-08-01,lead_week,3,0.8599708758061161,1201750,168280
month_exp_h2_s0,2025-08-01,lead_week,4,0.8890336522405359,1272575,141213
month_exp_h2_s0,2025-08-01,lead_week,5,0.88353548247192,1420321,165417
month_exp_h2_s0,2025-08-01,lead_week,6,0.8576099226534737,1435100,204344
month_exp_h2_s0,2025-08-01,lead_week,7,0.8599335100786938,1425780,199704
month_exp_h2_s0,2025-08-01,lead_week,8,0.8426019108051653,1393130,219276
month_exp_h2_s0,2025-08-01,lead_week,9,0.8351745406029527,957886,157884
month_exp_h3_s0,2025-08-01,route,1,0.8800310660152825,997875,119714
month_exp_h3_s0,2025-08-01,route,5,,0,0
month_exp_h3_s0,2025-08-01,route,7,0.7482215381431565,1121053,282257
month_exp_h3_s0,2025-08-01,route,11,0.8731592984270534,1779145,225668
month_exp_h3_s0,2025-08-01,route,12,0.8919756091325969,1838557,198609
month_exp_h3_s0,2025-08-01,route,17,0.9063976527968297,2834352,265302
month_exp_h3_s0,2025-08-01,route,25,0.8068717052933654,384708,74298
month_exp_h3_s0,2025-08-01,route,26,0.8418019096430709,925618,146431
month_exp_h3_s0,2025-08-01,route,28,0.8079099385676023,507387,97464
month_exp_h3_s0,2025-08-01,route,50,0.7271557078924129,1068976,291664
month_exp_h3_s0,2025-08-01,month,8,0.8357282903485269,5309977,872279
month_exp_h3_s0,2025-08-01,month,9,0.8651318689576937,6147694,829128
month_exp_h3_s0,2025-08-01,lead_week,1,0.7728831558664752,1162001,263910
month_exp_h3_s0,2025-08-01,lead_week,2,0.8202439098229963,1189128,213753
month_exp_h3_s0,2025-08-01,lead_week,3,0.8487980029124194,1201750,181707
month_exp_h3_s0,2025-08-01,lead_week,4,0.8834426261713455,1272575,148328
month_exp_h3_s0,2025-08-01,lead_week,5,0.8887603576937889,1420321,157996
month_exp_h3_s0,2025-08-01,lead_week,6,0.8670064803846422,1435100,190859
month_exp_h3_s0,2025-08-01,lead_week,7,0.8688893097111756,1425780,186935
month_exp_h3_s0,2025-08-01,lead_week,8,0.8501668903835249,1393130,208737
month_exp_h3_s0,2025-08-01,lead_week,9,0.8442591289568905,957886,149182
month_exp_h1_s1,2025-08-01,route,1,0.9091770011273957,997875,90630
month_exp_h1_s1,2025-08-01,route,5,,0,0
month_exp_h1_s1,2025-08-01,route,7,0.7876362669739968,1121053,238071
month_exp_h1_s1,2025-08-01,route,11,0.8932700819775792,1779145,189888
month_exp_h1_s1,2025-08-01,route,12,0.9081219673907309,1838557,168923
month_exp_h1_s1,2025-08-01,route,17,0.9088782903464354,2834352,258271
month_exp_h1_s1,2025-08-01,route,25,0.8428444430581116,384708,60459
month_exp_h1_s1,2025-08-01,route,26,0.9072976108934787,925618,85807
month_exp_h1_s1,2025-08-01,route,28,0.8392036059260486,507387,81586
month_exp_h1_s1,2025-08-01,route,50,0.7340903818233524,1068976,284251
month_exp_h1_s1,2025-08-01,month,8,0.8734401297783398,5309977,672030
month_exp_h1_s1,2025-08-01,month,9,0.8721706057588423,6147694,785856
month_exp_h1_s1,2025-08-01,lead_week,1,0.8624304109893193,1162001,159856
month_exp_h1_s1,2025-08-01,lead_week,2,0.882005133173216,1189128,140311
month_exp_h1_s1,2025-08-01,lead_week,3,0.8845042646141045,1201750,138797
month_exp_h1_s1,2025-08-01,lead_week,4,0.8799913561086773,1272575,152720
month_exp_h1_s1,2025-08-01,lead_week,5,0.8814950986431941,1420321,168315
month_exp_h1_s1,2025-08-01,lead_week,6,0.8765688802174064,1435100,177136
month_exp_h1_s1,2025-08-01,lead_week,7,0.8778268737112318,1425780,174192
month_exp_h1_s1,2025-08-01,lead_week,8,0.8500025123283541,1393130,208966
month_exp_h1_s1,2025-08-01,lead_week,9,0.8563576458994077,957886,137593
month_exp_h2_s1,2025-08-01,route,1,0.9133077790304397,997875,86508
month_exp_h2_s1,2025-08-01,route,5,,0,0
month_exp_h2_s1,2025-08-01,route,7,0.790820772969699,1121053,234501
month_exp_h2_s1,2025-08-01,route,11,0.8953946980150578,1779145,186108
month_exp_h2_s1,2025-08-01,route,12,0.9098156869762537,1838557,165809
month_exp_h2_s1,2025-08-01,route,17,0.9146951401943019,2834352,241784
month_exp_h2_s1,2025-08-01,route,25,0.8443936700042629,384708,59863
month_exp_h2_s1,2025-08-01,route,26,0.9106305192854935,925618,82722
month_exp_h2_s1,2025-08-01,route,28,0.8413577801559756,507387,80493
month_exp_h2_s1,2025-08-01,route,50,0.7416013081678167,1068976,276222
month_exp_h2_s1,2025-08-01,month,8,0.8732397522625804,5309977,673094
month_exp_h2_s1,2025-08-01,month,9,0.879480663806624,6147694,740916
month_exp_h2_s1,2025-08-01,lead_week,1,0.8528503848103401,1162001,170988
month_exp_h2_s1,2025-08-01,lead_week,2,0.8785858208704194,1189128,144377
month_exp_h2_s1,2025-08-01,lead_week,3,0.8874815893488662,1201750,135219
month_exp_h2_s1,2025-08-01,lead_week,4,0.8862856806082157,1272575,144710
month_exp_h2_s1,2025-08-01,lead_week,5,0.8867826357562832,1420321,160805
month_exp_h2_s1,2025-08-01,lead_week,6,0.8845725036582817,1435100,165650
month_exp_h2_s1,2025-08-01,lead_week,7,0.8840297942179017,1425780,165348
month_exp_h2_s1,2025-08-01,lead_week,8,0.8584324506686383,1393130,197222
month_exp_h2_s1,2025-08-01,lead_week,9,0.8646070618006736,957886,129691
month_exp_h3_s1,2025-08-01,route,1,0.9137096329700614,997875,86107
month_exp_h3_s1,2025-08-01,route,5,,0,0
month_exp_h3_s1,2025-08-01,route,7,0.7921061716083004,1121053,233060
month_exp_h3_s1,2025-08-01,route,11,0.8954323565532882,1779145,186041
month_exp_h3_s1,2025-08-01,route,12,0.9097928429741368,1838557,165851
month_exp_h3_s1,2025-08-01,route,17,0.9167104156435051,2834352,236072
month_exp_h3_s1,2025-08-01,route,25,0.8442740987970097,384708,59909
month_exp_h3_s1,2025-08-01,route,26,0.9111447703048126,925618,82246
month_exp_h3_s1,2025-08-01,route,28,0.8419451030475751,507387,80195
month_exp_h3_s1,2025-08-01,route,50,0.7442047342503479,1068976,273439
month_exp_h3_s1,2025-08-01,month,8,0.8728847601411456,5309977,674979
month_exp_h3_s1,2025-08-01,month,9,0.8815912112736906,6147694,727941
month_exp_h3_s1,2025-08-01,lead_week,1,0.8493237097042086,1162001,175086
month_exp_h3_s1,2025-08-01,lead_week,2,0.8770973351901561,1189128,146147
month_exp_h3_s1,2025-08-01,lead_week,3,0.888045766590389,1201750,134541
month_exp_h3_s1,2025-08-01,lead_week,4,0.8882423432803568,1272575,142220
month_exp_h3_s1,2025-08-01,lead_week,5,0.8884055083322714,1420321,158500
month_exp_h3_s1,2025-08-01,lead_week,6,0.8867033656191207,1435100,162592
month_exp_h3_s1,2025-08-01,lead_week,7,0.8856205024618103,1425780,163080
month_exp_h3_s1,2025-08-01,lead_week,8,0.8611644283017378,1393130,193416
month_exp_h3_s1,2025-08-01,lead_week,9,0.8670635127770946,957886,127338
baseline,2025-09-01,route,1,0.9129032570396965,1136093,98950
baseline,2025-09-01,route,5,,0,0
baseline,2025-09-01,route,7,0.8330997287817837,1350573,225411
baseline,2025-09-01,route,11,0.902195577383209,1907061,186519
baseline,2025-09-01,route,12,0.9132311691244825,1983604,172115
baseline,2025-09-01,route,17,0.9169977391630822,3063025,254238
baseline,2025-09-01,route,25,0.8369214938745461,464537,75756
baseline,2025-09-01,route,26,0.9190358580650371,1089964,88248
baseline,2025-09-01,route,28,0.8623381670109804,602164,82895
baseline,2025-09-01,route,50,0.766100772380903,1157460,270729
baseline,2025-09-01,month,9,0.8863081018671392,6147694,698943
baseline,2025-09-01,month,10,0.8855846268390368,6606787,755918
baseline,2025-09-01,lead_week,1,0.8873980720712714,1417791,159646
baseline,2025-09-01,lead_week,2,0.89102464116121,1429681,155800
baseline,2025-09-01,lead_week,3,0.8840252596525497,1422189,164938
baseline,2025-09-01,lead_week,4,0.8690653789875833,1398278,183083
baseline,2025-09-01,lead_week,5,0.8826660591263661,1470410,172529
baseline,2025-09-01,lead_week,6,0.881746562316695,1464431,173174
baseline,2025-09-01,lead_week,7,0.8799671754428079,1483036,178013
baseline,2025-09-01,lead_week,8,0.8889004426447771,1471383,163470
baseline,2025-09-01,lead_week,9,0.912962860879893,1197282,104208
previous_month_mean,2025-09-01,route,1,0.8010259723455738,1136093,226053
previous_month_mean,2025-09-01,route,5,,0,0
previous_month_mean,2025-09-01,route,7,0.6822119204219246,1350573,429196
previous_month_mean,2025-09-01,route,11,0.8245473007942588,1907061,334599
previous_month_mean,2025-09-01,route,12,0.8485030278220854,1983604,300510
previous_month_mean,2025-09-01,route,17,0.8673533516703259,3063025,406300
previous_month_mean,2025-09-01,route,25,0.707833821633153,464537,135722
previous_month_mean,2025-09-01,route,26,0.730517705171914,1089964,293726
previous_month_mean,2025-09-01,route,28,0.7346603250941603,602164,159778
previous_month_mean,2025-09-01,route,50,0.618512950771517,1157460,441556
previous_month_mean,2025-09-01,month,9,0.8004890939594587,6147694,1226532
previous_month_mean,2025-09-01,month,10,0.7728233103322386,6606787,1500908
previous_month_mean,2025-09-01,lead_week,1,0.8104142288955143,1417791,268793
previous_month_mean,2025-09-01,lead_week,2,0.804054890566497,1429681,280139
previous_month_mean,2025-09-01,lead_week,3,0.8003943217111087,1422189,283877
previous_month_mean,2025-09-01,lead_week,4,0.795305368460349,1398278,286220
previous_month_mean,2025-09-01,lead_week,5,0.7741582279772308,1470410,332080
previous_month_mean,2025-09-01,lead_week,6,0.7722849352410595,1464431,333473
previous_month_mean,2025-09-01,lead_week,7,0.7635633929317966,1483036,350644
previous_month_mean,2025-09-01,lead_week,8,0.7700496743539922,1471383,338345
previous_month_mean,2025-09-01,lead_week,9,0.7879622344610543,1197282,253869
previous_month_median,2025-09-01,route,1,0.8000524604939913,1136093,227159
previous_month_median,2025-09-01,route,5,,0,0
previous_month_median,2025-09-01,route,7,0.7259511333337776,1350573,370123
previous_month_median,2025-09-01,route,11,0.8238483194821771,1907061,335932
previous_month_median,2025-09-01,route,12,0.8439174351332221,1983604,309606
previous_month_median,2025-09-01,route,17,0.864559055182377,3063025,414859
previous_month_median,2025-09-01,route,25,0.7000475742513513,464537,139339
previous_month_median,2025-09-01,route,26,0.7303011842592966,1089964,293962
previous_month_median,2025-09-01,route,28,0.7254950478607156,602164,165297
previous_month_median,2025-09-01,route,50,0.6313367200594405,1157460,426713
previous_month_median,2025-09-01,month,9,0.8046036448788765,6147694,1201237
previous_month_median,2025-09-01,month,10,0.7757226016216354,6606787,1481753
previous_month_median,2025-09-01,lead_week,1,0.8138992277423118,1417791,263852
previous_month_median,2025-09-01,lead_week,2,0.8077249400390717,1429681,274892
previous_month_median,2025-09-01,lead_week,3,0.804121674404738,1422189,278576
previous_month_median,2025-09-01,lead_week,4,0.7996457070768473,1398278,280151
previous_month_median,2025-09-01,lead_week,5,0.777013894083963,1470410,327881
previous_month_median,2025-09-01,lead_week,6,0.7756425533193438,1464431,328556
previous_month_median,2025-09-01,lead_week,7,0.7671027540801437,1483036,345395
previous_month_median,2025-09-01,lead_week,8,0.7729741338590972,1471383,334042
previous_month_median,2025-09-01,lead_week,9,0.7914902253604414,1197282,249645
equal_months_2,2025-09-01,route,1,0.790344628476718,1136093,238188
equal_months_2,2025-09-01,route,5,,0,0
equal_months_2,2025-09-01,route,7,0.6290219040362868,1350573,501033
equal_months_2,2025-09-01,route,11,0.8216312954855666,1907061,340160
equal_months_2,2025-09-01,route,12,0.8415409527304845,1983604,314320
equal_months_2,2025-09-01,route,17,0.8453117424767999,3063025,473814
equal_months_2,2025-09-01,route,25,0.6970015305562313,464537,140754
equal_months_2,2025-09-01,route,26,0.7233330642112951,1089964,301557
equal_months_2,2025-09-01,route,28,0.7286470131060641,602164,163399
equal_months_2,2025-09-01,route,50,0.6496976137404316,1157460,405461
equal_months_2,2025-09-01,month,9,0.7882531238542452,6147694,1301755
equal_months_2,2025-09-01,month,10,0.7613165067982364,6606787,1576931
equal_months_2,2025-09-01,lead_week,1,0.7970208585045327,1417791,287782
equal_months_2,2025-09-01,lead_week,2,0.7934867988033694,1429681,295248
equal_months_2,2025-09-01,lead_week,3,0.7847880977844717,1422189,306072
equal_months_2,2025-09-01,lead_week,4,0.7844741889667148,1398278,301365
equal_months_2,2025-09-01,lead_week,5,0.7623281941771343,1470410,349475
equal_months_2,2025-09-01,lead_week,6,0.7581108293938055,1464431,354230
equal_months_2,2025-09-01,lead_week,7,0.7524665618366648,1483036,367101
equal_months_2,2025-09-01,lead_week,8,0.7595826511520114,1471383,353746
equal_months_2,2025-09-01,lead_week,9,0.7797786987526748,1197282,263667
equal_months_3,2025-09-01,route,1,0.8081794360144812,1136093,217926
equal_months_3,2025-09-01,route,5,,0,0
equal_months_3,2025-09-01,route,7,0.7145767018887539,1350573,385485
equal_months_3,2025-09-01,route,11,0.8382075874867139,1907061,308548
equal_months_3,2025-09-01,route,12,0.8524720659970437,1983604,292637
equal_months_3,2025-09-01,route,17,0.8536228075187111,3063025,448357
equal_months_3,2025-09-01,route,25,0.7260455033721749,464537,127262
equal_months_3,2025-09-01,route,26,0.7478659845646278,1089964,274817
equal_months_3,2025-09-01,route,28,0.7531420011824022,602164,148649
equal_months_3,2025-09-01,route,50,0.678223005546628,1157460,372444
equal_months_3,2025-09-01,month,9,0.8122578970261044,6147694,1154181
equal_months_3,2025-09-01,month,10,0.784775262166012,6606787,1421944
equal_months_3,2025-09-01,lead_week,1,0.8190332707712209,1417791,256573
equal_months_3,2025-09-01,lead_week,2,0.8161736779043717,1429681,262813
equal_months_3,2025-09-01,lead_week,3,0.8092974984337524,1422189,271215
equal_months_3,2025-09-01,lead_week,4,0.8034410896831674,1398278,274844
equal_months_3,2025-09-01,lead_week,5,0.7862759366435212,1470410,314262
equal_months_3,2025-09-01,lead_week,6,0.78290066244159,1464431,317927
equal_months_3,2025-09-01,lead_week,7,0.7772488327997432,1483036,330348
equal_months_3,2025-09-01,lead_week,8,0.7831978485547271,1471383,318999
equal_months_3,2025-09-01,lead_week,9,0.808613175509195,1197282,229144
equal_months_6,2025-09-01,route,1,0.8734108915379286,1136093,143817
equal_months_6,2025-09-01,route,5,,0,0
equal_months_6,2025-09-01,route,7,0.8319024591784376,1350573,227028
equal_months_6,2025-09-01,route,11,0.8813289139676183,1907061,226313
equal_months_6,2025-09-01,route,12,0.8985341832341536,1983604,201268
equal_months_6,2025-09-01,route,17,0.8808129218664555,3063025,365073
equal_months_6,2025-09-01,route,25,0.8035398687295092,464537,91263
equal_months_6,2025-09-01,route,26,0.8681552785229604,1089964,143706
equal_months_6,2025-09-01,route,28,0.8301608864030396,602164,102271
equal_months_6,2025-09-01,route,50,0.7367295630086569,1157460,304725
equal_months_6,2025-09-01,month,9,0.8688910020570315,6147694,806018
equal_months_6,2025-09-01,month,10,0.8487243496725413,6606787,999446
equal_months_6,2025-09-01,lead_week,1,0.8739306428098359,1417791,178740
equal_months_6,2025-09-01,lead_week,2,0.8753735973269562,1429681,178176
equal_months_6,2025-09-01,lead_week,3,0.865955931314333,1422189,190636
equal_months_6,2025-09-01,lead_week,4,0.852213222263384,1398278,206647
equal_months_6,2025-09-01,lead_week,5,0.8483096551302018,1470410,223047
equal_months_6,2025-09-01,lead_week,6,0.84762272855464,1464431,223146
equal_months_6,2025-09-01,lead_week,7,0.8399843294431153,1483036,237309
equal_months_6,2025-09-01,lead_week,8,0.847823442298844,1471383,223910
equal_months_6,2025-09-01,lead_week,9,0.8798503610678186,1197282,143853
equal_months_0,2025-09-01,route,1,0.8734381780364812,1136093,143786
equal_months_0,2025-09-01,route,5,,0,0
equal_months_0,2025-09-01,route,7,0.8331293458406173,1350573,225371
equal_months_0,2025-09-01,route,11,0.8858211667062563,1907061,217746
equal_months_0,2025-09-01,route,12,0.9032816025779339,1983604,191851
equal_months_0,2025-09-01,route,17,0.8923711037291566,3063025,329670
equal_months_0,2025-09-01,route,25,0.7985262745486366,464537,93592
equal_months_0,2025-09-01,route,26,0.8689699843297577,1089964,142818
equal_months_0,2025-09-01,route,28,0.836727203884656,602164,98317
equal_months_0,2025-09-01,route,50,0.7464620807630502,1157460,293460
equal_months_0,2025-09-01,month,9,0.8732184783432617,6147694,779414
equal_months_0,2025-09-01,month,10,0.8551191373355914,6606787,957197
equal_months_0,2025-09-01,lead_week,1,0.8791408606769263,1417791,171353
equal_months_0,2025-09-01,lead_week,2,0.87758458005667,1429681,175015
equal_months_0,2025-09-01,lead_week,3,0.8711359741918971,1422189,183269
equal_months_0,2025-09-01,lead_week,4,0.857777923989364,1398278,198866
equal_months_0,2025-09-01,lead_week,5,0.8547847199080528,1470410,213526
equal_months_0,2025-09-01,lead_week,6,0.8545680882199298,1464431,212975
equal_months_0,2025-09-01,lead_week,7,0.8461237623361806,1483036,228204
equal_months_0,2025-09-01,lead_week,8,0.8544573370767502,1471383,214149
equal_months_0,2025-09-01,lead_week,9,0.8836915613865405,1197282,139254
month_exp_h1_s0,2025-09-01,route,1,0.8165194222656068,1136093,208451
month_exp_h1_s0,2025-09-01,route,5,,0,0
month_exp_h1_s0,2025-09-01,route,7,0.7187327156695713,1350573,379872
month_exp_h1_s0,2025-09-01,route,11,0.8412536358302121,1907061,302739
month_exp_h1_s0,2025-09-01,route,12,0.8599821335306845,1983604,277740
month_exp_h1_s0,2025-09-01,route,17,0.8615747504509431,3063025,424000
month_exp_h1_s0,2025-09-01,route,25,0.733151503540084,464537,123961
month_exp_h1_s0,2025-09-01,route,26,0.7625462859323794,1089964,258816
month_exp_h1_s0,2025-09-01,route,28,0.761953554181253,602164,143343
month_exp_h1_s0,2025-09-01,route,50,0.6733519948853524,1157460,378082
month_exp_h1_s0,2025-09-01,month,9,0.8183421295854999,6147694,1116777
month_exp_h1_s0,2025-09-01,month,10,0.7910895265732042,6606787,1380227
month_exp_h1_s0,2025-09-01,lead_week,1,0.8261443329799667,1417791,246491
month_exp_h1_s0,2025-09-01,lead_week,2,0.822761161405936,1429681,253395
month_exp_h1_s0,2025-09-01,lead_week,3,0.8158943712825792,1422189,261833
month_exp_h1_s0,2025-09-01,lead_week,4,0.8099119059300082,1398278,265796
month_exp_h1_s0,2025-09-01,lead_week,5,0.7924442842472508,1470410,305192
month_exp_h1_s0,2025-09-01,lead_week,6,0.7893577778673082,1464431,308471
month_exp_h1_s0,2025-09-01,lead_week,7,0.7826526126135845,1483036,322334
month_exp_h1_s0,2025-09-01,lead_week,8,0.7894640620423099,1471383,309779
month_exp_h1_s0,2025-09-01,lead_week,9,0.813149283126281,1197282,223713
month_exp_h2_s0,2025-09-01,route,1,0.8420305379929284,1136093,179468
month_exp_h2_s0,2025-09-01,route,5,,0,0
month_exp_h2_s0,2025-09-01,route,7,0.7762023970566567,1350573,302255
month_exp_h2_s0,2025-09-01,route,11,0.8610553097147915,1907061,264976
month_exp_h2_s0,2025-09-01,route,12,0.8788462818183468,1983604,240321
month_exp_h2_s0,2025-09-01,route,17,0.8718345426498315,3063025,392574
month_exp_h2_s0,2025-09-01,route,25,0.7644041271201217,464537,109443
month_exp_h2_s0,2025-09-01,route,26,0.8088212087738678,1089964,208378
month_exp_h2_s0,2025-09-01,route,28,0.7967613474070186,602164,122383
month_exp_h2_s0,2025-09-01,route,50,0.7079786774488968,1157460,338003
month_exp_h2_s0,2025-09-01,month,9,0.8438276205679723,6147694,960100
month_exp_h2_s0,2025-09-01,month,10,0.8187165713076568,6606787,1197701
month_exp_h2_s0,2025-09-01,lead_week,1,0.8506500605519431,1417791,211747
month_exp_h2_s0,2025-09-01,lead_week,2,0.8483360973531857,1429681,216831
month_exp_h2_s0,2025-09-01,lead_week,3,0.8411371484380767,1422189,225933
month_exp_h2_s0,2025-09-01,lead_week,4,0.8321278029118673,1398278,234732
month_exp_h2_s0,2025-09-01,lead_week,5,0.8194734801857986,1470410,265448
month_exp_h2_s0,2025-09-01,lead_week,6,0.8172443768262212,1464431,267633
month_exp_h2_s0,2025-09-01,lead_week,7,0.8102851178258653,1483036,281354
month_exp_h2_s0,2025-09-01,lead_week,8,0.8175152220733827,1471383,268505
month_exp_h2_s0,2025-09-01,lead_week,9,0.844967184005105,1197282,185618
month_exp_h3_s0,2025-09-01,route,1,0.853280497283233,1136093,166687
month_exp_h3_s0,2025-09-01,route,5,,0,0
month_exp_h3_s0,2025-09-01,route,7,0.7988675917554994,1350573,271644
month_exp_h3_s0,2025-09-01,route,11,0.8698547136142997,1907061,248195
month_exp_h3_s0,2025-09-01,route,12,0.887609623695052,1983604,222938
month_exp_h3_s0,2025-09-01,route,17,0.8779268860032158,3063025,373913
month_exp_h3_s0,2025-09-01,route,25,0.7773395875893632,464537,103434
month_exp_h3_s0,2025-09-01,route,26,0.8300154867500211,1089964,185277
month_exp_h3_s0,2025-09-01,route,28,0.8115214459848148,602164,113495
month_exp_h3_s0,2025-09-01,route,50,0.7220258151469597,1157460,321744
month_exp_h3_s0,2025-09-01,month,9,0.8548267041267832,6147694,892481
month_exp_h3_s0,2025-09-01,month,10,0.8312574629695191,6606787,1114846
month_exp_h3_s0,2025-09-01,lead_week,1,0.8613815435420312,1417791,196532
month_exp_h3_s0,2025-09-01,lead_week,2,0.8594469675403115,1429681,200946
month_exp_h3_s0,2025-09-01,lead_week,3,0.8522502986593202,1422189,210128
month_exp_h3_s0,2025-09-01,lead_week,4,0.841575852584393,1398278,221521
month_exp_h3_s0,2025-09-01,lead_week,5,0.831715643936045,1470410,247447
month_exp_h3_s0,2025-09-01,lead_week,6,0.8301579248185814,1464431,248722
month_exp_h3_s0,2025-09-01,lead_week,7,0.822547126300373,1483036,263169
month_exp_h3_s0,2025-09-01,lead_week,8,0.8301393994629542,1471383,249930
month_exp_h3_s0,2025-09-01,lead_week,9,0.8589037503278258,1197282,168932
month_exp_h1_s1,2025-09-01,route,1,0.8960058727586562,1136093,118147
month_exp_h1_s1,2025-09-01,route,5,,0,0
month_exp_h1_s1,2025-09-01,route,7,0.8299921588836738,1350573,229608
month_exp_h1_s1,2025-09-01,route,11,0.8905698349449755,1907061,208690
month_exp_h1_s1,2025-09-01,route,12,0.9010941700057068,1983604,196190
month_exp_h1_s1,2025-09-01,route,17,0.8849640469797014,3063025,352358
month_exp_h1_s1,2025-09-01,route,25,0.8370937083590758,464537,75676
month_exp_h1_s1,2025-09-01,route,26,0.9069822489550113,1089964,101386
month_exp_h1_s1,2025-09-01,route,28,0.8500890122956537,602164,90271
month_exp_h1_s1,2025-09-01,route,50,0.7490185405975153,1157460,290501
month_exp_h1_s1,2025-09-01,month,9,0.8721706057588423,6147694,785856
month_exp_h1_s1,2025-09-01,month,10,0.8672621048627722,6606787,876971
month_exp_h1_s1,2025-09-01,lead_week,1,0.8735307249093837,1417791,179307
month_exp_h1_s1,2025-09-01,lead_week,2,0.8789974826552217,1429681,172995
month_exp_h1_s1,2025-09-01,lead_week,3,0.8695271866116248,1422189,185557
month_exp_h1_s1,2025-09-01,lead_week,4,0.849350415296529,1398278,210650
month_exp_h1_s1,2025-09-01,lead_week,5,0.863297991716596,1470410,201008
month_exp_h1_s1,2025-09-01,lead_week,6,0.8636665025528687,1464431,199651
month_exp_h1_s1,2025-09-01,lead_week,7,0.8632507909450613,1483036,202804
month_exp_h1_s1,2025-09-01,lead_week,8,0.8698020841616356,1471383,191571
month_exp_h1_s1,2025-09-01,lead_week,9,0.900371006997516,1197282,119284
month_exp_h2_s1,2025-09-01,route,1,0.9042868849645231,1136093,108739
month_exp_h2_s1,2025-09-01,route,5,,0,0
month_exp_h2_s1,2025-09-01,route,7,0.8323533788991784,1350573,226419
month_exp_h2_s1,2025-09-01,route,11,0.8979775686252301,1907061,194563
month_exp_h2_s1,2025-09-01,route,12,0.9092349077739307,1983604,180042
month_exp_h2_s1,2025-09-01,route,17,0.8961412329314975,3063025,318122
month_exp_h2_s1,2025-09-01,route,25,0.8385316993048992,464537,75008
month_exp_h2_s1,2025-09-01,route,26,0.9153990407022617,1089964,92212
month_exp_h2_s1,2025-09-01,route,28,0.8570489102636492,602164,86080
month_exp_h2_s1,2025-09-01,route,50,0.7590361653966444,1157460,278906
month_exp_h2_s1,2025-09-01,month,9,0.879480663806624,6147694,740916
month_exp_h2_s1,2025-09-01,month,10,0.8760100787266185,6606787,819175
month_exp_h2_s1,2025-09-01,lead_week,1,0.880729247117523,1417791,169101
month_exp_h2_s1,2025-09-01,lead_week,2,0.8857262564166412,1429681,163375
month_exp_h2_s1,2025-09-01,lead_week,3,0.8768722019365921,1422189,175111
month_exp_h2_s1,2025-09-01,lead_week,4,0.8589650984997261,1398278,197206
month_exp_h2_s1,2025-09-01,lead_week,5,0.8727606585918213,1470410,187094
month_exp_h2_s1,2025-09-01,lead_week,6,0.8729970889717577,1464431,185987
month_exp_h2_s1,2025-09-01,lead_week,7,0.8703699707896504,1483036,192246
month_exp_h2_s1,2025-09-01,lead_week,8,0.8785435199400836,1471383,178709
month_exp_h2_s1,2025-09-01,lead_week,9,0.9070711828959259,1197282,111262
month_exp_h3_s1,2025-09-01,route,1,0.905378344906623,1136093,107499
month_exp_h3_s1,2025-09-01,route,5,,0,0
month_exp_h3_s1,2025-09-01,route,7,0.8337986913702554,1350573,224467
month_exp_h3_s1,2025-09-01,route,11,0.8995113423220338,1907061,191638
month_exp_h3_s1,2025-09-01,route,12,0.9109681166200512,1983604,176604
month_exp_h3_s1,2025-09-01,route,17,0.9001898450061622,3063025,305721
month_exp_h3_s1,2025-09-01,route,25,0.8369430206851123,464537,75746
month_exp_h3_s1,2025-09-01,route,26,0.9167825726354265,1089964,90704
month_exp_h3_s1,2025-09-01,route,28,0.8586082861147462,602164,85141
month_exp_h3_s1,2025-09-01,route,50,0.7615105489606553,1157460,276042
month_exp_h3_s1,2025-09-01,month,9,0.8815912112736906,6147694,727941
month_exp_h3_s1,2025-09-01,month,10,0.8780616054369544,6606787,805621
month_exp_h3_s1,2025-09-01,lead_week,1,0.8830046177469034,1417791,165875
month_exp_h3_s1,2025-09-01,lead_week,2,0.8871811264191103,1429681,161295
month_exp_h3_s1,2025-09-01,lead_week,3,0.8790589717681686,1422189,172001
month_exp_h3_s1,2025-09-01,lead_week,4,0.8621175474404946,1398278,192798
month_exp_h3_s1,2025-09-01,lead_week,5,0.8752048748308295,1470410,183500
month_exp_h3_s1,2025-09-01,lead_week,6,0.8755059132181714,1464431,182313
month_exp_h3_s1,2025-09-01,lead_week,7,0.8719356778931867,1483036,189924
month_exp_h3_s1,2025-09-01,lead_week,8,0.8805620290570164,1471383,175739
month_exp_h3_s1,2025-09-01,lead_week,9,0.9080275156562948,1197282,110117
