route;date;hour;prediction
1;2025-11-01;0;4
1;2025-11-01;1;0
1;2025-11-01;2;0
1;2025-11-01;3;0
1;2025-11-01;4;8
1;2025-11-01;5;137
1;2025-11-01;6;559
1;2025-11-01;7;1553
1;2025-11-01;8;1958
1;2025-11-01;9;1509
1;2025-11-01;10;1347
1;2025-11-01;11;1399
1;2025-11-01;12;1421
1;2025-11-01;13;1465
1;2025-11-01;14;1403
1;2025-11-01;15;1572
1;2025-11-01;16;1576
1;2025-11-01;17;1821
1;2025-11-01;18;1821
1;2025-11-01;19;1392
1;2025-11-01;20;903
1;2025-11-01;21;503
1;2025-11-01;22;244
1;2025-11-01;23;53
1;2025-11-02;0;2
1;2025-11-02;1;0
1;2025-11-02;2;0
1;2025-11-02;3;0
1;2025-11-02;4;0
1;2025-11-02;5;25
1;2025-11-02;6;128
1;2025-11-02;7;246
1;2025-11-02;8;352
1;2025-11-02;9;579
1;2025-11-02;10;671
1;2025-11-02;11;660
1;2025-11-02;12;816
1;2025-11-02;13;856
1;2025-11-02;14;766
1;2025-11-02;15;701
1;2025-11-02;16;637
1;2025-11-02;17;585
1;2025-11-02;18;536
1;2025-11-02;19;454
1;2025-11-02;20;338
1;2025-11-02;21;257
1;2025-11-02;22;104
1;2025-11-02;23;34
1;2025-11-03;0;1
1;2025-11-03;1;0
1;2025-11-03;2;0
1;2025-11-03;3;0
1;2025-11-03;4;0
1;2025-11-03;5;25
1;2025-11-03;6;125
1;2025-11-03;7;240
1;2025-11-03;8;342
1;2025-11-03;9;560
1;2025-11-03;10;651
1;2025-11-03;11;627
1;2025-11-03;12;782
1;2025-11-03;13;830
1;2025-11-03;14;744
1;2025-11-03;15;689
1;2025-11-03;16;628
1;2025-11-03;17;574
1;2025-11-03;18;521
1;2025-11-03;19;445
1;2025-11-03;20;330
1;2025-11-03;21;255
1;2025-11-03;22;105
1;2025-11-03;23;33
1;2025-11-04;0;1
1;2025-11-04;1;0
1;2025-11-04;2;0
1;2025-11-04;3;0
1;2025-11-04;4;0
1;2025-11-04;5;25
1;2025-11-04;6;125
1;2025-11-04;7;240
1;2025-11-04;8;342
1;2025-11-04;9;560
1;2025-11-04;10;650
1;2025-11-04;11;627
1;2025-11-04;12;782
1;2025-11-04;13;829
1;2025-11-04;14;744
1;2025-11-04;15;688
1;2025-11-04;16;627
1;2025-11-04;17;574
1;2025-11-04;18;521
1;2025-11-04;19;445
1;2025-11-04;20;330
1;2025-11-04;21;254
1;2025-11-04;22;105
1;2025-11-04;23;33
1;2025-11-05;0;4
1;2025-11-05;1;0
1;2025-11-05;2;0
1;2025-11-05;3;0
1;2025-11-05;4;8
1;2025-11-05;5;136
1;2025-11-05;6;553
1;2025-11-05;7;1515
1;2025-11-05;8;1933
1;2025-11-05;9;1487
1;2025-11-05;10;1323
1;2025-11-05;11;1367
1;2025-11-05;12;1400
1;2025-11-05;13;1450
1;2025-11-05;14;1386
1;2025-11-05;15;1551
1;2025-11-05;16;1538
1;2025-11-05;17;1796
1;2025-11-05;18;1802
1;2025-11-05;19;1379
1;2025-11-05;20;891
1;2025-11-05;21;495
1;2025-11-05;22;244
1;2025-11-05;23;50
1;2025-11-06;0;5
1;2025-11-06;1;0
1;2025-11-06;2;0
1;2025-11-06;3;0
1;2025-11-06;4;8
1;2025-11-06;5;130
1;2025-11-06;6;540
1;2025-11-06;7;1511
1;2025-11-06;8;1914
1;2025-11-06;9;1486
1;2025-11-06;10;1337
1;2025-11-06;11;1375
1;2025-11-06;12;1405
1;2025-11-06;13;1446
1;2025-11-06;14;1396
1;2025-11-06;15;1549
1;2025-11-06;16;1547
1;2025-11-06;17;1784
1;2025-11-06;18;1788
1;2025-11-06;19;1365
1;2025-11-06;20;889
1;2025-11-06;21;501
1;2025-11-06;22;241
1;2025-11-06;23;55
1;2025-11-07;0;5
1;2025-11-07;1;0
1;2025-11-07;2;0
1;2025-11-07;3;0
1;2025-11-07;4;8
1;2025-11-07;5;134
1;2025-11-07;6;535
1;2025-11-07;7;1511
1;2025-11-07;8;1878
1;2025-11-07;9;1459
1;2025-11-07;10;1319
1;2025-11-07;11;1391
1;2025-11-07;12;1397
1;2025-11-07;13;1452
1;2025-11-07;14;1388
1;2025-11-07;15;1547
1;2025-11-07;16;1578
1;2025-11-07;17;1760
1;2025-11-07;18;1676
1;2025-11-07;19;1281
1;2025-11-07;20;852
1;2025-11-07;21;503
1;2025-11-07;22;244
1;2025-11-07;23;56
1;2025-11-08;0;8
1;2025-11-08;1;0
1;2025-11-08;2;0
1;2025-11-08;3;0
1;2025-11-08;4;0
1;2025-11-08;5;32
1;2025-11-08;6;174
1;2025-11-08;7;349
1;2025-11-08;8;476
1;2025-11-08;9;751
1;2025-11-08;10;861
1;2025-11-08;11;807
1;2025-11-08;12;1015
1;2025-11-08;13;1042
1;2025-11-08;14;976
1;2025-11-08;15;855
1;2025-11-08;16;781
1;2025-11-08;17;720
1;2025-11-08;18;647
1;2025-11-08;19;587
1;2025-11-08;20;432
1;2025-11-08;21;312
1;2025-11-08;22;142
1;2025-11-08;23;36
1;2025-11-09;0;2
1;2025-11-09;1;0
1;2025-11-09;2;0
1;2025-11-09;3;0
1;2025-11-09;4;0
1;2025-11-09;5;25
1;2025-11-09;6;127
1;2025-11-09;7;246
1;2025-11-09;8;350
1;2025-11-09;9;577
1;2025-11-09;10;670
1;2025-11-09;11;659
1;2025-11-09;12;814
1;2025-11-09;13;854
1;2025-11-09;14;764
1;2025-11-09;15;700
1;2025-11-09;16;635
1;2025-11-09;17;583
1;2025-11-09;18;535
1;2025-11-09;19;453
1;2025-11-09;20;337
1;2025-11-09;21;256
1;2025-11-09;22;104
1;2025-11-09;23;33
1;2025-11-10;0;2
1;2025-11-10;1;0
1;2025-11-10;2;0
1;2025-11-10;3;0
1;2025-11-10;4;8
1;2025-11-10;5;132
1;2025-11-10;6;549
1;2025-11-10;7;1509
1;2025-11-10;8;1906
1;2025-11-10;9;1450
1;2025-11-10;10;1283
1;2025-11-10;11;1333
1;2025-11-10;12;1380
1;2025-11-10;13;1398
1;2025-11-10;14;1351
1;2025-11-10;15;1527
1;2025-11-10;16;1545
1;2025-11-10;17;1784
1;2025-11-10;18;1827
1;2025-11-10;19;1394
1;2025-11-10;20;883
1;2025-11-10;21;484
1;2025-11-10;22;228
1;2025-11-10;23;47
1;2025-11-11;0;4
1;2025-11-11;1;0
1;2025-11-11;2;0
1;2025-11-11;3;1
1;2025-11-11;4;8
1;2025-11-11;5;135
1;2025-11-11;6;556
1;2025-11-11;7;1556
1;2025-11-11;8;1938
1;2025-11-11;9;1505
1;2025-11-11;10;1350
1;2025-11-11;11;1382
1;2025-11-11;12;1400
1;2025-11-11;13;1443
1;2025-11-11;14;1377
1;2025-11-11;15;1527
1;2025-11-11;16;1537
1;2025-11-11;17;1786
1;2025-11-11;18;1806
1;2025-11-11;19;1397
1;2025-11-11;20;906
1;2025-11-11;21;496
1;2025-11-11;22;240
1;2025-11-11;23;49
1;2025-11-12;0;4
1;2025-11-12;1;0
1;2025-11-12;2;0
1;2025-11-12;3;0
1;2025-11-12;4;8
1;2025-11-12;5;135
1;2025-11-12;6;553
1;2025-11-12;7;1513
1;2025-11-12;8;1931
1;2025-11-12;9;1485
1;2025-11-12;10;1322
1;2025-11-12;11;1366
1;2025-11-12;12;1398
1;2025-11-12;13;1448
1;2025-11-12;14;1385
1;2025-11-12;15;1550
1;2025-11-12;16;1536
1;2025-11-12;17;1793
1;2025-11-12;18;1799
1;2025-11-12;19;1378
1;2025-11-12;20;891
1;2025-11-12;21;494
1;2025-11-12;22;244
1;2025-11-12;23;50
1;2025-11-13;0;5
1;2025-11-13;1;0
1;2025-11-13;2;0
1;2025-11-13;3;0
1;2025-11-13;4;8
1;2025-11-13;5;130
1;2025-11-13;6;541
1;2025-11-13;7;1512
1;2025-11-13;8;1914
1;2025-11-13;9;1486
1;2025-11-13;10;1337
1;2025-11-13;11;1376
1;2025-11-13;12;1405
1;2025-11-13;13;1446
1;2025-11-13;14;1396
1;2025-11-13;15;1550
1;2025-11-13;16;1548
1;2025-11-13;17;1785
1;2025-11-13;18;1789
1;2025-11-13;19;1365
1;2025-11-13;20;889
1;2025-11-13;21;501
1;2025-11-13;22;241
1;2025-11-13;23;55
1;2025-11-14;0;5
1;2025-11-14;1;0
1;2025-11-14;2;0
1;2025-11-14;3;0
1;2025-11-14;4;8
1;2025-11-14;5;134
1;2025-11-14;6;534
1;2025-11-14;7;1508
1;2025-11-14;8;1875
1;2025-11-14;9;1456
1;2025-11-14;10;1316
1;2025-11-14;11;1388
1;2025-11-14;12;1394
1;2025-11-14;13;1448
1;2025-11-14;14;1384
1;2025-11-14;15;1544
1;2025-11-14;16;1574
1;2025-11-14;17;1757
1;2025-11-14;18;1673
1;2025-11-14;19;1278
1;2025-11-14;20;850
1;2025-11-14;21;502
1;2025-11-14;22;243
1;2025-11-14;23;56
1;2025-11-15;0;8
1;2025-11-15;1;0
1;2025-11-15;2;0
1;2025-11-15;3;0
1;2025-11-15;4;0
1;2025-11-15;5;31
1;2025-11-15;6;173
1;2025-11-15;7;348
1;2025-11-15;8;474
1;2025-11-15;9;747
1;2025-11-15;10;857
1;2025-11-15;11;803
1;2025-11-15;12;1010
1;2025-11-15;13;1037
1;2025-11-15;14;972
1;2025-11-15;15;851
1;2025-11-15;16;777
1;2025-11-15;17;717
1;2025-11-15;18;644
1;2025-11-15;19;584
1;2025-11-15;20;429
1;2025-11-15;21;311
1;2025-11-15;22;142
1;2025-11-15;23;36
1;2025-11-16;0;2
1;2025-11-16;1;0
1;2025-11-16;2;0
1;2025-11-16;3;0
1;2025-11-16;4;0
1;2025-11-16;5;25
1;2025-11-16;6;127
1;2025-11-16;7;245
1;2025-11-16;8;350
1;2025-11-16;9;576
1;2025-11-16;10;668
1;2025-11-16;11;657
1;2025-11-16;12;812
1;2025-11-16;13;852
1;2025-11-16;14;763
1;2025-11-16;15;698
1;2025-11-16;16;634
1;2025-11-16;17;582
1;2025-11-16;18;533
1;2025-11-16;19;452
1;2025-11-16;20;336
1;2025-11-16;21;256
1;2025-11-16;22;104
1;2025-11-16;23;33
1;2025-11-17;0;2
1;2025-11-17;1;0
1;2025-11-17;2;0
1;2025-11-17;3;0
1;2025-11-17;4;8
1;2025-11-17;5;132
1;2025-11-17;6;547
1;2025-11-17;7;1503
1;2025-11-17;8;1899
1;2025-11-17;9;1445
1;2025-11-17;10;1278
1;2025-11-17;11;1328
1;2025-11-17;12;1375
1;2025-11-17;13;1393
1;2025-11-17;14;1346
1;2025-11-17;15;1521
1;2025-11-17;16;1539
1;2025-11-17;17;1778
1;2025-11-17;18;1821
1;2025-11-17;19;1389
1;2025-11-17;20;880
1;2025-11-17;21;482
1;2025-11-17;22;226
1;2025-11-17;23;47
1;2025-11-18;0;4
1;2025-11-18;1;0
1;2025-11-18;2;0
1;2025-11-18;3;1
1;2025-11-18;4;8
1;2025-11-18;5;135
1;2025-11-18;6;555
1;2025-11-18;7;1551
1;2025-11-18;8;1931
1;2025-11-18;9;1500
1;2025-11-18;10;1346
1;2025-11-18;11;1377
1;2025-11-18;12;1395
1;2025-11-18;13;1438
1;2025-11-18;14;1373
1;2025-11-18;15;1522
1;2025-11-18;16;1532
1;2025-11-18;17;1780
1;2025-11-18;18;1799
1;2025-11-18;19;1393
1;2025-11-18;20;903
1;2025-11-18;21;495
1;2025-11-18;22;240
1;2025-11-18;23;49
1;2025-11-19;0;4
1;2025-11-19;1;0
1;2025-11-19;2;0
1;2025-11-19;3;0
1;2025-11-19;4;8
1;2025-11-19;5;135
1;2025-11-19;6;551
1;2025-11-19;7;1508
1;2025-11-19;8;1925
1;2025-11-19;9;1480
1;2025-11-19;10;1317
1;2025-11-19;11;1361
1;2025-11-19;12;1394
1;2025-11-19;13;1444
1;2025-11-19;14;1380
1;2025-11-19;15;1545
1;2025-11-19;16;1532
1;2025-11-19;17;1787
1;2025-11-19;18;1793
1;2025-11-19;19;1373
1;2025-11-19;20;887
1;2025-11-19;21;493
1;2025-11-19;22;243
1;2025-11-19;23;50
1;2025-11-20;0;5
1;2025-11-20;1;0
1;2025-11-20;2;0
1;2025-11-20;3;0
1;2025-11-20;4;8
1;2025-11-20;5;129
1;2025-11-20;6;539
1;2025-11-20;7;1507
1;2025-11-20;8;1909
1;2025-11-20;9;1482
1;2025-11-20;10;1333
1;2025-11-20;11;1372
1;2025-11-20;12;1401
1;2025-11-20;13;1441
1;2025-11-20;14;1392
1;2025-11-20;15;1545
1;2025-11-20;16;1543
1;2025-11-20;17;1779
1;2025-11-20;18;1783
1;2025-11-20;19;1361
1;2025-11-20;20;887
1;2025-11-20;21;499
1;2025-11-20;22;240
1;2025-11-20;23;55
1;2025-11-21;0;5
1;2025-11-21;1;0
1;2025-11-21;2;0
1;2025-11-21;3;0
1;2025-11-21;4;8
1;2025-11-21;5;133
1;2025-11-21;6;532
1;2025-11-21;7;1504
1;2025-11-21;8;1870
1;2025-11-21;9;1452
1;2025-11-21;10;1313
1;2025-11-21;11;1384
1;2025-11-21;12;1390
1;2025-11-21;13;1444
1;2025-11-21;14;1380
1;2025-11-21;15;1540
1;2025-11-21;16;1570
1;2025-11-21;17;1752
1;2025-11-21;18;1668
1;2025-11-21;19;1275
1;2025-11-21;20;847
1;2025-11-21;21;500
1;2025-11-21;22;242
1;2025-11-21;23;56
1;2025-11-22;0;8
1;2025-11-22;1;0
1;2025-11-22;2;0
1;2025-11-22;3;0
1;2025-11-22;4;0
1;2025-11-22;5;31
1;2025-11-22;6;172
1;2025-11-22;7;345
1;2025-11-22;8;471
1;2025-11-22;9;743
1;2025-11-22;10;852
1;2025-11-22;11;798
1;2025-11-22;12;1005
1;2025-11-22;13;1032
1;2025-11-22;14;966
1;2025-11-22;15;846
1;2025-11-22;16;773
1;2025-11-22;17;713
1;2025-11-22;18;641
1;2025-11-22;19;581
1;2025-11-22;20;427
1;2025-11-22;21;308
1;2025-11-22;22;140
1;2025-11-22;23;36
1;2025-11-23;0;2
1;2025-11-23;1;0
1;2025-11-23;2;0
1;2025-11-23;3;0
1;2025-11-23;4;0
1;2025-11-23;5;25
1;2025-11-23;6;126
1;2025-11-23;7;244
1;2025-11-23;8;348
1;2025-11-23;9;574
1;2025-11-23;10;666
1;2025-11-23;11;655
1;2025-11-23;12;809
1;2025-11-23;13;849
1;2025-11-23;14;760
1;2025-11-23;15;695
1;2025-11-23;16;631
1;2025-11-23;17;580
1;2025-11-23;18;532
1;2025-11-23;19;450
1;2025-11-23;20;335
1;2025-11-23;21;255
1;2025-11-23;22;103
1;2025-11-23;23;33
1;2025-11-24;0;2
1;2025-11-24;1;0
1;2025-11-24;2;0
1;2025-11-24;3;0
1;2025-11-24;4;8
1;2025-11-24;5;132
1;2025-11-24;6;546
1;2025-11-24;7;1499
1;2025-11-24;8;1893
1;2025-11-24;9;1441
1;2025-11-24;10;1275
1;2025-11-24;11;1325
1;2025-11-24;12;1372
1;2025-11-24;13;1390
1;2025-11-24;14;1342
1;2025-11-24;15;1517
1;2025-11-24;16;1534
1;2025-11-24;17;1773
1;2025-11-24;18;1816
1;2025-11-24;19;1386
1;2025-11-24;20;878
1;2025-11-24;21;481
1;2025-11-24;22;226
1;2025-11-24;23;47
1;2025-11-25;0;4
1;2025-11-25;1;0
1;2025-11-25;2;0
1;2025-11-25;3;1
1;2025-11-25;4;8
1;2025-11-25;5;134
1;2025-11-25;6;553
1;2025-11-25;7;1547
1;2025-11-25;8;1926
1;2025-11-25;9;1496
1;2025-11-25;10;1342
1;2025-11-25;11;1374
1;2025-11-25;12;1392
1;2025-11-25;13;1435
1;2025-11-25;14;1369
1;2025-11-25;15;1518
1;2025-11-25;16;1528
1;2025-11-25;17;1775
1;2025-11-25;18;1794
1;2025-11-25;19;1389
1;2025-11-25;20;901
1;2025-11-25;21;493
1;2025-11-25;22;239
1;2025-11-25;23;49
1;2025-11-26;0;4
1;2025-11-26;1;0
1;2025-11-26;2;0
1;2025-11-26;3;0
1;2025-11-26;4;8
1;2025-11-26;5;134
1;2025-11-26;6;549
1;2025-11-26;7;1505
1;2025-11-26;8;1920
1;2025-11-26;9;1477
1;2025-11-26;10;1314
1;2025-11-26;11;1358
1;2025-11-26;12;1391
1;2025-11-26;13;1441
1;2025-11-26;14;1377
1;2025-11-26;15;1541
1;2025-11-26;16;1528
1;2025-11-26;17;1784
1;2025-11-26;18;1790
1;2025-11-26;19;1370
1;2025-11-26;20;886
1;2025-11-26;21;492
1;2025-11-26;22;243
1;2025-11-26;23;50
1;2025-11-27;0;5
1;2025-11-27;1;0
1;2025-11-27;2;0
1;2025-11-27;3;0
1;2025-11-27;4;8
1;2025-11-27;5;129
1;2025-11-27;6;537
1;2025-11-27;7;1503
1;2025-11-27;8;1904
1;2025-11-27;9;1478
1;2025-11-27;10;1330
1;2025-11-27;11;1368
1;2025-11-27;12;1397
1;2025-11-27;13;1438
1;2025-11-27;14;1389
1;2025-11-27;15;1541
1;2025-11-27;16;1539
1;2025-11-27;17;1774
1;2025-11-27;18;1778
1;2025-11-27;19;1357
1;2025-11-27;20;884
1;2025-11-27;21;498
1;2025-11-27;22;240
1;2025-11-27;23;55
1;2025-11-28;0;5
1;2025-11-28;1;0
1;2025-11-28;2;0
1;2025-11-28;3;0
1;2025-11-28;4;7
1;2025-11-28;5;132
1;2025-11-28;6;531
1;2025-11-28;7;1499
1;2025-11-28;8;1863
1;2025-11-28;9;1447
1;2025-11-28;10;1309
1;2025-11-28;11;1380
1;2025-11-28;12;1385
1;2025-11-28;13;1440
1;2025-11-28;14;1376
1;2025-11-28;15;1534
1;2025-11-28;16;1565
1;2025-11-28;17;1746
1;2025-11-28;18;1663
1;2025-11-28;19;1271
1;2025-11-28;20;844
1;2025-11-28;21;498
1;2025-11-28;22;242
1;2025-11-28;23;56
1;2025-11-29;0;8
1;2025-11-29;1;0
1;2025-11-29;2;0
1;2025-11-29;3;0
1;2025-11-29;4;0
1;2025-11-29;5;31
1;2025-11-29;6;171
1;2025-11-29;7;343
1;2025-11-29;8;468
1;2025-11-29;9;739
1;2025-11-29;10;848
1;2025-11-29;11;794
1;2025-11-29;12;999
1;2025-11-29;13;1026
1;2025-11-29;14;961
1;2025-11-29;15;842
1;2025-11-29;16;769
1;2025-11-29;17;709
1;2025-11-29;18;637
1;2025-11-29;19;577
1;2025-11-29;20;424
1;2025-11-29;21;306
1;2025-11-29;22;140
1;2025-11-29;23;35
1;2025-11-30;0;2
1;2025-11-30;1;0
1;2025-11-30;2;0
1;2025-11-30;3;0
1;2025-11-30;4;0
1;2025-11-30;5;25
1;2025-11-30;6;126
1;2025-11-30;7;244
1;2025-11-30;8;348
1;2025-11-30;9;573
1;2025-11-30;10;665
1;2025-11-30;11;654
1;2025-11-30;12;808
1;2025-11-30;13;847
1;2025-11-30;14;758
1;2025-11-30;15;694
1;2025-11-30;16;631
1;2025-11-30;17;578
1;2025-11-30;18;530
1;2025-11-30;19;449
1;2025-11-30;20;335
1;2025-11-30;21;254
1;2025-11-30;22;103
1;2025-11-30;23;33
1;2025-12-01;0;2
1;2025-12-01;1;0
1;2025-12-01;2;0
1;2025-12-01;3;0
1;2025-12-01;4;8
1;2025-12-01;5;131
1;2025-12-01;6;544
1;2025-12-01;7;1495
1;2025-12-01;8;1888
1;2025-12-01;9;1437
1;2025-12-01;10;1271
1;2025-12-01;11;1321
1;2025-12-01;12;1367
1;2025-12-01;13;1386
1;2025-12-01;14;1338
1;2025-12-01;15;1513
1;2025-12-01;16;1531
1;2025-12-01;17;1768
1;2025-12-01;18;1810
1;2025-12-01;19;1382
1;2025-12-01;20;875
1;2025-12-01;21;479
1;2025-12-01;22;225
1;2025-12-01;23;47
1;2025-12-02;0;4
1;2025-12-02;1;0
1;2025-12-02;2;0
1;2025-12-02;3;1
1;2025-12-02;4;8
1;2025-12-02;5;133
1;2025-12-02;6;551
1;2025-12-02;7;1543
1;2025-12-02;8;1921
1;2025-12-02;9;1492
1;2025-12-02;10;1339
1;2025-12-02;11;1371
1;2025-12-02;12;1388
1;2025-12-02;13;1430
1;2025-12-02;14;1366
1;2025-12-02;15;1514
1;2025-12-02;16;1524
1;2025-12-02;17;1770
1;2025-12-02;18;1789
1;2025-12-02;19;1385
1;2025-12-02;20;898
1;2025-12-02;21;491
1;2025-12-02;22;239
1;2025-12-02;23;49
1;2025-12-03;0;4
1;2025-12-03;1;0
1;2025-12-03;2;0
1;2025-12-03;3;0
1;2025-12-03;4;8
1;2025-12-03;5;134
1;2025-12-03;6;548
1;2025-12-03;7;1501
1;2025-12-03;8;1916
1;2025-12-03;9;1474
1;2025-12-03;10;1312
1;2025-12-03;11;1355
1;2025-12-03;12;1388
1;2025-12-03;13;1438
1;2025-12-03;14;1374
1;2025-12-03;15;1538
1;2025-12-03;16;1525
1;2025-12-03;17;1780
1;2025-12-03;18;1786
1;2025-12-03;19;1367
1;2025-12-03;20;883
1;2025-12-03;21;490
1;2025-12-03;22;242
1;2025-12-03;23;50
1;2025-12-04;0;5
1;2025-12-04;1;0
1;2025-12-04;2;0
1;2025-12-04;3;0
1;2025-12-04;4;8
1;2025-12-04;5;128
1;2025-12-04;6;536
1;2025-12-04;7;1499
1;2025-12-04;8;1899
1;2025-12-04;9;1474
1;2025-12-04;10;1326
1;2025-12-04;11;1364
1;2025-12-04;12;1393
1;2025-12-04;13;1434
1;2025-12-04;14;1384
1;2025-12-04;15;1536
1;2025-12-04;16;1534
1;2025-12-04;17;1770
1;2025-12-04;18;1774
1;2025-12-04;19;1354
1;2025-12-04;20;882
1;2025-12-04;21;497
1;2025-12-04;22;239
1;2025-12-04;23;55
1;2025-12-05;0;5
1;2025-12-05;1;0
1;2025-12-05;2;0
1;2025-12-05;3;0
1;2025-12-05;4;7
1;2025-12-05;5;132
1;2025-12-05;6;530
1;2025-12-05;7;1497
1;2025-12-05;8;1861
1;2025-12-05;9;1446
1;2025-12-05;10;1307
1;2025-12-05;11;1378
1;2025-12-05;12;1384
1;2025-12-05;13;1438
1;2025-12-05;14;1374
1;2025-12-05;15;1532
1;2025-12-05;16;1563
1;2025-12-05;17;1745
1;2025-12-05;18;1660
1;2025-12-05;19;1269
1;2025-12-05;20;844
1;2025-12-05;21;498
1;2025-12-05;22;241
1;2025-12-05;23;56
1;2025-12-06;0;8
1;2025-12-06;1;0
1;2025-12-06;2;0
1;2025-12-06;3;0
1;2025-12-06;4;0
1;2025-12-06;5;31
1;2025-12-06;6;171
1;2025-12-06;7;342
1;2025-12-06;8;467
1;2025-12-06;9;737
1;2025-12-06;10;846
1;2025-12-06;11;792
1;2025-12-06;12;996
1;2025-12-06;13;1023
1;2025-12-06;14;958
1;2025-12-06;15;839
1;2025-12-06;16;767
1;2025-12-06;17;707
1;2025-12-06;18;635
1;2025-12-06;19;576
1;2025-12-06;20;423
1;2025-12-06;21;305
1;2025-12-06;22;139
1;2025-12-06;23;35
1;2025-12-07;0;2
1;2025-12-07;1;0
1;2025-12-07;2;0
1;2025-12-07;3;0
1;2025-12-07;4;0
1;2025-12-07;5;25
1;2025-12-07;6;126
1;2025-12-07;7;243
1;2025-12-07;8;348
1;2025-12-07;9;572
1;2025-12-07;10;663
1;2025-12-07;11;652
1;2025-12-07;12;806
1;2025-12-07;13;846
1;2025-12-07;14;756
1;2025-12-07;15;692
1;2025-12-07;16;629
1;2025-12-07;17;577
1;2025-12-07;18;530
1;2025-12-07;19;448
1;2025-12-07;20;334
1;2025-12-07;21;253
1;2025-12-07;22;103
1;2025-12-07;23;33
1;2025-12-08;0;2
1;2025-12-08;1;0
1;2025-12-08;2;0
1;2025-12-08;3;0
1;2025-12-08;4;8
1;2025-12-08;5;131
1;2025-12-08;6;544
1;2025-12-08;7;1495
1;2025-12-08;8;1889
1;2025-12-08;9;1437
1;2025-12-08;10;1271
1;2025-12-08;11;1321
1;2025-12-08;12;1368
1;2025-12-08;13;1386
1;2025-12-08;14;1338
1;2025-12-08;15;1513
1;2025-12-08;16;1530
1;2025-12-08;17;1768
1;2025-12-08;18;1811
1;2025-12-08;19;1382
1;2025-12-08;20;876
1;2025-12-08;21;479
1;2025-12-08;22;225
1;2025-12-08;23;47
1;2025-12-09;0;4
1;2025-12-09;1;0
1;2025-12-09;2;0
1;2025-12-09;3;1
1;2025-12-09;4;8
1;2025-12-09;5;133
1;2025-12-09;6;551
1;2025-12-09;7;1544
1;2025-12-09;8;1922
1;2025-12-09;9;1493
1;2025-12-09;10;1339
1;2025-12-09;11;1371
1;2025-12-09;12;1389
1;2025-12-09;13;1431
1;2025-12-09;14;1367
1;2025-12-09;15;1515
1;2025-12-09;16;1525
1;2025-12-09;17;1771
1;2025-12-09;18;1791
1;2025-12-09;19;1386
1;2025-12-09;20;898
1;2025-12-09;21;492
1;2025-12-09;22;238
1;2025-12-09;23;49
1;2025-12-10;0;4
1;2025-12-10;1;0
1;2025-12-10;2;0
1;2025-12-10;3;0
1;2025-12-10;4;8
1;2025-12-10;5;134
1;2025-12-10;6;548
1;2025-12-10;7;1502
1;2025-12-10;8;1915
1;2025-12-10;9;1474
1;2025-12-10;10;1312
1;2025-12-10;11;1355
1;2025-12-10;12;1387
1;2025-12-10;13;1437
1;2025-12-10;14;1373
1;2025-12-10;15;1538
1;2025-12-10;16;1525
1;2025-12-10;17;1779
1;2025-12-10;18;1785
1;2025-12-10;19;1367
1;2025-12-10;20;883
1;2025-12-10;21;490
1;2025-12-10;22;243
1;2025-12-10;23;50
1;2025-12-11;0;5
1;2025-12-11;1;0
1;2025-12-11;2;0
1;2025-12-11;3;0
1;2025-12-11;4;8
1;2025-12-11;5;128
1;2025-12-11;6;536
1;2025-12-11;7;1500
1;2025-12-11;8;1899
1;2025-12-11;9;1475
1;2025-12-11;10;1327
1;2025-12-11;11;1365
1;2025-12-11;12;1394
1;2025-12-11;13;1435
1;2025-12-11;14;1385
1;2025-12-11;15;1537
1;2025-12-11;16;1535
1;2025-12-11;17;1771
1;2025-12-11;18;1775
1;2025-12-11;19;1354
1;2025-12-11;20;882
1;2025-12-11;21;497
1;2025-12-11;22;239
1;2025-12-11;23;55
1;2025-12-12;0;5
1;2025-12-12;1;0
1;2025-12-12;2;0
1;2025-12-12;3;0
1;2025-12-12;4;7
1;2025-12-12;5;132
1;2025-12-12;6;530
1;2025-12-12;7;1497
1;2025-12-12;8;1862
1;2025-12-12;9;1446
1;2025-12-12;10;1307
1;2025-12-12;11;1379
1;2025-12-12;12;1385
1;2025-12-12;13;1439
1;2025-12-12;14;1375
1;2025-12-12;15;1533
1;2025-12-12;16;1564
1;2025-12-12;17;1745
1;2025-12-12;18;1661
1;2025-12-12;19;1269
1;2025-12-12;20;844
1;2025-12-12;21;498
1;2025-12-12;22;242
1;2025-12-12;23;55
1;2025-12-13;0;8
1;2025-12-13;1;0
1;2025-12-13;2;0
1;2025-12-13;3;0
1;2025-12-13;4;0
1;2025-12-13;5;31
1;2025-12-13;6;170
1;2025-12-13;7;342
1;2025-12-13;8;466
1;2025-12-13;9;735
1;2025-12-13;10;844
1;2025-12-13;11;790
1;2025-12-13;12;994
1;2025-12-13;13;1021
1;2025-12-13;14;956
1;2025-12-13;15;838
1;2025-12-13;16;765
1;2025-12-13;17;705
1;2025-12-13;18;634
1;2025-12-13;19;575
1;2025-12-13;20;423
1;2025-12-13;21;305
1;2025-12-13;22;139
1;2025-12-13;23;35
1;2025-12-14;0;2
1;2025-12-14;1;0
1;2025-12-14;2;0
1;2025-12-14;3;0
1;2025-12-14;4;0
1;2025-12-14;5;25
1;2025-12-14;6;126
1;2025-12-14;7;244
1;2025-12-14;8;347
1;2025-12-14;9;571
1;2025-12-14;10;664
1;2025-12-14;11;652
1;2025-12-14;12;806
1;2025-12-14;13;845
1;2025-12-14;14;757
1;2025-12-14;15;693
1;2025-12-14;16;629
1;2025-12-14;17;577
1;2025-12-14;18;529
1;2025-12-14;19;448
1;2025-12-14;20;334
1;2025-12-14;21;254
1;2025-12-14;22;103
1;2025-12-14;23;33
1;2025-12-15;0;2
1;2025-12-15;1;0
1;2025-12-15;2;0
1;2025-12-15;3;0
1;2025-12-15;4;8
1;2025-12-15;5;131
1;2025-12-15;6;543
1;2025-12-15;7;1494
1;2025-12-15;8;1888
1;2025-12-15;9;1436
1;2025-12-15;10;1271
1;2025-12-15;11;1321
1;2025-12-15;12;1368
1;2025-12-15;13;1386
1;2025-12-15;14;1338
1;2025-12-15;15;1512
1;2025-12-15;16;1530
1;2025-12-15;17;1767
1;2025-12-15;18;1810
1;2025-12-15;19;1382
1;2025-12-15;20;875
1;2025-12-15;21;479
1;2025-12-15;22;225
1;2025-12-15;23;47
1;2025-12-16;0;4
1;2025-12-16;1;0
1;2025-12-16;2;0
1;2025-12-16;3;1
1;2025-12-16;4;8
1;2025-12-16;5;133
1;2025-12-16;6;552
1;2025-12-16;7;1542
1;2025-12-16;8;1921
1;2025-12-16;9;1492
1;2025-12-16;10;1338
1;2025-12-16;11;1370
1;2025-12-16;12;1388
1;2025-12-16;13;1431
1;2025-12-16;14;1365
1;2025-12-16;15;1514
1;2025-12-16;16;1524
1;2025-12-16;17;1770
1;2025-12-16;18;1789
1;2025-12-16;19;1385
1;2025-12-16;20;898
1;2025-12-16;21;492
1;2025-12-16;22;238
1;2025-12-16;23;49
1;2025-12-17;0;4
1;2025-12-17;1;0
1;2025-12-17;2;0
1;2025-12-17;3;0
1;2025-12-17;4;8
1;2025-12-17;5;134
1;2025-12-17;6;548
1;2025-12-17;7;1500
1;2025-12-17;8;1914
1;2025-12-17;9;1472
1;2025-12-17;10;1310
1;2025-12-17;11;1354
1;2025-12-17;12;1386
1;2025-12-17;13;1436
1;2025-12-17;14;1372
1;2025-12-17;15;1536
1;2025-12-17;16;1523
1;2025-12-17;17;1778
1;2025-12-17;18;1784
1;2025-12-17;19;1365
1;2025-12-17;20;882
1;2025-12-17;21;489
1;2025-12-17;22;243
1;2025-12-17;23;50
1;2025-12-18;0;5
1;2025-12-18;1;0
1;2025-12-18;2;0
1;2025-12-18;3;0
1;2025-12-18;4;8
1;2025-12-18;5;128
1;2025-12-18;6;536
1;2025-12-18;7;1498
1;2025-12-18;8;1898
1;2025-12-18;9;1474
1;2025-12-18;10;1325
1;2025-12-18;11;1364
1;2025-12-18;12;1393
1;2025-12-18;13;1434
1;2025-12-18;14;1384
1;2025-12-18;15;1536
1;2025-12-18;16;1534
1;2025-12-18;17;1769
1;2025-12-18;18;1773
1;2025-12-18;19;1353
1;2025-12-18;20;881
1;2025-12-18;21;496
1;2025-12-18;22;239
1;2025-12-18;23;55
1;2025-12-19;0;5
1;2025-12-19;1;0
1;2025-12-19;2;0
1;2025-12-19;3;0
1;2025-12-19;4;7
1;2025-12-19;5;132
1;2025-12-19;6;529
1;2025-12-19;7;1496
1;2025-12-19;8;1860
1;2025-12-19;9;1444
1;2025-12-19;10;1306
1;2025-12-19;11;1378
1;2025-12-19;12;1383
1;2025-12-19;13;1437
1;2025-12-19;14;1374
1;2025-12-19;15;1531
1;2025-12-19;16;1562
1;2025-12-19;17;1743
1;2025-12-19;18;1659
1;2025-12-19;19;1268
1;2025-12-19;20;843
1;2025-12-19;21;497
1;2025-12-19;22;241
1;2025-12-19;23;55
1;2025-12-20;0;8
1;2025-12-20;1;0
1;2025-12-20;2;0
1;2025-12-20;3;0
1;2025-12-20;4;0
1;2025-12-20;5;31
1;2025-12-20;6;170
1;2025-12-20;7;341
1;2025-12-20;8;465
1;2025-12-20;9;733
1;2025-12-20;10;841
1;2025-12-20;11;787
1;2025-12-20;12;991
1;2025-12-20;13;1018
1;2025-12-20;14;953
1;2025-12-20;15;835
1;2025-12-20;16;762
1;2025-12-20;17;703
1;2025-12-20;18;632
1;2025-12-20;19;573
1;2025-12-20;20;421
1;2025-12-20;21;304
1;2025-12-20;22;138
1;2025-12-20;23;35
1;2025-12-21;0;2
1;2025-12-21;1;0
1;2025-12-21;2;0
1;2025-12-21;3;0
1;2025-12-21;4;0
1;2025-12-21;5;25
1;2025-12-21;6;126
1;2025-12-21;7;243
1;2025-12-21;8;347
1;2025-12-21;9;571
1;2025-12-21;10;662
1;2025-12-21;11;651
1;2025-12-21;12;805
1;2025-12-21;13;845
1;2025-12-21;14;756
1;2025-12-21;15;691
1;2025-12-21;16;628
1;2025-12-21;17;576
1;2025-12-21;18;529
1;2025-12-21;19;448
1;2025-12-21;20;334
1;2025-12-21;21;253
1;2025-12-21;22;103
1;2025-12-21;23;33
1;2025-12-22;0;2
1;2025-12-22;1;0
1;2025-12-22;2;0
1;2025-12-22;3;0
1;2025-12-22;4;8
1;2025-12-22;5;131
1;2025-12-22;6;543
1;2025-12-22;7;1493
1;2025-12-22;8;1886
1;2025-12-22;9;1435
1;2025-12-22;10;1269
1;2025-12-22;11;1320
1;2025-12-22;12;1366
1;2025-12-22;13;1384
1;2025-12-22;14;1337
1;2025-12-22;15;1511
1;2025-12-22;16;1528
1;2025-12-22;17;1765
1;2025-12-22;18;1808
1;2025-12-22;19;1381
1;2025-12-22;20;874
1;2025-12-22;21;479
1;2025-12-22;22;225
1;2025-12-22;23;47
1;2025-12-23;0;4
1;2025-12-23;1;0
1;2025-12-23;2;0
1;2025-12-23;3;1
1;2025-12-23;4;8
1;2025-12-23;5;133
1;2025-12-23;6;551
1;2025-12-23;7;1542
1;2025-12-23;8;1919
1;2025-12-23;9;1491
1;2025-12-23;10;1337
1;2025-12-23;11;1369
1;2025-12-23;12;1387
1;2025-12-23;13;1429
1;2025-12-23;14;1364
1;2025-12-23;15;1513
1;2025-12-23;16;1523
1;2025-12-23;17;1769
1;2025-12-23;18;1788
1;2025-12-23;19;1384
1;2025-12-23;20;897
1;2025-12-23;21;491
1;2025-12-23;22;238
1;2025-12-23;23;49
1;2025-12-24;0;4
1;2025-12-24;1;0
1;2025-12-24;2;0
1;2025-12-24;3;0
1;2025-12-24;4;8
1;2025-12-24;5;134
1;2025-12-24;6;547
1;2025-12-24;7;1499
1;2025-12-24;8;1912
1;2025-12-24;9;1471
1;2025-12-24;10;1309
1;2025-12-24;11;1353
1;2025-12-24;12;1385
1;2025-12-24;13;1435
1;2025-12-24;14;1372
1;2025-12-24;15;1535
1;2025-12-24;16;1522
1;2025-12-24;17;1777
1;2025-12-24;18;1783
1;2025-12-24;19;1365
1;2025-12-24;20;882
1;2025-12-24;21;489
1;2025-12-24;22;242
1;2025-12-24;23;50
1;2025-12-25;0;5
1;2025-12-25;1;0
1;2025-12-25;2;0
1;2025-12-25;3;0
1;2025-12-25;4;8
1;2025-12-25;5;128
1;2025-12-25;6;535
1;2025-12-25;7;1497
1;2025-12-25;8;1896
1;2025-12-25;9;1472
1;2025-12-25;10;1324
1;2025-12-25;11;1362
1;2025-12-25;12;1392
1;2025-12-25;13;1432
1;2025-12-25;14;1383
1;2025-12-25;15;1535
1;2025-12-25;16;1533
1;2025-12-25;17;1768
1;2025-12-25;18;1771
1;2025-12-25;19;1352
1;2025-12-25;20;880
1;2025-12-25;21;496
1;2025-12-25;22;239
1;2025-12-25;23;55
1;2025-12-26;0;5
1;2025-12-26;1;0
1;2025-12-26;2;0
1;2025-12-26;3;0
1;2025-12-26;4;7
1;2025-12-26;5;132
1;2025-12-26;6;529
1;2025-12-26;7;1494
1;2025-12-26;8;1858
1;2025-12-26;9;1442
1;2025-12-26;10;1304
1;2025-12-26;11;1375
1;2025-12-26;12;1381
1;2025-12-26;13;1435
1;2025-12-26;14;1371
1;2025-12-26;15;1529
1;2025-12-26;16;1559
1;2025-12-26;17;1740
1;2025-12-26;18;1657
1;2025-12-26;19;1266
1;2025-12-26;20;841
1;2025-12-26;21;496
1;2025-12-26;22;241
1;2025-12-26;23;55
1;2025-12-27;0;8
1;2025-12-27;1;0
1;2025-12-27;2;0
1;2025-12-27;3;0
1;2025-12-27;4;0
1;2025-12-27;5;31
1;2025-12-27;6;169
1;2025-12-27;7;340
1;2025-12-27;8;464
1;2025-12-27;9;731
1;2025-12-27;10;838
1;2025-12-27;11;785
1;2025-12-27;12;988
1;2025-12-27;13;1015
1;2025-12-27;14;950
1;2025-12-27;15;832
1;2025-12-27;16;760
1;2025-12-27;17;701
1;2025-12-27;18;630
1;2025-12-27;19;571
1;2025-12-27;20;420
1;2025-12-27;21;303
1;2025-12-27;22;138
1;2025-12-27;23;35
1;2025-12-28;0;2
1;2025-12-28;1;0
1;2025-12-28;2;0
1;2025-12-28;3;0
1;2025-12-28;4;0
1;2025-12-28;5;25
1;2025-12-28;6;125
1;2025-12-28;7;243
1;2025-12-28;8;347
1;2025-12-28;9;570
1;2025-12-28;10;662
1;2025-12-28;11;651
1;2025-12-28;12;804
1;2025-12-28;13;844
1;2025-12-28;14;755
1;2025-12-28;15;691
1;2025-12-28;16;628
1;2025-12-28;17;576
1;2025-12-28;18;528
1;2025-12-28;19;447
1;2025-12-28;20;333
1;2025-12-28;21;253
1;2025-12-28;22;103
1;2025-12-28;23;33
1;2025-12-29;0;2
1;2025-12-29;1;0
1;2025-12-29;2;0
1;2025-12-29;3;0
1;2025-12-29;4;8
1;2025-12-29;5;131
1;2025-12-29;6;542
1;2025-12-29;7;1491
1;2025-12-29;8;1883
1;2025-12-29;9;1433
1;2025-12-29;10;1268
1;2025-12-29;11;1318
1;2025-12-29;12;1364
1;2025-12-29;13;1382
1;2025-12-29;14;1335
1;2025-12-29;15;1509
1;2025-12-29;16;1526
1;2025-12-29;17;1763
1;2025-12-29;18;1806
1;2025-12-29;19;1378
1;2025-12-29;20;873
1;2025-12-29;21;478
1;2025-12-29;22;225
1;2025-12-29;23;47
1;2025-12-30;0;4
1;2025-12-30;1;0
1;2025-12-30;2;0
1;2025-12-30;3;1
1;2025-12-30;4;8
1;2025-12-30;5;133
1;2025-12-30;6;550
1;2025-12-30;7;1537
1;2025-12-30;8;1914
1;2025-12-30;9;1487
1;2025-12-30;10;1334
1;2025-12-30;11;1365
1;2025-12-30;12;1383
1;2025-12-30;13;1425
1;2025-12-30;14;1361
1;2025-12-30;15;1509
1;2025-12-30;16;1519
1;2025-12-30;17;1764
1;2025-12-30;18;1783
1;2025-12-30;19;1380
1;2025-12-30;20;895
1;2025-12-30;21;490
1;2025-12-30;22;238
1;2025-12-30;23;49
1;2025-12-31;0;1
1;2025-12-31;1;0
1;2025-12-31;2;0
1;2025-12-31;3;0
1;2025-12-31;4;0
1;2025-12-31;5;25
1;2025-12-31;6;123
1;2025-12-31;7;236
1;2025-12-31;8;336
1;2025-12-31;9;551
1;2025-12-31;10;639
1;2025-12-31;11;616
1;2025-12-31;12;769
1;2025-12-31;13;816
1;2025-12-31;14;731
1;2025-12-31;15;676
1;2025-12-31;16;616
1;2025-12-31;17;565
1;2025-12-31;18;512
1;2025-12-31;19;438
1;2025-12-31;20;324
1;2025-12-31;21;250
1;2025-12-31;22;103
1;2025-12-31;23;33
5;2025-11-01;0;0
5;2025-11-01;1;0
5;2025-11-01;2;0
5;2025-11-01;3;0
5;2025-11-01;4;0
5;2025-11-01;5;0
5;2025-11-01;6;0
5;2025-11-01;7;0
5;2025-11-01;8;0
5;2025-11-01;9;0
5;2025-11-01;10;0
5;2025-11-01;11;0
5;2025-11-01;12;0
5;2025-11-01;13;0
5;2025-11-01;14;0
5;2025-11-01;15;0
5;2025-11-01;16;0
5;2025-11-01;17;0
5;2025-11-01;18;0
5;2025-11-01;19;0
5;2025-11-01;20;0
5;2025-11-01;21;0
5;2025-11-01;22;0
5;2025-11-01;23;0
5;2025-11-02;0;0
5;2025-11-02;1;0
5;2025-11-02;2;0
5;2025-11-02;3;0
5;2025-11-02;4;0
5;2025-11-02;5;0
5;2025-11-02;6;0
5;2025-11-02;7;0
5;2025-11-02;8;0
5;2025-11-02;9;0
5;2025-11-02;10;0
5;2025-11-02;11;0
5;2025-11-02;12;0
5;2025-11-02;13;0
5;2025-11-02;14;0
5;2025-11-02;15;0
5;2025-11-02;16;0
5;2025-11-02;17;0
5;2025-11-02;18;0
5;2025-11-02;19;0
5;2025-11-02;20;0
5;2025-11-02;21;0
5;2025-11-02;22;0
5;2025-11-02;23;0
5;2025-11-03;0;0
5;2025-11-03;1;0
5;2025-11-03;2;0
5;2025-11-03;3;0
5;2025-11-03;4;0
5;2025-11-03;5;0
5;2025-11-03;6;0
5;2025-11-03;7;0
5;2025-11-03;8;0
5;2025-11-03;9;0
5;2025-11-03;10;0
5;2025-11-03;11;0
5;2025-11-03;12;0
5;2025-11-03;13;0
5;2025-11-03;14;0
5;2025-11-03;15;0
5;2025-11-03;16;0
5;2025-11-03;17;0
5;2025-11-03;18;0
5;2025-11-03;19;0
5;2025-11-03;20;0
5;2025-11-03;21;0
5;2025-11-03;22;0
5;2025-11-03;23;0
5;2025-11-04;0;0
5;2025-11-04;1;0
5;2025-11-04;2;0
5;2025-11-04;3;0
5;2025-11-04;4;0
5;2025-11-04;5;0
5;2025-11-04;6;0
5;2025-11-04;7;0
5;2025-11-04;8;0
5;2025-11-04;9;0
5;2025-11-04;10;0
5;2025-11-04;11;0
5;2025-11-04;12;0
5;2025-11-04;13;0
5;2025-11-04;14;0
5;2025-11-04;15;0
5;2025-11-04;16;0
5;2025-11-04;17;0
5;2025-11-04;18;0
5;2025-11-04;19;0
5;2025-11-04;20;0
5;2025-11-04;21;0
5;2025-11-04;22;0
5;2025-11-04;23;0
5;2025-11-05;0;0
5;2025-11-05;1;0
5;2025-11-05;2;0
5;2025-11-05;3;0
5;2025-11-05;4;0
5;2025-11-05;5;0
5;2025-11-05;6;0
5;2025-11-05;7;0
5;2025-11-05;8;0
5;2025-11-05;9;0
5;2025-11-05;10;0
5;2025-11-05;11;0
5;2025-11-05;12;0
5;2025-11-05;13;0
5;2025-11-05;14;0
5;2025-11-05;15;0
5;2025-11-05;16;0
5;2025-11-05;17;0
5;2025-11-05;18;0
5;2025-11-05;19;0
5;2025-11-05;20;0
5;2025-11-05;21;0
5;2025-11-05;22;0
5;2025-11-05;23;0
5;2025-11-06;0;0
5;2025-11-06;1;0
5;2025-11-06;2;0
5;2025-11-06;3;0
5;2025-11-06;4;0
5;2025-11-06;5;0
5;2025-11-06;6;0
5;2025-11-06;7;0
5;2025-11-06;8;0
5;2025-11-06;9;0
5;2025-11-06;10;0
5;2025-11-06;11;0
5;2025-11-06;12;0
5;2025-11-06;13;0
5;2025-11-06;14;0
5;2025-11-06;15;0
5;2025-11-06;16;0
5;2025-11-06;17;0
5;2025-11-06;18;0
5;2025-11-06;19;0
5;2025-11-06;20;0
5;2025-11-06;21;0
5;2025-11-06;22;0
5;2025-11-06;23;0
5;2025-11-07;0;0
5;2025-11-07;1;0
5;2025-11-07;2;0
5;2025-11-07;3;0
5;2025-11-07;4;0
5;2025-11-07;5;0
5;2025-11-07;6;0
5;2025-11-07;7;0
5;2025-11-07;8;0
5;2025-11-07;9;0
5;2025-11-07;10;0
5;2025-11-07;11;0
5;2025-11-07;12;0
5;2025-11-07;13;0
5;2025-11-07;14;0
5;2025-11-07;15;0
5;2025-11-07;16;0
5;2025-11-07;17;0
5;2025-11-07;18;0
5;2025-11-07;19;0
5;2025-11-07;20;0
5;2025-11-07;21;0
5;2025-11-07;22;0
5;2025-11-07;23;0
5;2025-11-08;0;0
5;2025-11-08;1;0
5;2025-11-08;2;0
5;2025-11-08;3;0
5;2025-11-08;4;0
5;2025-11-08;5;0
5;2025-11-08;6;0
5;2025-11-08;7;0
5;2025-11-08;8;0
5;2025-11-08;9;0
5;2025-11-08;10;0
5;2025-11-08;11;0
5;2025-11-08;12;0
5;2025-11-08;13;0
5;2025-11-08;14;0
5;2025-11-08;15;0
5;2025-11-08;16;0
5;2025-11-08;17;0
5;2025-11-08;18;0
5;2025-11-08;19;0
5;2025-11-08;20;0
5;2025-11-08;21;0
5;2025-11-08;22;0
5;2025-11-08;23;0
5;2025-11-09;0;0
5;2025-11-09;1;0
5;2025-11-09;2;0
5;2025-11-09;3;0
5;2025-11-09;4;0
5;2025-11-09;5;0
5;2025-11-09;6;0
5;2025-11-09;7;0
5;2025-11-09;8;0
5;2025-11-09;9;0
5;2025-11-09;10;0
5;2025-11-09;11;0
5;2025-11-09;12;0
5;2025-11-09;13;0
5;2025-11-09;14;0
5;2025-11-09;15;0
5;2025-11-09;16;0
5;2025-11-09;17;0
5;2025-11-09;18;0
5;2025-11-09;19;0
5;2025-11-09;20;0
5;2025-11-09;21;0
5;2025-11-09;22;0
5;2025-11-09;23;0
5;2025-11-10;0;0
5;2025-11-10;1;0
5;2025-11-10;2;0
5;2025-11-10;3;0
5;2025-11-10;4;0
5;2025-11-10;5;0
5;2025-11-10;6;0
5;2025-11-10;7;0
5;2025-11-10;8;0
5;2025-11-10;9;0
5;2025-11-10;10;0
5;2025-11-10;11;0
5;2025-11-10;12;0
5;2025-11-10;13;0
5;2025-11-10;14;0
5;2025-11-10;15;0
5;2025-11-10;16;0
5;2025-11-10;17;0
5;2025-11-10;18;0
5;2025-11-10;19;0
5;2025-11-10;20;0
5;2025-11-10;21;0
5;2025-11-10;22;0
5;2025-11-10;23;0
5;2025-11-11;0;0
5;2025-11-11;1;0
5;2025-11-11;2;0
5;2025-11-11;3;0
5;2025-11-11;4;0
5;2025-11-11;5;0
5;2025-11-11;6;0
5;2025-11-11;7;0
5;2025-11-11;8;0
5;2025-11-11;9;0
5;2025-11-11;10;0
5;2025-11-11;11;0
5;2025-11-11;12;0
5;2025-11-11;13;0
5;2025-11-11;14;0
5;2025-11-11;15;0
5;2025-11-11;16;0
5;2025-11-11;17;0
5;2025-11-11;18;0
5;2025-11-11;19;0
5;2025-11-11;20;0
5;2025-11-11;21;0
5;2025-11-11;22;0
5;2025-11-11;23;0
5;2025-11-12;0;0
5;2025-11-12;1;0
5;2025-11-12;2;0
5;2025-11-12;3;0
5;2025-11-12;4;0
5;2025-11-12;5;0
5;2025-11-12;6;0
5;2025-11-12;7;0
5;2025-11-12;8;0
5;2025-11-12;9;0
5;2025-11-12;10;0
5;2025-11-12;11;0
5;2025-11-12;12;0
5;2025-11-12;13;0
5;2025-11-12;14;0
5;2025-11-12;15;0
5;2025-11-12;16;0
5;2025-11-12;17;0
5;2025-11-12;18;0
5;2025-11-12;19;0
5;2025-11-12;20;0
5;2025-11-12;21;0
5;2025-11-12;22;0
5;2025-11-12;23;0
5;2025-11-13;0;0
5;2025-11-13;1;0
5;2025-11-13;2;0
5;2025-11-13;3;0
5;2025-11-13;4;0
5;2025-11-13;5;0
5;2025-11-13;6;0
5;2025-11-13;7;0
5;2025-11-13;8;0
5;2025-11-13;9;0
5;2025-11-13;10;0
5;2025-11-13;11;0
5;2025-11-13;12;0
5;2025-11-13;13;0
5;2025-11-13;14;0
5;2025-11-13;15;0
5;2025-11-13;16;0
5;2025-11-13;17;0
5;2025-11-13;18;0
5;2025-11-13;19;0
5;2025-11-13;20;0
5;2025-11-13;21;0
5;2025-11-13;22;0
5;2025-11-13;23;0
5;2025-11-14;0;0
5;2025-11-14;1;0
5;2025-11-14;2;0
5;2025-11-14;3;0
5;2025-11-14;4;0
5;2025-11-14;5;0
5;2025-11-14;6;0
5;2025-11-14;7;0
5;2025-11-14;8;0
5;2025-11-14;9;0
5;2025-11-14;10;0
5;2025-11-14;11;0
5;2025-11-14;12;0
5;2025-11-14;13;0
5;2025-11-14;14;0
5;2025-11-14;15;0
5;2025-11-14;16;0
5;2025-11-14;17;0
5;2025-11-14;18;0
5;2025-11-14;19;0
5;2025-11-14;20;0
5;2025-11-14;21;0
5;2025-11-14;22;0
5;2025-11-14;23;0
5;2025-11-15;0;0
5;2025-11-15;1;0
5;2025-11-15;2;0
5;2025-11-15;3;0
5;2025-11-15;4;0
5;2025-11-15;5;0
5;2025-11-15;6;0
5;2025-11-15;7;0
5;2025-11-15;8;0
5;2025-11-15;9;0
5;2025-11-15;10;0
5;2025-11-15;11;0
5;2025-11-15;12;0
5;2025-11-15;13;0
5;2025-11-15;14;0
5;2025-11-15;15;0
5;2025-11-15;16;0
5;2025-11-15;17;0
5;2025-11-15;18;0
5;2025-11-15;19;0
5;2025-11-15;20;0
5;2025-11-15;21;0
5;2025-11-15;22;0
5;2025-11-15;23;0
5;2025-11-16;0;0
5;2025-11-16;1;0
5;2025-11-16;2;0
5;2025-11-16;3;0
5;2025-11-16;4;0
5;2025-11-16;5;0
5;2025-11-16;6;0
5;2025-11-16;7;0
5;2025-11-16;8;0
5;2025-11-16;9;0
5;2025-11-16;10;0
5;2025-11-16;11;0
5;2025-11-16;12;0
5;2025-11-16;13;0
5;2025-11-16;14;0
5;2025-11-16;15;0
5;2025-11-16;16;0
5;2025-11-16;17;0
5;2025-11-16;18;0
5;2025-11-16;19;0
5;2025-11-16;20;0
5;2025-11-16;21;0
5;2025-11-16;22;0
5;2025-11-16;23;0
5;2025-11-17;0;0
5;2025-11-17;1;0
5;2025-11-17;2;0
5;2025-11-17;3;0
5;2025-11-17;4;0
5;2025-11-17;5;0
5;2025-11-17;6;0
5;2025-11-17;7;0
5;2025-11-17;8;0
5;2025-11-17;9;0
5;2025-11-17;10;0
5;2025-11-17;11;0
5;2025-11-17;12;0
5;2025-11-17;13;0
5;2025-11-17;14;0
5;2025-11-17;15;0
5;2025-11-17;16;0
5;2025-11-17;17;0
5;2025-11-17;18;0
5;2025-11-17;19;0
5;2025-11-17;20;0
5;2025-11-17;21;0
5;2025-11-17;22;0
5;2025-11-17;23;0
5;2025-11-18;0;0
5;2025-11-18;1;0
5;2025-11-18;2;0
5;2025-11-18;3;0
5;2025-11-18;4;0
5;2025-11-18;5;0
5;2025-11-18;6;0
5;2025-11-18;7;0
5;2025-11-18;8;0
5;2025-11-18;9;0
5;2025-11-18;10;0
5;2025-11-18;11;0
5;2025-11-18;12;0
5;2025-11-18;13;0
5;2025-11-18;14;0
5;2025-11-18;15;0
5;2025-11-18;16;0
5;2025-11-18;17;0
5;2025-11-18;18;0
5;2025-11-18;19;0
5;2025-11-18;20;0
5;2025-11-18;21;0
5;2025-11-18;22;0
5;2025-11-18;23;0
5;2025-11-19;0;0
5;2025-11-19;1;0
5;2025-11-19;2;0
5;2025-11-19;3;0
5;2025-11-19;4;0
5;2025-11-19;5;0
5;2025-11-19;6;0
5;2025-11-19;7;0
5;2025-11-19;8;0
5;2025-11-19;9;0
5;2025-11-19;10;0
5;2025-11-19;11;0
5;2025-11-19;12;0
5;2025-11-19;13;0
5;2025-11-19;14;0
5;2025-11-19;15;0
5;2025-11-19;16;0
5;2025-11-19;17;0
5;2025-11-19;18;0
5;2025-11-19;19;0
5;2025-11-19;20;0
5;2025-11-19;21;0
5;2025-11-19;22;0
5;2025-11-19;23;0
5;2025-11-20;0;0
5;2025-11-20;1;0
5;2025-11-20;2;0
5;2025-11-20;3;0
5;2025-11-20;4;0
5;2025-11-20;5;0
5;2025-11-20;6;0
5;2025-11-20;7;0
5;2025-11-20;8;0
5;2025-11-20;9;0
5;2025-11-20;10;0
5;2025-11-20;11;0
5;2025-11-20;12;0
5;2025-11-20;13;0
5;2025-11-20;14;0
5;2025-11-20;15;0
5;2025-11-20;16;0
5;2025-11-20;17;0
5;2025-11-20;18;0
5;2025-11-20;19;0
5;2025-11-20;20;0
5;2025-11-20;21;0
5;2025-11-20;22;0
5;2025-11-20;23;0
5;2025-11-21;0;0
5;2025-11-21;1;0
5;2025-11-21;2;0
5;2025-11-21;3;0
5;2025-11-21;4;0
5;2025-11-21;5;0
5;2025-11-21;6;0
5;2025-11-21;7;0
5;2025-11-21;8;0
5;2025-11-21;9;0
5;2025-11-21;10;0
5;2025-11-21;11;0
5;2025-11-21;12;0
5;2025-11-21;13;0
5;2025-11-21;14;0
5;2025-11-21;15;0
5;2025-11-21;16;0
5;2025-11-21;17;0
5;2025-11-21;18;0
5;2025-11-21;19;0
5;2025-11-21;20;0
5;2025-11-21;21;0
5;2025-11-21;22;0
5;2025-11-21;23;0
5;2025-11-22;0;0
5;2025-11-22;1;0
5;2025-11-22;2;0
5;2025-11-22;3;0
5;2025-11-22;4;0
5;2025-11-22;5;0
5;2025-11-22;6;0
5;2025-11-22;7;0
5;2025-11-22;8;0
5;2025-11-22;9;0
5;2025-11-22;10;0
5;2025-11-22;11;0
5;2025-11-22;12;0
5;2025-11-22;13;0
5;2025-11-22;14;0
5;2025-11-22;15;0
5;2025-11-22;16;0
5;2025-11-22;17;0
5;2025-11-22;18;0
5;2025-11-22;19;0
5;2025-11-22;20;0
5;2025-11-22;21;0
5;2025-11-22;22;0
5;2025-11-22;23;0
5;2025-11-23;0;0
5;2025-11-23;1;0
5;2025-11-23;2;0
5;2025-11-23;3;0
5;2025-11-23;4;0
5;2025-11-23;5;0
5;2025-11-23;6;0
5;2025-11-23;7;0
5;2025-11-23;8;0
5;2025-11-23;9;0
5;2025-11-23;10;0
5;2025-11-23;11;0
5;2025-11-23;12;0
5;2025-11-23;13;0
5;2025-11-23;14;0
5;2025-11-23;15;0
5;2025-11-23;16;0
5;2025-11-23;17;0
5;2025-11-23;18;0
5;2025-11-23;19;0
5;2025-11-23;20;0
5;2025-11-23;21;0
5;2025-11-23;22;0
5;2025-11-23;23;0
5;2025-11-24;0;0
5;2025-11-24;1;0
5;2025-11-24;2;0
5;2025-11-24;3;0
5;2025-11-24;4;0
5;2025-11-24;5;0
5;2025-11-24;6;0
5;2025-11-24;7;0
5;2025-11-24;8;0
5;2025-11-24;9;0
5;2025-11-24;10;0
5;2025-11-24;11;0
5;2025-11-24;12;0
5;2025-11-24;13;0
5;2025-11-24;14;0
5;2025-11-24;15;0
5;2025-11-24;16;0
5;2025-11-24;17;0
5;2025-11-24;18;0
5;2025-11-24;19;0
5;2025-11-24;20;0
5;2025-11-24;21;0
5;2025-11-24;22;0
5;2025-11-24;23;0
5;2025-11-25;0;0
5;2025-11-25;1;0
5;2025-11-25;2;0
5;2025-11-25;3;0
5;2025-11-25;4;0
5;2025-11-25;5;0
5;2025-11-25;6;0
5;2025-11-25;7;0
5;2025-11-25;8;0
5;2025-11-25;9;0
5;2025-11-25;10;0
5;2025-11-25;11;0
5;2025-11-25;12;0
5;2025-11-25;13;0
5;2025-11-25;14;0
5;2025-11-25;15;0
5;2025-11-25;16;0
5;2025-11-25;17;0
5;2025-11-25;18;0
5;2025-11-25;19;0
5;2025-11-25;20;0
5;2025-11-25;21;0
5;2025-11-25;22;0
5;2025-11-25;23;0
5;2025-11-26;0;0
5;2025-11-26;1;0
5;2025-11-26;2;0
5;2025-11-26;3;0
5;2025-11-26;4;0
5;2025-11-26;5;0
5;2025-11-26;6;0
5;2025-11-26;7;0
5;2025-11-26;8;0
5;2025-11-26;9;0
5;2025-11-26;10;0
5;2025-11-26;11;0
5;2025-11-26;12;0
5;2025-11-26;13;0
5;2025-11-26;14;0
5;2025-11-26;15;0
5;2025-11-26;16;0
5;2025-11-26;17;0
5;2025-11-26;18;0
5;2025-11-26;19;0
5;2025-11-26;20;0
5;2025-11-26;21;0
5;2025-11-26;22;0
5;2025-11-26;23;0
5;2025-11-27;0;0
5;2025-11-27;1;0
5;2025-11-27;2;0
5;2025-11-27;3;0
5;2025-11-27;4;0
5;2025-11-27;5;0
5;2025-11-27;6;0
5;2025-11-27;7;0
5;2025-11-27;8;0
5;2025-11-27;9;0
5;2025-11-27;10;0
5;2025-11-27;11;0
5;2025-11-27;12;0
5;2025-11-27;13;0
5;2025-11-27;14;0
5;2025-11-27;15;0
5;2025-11-27;16;0
5;2025-11-27;17;0
5;2025-11-27;18;0
5;2025-11-27;19;0
5;2025-11-27;20;0
5;2025-11-27;21;0
5;2025-11-27;22;0
5;2025-11-27;23;0
5;2025-11-28;0;0
5;2025-11-28;1;0
5;2025-11-28;2;0
5;2025-11-28;3;0
5;2025-11-28;4;0
5;2025-11-28;5;0
5;2025-11-28;6;0
5;2025-11-28;7;0
5;2025-11-28;8;0
5;2025-11-28;9;0
5;2025-11-28;10;0
5;2025-11-28;11;0
5;2025-11-28;12;0
5;2025-11-28;13;0
5;2025-11-28;14;0
5;2025-11-28;15;0
5;2025-11-28;16;0
5;2025-11-28;17;0
5;2025-11-28;18;0
5;2025-11-28;19;0
5;2025-11-28;20;0
5;2025-11-28;21;0
5;2025-11-28;22;0
5;2025-11-28;23;0
5;2025-11-29;0;0
5;2025-11-29;1;0
5;2025-11-29;2;0
5;2025-11-29;3;0
5;2025-11-29;4;0
5;2025-11-29;5;0
5;2025-11-29;6;0
5;2025-11-29;7;0
5;2025-11-29;8;0
5;2025-11-29;9;0
5;2025-11-29;10;0
5;2025-11-29;11;0
5;2025-11-29;12;0
5;2025-11-29;13;0
5;2025-11-29;14;0
5;2025-11-29;15;0
5;2025-11-29;16;0
5;2025-11-29;17;0
5;2025-11-29;18;0
5;2025-11-29;19;0
5;2025-11-29;20;0
5;2025-11-29;21;0
5;2025-11-29;22;0
5;2025-11-29;23;0
5;2025-11-30;0;0
5;2025-11-30;1;0
5;2025-11-30;2;0
5;2025-11-30;3;0
5;2025-11-30;4;0
5;2025-11-30;5;0
5;2025-11-30;6;0
5;2025-11-30;7;0
5;2025-11-30;8;0
5;2025-11-30;9;0
5;2025-11-30;10;0
5;2025-11-30;11;0
5;2025-11-30;12;0
5;2025-11-30;13;0
5;2025-11-30;14;0
5;2025-11-30;15;0
5;2025-11-30;16;0
5;2025-11-30;17;0
5;2025-11-30;18;0
5;2025-11-30;19;0
5;2025-11-30;20;0
5;2025-11-30;21;0
5;2025-11-30;22;0
5;2025-11-30;23;0
5;2025-12-01;0;0
5;2025-12-01;1;0
5;2025-12-01;2;0
5;2025-12-01;3;0
5;2025-12-01;4;0
5;2025-12-01;5;0
5;2025-12-01;6;0
5;2025-12-01;7;0
5;2025-12-01;8;0
5;2025-12-01;9;0
5;2025-12-01;10;0
5;2025-12-01;11;0
5;2025-12-01;12;0
5;2025-12-01;13;0
5;2025-12-01;14;0
5;2025-12-01;15;0
5;2025-12-01;16;0
5;2025-12-01;17;0
5;2025-12-01;18;0
5;2025-12-01;19;0
5;2025-12-01;20;0
5;2025-12-01;21;0
5;2025-12-01;22;0
5;2025-12-01;23;0
5;2025-12-02;0;0
5;2025-12-02;1;0
5;2025-12-02;2;0
5;2025-12-02;3;0
5;2025-12-02;4;0
5;2025-12-02;5;0
5;2025-12-02;6;0
5;2025-12-02;7;0
5;2025-12-02;8;0
5;2025-12-02;9;0
5;2025-12-02;10;0
5;2025-12-02;11;0
5;2025-12-02;12;0
5;2025-12-02;13;0
5;2025-12-02;14;0
5;2025-12-02;15;0
5;2025-12-02;16;0
5;2025-12-02;17;0
5;2025-12-02;18;0
5;2025-12-02;19;0
5;2025-12-02;20;0
5;2025-12-02;21;0
5;2025-12-02;22;0
5;2025-12-02;23;0
5;2025-12-03;0;0
5;2025-12-03;1;0
5;2025-12-03;2;0
5;2025-12-03;3;0
5;2025-12-03;4;0
5;2025-12-03;5;0
5;2025-12-03;6;0
5;2025-12-03;7;0
5;2025-12-03;8;0
5;2025-12-03;9;0
5;2025-12-03;10;0
5;2025-12-03;11;0
5;2025-12-03;12;0
5;2025-12-03;13;0
5;2025-12-03;14;0
5;2025-12-03;15;0
5;2025-12-03;16;0
5;2025-12-03;17;0
5;2025-12-03;18;0
5;2025-12-03;19;0
5;2025-12-03;20;0
5;2025-12-03;21;0
5;2025-12-03;22;0
5;2025-12-03;23;0
5;2025-12-04;0;0
5;2025-12-04;1;0
5;2025-12-04;2;0
5;2025-12-04;3;0
5;2025-12-04;4;0
5;2025-12-04;5;0
5;2025-12-04;6;0
5;2025-12-04;7;0
5;2025-12-04;8;0
5;2025-12-04;9;0
5;2025-12-04;10;0
5;2025-12-04;11;0
5;2025-12-04;12;0
5;2025-12-04;13;0
5;2025-12-04;14;0
5;2025-12-04;15;0
5;2025-12-04;16;0
5;2025-12-04;17;0
5;2025-12-04;18;0
5;2025-12-04;19;0
5;2025-12-04;20;0
5;2025-12-04;21;0
5;2025-12-04;22;0
5;2025-12-04;23;0
5;2025-12-05;0;0
5;2025-12-05;1;0
5;2025-12-05;2;0
5;2025-12-05;3;0
5;2025-12-05;4;0
5;2025-12-05;5;0
5;2025-12-05;6;0
5;2025-12-05;7;0
5;2025-12-05;8;0
5;2025-12-05;9;0
5;2025-12-05;10;0
5;2025-12-05;11;0
5;2025-12-05;12;0
5;2025-12-05;13;0
5;2025-12-05;14;0
5;2025-12-05;15;0
5;2025-12-05;16;0
5;2025-12-05;17;0
5;2025-12-05;18;0
5;2025-12-05;19;0
5;2025-12-05;20;0
5;2025-12-05;21;0
5;2025-12-05;22;0
5;2025-12-05;23;0
5;2025-12-06;0;0
5;2025-12-06;1;0
5;2025-12-06;2;0
5;2025-12-06;3;0
5;2025-12-06;4;0
5;2025-12-06;5;0
5;2025-12-06;6;0
5;2025-12-06;7;0
5;2025-12-06;8;0
5;2025-12-06;9;0
5;2025-12-06;10;0
5;2025-12-06;11;0
5;2025-12-06;12;0
5;2025-12-06;13;0
5;2025-12-06;14;0
5;2025-12-06;15;0
5;2025-12-06;16;0
5;2025-12-06;17;0
5;2025-12-06;18;0
5;2025-12-06;19;0
5;2025-12-06;20;0
5;2025-12-06;21;0
5;2025-12-06;22;0
5;2025-12-06;23;0
5;2025-12-07;0;0
5;2025-12-07;1;0
5;2025-12-07;2;0
5;2025-12-07;3;0
5;2025-12-07;4;0
5;2025-12-07;5;0
5;2025-12-07;6;0
5;2025-12-07;7;0
5;2025-12-07;8;0
5;2025-12-07;9;0
5;2025-12-07;10;0
5;2025-12-07;11;0
5;2025-12-07;12;0
5;2025-12-07;13;0
5;2025-12-07;14;0
5;2025-12-07;15;0
5;2025-12-07;16;0
5;2025-12-07;17;0
5;2025-12-07;18;0
5;2025-12-07;19;0
5;2025-12-07;20;0
5;2025-12-07;21;0
5;2025-12-07;22;0
5;2025-12-07;23;0
5;2025-12-08;0;0
5;2025-12-08;1;0
5;2025-12-08;2;0
5;2025-12-08;3;0
5;2025-12-08;4;0
5;2025-12-08;5;0
5;2025-12-08;6;0
5;2025-12-08;7;0
5;2025-12-08;8;0
5;2025-12-08;9;0
5;2025-12-08;10;0
5;2025-12-08;11;0
5;2025-12-08;12;0
5;2025-12-08;13;0
5;2025-12-08;14;0
5;2025-12-08;15;0
5;2025-12-08;16;0
5;2025-12-08;17;0
5;2025-12-08;18;0
5;2025-12-08;19;0
5;2025-12-08;20;0
5;2025-12-08;21;0
5;2025-12-08;22;0
5;2025-12-08;23;0
5;2025-12-09;0;0
5;2025-12-09;1;0
5;2025-12-09;2;0
5;2025-12-09;3;0
5;2025-12-09;4;0
5;2025-12-09;5;0
5;2025-12-09;6;0
5;2025-12-09;7;0
5;2025-12-09;8;0
5;2025-12-09;9;0
5;2025-12-09;10;0
5;2025-12-09;11;0
5;2025-12-09;12;0
5;2025-12-09;13;0
5;2025-12-09;14;0
5;2025-12-09;15;0
5;2025-12-09;16;0
5;2025-12-09;17;0
5;2025-12-09;18;0
5;2025-12-09;19;0
5;2025-12-09;20;0
5;2025-12-09;21;0
5;2025-12-09;22;0
5;2025-12-09;23;0
5;2025-12-10;0;0
5;2025-12-10;1;0
5;2025-12-10;2;0
5;2025-12-10;3;0
5;2025-12-10;4;0
5;2025-12-10;5;0
5;2025-12-10;6;0
5;2025-12-10;7;0
5;2025-12-10;8;0
5;2025-12-10;9;0
5;2025-12-10;10;0
5;2025-12-10;11;0
5;2025-12-10;12;0
5;2025-12-10;13;0
5;2025-12-10;14;0
5;2025-12-10;15;0
5;2025-12-10;16;0
5;2025-12-10;17;0
5;2025-12-10;18;0
5;2025-12-10;19;0
5;2025-12-10;20;0
5;2025-12-10;21;0
5;2025-12-10;22;0
5;2025-12-10;23;0
5;2025-12-11;0;0
5;2025-12-11;1;0
5;2025-12-11;2;0
5;2025-12-11;3;0
5;2025-12-11;4;0
5;2025-12-11;5;0
5;2025-12-11;6;0
5;2025-12-11;7;0
5;2025-12-11;8;0
5;2025-12-11;9;0
5;2025-12-11;10;0
5;2025-12-11;11;0
5;2025-12-11;12;0
5;2025-12-11;13;0
5;2025-12-11;14;0
5;2025-12-11;15;0
5;2025-12-11;16;0
5;2025-12-11;17;0
5;2025-12-11;18;0
5;2025-12-11;19;0
5;2025-12-11;20;0
5;2025-12-11;21;0
5;2025-12-11;22;0
5;2025-12-11;23;0
5;2025-12-12;0;0
5;2025-12-12;1;0
5;2025-12-12;2;0
5;2025-12-12;3;0
5;2025-12-12;4;0
5;2025-12-12;5;0
5;2025-12-12;6;0
5;2025-12-12;7;0
5;2025-12-12;8;0
5;2025-12-12;9;0
5;2025-12-12;10;0
5;2025-12-12;11;0
5;2025-12-12;12;0
5;2025-12-12;13;0
5;2025-12-12;14;0
5;2025-12-12;15;0
5;2025-12-12;16;0
5;2025-12-12;17;0
5;2025-12-12;18;0
5;2025-12-12;19;0
5;2025-12-12;20;0
5;2025-12-12;21;0
5;2025-12-12;22;0
5;2025-12-12;23;0
5;2025-12-13;0;0
5;2025-12-13;1;0
5;2025-12-13;2;0
5;2025-12-13;3;0
5;2025-12-13;4;0
5;2025-12-13;5;0
5;2025-12-13;6;0
5;2025-12-13;7;0
5;2025-12-13;8;0
5;2025-12-13;9;0
5;2025-12-13;10;0
5;2025-12-13;11;0
5;2025-12-13;12;0
5;2025-12-13;13;0
5;2025-12-13;14;0
5;2025-12-13;15;0
5;2025-12-13;16;0
5;2025-12-13;17;0
5;2025-12-13;18;0
5;2025-12-13;19;0
5;2025-12-13;20;0
5;2025-12-13;21;0
5;2025-12-13;22;0
5;2025-12-13;23;0
5;2025-12-14;0;0
5;2025-12-14;1;0
5;2025-12-14;2;0
5;2025-12-14;3;0
5;2025-12-14;4;0
5;2025-12-14;5;0
5;2025-12-14;6;0
5;2025-12-14;7;0
5;2025-12-14;8;0
5;2025-12-14;9;0
5;2025-12-14;10;0
5;2025-12-14;11;0
5;2025-12-14;12;0
5;2025-12-14;13;0
5;2025-12-14;14;0
5;2025-12-14;15;0
5;2025-12-14;16;0
5;2025-12-14;17;0
5;2025-12-14;18;0
5;2025-12-14;19;0
5;2025-12-14;20;0
5;2025-12-14;21;0
5;2025-12-14;22;0
5;2025-12-14;23;0
5;2025-12-15;0;0
5;2025-12-15;1;0
5;2025-12-15;2;0
5;2025-12-15;3;0
5;2025-12-15;4;0
5;2025-12-15;5;0
5;2025-12-15;6;0
5;2025-12-15;7;0
5;2025-12-15;8;0
5;2025-12-15;9;0
5;2025-12-15;10;0
5;2025-12-15;11;0
5;2025-12-15;12;0
5;2025-12-15;13;0
5;2025-12-15;14;0
5;2025-12-15;15;0
5;2025-12-15;16;0
5;2025-12-15;17;0
5;2025-12-15;18;0
5;2025-12-15;19;0
5;2025-12-15;20;0
5;2025-12-15;21;0
5;2025-12-15;22;0
5;2025-12-15;23;0
5;2025-12-16;0;0
5;2025-12-16;1;0
5;2025-12-16;2;0
5;2025-12-16;3;0
5;2025-12-16;4;0
5;2025-12-16;5;0
5;2025-12-16;6;0
5;2025-12-16;7;0
5;2025-12-16;8;0
5;2025-12-16;9;0
5;2025-12-16;10;0
5;2025-12-16;11;0
5;2025-12-16;12;0
5;2025-12-16;13;0
5;2025-12-16;14;0
5;2025-12-16;15;0
5;2025-12-16;16;0
5;2025-12-16;17;0
5;2025-12-16;18;0
5;2025-12-16;19;0
5;2025-12-16;20;0
5;2025-12-16;21;0
5;2025-12-16;22;0
5;2025-12-16;23;0
5;2025-12-17;0;0
5;2025-12-17;1;0
5;2025-12-17;2;0
5;2025-12-17;3;0
5;2025-12-17;4;0
5;2025-12-17;5;0
5;2025-12-17;6;0
5;2025-12-17;7;0
5;2025-12-17;8;0
5;2025-12-17;9;0
5;2025-12-17;10;0
5;2025-12-17;11;0
5;2025-12-17;12;0
5;2025-12-17;13;0
5;2025-12-17;14;0
5;2025-12-17;15;0
5;2025-12-17;16;0
5;2025-12-17;17;0
5;2025-12-17;18;0
5;2025-12-17;19;0
5;2025-12-17;20;0
5;2025-12-17;21;0
5;2025-12-17;22;0
5;2025-12-17;23;0
5;2025-12-18;0;0
5;2025-12-18;1;0
5;2025-12-18;2;0
5;2025-12-18;3;0
5;2025-12-18;4;0
5;2025-12-18;5;0
5;2025-12-18;6;0
5;2025-12-18;7;0
5;2025-12-18;8;0
5;2025-12-18;9;0
5;2025-12-18;10;0
5;2025-12-18;11;0
5;2025-12-18;12;0
5;2025-12-18;13;0
5;2025-12-18;14;0
5;2025-12-18;15;0
5;2025-12-18;16;0
5;2025-12-18;17;0
5;2025-12-18;18;0
5;2025-12-18;19;0
5;2025-12-18;20;0
5;2025-12-18;21;0
5;2025-12-18;22;0
5;2025-12-18;23;0
5;2025-12-19;0;0
5;2025-12-19;1;0
5;2025-12-19;2;0
5;2025-12-19;3;0
5;2025-12-19;4;0
5;2025-12-19;5;0
5;2025-12-19;6;0
5;2025-12-19;7;0
5;2025-12-19;8;0
5;2025-12-19;9;0
5;2025-12-19;10;0
5;2025-12-19;11;0
5;2025-12-19;12;0
5;2025-12-19;13;0
5;2025-12-19;14;0
5;2025-12-19;15;0
5;2025-12-19;16;0
5;2025-12-19;17;0
5;2025-12-19;18;0
5;2025-12-19;19;0
5;2025-12-19;20;0
5;2025-12-19;21;0
5;2025-12-19;22;0
5;2025-12-19;23;0
5;2025-12-20;0;0
5;2025-12-20;1;0
5;2025-12-20;2;0
5;2025-12-20;3;0
5;2025-12-20;4;0
5;2025-12-20;5;0
5;2025-12-20;6;0
5;2025-12-20;7;0
5;2025-12-20;8;0
5;2025-12-20;9;0
5;2025-12-20;10;0
5;2025-12-20;11;0
5;2025-12-20;12;0
5;2025-12-20;13;0
5;2025-12-20;14;0
5;2025-12-20;15;0
5;2025-12-20;16;0
5;2025-12-20;17;0
5;2025-12-20;18;0
5;2025-12-20;19;0
5;2025-12-20;20;0
5;2025-12-20;21;0
5;2025-12-20;22;0
5;2025-12-20;23;0
5;2025-12-21;0;0
5;2025-12-21;1;0
5;2025-12-21;2;0
5;2025-12-21;3;0
5;2025-12-21;4;0
5;2025-12-21;5;0
5;2025-12-21;6;0
5;2025-12-21;7;0
5;2025-12-21;8;0
5;2025-12-21;9;0
5;2025-12-21;10;0
5;2025-12-21;11;0
5;2025-12-21;12;0
5;2025-12-21;13;0
5;2025-12-21;14;0
5;2025-12-21;15;0
5;2025-12-21;16;0
5;2025-12-21;17;0
5;2025-12-21;18;0
5;2025-12-21;19;0
5;2025-12-21;20;0
5;2025-12-21;21;0
5;2025-12-21;22;0
5;2025-12-21;23;0
5;2025-12-22;0;0
5;2025-12-22;1;0
5;2025-12-22;2;0
5;2025-12-22;3;0
5;2025-12-22;4;0
5;2025-12-22;5;0
5;2025-12-22;6;0
5;2025-12-22;7;0
5;2025-12-22;8;0
5;2025-12-22;9;0
5;2025-12-22;10;0
5;2025-12-22;11;0
5;2025-12-22;12;0
5;2025-12-22;13;0
5;2025-12-22;14;0
5;2025-12-22;15;0
5;2025-12-22;16;0
5;2025-12-22;17;0
5;2025-12-22;18;0
5;2025-12-22;19;0
5;2025-12-22;20;0
5;2025-12-22;21;0
5;2025-12-22;22;0
5;2025-12-22;23;0
5;2025-12-23;0;0
5;2025-12-23;1;0
5;2025-12-23;2;0
5;2025-12-23;3;0
5;2025-12-23;4;0
5;2025-12-23;5;0
5;2025-12-23;6;0
5;2025-12-23;7;0
5;2025-12-23;8;0
5;2025-12-23;9;0
5;2025-12-23;10;0
5;2025-12-23;11;0
5;2025-12-23;12;0
5;2025-12-23;13;0
5;2025-12-23;14;0
5;2025-12-23;15;0
5;2025-12-23;16;0
5;2025-12-23;17;0
5;2025-12-23;18;0
5;2025-12-23;19;0
5;2025-12-23;20;0
5;2025-12-23;21;0
5;2025-12-23;22;0
5;2025-12-23;23;0
5;2025-12-24;0;0
5;2025-12-24;1;0
5;2025-12-24;2;0
5;2025-12-24;3;0
5;2025-12-24;4;0
5;2025-12-24;5;0
5;2025-12-24;6;0
5;2025-12-24;7;0
5;2025-12-24;8;0
5;2025-12-24;9;0
5;2025-12-24;10;0
5;2025-12-24;11;0
5;2025-12-24;12;0
5;2025-12-24;13;0
5;2025-12-24;14;0
5;2025-12-24;15;0
5;2025-12-24;16;0
5;2025-12-24;17;0
5;2025-12-24;18;0
5;2025-12-24;19;0
5;2025-12-24;20;0
5;2025-12-24;21;0
5;2025-12-24;22;0
5;2025-12-24;23;0
5;2025-12-25;0;0
5;2025-12-25;1;0
5;2025-12-25;2;0
5;2025-12-25;3;0
5;2025-12-25;4;0
5;2025-12-25;5;0
5;2025-12-25;6;0
5;2025-12-25;7;0
5;2025-12-25;8;0
5;2025-12-25;9;0
5;2025-12-25;10;0
5;2025-12-25;11;0
5;2025-12-25;12;0
5;2025-12-25;13;0
5;2025-12-25;14;0
5;2025-12-25;15;0
5;2025-12-25;16;0
5;2025-12-25;17;0
5;2025-12-25;18;0
5;2025-12-25;19;0
5;2025-12-25;20;0
5;2025-12-25;21;0
5;2025-12-25;22;0
5;2025-12-25;23;0
5;2025-12-26;0;0
5;2025-12-26;1;0
5;2025-12-26;2;0
5;2025-12-26;3;0
5;2025-12-26;4;0
5;2025-12-26;5;0
5;2025-12-26;6;0
5;2025-12-26;7;0
5;2025-12-26;8;0
5;2025-12-26;9;0
5;2025-12-26;10;0
5;2025-12-26;11;0
5;2025-12-26;12;0
5;2025-12-26;13;0
5;2025-12-26;14;0
5;2025-12-26;15;0
5;2025-12-26;16;0
5;2025-12-26;17;0
5;2025-12-26;18;0
5;2025-12-26;19;0
5;2025-12-26;20;0
5;2025-12-26;21;0
5;2025-12-26;22;0
5;2025-12-26;23;0
5;2025-12-27;0;0
5;2025-12-27;1;0
5;2025-12-27;2;0
5;2025-12-27;3;0
5;2025-12-27;4;0
5;2025-12-27;5;0
5;2025-12-27;6;0
5;2025-12-27;7;0
5;2025-12-27;8;0
5;2025-12-27;9;0
5;2025-12-27;10;0
5;2025-12-27;11;0
5;2025-12-27;12;0
5;2025-12-27;13;0
5;2025-12-27;14;0
5;2025-12-27;15;0
5;2025-12-27;16;0
5;2025-12-27;17;0
5;2025-12-27;18;0
5;2025-12-27;19;0
5;2025-12-27;20;0
5;2025-12-27;21;0
5;2025-12-27;22;0
5;2025-12-27;23;0
5;2025-12-28;0;0
5;2025-12-28;1;0
5;2025-12-28;2;0
5;2025-12-28;3;0
5;2025-12-28;4;0
5;2025-12-28;5;0
5;2025-12-28;6;0
5;2025-12-28;7;0
5;2025-12-28;8;0
5;2025-12-28;9;0
5;2025-12-28;10;0
5;2025-12-28;11;0
5;2025-12-28;12;0
5;2025-12-28;13;0
5;2025-12-28;14;0
5;2025-12-28;15;0
5;2025-12-28;16;0
5;2025-12-28;17;0
5;2025-12-28;18;0
5;2025-12-28;19;0
5;2025-12-28;20;0
5;2025-12-28;21;0
5;2025-12-28;22;0
5;2025-12-28;23;0
5;2025-12-29;0;0
5;2025-12-29;1;0
5;2025-12-29;2;0
5;2025-12-29;3;0
5;2025-12-29;4;0
5;2025-12-29;5;0
5;2025-12-29;6;0
5;2025-12-29;7;0
5;2025-12-29;8;0
5;2025-12-29;9;0
5;2025-12-29;10;0
5;2025-12-29;11;0
5;2025-12-29;12;0
5;2025-12-29;13;0
5;2025-12-29;14;0
5;2025-12-29;15;0
5;2025-12-29;16;0
5;2025-12-29;17;0
5;2025-12-29;18;0
5;2025-12-29;19;0
5;2025-12-29;20;0
5;2025-12-29;21;0
5;2025-12-29;22;0
5;2025-12-29;23;0
5;2025-12-30;0;0
5;2025-12-30;1;0
5;2025-12-30;2;0
5;2025-12-30;3;0
5;2025-12-30;4;0
5;2025-12-30;5;0
5;2025-12-30;6;0
5;2025-12-30;7;0
5;2025-12-30;8;0
5;2025-12-30;9;0
5;2025-12-30;10;0
5;2025-12-30;11;0
5;2025-12-30;12;0
5;2025-12-30;13;0
5;2025-12-30;14;0
5;2025-12-30;15;0
5;2025-12-30;16;0
5;2025-12-30;17;0
5;2025-12-30;18;0
5;2025-12-30;19;0
5;2025-12-30;20;0
5;2025-12-30;21;0
5;2025-12-30;22;0
5;2025-12-30;23;0
5;2025-12-31;0;0
5;2025-12-31;1;0
5;2025-12-31;2;0
5;2025-12-31;3;0
5;2025-12-31;4;0
5;2025-12-31;5;0
5;2025-12-31;6;0
5;2025-12-31;7;0
5;2025-12-31;8;0
5;2025-12-31;9;0
5;2025-12-31;10;0
5;2025-12-31;11;0
5;2025-12-31;12;0
5;2025-12-31;13;0
5;2025-12-31;14;0
5;2025-12-31;15;0
5;2025-12-31;16;0
5;2025-12-31;17;0
5;2025-12-31;18;0
5;2025-12-31;19;0
5;2025-12-31;20;0
5;2025-12-31;21;0
5;2025-12-31;22;0
5;2025-12-31;23;0
7;2025-11-01;0;64
7;2025-11-01;1;13
7;2025-11-01;2;0
7;2025-11-01;3;0
7;2025-11-01;4;2
7;2025-11-01;5;201
7;2025-11-01;6;740
7;2025-11-01;7;1704
7;2025-11-01;8;2582
7;2025-11-01;9;1943
7;2025-11-01;10;1687
7;2025-11-01;11;1527
7;2025-11-01;12;1631
7;2025-11-01;13;1623
7;2025-11-01;14;1709
7;2025-11-01;15;1841
7;2025-11-01;16;1977
7;2025-11-01;17;2447
7;2025-11-01;18;2597
7;2025-11-01;19;1766
7;2025-11-01;20;1117
7;2025-11-01;21;654
7;2025-11-01;22;337
7;2025-11-01;23;199
7;2025-11-02;0;95
7;2025-11-02;1;20
7;2025-11-02;2;1
7;2025-11-02;3;1
7;2025-11-02;4;0
7;2025-11-02;5;33
7;2025-11-02;6;188
7;2025-11-02;7;295
7;2025-11-02;8;491
7;2025-11-02;9;620
7;2025-11-02;10;698
7;2025-11-02;11;868
7;2025-11-02;12;984
7;2025-11-02;13;1018
7;2025-11-02;14;1096
7;2025-11-02;15;1019
7;2025-11-02;16;932
7;2025-11-02;17;969
7;2025-11-02;18;837
7;2025-11-02;19;711
7;2025-11-02;20;602
7;2025-11-02;21;475
7;2025-11-02;22;272
7;2025-11-02;23;157
7;2025-11-03;0;92
7;2025-11-03;1;20
7;2025-11-03;2;1
7;2025-11-03;3;1
7;2025-11-03;4;0
7;2025-11-03;5;34
7;2025-11-03;6;193
7;2025-11-03;7;296
7;2025-11-03;8;492
7;2025-11-03;9;615
7;2025-11-03;10;688
7;2025-11-03;11;851
7;2025-11-03;12;966
7;2025-11-03;13;1011
7;2025-11-03;14;1081
7;2025-11-03;15;1005
7;2025-11-03;16;929
7;2025-11-03;17;936
7;2025-11-03;18;835
7;2025-11-03;19;724
7;2025-11-03;20;600
7;2025-11-03;21;474
7;2025-11-03;22;279
7;2025-11-03;23;158
7;2025-11-04;0;93
7;2025-11-04;1;20
7;2025-11-04;2;1
7;2025-11-04;3;1
7;2025-11-04;4;0
7;2025-11-04;5;34
7;2025-11-04;6;193
7;2025-11-04;7;296
7;2025-11-04;8;493
7;2025-11-04;9;615
7;2025-11-04;10;688
7;2025-11-04;11;852
7;2025-11-04;12;966
7;2025-11-04;13;1011
7;2025-11-04;14;1081
7;2025-11-04;15;1005
7;2025-11-04;16;929
7;2025-11-04;17;936
7;2025-11-04;18;836
7;2025-11-04;19;724
7;2025-11-04;20;600
7;2025-11-04;21;474
7;2025-11-04;22;279
7;2025-11-04;23;158
7;2025-11-05;0;62
7;2025-11-05;1;11
7;2025-11-05;2;0
7;2025-11-05;3;0
7;2025-11-05;4;2
7;2025-11-05;5;199
7;2025-11-05;6;729
7;2025-11-05;7;1666
7;2025-11-05;8;2575
7;2025-11-05;9;1947
7;2025-11-05;10;1697
7;2025-11-05;11;1511
7;2025-11-05;12;1614
7;2025-11-05;13;1590
7;2025-11-05;14;1679
7;2025-11-05;15;1835
7;2025-11-05;16;1940
7;2025-11-05;17;2446
7;2025-11-05;18;2585
7;2025-11-05;19;1744
7;2025-11-05;20;1119
7;2025-11-05;21;655
7;2025-11-05;22;337
7;2025-11-05;23;202
7;2025-11-06;0;67
7;2025-11-06;1;13
7;2025-11-06;2;0
7;2025-11-06;3;0
7;2025-11-06;4;2
7;2025-11-06;5;194
7;2025-11-06;6;730
7;2025-11-06;7;1669
7;2025-11-06;8;2544
7;2025-11-06;9;1905
7;2025-11-06;10;1645
7;2025-11-06;11;1505
7;2025-11-06;12;1595
7;2025-11-06;13;1582
7;2025-11-06;14;1700
7;2025-11-06;15;1784
7;2025-11-06;16;1927
7;2025-11-06;17;2402
7;2025-11-06;18;2651
7;2025-11-06;19;1746
7;2025-11-06;20;1094
7;2025-11-06;21;663
7;2025-11-06;22;333
7;2025-11-06;23;197
7;2025-11-07;0;66
7;2025-11-07;1;13
7;2025-11-07;2;0
7;2025-11-07;3;0
7;2025-11-07;4;2
7;2025-11-07;5;193
7;2025-11-07;6;699
7;2025-11-07;7;1640
7;2025-11-07;8;2474
7;2025-11-07;9;1880
7;2025-11-07;10;1634
7;2025-11-07;11;1529
7;2025-11-07;12;1633
7;2025-11-07;13;1669
7;2025-11-07;14;1743
7;2025-11-07;15;1870
7;2025-11-07;16;2043
7;2025-11-07;17;2386
7;2025-11-07;18;2346
7;2025-11-07;19;1653
7;2025-11-07;20;1089
7;2025-11-07;21;649
7;2025-11-07;22;355
7;2025-11-07;23;215
7;2025-11-08;0;103
7;2025-11-08;1;24
7;2025-11-08;2;0
7;2025-11-08;3;0
7;2025-11-08;4;0
7;2025-11-08;5;54
7;2025-11-08;6;291
7;2025-11-08;7;470
7;2025-11-08;8;740
7;2025-11-08;9;869
7;2025-11-08;10;927
7;2025-11-08;11;1107
7;2025-11-08;12;1264
7;2025-11-08;13;1272
7;2025-11-08;14;1316
7;2025-11-08;15;1234
7;2025-11-08;16;1185
7;2025-11-08;17;1135
7;2025-11-08;18;1069
7;2025-11-08;19;1031
7;2025-11-08;20;770
7;2025-11-08;21;612
7;2025-11-08;22;323
7;2025-11-08;23;217
7;2025-11-09;0;95
7;2025-11-09;1;20
7;2025-11-09;2;1
7;2025-11-09;3;1
7;2025-11-09;4;0
7;2025-11-09;5;33
7;2025-11-09;6;188
7;2025-11-09;7;295
7;2025-11-09;8;492
7;2025-11-09;9;620
7;2025-11-09;10;698
7;2025-11-09;11;869
7;2025-11-09;12;985
7;2025-11-09;13;1019
7;2025-11-09;14;1096
7;2025-11-09;15;1019
7;2025-11-09;16;933
7;2025-11-09;17;970
7;2025-11-09;18;838
7;2025-11-09;19;711
7;2025-11-09;20;603
7;2025-11-09;21;476
7;2025-11-09;22;272
7;2025-11-09;23;157
7;2025-11-10;0;68
7;2025-11-10;1;13
7;2025-11-10;2;0
7;2025-11-10;3;0
7;2025-11-10;4;2
7;2025-11-10;5;199
7;2025-11-10;6;730
7;2025-11-10;7;1675
7;2025-11-10;8;2536
7;2025-11-10;9;1899
7;2025-11-10;10;1619
7;2025-11-10;11;1448
7;2025-11-10;12;1568
7;2025-11-10;13;1563
7;2025-11-10;14;1634
7;2025-11-10;15;1778
7;2025-11-10;16;1911
7;2025-11-10;17;2381
7;2025-11-10;18;2573
7;2025-11-10;19;1746
7;2025-11-10;20;1096
7;2025-11-10;21;621
7;2025-11-10;22;317
7;2025-11-10;23;185
7;2025-11-11;0;59
7;2025-11-11;1;13
7;2025-11-11;2;0
7;2025-11-11;3;0
7;2025-11-11;4;2
7;2025-11-11;5;202
7;2025-11-11;6;736
7;2025-11-11;7;1696
7;2025-11-11;8;2561
7;2025-11-11;9;1920
7;2025-11-11;10;1674
7;2025-11-11;11;1526
7;2025-11-11;12;1631
7;2025-11-11;13;1611
7;2025-11-11;14;1684
7;2025-11-11;15;1821
7;2025-11-11;16;1947
7;2025-11-11;17;2403
7;2025-11-11;18;2599
7;2025-11-11;19;1788
7;2025-11-11;20;1116
7;2025-11-11;21;664
7;2025-11-11;22;334
7;2025-11-11;23;189
7;2025-11-12;0;62
7;2025-11-12;1;11
7;2025-11-12;2;0
7;2025-11-12;3;0
7;2025-11-12;4;2
7;2025-11-12;5;198
7;2025-11-12;6;730
7;2025-11-12;7;1666
7;2025-11-12;8;2576
7;2025-11-12;9;1948
7;2025-11-12;10;1698
7;2025-11-12;11;1512
7;2025-11-12;12;1615
7;2025-11-12;13;1590
7;2025-11-12;14;1680
7;2025-11-12;15;1836
7;2025-11-12;16;1940
7;2025-11-12;17;2446
7;2025-11-12;18;2586
7;2025-11-12;19;1744
7;2025-11-12;20;1119
7;2025-11-12;21;655
7;2025-11-12;22;338
7;2025-11-12;23;201
7;2025-11-13;0;67
7;2025-11-13;1;13
7;2025-11-13;2;0
7;2025-11-13;3;0
7;2025-11-13;4;2
7;2025-11-13;5;194
7;2025-11-13;6;731
7;2025-11-13;7;1670
7;2025-11-13;8;2545
7;2025-11-13;9;1906
7;2025-11-13;10;1645
7;2025-11-13;11;1505
7;2025-11-13;12;1595
7;2025-11-13;13;1582
7;2025-11-13;14;1701
7;2025-11-13;15;1784
7;2025-11-13;16;1927
7;2025-11-13;17;2402
7;2025-11-13;18;2652
7;2025-11-13;19;1746
7;2025-11-13;20;1095
7;2025-11-13;21;663
7;2025-11-13;22;333
7;2025-11-13;23;197
7;2025-11-14;0;66
7;2025-11-14;1;13
7;2025-11-14;2;0
7;2025-11-14;3;0
7;2025-11-14;4;2
7;2025-11-14;5;192
7;2025-11-14;6;697
7;2025-11-14;7;1637
7;2025-11-14;8;2470
7;2025-11-14;9;1876
7;2025-11-14;10;1631
7;2025-11-14;11;1527
7;2025-11-14;12;1630
7;2025-11-14;13;1666
7;2025-11-14;14;1740
7;2025-11-14;15;1867
7;2025-11-14;16;2039
7;2025-11-14;17;2381
7;2025-11-14;18;2342
7;2025-11-14;19;1650
7;2025-11-14;20;1087
7;2025-11-14;21;648
7;2025-11-14;22;354
7;2025-11-14;23;215
7;2025-11-15;0;103
7;2025-11-15;1;24
7;2025-11-15;2;0
7;2025-11-15;3;0
7;2025-11-15;4;0
7;2025-11-15;5;54
7;2025-11-15;6;291
7;2025-11-15;7;470
7;2025-11-15;8;739
7;2025-11-15;9;868
7;2025-11-15;10;926
7;2025-11-15;11;1106
7;2025-11-15;12;1262
7;2025-11-15;13;1271
7;2025-11-15;14;1314
7;2025-11-15;15;1232
7;2025-11-15;16;1182
7;2025-11-15;17;1133
7;2025-11-15;18;1067
7;2025-11-15;19;1030
7;2025-11-15;20;769
7;2025-11-15;21;612
7;2025-11-15;22;323
7;2025-11-15;23;216
7;2025-11-16;0;95
7;2025-11-16;1;20
7;2025-11-16;2;1
7;2025-11-16;3;1
7;2025-11-16;4;0
7;2025-11-16;5;33
7;2025-11-16;6;188
7;2025-11-16;7;295
7;2025-11-16;8;493
7;2025-11-16;9;621
7;2025-11-16;10;699
7;2025-11-16;11;871
7;2025-11-16;12;986
7;2025-11-16;13;1020
7;2025-11-16;14;1098
7;2025-11-16;15;1021
7;2025-11-16;16;934
7;2025-11-16;17;971
7;2025-11-16;18;840
7;2025-11-16;19;712
7;2025-11-16;20;604
7;2025-11-16;21;477
7;2025-11-16;22;273
7;2025-11-16;23;157
7;2025-11-17;0;67
7;2025-11-17;1;13
7;2025-11-17;2;0
7;2025-11-17;3;0
7;2025-11-17;4;2
7;2025-11-17;5;199
7;2025-11-17;6;727
7;2025-11-17;7;1669
7;2025-11-17;8;2527
7;2025-11-17;9;1892
7;2025-11-17;10;1614
7;2025-11-17;11;1443
7;2025-11-17;12;1562
7;2025-11-17;13;1557
7;2025-11-17;14;1628
7;2025-11-17;15;1772
7;2025-11-17;16;1905
7;2025-11-17;17;2373
7;2025-11-17;18;2564
7;2025-11-17;19;1740
7;2025-11-17;20;1092
7;2025-11-17;21;619
7;2025-11-17;22;316
7;2025-11-17;23;185
7;2025-11-18;0;59
7;2025-11-18;1;13
7;2025-11-18;2;0
7;2025-11-18;3;0
7;2025-11-18;4;2
7;2025-11-18;5;202
7;2025-11-18;6;734
7;2025-11-18;7;1690
7;2025-11-18;8;2552
7;2025-11-18;9;1914
7;2025-11-18;10;1668
7;2025-11-18;11;1521
7;2025-11-18;12;1626
7;2025-11-18;13;1606
7;2025-11-18;14;1678
7;2025-11-18;15;1815
7;2025-11-18;16;1941
7;2025-11-18;17;2395
7;2025-11-18;18;2590
7;2025-11-18;19;1782
7;2025-11-18;20;1113
7;2025-11-18;21;662
7;2025-11-18;22;332
7;2025-11-18;23;188
7;2025-11-19;0;62
7;2025-11-19;1;11
7;2025-11-19;2;0
7;2025-11-19;3;0
7;2025-11-19;4;2
7;2025-11-19;5;198
7;2025-11-19;6;727
7;2025-11-19;7;1661
7;2025-11-19;8;2568
7;2025-11-19;9;1942
7;2025-11-19;10;1692
7;2025-11-19;11;1507
7;2025-11-19;12;1609
7;2025-11-19;13;1586
7;2025-11-19;14;1674
7;2025-11-19;15;1829
7;2025-11-19;16;1934
7;2025-11-19;17;2438
7;2025-11-19;18;2577
7;2025-11-19;19;1739
7;2025-11-19;20;1115
7;2025-11-19;21;653
7;2025-11-19;22;336
7;2025-11-19;23;201
7;2025-11-20;0;67
7;2025-11-20;1;13
7;2025-11-20;2;0
7;2025-11-20;3;0
7;2025-11-20;4;2
7;2025-11-20;5;193
7;2025-11-20;6;728
7;2025-11-20;7;1662
7;2025-11-20;8;2533
7;2025-11-20;9;1897
7;2025-11-20;10;1638
7;2025-11-20;11;1499
7;2025-11-20;12;1588
7;2025-11-20;13;1575
7;2025-11-20;14;1693
7;2025-11-20;15;1776
7;2025-11-20;16;1919
7;2025-11-20;17;2392
7;2025-11-20;18;2640
7;2025-11-20;19;1738
7;2025-11-20;20;1090
7;2025-11-20;21;660
7;2025-11-20;22;332
7;2025-11-20;23;196
7;2025-11-21;0;66
7;2025-11-21;1;13
7;2025-11-21;2;0
7;2025-11-21;3;0
7;2025-11-21;4;2
7;2025-11-21;5;192
7;2025-11-21;6;694
7;2025-11-21;7;1630
7;2025-11-21;8;2458
7;2025-11-21;9;1868
7;2025-11-21;10;1624
7;2025-11-21;11;1520
7;2025-11-21;12;1624
7;2025-11-21;13;1659
7;2025-11-21;14;1732
7;2025-11-21;15;1858
7;2025-11-21;16;2030
7;2025-11-21;17;2371
7;2025-11-21;18;2331
7;2025-11-21;19;1642
7;2025-11-21;20;1083
7;2025-11-21;21;646
7;2025-11-21;22;352
7;2025-11-21;23;214
7;2025-11-22;0;103
7;2025-11-22;1;24
7;2025-11-22;2;0
7;2025-11-22;3;0
7;2025-11-22;4;0
7;2025-11-22;5;54
7;2025-11-22;6;290
7;2025-11-22;7;468
7;2025-11-22;8;736
7;2025-11-22;9;865
7;2025-11-22;10;923
7;2025-11-22;11;1101
7;2025-11-22;12;1257
7;2025-11-22;13;1266
7;2025-11-22;14;1309
7;2025-11-22;15;1227
7;2025-11-22;16;1178
7;2025-11-22;17;1129
7;2025-11-22;18;1063
7;2025-11-22;19;1026
7;2025-11-22;20;766
7;2025-11-22;21;609
7;2025-11-22;22;322
7;2025-11-22;23;215
7;2025-11-23;0;95
7;2025-11-23;1;21
7;2025-11-23;2;1
7;2025-11-23;3;1
7;2025-11-23;4;0
7;2025-11-23;5;33
7;2025-11-23;6;189
7;2025-11-23;7;295
7;2025-11-23;8;493
7;2025-11-23;9;620
7;2025-11-23;10;699
7;2025-11-23;11;870
7;2025-11-23;12;985
7;2025-11-23;13;1019
7;2025-11-23;14;1097
7;2025-11-23;15;1020
7;2025-11-23;16;933
7;2025-11-23;17;970
7;2025-11-23;18;839
7;2025-11-23;19;712
7;2025-11-23;20;603
7;2025-11-23;21;476
7;2025-11-23;22;272
7;2025-11-23;23;157
7;2025-11-24;0;67
7;2025-11-24;1;13
7;2025-11-24;2;0
7;2025-11-24;3;0
7;2025-11-24;4;2
7;2025-11-24;5;198
7;2025-11-24;6;724
7;2025-11-24;7;1661
7;2025-11-24;8;2515
7;2025-11-24;9;1883
7;2025-11-24;10;1606
7;2025-11-24;11;1436
7;2025-11-24;12;1554
7;2025-11-24;13;1549
7;2025-11-24;14;1621
7;2025-11-24;15;1764
7;2025-11-24;16;1895
7;2025-11-24;17;2362
7;2025-11-24;18;2552
7;2025-11-24;19;1732
7;2025-11-24;20;1088
7;2025-11-24;21;616
7;2025-11-24;22;314
7;2025-11-24;23;184
7;2025-11-25;0;59
7;2025-11-25;1;13
7;2025-11-25;2;0
7;2025-11-25;3;0
7;2025-11-25;4;2
7;2025-11-25;5;200
7;2025-11-25;6;730
7;2025-11-25;7;1682
7;2025-11-25;8;2540
7;2025-11-25;9;1904
7;2025-11-25;10;1660
7;2025-11-25;11;1514
7;2025-11-25;12;1619
7;2025-11-25;13;1599
7;2025-11-25;14;1670
7;2025-11-25;15;1806
7;2025-11-25;16;1931
7;2025-11-25;17;2384
7;2025-11-25;18;2578
7;2025-11-25;19;1773
7;2025-11-25;20;1107
7;2025-11-25;21;659
7;2025-11-25;22;331
7;2025-11-25;23;187
7;2025-11-26;0;62
7;2025-11-26;1;11
7;2025-11-26;2;0
7;2025-11-26;3;0
7;2025-11-26;4;2
7;2025-11-26;5;197
7;2025-11-26;6;724
7;2025-11-26;7;1654
7;2025-11-26;8;2556
7;2025-11-26;9;1933
7;2025-11-26;10;1685
7;2025-11-26;11;1500
7;2025-11-26;12;1603
7;2025-11-26;13;1579
7;2025-11-26;14;1667
7;2025-11-26;15;1821
7;2025-11-26;16;1926
7;2025-11-26;17;2427
7;2025-11-26;18;2566
7;2025-11-26;19;1731
7;2025-11-26;20;1110
7;2025-11-26;21;651
7;2025-11-26;22;334
7;2025-11-26;23;200
7;2025-11-27;0;67
7;2025-11-27;1;13
7;2025-11-27;2;0
7;2025-11-27;3;0
7;2025-11-27;4;2
7;2025-11-27;5;192
7;2025-11-27;6;726
7;2025-11-27;7;1656
7;2025-11-27;8;2525
7;2025-11-27;9;1891
7;2025-11-27;10;1632
7;2025-11-27;11;1493
7;2025-11-27;12;1583
7;2025-11-27;13;1569
7;2025-11-27;14;1687
7;2025-11-27;15;1771
7;2025-11-27;16;1913
7;2025-11-27;17;2384
7;2025-11-27;18;2631
7;2025-11-27;19;1732
7;2025-11-27;20;1086
7;2025-11-27;21;658
7;2025-11-27;22;330
7;2025-11-27;23;195
7;2025-11-28;0;66
7;2025-11-28;1;13
7;2025-11-28;2;0
7;2025-11-28;3;0
7;2025-11-28;4;2
7;2025-11-28;5;191
7;2025-11-28;6;691
7;2025-11-28;7;1624
7;2025-11-28;8;2449
7;2025-11-28;9;1860
7;2025-11-28;10;1618
7;2025-11-28;11;1514
7;2025-11-28;12;1617
7;2025-11-28;13;1652
7;2025-11-28;14;1725
7;2025-11-28;15;1851
7;2025-11-28;16;2023
7;2025-11-28;17;2362
7;2025-11-28;18;2323
7;2025-11-28;19;1636
7;2025-11-28;20;1078
7;2025-11-28;21;643
7;2025-11-28;22;351
7;2025-11-28;23;213
7;2025-11-29;0;103
7;2025-11-29;1;24
7;2025-11-29;2;0
7;2025-11-29;3;0
7;2025-11-29;4;0
7;2025-11-29;5;54
7;2025-11-29;6;289
7;2025-11-29;7;466
7;2025-11-29;8;735
7;2025-11-29;9;863
7;2025-11-29;10;921
7;2025-11-29;11;1099
7;2025-11-29;12;1254
7;2025-11-29;13;1262
7;2025-11-29;14;1306
7;2025-11-29;15;1224
7;2025-11-29;16;1175
7;2025-11-29;17;1126
7;2025-11-29;18;1061
7;2025-11-29;19;1023
7;2025-11-29;20;765
7;2025-11-29;21;607
7;2025-11-29;22;320
7;2025-11-29;23;215
7;2025-11-30;0;95
7;2025-11-30;1;21
7;2025-11-30;2;1
7;2025-11-30;3;1
7;2025-11-30;4;0
7;2025-11-30;5;34
7;2025-11-30;6;189
7;2025-11-30;7;295
7;2025-11-30;8;492
7;2025-11-30;9;620
7;2025-11-30;10;699
7;2025-11-30;11;870
7;2025-11-30;12;986
7;2025-11-30;13;1020
7;2025-11-30;14;1098
7;2025-11-30;15;1020
7;2025-11-30;16;934
7;2025-11-30;17;971
7;2025-11-30;18;839
7;2025-11-30;19;712
7;2025-11-30;20;603
7;2025-11-30;21;476
7;2025-11-30;22;273
7;2025-11-30;23;158
7;2025-12-01;0;67
7;2025-12-01;1;13
7;2025-12-01;2;0
7;2025-12-01;3;0
7;2025-12-01;4;2
7;2025-12-01;5;197
7;2025-12-01;6;722
7;2025-12-01;7;1655
7;2025-12-01;8;2507
7;2025-12-01;9;1877
7;2025-12-01;10;1601
7;2025-12-01;11;1431
7;2025-12-01;12;1550
7;2025-12-01;13;1545
7;2025-12-01;14;1616
7;2025-12-01;15;1758
7;2025-12-01;16;1889
7;2025-12-01;17;2354
7;2025-12-01;18;2544
7;2025-12-01;19;1727
7;2025-12-01;20;1084
7;2025-12-01;21;614
7;2025-12-01;22;313
7;2025-12-01;23;183
7;2025-12-02;0;59
7;2025-12-02;1;13
7;2025-12-02;2;0
7;2025-12-02;3;0
7;2025-12-02;4;2
7;2025-12-02;5;200
7;2025-12-02;6;728
7;2025-12-02;7;1677
7;2025-12-02;8;2533
7;2025-12-02;9;1899
7;2025-12-02;10;1655
7;2025-12-02;11;1509
7;2025-12-02;12;1614
7;2025-12-02;13;1594
7;2025-12-02;14;1665
7;2025-12-02;15;1801
7;2025-12-02;16;1926
7;2025-12-02;17;2377
7;2025-12-02;18;2571
7;2025-12-02;19;1769
7;2025-12-02;20;1104
7;2025-12-02;21;657
7;2025-12-02;22;330
7;2025-12-02;23;187
7;2025-12-03;0;62
7;2025-12-03;1;11
7;2025-12-03;2;0
7;2025-12-03;3;0
7;2025-12-03;4;2
7;2025-12-03;5;196
7;2025-12-03;6;722
7;2025-12-03;7;1649
7;2025-12-03;8;2549
7;2025-12-03;9;1928
7;2025-12-03;10;1681
7;2025-12-03;11;1496
7;2025-12-03;12;1598
7;2025-12-03;13;1575
7;2025-12-03;14;1663
7;2025-12-03;15;1817
7;2025-12-03;16;1921
7;2025-12-03;17;2421
7;2025-12-03;18;2559
7;2025-12-03;19;1726
7;2025-12-03;20;1107
7;2025-12-03;21;649
7;2025-12-03;22;334
7;2025-12-03;23;199
7;2025-12-04;0;67
7;2025-12-04;1;13
7;2025-12-04;2;0
7;2025-12-04;3;0
7;2025-12-04;4;2
7;2025-12-04;5;192
7;2025-12-04;6;723
7;2025-12-04;7;1652
7;2025-12-04;8;2519
7;2025-12-04;9;1886
7;2025-12-04;10;1629
7;2025-12-04;11;1490
7;2025-12-04;12;1579
7;2025-12-04;13;1566
7;2025-12-04;14;1683
7;2025-12-04;15;1766
7;2025-12-04;16;1908
7;2025-12-04;17;2377
7;2025-12-04;18;2624
7;2025-12-04;19;1728
7;2025-12-04;20;1084
7;2025-12-04;21;656
7;2025-12-04;22;330
7;2025-12-04;23;195
7;2025-12-05;0;66
7;2025-12-05;1;13
7;2025-12-05;2;0
7;2025-12-05;3;0
7;2025-12-05;4;2
7;2025-12-05;5;191
7;2025-12-05;6;690
7;2025-12-05;7;1621
7;2025-12-05;8;2445
7;2025-12-05;9;1857
7;2025-12-05;10;1615
7;2025-12-05;11;1511
7;2025-12-05;12;1614
7;2025-12-05;13;1649
7;2025-12-05;14;1722
7;2025-12-05;15;1848
7;2025-12-05;16;2019
7;2025-12-05;17;2358
7;2025-12-05;18;2318
7;2025-12-05;19;1633
7;2025-12-05;20;1076
7;2025-12-05;21;642
7;2025-12-05;22;350
7;2025-12-05;23;213
7;2025-12-06;0;102
7;2025-12-06;1;24
7;2025-12-06;2;0
7;2025-12-06;3;0
7;2025-12-06;4;0
7;2025-12-06;5;54
7;2025-12-06;6;289
7;2025-12-06;7;466
7;2025-12-06;8;734
7;2025-12-06;9;862
7;2025-12-06;10;919
7;2025-12-06;11;1098
7;2025-12-06;12;1252
7;2025-12-06;13;1261
7;2025-12-06;14;1304
7;2025-12-06;15;1222
7;2025-12-06;16;1174
7;2025-12-06;17;1125
7;2025-12-06;18;1059
7;2025-12-06;19;1022
7;2025-12-06;20;764
7;2025-12-06;21;607
7;2025-12-06;22;320
7;2025-12-06;23;214
7;2025-12-07;0;95
7;2025-12-07;1;21
7;2025-12-07;2;1
7;2025-12-07;3;1
7;2025-12-07;4;0
7;2025-12-07;5;34
7;2025-12-07;6;189
7;2025-12-07;7;296
7;2025-12-07;8;493
7;2025-12-07;9;621
7;2025-12-07;10;699
7;2025-12-07;11;871
7;2025-12-07;12;987
7;2025-12-07;13;1021
7;2025-12-07;14;1099
7;2025-12-07;15;1022
7;2025-12-07;16;935
7;2025-12-07;17;972
7;2025-12-07;18;840
7;2025-12-07;19;713
7;2025-12-07;20;604
7;2025-12-07;21;477
7;2025-12-07;22;273
7;2025-12-07;23;158
7;2025-12-08;0;67
7;2025-12-08;1;13
7;2025-12-08;2;0
7;2025-12-08;3;0
7;2025-12-08;4;2
7;2025-12-08;5;197
7;2025-12-08;6;722
7;2025-12-08;7;1654
7;2025-12-08;8;2505
7;2025-12-08;9;1876
7;2025-12-08;10;1600
7;2025-12-08;11;1430
7;2025-12-08;12;1549
7;2025-12-08;13;1543
7;2025-12-08;14;1615
7;2025-12-08;15;1757
7;2025-12-08;16;1888
7;2025-12-08;17;2353
7;2025-12-08;18;2542
7;2025-12-08;19;1725
7;2025-12-08;20;1083
7;2025-12-08;21;613
7;2025-12-08;22;313
7;2025-12-08;23;183
7;2025-12-09;0;59
7;2025-12-09;1;13
7;2025-12-09;2;0
7;2025-12-09;3;0
7;2025-12-09;4;2
7;2025-12-09;5;200
7;2025-12-09;6;728
7;2025-12-09;7;1677
7;2025-12-09;8;2532
7;2025-12-09;9;1899
7;2025-12-09;10;1655
7;2025-12-09;11;1509
7;2025-12-09;12;1614
7;2025-12-09;13;1594
7;2025-12-09;14;1665
7;2025-12-09;15;1800
7;2025-12-09;16;1925
7;2025-12-09;17;2377
7;2025-12-09;18;2570
7;2025-12-09;19;1768
7;2025-12-09;20;1103
7;2025-12-09;21;657
7;2025-12-09;22;330
7;2025-12-09;23;186
7;2025-12-10;0;62
7;2025-12-10;1;11
7;2025-12-10;2;0
7;2025-12-10;3;0
7;2025-12-10;4;2
7;2025-12-10;5;196
7;2025-12-10;6;722
7;2025-12-10;7;1649
7;2025-12-10;8;2549
7;2025-12-10;9;1927
7;2025-12-10;10;1680
7;2025-12-10;11;1496
7;2025-12-10;12;1598
7;2025-12-10;13;1574
7;2025-12-10;14;1662
7;2025-12-10;15;1816
7;2025-12-10;16;1920
7;2025-12-10;17;2421
7;2025-12-10;18;2558
7;2025-12-10;19;1726
7;2025-12-10;20;1107
7;2025-12-10;21;649
7;2025-12-10;22;333
7;2025-12-10;23;199
7;2025-12-11;0;67
7;2025-12-11;1;13
7;2025-12-11;2;0
7;2025-12-11;3;0
7;2025-12-11;4;2
7;2025-12-11;5;192
7;2025-12-11;6;723
7;2025-12-11;7;1652
7;2025-12-11;8;2519
7;2025-12-11;9;1885
7;2025-12-11;10;1628
7;2025-12-11;11;1490
7;2025-12-11;12;1579
7;2025-12-11;13;1566
7;2025-12-11;14;1683
7;2025-12-11;15;1765
7;2025-12-11;16;1907
7;2025-12-11;17;2377
7;2025-12-11;18;2624
7;2025-12-11;19;1727
7;2025-12-11;20;1083
7;2025-12-11;21;656
7;2025-12-11;22;329
7;2025-12-11;23;194
7;2025-12-12;0;66
7;2025-12-12;1;13
7;2025-12-12;2;0
7;2025-12-12;3;0
7;2025-12-12;4;2
7;2025-12-12;5;190
7;2025-12-12;6;690
7;2025-12-12;7;1621
7;2025-12-12;8;2445
7;2025-12-12;9;1857
7;2025-12-12;10;1616
7;2025-12-12;11;1511
7;2025-12-12;12;1615
7;2025-12-12;13;1650
7;2025-12-12;14;1723
7;2025-12-12;15;1848
7;2025-12-12;16;2019
7;2025-12-12;17;2358
7;2025-12-12;18;2319
7;2025-12-12;19;1634
7;2025-12-12;20;1077
7;2025-12-12;21;642
7;2025-12-12;22;351
7;2025-12-12;23;212
7;2025-12-13;0;102
7;2025-12-13;1;24
7;2025-12-13;2;0
7;2025-12-13;3;0
7;2025-12-13;4;0
7;2025-12-13;5;54
7;2025-12-13;6;289
7;2025-12-13;7;466
7;2025-12-13;8;733
7;2025-12-13;9;862
7;2025-12-13;10;919
7;2025-12-13;11;1097
7;2025-12-13;12;1252
7;2025-12-13;13;1260
7;2025-12-13;14;1304
7;2025-12-13;15;1222
7;2025-12-13;16;1174
7;2025-12-13;17;1125
7;2025-12-13;18;1059
7;2025-12-13;19;1022
7;2025-12-13;20;763
7;2025-12-13;21;607
7;2025-12-13;22;321
7;2025-12-13;23;214
7;2025-12-14;0;95
7;2025-12-14;1;21
7;2025-12-14;2;1
7;2025-12-14;3;1
7;2025-12-14;4;0
7;2025-12-14;5;34
7;2025-12-14;6;189
7;2025-12-14;7;296
7;2025-12-14;8;494
7;2025-12-14;9;623
7;2025-12-14;10;701
7;2025-12-14;11;873
7;2025-12-14;12;989
7;2025-12-14;13;1023
7;2025-12-14;14;1101
7;2025-12-14;15;1024
7;2025-12-14;16;937
7;2025-12-14;17;974
7;2025-12-14;18;842
7;2025-12-14;19;715
7;2025-12-14;20;605
7;2025-12-14;21;478
7;2025-12-14;22;273
7;2025-12-14;23;158
7;2025-12-15;0;67
7;2025-12-15;1;13
7;2025-12-15;2;0
7;2025-12-15;3;0
7;2025-12-15;4;2
7;2025-12-15;5;197
7;2025-12-15;6;721
7;2025-12-15;7;1653
7;2025-12-15;8;2505
7;2025-12-15;9;1876
7;2025-12-15;10;1599
7;2025-12-15;11;1430
7;2025-12-15;12;1548
7;2025-12-15;13;1543
7;2025-12-15;14;1614
7;2025-12-15;15;1757
7;2025-12-15;16;1888
7;2025-12-15;17;2352
7;2025-12-15;18;2541
7;2025-12-15;19;1725
7;2025-12-15;20;1082
7;2025-12-15;21;613
7;2025-12-15;22;313
7;2025-12-15;23;183
7;2025-12-16;0;59
7;2025-12-16;1;13
7;2025-12-16;2;0
7;2025-12-16;3;0
7;2025-12-16;4;2
7;2025-12-16;5;200
7;2025-12-16;6;727
7;2025-12-16;7;1675
7;2025-12-16;8;2530
7;2025-12-16;9;1898
7;2025-12-16;10;1653
7;2025-12-16;11;1508
7;2025-12-16;12;1613
7;2025-12-16;13;1592
7;2025-12-16;14;1663
7;2025-12-16;15;1799
7;2025-12-16;16;1925
7;2025-12-16;17;2375
7;2025-12-16;18;2568
7;2025-12-16;19;1766
7;2025-12-16;20;1103
7;2025-12-16;21;656
7;2025-12-16;22;330
7;2025-12-16;23;186
7;2025-12-17;0;61
7;2025-12-17;1;11
7;2025-12-17;2;0
7;2025-12-17;3;0
7;2025-12-17;4;2
7;2025-12-17;5;196
7;2025-12-17;6;721
7;2025-12-17;7;1647
7;2025-12-17;8;2546
7;2025-12-17;9;1925
7;2025-12-17;10;1679
7;2025-12-17;11;1494
7;2025-12-17;12;1596
7;2025-12-17;13;1573
7;2025-12-17;14;1661
7;2025-12-17;15;1814
7;2025-12-17;16;1918
7;2025-12-17;17;2418
7;2025-12-17;18;2556
7;2025-12-17;19;1724
7;2025-12-17;20;1106
7;2025-12-17;21;648
7;2025-12-17;22;333
7;2025-12-17;23;199
7;2025-12-18;0;66
7;2025-12-18;1;13
7;2025-12-18;2;0
7;2025-12-18;3;0
7;2025-12-18;4;2
7;2025-12-18;5;192
7;2025-12-18;6;722
7;2025-12-18;7;1651
7;2025-12-18;8;2516
7;2025-12-18;9;1884
7;2025-12-18;10;1627
7;2025-12-18;11;1488
7;2025-12-18;12;1577
7;2025-12-18;13;1564
7;2025-12-18;14;1681
7;2025-12-18;15;1764
7;2025-12-18;16;1905
7;2025-12-18;17;2375
7;2025-12-18;18;2622
7;2025-12-18;19;1726
7;2025-12-18;20;1082
7;2025-12-18;21;655
7;2025-12-18;22;329
7;2025-12-18;23;194
7;2025-12-19;0;66
7;2025-12-19;1;13
7;2025-12-19;2;0
7;2025-12-19;3;0
7;2025-12-19;4;2
7;2025-12-19;5;190
7;2025-12-19;6;689
7;2025-12-19;7;1619
7;2025-12-19;8;2442
7;2025-12-19;9;1855
7;2025-12-19;10;1614
7;2025-12-19;11;1509
7;2025-12-19;12;1613
7;2025-12-19;13;1647
7;2025-12-19;14;1720
7;2025-12-19;15;1845
7;2025-12-19;16;2016
7;2025-12-19;17;2355
7;2025-12-19;18;2315
7;2025-12-19;19;1631
7;2025-12-19;20;1075
7;2025-12-19;21;641
7;2025-12-19;22;350
7;2025-12-19;23;212
7;2025-12-20;0;102
7;2025-12-20;1;24
7;2025-12-20;2;0
7;2025-12-20;3;0
7;2025-12-20;4;0
7;2025-12-20;5;54
7;2025-12-20;6;288
7;2025-12-20;7;466
7;2025-12-20;8;732
7;2025-12-20;9;860
7;2025-12-20;10;917
7;2025-12-20;11;1096
7;2025-12-20;12;1251
7;2025-12-20;13;1259
7;2025-12-20;14;1302
7;2025-12-20;15;1221
7;2025-12-20;16;1172
7;2025-12-20;17;1124
7;2025-12-20;18;1058
7;2025-12-20;19;1021
7;2025-12-20;20;762
7;2025-12-20;21;606
7;2025-12-20;22;320
7;2025-12-20;23;214
7;2025-12-21;0;95
7;2025-12-21;1;21
7;2025-12-21;2;1
7;2025-12-21;3;1
7;2025-12-21;4;0
7;2025-12-21;5;34
7;2025-12-21;6;190
7;2025-12-21;7;296
7;2025-12-21;8;495
7;2025-12-21;9;623
7;2025-12-21;10;702
7;2025-12-21;11;874
7;2025-12-21;12;990
7;2025-12-21;13;1024
7;2025-12-21;14;1102
7;2025-12-21;15;1025
7;2025-12-21;16;938
7;2025-12-21;17;975
7;2025-12-21;18;843
7;2025-12-21;19;715
7;2025-12-21;20;606
7;2025-12-21;21;479
7;2025-12-21;22;274
7;2025-12-21;23;158
7;2025-12-22;0;67
7;2025-12-22;1;13
7;2025-12-22;2;0
7;2025-12-22;3;0
7;2025-12-22;4;2
7;2025-12-22;5;196
7;2025-12-22;6;720
7;2025-12-22;7;1652
7;2025-12-22;8;2501
7;2025-12-22;9;1873
7;2025-12-22;10;1597
7;2025-12-22;11;1428
7;2025-12-22;12;1546
7;2025-12-22;13;1541
7;2025-12-22;14;1612
7;2025-12-22;15;1755
7;2025-12-22;16;1885
7;2025-12-22;17;2349
7;2025-12-22;18;2538
7;2025-12-22;19;1723
7;2025-12-22;20;1081
7;2025-12-22;21;612
7;2025-12-22;22;313
7;2025-12-22;23;183
7;2025-12-23;0;59
7;2025-12-23;1;13
7;2025-12-23;2;0
7;2025-12-23;3;0
7;2025-12-23;4;2
7;2025-12-23;5;199
7;2025-12-23;6;726
7;2025-12-23;7;1673
7;2025-12-23;8;2527
7;2025-12-23;9;1895
7;2025-12-23;10;1651
7;2025-12-23;11;1506
7;2025-12-23;12;1610
7;2025-12-23;13;1590
7;2025-12-23;14;1661
7;2025-12-23;15;1797
7;2025-12-23;16;1922
7;2025-12-23;17;2372
7;2025-12-23;18;2565
7;2025-12-23;19;1764
7;2025-12-23;20;1101
7;2025-12-23;21;655
7;2025-12-23;22;330
7;2025-12-23;23;186
7;2025-12-24;0;61
7;2025-12-24;1;11
7;2025-12-24;2;0
7;2025-12-24;3;0
7;2025-12-24;4;2
7;2025-12-24;5;196
7;2025-12-24;6;720
7;2025-12-24;7;1645
7;2025-12-24;8;2543
7;2025-12-24;9;1923
7;2025-12-24;10;1677
7;2025-12-24;11;1493
7;2025-12-24;12;1594
7;2025-12-24;13;1571
7;2025-12-24;14;1658
7;2025-12-24;15;1812
7;2025-12-24;16;1916
7;2025-12-24;17;2415
7;2025-12-24;18;2552
7;2025-12-24;19;1722
7;2025-12-24;20;1105
7;2025-12-24;21;647
7;2025-12-24;22;333
7;2025-12-24;23;198
7;2025-12-25;0;66
7;2025-12-25;1;13
7;2025-12-25;2;0
7;2025-12-25;3;0
7;2025-12-25;4;2
7;2025-12-25;5;191
7;2025-12-25;6;720
7;2025-12-25;7;1646
7;2025-12-25;8;2510
7;2025-12-25;9;1879
7;2025-12-25;10;1623
7;2025-12-25;11;1485
7;2025-12-25;12;1574
7;2025-12-25;13;1560
7;2025-12-25;14;1677
7;2025-12-25;15;1760
7;2025-12-25;16;1901
7;2025-12-25;17;2369
7;2025-12-25;18;2616
7;2025-12-25;19;1722
7;2025-12-25;20;1080
7;2025-12-25;21;654
7;2025-12-25;22;328
7;2025-12-25;23;194
7;2025-12-26;0;66
7;2025-12-26;1;13
7;2025-12-26;2;0
7;2025-12-26;3;0
7;2025-12-26;4;2
7;2025-12-26;5;190
7;2025-12-26;6;687
7;2025-12-26;7;1614
7;2025-12-26;8;2436
7;2025-12-26;9;1850
7;2025-12-26;10;1609
7;2025-12-26;11;1505
7;2025-12-26;12;1608
7;2025-12-26;13;1642
7;2025-12-26;14;1715
7;2025-12-26;15;1840
7;2025-12-26;16;2011
7;2025-12-26;17;2349
7;2025-12-26;18;2309
7;2025-12-26;19;1626
7;2025-12-26;20;1072
7;2025-12-26;21;639
7;2025-12-26;22;349
7;2025-12-26;23;212
7;2025-12-27;0;102
7;2025-12-27;1;24
7;2025-12-27;2;0
7;2025-12-27;3;0
7;2025-12-27;4;0
7;2025-12-27;5;54
7;2025-12-27;6;288
7;2025-12-27;7;465
7;2025-12-27;8;731
7;2025-12-27;9;859
7;2025-12-27;10;916
7;2025-12-27;11;1094
7;2025-12-27;12;1248
7;2025-12-27;13;1257
7;2025-12-27;14;1300
7;2025-12-27;15;1218
7;2025-12-27;16;1170
7;2025-12-27;17;1121
7;2025-12-27;18;1056
7;2025-12-27;19;1019
7;2025-12-27;20;761
7;2025-12-27;21;605
7;2025-12-27;22;319
7;2025-12-27;23;214
7;2025-12-28;0;95
7;2025-12-28;1;21
7;2025-12-28;2;1
7;2025-12-28;3;1
7;2025-12-28;4;0
7;2025-12-28;5;34
7;2025-12-28;6;190
7;2025-12-28;7;296
7;2025-12-28;8;494
7;2025-12-28;9;623
7;2025-12-28;10;702
7;2025-12-28;11;874
7;2025-12-28;12;990
7;2025-12-28;13;1024
7;2025-12-28;14;1101
7;2025-12-28;15;1024
7;2025-12-28;16;938
7;2025-12-28;17;975
7;2025-12-28;18;843
7;2025-12-28;19;715
7;2025-12-28;20;606
7;2025-12-28;21;478
7;2025-12-28;22;274
7;2025-12-28;23;158
7;2025-12-29;0;67
7;2025-12-29;1;13
7;2025-12-29;2;0
7;2025-12-29;3;0
7;2025-12-29;4;2
7;2025-12-29;5;196
7;2025-12-29;6;718
7;2025-12-29;7;1646
7;2025-12-29;8;2493
7;2025-12-29;9;1867
7;2025-12-29;10;1592
7;2025-12-29;11;1423
7;2025-12-29;12;1541
7;2025-12-29;13;1536
7;2025-12-29;14;1607
7;2025-12-29;15;1749
7;2025-12-29;16;1879
7;2025-12-29;17;2341
7;2025-12-29;18;2530
7;2025-12-29;19;1717
7;2025-12-29;20;1078
7;2025-12-29;21;610
7;2025-12-29;22;311
7;2025-12-29;23;182
7;2025-12-30;0;59
7;2025-12-30;1;13
7;2025-12-30;2;0
7;2025-12-30;3;0
7;2025-12-30;4;2
7;2025-12-30;5;199
7;2025-12-30;6;723
7;2025-12-30;7;1667
7;2025-12-30;8;2517
7;2025-12-30;9;1887
7;2025-12-30;10;1645
7;2025-12-30;11;1500
7;2025-12-30;12;1604
7;2025-12-30;13;1584
7;2025-12-30;14;1655
7;2025-12-30;15;1789
7;2025-12-30;16;1914
7;2025-12-30;17;2362
7;2025-12-30;18;2554
7;2025-12-30;19;1757
7;2025-12-30;20;1097
7;2025-12-30;21;652
7;2025-12-30;22;328
7;2025-12-30;23;186
7;2025-12-31;0;93
7;2025-12-31;1;21
7;2025-12-31;2;1
7;2025-12-31;3;1
7;2025-12-31;4;0
7;2025-12-31;5;35
7;2025-12-31;6;194
7;2025-12-31;7;298
7;2025-12-31;8;495
7;2025-12-31;9;618
7;2025-12-31;10;691
7;2025-12-31;11;856
7;2025-12-31;12;971
7;2025-12-31;13;1016
7;2025-12-31;14;1086
7;2025-12-31;15;1010
7;2025-12-31;16;933
7;2025-12-31;17;941
7;2025-12-31;18;840
7;2025-12-31;19;727
7;2025-12-31;20;603
7;2025-12-31;21;477
7;2025-12-31;22;281
7;2025-12-31;23;159
11;2025-11-01;0;71
11;2025-11-01;1;2
11;2025-11-01;2;0
11;2025-11-01;3;0
11;2025-11-01;4;1
11;2025-11-01;5;300
11;2025-11-01;6;1349
11;2025-11-01;7;2490
11;2025-11-01;8;3306
11;2025-11-01;9;2533
11;2025-11-01;10;1967
11;2025-11-01;11;1927
11;2025-11-01;12;1938
11;2025-11-01;13;2091
11;2025-11-01;14;2069
11;2025-11-01;15;2183
11;2025-11-01;16;2388
11;2025-11-01;17;2949
11;2025-11-01;18;3088
11;2025-11-01;19;2290
11;2025-11-01;20;1501
11;2025-11-01;21;904
11;2025-11-01;22;456
11;2025-11-01;23;247
11;2025-11-02;0;103
11;2025-11-02;1;12
11;2025-11-02;2;1
11;2025-11-02;3;1
11;2025-11-02;4;3
11;2025-11-02;5;124
11;2025-11-02;6;482
11;2025-11-02;7;513
11;2025-11-02;8;646
11;2025-11-02;9;884
11;2025-11-02;10;990
11;2025-11-02;11;1393
11;2025-11-02;12;1563
11;2025-11-02;13;1513
11;2025-11-02;14;1589
11;2025-11-02;15;1624
11;2025-11-02;16;1541
11;2025-11-02;17;1601
11;2025-11-02;18;1293
11;2025-11-02;19;1061
11;2025-11-02;20;861
11;2025-11-02;21;633
11;2025-11-02;22;359
11;2025-11-02;23;250
11;2025-11-03;0;99
11;2025-11-03;1;11
11;2025-11-03;2;1
11;2025-11-03;3;1
11;2025-11-03;4;3
11;2025-11-03;5;128
11;2025-11-03;6;482
11;2025-11-03;7;505
11;2025-11-03;8;632
11;2025-11-03;9;852
11;2025-11-03;10;947
11;2025-11-03;11;1341
11;2025-11-03;12;1505
11;2025-11-03;13;1452
11;2025-11-03;14;1548
11;2025-11-03;15;1586
11;2025-11-03;16;1507
11;2025-11-03;17;1536
11;2025-11-03;18;1271
11;2025-11-03;19;1068
11;2025-11-03;20;865
11;2025-11-03;21;639
11;2025-11-03;22;360
11;2025-11-03;23;253
11;2025-11-04;0;100
11;2025-11-04;1;11
11;2025-11-04;2;1
11;2025-11-04;3;1
11;2025-11-04;4;3
11;2025-11-04;5;129
11;2025-11-04;6;484
11;2025-11-04;7;507
11;2025-11-04;8;635
11;2025-11-04;9;855
11;2025-11-04;10;950
11;2025-11-04;11;1345
11;2025-11-04;12;1509
11;2025-11-04;13;1456
11;2025-11-04;14;1552
11;2025-11-04;15;1590
11;2025-11-04;16;1511
11;2025-11-04;17;1540
11;2025-11-04;18;1274
11;2025-11-04;19;1071
11;2025-11-04;20;868
11;2025-11-04;21;642
11;2025-11-04;22;361
11;2025-11-04;23;254
11;2025-11-05;0;68
11;2025-11-05;1;1
11;2025-11-05;2;0
11;2025-11-05;3;0
11;2025-11-05;4;1
11;2025-11-05;5;296
11;2025-11-05;6;1308
11;2025-11-05;7;2463
11;2025-11-05;8;3269
11;2025-11-05;9;2463
11;2025-11-05;10;1919
11;2025-11-05;11;1908
11;2025-11-05;12;1936
11;2025-11-05;13;2082
11;2025-11-05;14;2040
11;2025-11-05;15;2129
11;2025-11-05;16;2287
11;2025-11-05;17;2874
11;2025-11-05;18;3063
11;2025-11-05;19;2279
11;2025-11-05;20;1498
11;2025-11-05;21;898
11;2025-11-05;22;445
11;2025-11-05;23;247
11;2025-11-06;0;71
11;2025-11-06;1;2
11;2025-11-06;2;0
11;2025-11-06;3;0
11;2025-11-06;4;2
11;2025-11-06;5;296
11;2025-11-06;6;1320
11;2025-11-06;7;2427
11;2025-11-06;8;3193
11;2025-11-06;9;2502
11;2025-11-06;10;1981
11;2025-11-06;11;1890
11;2025-11-06;12;1943
11;2025-11-06;13;2080
11;2025-11-06;14;2043
11;2025-11-06;15;2135
11;2025-11-06;16;2326
11;2025-11-06;17;2875
11;2025-11-06;18;3081
11;2025-11-06;19;2258
11;2025-11-06;20;1480
11;2025-11-06;21;914
11;2025-11-06;22;456
11;2025-11-06;23;247
11;2025-11-07;0;75
11;2025-11-07;1;2
11;2025-11-07;2;0
11;2025-11-07;3;0
11;2025-11-07;4;2
11;2025-11-07;5;295
11;2025-11-07;6;1317
11;2025-11-07;7;2392
11;2025-11-07;8;3185
11;2025-11-07;9;2441
11;2025-11-07;10;1942
11;2025-11-07;11;1903
11;2025-11-07;12;1913
11;2025-11-07;13;2051
11;2025-11-07;14;2087
11;2025-11-07;15;2238
11;2025-11-07;16;2454
11;2025-11-07;17;2947
11;2025-11-07;18;2804
11;2025-11-07;19;2156
11;2025-11-07;20;1455
11;2025-11-07;21;894
11;2025-11-07;22;465
11;2025-11-07;23;274
11;2025-11-08;0;105
11;2025-11-08;1;3
11;2025-11-08;2;0
11;2025-11-08;3;0
11;2025-11-08;4;4
11;2025-11-08;5;208
11;2025-11-08;6;779
11;2025-11-08;7;743
11;2025-11-08;8;1055
11;2025-11-08;9;1208
11;2025-11-08;10;1323
11;2025-11-08;11;1722
11;2025-11-08;12;1947
11;2025-11-08;13;1866
11;2025-11-08;14;1908
11;2025-11-08;15;1839
11;2025-11-08;16;1859
11;2025-11-08;17;1884
11;2025-11-08;18;1604
11;2025-11-08;19;1460
11;2025-11-08;20;1109
11;2025-11-08;21;773
11;2025-11-08;22;452
11;2025-11-08;23;319
11;2025-11-09;0;103
11;2025-11-09;1;12
11;2025-11-09;2;1
11;2025-11-09;3;1
11;2025-11-09;4;3
11;2025-11-09;5;124
11;2025-11-09;6;482
11;2025-11-09;7;513
11;2025-11-09;8;647
11;2025-11-09;9;886
11;2025-11-09;10;991
11;2025-11-09;11;1394
11;2025-11-09;12;1565
11;2025-11-09;13;1515
11;2025-11-09;14;1591
11;2025-11-09;15;1626
11;2025-11-09;16;1543
11;2025-11-09;17;1604
11;2025-11-09;18;1294
11;2025-11-09;19;1062
11;2025-11-09;20;862
11;2025-11-09;21;634
11;2025-11-09;22;358
11;2025-11-09;23;250
11;2025-11-10;0;73
11;2025-11-10;1;4
11;2025-11-10;2;0
11;2025-11-10;3;0
11;2025-11-10;4;2
11;2025-11-10;5;294
11;2025-11-10;6;1330
11;2025-11-10;7;2414
11;2025-11-10;8;3204
11;2025-11-10;9;2454
11;2025-11-10;10;1887
11;2025-11-10;11;1876
11;2025-11-10;12;1837
11;2025-11-10;13;2000
11;2025-11-10;14;1981
11;2025-11-10;15;2095
11;2025-11-10;16;2316
11;2025-11-10;17;2857
11;2025-11-10;18;3065
11;2025-11-10;19;2270
11;2025-11-10;20;1469
11;2025-11-10;21;864
11;2025-11-10;22;434
11;2025-11-10;23;227
11;2025-11-11;0;68
11;2025-11-11;1;3
11;2025-11-11;2;0
11;2025-11-11;3;0
11;2025-11-11;4;1
11;2025-11-11;5;291
11;2025-11-11;6;1341
11;2025-11-11;7;2455
11;2025-11-11;8;3267
11;2025-11-11;9;2494
11;2025-11-11;10;1923
11;2025-11-11;11;1877
11;2025-11-11;12;1880
11;2025-11-11;13;2059
11;2025-11-11;14;2046
11;2025-11-11;15;2140
11;2025-11-11;16;2339
11;2025-11-11;17;2904
11;2025-11-11;18;3071
11;2025-11-11;19;2260
11;2025-11-11;20;1472
11;2025-11-11;21;889
11;2025-11-11;22;443
11;2025-11-11;23;233
11;2025-11-12;0;68
11;2025-11-12;1;1
11;2025-11-12;2;0
11;2025-11-12;3;0
11;2025-11-12;4;1
11;2025-11-12;5;296
11;2025-11-12;6;1308
11;2025-11-12;7;2463
11;2025-11-12;8;3269
11;2025-11-12;9;2463
11;2025-11-12;10;1919
11;2025-11-12;11;1908
11;2025-11-12;12;1937
11;2025-11-12;13;2082
11;2025-11-12;14;2041
11;2025-11-12;15;2130
11;2025-11-12;16;2288
11;2025-11-12;17;2875
11;2025-11-12;18;3064
11;2025-11-12;19;2279
11;2025-11-12;20;1498
11;2025-11-12;21;899
11;2025-11-12;22;445
11;2025-11-12;23;248
11;2025-11-13;0;70
11;2025-11-13;1;2
11;2025-11-13;2;0
11;2025-11-13;3;0
11;2025-11-13;4;2
11;2025-11-13;5;296
11;2025-11-13;6;1321
11;2025-11-13;7;2429
11;2025-11-13;8;3196
11;2025-11-13;9;2505
11;2025-11-13;10;1983
11;2025-11-13;11;1892
11;2025-11-13;12;1945
11;2025-11-13;13;2082
11;2025-11-13;14;2045
11;2025-11-13;15;2137
11;2025-11-13;16;2329
11;2025-11-13;17;2878
11;2025-11-13;18;3084
11;2025-11-13;19;2262
11;2025-11-13;20;1481
11;2025-11-13;21;914
11;2025-11-13;22;457
11;2025-11-13;23;247
11;2025-11-14;0;75
11;2025-11-14;1;2
11;2025-11-14;2;0
11;2025-11-14;3;0
11;2025-11-14;4;2
11;2025-11-14;5;294
11;2025-11-14;6;1317
11;2025-11-14;7;2391
11;2025-11-14;8;3182
11;2025-11-14;9;2439
11;2025-11-14;10;1941
11;2025-11-14;11;1901
11;2025-11-14;12;1912
11;2025-11-14;13;2049
11;2025-11-14;14;2085
11;2025-11-14;15;2236
11;2025-11-14;16;2453
11;2025-11-14;17;2946
11;2025-11-14;18;2803
11;2025-11-14;19;2154
11;2025-11-14;20;1453
11;2025-11-14;21;893
11;2025-11-14;22;465
11;2025-11-14;23;274
11;2025-11-15;0;105
11;2025-11-15;1;3
11;2025-11-15;2;0
11;2025-11-15;3;0
11;2025-11-15;4;4
11;2025-11-15;5;208
11;2025-11-15;6;777
11;2025-11-15;7;742
11;2025-11-15;8;1053
11;2025-11-15;9;1206
11;2025-11-15;10;1320
11;2025-11-15;11;1719
11;2025-11-15;12;1944
11;2025-11-15;13;1864
11;2025-11-15;14;1905
11;2025-11-15;15;1836
11;2025-11-15;16;1857
11;2025-11-15;17;1882
11;2025-11-15;18;1602
11;2025-11-15;19;1458
11;2025-11-15;20;1108
11;2025-11-15;21;771
11;2025-11-15;22;450
11;2025-11-15;23;319
11;2025-11-16;0;104
11;2025-11-16;1;12
11;2025-11-16;2;1
11;2025-11-16;3;1
11;2025-11-16;4;3
11;2025-11-16;5;124
11;2025-11-16;6;482
11;2025-11-16;7;513
11;2025-11-16;8;647
11;2025-11-16;9;886
11;2025-11-16;10;992
11;2025-11-16;11;1395
11;2025-11-16;12;1565
11;2025-11-16;13;1516
11;2025-11-16;14;1592
11;2025-11-16;15;1627
11;2025-11-16;16;1544
11;2025-11-16;17;1604
11;2025-11-16;18;1295
11;2025-11-16;19;1063
11;2025-11-16;20;863
11;2025-11-16;21;634
11;2025-11-16;22;359
11;2025-11-16;23;250
11;2025-11-17;0;73
11;2025-11-17;1;4
11;2025-11-17;2;0
11;2025-11-17;3;0
11;2025-11-17;4;2
11;2025-11-17;5;293
11;2025-11-17;6;1327
11;2025-11-17;7;2410
11;2025-11-17;8;3199
11;2025-11-17;9;2450
11;2025-11-17;10;1884
11;2025-11-17;11;1873
11;2025-11-17;12;1834
11;2025-11-17;13;1997
11;2025-11-17;14;1978
11;2025-11-17;15;2091
11;2025-11-17;16;2312
11;2025-11-17;17;2852
11;2025-11-17;18;3059
11;2025-11-17;19;2266
11;2025-11-17;20;1467
11;2025-11-17;21;863
11;2025-11-17;22;433
11;2025-11-17;23;227
11;2025-11-18;0;68
11;2025-11-18;1;3
11;2025-11-18;2;0
11;2025-11-18;3;0
11;2025-11-18;4;1
11;2025-11-18;5;290
11;2025-11-18;6;1339
11;2025-11-18;7;2450
11;2025-11-18;8;3261
11;2025-11-18;9;2489
11;2025-11-18;10;1920
11;2025-11-18;11;1874
11;2025-11-18;12;1877
11;2025-11-18;13;2055
11;2025-11-18;14;2043
11;2025-11-18;15;2136
11;2025-11-18;16;2334
11;2025-11-18;17;2899
11;2025-11-18;18;3066
11;2025-11-18;19;2256
11;2025-11-18;20;1470
11;2025-11-18;21;888
11;2025-11-18;22;442
11;2025-11-18;23;233
11;2025-11-19;0;68
11;2025-11-19;1;1
11;2025-11-19;2;0
11;2025-11-19;3;0
11;2025-11-19;4;1
11;2025-11-19;5;295
11;2025-11-19;6;1305
11;2025-11-19;7;2458
11;2025-11-19;8;3263
11;2025-11-19;9;2458
11;2025-11-19;10;1916
11;2025-11-19;11;1905
11;2025-11-19;12;1933
11;2025-11-19;13;2078
11;2025-11-19;14;2037
11;2025-11-19;15;2125
11;2025-11-19;16;2283
11;2025-11-19;17;2869
11;2025-11-19;18;3058
11;2025-11-19;19;2275
11;2025-11-19;20;1495
11;2025-11-19;21;896
11;2025-11-19;22;445
11;2025-11-19;23;247
11;2025-11-20;0;71
11;2025-11-20;1;2
11;2025-11-20;2;0
11;2025-11-20;3;0
11;2025-11-20;4;2
11;2025-11-20;5;296
11;2025-11-20;6;1319
11;2025-11-20;7;2425
11;2025-11-20;8;3190
11;2025-11-20;9;2500
11;2025-11-20;10;1979
11;2025-11-20;11;1889
11;2025-11-20;12;1942
11;2025-11-20;13;2078
11;2025-11-20;14;2041
11;2025-11-20;15;2134
11;2025-11-20;16;2325
11;2025-11-20;17;2873
11;2025-11-20;18;3079
11;2025-11-20;19;2257
11;2025-11-20;20;1479
11;2025-11-20;21;913
11;2025-11-20;22;456
11;2025-11-20;23;247
11;2025-11-21;0;75
11;2025-11-21;1;2
11;2025-11-21;2;0
11;2025-11-21;3;0
11;2025-11-21;4;2
11;2025-11-21;5;294
11;2025-11-21;6;1314
11;2025-11-21;7;2385
11;2025-11-21;8;3175
11;2025-11-21;9;2434
11;2025-11-21;10;1936
11;2025-11-21;11;1897
11;2025-11-21;12;1908
11;2025-11-21;13;2045
11;2025-11-21;14;2081
11;2025-11-21;15;2232
11;2025-11-21;16;2447
11;2025-11-21;17;2940
11;2025-11-21;18;2797
11;2025-11-21;19;2150
11;2025-11-21;20;1451
11;2025-11-21;21;891
11;2025-11-21;22;464
11;2025-11-21;23;274
11;2025-11-22;0;105
11;2025-11-22;1;3
11;2025-11-22;2;0
11;2025-11-22;3;0
11;2025-11-22;4;4
11;2025-11-22;5;207
11;2025-11-22;6;774
11;2025-11-22;7;739
11;2025-11-22;8;1049
11;2025-11-22;9;1202
11;2025-11-22;10;1316
11;2025-11-22;11;1712
11;2025-11-22;12;1936
11;2025-11-22;13;1856
11;2025-11-22;14;1898
11;2025-11-22;15;1829
11;2025-11-22;16;1850
11;2025-11-22;17;1874
11;2025-11-22;18;1596
11;2025-11-22;19;1453
11;2025-11-22;20;1103
11;2025-11-22;21;769
11;2025-11-22;22;449
11;2025-11-22;23;318
11;2025-11-23;0;104
11;2025-11-23;1;12
11;2025-11-23;2;1
11;2025-11-23;3;1
11;2025-11-23;4;3
11;2025-11-23;5;124
11;2025-11-23;6;481
11;2025-11-23;7;512
11;2025-11-23;8;645
11;2025-11-23;9;883
11;2025-11-23;10;989
11;2025-11-23;11;1391
11;2025-11-23;12;1561
11;2025-11-23;13;1512
11;2025-11-23;14;1587
11;2025-11-23;15;1622
11;2025-11-23;16;1540
11;2025-11-23;17;1599
11;2025-11-23;18;1291
11;2025-11-23;19;1060
11;2025-11-23;20;860
11;2025-11-23;21;632
11;2025-11-23;22;358
11;2025-11-23;23;250
11;2025-11-24;0;73
11;2025-11-24;1;4
11;2025-11-24;2;0
11;2025-11-24;3;0
11;2025-11-24;4;2
11;2025-11-24;5;292
11;2025-11-24;6;1324
11;2025-11-24;7;2404
11;2025-11-24;8;3190
11;2025-11-24;9;2444
11;2025-11-24;10;1879
11;2025-11-24;11;1868
11;2025-11-24;12;1830
11;2025-11-24;13;1991
11;2025-11-24;14;1973
11;2025-11-24;15;2086
11;2025-11-24;16;2306
11;2025-11-24;17;2845
11;2025-11-24;18;3052
11;2025-11-24;19;2261
11;2025-11-24;20;1463
11;2025-11-24;21;861
11;2025-11-24;22;433
11;2025-11-24;23;226
11;2025-11-25;0;68
11;2025-11-25;1;3
11;2025-11-25;2;0
11;2025-11-25;3;0
11;2025-11-25;4;1
11;2025-11-25;5;290
11;2025-11-25;6;1336
11;2025-11-25;7;2445
11;2025-11-25;8;3253
11;2025-11-25;9;2484
11;2025-11-25;10;1915
11;2025-11-25;11;1869
11;2025-11-25;12;1872
11;2025-11-25;13;2051
11;2025-11-25;14;2038
11;2025-11-25;15;2131
11;2025-11-25;16;2329
11;2025-11-25;17;2892
11;2025-11-25;18;3058
11;2025-11-25;19;2251
11;2025-11-25;20;1466
11;2025-11-25;21;886
11;2025-11-25;22;441
11;2025-11-25;23;233
11;2025-11-26;0;68
11;2025-11-26;1;1
11;2025-11-26;2;0
11;2025-11-26;3;0
11;2025-11-26;4;1
11;2025-11-26;5;295
11;2025-11-26;6;1303
11;2025-11-26;7;2454
11;2025-11-26;8;3256
11;2025-11-26;9;2454
11;2025-11-26;10;1912
11;2025-11-26;11;1901
11;2025-11-26;12;1930
11;2025-11-26;13;2074
11;2025-11-26;14;2033
11;2025-11-26;15;2122
11;2025-11-26;16;2279
11;2025-11-26;17;2864
11;2025-11-26;18;3053
11;2025-11-26;19;2271
11;2025-11-26;20;1492
11;2025-11-26;21;894
11;2025-11-26;22;443
11;2025-11-26;23;246
11;2025-11-27;0;70
11;2025-11-27;1;2
11;2025-11-27;2;0
11;2025-11-27;3;0
11;2025-11-27;4;2
11;2025-11-27;5;295
11;2025-11-27;6;1316
11;2025-11-27;7;2420
11;2025-11-27;8;3184
11;2025-11-27;9;2495
11;2025-11-27;10;1976
11;2025-11-27;11;1885
11;2025-11-27;12;1938
11;2025-11-27;13;2074
11;2025-11-27;14;2037
11;2025-11-27;15;2130
11;2025-11-27;16;2320
11;2025-11-27;17;2868
11;2025-11-27;18;3072
11;2025-11-27;19;2253
11;2025-11-27;20;1476
11;2025-11-27;21;911
11;2025-11-27;22;455
11;2025-11-27;23;246
11;2025-11-28;0;74
11;2025-11-28;1;2
11;2025-11-28;2;0
11;2025-11-28;3;0
11;2025-11-28;4;2
11;2025-11-28;5;293
11;2025-11-28;6;1310
11;2025-11-28;7;2379
11;2025-11-28;8;3167
11;2025-11-28;9;2428
11;2025-11-28;10;1931
11;2025-11-28;11;1892
11;2025-11-28;12;1903
11;2025-11-28;13;2040
11;2025-11-28;14;2075
11;2025-11-28;15;2225
11;2025-11-28;16;2441
11;2025-11-28;17;2932
11;2025-11-28;18;2789
11;2025-11-28;19;2145
11;2025-11-28;20;1447
11;2025-11-28;21;888
11;2025-11-28;22;463
11;2025-11-28;23;273
11;2025-11-29;0;104
11;2025-11-29;1;3
11;2025-11-29;2;0
11;2025-11-29;3;0
11;2025-11-29;4;4
11;2025-11-29;5;207
11;2025-11-29;6;772
11;2025-11-29;7;737
11;2025-11-29;8;1046
11;2025-11-29;9;1199
11;2025-11-29;10;1313
11;2025-11-29;11;1709
11;2025-11-29;12;1932
11;2025-11-29;13;1852
11;2025-11-29;14;1893
11;2025-11-29;15;1825
11;2025-11-29;16;1845
11;2025-11-29;17;1869
11;2025-11-29;18;1592
11;2025-11-29;19;1450
11;2025-11-29;20;1100
11;2025-11-29;21;766
11;2025-11-29;22;448
11;2025-11-29;23;317
11;2025-11-30;0;103
11;2025-11-30;1;12
11;2025-11-30;2;1
11;2025-11-30;3;1
11;2025-11-30;4;3
11;2025-11-30;5;124
11;2025-11-30;6;481
11;2025-11-30;7;512
11;2025-11-30;8;646
11;2025-11-30;9;884
11;2025-11-30;10;989
11;2025-11-30;11;1392
11;2025-11-30;12;1563
11;2025-11-30;13;1513
11;2025-11-30;14;1589
11;2025-11-30;15;1623
11;2025-11-30;16;1541
11;2025-11-30;17;1601
11;2025-11-30;18;1292
11;2025-11-30;19;1061
11;2025-11-30;20;861
11;2025-11-30;21;633
11;2025-11-30;22;358
11;2025-11-30;23;250
11;2025-12-01;0;73
11;2025-12-01;1;4
11;2025-12-01;2;0
11;2025-12-01;3;0
11;2025-12-01;4;2
11;2025-12-01;5;292
11;2025-12-01;6;1321
11;2025-12-01;7;2399
11;2025-12-01;8;3183
11;2025-12-01;9;2438
11;2025-12-01;10;1875
11;2025-12-01;11;1864
11;2025-12-01;12;1826
11;2025-12-01;13;1986
11;2025-12-01;14;1968
11;2025-12-01;15;2081
11;2025-12-01;16;2301
11;2025-12-01;17;2839
11;2025-12-01;18;3045
11;2025-12-01;19;2255
11;2025-12-01;20;1460
11;2025-12-01;21;859
11;2025-12-01;22;432
11;2025-12-01;23;226
11;2025-12-02;0;68
11;2025-12-02;1;3
11;2025-12-02;2;0
11;2025-12-02;3;0
11;2025-12-02;4;1
11;2025-12-02;5;289
11;2025-12-02;6;1333
11;2025-12-02;7;2439
11;2025-12-02;8;3246
11;2025-12-02;9;2478
11;2025-12-02;10;1911
11;2025-12-02;11;1866
11;2025-12-02;12;1869
11;2025-12-02;13;2045
11;2025-12-02;14;2033
11;2025-12-02;15;2127
11;2025-12-02;16;2324
11;2025-12-02;17;2886
11;2025-12-02;18;3052
11;2025-12-02;19;2245
11;2025-12-02;20;1463
11;2025-12-02;21;884
11;2025-12-02;22;440
11;2025-12-02;23;232
11;2025-12-03;0;67
11;2025-12-03;1;1
11;2025-12-03;2;0
11;2025-12-03;3;0
11;2025-12-03;4;1
11;2025-12-03;5;295
11;2025-12-03;6;1301
11;2025-12-03;7;2450
11;2025-12-03;8;3252
11;2025-12-03;9;2450
11;2025-12-03;10;1909
11;2025-12-03;11;1898
11;2025-12-03;12;1926
11;2025-12-03;13;2070
11;2025-12-03;14;2030
11;2025-12-03;15;2118
11;2025-12-03;16;2275
11;2025-12-03;17;2859
11;2025-12-03;18;3047
11;2025-12-03;19;2267
11;2025-12-03;20;1490
11;2025-12-03;21;894
11;2025-12-03;22;442
11;2025-12-03;23;246
11;2025-12-04;0;70
11;2025-12-04;1;2
11;2025-12-04;2;0
11;2025-12-04;3;0
11;2025-12-04;4;2
11;2025-12-04;5;295
11;2025-12-04;6;1314
11;2025-12-04;7;2415
11;2025-12-04;8;3178
11;2025-12-04;9;2491
11;2025-12-04;10;1972
11;2025-12-04;11;1881
11;2025-12-04;12;1934
11;2025-12-04;13;2070
11;2025-12-04;14;2034
11;2025-12-04;15;2126
11;2025-12-04;16;2316
11;2025-12-04;17;2862
11;2025-12-04;18;3067
11;2025-12-04;19;2249
11;2025-12-04;20;1473
11;2025-12-04;21;909
11;2025-12-04;22;454
11;2025-12-04;23;246
11;2025-12-05;0;74
11;2025-12-05;1;2
11;2025-12-05;2;0
11;2025-12-05;3;0
11;2025-12-05;4;2
11;2025-12-05;5;293
11;2025-12-05;6;1309
11;2025-12-05;7;2378
11;2025-12-05;8;3165
11;2025-12-05;9;2425
11;2025-12-05;10;1930
11;2025-12-05;11;1891
11;2025-12-05;12;1901
11;2025-12-05;13;2039
11;2025-12-05;14;2073
11;2025-12-05;15;2224
11;2025-12-05;16;2439
11;2025-12-05;17;2929
11;2025-12-05;18;2787
11;2025-12-05;19;2143
11;2025-12-05;20;1446
11;2025-12-05;21;888
11;2025-12-05;22;462
11;2025-12-05;23;273
11;2025-12-06;0;104
11;2025-12-06;1;3
11;2025-12-06;2;0
11;2025-12-06;3;0
11;2025-12-06;4;4
11;2025-12-06;5;206
11;2025-12-06;6;771
11;2025-12-06;7;737
11;2025-12-06;8;1045
11;2025-12-06;9;1197
11;2025-12-06;10;1311
11;2025-12-06;11;1707
11;2025-12-06;12;1929
11;2025-12-06;13;1849
11;2025-12-06;14;1891
11;2025-12-06;15;1822
11;2025-12-06;16;1843
11;2025-12-06;17;1867
11;2025-12-06;18;1590
11;2025-12-06;19;1448
11;2025-12-06;20;1099
11;2025-12-06;21;766
11;2025-12-06;22;447
11;2025-12-06;23;317
11;2025-12-07;0;103
11;2025-12-07;1;12
11;2025-12-07;2;1
11;2025-12-07;3;1
11;2025-12-07;4;3
11;2025-12-07;5;124
11;2025-12-07;6;481
11;2025-12-07;7;512
11;2025-12-07;8;645
11;2025-12-07;9;884
11;2025-12-07;10;989
11;2025-12-07;11;1391
11;2025-12-07;12;1561
11;2025-12-07;13;1512
11;2025-12-07;14;1588
11;2025-12-07;15;1623
11;2025-12-07;16;1540
11;2025-12-07;17;1600
11;2025-12-07;18;1292
11;2025-12-07;19;1060
11;2025-12-07;20;861
11;2025-12-07;21;632
11;2025-12-07;22;358
11;2025-12-07;23;250
11;2025-12-08;0;73
11;2025-12-08;1;4
11;2025-12-08;2;0
11;2025-12-08;3;0
11;2025-12-08;4;2
11;2025-12-08;5;292
11;2025-12-08;6;1322
11;2025-12-08;7;2399
11;2025-12-08;8;3184
11;2025-12-08;9;2439
11;2025-12-08;10;1876
11;2025-12-08;11;1864
11;2025-12-08;12;1826
11;2025-12-08;13;1987
11;2025-12-08;14;1969
11;2025-12-08;15;2082
11;2025-12-08;16;2302
11;2025-12-08;17;2839
11;2025-12-08;18;3046
11;2025-12-08;19;2256
11;2025-12-08;20;1460
11;2025-12-08;21;859
11;2025-12-08;22;432
11;2025-12-08;23;226
11;2025-12-09;0;68
11;2025-12-09;1;3
11;2025-12-09;2;0
11;2025-12-09;3;0
11;2025-12-09;4;1
11;2025-12-09;5;289
11;2025-12-09;6;1334
11;2025-12-09;7;2442
11;2025-12-09;8;3249
11;2025-12-09;9;2480
11;2025-12-09;10;1913
11;2025-12-09;11;1867
11;2025-12-09;12;1871
11;2025-12-09;13;2048
11;2025-12-09;14;2036
11;2025-12-09;15;2128
11;2025-12-09;16;2326
11;2025-12-09;17;2888
11;2025-12-09;18;3054
11;2025-12-09;19;2248
11;2025-12-09;20;1464
11;2025-12-09;21;885
11;2025-12-09;22;440
11;2025-12-09;23;233
11;2025-12-10;0;67
11;2025-12-10;1;1
11;2025-12-10;2;0
11;2025-12-10;3;0
11;2025-12-10;4;1
11;2025-12-10;5;295
11;2025-12-10;6;1302
11;2025-12-10;7;2452
11;2025-12-10;8;3254
11;2025-12-10;9;2452
11;2025-12-10;10;1910
11;2025-12-10;11;1899
11;2025-12-10;12;1927
11;2025-12-10;13;2072
11;2025-12-10;14;2031
11;2025-12-10;15;2120
11;2025-12-10;16;2277
11;2025-12-10;17;2862
11;2025-12-10;18;3049
11;2025-12-10;19;2268
11;2025-12-10;20;1490
11;2025-12-10;21;894
11;2025-12-10;22;443
11;2025-12-10;23;246
11;2025-12-11;0;70
11;2025-12-11;1;2
11;2025-12-11;2;0
11;2025-12-11;3;0
11;2025-12-11;4;2
11;2025-12-11;5;295
11;2025-12-11;6;1316
11;2025-12-11;7;2419
11;2025-12-11;8;3182
11;2025-12-11;9;2494
11;2025-12-11;10;1974
11;2025-12-11;11;1884
11;2025-12-11;12;1936
11;2025-12-11;13;2073
11;2025-12-11;14;2036
11;2025-12-11;15;2128
11;2025-12-11;16;2318
11;2025-12-11;17;2865
11;2025-12-11;18;3071
11;2025-12-11;19;2251
11;2025-12-11;20;1475
11;2025-12-11;21;911
11;2025-12-11;22;455
11;2025-12-11;23;246
11;2025-12-12;0;74
11;2025-12-12;1;2
11;2025-12-12;2;0
11;2025-12-12;3;0
11;2025-12-12;4;2
11;2025-12-12;5;293
11;2025-12-12;6;1311
11;2025-12-12;7;2380
11;2025-12-12;8;3169
11;2025-12-12;9;2429
11;2025-12-12;10;1932
11;2025-12-12;11;1893
11;2025-12-12;12;1904
11;2025-12-12;13;2041
11;2025-12-12;14;2076
11;2025-12-12;15;2227
11;2025-12-12;16;2442
11;2025-12-12;17;2933
11;2025-12-12;18;2791
11;2025-12-12;19;2146
11;2025-12-12;20;1448
11;2025-12-12;21;889
11;2025-12-12;22;463
11;2025-12-12;23;273
11;2025-12-13;0;104
11;2025-12-13;1;3
11;2025-12-13;2;0
11;2025-12-13;3;0
11;2025-12-13;4;4
11;2025-12-13;5;207
11;2025-12-13;6;771
11;2025-12-13;7;736
11;2025-12-13;8;1045
11;2025-12-13;9;1197
11;2025-12-13;10;1311
11;2025-12-13;11;1707
11;2025-12-13;12;1929
11;2025-12-13;13;1850
11;2025-12-13;14;1891
11;2025-12-13;15;1823
11;2025-12-13;16;1843
11;2025-12-13;17;1868
11;2025-12-13;18;1590
11;2025-12-13;19;1448
11;2025-12-13;20;1099
11;2025-12-13;21;765
11;2025-12-13;22;447
11;2025-12-13;23;317
11;2025-12-14;0;103
11;2025-12-14;1;12
11;2025-12-14;2;1
11;2025-12-14;3;1
11;2025-12-14;4;3
11;2025-12-14;5;124
11;2025-12-14;6;482
11;2025-12-14;7;513
11;2025-12-14;8;646
11;2025-12-14;9;885
11;2025-12-14;10;991
11;2025-12-14;11;1394
11;2025-12-14;12;1564
11;2025-12-14;13;1514
11;2025-12-14;14;1591
11;2025-12-14;15;1626
11;2025-12-14;16;1543
11;2025-12-14;17;1603
11;2025-12-14;18;1294
11;2025-12-14;19;1062
11;2025-12-14;20;862
11;2025-12-14;21;633
11;2025-12-14;22;359
11;2025-12-14;23;251
11;2025-12-15;0;73
11;2025-12-15;1;4
11;2025-12-15;2;0
11;2025-12-15;3;0
11;2025-12-15;4;2
11;2025-12-15;5;292
11;2025-12-15;6;1323
11;2025-12-15;7;2402
11;2025-12-15;8;3188
11;2025-12-15;9;2442
11;2025-12-15;10;1878
11;2025-12-15;11;1866
11;2025-12-15;12;1828
11;2025-12-15;13;1989
11;2025-12-15;14;1972
11;2025-12-15;15;2084
11;2025-12-15;16;2304
11;2025-12-15;17;2842
11;2025-12-15;18;3049
11;2025-12-15;19;2258
11;2025-12-15;20;1462
11;2025-12-15;21;860
11;2025-12-15;22;432
11;2025-12-15;23;226
11;2025-12-16;0;68
11;2025-12-16;1;3
11;2025-12-16;2;0
11;2025-12-16;3;0
11;2025-12-16;4;1
11;2025-12-16;5;289
11;2025-12-16;6;1335
11;2025-12-16;7;2443
11;2025-12-16;8;3251
11;2025-12-16;9;2482
11;2025-12-16;10;1915
11;2025-12-16;11;1868
11;2025-12-16;12;1872
11;2025-12-16;13;2049
11;2025-12-16;14;2037
11;2025-12-16;15;2130
11;2025-12-16;16;2327
11;2025-12-16;17;2890
11;2025-12-16;18;3056
11;2025-12-16;19;2249
11;2025-12-16;20;1465
11;2025-12-16;21;885
11;2025-12-16;22;441
11;2025-12-16;23;233
11;2025-12-17;0;67
11;2025-12-17;1;1
11;2025-12-17;2;0
11;2025-12-17;3;0
11;2025-12-17;4;1
11;2025-12-17;5;295
11;2025-12-17;6;1302
11;2025-12-17;7;2452
11;2025-12-17;8;3255
11;2025-12-17;9;2452
11;2025-12-17;10;1911
11;2025-12-17;11;1900
11;2025-12-17;12;1928
11;2025-12-17;13;2073
11;2025-12-17;14;2031
11;2025-12-17;15;2120
11;2025-12-17;16;2277
11;2025-12-17;17;2862
11;2025-12-17;18;3050
11;2025-12-17;19;2268
11;2025-12-17;20;1491
11;2025-12-17;21;894
11;2025-12-17;22;443
11;2025-12-17;23;246
11;2025-12-18;0;70
11;2025-12-18;1;2
11;2025-12-18;2;0
11;2025-12-18;3;0
11;2025-12-18;4;2
11;2025-12-18;5;295
11;2025-12-18;6;1316
11;2025-12-18;7;2419
11;2025-12-18;8;3183
11;2025-12-18;9;2494
11;2025-12-18;10;1975
11;2025-12-18;11;1884
11;2025-12-18;12;1936
11;2025-12-18;13;2073
11;2025-12-18;14;2037
11;2025-12-18;15;2128
11;2025-12-18;16;2319
11;2025-12-18;17;2866
11;2025-12-18;18;3071
11;2025-12-18;19;2251
11;2025-12-18;20;1476
11;2025-12-18;21;911
11;2025-12-18;22;455
11;2025-12-18;23;246
11;2025-12-19;0;74
11;2025-12-19;1;2
11;2025-12-19;2;0
11;2025-12-19;3;0
11;2025-12-19;4;2
11;2025-12-19;5;293
11;2025-12-19;6;1311
11;2025-12-19;7;2381
11;2025-12-19;8;3168
11;2025-12-19;9;2428
11;2025-12-19;10;1932
11;2025-12-19;11;1893
11;2025-12-19;12;1904
11;2025-12-19;13;2041
11;2025-12-19;14;2077
11;2025-12-19;15;2227
11;2025-12-19;16;2442
11;2025-12-19;17;2933
11;2025-12-19;18;2791
11;2025-12-19;19;2145
11;2025-12-19;20;1447
11;2025-12-19;21;889
11;2025-12-19;22;463
11;2025-12-19;23;273
11;2025-12-20;0;104
11;2025-12-20;1;3
11;2025-12-20;2;0
11;2025-12-20;3;0
11;2025-12-20;4;4
11;2025-12-20;5;206
11;2025-12-20;6;771
11;2025-12-20;7;736
11;2025-12-20;8;1044
11;2025-12-20;9;1196
11;2025-12-20;10;1310
11;2025-12-20;11;1705
11;2025-12-20;12;1928
11;2025-12-20;13;1848
11;2025-12-20;14;1890
11;2025-12-20;15;1821
11;2025-12-20;16;1841
11;2025-12-20;17;1866
11;2025-12-20;18;1589
11;2025-12-20;19;1447
11;2025-12-20;20;1098
11;2025-12-20;21;765
11;2025-12-20;22;447
11;2025-12-20;23;316
11;2025-12-21;0;103
11;2025-12-21;1;12
11;2025-12-21;2;1
11;2025-12-21;3;1
11;2025-12-21;4;3
11;2025-12-21;5;124
11;2025-12-21;6;482
11;2025-12-21;7;513
11;2025-12-21;8;647
11;2025-12-21;9;886
11;2025-12-21;10;992
11;2025-12-21;11;1394
11;2025-12-21;12;1565
11;2025-12-21;13;1516
11;2025-12-21;14;1591
11;2025-12-21;15;1627
11;2025-12-21;16;1543
11;2025-12-21;17;1604
11;2025-12-21;18;1294
11;2025-12-21;19;1062
11;2025-12-21;20;863
11;2025-12-21;21;634
11;2025-12-21;22;359
11;2025-12-21;23;250
11;2025-12-22;0;73
11;2025-12-22;1;4
11;2025-12-22;2;0
11;2025-12-22;3;0
11;2025-12-22;4;2
11;2025-12-22;5;292
11;2025-12-22;6;1323
11;2025-12-22;7;2401
11;2025-12-22;8;3187
11;2025-12-22;9;2441
11;2025-12-22;10;1877
11;2025-12-22;11;1866
11;2025-12-22;12;1828
11;2025-12-22;13;1989
11;2025-12-22;14;1971
11;2025-12-22;15;2083
11;2025-12-22;16;2304
11;2025-12-22;17;2842
11;2025-12-22;18;3049
11;2025-12-22;19;2258
11;2025-12-22;20;1462
11;2025-12-22;21;860
11;2025-12-22;22;432
11;2025-12-22;23;226
11;2025-12-23;0;68
11;2025-12-23;1;3
11;2025-12-23;2;0
11;2025-12-23;3;0
11;2025-12-23;4;1
11;2025-12-23;5;289
11;2025-12-23;6;1335
11;2025-12-23;7;2443
11;2025-12-23;8;3251
11;2025-12-23;9;2482
11;2025-12-23;10;1914
11;2025-12-23;11;1868
11;2025-12-23;12;1871
11;2025-12-23;13;2049
11;2025-12-23;14;2037
11;2025-12-23;15;2129
11;2025-12-23;16;2327
11;2025-12-23;17;2889
11;2025-12-23;18;3056
11;2025-12-23;19;2249
11;2025-12-23;20;1466
11;2025-12-23;21;885
11;2025-12-23;22;441
11;2025-12-23;23;233
11;2025-12-24;0;68
11;2025-12-24;1;1
11;2025-12-24;2;0
11;2025-12-24;3;0
11;2025-12-24;4;1
11;2025-12-24;5;294
11;2025-12-24;6;1303
11;2025-12-24;7;2453
11;2025-12-24;8;3256
11;2025-12-24;9;2453
11;2025-12-24;10;1912
11;2025-12-24;11;1901
11;2025-12-24;12;1929
11;2025-12-24;13;2073
11;2025-12-24;14;2032
11;2025-12-24;15;2120
11;2025-12-24;16;2278
11;2025-12-24;17;2863
11;2025-12-24;18;3051
11;2025-12-24;19;2270
11;2025-12-24;20;1491
11;2025-12-24;21;894
11;2025-12-24;22;443
11;2025-12-24;23;246
11;2025-12-25;0;70
11;2025-12-25;1;2
11;2025-12-25;2;0
11;2025-12-25;3;0
11;2025-12-25;4;2
11;2025-12-25;5;295
11;2025-12-25;6;1315
11;2025-12-25;7;2417
11;2025-12-25;8;3180
11;2025-12-25;9;2492
11;2025-12-25;10;1973
11;2025-12-25;11;1882
11;2025-12-25;12;1935
11;2025-12-25;13;2071
11;2025-12-25;14;2035
11;2025-12-25;15;2126
11;2025-12-25;16;2317
11;2025-12-25;17;2863
11;2025-12-25;18;3069
11;2025-12-25;19;2250
11;2025-12-25;20;1474
11;2025-12-25;21;910
11;2025-12-25;22;455
11;2025-12-25;23;246
11;2025-12-26;0;74
11;2025-12-26;1;2
11;2025-12-26;2;0
11;2025-12-26;3;0
11;2025-12-26;4;2
11;2025-12-26;5;293
11;2025-12-26;6;1309
11;2025-12-26;7;2377
11;2025-12-26;8;3164
11;2025-12-26;9;2425
11;2025-12-26;10;1930
11;2025-12-26;11;1890
11;2025-12-26;12;1901
11;2025-12-26;13;2038
11;2025-12-26;14;2074
11;2025-12-26;15;2224
11;2025-12-26;16;2439
11;2025-12-26;17;2929
11;2025-12-26;18;2787
11;2025-12-26;19;2143
11;2025-12-26;20;1446
11;2025-12-26;21;888
11;2025-12-26;22;462
11;2025-12-26;23;272
11;2025-12-27;0;104
11;2025-12-27;1;3
11;2025-12-27;2;0
11;2025-12-27;3;0
11;2025-12-27;4;4
11;2025-12-27;5;206
11;2025-12-27;6;771
11;2025-12-27;7;736
11;2025-12-27;8;1044
11;2025-12-27;9;1196
11;2025-12-27;10;1309
11;2025-12-27;11;1704
11;2025-12-27;12;1927
11;2025-12-27;13;1847
11;2025-12-27;14;1889
11;2025-12-27;15;1820
11;2025-12-27;16;1840
11;2025-12-27;17;1865
11;2025-12-27;18;1588
11;2025-12-27;19;1446
11;2025-12-27;20;1097
11;2025-12-27;21;765
11;2025-12-27;22;447
11;2025-12-27;23;316
11;2025-12-28;0;103
11;2025-12-28;1;12
11;2025-12-28;2;1
11;2025-12-28;3;1
11;2025-12-28;4;3
11;2025-12-28;5;124
11;2025-12-28;6;483
11;2025-12-28;7;514
11;2025-12-28;8;647
11;2025-12-28;9;887
11;2025-12-28;10;993
11;2025-12-28;11;1397
11;2025-12-28;12;1567
11;2025-12-28;13;1517
11;2025-12-28;14;1594
11;2025-12-28;15;1628
11;2025-12-28;16;1546
11;2025-12-28;17;1606
11;2025-12-28;18;1296
11;2025-12-28;19;1064
11;2025-12-28;20;864
11;2025-12-28;21;634
11;2025-12-28;22;360
11;2025-12-28;23;251
11;2025-12-29;0;73
11;2025-12-29;1;4
11;2025-12-29;2;0
11;2025-12-29;3;0
11;2025-12-29;4;2
11;2025-12-29;5;292
11;2025-12-29;6;1320
11;2025-12-29;7;2398
11;2025-12-29;8;3182
11;2025-12-29;9;2438
11;2025-12-29;10;1874
11;2025-12-29;11;1863
11;2025-12-29;12;1825
11;2025-12-29;13;1986
11;2025-12-29;14;1968
11;2025-12-29;15;2080
11;2025-12-29;16;2300
11;2025-12-29;17;2838
11;2025-12-29;18;3045
11;2025-12-29;19;2255
11;2025-12-29;20;1460
11;2025-12-29;21;859
11;2025-12-29;22;431
11;2025-12-29;23;226
11;2025-12-30;0;68
11;2025-12-30;1;3
11;2025-12-30;2;0
11;2025-12-30;3;0
11;2025-12-30;4;1
11;2025-12-30;5;289
11;2025-12-30;6;1332
11;2025-12-30;7;2437
11;2025-12-30;8;3244
11;2025-12-30;9;2476
11;2025-12-30;10;1910
11;2025-12-30;11;1864
11;2025-12-30;12;1867
11;2025-12-30;13;2044
11;2025-12-30;14;2032
11;2025-12-30;15;2125
11;2025-12-30;16;2322
11;2025-12-30;17;2883
11;2025-12-30;18;3049
11;2025-12-30;19;2244
11;2025-12-30;20;1462
11;2025-12-30;21;883
11;2025-12-30;22;440
11;2025-12-30;23;232
11;2025-12-31;0;99
11;2025-12-31;1;12
11;2025-12-31;2;1
11;2025-12-31;3;1
11;2025-12-31;4;3
11;2025-12-31;5;129
11;2025-12-31;6;484
11;2025-12-31;7;506
11;2025-12-31;8;634
11;2025-12-31;9;854
11;2025-12-31;10;949
11;2025-12-31;11;1344
11;2025-12-31;12;1507
11;2025-12-31;13;1455
11;2025-12-31;14;1551
11;2025-12-31;15;1589
11;2025-12-31;16;1510
11;2025-12-31;17;1539
11;2025-12-31;18;1274
11;2025-12-31;19;1070
11;2025-12-31;20;867
11;2025-12-31;21;641
11;2025-12-31;22;361
11;2025-12-31;23;254
12;2025-11-01;0;57
12;2025-11-01;1;2
12;2025-11-01;2;0
12;2025-11-01;3;0
12;2025-11-01;4;6
12;2025-11-01;5;337
12;2025-11-01;6;1422
12;2025-11-01;7;2798
12;2025-11-01;8;3710
12;2025-11-01;9;2557
12;2025-11-01;10;2112
12;2025-11-01;11;2078
12;2025-11-01;12;2136
12;2025-11-01;13;2128
12;2025-11-01;14;2116
12;2025-11-01;15;2386
12;2025-11-01;16;2892
12;2025-11-01;17;3144
12;2025-11-01;18;3216
12;2025-11-01;19;2495
12;2025-11-01;20;1576
12;2025-11-01;21;961
12;2025-11-01;22;506
12;2025-11-01;23;267
12;2025-11-02;0;84
12;2025-11-02;1;7
12;2025-11-02;2;0
12;2025-11-02;3;0
12;2025-11-02;4;2
12;2025-11-02;5;154
12;2025-11-02;6;523
12;2025-11-02;7;637
12;2025-11-02;8;730
12;2025-11-02;9;939
12;2025-11-02;10;1135
12;2025-11-02;11;1279
12;2025-11-02;12;1343
12;2025-11-02;13;1592
12;2025-11-02;14;1502
12;2025-11-02;15;1371
12;2025-11-02;16;1481
12;2025-11-02;17;1473
12;2025-11-02;18;1274
12;2025-11-02;19;1017
12;2025-11-02;20;754
12;2025-11-02;21;594
12;2025-11-02;22;390
12;2025-11-02;23;215
12;2025-11-03;0;80
12;2025-11-03;1;7
12;2025-11-03;2;0
12;2025-11-03;3;0
12;2025-11-03;4;2
12;2025-11-03;5;153
12;2025-11-03;6;527
12;2025-11-03;7;631
12;2025-11-03;8;713
12;2025-11-03;9;909
12;2025-11-03;10;1086
12;2025-11-03;11;1235
12;2025-11-03;12;1304
12;2025-11-03;13;1552
12;2025-11-03;14;1465
12;2025-11-03;15;1335
12;2025-11-03;16;1435
12;2025-11-03;17;1416
12;2025-11-03;18;1257
12;2025-11-03;19;1016
12;2025-11-03;20;752
12;2025-11-03;21;592
12;2025-11-03;22;388
12;2025-11-03;23;216
12;2025-11-04;0;81
12;2025-11-04;1;7
12;2025-11-04;2;0
12;2025-11-04;3;0
12;2025-11-04;4;2
12;2025-11-04;5;154
12;2025-11-04;6;528
12;2025-11-04;7;633
12;2025-11-04;8;715
12;2025-11-04;9;912
12;2025-11-04;10;1090
12;2025-11-04;11;1240
12;2025-11-04;12;1309
12;2025-11-04;13;1558
12;2025-11-04;14;1471
12;2025-11-04;15;1340
12;2025-11-04;16;1441
12;2025-11-04;17;1421
12;2025-11-04;18;1262
12;2025-11-04;19;1020
12;2025-11-04;20;754
12;2025-11-04;21;593
12;2025-11-04;22;389
12;2025-11-04;23;217
12;2025-11-05;0;57
12;2025-11-05;1;2
12;2025-11-05;2;0
12;2025-11-05;3;0
12;2025-11-05;4;6
12;2025-11-05;5;336
12;2025-11-05;6;1425
12;2025-11-05;7;2750
12;2025-11-05;8;3632
12;2025-11-05;9;2571
12;2025-11-05;10;2118
12;2025-11-05;11;2077
12;2025-11-05;12;2120
12;2025-11-05;13;2124
12;2025-11-05;14;2106
12;2025-11-05;15;2352
12;2025-11-05;16;2846
12;2025-11-05;17;3097
12;2025-11-05;18;3210
12;2025-11-05;19;2491
12;2025-11-05;20;1551
12;2025-11-05;21;968
12;2025-11-05;22;509
12;2025-11-05;23;267
12;2025-11-06;0;55
12;2025-11-06;1;2
12;2025-11-06;2;0
12;2025-11-06;3;0
12;2025-11-06;4;6
12;2025-11-06;5;328
12;2025-11-06;6;1387
12;2025-11-06;7;2748
12;2025-11-06;8;3643
12;2025-11-06;9;2499
12;2025-11-06;10;2082
12;2025-11-06;11;2063
12;2025-11-06;12;2127
12;2025-11-06;13;2111
12;2025-11-06;14;2105
12;2025-11-06;15;2355
12;2025-11-06;16;2842
12;2025-11-06;17;3116
12;2025-11-06;18;3205
12;2025-11-06;19;2505
12;2025-11-06;20;1574
12;2025-11-06;21;947
12;2025-11-06;22;505
12;2025-11-06;23;270
12;2025-11-07;0;58
12;2025-11-07;1;3
12;2025-11-07;2;0
12;2025-11-07;3;0
12;2025-11-07;4;6
12;2025-11-07;5;324
12;2025-11-07;6;1385
12;2025-11-07;7;2711
12;2025-11-07;8;3572
12;2025-11-07;9;2463
12;2025-11-07;10;2032
12;2025-11-07;11;2043
12;2025-11-07;12;2087
12;2025-11-07;13;2100
12;2025-11-07;14;2130
12;2025-11-07;15;2411
12;2025-11-07;16;2977
12;2025-11-07;17;3066
12;2025-11-07;18;2906
12;2025-11-07;19;2354
12;2025-11-07;20;1530
12;2025-11-07;21;967
12;2025-11-07;22;521
12;2025-11-07;23;286
12;2025-11-08;0;88
12;2025-11-08;1;5
12;2025-11-08;2;0
12;2025-11-08;3;0
12;2025-11-08;4;3
12;2025-11-08;5;239
12;2025-11-08;6;842
12;2025-11-08;7;924
12;2025-11-08;8;1037
12;2025-11-08;9;1232
12;2025-11-08;10;1478
12;2025-11-08;11;1545
12;2025-11-08;12;1540
12;2025-11-08;13;1811
12;2025-11-08;14;1707
12;2025-11-08;15;1578
12;2025-11-08;16;1646
12;2025-11-08;17;1576
12;2025-11-08;18;1513
12;2025-11-08;19;1441
12;2025-11-08;20;1024
12;2025-11-08;21;724
12;2025-11-08;22;436
12;2025-11-08;23;296
12;2025-11-09;0;84
12;2025-11-09;1;7
12;2025-11-09;2;0
12;2025-11-09;3;0
12;2025-11-09;4;2
12;2025-11-09;5;154
12;2025-11-09;6;523
12;2025-11-09;7;636
12;2025-11-09;8;729
12;2025-11-09;9;938
12;2025-11-09;10;1134
12;2025-11-09;11;1278
12;2025-11-09;12;1342
12;2025-11-09;13;1591
12;2025-11-09;14;1501
12;2025-11-09;15;1370
12;2025-11-09;16;1479
12;2025-11-09;17;1472
12;2025-11-09;18;1273
12;2025-11-09;19;1016
12;2025-11-09;20;753
12;2025-11-09;21;593
12;2025-11-09;22;390
12;2025-11-09;23;215
12;2025-11-10;0;61
12;2025-11-10;1;3
12;2025-11-10;2;0
12;2025-11-10;3;0
12;2025-11-10;4;6
12;2025-11-10;5;330
12;2025-11-10;6;1388
12;2025-11-10;7;2726
12;2025-11-10;8;3599
12;2025-11-10;9;2500
12;2025-11-10;10;2026
12;2025-11-10;11;1973
12;2025-11-10;12;2067
12;2025-11-10;13;2050
12;2025-11-10;14;2027
12;2025-11-10;15;2299
12;2025-11-10;16;2780
12;2025-11-10;17;3057
12;2025-11-10;18;3193
12;2025-11-10;19;2444
12;2025-11-10;20;1557
12;2025-11-10;21;927
12;2025-11-10;22;476
12;2025-11-10;23;251
12;2025-11-11;0;53
12;2025-11-11;1;2
12;2025-11-11;2;0
12;2025-11-11;3;0
12;2025-11-11;4;6
12;2025-11-11;5;336
12;2025-11-11;6;1412
12;2025-11-11;7;2788
12;2025-11-11;8;3735
12;2025-11-11;9;2556
12;2025-11-11;10;2120
12;2025-11-11;11;2077
12;2025-11-11;12;2107
12;2025-11-11;13;2124
12;2025-11-11;14;2096
12;2025-11-11;15;2327
12;2025-11-11;16;2847
12;2025-11-11;17;3122
12;2025-11-11;18;3231
12;2025-11-11;19;2513
12;2025-11-11;20;1559
12;2025-11-11;21;938
12;2025-11-11;22;495
12;2025-11-11;23;255
12;2025-11-12;0;56
12;2025-11-12;1;2
12;2025-11-12;2;0
12;2025-11-12;3;0
12;2025-11-12;4;6
12;2025-11-12;5;336
12;2025-11-12;6;1424
12;2025-11-12;7;2749
12;2025-11-12;8;3631
12;2025-11-12;9;2570
12;2025-11-12;10;2118
12;2025-11-12;11;2076
12;2025-11-12;12;2119
12;2025-11-12;13;2123
12;2025-11-12;14;2105
12;2025-11-12;15;2352
12;2025-11-12;16;2844
12;2025-11-12;17;3096
12;2025-11-12;18;3208
12;2025-11-12;19;2490
12;2025-11-12;20;1550
12;2025-11-12;21;968
12;2025-11-12;22;508
12;2025-11-12;23;267
12;2025-11-13;0;55
12;2025-11-13;1;2
12;2025-11-13;2;0
12;2025-11-13;3;0
12;2025-11-13;4;6
12;2025-11-13;5;329
12;2025-11-13;6;1387
12;2025-11-13;7;2749
12;2025-11-13;8;3645
12;2025-11-13;9;2500
12;2025-11-13;10;2083
12;2025-11-13;11;2065
12;2025-11-13;12;2129
12;2025-11-13;13;2112
12;2025-11-13;14;2106
12;2025-11-13;15;2356
12;2025-11-13;16;2844
12;2025-11-13;17;3118
12;2025-11-13;18;3206
12;2025-11-13;19;2506
12;2025-11-13;20;1574
12;2025-11-13;21;947
12;2025-11-13;22;505
12;2025-11-13;23;270
12;2025-11-14;0;58
12;2025-11-14;1;3
12;2025-11-14;2;0
12;2025-11-14;3;0
12;2025-11-14;4;6
12;2025-11-14;5;324
12;2025-11-14;6;1383
12;2025-11-14;7;2707
12;2025-11-14;8;3568
12;2025-11-14;9;2460
12;2025-11-14;10;2029
12;2025-11-14;11;2040
12;2025-11-14;12;2084
12;2025-11-14;13;2097
12;2025-11-14;14;2127
12;2025-11-14;15;2407
12;2025-11-14;16;2973
12;2025-11-14;17;3062
12;2025-11-14;18;2902
12;2025-11-14;19;2351
12;2025-11-14;20;1529
12;2025-11-14;21;965
12;2025-11-14;22;520
12;2025-11-14;23;286
12;2025-11-15;0;88
12;2025-11-15;1;5
12;2025-11-15;2;0
12;2025-11-15;3;0
12;2025-11-15;4;3
12;2025-11-15;5;239
12;2025-11-15;6;840
12;2025-11-15;7;922
12;2025-11-15;8;1035
12;2025-11-15;9;1229
12;2025-11-15;10;1474
12;2025-11-15;11;1541
12;2025-11-15;12;1536
12;2025-11-15;13;1807
12;2025-11-15;14;1703
12;2025-11-15;15;1574
12;2025-11-15;16;1642
12;2025-11-15;17;1572
12;2025-11-15;18;1510
12;2025-11-15;19;1438
12;2025-11-15;20;1022
12;2025-11-15;21;722
12;2025-11-15;22;435
12;2025-11-15;23;295
12;2025-11-16;0;84
12;2025-11-16;1;7
12;2025-11-16;2;0
12;2025-11-16;3;0
12;2025-11-16;4;2
12;2025-11-16;5;154
12;2025-11-16;6;522
12;2025-11-16;7;635
12;2025-11-16;8;729
12;2025-11-16;9;938
12;2025-11-16;10;1133
12;2025-11-16;11;1278
12;2025-11-16;12;1342
12;2025-11-16;13;1591
12;2025-11-16;14;1501
12;2025-11-16;15;1370
12;2025-11-16;16;1479
12;2025-11-16;17;1472
12;2025-11-16;18;1273
12;2025-11-16;19;1016
12;2025-11-16;20;753
12;2025-11-16;21;593
12;2025-11-16;22;389
12;2025-11-16;23;215
12;2025-11-17;0;61
12;2025-11-17;1;3
12;2025-11-17;2;0
12;2025-11-17;3;0
12;2025-11-17;4;6
12;2025-11-17;5;330
12;2025-11-17;6;1385
12;2025-11-17;7;2721
12;2025-11-17;8;3591
12;2025-11-17;9;2496
12;2025-11-17;10;2022
12;2025-11-17;11;1968
12;2025-11-17;12;2063
12;2025-11-17;13;2046
12;2025-11-17;14;2023
12;2025-11-17;15;2295
12;2025-11-17;16;2774
12;2025-11-17;17;3051
12;2025-11-17;18;3186
12;2025-11-17;19;2439
12;2025-11-17;20;1553
12;2025-11-17;21;925
12;2025-11-17;22;475
12;2025-11-17;23;251
12;2025-11-18;0;53
12;2025-11-18;1;2
12;2025-11-18;2;0
12;2025-11-18;3;0
12;2025-11-18;4;6
12;2025-11-18;5;336
12;2025-11-18;6;1409
12;2025-11-18;7;2783
12;2025-11-18;8;3727
12;2025-11-18;9;2550
12;2025-11-18;10;2115
12;2025-11-18;11;2073
12;2025-11-18;12;2103
12;2025-11-18;13;2119
12;2025-11-18;14;2092
12;2025-11-18;15;2322
12;2025-11-18;16;2842
12;2025-11-18;17;3115
12;2025-11-18;18;3225
12;2025-11-18;19;2508
12;2025-11-18;20;1556
12;2025-11-18;21;936
12;2025-11-18;22;494
12;2025-11-18;23;254
12;2025-11-19;0;56
12;2025-11-19;1;2
12;2025-11-19;2;0
12;2025-11-19;3;0
12;2025-11-19;4;6
12;2025-11-19;5;335
12;2025-11-19;6;1421
12;2025-11-19;7;2742
12;2025-11-19;8;3622
12;2025-11-19;9;2564
12;2025-11-19;10;2112
12;2025-11-19;11;2071
12;2025-11-19;12;2113
12;2025-11-19;13;2117
12;2025-11-19;14;2100
12;2025-11-19;15;2346
12;2025-11-19;16;2837
12;2025-11-19;17;3089
12;2025-11-19;18;3201
12;2025-11-19;19;2484
12;2025-11-19;20;1546
12;2025-11-19;21;965
12;2025-11-19;22;507
12;2025-11-19;23;266
12;2025-11-20;0;55
12;2025-11-20;1;2
12;2025-11-20;2;0
12;2025-11-20;3;0
12;2025-11-20;4;6
12;2025-11-20;5;328
12;2025-11-20;6;1385
12;2025-11-20;7;2743
12;2025-11-20;8;3638
12;2025-11-20;9;2495
12;2025-11-20;10;2078
12;2025-11-20;11;2060
12;2025-11-20;12;2124
12;2025-11-20;13;2108
12;2025-11-20;14;2101
12;2025-11-20;15;2350
12;2025-11-20;16;2838
12;2025-11-20;17;3112
12;2025-11-20;18;3201
12;2025-11-20;19;2501
12;2025-11-20;20;1572
12;2025-11-20;21;945
12;2025-11-20;22;503
12;2025-11-20;23;269
12;2025-11-21;0;58
12;2025-11-21;1;3
12;2025-11-21;2;0
12;2025-11-21;3;0
12;2025-11-21;4;6
12;2025-11-21;5;323
12;2025-11-21;6;1380
12;2025-11-21;7;2702
12;2025-11-21;8;3560
12;2025-11-21;9;2454
12;2025-11-21;10;2024
12;2025-11-21;11;2035
12;2025-11-21;12;2079
12;2025-11-21;13;2092
12;2025-11-21;14;2122
12;2025-11-21;15;2402
12;2025-11-21;16;2967
12;2025-11-21;17;3056
12;2025-11-21;18;2896
12;2025-11-21;19;2345
12;2025-11-21;20;1525
12;2025-11-21;21;964
12;2025-11-21;22;519
12;2025-11-21;23;285
12;2025-11-22;0;88
12;2025-11-22;1;5
12;2025-11-22;2;0
12;2025-11-22;3;0
12;2025-11-22;4;3
12;2025-11-22;5;238
12;2025-11-22;6;837
12;2025-11-22;7;919
12;2025-11-22;8;1031
12;2025-11-22;9;1226
12;2025-11-22;10;1470
12;2025-11-22;11;1536
12;2025-11-22;12;1532
12;2025-11-22;13;1802
12;2025-11-22;14;1697
12;2025-11-22;15;1570
12;2025-11-22;16;1636
12;2025-11-22;17;1567
12;2025-11-22;18;1505
12;2025-11-22;19;1433
12;2025-11-22;20;1018
12;2025-11-22;21;719
12;2025-11-22;22;434
12;2025-11-22;23;294
12;2025-11-23;0;84
12;2025-11-23;1;7
12;2025-11-23;2;0
12;2025-11-23;3;0
12;2025-11-23;4;2
12;2025-11-23;5;153
12;2025-11-23;6;521
12;2025-11-23;7;634
12;2025-11-23;8;727
12;2025-11-23;9;935
12;2025-11-23;10;1130
12;2025-11-23;11;1274
12;2025-11-23;12;1339
12;2025-11-23;13;1587
12;2025-11-23;14;1496
12;2025-11-23;15;1366
12;2025-11-23;16;1475
12;2025-11-23;17;1468
12;2025-11-23;18;1269
12;2025-11-23;19;1013
12;2025-11-23;20;751
12;2025-11-23;21;592
12;2025-11-23;22;388
12;2025-11-23;23;215
12;2025-11-24;0;61
12;2025-11-24;1;3
12;2025-11-24;2;0
12;2025-11-24;3;0
12;2025-11-24;4;6
12;2025-11-24;5;329
12;2025-11-24;6;1382
12;2025-11-24;7;2714
12;2025-11-24;8;3582
12;2025-11-24;9;2489
12;2025-11-24;10;2017
12;2025-11-24;11;1964
12;2025-11-24;12;2058
12;2025-11-24;13;2041
12;2025-11-24;14;2018
12;2025-11-24;15;2290
12;2025-11-24;16;2767
12;2025-11-24;17;3043
12;2025-11-24;18;3179
12;2025-11-24;19;2433
12;2025-11-24;20;1549
12;2025-11-24;21;923
12;2025-11-24;22;474
12;2025-11-24;23;250
12;2025-11-25;0;53
12;2025-11-25;1;2
12;2025-11-25;2;0
12;2025-11-25;3;0
12;2025-11-25;4;6
12;2025-11-25;5;335
12;2025-11-25;6;1406
12;2025-11-25;7;2775
12;2025-11-25;8;3718
12;2025-11-25;9;2544
12;2025-11-25;10;2110
12;2025-11-25;11;2068
12;2025-11-25;12;2098
12;2025-11-25;13;2114
12;2025-11-25;14;2087
12;2025-11-25;15;2316
12;2025-11-25;16;2834
12;2025-11-25;17;3107
12;2025-11-25;18;3216
12;2025-11-25;19;2501
12;2025-11-25;20;1552
12;2025-11-25;21;934
12;2025-11-25;22;492
12;2025-11-25;23;254
12;2025-11-26;0;56
12;2025-11-26;1;2
12;2025-11-26;2;0
12;2025-11-26;3;0
12;2025-11-26;4;6
12;2025-11-26;5;334
12;2025-11-26;6;1418
12;2025-11-26;7;2737
12;2025-11-26;8;3615
12;2025-11-26;9;2559
12;2025-11-26;10;2108
12;2025-11-26;11;2067
12;2025-11-26;12;2109
12;2025-11-26;13;2113
12;2025-11-26;14;2096
12;2025-11-26;15;2341
12;2025-11-26;16;2832
12;2025-11-26;17;3082
12;2025-11-26;18;3194
12;2025-11-26;19;2479
12;2025-11-26;20;1544
12;2025-11-26;21;963
12;2025-11-26;22;506
12;2025-11-26;23;266
12;2025-11-27;0;55
12;2025-11-27;1;2
12;2025-11-27;2;0
12;2025-11-27;3;0
12;2025-11-27;4;6
12;2025-11-27;5;327
12;2025-11-27;6;1382
12;2025-11-27;7;2737
12;2025-11-27;8;3629
12;2025-11-27;9;2489
12;2025-11-27;10;2074
12;2025-11-27;11;2055
12;2025-11-27;12;2119
12;2025-11-27;13;2103
12;2025-11-27;14;2097
12;2025-11-27;15;2345
12;2025-11-27;16;2831
12;2025-11-27;17;3105
12;2025-11-27;18;3192
12;2025-11-27;19;2495
12;2025-11-27;20;1568
12;2025-11-27;21;943
12;2025-11-27;22;502
12;2025-11-27;23;269
12;2025-11-28;0;58
12;2025-11-28;1;3
12;2025-11-28;2;0
12;2025-11-28;3;0
12;2025-11-28;4;6
12;2025-11-28;5;322
12;2025-11-28;6;1376
12;2025-11-28;7;2693
12;2025-11-28;8;3549
12;2025-11-28;9;2447
12;2025-11-28;10;2019
12;2025-11-28;11;2030
12;2025-11-28;12;2073
12;2025-11-28;13;2085
12;2025-11-28;14;2115
12;2025-11-28;15;2395
12;2025-11-28;16;2958
12;2025-11-28;17;3046
12;2025-11-28;18;2887
12;2025-11-28;19;2339
12;2025-11-28;20;1520
12;2025-11-28;21;961
12;2025-11-28;22;517
12;2025-11-28;23;285
12;2025-11-29;0;87
12;2025-11-29;1;5
12;2025-11-29;2;0
12;2025-11-29;3;0
12;2025-11-29;4;3
12;2025-11-29;5;238
12;2025-11-29;6;835
12;2025-11-29;7;916
12;2025-11-29;8;1028
12;2025-11-29;9;1221
12;2025-11-29;10;1465
12;2025-11-29;11;1531
12;2025-11-29;12;1527
12;2025-11-29;13;1795
12;2025-11-29;14;1692
12;2025-11-29;15;1565
12;2025-11-29;16;1631
12;2025-11-29;17;1562
12;2025-11-29;18;1500
12;2025-11-29;19;1428
12;2025-11-29;20;1015
12;2025-11-29;21;717
12;2025-11-29;22;433
12;2025-11-29;23;293
12;2025-11-30;0;84
12;2025-11-30;1;7
12;2025-11-30;2;0
12;2025-11-30;3;0
12;2025-11-30;4;2
12;2025-11-30;5;153
12;2025-11-30;6;521
12;2025-11-30;7;634
12;2025-11-30;8;727
12;2025-11-30;9;936
12;2025-11-30;10;1130
12;2025-11-30;11;1274
12;2025-11-30;12;1338
12;2025-11-30;13;1587
12;2025-11-30;14;1496
12;2025-11-30;15;1366
12;2025-11-30;16;1475
12;2025-11-30;17;1468
12;2025-11-30;18;1269
12;2025-11-30;19;1013
12;2025-11-30;20;751
12;2025-11-30;21;591
12;2025-11-30;22;388
12;2025-11-30;23;215
12;2025-12-01;0;61
12;2025-12-01;1;3
12;2025-12-01;2;0
12;2025-12-01;3;0
12;2025-12-01;4;6
12;2025-12-01;5;328
12;2025-12-01;6;1378
12;2025-12-01;7;2706
12;2025-12-01;8;3573
12;2025-12-01;9;2482
12;2025-12-01;10;2012
12;2025-12-01;11;1959
12;2025-12-01;12;2052
12;2025-12-01;13;2036
12;2025-12-01;14;2013
12;2025-12-01;15;2283
12;2025-12-01;16;2760
12;2025-12-01;17;3035
12;2025-12-01;18;3170
12;2025-12-01;19;2426
12;2025-12-01;20;1545
12;2025-12-01;21;920
12;2025-12-01;22;473
12;2025-12-01;23;249
12;2025-12-02;0;53
12;2025-12-02;1;2
12;2025-12-02;2;0
12;2025-12-02;3;0
12;2025-12-02;4;6
12;2025-12-02;5;334
12;2025-12-02;6;1403
12;2025-12-02;7;2768
12;2025-12-02;8;3708
12;2025-12-02;9;2537
12;2025-12-02;10;2104
12;2025-12-02;11;2062
12;2025-12-02;12;2092
12;2025-12-02;13;2109
12;2025-12-02;14;2081
12;2025-12-02;15;2310
12;2025-12-02;16;2827
12;2025-12-02;17;3099
12;2025-12-02;18;3208
12;2025-12-02;19;2495
12;2025-12-02;20;1548
12;2025-12-02;21;931
12;2025-12-02;22;491
12;2025-12-02;23;253
12;2025-12-03;0;56
12;2025-12-03;1;2
12;2025-12-03;2;0
12;2025-12-03;3;0
12;2025-12-03;4;6
12;2025-12-03;5;334
12;2025-12-03;6;1416
12;2025-12-03;7;2731
12;2025-12-03;8;3608
12;2025-12-03;9;2553
12;2025-12-03;10;2104
12;2025-12-03;11;2063
12;2025-12-03;12;2105
12;2025-12-03;13;2109
12;2025-12-03;14;2092
12;2025-12-03;15;2337
12;2025-12-03;16;2827
12;2025-12-03;17;3077
12;2025-12-03;18;3188
12;2025-12-03;19;2474
12;2025-12-03;20;1540
12;2025-12-03;21;962
12;2025-12-03;22;505
12;2025-12-03;23;265
12;2025-12-04;0;55
12;2025-12-04;1;2
12;2025-12-04;2;0
12;2025-12-04;3;0
12;2025-12-04;4;6
12;2025-12-04;5;327
12;2025-12-04;6;1378
12;2025-12-04;7;2732
12;2025-12-04;8;3622
12;2025-12-04;9;2483
12;2025-12-04;10;2069
12;2025-12-04;11;2051
12;2025-12-04;12;2115
12;2025-12-04;13;2098
12;2025-12-04;14;2092
12;2025-12-04;15;2340
12;2025-12-04;16;2825
12;2025-12-04;17;3098
12;2025-12-04;18;3186
12;2025-12-04;19;2490
12;2025-12-04;20;1565
12;2025-12-04;21;941
12;2025-12-04;22;501
12;2025-12-04;23;268
12;2025-12-05;0;58
12;2025-12-05;1;3
12;2025-12-05;2;0
12;2025-12-05;3;0
12;2025-12-05;4;6
12;2025-12-05;5;322
12;2025-12-05;6;1375
12;2025-12-05;7;2690
12;2025-12-05;8;3546
12;2025-12-05;9;2445
12;2025-12-05;10;2017
12;2025-12-05;11;2028
12;2025-12-05;12;2071
12;2025-12-05;13;2084
12;2025-12-05;14;2114
12;2025-12-05;15;2393
12;2025-12-05;16;2955
12;2025-12-05;17;3043
12;2025-12-05;18;2885
12;2025-12-05;19;2337
12;2025-12-05;20;1520
12;2025-12-05;21;960
12;2025-12-05;22;517
12;2025-12-05;23;284
12;2025-12-06;0;87
12;2025-12-06;1;5
12;2025-12-06;2;0
12;2025-12-06;3;0
12;2025-12-06;4;3
12;2025-12-06;5;237
12;2025-12-06;6;834
12;2025-12-06;7;915
12;2025-12-06;8;1028
12;2025-12-06;9;1220
12;2025-12-06;10;1464
12;2025-12-06;11;1529
12;2025-12-06;12;1525
12;2025-12-06;13;1794
12;2025-12-06;14;1690
12;2025-12-06;15;1563
12;2025-12-06;16;1630
12;2025-12-06;17;1560
12;2025-12-06;18;1499
12;2025-12-06;19;1427
12;2025-12-06;20;1015
12;2025-12-06;21;717
12;2025-12-06;22;431
12;2025-12-06;23;293
12;2025-12-07;0;84
12;2025-12-07;1;7
12;2025-12-07;2;0
12;2025-12-07;3;0
12;2025-12-07;4;2
12;2025-12-07;5;153
12;2025-12-07;6;521
12;2025-12-07;7;634
12;2025-12-07;8;727
12;2025-12-07;9;935
12;2025-12-07;10;1129
12;2025-12-07;11;1273
12;2025-12-07;12;1338
12;2025-12-07;13;1586
12;2025-12-07;14;1496
12;2025-12-07;15;1366
12;2025-12-07;16;1475
12;2025-12-07;17;1467
12;2025-12-07;18;1268
12;2025-12-07;19;1013
12;2025-12-07;20;750
12;2025-12-07;21;591
12;2025-12-07;22;388
12;2025-12-07;23;215
12;2025-12-08;0;61
12;2025-12-08;1;3
12;2025-12-08;2;0
12;2025-12-08;3;0
12;2025-12-08;4;6
12;2025-12-08;5;328
12;2025-12-08;6;1378
12;2025-12-08;7;2706
12;2025-12-08;8;3572
12;2025-12-08;9;2482
12;2025-12-08;10;2011
12;2025-12-08;11;1958
12;2025-12-08;12;2052
12;2025-12-08;13;2035
12;2025-12-08;14;2013
12;2025-12-08;15;2283
12;2025-12-08;16;2759
12;2025-12-08;17;3034
12;2025-12-08;18;3170
12;2025-12-08;19;2425
12;2025-12-08;20;1544
12;2025-12-08;21;920
12;2025-12-08;22;472
12;2025-12-08;23;249
12;2025-12-09;0;53
12;2025-12-09;1;2
12;2025-12-09;2;0
12;2025-12-09;3;0
12;2025-12-09;4;6
12;2025-12-09;5;334
12;2025-12-09;6;1403
12;2025-12-09;7;2769
12;2025-12-09;8;3709
12;2025-12-09;9;2538
12;2025-12-09;10;2105
12;2025-12-09;11;2063
12;2025-12-09;12;2093
12;2025-12-09;13;2109
12;2025-12-09;14;2082
12;2025-12-09;15;2311
12;2025-12-09;16;2828
12;2025-12-09;17;3100
12;2025-12-09;18;3209
12;2025-12-09;19;2496
12;2025-12-09;20;1548
12;2025-12-09;21;932
12;2025-12-09;22;491
12;2025-12-09;23;253
12;2025-12-10;0;56
12;2025-12-10;1;2
12;2025-12-10;2;0
12;2025-12-10;3;0
12;2025-12-10;4;6
12;2025-12-10;5;334
12;2025-12-10;6;1415
12;2025-12-10;7;2731
12;2025-12-10;8;3607
12;2025-12-10;9;2553
12;2025-12-10;10;2104
12;2025-12-10;11;2062
12;2025-12-10;12;2105
12;2025-12-10;13;2109
12;2025-12-10;14;2091
12;2025-12-10;15;2337
12;2025-12-10;16;2826
12;2025-12-10;17;3076
12;2025-12-10;18;3188
12;2025-12-10;19;2474
12;2025-12-10;20;1541
12;2025-12-10;21;962
12;2025-12-10;22;505
12;2025-12-10;23;265
12;2025-12-11;0;55
12;2025-12-11;1;2
12;2025-12-11;2;0
12;2025-12-11;3;0
12;2025-12-11;4;6
12;2025-12-11;5;327
12;2025-12-11;6;1380
12;2025-12-11;7;2733
12;2025-12-11;8;3624
12;2025-12-11;9;2485
12;2025-12-11;10;2071
12;2025-12-11;11;2053
12;2025-12-11;12;2116
12;2025-12-11;13;2099
12;2025-12-11;14;2093
12;2025-12-11;15;2342
12;2025-12-11;16;2827
12;2025-12-11;17;3099
12;2025-12-11;18;3188
12;2025-12-11;19;2491
12;2025-12-11;20;1565
12;2025-12-11;21;941
12;2025-12-11;22;502
12;2025-12-11;23;268
12;2025-12-12;0;58
12;2025-12-12;1;3
12;2025-12-12;2;0
12;2025-12-12;3;0
12;2025-12-12;4;6
12;2025-12-12;5;322
12;2025-12-12;6;1375
12;2025-12-12;7;2692
12;2025-12-12;8;3548
12;2025-12-12;9;2446
12;2025-12-12;10;2018
12;2025-12-12;11;2029
12;2025-12-12;12;2072
12;2025-12-12;13;2085
12;2025-12-12;14;2115
12;2025-12-12;15;2394
12;2025-12-12;16;2957
12;2025-12-12;17;3045
12;2025-12-12;18;2886
12;2025-12-12;19;2338
12;2025-12-12;20;1520
12;2025-12-12;21;960
12;2025-12-12;22;517
12;2025-12-12;23;285
12;2025-12-13;0;87
12;2025-12-13;1;5
12;2025-12-13;2;0
12;2025-12-13;3;0
12;2025-12-13;4;3
12;2025-12-13;5;237
12;2025-12-13;6;833
12;2025-12-13;7;915
12;2025-12-13;8;1027
12;2025-12-13;9;1220
12;2025-12-13;10;1463
12;2025-12-13;11;1529
12;2025-12-13;12;1525
12;2025-12-13;13;1793
12;2025-12-13;14;1690
12;2025-12-13;15;1562
12;2025-12-13;16;1629
12;2025-12-13;17;1560
12;2025-12-13;18;1498
12;2025-12-13;19;1427
12;2025-12-13;20;1014
12;2025-12-13;21;716
12;2025-12-13;22;432
12;2025-12-13;23;293
12;2025-12-14;0;84
12;2025-12-14;1;7
12;2025-12-14;2;0
12;2025-12-14;3;0
12;2025-12-14;4;2
12;2025-12-14;5;154
12;2025-12-14;6;521
12;2025-12-14;7;634
12;2025-12-14;8;728
12;2025-12-14;9;936
12;2025-12-14;10;1131
12;2025-12-14;11;1275
12;2025-12-14;12;1338
12;2025-12-14;13;1587
12;2025-12-14;14;1497
12;2025-12-14;15;1366
12;2025-12-14;16;1476
12;2025-12-14;17;1469
12;2025-12-14;18;1270
12;2025-12-14;19;1013
12;2025-12-14;20;752
12;2025-12-14;21;592
12;2025-12-14;22;389
12;2025-12-14;23;215
12;2025-12-15;0;61
12;2025-12-15;1;3
12;2025-12-15;2;0
12;2025-12-15;3;0
12;2025-12-15;4;6
12;2025-12-15;5;328
12;2025-12-15;6;1378
12;2025-12-15;7;2708
12;2025-12-15;8;3575
12;2025-12-15;9;2484
12;2025-12-15;10;2013
12;2025-12-15;11;1960
12;2025-12-15;12;2053
12;2025-12-15;13;2037
12;2025-12-15;14;2014
12;2025-12-15;15;2284
12;2025-12-15;16;2761
12;2025-12-15;17;3036
12;2025-12-15;18;3172
12;2025-12-15;19;2428
12;2025-12-15;20;1546
12;2025-12-15;21;921
12;2025-12-15;22;473
12;2025-12-15;23;249
12;2025-12-16;0;53
12;2025-12-16;1;2
12;2025-12-16;2;0
12;2025-12-16;3;0
12;2025-12-16;4;6
12;2025-12-16;5;334
12;2025-12-16;6;1403
12;2025-12-16;7;2769
12;2025-12-16;8;3709
12;2025-12-16;9;2538
12;2025-12-16;10;2105
12;2025-12-16;11;2063
12;2025-12-16;12;2093
12;2025-12-16;13;2109
12;2025-12-16;14;2082
12;2025-12-16;15;2311
12;2025-12-16;16;2828
12;2025-12-16;17;3101
12;2025-12-16;18;3209
12;2025-12-16;19;2496
12;2025-12-16;20;1549
12;2025-12-16;21;932
12;2025-12-16;22;492
12;2025-12-16;23;253
12;2025-12-17;0;56
12;2025-12-17;1;2
12;2025-12-17;2;0
12;2025-12-17;3;0
12;2025-12-17;4;6
12;2025-12-17;5;334
12;2025-12-17;6;1415
12;2025-12-17;7;2731
12;2025-12-17;8;3607
12;2025-12-17;9;2553
12;2025-12-17;10;2104
12;2025-12-17;11;2063
12;2025-12-17;12;2105
12;2025-12-17;13;2109
12;2025-12-17;14;2092
12;2025-12-17;15;2336
12;2025-12-17;16;2826
12;2025-12-17;17;3076
12;2025-12-17;18;3187
12;2025-12-17;19;2474
12;2025-12-17;20;1540
12;2025-12-17;21;961
12;2025-12-17;22;505
12;2025-12-17;23;265
12;2025-12-18;0;55
12;2025-12-18;1;2
12;2025-12-18;2;0
12;2025-12-18;3;0
12;2025-12-18;4;6
12;2025-12-18;5;327
12;2025-12-18;6;1379
12;2025-12-18;7;2733
12;2025-12-18;8;3624
12;2025-12-18;9;2485
12;2025-12-18;10;2071
12;2025-12-18;11;2052
12;2025-12-18;12;2116
12;2025-12-18;13;2100
12;2025-12-18;14;2094
12;2025-12-18;15;2341
12;2025-12-18;16;2826
12;2025-12-18;17;3100
12;2025-12-18;18;3187
12;2025-12-18;19;2491
12;2025-12-18;20;1565
12;2025-12-18;21;941
12;2025-12-18;22;502
12;2025-12-18;23;268
12;2025-12-19;0;58
12;2025-12-19;1;3
12;2025-12-19;2;0
12;2025-12-19;3;0
12;2025-12-19;4;6
12;2025-12-19;5;322
12;2025-12-19;6;1375
12;2025-12-19;7;2692
12;2025-12-19;8;3546
12;2025-12-19;9;2446
12;2025-12-19;10;2017
12;2025-12-19;11;2028
12;2025-12-19;12;2072
12;2025-12-19;13;2085
12;2025-12-19;14;2114
12;2025-12-19;15;2393
12;2025-12-19;16;2955
12;2025-12-19;17;3044
12;2025-12-19;18;2886
12;2025-12-19;19;2336
12;2025-12-19;20;1519
12;2025-12-19;21;960
12;2025-12-19;22;517
12;2025-12-19;23;285
12;2025-12-20;0;87
12;2025-12-20;1;5
12;2025-12-20;2;0
12;2025-12-20;3;0
12;2025-12-20;4;3
12;2025-12-20;5;237
12;2025-12-20;6;833
12;2025-12-20;7;914
12;2025-12-20;8;1026
12;2025-12-20;9;1219
12;2025-12-20;10;1461
12;2025-12-20;11;1527
12;2025-12-20;12;1522
12;2025-12-20;13;1790
12;2025-12-20;14;1688
12;2025-12-20;15;1561
12;2025-12-20;16;1627
12;2025-12-20;17;1558
12;2025-12-20;18;1496
12;2025-12-20;19;1425
12;2025-12-20;20;1013
12;2025-12-20;21;715
12;2025-12-20;22;431
12;2025-12-20;23;292
12;2025-12-21;0;84
12;2025-12-21;1;7
12;2025-12-21;2;0
12;2025-12-21;3;0
12;2025-12-21;4;2
12;2025-12-21;5;154
12;2025-12-21;6;522
12;2025-12-21;7;634
12;2025-12-21;8;728
12;2025-12-21;9;936
12;2025-12-21;10;1130
12;2025-12-21;11;1274
12;2025-12-21;12;1339
12;2025-12-21;13;1587
12;2025-12-21;14;1497
12;2025-12-21;15;1367
12;2025-12-21;16;1476
12;2025-12-21;17;1469
12;2025-12-21;18;1269
12;2025-12-21;19;1014
12;2025-12-21;20;751
12;2025-12-21;21;591
12;2025-12-21;22;389
12;2025-12-21;23;215
12;2025-12-22;0;61
12;2025-12-22;1;3
12;2025-12-22;2;0
12;2025-12-22;3;0
12;2025-12-22;4;6
12;2025-12-22;5;328
12;2025-12-22;6;1378
12;2025-12-22;7;2707
12;2025-12-22;8;3572
12;2025-12-22;9;2482
12;2025-12-22;10;2011
12;2025-12-22;11;1958
12;2025-12-22;12;2052
12;2025-12-22;13;2035
12;2025-12-22;14;2013
12;2025-12-22;15;2283
12;2025-12-22;16;2759
12;2025-12-22;17;3035
12;2025-12-22;18;3169
12;2025-12-22;19;2426
12;2025-12-22;20;1545
12;2025-12-22;21;920
12;2025-12-22;22;473
12;2025-12-22;23;249
12;2025-12-23;0;53
12;2025-12-23;1;2
12;2025-12-23;2;0
12;2025-12-23;3;0
12;2025-12-23;4;6
12;2025-12-23;5;334
12;2025-12-23;6;1402
12;2025-12-23;7;2768
12;2025-12-23;8;3708
12;2025-12-23;9;2537
12;2025-12-23;10;2105
12;2025-12-23;11;2063
12;2025-12-23;12;2092
12;2025-12-23;13;2109
12;2025-12-23;14;2082
12;2025-12-23;15;2310
12;2025-12-23;16;2827
12;2025-12-23;17;3100
12;2025-12-23;18;3208
12;2025-12-23;19;2495
12;2025-12-23;20;1548
12;2025-12-23;21;932
12;2025-12-23;22;491
12;2025-12-23;23;253
12;2025-12-24;0;56
12;2025-12-24;1;2
12;2025-12-24;2;0
12;2025-12-24;3;0
12;2025-12-24;4;6
12;2025-12-24;5;334
12;2025-12-24;6;1415
12;2025-12-24;7;2731
12;2025-12-24;8;3607
12;2025-12-24;9;2553
12;2025-12-24;10;2104
12;2025-12-24;11;2062
12;2025-12-24;12;2105
12;2025-12-24;13;2109
12;2025-12-24;14;2092
12;2025-12-24;15;2336
12;2025-12-24;16;2826
12;2025-12-24;17;3076
12;2025-12-24;18;3187
12;2025-12-24;19;2474
12;2025-12-24;20;1540
12;2025-12-24;21;962
12;2025-12-24;22;505
12;2025-12-24;23;265
12;2025-12-25;0;55
12;2025-12-25;1;2
12;2025-12-25;2;0
12;2025-12-25;3;0
12;2025-12-25;4;6
12;2025-12-25;5;326
12;2025-12-25;6;1377
12;2025-12-25;7;2730
12;2025-12-25;8;3620
12;2025-12-25;9;2482
12;2025-12-25;10;2068
12;2025-12-25;11;2050
12;2025-12-25;12;2113
12;2025-12-25;13;2097
12;2025-12-25;14;2091
12;2025-12-25;15;2339
12;2025-12-25;16;2823
12;2025-12-25;17;3096
12;2025-12-25;18;3184
12;2025-12-25;19;2488
12;2025-12-25;20;1563
12;2025-12-25;21;940
12;2025-12-25;22;501
12;2025-12-25;23;268
12;2025-12-26;0;58
12;2025-12-26;1;3
12;2025-12-26;2;0
12;2025-12-26;3;0
12;2025-12-26;4;5
12;2025-12-26;5;322
12;2025-12-26;6;1373
12;2025-12-26;7;2687
12;2025-12-26;8;3541
12;2025-12-26;9;2441
12;2025-12-26;10;2014
12;2025-12-26;11;2025
12;2025-12-26;12;2069
12;2025-12-26;13;2081
12;2025-12-26;14;2110
12;2025-12-26;15;2390
12;2025-12-26;16;2950
12;2025-12-26;17;3040
12;2025-12-26;18;2881
12;2025-12-26;19;2333
12;2025-12-26;20;1517
12;2025-12-26;21;958
12;2025-12-26;22;516
12;2025-12-26;23;284
12;2025-12-27;0;87
12;2025-12-27;1;5
12;2025-12-27;2;0
12;2025-12-27;3;0
12;2025-12-27;4;3
12;2025-12-27;5;237
12;2025-12-27;6;831
12;2025-12-27;7;913
12;2025-12-27;8;1024
12;2025-12-27;9;1217
12;2025-12-27;10;1460
12;2025-12-27;11;1525
12;2025-12-27;12;1520
12;2025-12-27;13;1789
12;2025-12-27;14;1685
12;2025-12-27;15;1559
12;2025-12-27;16;1625
12;2025-12-27;17;1556
12;2025-12-27;18;1494
12;2025-12-27;19;1423
12;2025-12-27;20;1011
12;2025-12-27;21;714
12;2025-12-27;22;431
12;2025-12-27;23;292
12;2025-12-28;0;84
12;2025-12-28;1;7
12;2025-12-28;2;0
12;2025-12-28;3;0
12;2025-12-28;4;2
12;2025-12-28;5;154
12;2025-12-28;6;522
12;2025-12-28;7;634
12;2025-12-28;8;728
12;2025-12-28;9;937
12;2025-12-28;10;1131
12;2025-12-28;11;1276
12;2025-12-28;12;1339
12;2025-12-28;13;1588
12;2025-12-28;14;1498
12;2025-12-28;15;1367
12;2025-12-28;16;1476
12;2025-12-28;17;1469
12;2025-12-28;18;1271
12;2025-12-28;19;1014
12;2025-12-28;20;752
12;2025-12-28;21;592
12;2025-12-28;22;389
12;2025-12-28;23;215
12;2025-12-29;0;61
12;2025-12-29;1;3
12;2025-12-29;2;0
12;2025-12-29;3;0
12;2025-12-29;4;6
12;2025-12-29;5;327
12;2025-12-29;6;1376
12;2025-12-29;7;2702
12;2025-12-29;8;3566
12;2025-12-29;9;2478
12;2025-12-29;10;2007
12;2025-12-29;11;1955
12;2025-12-29;12;2048
12;2025-12-29;13;2032
12;2025-12-29;14;2009
12;2025-12-29;15;2279
12;2025-12-29;16;2754
12;2025-12-29;17;3029
12;2025-12-29;18;3164
12;2025-12-29;19;2422
12;2025-12-29;20;1542
12;2025-12-29;21;918
12;2025-12-29;22;472
12;2025-12-29;23;249
12;2025-12-30;0;53
12;2025-12-30;1;2
12;2025-12-30;2;0
12;2025-12-30;3;0
12;2025-12-30;4;6
12;2025-12-30;5;333
12;2025-12-30;6;1399
12;2025-12-30;7;2762
12;2025-12-30;8;3700
12;2025-12-30;9;2531
12;2025-12-30;10;2100
12;2025-12-30;11;2058
12;2025-12-30;12;2088
12;2025-12-30;13;2104
12;2025-12-30;14;2077
12;2025-12-30;15;2305
12;2025-12-30;16;2820
12;2025-12-30;17;3092
12;2025-12-30;18;3201
12;2025-12-30;19;2489
12;2025-12-30;20;1544
12;2025-12-30;21;929
12;2025-12-30;22;490
12;2025-12-30;23;252
12;2025-12-31;0;80
12;2025-12-31;1;7
12;2025-12-31;2;0
12;2025-12-31;3;0
12;2025-12-31;4;2
12;2025-12-31;5;153
12;2025-12-31;6;527
12;2025-12-31;7;631
12;2025-12-31;8;713
12;2025-12-31;9;910
12;2025-12-31;10;1086
12;2025-12-31;11;1235
12;2025-12-31;12;1304
12;2025-12-31;13;1553
12;2025-12-31;14;1466
12;2025-12-31;15;1335
12;2025-12-31;16;1436
12;2025-12-31;17;1416
12;2025-12-31;18;1258
12;2025-12-31;19;1017
12;2025-12-31;20;752
12;2025-12-31;21;591
12;2025-12-31;22;389
12;2025-12-31;23;217
17;2025-11-01;0;123
17;2025-11-01;1;11
17;2025-11-01;2;0
17;2025-11-01;3;0
17;2025-11-01;4;27
17;2025-11-01;5;325
17;2025-11-01;6;1562
17;2025-11-01;7;4126
17;2025-11-01;8;5454
17;2025-11-01;9;3875
17;2025-11-01;10;3048
17;2025-11-01;11;2998
17;2025-11-01;12;3047
17;2025-11-01;13;3101
17;2025-11-01;14;3195
17;2025-11-01;15;3366
17;2025-11-01;16;3819
17;2025-11-01;17;4605
17;2025-11-01;18;4904
17;2025-11-01;19;3448
17;2025-11-01;20;2399
17;2025-11-01;21;1506
17;2025-11-01;22;807
17;2025-11-01;23;384
17;2025-11-02;0;169
17;2025-11-02;1;23
17;2025-11-02;2;1
17;2025-11-02;3;1
17;2025-11-02;4;4
17;2025-11-02;5;102
17;2025-11-02;6;408
17;2025-11-02;7;730
17;2025-11-02;8;1159
17;2025-11-02;9;1594
17;2025-11-02;10;1847
17;2025-11-02;11;2323
17;2025-11-02;12;2698
17;2025-11-02;13;2944
17;2025-11-02;14;3046
17;2025-11-02;15;3054
17;2025-11-02;16;3037
17;2025-11-02;17;2858
17;2025-11-02;18;2487
17;2025-11-02;19;2001
17;2025-11-02;20;1551
17;2025-11-02;21;1123
17;2025-11-02;22;700
17;2025-11-02;23;316
17;2025-11-03;0;163
17;2025-11-03;1;22
17;2025-11-03;2;1
17;2025-11-03;3;1
17;2025-11-03;4;4
17;2025-11-03;5;100
17;2025-11-03;6;404
17;2025-11-03;7;726
17;2025-11-03;8;1139
17;2025-11-03;9;1556
17;2025-11-03;10;1791
17;2025-11-03;11;2233
17;2025-11-03;12;2620
17;2025-11-03;13;2878
17;2025-11-03;14;2981
17;2025-11-03;15;3012
17;2025-11-03;16;3004
17;2025-11-03;17;2834
17;2025-11-03;18;2471
17;2025-11-03;19;1998
17;2025-11-03;20;1552
17;2025-11-03;21;1130
17;2025-11-03;22;713
17;2025-11-03;23;323
17;2025-11-04;0;164
17;2025-11-04;1;23
17;2025-11-04;2;1
17;2025-11-04;3;1
17;2025-11-04;4;4
17;2025-11-04;5;101
17;2025-11-04;6;406
17;2025-11-04;7;730
17;2025-11-04;8;1145
17;2025-11-04;9;1565
17;2025-11-04;10;1801
17;2025-11-04;11;2245
17;2025-11-04;12;2634
17;2025-11-04;13;2894
17;2025-11-04;14;2997
17;2025-11-04;15;3028
17;2025-11-04;16;3020
17;2025-11-04;17;2849
17;2025-11-04;18;2485
17;2025-11-04;19;2009
17;2025-11-04;20;1560
17;2025-11-04;21;1136
17;2025-11-04;22;717
17;2025-11-04;23;325
17;2025-11-05;0;122
17;2025-11-05;1;11
17;2025-11-05;2;0
17;2025-11-05;3;0
17;2025-11-05;4;27
17;2025-11-05;5;321
17;2025-11-05;6;1532
17;2025-11-05;7;4036
17;2025-11-05;8;5334
17;2025-11-05;9;3793
17;2025-11-05;10;2999
17;2025-11-05;11;2961
17;2025-11-05;12;3004
17;2025-11-05;13;3076
17;2025-11-05;14;3157
17;2025-11-05;15;3321
17;2025-11-05;16;3735
17;2025-11-05;17;4522
17;2025-11-05;18;4852
17;2025-11-05;19;3413
17;2025-11-05;20;2360
17;2025-11-05;21;1501
17;2025-11-05;22;804
17;2025-11-05;23;383
17;2025-11-06;0;128
17;2025-11-06;1;11
17;2025-11-06;2;0
17;2025-11-06;3;0
17;2025-11-06;4;26
17;2025-11-06;5;320
17;2025-11-06;6;1526
17;2025-11-06;7;4017
17;2025-11-06;8;5311
17;2025-11-06;9;3802
17;2025-11-06;10;3010
17;2025-11-06;11;2959
17;2025-11-06;12;3025
17;2025-11-06;13;3075
17;2025-11-06;14;3154
17;2025-11-06;15;3309
17;2025-11-06;16;3765
17;2025-11-06;17;4518
17;2025-11-06;18;4835
17;2025-11-06;19;3417
17;2025-11-06;20;2378
17;2025-11-06;21;1505
17;2025-11-06;22;815
17;2025-11-06;23;387
17;2025-11-07;0;133
17;2025-11-07;1;13
17;2025-11-07;2;0
17;2025-11-07;3;0
17;2025-11-07;4;26
17;2025-11-07;5;316
17;2025-11-07;6;1515
17;2025-11-07;7;3987
17;2025-11-07;8;5265
17;2025-11-07;9;3774
17;2025-11-07;10;2999
17;2025-11-07;11;2976
17;2025-11-07;12;3039
17;2025-11-07;13;3123
17;2025-11-07;14;3206
17;2025-11-07;15;3456
17;2025-11-07;16;4005
17;2025-11-07;17;4592
17;2025-11-07;18;4596
17;2025-11-07;19;3319
17;2025-11-07;20;2353
17;2025-11-07;21;1543
17;2025-11-07;22;852
17;2025-11-07;23;423
17;2025-11-08;0;201
17;2025-11-08;1;23
17;2025-11-08;2;0
17;2025-11-08;3;0
17;2025-11-08;4;5
17;2025-11-08;5;126
17;2025-11-08;6;533
17;2025-11-08;7;1140
17;2025-11-08;8;1689
17;2025-11-08;9;2134
17;2025-11-08;10;2363
17;2025-11-08;11;2816
17;2025-11-08;12;3133
17;2025-11-08;13;3313
17;2025-11-08;14;3363
17;2025-11-08;15;3385
17;2025-11-08;16;3376
17;2025-11-08;17;3175
17;2025-11-08;18;2893
17;2025-11-08;19;2380
17;2025-11-08;20;1857
17;2025-11-08;21;1357
17;2025-11-08;22;841
17;2025-11-08;23;433
17;2025-11-09;0;169
17;2025-11-09;1;23
17;2025-11-09;2;1
17;2025-11-09;3;1
17;2025-11-09;4;4
17;2025-11-09;5;102
17;2025-11-09;6;408
17;2025-11-09;7;730
17;2025-11-09;8;1159
17;2025-11-09;9;1595
17;2025-11-09;10;1848
17;2025-11-09;11;2323
17;2025-11-09;12;2699
17;2025-11-09;13;2945
17;2025-11-09;14;3047
17;2025-11-09;15;3055
17;2025-11-09;16;3039
17;2025-11-09;17;2859
17;2025-11-09;18;2488
17;2025-11-09;19;2002
17;2025-11-09;20;1552
17;2025-11-09;21;1123
17;2025-11-09;22;700
17;2025-11-09;23;316
17;2025-11-10;0;111
17;2025-11-10;1;12
17;2025-11-10;2;0
17;2025-11-10;3;0
17;2025-11-10;4;26
17;2025-11-10;5;314
17;2025-11-10;6;1513
17;2025-11-10;7;4004
17;2025-11-10;8;5324
17;2025-11-10;9;3756
17;2025-11-10;10;2920
17;2025-11-10;11;2893
17;2025-11-10;12;2932
17;2025-11-10;13;2992
17;2025-11-10;14;3062
17;2025-11-10;15;3256
17;2025-11-10;16;3698
17;2025-11-10;17;4477
17;2025-11-10;18;4829
17;2025-11-10;19;3385
17;2025-11-10;20;2328
17;2025-11-10;21;1427
17;2025-11-10;22;763
17;2025-11-10;23;352
17;2025-11-11;0;117
17;2025-11-11;1;11
17;2025-11-11;2;0
17;2025-11-11;3;0
17;2025-11-11;4;27
17;2025-11-11;5;321
17;2025-11-11;6;1545
17;2025-11-11;7;4085
17;2025-11-11;8;5416
17;2025-11-11;9;3846
17;2025-11-11;10;3007
17;2025-11-11;11;2927
17;2025-11-11;12;2998
17;2025-11-11;13;3041
17;2025-11-11;14;3153
17;2025-11-11;15;3273
17;2025-11-11;16;3713
17;2025-11-11;17;4542
17;2025-11-11;18;4880
17;2025-11-11;19;3427
17;2025-11-11;20;2371
17;2025-11-11;21;1461
17;2025-11-11;22;778
17;2025-11-11;23;366
17;2025-11-12;0;122
17;2025-11-12;1;11
17;2025-11-12;2;0
17;2025-11-12;3;0
17;2025-11-12;4;27
17;2025-11-12;5;321
17;2025-11-12;6;1531
17;2025-11-12;7;4035
17;2025-11-12;8;5332
17;2025-11-12;9;3791
17;2025-11-12;10;2998
17;2025-11-12;11;2960
17;2025-11-12;12;3003
17;2025-11-12;13;3075
17;2025-11-12;14;3156
17;2025-11-12;15;3319
17;2025-11-12;16;3734
17;2025-11-12;17;4520
17;2025-11-12;18;4851
17;2025-11-12;19;3411
17;2025-11-12;20;2359
17;2025-11-12;21;1500
17;2025-11-12;22;804
17;2025-11-12;23;383
17;2025-11-13;0;129
17;2025-11-13;1;11
17;2025-11-13;2;0
17;2025-11-13;3;0
17;2025-11-13;4;26
17;2025-11-13;5;320
17;2025-11-13;6;1528
17;2025-11-13;7;4022
17;2025-11-13;8;5317
17;2025-11-13;9;3806
17;2025-11-13;10;3013
17;2025-11-13;11;2961
17;2025-11-13;12;3028
17;2025-11-13;13;3078
17;2025-11-13;14;3157
17;2025-11-13;15;3313
17;2025-11-13;16;3770
17;2025-11-13;17;4523
17;2025-11-13;18;4839
17;2025-11-13;19;3420
17;2025-11-13;20;2381
17;2025-11-13;21;1506
17;2025-11-13;22;816
17;2025-11-13;23;387
17;2025-11-14;0;133
17;2025-11-14;1;13
17;2025-11-14;2;0
17;2025-11-14;3;0
17;2025-11-14;4;26
17;2025-11-14;5;316
17;2025-11-14;6;1514
17;2025-11-14;7;3984
17;2025-11-14;8;5261
17;2025-11-14;9;3771
17;2025-11-14;10;2997
17;2025-11-14;11;2974
17;2025-11-14;12;3037
17;2025-11-14;13;3120
17;2025-11-14;14;3203
17;2025-11-14;15;3453
17;2025-11-14;16;4001
17;2025-11-14;17;4588
17;2025-11-14;18;4592
17;2025-11-14;19;3316
17;2025-11-14;20;2351
17;2025-11-14;21;1542
17;2025-11-14;22;852
17;2025-11-14;23;422
17;2025-11-15;0;201
17;2025-11-15;1;23
17;2025-11-15;2;0
17;2025-11-15;3;0
17;2025-11-15;4;5
17;2025-11-15;5;126
17;2025-11-15;6;532
17;2025-11-15;7;1137
17;2025-11-15;8;1683
17;2025-11-15;9;2126
17;2025-11-15;10;2354
17;2025-11-15;11;2806
17;2025-11-15;12;3122
17;2025-11-15;13;3301
17;2025-11-15;14;3351
17;2025-11-15;15;3373
17;2025-11-15;16;3364
17;2025-11-15;17;3164
17;2025-11-15;18;2883
17;2025-11-15;19;2372
17;2025-11-15;20;1850
17;2025-11-15;21;1353
17;2025-11-15;22;838
17;2025-11-15;23;432
17;2025-11-16;0;169
17;2025-11-16;1;23
17;2025-11-16;2;1
17;2025-11-16;3;1
17;2025-11-16;4;4
17;2025-11-16;5;102
17;2025-11-16;6;408
17;2025-11-16;7;730
17;2025-11-16;8;1158
17;2025-11-16;9;1594
17;2025-11-16;10;1846
17;2025-11-16;11;2321
17;2025-11-16;12;2697
17;2025-11-16;13;2942
17;2025-11-16;14;3044
17;2025-11-16;15;3052
17;2025-11-16;16;3036
17;2025-11-16;17;2856
17;2025-11-16;18;2485
17;2025-11-16;19;2000
17;2025-11-16;20;1551
17;2025-11-16;21;1122
17;2025-11-16;22;700
17;2025-11-16;23;316
17;2025-11-17;0;111
17;2025-11-17;1;12
17;2025-11-17;2;0
17;2025-11-17;3;0
17;2025-11-17;4;26
17;2025-11-17;5;314
17;2025-11-17;6;1510
17;2025-11-17;7;3995
17;2025-11-17;8;5312
17;2025-11-17;9;3748
17;2025-11-17;10;2914
17;2025-11-17;11;2886
17;2025-11-17;12;2925
17;2025-11-17;13;2986
17;2025-11-17;14;3055
17;2025-11-17;15;3249
17;2025-11-17;16;3690
17;2025-11-17;17;4467
17;2025-11-17;18;4819
17;2025-11-17;19;3378
17;2025-11-17;20;2323
17;2025-11-17;21;1423
17;2025-11-17;22;761
17;2025-11-17;23;351
17;2025-11-18;0;117
17;2025-11-18;1;11
17;2025-11-18;2;0
17;2025-11-18;3;0
17;2025-11-18;4;27
17;2025-11-18;5;320
17;2025-11-18;6;1541
17;2025-11-18;7;4075
17;2025-11-18;8;5405
17;2025-11-18;9;3837
17;2025-11-18;10;3001
17;2025-11-18;11;2921
17;2025-11-18;12;2991
17;2025-11-18;13;3034
17;2025-11-18;14;3146
17;2025-11-18;15;3266
17;2025-11-18;16;3704
17;2025-11-18;17;4532
17;2025-11-18;18;4869
17;2025-11-18;19;3419
17;2025-11-18;20;2366
17;2025-11-18;21;1457
17;2025-11-18;22;777
17;2025-11-18;23;366
17;2025-11-19;0;122
17;2025-11-19;1;11
17;2025-11-19;2;0
17;2025-11-19;3;0
17;2025-11-19;4;27
17;2025-11-19;5;320
17;2025-11-19;6;1528
17;2025-11-19;7;4024
17;2025-11-19;8;5318
17;2025-11-19;9;3781
17;2025-11-19;10;2990
17;2025-11-19;11;2951
17;2025-11-19;12;2994
17;2025-11-19;13;3067
17;2025-11-19;14;3148
17;2025-11-19;15;3310
17;2025-11-19;16;3724
17;2025-11-19;17;4508
17;2025-11-19;18;4838
17;2025-11-19;19;3402
17;2025-11-19;20;2354
17;2025-11-19;21;1496
17;2025-11-19;22;802
17;2025-11-19;23;381
17;2025-11-20;0;128
17;2025-11-20;1;11
17;2025-11-20;2;0
17;2025-11-20;3;0
17;2025-11-20;4;26
17;2025-11-20;5;319
17;2025-11-20;6;1523
17;2025-11-20;7;4012
17;2025-11-20;8;5304
17;2025-11-20;9;3797
17;2025-11-20;10;3007
17;2025-11-20;11;2955
17;2025-11-20;12;3022
17;2025-11-20;13;3071
17;2025-11-20;14;3150
17;2025-11-20;15;3305
17;2025-11-20;16;3761
17;2025-11-20;17;4513
17;2025-11-20;18;4829
17;2025-11-20;19;3412
17;2025-11-20;20;2376
17;2025-11-20;21;1502
17;2025-11-20;22;813
17;2025-11-20;23;386
17;2025-11-21;0;132
17;2025-11-21;1;13
17;2025-11-21;2;0
17;2025-11-21;3;0
17;2025-11-21;4;26
17;2025-11-21;5;315
17;2025-11-21;6;1511
17;2025-11-21;7;3975
17;2025-11-21;8;5249
17;2025-11-21;9;3762
17;2025-11-21;10;2990
17;2025-11-21;11;2967
17;2025-11-21;12;3029
17;2025-11-21;13;3113
17;2025-11-21;14;3197
17;2025-11-21;15;3445
17;2025-11-21;16;3992
17;2025-11-21;17;4577
17;2025-11-21;18;4582
17;2025-11-21;19;3309
17;2025-11-21;20;2345
17;2025-11-21;21;1538
17;2025-11-21;22;849
17;2025-11-21;23;422
17;2025-11-22;0;199
17;2025-11-22;1;23
17;2025-11-22;2;0
17;2025-11-22;3;0
17;2025-11-22;4;5
17;2025-11-22;5;126
17;2025-11-22;6;529
17;2025-11-22;7;1132
17;2025-11-22;8;1676
17;2025-11-22;9;2118
17;2025-11-22;10;2344
17;2025-11-22;11;2794
17;2025-11-22;12;3109
17;2025-11-22;13;3288
17;2025-11-22;14;3337
17;2025-11-22;15;3358
17;2025-11-22;16;3350
17;2025-11-22;17;3151
17;2025-11-22;18;2870
17;2025-11-22;19;2362
17;2025-11-22;20;1843
17;2025-11-22;21;1347
17;2025-11-22;22;834
17;2025-11-22;23;430
17;2025-11-23;0;168
17;2025-11-23;1;23
17;2025-11-23;2;1
17;2025-11-23;3;1
17;2025-11-23;4;4
17;2025-11-23;5;101
17;2025-11-23;6;406
17;2025-11-23;7;726
17;2025-11-23;8;1153
17;2025-11-23;9;1587
17;2025-11-23;10;1838
17;2025-11-23;11;2312
17;2025-11-23;12;2686
17;2025-11-23;13;2930
17;2025-11-23;14;3031
17;2025-11-23;15;3040
17;2025-11-23;16;3023
17;2025-11-23;17;2845
17;2025-11-23;18;2475
17;2025-11-23;19;1991
17;2025-11-23;20;1544
17;2025-11-23;21;1117
17;2025-11-23;22;696
17;2025-11-23;23;315
17;2025-11-24;0;111
17;2025-11-24;1;12
17;2025-11-24;2;0
17;2025-11-24;3;0
17;2025-11-24;4;26
17;2025-11-24;5;312
17;2025-11-24;6;1506
17;2025-11-24;7;3985
17;2025-11-24;8;5299
17;2025-11-24;9;3738
17;2025-11-24;10;2906
17;2025-11-24;11;2879
17;2025-11-24;12;2918
17;2025-11-24;13;2978
17;2025-11-24;14;3048
17;2025-11-24;15;3240
17;2025-11-24;16;3681
17;2025-11-24;17;4456
17;2025-11-24;18;4806
17;2025-11-24;19;3369
17;2025-11-24;20;2317
17;2025-11-24;21;1420
17;2025-11-24;22;759
17;2025-11-24;23;350
17;2025-11-25;0;116
17;2025-11-25;1;11
17;2025-11-25;2;0
17;2025-11-25;3;0
17;2025-11-25;4;27
17;2025-11-25;5;320
17;2025-11-25;6;1537
17;2025-11-25;7;4067
17;2025-11-25;8;5392
17;2025-11-25;9;3829
17;2025-11-25;10;2994
17;2025-11-25;11;2914
17;2025-11-25;12;2984
17;2025-11-25;13;3027
17;2025-11-25;14;3139
17;2025-11-25;15;3259
17;2025-11-25;16;3696
17;2025-11-25;17;4521
17;2025-11-25;18;4858
17;2025-11-25;19;3412
17;2025-11-25;20;2361
17;2025-11-25;21;1454
17;2025-11-25;22;775
17;2025-11-25;23;365
17;2025-11-26;0;121
17;2025-11-26;1;11
17;2025-11-26;2;0
17;2025-11-26;3;0
17;2025-11-26;4;27
17;2025-11-26;5;319
17;2025-11-26;6;1525
17;2025-11-26;7;4017
17;2025-11-26;8;5309
17;2025-11-26;9;3775
17;2025-11-26;10;2985
17;2025-11-26;11;2947
17;2025-11-26;12;2989
17;2025-11-26;13;3061
17;2025-11-26;14;3142
17;2025-11-26;15;3305
17;2025-11-26;16;3717
17;2025-11-26;17;4500
17;2025-11-26;18;4829
17;2025-11-26;19;3397
17;2025-11-26;20;2350
17;2025-11-26;21;1494
17;2025-11-26;22;800
17;2025-11-26;23;381
17;2025-11-27;0;128
17;2025-11-27;1;11
17;2025-11-27;2;0
17;2025-11-27;3;0
17;2025-11-27;4;26
17;2025-11-27;5;318
17;2025-11-27;6;1521
17;2025-11-27;7;4005
17;2025-11-27;8;5293
17;2025-11-27;9;3789
17;2025-11-27;10;3001
17;2025-11-27;11;2949
17;2025-11-27;12;3016
17;2025-11-27;13;3065
17;2025-11-27;14;3144
17;2025-11-27;15;3299
17;2025-11-27;16;3753
17;2025-11-27;17;4504
17;2025-11-27;18;4819
17;2025-11-27;19;3405
17;2025-11-27;20;2371
17;2025-11-27;21;1499
17;2025-11-27;22;812
17;2025-11-27;23;386
17;2025-11-28;0;132
17;2025-11-28;1;13
17;2025-11-28;2;0
17;2025-11-28;3;0
17;2025-11-28;4;26
17;2025-11-28;5;314
17;2025-11-28;6;1507
17;2025-11-28;7;3963
17;2025-11-28;8;5235
17;2025-11-28;9;3752
17;2025-11-28;10;2981
17;2025-11-28;11;2958
17;2025-11-28;12;3021
17;2025-11-28;13;3104
17;2025-11-28;14;3187
17;2025-11-28;15;3435
17;2025-11-28;16;3980
17;2025-11-28;17;4564
17;2025-11-28;18;4568
17;2025-11-28;19;3299
17;2025-11-28;20;2339
17;2025-11-28;21;1533
17;2025-11-28;22;847
17;2025-11-28;23;420
17;2025-11-29;0;199
17;2025-11-29;1;23
17;2025-11-29;2;0
17;2025-11-29;3;0
17;2025-11-29;4;5
17;2025-11-29;5;125
17;2025-11-29;6;527
17;2025-11-29;7;1127
17;2025-11-29;8;1669
17;2025-11-29;9;2108
17;2025-11-29;10;2334
17;2025-11-29;11;2783
17;2025-11-29;12;3096
17;2025-11-29;13;3274
17;2025-11-29;14;3323
17;2025-11-29;15;3344
17;2025-11-29;16;3336
17;2025-11-29;17;3137
17;2025-11-29;18;2858
17;2025-11-29;19;2352
17;2025-11-29;20;1834
17;2025-11-29;21;1342
17;2025-11-29;22;831
17;2025-11-29;23;428
17;2025-11-30;0;168
17;2025-11-30;1;23
17;2025-11-30;2;1
17;2025-11-30;3;1
17;2025-11-30;4;4
17;2025-11-30;5;101
17;2025-11-30;6;405
17;2025-11-30;7;726
17;2025-11-30;8;1152
17;2025-11-30;9;1586
17;2025-11-30;10;1836
17;2025-11-30;11;2310
17;2025-11-30;12;2684
17;2025-11-30;13;2927
17;2025-11-30;14;3029
17;2025-11-30;15;3037
17;2025-11-30;16;3021
17;2025-11-30;17;2842
17;2025-11-30;18;2473
17;2025-11-30;19;1990
17;2025-11-30;20;1543
17;2025-11-30;21;1116
17;2025-11-30;22;696
17;2025-11-30;23;315
17;2025-12-01;0;111
17;2025-12-01;1;12
17;2025-12-01;2;0
17;2025-12-01;3;0
17;2025-12-01;4;26
17;2025-12-01;5;312
17;2025-12-01;6;1503
17;2025-12-01;7;3976
17;2025-12-01;8;5288
17;2025-12-01;9;3730
17;2025-12-01;10;2901
17;2025-12-01;11;2873
17;2025-12-01;12;2912
17;2025-12-01;13;2972
17;2025-12-01;14;3041
17;2025-12-01;15;3234
17;2025-12-01;16;3673
17;2025-12-01;17;4447
17;2025-12-01;18;4796
17;2025-12-01;19;3362
17;2025-12-01;20;2312
17;2025-12-01;21;1417
17;2025-12-01;22;758
17;2025-12-01;23;350
17;2025-12-02;0;116
17;2025-12-02;1;11
17;2025-12-02;2;0
17;2025-12-02;3;0
17;2025-12-02;4;27
17;2025-12-02;5;319
17;2025-12-02;6;1534
17;2025-12-02;7;4058
17;2025-12-02;8;5381
17;2025-12-02;9;3821
17;2025-12-02;10;2987
17;2025-12-02;11;2908
17;2025-12-02;12;2978
17;2025-12-02;13;3021
17;2025-12-02;14;3132
17;2025-12-02;15;3252
17;2025-12-02;16;3688
17;2025-12-02;17;4512
17;2025-12-02;18;4848
17;2025-12-02;19;3405
17;2025-12-02;20;2356
17;2025-12-02;21;1451
17;2025-12-02;22;774
17;2025-12-02;23;364
17;2025-12-03;0;121
17;2025-12-03;1;11
17;2025-12-03;2;0
17;2025-12-03;3;0
17;2025-12-03;4;27
17;2025-12-03;5;319
17;2025-12-03;6;1523
17;2025-12-03;7;4012
17;2025-12-03;8;5302
17;2025-12-03;9;3770
17;2025-12-03;10;2981
17;2025-12-03;11;2942
17;2025-12-03;12;2985
17;2025-12-03;13;3057
17;2025-12-03;14;3138
17;2025-12-03;15;3300
17;2025-12-03;16;3712
17;2025-12-03;17;4494
17;2025-12-03;18;4822
17;2025-12-03;19;3392
17;2025-12-03;20;2346
17;2025-12-03;21;1491
17;2025-12-03;22;799
17;2025-12-03;23;380
17;2025-12-04;0;128
17;2025-12-04;1;11
17;2025-12-04;2;0
17;2025-12-04;3;0
17;2025-12-04;4;26
17;2025-12-04;5;318
17;2025-12-04;6;1519
17;2025-12-04;7;3998
17;2025-12-04;8;5286
17;2025-12-04;9;3784
17;2025-12-04;10;2997
17;2025-12-04;11;2945
17;2025-12-04;12;3011
17;2025-12-04;13;3060
17;2025-12-04;14;3140
17;2025-12-04;15;3294
17;2025-12-04;16;3748
17;2025-12-04;17;4498
17;2025-12-04;18;4812
17;2025-12-04;19;3401
17;2025-12-04;20;2367
17;2025-12-04;21;1497
17;2025-12-04;22;811
17;2025-12-04;23;385
17;2025-12-05;0;132
17;2025-12-05;1;13
17;2025-12-05;2;0
17;2025-12-05;3;0
17;2025-12-05;4;26
17;2025-12-05;5;314
17;2025-12-05;6;1506
17;2025-12-05;7;3962
17;2025-12-05;8;5232
17;2025-12-05;9;3750
17;2025-12-05;10;2980
17;2025-12-05;11;2957
17;2025-12-05;12;3020
17;2025-12-05;13;3103
17;2025-12-05;14;3186
17;2025-12-05;15;3433
17;2025-12-05;16;3978
17;2025-12-05;17;4562
17;2025-12-05;18;4567
17;2025-12-05;19;3298
17;2025-12-05;20;2338
17;2025-12-05;21;1533
17;2025-12-05;22;847
17;2025-12-05;23;420
17;2025-12-06;0;199
17;2025-12-06;1;23
17;2025-12-06;2;0
17;2025-12-06;3;0
17;2025-12-06;4;5
17;2025-12-06;5;124
17;2025-12-06;6;525
17;2025-12-06;7;1124
17;2025-12-06;8;1665
17;2025-12-06;9;2103
17;2025-12-06;10;2329
17;2025-12-06;11;2776
17;2025-12-06;12;3089
17;2025-12-06;13;3266
17;2025-12-06;14;3315
17;2025-12-06;15;3337
17;2025-12-06;16;3329
17;2025-12-06;17;3130
17;2025-12-06;18;2852
17;2025-12-06;19;2347
17;2025-12-06;20;1830
17;2025-12-06;21;1339
17;2025-12-06;22;829
17;2025-12-06;23;427
17;2025-12-07;0;168
17;2025-12-07;1;23
17;2025-12-07;2;1
17;2025-12-07;3;1
17;2025-12-07;4;4
17;2025-12-07;5;101
17;2025-12-07;6;405
17;2025-12-07;7;725
17;2025-12-07;8;1149
17;2025-12-07;9;1583
17;2025-12-07;10;1833
17;2025-12-07;11;2305
17;2025-12-07;12;2678
17;2025-12-07;13;2921
17;2025-12-07;14;3023
17;2025-12-07;15;3031
17;2025-12-07;16;3015
17;2025-12-07;17;2837
17;2025-12-07;18;2468
17;2025-12-07;19;1986
17;2025-12-07;20;1539
17;2025-12-07;21;1114
17;2025-12-07;22;695
17;2025-12-07;23;314
17;2025-12-08;0;111
17;2025-12-08;1;12
17;2025-12-08;2;0
17;2025-12-08;3;0
17;2025-12-08;4;26
17;2025-12-08;5;312
17;2025-12-08;6;1503
17;2025-12-08;7;3976
17;2025-12-08;8;5288
17;2025-12-08;9;3730
17;2025-12-08;10;2900
17;2025-12-08;11;2872
17;2025-12-08;12;2911
17;2025-12-08;13;2972
17;2025-12-08;14;3041
17;2025-12-08;15;3234
17;2025-12-08;16;3673
17;2025-12-08;17;4447
17;2025-12-08;18;4796
17;2025-12-08;19;3362
17;2025-12-08;20;2312
17;2025-12-08;21;1417
17;2025-12-08;22;757
17;2025-12-08;23;350
17;2025-12-09;0;116
17;2025-12-09;1;11
17;2025-12-09;2;0
17;2025-12-09;3;0
17;2025-12-09;4;27
17;2025-12-09;5;320
17;2025-12-09;6;1536
17;2025-12-09;7;4062
17;2025-12-09;8;5386
17;2025-12-09;9;3825
17;2025-12-09;10;2990
17;2025-12-09;11;2911
17;2025-12-09;12;2981
17;2025-12-09;13;3023
17;2025-12-09;14;3136
17;2025-12-09;15;3255
17;2025-12-09;16;3692
17;2025-12-09;17;4516
17;2025-12-09;18;4853
17;2025-12-09;19;3408
17;2025-12-09;20;2358
17;2025-12-09;21;1453
17;2025-12-09;22;774
17;2025-12-09;23;364
17;2025-12-10;0;121
17;2025-12-10;1;11
17;2025-12-10;2;0
17;2025-12-10;3;0
17;2025-12-10;4;27
17;2025-12-10;5;319
17;2025-12-10;6;1523
17;2025-12-10;7;4013
17;2025-12-10;8;5304
17;2025-12-10;9;3771
17;2025-12-10;10;2982
17;2025-12-10;11;2943
17;2025-12-10;12;2986
17;2025-12-10;13;3058
17;2025-12-10;14;3139
17;2025-12-10;15;3301
17;2025-12-10;16;3714
17;2025-12-10;17;4495
17;2025-12-10;18;4824
17;2025-12-10;19;3394
17;2025-12-10;20;2347
17;2025-12-10;21;1492
17;2025-12-10;22;799
17;2025-12-10;23;381
17;2025-12-11;0;128
17;2025-12-11;1;11
17;2025-12-11;2;0
17;2025-12-11;3;0
17;2025-12-11;4;26
17;2025-12-11;5;318
17;2025-12-11;6;1519
17;2025-12-11;7;4001
17;2025-12-11;8;5288
17;2025-12-11;9;3786
17;2025-12-11;10;2998
17;2025-12-11;11;2946
17;2025-12-11;12;3013
17;2025-12-11;13;3063
17;2025-12-11;14;3141
17;2025-12-11;15;3295
17;2025-12-11;16;3750
17;2025-12-11;17;4500
17;2025-12-11;18;4814
17;2025-12-11;19;3403
17;2025-12-11;20;2369
17;2025-12-11;21;1498
17;2025-12-11;22;811
17;2025-12-11;23;386
17;2025-12-12;0;132
17;2025-12-12;1;13
17;2025-12-12;2;0
17;2025-12-12;3;0
17;2025-12-12;4;26
17;2025-12-12;5;314
17;2025-12-12;6;1507
17;2025-12-12;7;3964
17;2025-12-12;8;5236
17;2025-12-12;9;3753
17;2025-12-12;10;2981
17;2025-12-12;11;2958
17;2025-12-12;12;3021
17;2025-12-12;13;3105
17;2025-12-12;14;3188
17;2025-12-12;15;3436
17;2025-12-12;16;3981
17;2025-12-12;17;4565
17;2025-12-12;18;4570
17;2025-12-12;19;3300
17;2025-12-12;20;2339
17;2025-12-12;21;1534
17;2025-12-12;22;847
17;2025-12-12;23;421
17;2025-12-13;0;198
17;2025-12-13;1;23
17;2025-12-13;2;0
17;2025-12-13;3;0
17;2025-12-13;4;5
17;2025-12-13;5;124
17;2025-12-13;6;525
17;2025-12-13;7;1124
17;2025-12-13;8;1665
17;2025-12-13;9;2102
17;2025-12-13;10;2328
17;2025-12-13;11;2774
17;2025-12-13;12;3087
17;2025-12-13;13;3264
17;2025-12-13;14;3313
17;2025-12-13;15;3335
17;2025-12-13;16;3327
17;2025-12-13;17;3128
17;2025-12-13;18;2851
17;2025-12-13;19;2345
17;2025-12-13;20;1830
17;2025-12-13;21;1337
17;2025-12-13;22;828
17;2025-12-13;23;427
17;2025-12-14;0;168
17;2025-12-14;1;23
17;2025-12-14;2;1
17;2025-12-14;3;1
17;2025-12-14;4;4
17;2025-12-14;5;101
17;2025-12-14;6;405
17;2025-12-14;7;724
17;2025-12-14;8;1150
17;2025-12-14;9;1582
17;2025-12-14;10;1833
17;2025-12-14;11;2305
17;2025-12-14;12;2678
17;2025-12-14;13;2920
17;2025-12-14;14;3022
17;2025-12-14;15;3031
17;2025-12-14;16;3014
17;2025-12-14;17;2836
17;2025-12-14;18;2468
17;2025-12-14;19;1985
17;2025-12-14;20;1540
17;2025-12-14;21;1114
17;2025-12-14;22;694
17;2025-12-14;23;313
17;2025-12-15;0;111
17;2025-12-15;1;12
17;2025-12-15;2;0
17;2025-12-15;3;0
17;2025-12-15;4;26
17;2025-12-15;5;312
17;2025-12-15;6;1504
17;2025-12-15;7;3978
17;2025-12-15;8;5289
17;2025-12-15;9;3732
17;2025-12-15;10;2901
17;2025-12-15;11;2873
17;2025-12-15;12;2912
17;2025-12-15;13;2973
17;2025-12-15;14;3042
17;2025-12-15;15;3234
17;2025-12-15;16;3674
17;2025-12-15;17;4448
17;2025-12-15;18;4798
17;2025-12-15;19;3363
17;2025-12-15;20;2313
17;2025-12-15;21;1417
17;2025-12-15;22;758
17;2025-12-15;23;349
17;2025-12-16;0;116
17;2025-12-16;1;11
17;2025-12-16;2;0
17;2025-12-16;3;0
17;2025-12-16;4;27
17;2025-12-16;5;319
17;2025-12-16;6;1535
17;2025-12-16;7;4057
17;2025-12-16;8;5380
17;2025-12-16;9;3821
17;2025-12-16;10;2987
17;2025-12-16;11;2908
17;2025-12-16;12;2978
17;2025-12-16;13;3020
17;2025-12-16;14;3132
17;2025-12-16;15;3251
17;2025-12-16;16;3688
17;2025-12-16;17;4511
17;2025-12-16;18;4848
17;2025-12-16;19;3404
17;2025-12-16;20;2356
17;2025-12-16;21;1451
17;2025-12-16;22;773
17;2025-12-16;23;364
17;2025-12-17;0;121
17;2025-12-17;1;11
17;2025-12-17;2;0
17;2025-12-17;3;0
17;2025-12-17;4;27
17;2025-12-17;5;319
17;2025-12-17;6;1522
17;2025-12-17;7;4008
17;2025-12-17;8;5297
17;2025-12-17;9;3767
17;2025-12-17;10;2979
17;2025-12-17;11;2940
17;2025-12-17;12;2983
17;2025-12-17;13;3054
17;2025-12-17;14;3135
17;2025-12-17;15;3298
17;2025-12-17;16;3709
17;2025-12-17;17;4490
17;2025-12-17;18;4819
17;2025-12-17;19;3389
17;2025-12-17;20;2344
17;2025-12-17;21;1490
17;2025-12-17;22;799
17;2025-12-17;23;380
17;2025-12-18;0;127
17;2025-12-18;1;11
17;2025-12-18;2;0
17;2025-12-18;3;0
17;2025-12-18;4;26
17;2025-12-18;5;318
17;2025-12-18;6;1518
17;2025-12-18;7;3996
17;2025-12-18;8;5282
17;2025-12-18;9;3781
17;2025-12-18;10;2995
17;2025-12-18;11;2943
17;2025-12-18;12;3009
17;2025-12-18;13;3058
17;2025-12-18;14;3137
17;2025-12-18;15;3292
17;2025-12-18;16;3746
17;2025-12-18;17;4494
17;2025-12-18;18;4808
17;2025-12-18;19;3398
17;2025-12-18;20;2366
17;2025-12-18;21;1496
17;2025-12-18;22;810
17;2025-12-18;23;385
17;2025-12-19;0;132
17;2025-12-19;1;13
17;2025-12-19;2;0
17;2025-12-19;3;0
17;2025-12-19;4;26
17;2025-12-19;5;314
17;2025-12-19;6;1505
17;2025-12-19;7;3958
17;2025-12-19;8;5227
17;2025-12-19;9;3746
17;2025-12-19;10;2977
17;2025-12-19;11;2954
17;2025-12-19;12;3016
17;2025-12-19;13;3100
17;2025-12-19;14;3182
17;2025-12-19;15;3430
17;2025-12-19;16;3975
17;2025-12-19;17;4558
17;2025-12-19;18;4563
17;2025-12-19;19;3294
17;2025-12-19;20;2335
17;2025-12-19;21;1531
17;2025-12-19;22;846
17;2025-12-19;23;420
17;2025-12-20;0;198
17;2025-12-20;1;23
17;2025-12-20;2;0
17;2025-12-20;3;0
17;2025-12-20;4;5
17;2025-12-20;5;124
17;2025-12-20;6;524
17;2025-12-20;7;1121
17;2025-12-20;8;1660
17;2025-12-20;9;2098
17;2025-12-20;10;2322
17;2025-12-20;11;2768
17;2025-12-20;12;3080
17;2025-12-20;13;3257
17;2025-12-20;14;3306
17;2025-12-20;15;3328
17;2025-12-20;16;3319
17;2025-12-20;17;3121
17;2025-12-20;18;2844
17;2025-12-20;19;2339
17;2025-12-20;20;1825
17;2025-12-20;21;1334
17;2025-12-20;22;827
17;2025-12-20;23;426
17;2025-12-21;0;168
17;2025-12-21;1;23
17;2025-12-21;2;1
17;2025-12-21;3;1
17;2025-12-21;4;4
17;2025-12-21;5;100
17;2025-12-21;6;404
17;2025-12-21;7;723
17;2025-12-21;8;1147
17;2025-12-21;9;1580
17;2025-12-21;10;1830
17;2025-12-21;11;2301
17;2025-12-21;12;2673
17;2025-12-21;13;2916
17;2025-12-21;14;3017
17;2025-12-21;15;3025
17;2025-12-21;16;3009
17;2025-12-21;17;2831
17;2025-12-21;18;2464
17;2025-12-21;19;1982
17;2025-12-21;20;1537
17;2025-12-21;21;1112
17;2025-12-21;22;693
17;2025-12-21;23;313
17;2025-12-22;0;111
17;2025-12-22;1;12
17;2025-12-22;2;0
17;2025-12-22;3;0
17;2025-12-22;4;26
17;2025-12-22;5;312
17;2025-12-22;6;1502
17;2025-12-22;7;3973
17;2025-12-22;8;5283
17;2025-12-22;9;3727
17;2025-12-22;10;2898
17;2025-12-22;11;2870
17;2025-12-22;12;2909
17;2025-12-22;13;2969
17;2025-12-22;14;3039
17;2025-12-22;15;3231
17;2025-12-22;16;3670
17;2025-12-22;17;4443
17;2025-12-22;18;4792
17;2025-12-22;19;3359
17;2025-12-22;20;2310
17;2025-12-22;21;1416
17;2025-12-22;22;757
17;2025-12-22;23;349
17;2025-12-23;0;116
17;2025-12-23;1;11
17;2025-12-23;2;0
17;2025-12-23;3;0
17;2025-12-23;4;27
17;2025-12-23;5;318
17;2025-12-23;6;1533
17;2025-12-23;7;4055
17;2025-12-23;8;5377
17;2025-12-23;9;3818
17;2025-12-23;10;2985
17;2025-12-23;11;2906
17;2025-12-23;12;2976
17;2025-12-23;13;3018
17;2025-12-23;14;3131
17;2025-12-23;15;3249
17;2025-12-23;16;3686
17;2025-12-23;17;4509
17;2025-12-23;18;4844
17;2025-12-23;19;3402
17;2025-12-23;20;2354
17;2025-12-23;21;1450
17;2025-12-23;22;773
17;2025-12-23;23;364
17;2025-12-24;0;121
17;2025-12-24;1;10
17;2025-12-24;2;0
17;2025-12-24;3;0
17;2025-12-24;4;27
17;2025-12-24;5;319
17;2025-12-24;6;1521
17;2025-12-24;7;4007
17;2025-12-24;8;5296
17;2025-12-24;9;3765
17;2025-12-24;10;2977
17;2025-12-24;11;2939
17;2025-12-24;12;2981
17;2025-12-24;13;3054
17;2025-12-24;14;3134
17;2025-12-24;15;3296
17;2025-12-24;16;3708
17;2025-12-24;17;4489
17;2025-12-24;18;4817
17;2025-12-24;19;3388
17;2025-12-24;20;2343
17;2025-12-24;21;1490
17;2025-12-24;22;798
17;2025-12-24;23;380
17;2025-12-25;0;127
17;2025-12-25;1;11
17;2025-12-25;2;0
17;2025-12-25;3;0
17;2025-12-25;4;26
17;2025-12-25;5;317
17;2025-12-25;6;1516
17;2025-12-25;7;3991
17;2025-12-25;8;5276
17;2025-12-25;9;3777
17;2025-12-25;10;2991
17;2025-12-25;11;2939
17;2025-12-25;12;3005
17;2025-12-25;13;3055
17;2025-12-25;14;3133
17;2025-12-25;15;3287
17;2025-12-25;16;3741
17;2025-12-25;17;4489
17;2025-12-25;18;4803
17;2025-12-25;19;3394
17;2025-12-25;20;2363
17;2025-12-25;21;1495
17;2025-12-25;22;809
17;2025-12-25;23;385
17;2025-12-26;0;132
17;2025-12-26;1;13
17;2025-12-26;2;0
17;2025-12-26;3;0
17;2025-12-26;4;26
17;2025-12-26;5;313
17;2025-12-26;6;1502
17;2025-12-26;7;3952
17;2025-12-26;8;5219
17;2025-12-26;9;3741
17;2025-12-26;10;2972
17;2025-12-26;11;2949
17;2025-12-26;12;3012
17;2025-12-26;13;3095
17;2025-12-26;14;3178
17;2025-12-26;15;3425
17;2025-12-26;16;3968
17;2025-12-26;17;4551
17;2025-12-26;18;4556
17;2025-12-26;19;3290
17;2025-12-26;20;2331
17;2025-12-26;21;1529
17;2025-12-26;22;844
17;2025-12-26;23;420
17;2025-12-27;0;198
17;2025-12-27;1;22
17;2025-12-27;2;0
17;2025-12-27;3;0
17;2025-12-27;4;5
17;2025-12-27;5;124
17;2025-12-27;6;523
17;2025-12-27;7;1119
17;2025-12-27;8;1657
17;2025-12-27;9;2093
17;2025-12-27;10;2317
17;2025-12-27;11;2762
17;2025-12-27;12;3073
17;2025-12-27;13;3250
17;2025-12-27;14;3299
17;2025-12-27;15;3320
17;2025-12-27;16;3312
17;2025-12-27;17;3114
17;2025-12-27;18;2838
17;2025-12-27;19;2335
17;2025-12-27;20;1821
17;2025-12-27;21;1332
17;2025-12-27;22;825
17;2025-12-27;23;425
17;2025-12-28;0;168
17;2025-12-28;1;23
17;2025-12-28;2;1
17;2025-12-28;3;1
17;2025-12-28;4;4
17;2025-12-28;5;100
17;2025-12-28;6;404
17;2025-12-28;7;722
17;2025-12-28;8;1147
17;2025-12-28;9;1579
17;2025-12-28;10;1829
17;2025-12-28;11;2300
17;2025-12-28;12;2672
17;2025-12-28;13;2915
17;2025-12-28;14;3016
17;2025-12-28;15;3024
17;2025-12-28;16;3007
17;2025-12-28;17;2830
17;2025-12-28;18;2463
17;2025-12-28;19;1981
17;2025-12-28;20;1536
17;2025-12-28;21;1112
17;2025-12-28;22;693
17;2025-12-28;23;313
17;2025-12-29;0;110
17;2025-12-29;1;12
17;2025-12-29;2;0
17;2025-12-29;3;0
17;2025-12-29;4;26
17;2025-12-29;5;311
17;2025-12-29;6;1499
17;2025-12-29;7;3966
17;2025-12-29;8;5273
17;2025-12-29;9;3720
17;2025-12-29;10;2892
17;2025-12-29;11;2865
17;2025-12-29;12;2903
17;2025-12-29;13;2964
17;2025-12-29;14;3032
17;2025-12-29;15;3224
17;2025-12-29;16;3662
17;2025-12-29;17;4434
17;2025-12-29;18;4783
17;2025-12-29;19;3353
17;2025-12-29;20;2306
17;2025-12-29;21;1413
17;2025-12-29;22;755
17;2025-12-29;23;348
17;2025-12-30;0;115
17;2025-12-30;1;11
17;2025-12-30;2;0
17;2025-12-30;3;0
17;2025-12-30;4;27
17;2025-12-30;5;318
17;2025-12-30;6;1529
17;2025-12-30;7;4045
17;2025-12-30;8;5363
17;2025-12-30;9;3808
17;2025-12-30;10;2978
17;2025-12-30;11;2899
17;2025-12-30;12;2968
17;2025-12-30;13;3011
17;2025-12-30;14;3122
17;2025-12-30;15;3241
17;2025-12-30;16;3676
17;2025-12-30;17;4497
17;2025-12-30;18;4832
17;2025-12-30;19;3393
17;2025-12-30;20;2348
17;2025-12-30;21;1447
17;2025-12-30;22;771
17;2025-12-30;23;363
17;2025-12-31;0;162
17;2025-12-31;1;23
17;2025-12-31;2;1
17;2025-12-31;3;1
17;2025-12-31;4;4
17;2025-12-31;5;100
17;2025-12-31;6;402
17;2025-12-31;7;723
17;2025-12-31;8;1135
17;2025-12-31;9;1550
17;2025-12-31;10;1785
17;2025-12-31;11;2224
17;2025-12-31;12;2609
17;2025-12-31;13;2866
17;2025-12-31;14;2968
17;2025-12-31;15;3000
17;2025-12-31;16;2991
17;2025-12-31;17;2822
17;2025-12-31;18;2460
17;2025-12-31;19;1990
17;2025-12-31;20;1545
17;2025-12-31;21;1125
17;2025-12-31;22;710
17;2025-12-31;23;321
25;2025-11-01;0;2
25;2025-11-01;1;0
25;2025-11-01;2;0
25;2025-11-01;3;0
25;2025-11-01;4;0
25;2025-11-01;5;5
25;2025-11-01;6;183
25;2025-11-01;7;556
25;2025-11-01;8;939
25;2025-11-01;9;493
25;2025-11-01;10;380
25;2025-11-01;11;437
25;2025-11-01;12;419
25;2025-11-01;13;540
25;2025-11-01;14;473
25;2025-11-01;15;559
25;2025-11-01;16;708
25;2025-11-01;17;771
25;2025-11-01;18;786
25;2025-11-01;19;517
25;2025-11-01;20;326
25;2025-11-01;21;215
25;2025-11-01;22;120
25;2025-11-01;23;9
25;2025-11-02;0;14
25;2025-11-02;1;0
25;2025-11-02;2;0
25;2025-11-02;3;0
25;2025-11-02;4;0
25;2025-11-02;5;3
25;2025-11-02;6;50
25;2025-11-02;7;96
25;2025-11-02;8;183
25;2025-11-02;9;203
25;2025-11-02;10;219
25;2025-11-02;11;287
25;2025-11-02;12;338
25;2025-11-02;13;437
25;2025-11-02;14;472
25;2025-11-02;15;564
25;2025-11-02;16;483
25;2025-11-02;17;442
25;2025-11-02;18;397
25;2025-11-02;19;334
25;2025-11-02;20;222
25;2025-11-02;21;180
25;2025-11-02;22;105
25;2025-11-02;23;39
25;2025-11-03;0;13
25;2025-11-03;1;0
25;2025-11-03;2;0
25;2025-11-03;3;0
25;2025-11-03;4;0
25;2025-11-03;5;2
25;2025-11-03;6;48
25;2025-11-03;7;95
25;2025-11-03;8;176
25;2025-11-03;9;194
25;2025-11-03;10;213
25;2025-11-03;11;272
25;2025-11-03;12;324
25;2025-11-03;13;414
25;2025-11-03;14;451
25;2025-11-03;15;548
25;2025-11-03;16;471
25;2025-11-03;17;433
25;2025-11-03;18;384
25;2025-11-03;19;328
25;2025-11-03;20;226
25;2025-11-03;21;182
25;2025-11-03;22;105
25;2025-11-03;23;40
25;2025-11-04;0;13
25;2025-11-04;1;0
25;2025-11-04;2;0
25;2025-11-04;3;0
25;2025-11-04;4;0
25;2025-11-04;5;2
25;2025-11-04;6;48
25;2025-11-04;7;95
25;2025-11-04;8;176
25;2025-11-04;9;194
25;2025-11-04;10;213
25;2025-11-04;11;272
25;2025-11-04;12;324
25;2025-11-04;13;414
25;2025-11-04;14;451
25;2025-11-04;15;548
25;2025-11-04;16;470
25;2025-11-04;17;433
25;2025-11-04;18;384
25;2025-11-04;19;328
25;2025-11-04;20;226
25;2025-11-04;21;182
25;2025-11-04;22;105
25;2025-11-04;23;40
25;2025-11-05;0;2
25;2025-11-05;1;0
25;2025-11-05;2;0
25;2025-11-05;3;0
25;2025-11-05;4;0
25;2025-11-05;5;6
25;2025-11-05;6;182
25;2025-11-05;7;544
25;2025-11-05;8;930
25;2025-11-05;9;487
25;2025-11-05;10;372
25;2025-11-05;11;433
25;2025-11-05;12;424
25;2025-11-05;13;549
25;2025-11-05;14;463
25;2025-11-05;15;548
25;2025-11-05;16;686
25;2025-11-05;17;758
25;2025-11-05;18;791
25;2025-11-05;19;512
25;2025-11-05;20;332
25;2025-11-05;21;215
25;2025-11-05;22;118
25;2025-11-05;23;8
25;2025-11-06;0;1
25;2025-11-06;1;0
25;2025-11-06;2;0
25;2025-11-06;3;0
25;2025-11-06;4;0
25;2025-11-06;5;6
25;2025-11-06;6;177
25;2025-11-06;7;538
25;2025-11-06;8;923
25;2025-11-06;9;475
25;2025-11-06;10;376
25;2025-11-06;11;421
25;2025-11-06;12;410
25;2025-11-06;13;525
25;2025-11-06;14;472
25;2025-11-06;15;559
25;2025-11-06;16;681
25;2025-11-06;17;758
25;2025-11-06;18;771
25;2025-11-06;19;512
25;2025-11-06;20;317
25;2025-11-06;21;214
25;2025-11-06;22;119
25;2025-11-06;23;10
25;2025-11-07;0;1
25;2025-11-07;1;0
25;2025-11-07;2;0
25;2025-11-07;3;0
25;2025-11-07;4;0
25;2025-11-07;5;5
25;2025-11-07;6;177
25;2025-11-07;7;536
25;2025-11-07;8;891
25;2025-11-07;9;471
25;2025-11-07;10;369
25;2025-11-07;11;435
25;2025-11-07;12;424
25;2025-11-07;13;541
25;2025-11-07;14;496
25;2025-11-07;15;589
25;2025-11-07;16;729
25;2025-11-07;17;774
25;2025-11-07;18;717
25;2025-11-07;19;496
25;2025-11-07;20;317
25;2025-11-07;21;218
25;2025-11-07;22;128
25;2025-11-07;23;12
25;2025-11-08;0;2
25;2025-11-08;1;0
25;2025-11-08;2;0
25;2025-11-08;3;0
25;2025-11-08;4;0
25;2025-11-08;5;3
25;2025-11-08;6;65
25;2025-11-08;7;138
25;2025-11-08;8;314
25;2025-11-08;9;284
25;2025-11-08;10;286
25;2025-11-08;11;391
25;2025-11-08;12;400
25;2025-11-08;13;540
25;2025-11-08;14;555
25;2025-11-08;15;647
25;2025-11-08;16;581
25;2025-11-08;17;496
25;2025-11-08;18;468
25;2025-11-08;19;422
25;2025-11-08;20;263
25;2025-11-08;21;215
25;2025-11-08;22;135
25;2025-11-08;23;53
25;2025-11-09;0;14
25;2025-11-09;1;0
25;2025-11-09;2;0
25;2025-11-09;3;0
25;2025-11-09;4;0
25;2025-11-09;5;3
25;2025-11-09;6;50
25;2025-11-09;7;96
25;2025-11-09;8;183
25;2025-11-09;9;202
25;2025-11-09;10;219
25;2025-11-09;11;287
25;2025-11-09;12;337
25;2025-11-09;13;436
25;2025-11-09;14;471
25;2025-11-09;15;562
25;2025-11-09;16;482
25;2025-11-09;17;441
25;2025-11-09;18;396
25;2025-11-09;19;333
25;2025-11-09;20;222
25;2025-11-09;21;180
25;2025-11-09;22;105
25;2025-11-09;23;39
25;2025-11-10;0;6
25;2025-11-10;1;0
25;2025-11-10;2;0
25;2025-11-10;3;0
25;2025-11-10;4;0
25;2025-11-10;5;5
25;2025-11-10;6;178
25;2025-11-10;7;547
25;2025-11-10;8;924
25;2025-11-10;9;484
25;2025-11-10;10;358
25;2025-11-10;11;417
25;2025-11-10;12;401
25;2025-11-10;13;532
25;2025-11-10;14;444
25;2025-11-10;15;532
25;2025-11-10;16;696
25;2025-11-10;17;756
25;2025-11-10;18;789
25;2025-11-10;19;507
25;2025-11-10;20;312
25;2025-11-10;21;208
25;2025-11-10;22;114
25;2025-11-10;23;10
25;2025-11-11;0;2
25;2025-11-11;1;0
25;2025-11-11;2;0
25;2025-11-11;3;0
25;2025-11-11;4;0
25;2025-11-11;5;5
25;2025-11-11;6;180
25;2025-11-11;7;550
25;2025-11-11;8;924
25;2025-11-11;9;495
25;2025-11-11;10;382
25;2025-11-11;11;435
25;2025-11-11;12;399
25;2025-11-11;13;508
25;2025-11-11;14;459
25;2025-11-11;15;545
25;2025-11-11;16;686
25;2025-11-11;17;744
25;2025-11-11;18;774
25;2025-11-11;19;516
25;2025-11-11;20;318
25;2025-11-11;21;209
25;2025-11-11;22;115
25;2025-11-11;23;10
25;2025-11-12;0;2
25;2025-11-12;1;0
25;2025-11-12;2;0
25;2025-11-12;3;0
25;2025-11-12;4;0
25;2025-11-12;5;6
25;2025-11-12;6;182
25;2025-11-12;7;543
25;2025-11-12;8;928
25;2025-11-12;9;487
25;2025-11-12;10;371
25;2025-11-12;11;432
25;2025-11-12;12;423
25;2025-11-12;13;548
25;2025-11-12;14;463
25;2025-11-12;15;547
25;2025-11-12;16;685
25;2025-11-12;17;757
25;2025-11-12;18;790
25;2025-11-12;19;511
25;2025-11-12;20;332
25;2025-11-12;21;214
25;2025-11-12;22;119
25;2025-11-12;23;8
25;2025-11-13;0;1
25;2025-11-13;1;0
25;2025-11-13;2;0
25;2025-11-13;3;0
25;2025-11-13;4;0
25;2025-11-13;5;6
25;2025-11-13;6;176
25;2025-11-13;7;537
25;2025-11-13;8;921
25;2025-11-13;9;474
25;2025-11-13;10;375
25;2025-11-13;11;421
25;2025-11-13;12;410
25;2025-11-13;13;524
25;2025-11-13;14;471
25;2025-11-13;15;558
25;2025-11-13;16;679
25;2025-11-13;17;757
25;2025-11-13;18;769
25;2025-11-13;19;511
25;2025-11-13;20;317
25;2025-11-13;21;213
25;2025-11-13;22;119
25;2025-11-13;23;10
25;2025-11-14;0;1
25;2025-11-14;1;0
25;2025-11-14;2;0
25;2025-11-14;3;0
25;2025-11-14;4;0
25;2025-11-14;5;5
25;2025-11-14;6;176
25;2025-11-14;7;534
25;2025-11-14;8;887
25;2025-11-14;9;469
25;2025-11-14;10;368
25;2025-11-14;11;433
25;2025-11-14;12;423
25;2025-11-14;13;538
25;2025-11-14;14;494
25;2025-11-14;15;586
25;2025-11-14;16;727
25;2025-11-14;17;771
25;2025-11-14;18;715
25;2025-11-14;19;493
25;2025-11-14;20;316
25;2025-11-14;21;217
25;2025-11-14;22;128
25;2025-11-14;23;12
25;2025-11-15;0;2
25;2025-11-15;1;0
25;2025-11-15;2;0
25;2025-11-15;3;0
25;2025-11-15;4;0
25;2025-11-15;5;3
25;2025-11-15;6;65
25;2025-11-15;7;137
25;2025-11-15;8;313
25;2025-11-15;9;283
25;2025-11-15;10;285
25;2025-11-15;11;388
25;2025-11-15;12;398
25;2025-11-15;13;538
25;2025-11-15;14;553
25;2025-11-15;15;644
25;2025-11-15;16;579
25;2025-11-15;17;494
25;2025-11-15;18;466
25;2025-11-15;19;420
25;2025-11-15;20;262
25;2025-11-15;21;214
25;2025-11-15;22;134
25;2025-11-15;23;53
25;2025-11-16;0;14
25;2025-11-16;1;0
25;2025-11-16;2;0
25;2025-11-16;3;0
25;2025-11-16;4;0
25;2025-11-16;5;3
25;2025-11-16;6;50
25;2025-11-16;7;95
25;2025-11-16;8;182
25;2025-11-16;9;202
25;2025-11-16;10;218
25;2025-11-16;11;286
25;2025-11-16;12;337
25;2025-11-16;13;434
25;2025-11-16;14;470
25;2025-11-16;15;561
25;2025-11-16;16;480
25;2025-11-16;17;439
25;2025-11-16;18;394
25;2025-11-16;19;332
25;2025-11-16;20;221
25;2025-11-16;21;179
25;2025-11-16;22;104
25;2025-11-16;23;39
25;2025-11-17;0;6
25;2025-11-17;1;0
25;2025-11-17;2;0
25;2025-11-17;3;0
25;2025-11-17;4;0
25;2025-11-17;5;5
25;2025-11-17;6;177
25;2025-11-17;7;544
25;2025-11-17;8;920
25;2025-11-17;9;481
25;2025-11-17;10;357
25;2025-11-17;11;415
25;2025-11-17;12;400
25;2025-11-17;13;529
25;2025-11-17;14;442
25;2025-11-17;15;529
25;2025-11-17;16;692
25;2025-11-17;17;752
25;2025-11-17;18;785
25;2025-11-17;19;504
25;2025-11-17;20;311
25;2025-11-17;21;206
25;2025-11-17;22;114
25;2025-11-17;23;10
25;2025-11-18;0;2
25;2025-11-18;1;0
25;2025-11-18;2;0
25;2025-11-18;3;0
25;2025-11-18;4;0
25;2025-11-18;5;5
25;2025-11-18;6;179
25;2025-11-18;7;548
25;2025-11-18;8;919
25;2025-11-18;9;493
25;2025-11-18;10;380
25;2025-11-18;11;433
25;2025-11-18;12;397
25;2025-11-18;13;505
25;2025-11-18;14;457
25;2025-11-18;15;542
25;2025-11-18;16;682
25;2025-11-18;17;740
25;2025-11-18;18;770
25;2025-11-18;19;513
25;2025-11-18;20;317
25;2025-11-18;21;208
25;2025-11-18;22;114
25;2025-11-18;23;10
25;2025-11-19;0;2
25;2025-11-19;1;0
25;2025-11-19;2;0
25;2025-11-19;3;0
25;2025-11-19;4;0
25;2025-11-19;5;6
25;2025-11-19;6;181
25;2025-11-19;7;542
25;2025-11-19;8;924
25;2025-11-19;9;485
25;2025-11-19;10;369
25;2025-11-19;11;430
25;2025-11-19;12;421
25;2025-11-19;13;546
25;2025-11-19;14;460
25;2025-11-19;15;545
25;2025-11-19;16;682
25;2025-11-19;17;754
25;2025-11-19;18;786
25;2025-11-19;19;509
25;2025-11-19;20;331
25;2025-11-19;21;213
25;2025-11-19;22;118
25;2025-11-19;23;8
25;2025-11-20;0;1
25;2025-11-20;1;0
25;2025-11-20;2;0
25;2025-11-20;3;0
25;2025-11-20;4;0
25;2025-11-20;5;6
25;2025-11-20;6;175
25;2025-11-20;7;534
25;2025-11-20;8;916
25;2025-11-20;9;472
25;2025-11-20;10;373
25;2025-11-20;11;419
25;2025-11-20;12;407
25;2025-11-20;13;521
25;2025-11-20;14;469
25;2025-11-20;15;555
25;2025-11-20;16;676
25;2025-11-20;17;753
25;2025-11-20;18;766
25;2025-11-20;19;508
25;2025-11-20;20;315
25;2025-11-20;21;212
25;2025-11-20;22;118
25;2025-11-20;23;10
25;2025-11-21;0;1
25;2025-11-21;1;0
25;2025-11-21;2;0
25;2025-11-21;3;0
25;2025-11-21;4;0
25;2025-11-21;5;5
25;2025-11-21;6;175
25;2025-11-21;7;531
25;2025-11-21;8;883
25;2025-11-21;9;467
25;2025-11-21;10;366
25;2025-11-21;11;431
25;2025-11-21;12;421
25;2025-11-21;13;535
25;2025-11-21;14;491
25;2025-11-21;15;583
25;2025-11-21;16;722
25;2025-11-21;17;767
25;2025-11-21;18;711
25;2025-11-21;19;491
25;2025-11-21;20;314
25;2025-11-21;21;216
25;2025-11-21;22;127
25;2025-11-21;23;12
25;2025-11-22;0;2
25;2025-11-22;1;0
25;2025-11-22;2;0
25;2025-11-22;3;0
25;2025-11-22;4;0
25;2025-11-22;5;3
25;2025-11-22;6;65
25;2025-11-22;7;137
25;2025-11-22;8;311
25;2025-11-22;9;281
25;2025-11-22;10;283
25;2025-11-22;11;387
25;2025-11-22;12;396
25;2025-11-22;13;536
25;2025-11-22;14;550
25;2025-11-22;15;641
25;2025-11-22;16;576
25;2025-11-22;17;492
25;2025-11-22;18;464
25;2025-11-22;19;418
25;2025-11-22;20;260
25;2025-11-22;21;213
25;2025-11-22;22;134
25;2025-11-22;23;53
25;2025-11-23;0;14
25;2025-11-23;1;0
25;2025-11-23;2;0
25;2025-11-23;3;0
25;2025-11-23;4;0
25;2025-11-23;5;3
25;2025-11-23;6;50
25;2025-11-23;7;95
25;2025-11-23;8;181
25;2025-11-23;9;200
25;2025-11-23;10;217
25;2025-11-23;11;285
25;2025-11-23;12;335
25;2025-11-23;13;432
25;2025-11-23;14;467
25;2025-11-23;15;558
25;2025-11-23;16;478
25;2025-11-23;17;437
25;2025-11-23;18;392
25;2025-11-23;19;331
25;2025-11-23;20;220
25;2025-11-23;21;178
25;2025-11-23;22;104
25;2025-11-23;23;39
25;2025-11-24;0;6
25;2025-11-24;1;0
25;2025-11-24;2;0
25;2025-11-24;3;0
25;2025-11-24;4;0
25;2025-11-24;5;5
25;2025-11-24;6;176
25;2025-11-24;7;542
25;2025-11-24;8;915
25;2025-11-24;9;479
25;2025-11-24;10;355
25;2025-11-24;11;413
25;2025-11-24;12;398
25;2025-11-24;13;527
25;2025-11-24;14;440
25;2025-11-24;15;526
25;2025-11-24;16;688
25;2025-11-24;17;749
25;2025-11-24;18;782
25;2025-11-24;19;502
25;2025-11-24;20;310
25;2025-11-24;21;206
25;2025-11-24;22;113
25;2025-11-24;23;10
25;2025-11-25;0;2
25;2025-11-25;1;0
25;2025-11-25;2;0
25;2025-11-25;3;0
25;2025-11-25;4;0
25;2025-11-25;5;5
25;2025-11-25;6;178
25;2025-11-25;7;545
25;2025-11-25;8;915
25;2025-11-25;9;490
25;2025-11-25;10;378
25;2025-11-25;11;431
25;2025-11-25;12;395
25;2025-11-25;13;503
25;2025-11-25;14;454
25;2025-11-25;15;540
25;2025-11-25;16;679
25;2025-11-25;17;737
25;2025-11-25;18;766
25;2025-11-25;19;510
25;2025-11-25;20;315
25;2025-11-25;21;207
25;2025-11-25;22;113
25;2025-11-25;23;10
25;2025-11-26;0;2
25;2025-11-26;1;0
25;2025-11-26;2;0
25;2025-11-26;3;0
25;2025-11-26;4;0
25;2025-11-26;5;6
25;2025-11-26;6;180
25;2025-11-26;7;539
25;2025-11-26;8;920
25;2025-11-26;9;483
25;2025-11-26;10;368
25;2025-11-26;11;428
25;2025-11-26;12;419
25;2025-11-26;13;543
25;2025-11-26;14;458
25;2025-11-26;15;542
25;2025-11-26;16;679
25;2025-11-26;17;749
25;2025-11-26;18;782
25;2025-11-26;19;507
25;2025-11-26;20;329
25;2025-11-26;21;213
25;2025-11-26;22;117
25;2025-11-26;23;8
25;2025-11-27;0;1
25;2025-11-27;1;0
25;2025-11-27;2;0
25;2025-11-27;3;0
25;2025-11-27;4;0
25;2025-11-27;5;6
25;2025-11-27;6;175
25;2025-11-27;7;532
25;2025-11-27;8;912
25;2025-11-27;9;470
25;2025-11-27;10;372
25;2025-11-27;11;416
25;2025-11-27;12;405
25;2025-11-27;13;519
25;2025-11-27;14;467
25;2025-11-27;15;553
25;2025-11-27;16;673
25;2025-11-27;17;750
25;2025-11-27;18;762
25;2025-11-27;19;507
25;2025-11-27;20;314
25;2025-11-27;21;212
25;2025-11-27;22;117
25;2025-11-27;23;10
25;2025-11-28;0;1
25;2025-11-28;1;0
25;2025-11-28;2;0
25;2025-11-28;3;0
25;2025-11-28;4;0
25;2025-11-28;5;5
25;2025-11-28;6;175
25;2025-11-28;7;529
25;2025-11-28;8;879
25;2025-11-28;9;465
25;2025-11-28;10;365
25;2025-11-28;11;429
25;2025-11-28;12;418
25;2025-11-28;13;534
25;2025-11-28;14;490
25;2025-11-28;15;580
25;2025-11-28;16;719
25;2025-11-28;17;764
25;2025-11-28;18;708
25;2025-11-28;19;489
25;2025-11-28;20;313
25;2025-11-28;21;215
25;2025-11-28;22;126
25;2025-11-28;23;12
25;2025-11-29;0;2
25;2025-11-29;1;0
25;2025-11-29;2;0
25;2025-11-29;3;0
25;2025-11-29;4;0
25;2025-11-29;5;3
25;2025-11-29;6;64
25;2025-11-29;7;136
25;2025-11-29;8;310
25;2025-11-29;9;280
25;2025-11-29;10;282
25;2025-11-29;11;385
25;2025-11-29;12;394
25;2025-11-29;13;533
25;2025-11-29;14;548
25;2025-11-29;15;638
25;2025-11-29;16;573
25;2025-11-29;17;489
25;2025-11-29;18;462
25;2025-11-29;19;416
25;2025-11-29;20;259
25;2025-11-29;21;212
25;2025-11-29;22;133
25;2025-11-29;23;53
25;2025-11-30;0;14
25;2025-11-30;1;0
25;2025-11-30;2;0
25;2025-11-30;3;0
25;2025-11-30;4;0
25;2025-11-30;5;3
25;2025-11-30;6;50
25;2025-11-30;7;95
25;2025-11-30;8;181
25;2025-11-30;9;200
25;2025-11-30;10;217
25;2025-11-30;11;284
25;2025-11-30;12;334
25;2025-11-30;13;432
25;2025-11-30;14;467
25;2025-11-30;15;557
25;2025-11-30;16;477
25;2025-11-30;17;436
25;2025-11-30;18;391
25;2025-11-30;19;330
25;2025-11-30;20;219
25;2025-11-30;21;178
25;2025-11-30;22;104
25;2025-11-30;23;39
25;2025-12-01;0;6
25;2025-12-01;1;0
25;2025-12-01;2;0
25;2025-12-01;3;0
25;2025-12-01;4;0
25;2025-12-01;5;5
25;2025-12-01;6;176
25;2025-12-01;7;540
25;2025-12-01;8;912
25;2025-12-01;9;477
25;2025-12-01;10;354
25;2025-12-01;11;412
25;2025-12-01;12;397
25;2025-12-01;13;525
25;2025-12-01;14;438
25;2025-12-01;15;525
25;2025-12-01;16;687
25;2025-12-01;17;746
25;2025-12-01;18;779
25;2025-12-01;19;501
25;2025-12-01;20;309
25;2025-12-01;21;205
25;2025-12-01;22;112
25;2025-12-01;23;10
25;2025-12-02;0;2
25;2025-12-02;1;0
25;2025-12-02;2;0
25;2025-12-02;3;0
25;2025-12-02;4;0
25;2025-12-02;5;5
25;2025-12-02;6;178
25;2025-12-02;7;543
25;2025-12-02;8;912
25;2025-12-02;9;489
25;2025-12-02;10;377
25;2025-12-02;11;429
25;2025-12-02;12;393
25;2025-12-02;13;501
25;2025-12-02;14;453
25;2025-12-02;15;537
25;2025-12-02;16;677
25;2025-12-02;17;734
25;2025-12-02;18;764
25;2025-12-02;19;509
25;2025-12-02;20;314
25;2025-12-02;21;207
25;2025-12-02;22;113
25;2025-12-02;23;10
25;2025-12-03;0;2
25;2025-12-03;1;0
25;2025-12-03;2;0
25;2025-12-03;3;0
25;2025-12-03;4;0
25;2025-12-03;5;6
25;2025-12-03;6;180
25;2025-12-03;7;536
25;2025-12-03;8;917
25;2025-12-03;9;481
25;2025-12-03;10;367
25;2025-12-03;11;426
25;2025-12-03;12;417
25;2025-12-03;13;541
25;2025-12-03;14;457
25;2025-12-03;15;540
25;2025-12-03;16;676
25;2025-12-03;17;747
25;2025-12-03;18;780
25;2025-12-03;19;505
25;2025-12-03;20;328
25;2025-12-03;21;212
25;2025-12-03;22;117
25;2025-12-03;23;8
25;2025-12-04;0;1
25;2025-12-04;1;0
25;2025-12-04;2;0
25;2025-12-04;3;0
25;2025-12-04;4;0
25;2025-12-04;5;6
25;2025-12-04;6;174
25;2025-12-04;7;530
25;2025-12-04;8;910
25;2025-12-04;9;468
25;2025-12-04;10;370
25;2025-12-04;11;415
25;2025-12-04;12;404
25;2025-12-04;13;517
25;2025-12-04;14;465
25;2025-12-04;15;551
25;2025-12-04;16;670
25;2025-12-04;17;748
25;2025-12-04;18;760
25;2025-12-04;19;504
25;2025-12-04;20;313
25;2025-12-04;21;211
25;2025-12-04;22;117
25;2025-12-04;23;10
25;2025-12-05;0;1
25;2025-12-05;1;0
25;2025-12-05;2;0
25;2025-12-05;3;0
25;2025-12-05;4;0
25;2025-12-05;5;5
25;2025-12-05;6;174
25;2025-12-05;7;527
25;2025-12-05;8;876
25;2025-12-05;9;464
25;2025-12-05;10;363
25;2025-12-05;11;428
25;2025-12-05;12;417
25;2025-12-05;13;531
25;2025-12-05;14;488
25;2025-12-05;15;579
25;2025-12-05;16;717
25;2025-12-05;17;762
25;2025-12-05;18;705
25;2025-12-05;19;487
25;2025-12-05;20;312
25;2025-12-05;21;214
25;2025-12-05;22;126
25;2025-12-05;23;12
25;2025-12-06;0;2
25;2025-12-06;1;0
25;2025-12-06;2;0
25;2025-12-06;3;0
25;2025-12-06;4;0
25;2025-12-06;5;3
25;2025-12-06;6;64
25;2025-12-06;7;136
25;2025-12-06;8;308
25;2025-12-06;9;279
25;2025-12-06;10;281
25;2025-12-06;11;383
25;2025-12-06;12;393
25;2025-12-06;13;531
25;2025-12-06;14;546
25;2025-12-06;15;636
25;2025-12-06;16;571
25;2025-12-06;17;488
25;2025-12-06;18;460
25;2025-12-06;19;415
25;2025-12-06;20;258
25;2025-12-06;21;211
25;2025-12-06;22;133
25;2025-12-06;23;52
25;2025-12-07;0;14
25;2025-12-07;1;0
25;2025-12-07;2;0
25;2025-12-07;3;0
25;2025-12-07;4;0
25;2025-12-07;5;3
25;2025-12-07;6;50
25;2025-12-07;7;95
25;2025-12-07;8;180
25;2025-12-07;9;199
25;2025-12-07;10;215
25;2025-12-07;11;283
25;2025-12-07;12;333
25;2025-12-07;13;430
25;2025-12-07;14;465
25;2025-12-07;15;554
25;2025-12-07;16;475
25;2025-12-07;17;434
25;2025-12-07;18;390
25;2025-12-07;19;329
25;2025-12-07;20;218
25;2025-12-07;21;177
25;2025-12-07;22;104
25;2025-12-07;23;39
25;2025-12-08;0;6
25;2025-12-08;1;0
25;2025-12-08;2;0
25;2025-12-08;3;0
25;2025-12-08;4;0
25;2025-12-08;5;5
25;2025-12-08;6;175
25;2025-12-08;7;538
25;2025-12-08;8;908
25;2025-12-08;9;476
25;2025-12-08;10;352
25;2025-12-08;11;410
25;2025-12-08;12;395
25;2025-12-08;13;523
25;2025-12-08;14;437
25;2025-12-08;15;523
25;2025-12-08;16;684
25;2025-12-08;17;744
25;2025-12-08;18;776
25;2025-12-08;19;498
25;2025-12-08;20;308
25;2025-12-08;21;204
25;2025-12-08;22;112
25;2025-12-08;23;10
25;2025-12-09;0;2
25;2025-12-09;1;0
25;2025-12-09;2;0
25;2025-12-09;3;0
25;2025-12-09;4;0
25;2025-12-09;5;5
25;2025-12-09;6;177
25;2025-12-09;7;541
25;2025-12-09;8;908
25;2025-12-09;9;486
25;2025-12-09;10;375
25;2025-12-09;11;428
25;2025-12-09;12;392
25;2025-12-09;13;499
25;2025-12-09;14;452
25;2025-12-09;15;535
25;2025-12-09;16;674
25;2025-12-09;17;731
25;2025-12-09;18;761
25;2025-12-09;19;506
25;2025-12-09;20;313
25;2025-12-09;21;205
25;2025-12-09;22;113
25;2025-12-09;23;10
25;2025-12-10;0;2
25;2025-12-10;1;0
25;2025-12-10;2;0
25;2025-12-10;3;0
25;2025-12-10;4;0
25;2025-12-10;5;6
25;2025-12-10;6;179
25;2025-12-10;7;535
25;2025-12-10;8;913
25;2025-12-10;9;479
25;2025-12-10;10;365
25;2025-12-10;11;425
25;2025-12-10;12;416
25;2025-12-10;13;539
25;2025-12-10;14;455
25;2025-12-10;15;538
25;2025-12-10;16;674
25;2025-12-10;17;744
25;2025-12-10;18;777
25;2025-12-10;19;503
25;2025-12-10;20;327
25;2025-12-10;21;211
25;2025-12-10;22;116
25;2025-12-10;23;8
25;2025-12-11;0;1
25;2025-12-11;1;0
25;2025-12-11;2;0
25;2025-12-11;3;0
25;2025-12-11;4;0
25;2025-12-11;5;6
25;2025-12-11;6;174
25;2025-12-11;7;528
25;2025-12-11;8;906
25;2025-12-11;9;467
25;2025-12-11;10;369
25;2025-12-11;11;414
25;2025-12-11;12;403
25;2025-12-11;13;515
25;2025-12-11;14;464
25;2025-12-11;15;550
25;2025-12-11;16;668
25;2025-12-11;17;745
25;2025-12-11;18;757
25;2025-12-11;19;503
25;2025-12-11;20;312
25;2025-12-11;21;210
25;2025-12-11;22;117
25;2025-12-11;23;10
25;2025-12-12;0;1
25;2025-12-12;1;0
25;2025-12-12;2;0
25;2025-12-12;3;0
25;2025-12-12;4;0
25;2025-12-12;5;5
25;2025-12-12;6;174
25;2025-12-12;7;525
25;2025-12-12;8;874
25;2025-12-12;9;462
25;2025-12-12;10;361
25;2025-12-12;11;426
25;2025-12-12;12;416
25;2025-12-12;13;530
25;2025-12-12;14;486
25;2025-12-12;15;577
25;2025-12-12;16;715
25;2025-12-12;17;759
25;2025-12-12;18;704
25;2025-12-12;19;485
25;2025-12-12;20;311
25;2025-12-12;21;213
25;2025-12-12;22;126
25;2025-12-12;23;12
25;2025-12-13;0;2
25;2025-12-13;1;0
25;2025-12-13;2;0
25;2025-12-13;3;0
25;2025-12-13;4;0
25;2025-12-13;5;3
25;2025-12-13;6;64
25;2025-12-13;7;135
25;2025-12-13;8;308
25;2025-12-13;9;278
25;2025-12-13;10;280
25;2025-12-13;11;382
25;2025-12-13;12;392
25;2025-12-13;13;530
25;2025-12-13;14;544
25;2025-12-13;15;634
25;2025-12-13;16;570
25;2025-12-13;17;486
25;2025-12-13;18;459
25;2025-12-13;19;414
25;2025-12-13;20;257
25;2025-12-13;21;210
25;2025-12-13;22;132
25;2025-12-13;23;52
25;2025-12-14;0;14
25;2025-12-14;1;0
25;2025-12-14;2;0
25;2025-12-14;3;0
25;2025-12-14;4;0
25;2025-12-14;5;3
25;2025-12-14;6;50
25;2025-12-14;7;95
25;2025-12-14;8;179
25;2025-12-14;9;198
25;2025-12-14;10;215
25;2025-12-14;11;282
25;2025-12-14;12;332
25;2025-12-14;13;429
25;2025-12-14;14;463
25;2025-12-14;15;553
25;2025-12-14;16;473
25;2025-12-14;17;433
25;2025-12-14;18;389
25;2025-12-14;19;328
25;2025-12-14;20;218
25;2025-12-14;21;176
25;2025-12-14;22;103
25;2025-12-14;23;39
25;2025-12-15;0;6
25;2025-12-15;1;0
25;2025-12-15;2;0
25;2025-12-15;3;0
25;2025-12-15;4;0
25;2025-12-15;5;5
25;2025-12-15;6;175
25;2025-12-15;7;537
25;2025-12-15;8;907
25;2025-12-15;9;475
25;2025-12-15;10;352
25;2025-12-15;11;409
25;2025-12-15;12;394
25;2025-12-15;13;522
25;2025-12-15;14;436
25;2025-12-15;15;522
25;2025-12-15;16;683
25;2025-12-15;17;742
25;2025-12-15;18;775
25;2025-12-15;19;498
25;2025-12-15;20;307
25;2025-12-15;21;204
25;2025-12-15;22;112
25;2025-12-15;23;10
25;2025-12-16;0;2
25;2025-12-16;1;0
25;2025-12-16;2;0
25;2025-12-16;3;0
25;2025-12-16;4;0
25;2025-12-16;5;5
25;2025-12-16;6;177
25;2025-12-16;7;539
25;2025-12-16;8;906
25;2025-12-16;9;485
25;2025-12-16;10;374
25;2025-12-16;11;427
25;2025-12-16;12;391
25;2025-12-16;13;498
25;2025-12-16;14;451
25;2025-12-16;15;534
25;2025-12-16;16;673
25;2025-12-16;17;730
25;2025-12-16;18;759
25;2025-12-16;19;505
25;2025-12-16;20;313
25;2025-12-16;21;205
25;2025-12-16;22;112
25;2025-12-16;23;10
25;2025-12-17;0;2
25;2025-12-17;1;0
25;2025-12-17;2;0
25;2025-12-17;3;0
25;2025-12-17;4;0
25;2025-12-17;5;6
25;2025-12-17;6;179
25;2025-12-17;7;533
25;2025-12-17;8;911
25;2025-12-17;9;478
25;2025-12-17;10;364
25;2025-12-17;11;424
25;2025-12-17;12;415
25;2025-12-17;13;538
25;2025-12-17;14;454
25;2025-12-17;15;537
25;2025-12-17;16;672
25;2025-12-17;17;742
25;2025-12-17;18;775
25;2025-12-17;19;501
25;2025-12-17;20;326
25;2025-12-17;21;210
25;2025-12-17;22;116
25;2025-12-17;23;8
25;2025-12-18;0;1
25;2025-12-18;1;0
25;2025-12-18;2;0
25;2025-12-18;3;0
25;2025-12-18;4;0
25;2025-12-18;5;6
25;2025-12-18;6;173
25;2025-12-18;7;527
25;2025-12-18;8;904
25;2025-12-18;9;465
25;2025-12-18;10;368
25;2025-12-18;11;413
25;2025-12-18;12;402
25;2025-12-18;13;514
25;2025-12-18;14;463
25;2025-12-18;15;548
25;2025-12-18;16;666
25;2025-12-18;17;743
25;2025-12-18;18;755
25;2025-12-18;19;501
25;2025-12-18;20;311
25;2025-12-18;21;209
25;2025-12-18;22;117
25;2025-12-18;23;10
25;2025-12-19;0;1
25;2025-12-19;1;0
25;2025-12-19;2;0
25;2025-12-19;3;0
25;2025-12-19;4;0
25;2025-12-19;5;5
25;2025-12-19;6;173
25;2025-12-19;7;524
25;2025-12-19;8;871
25;2025-12-19;9;461
25;2025-12-19;10;361
25;2025-12-19;11;425
25;2025-12-19;12;415
25;2025-12-19;13;529
25;2025-12-19;14;485
25;2025-12-19;15;575
25;2025-12-19;16;713
25;2025-12-19;17;757
25;2025-12-19;18;702
25;2025-12-19;19;484
25;2025-12-19;20;310
25;2025-12-19;21;212
25;2025-12-19;22;125
25;2025-12-19;23;12
25;2025-12-20;0;2
25;2025-12-20;1;0
25;2025-12-20;2;0
25;2025-12-20;3;0
25;2025-12-20;4;0
25;2025-12-20;5;3
25;2025-12-20;6;63
25;2025-12-20;7;135
25;2025-12-20;8;307
25;2025-12-20;9;277
25;2025-12-20;10;279
25;2025-12-20;11;381
25;2025-12-20;12;391
25;2025-12-20;13;528
25;2025-12-20;14;543
25;2025-12-20;15;632
25;2025-12-20;16;568
25;2025-12-20;17;485
25;2025-12-20;18;457
25;2025-12-20;19;412
25;2025-12-20;20;257
25;2025-12-20;21;209
25;2025-12-20;22;132
25;2025-12-20;23;52
25;2025-12-21;0;14
25;2025-12-21;1;0
25;2025-12-21;2;0
25;2025-12-21;3;0
25;2025-12-21;4;0
25;2025-12-21;5;3
25;2025-12-21;6;50
25;2025-12-21;7;95
25;2025-12-21;8;179
25;2025-12-21;9;198
25;2025-12-21;10;215
25;2025-12-21;11;282
25;2025-12-21;12;332
25;2025-12-21;13;427
25;2025-12-21;14;462
25;2025-12-21;15;552
25;2025-12-21;16;473
25;2025-12-21;17;432
25;2025-12-21;18;387
25;2025-12-21;19;327
25;2025-12-21;20;217
25;2025-12-21;21;176
25;2025-12-21;22;103
25;2025-12-21;23;38
25;2025-12-22;0;6
25;2025-12-22;1;0
25;2025-12-22;2;0
25;2025-12-22;3;0
25;2025-12-22;4;0
25;2025-12-22;5;5
25;2025-12-22;6;174
25;2025-12-22;7;536
25;2025-12-22;8;905
25;2025-12-22;9;473
25;2025-12-22;10;351
25;2025-12-22;11;408
25;2025-12-22;12;393
25;2025-12-22;13;521
25;2025-12-22;14;434
25;2025-12-22;15;521
25;2025-12-22;16;681
25;2025-12-22;17;740
25;2025-12-22;18;773
25;2025-12-22;19;497
25;2025-12-22;20;306
25;2025-12-22;21;204
25;2025-12-22;22;112
25;2025-12-22;23;10
25;2025-12-23;0;2
25;2025-12-23;1;0
25;2025-12-23;2;0
25;2025-12-23;3;0
25;2025-12-23;4;0
25;2025-12-23;5;5
25;2025-12-23;6;176
25;2025-12-23;7;538
25;2025-12-23;8;905
25;2025-12-23;9;485
25;2025-12-23;10;374
25;2025-12-23;11;426
25;2025-12-23;12;390
25;2025-12-23;13;497
25;2025-12-23;14;449
25;2025-12-23;15;533
25;2025-12-23;16;671
25;2025-12-23;17;728
25;2025-12-23;18;758
25;2025-12-23;19;504
25;2025-12-23;20;312
25;2025-12-23;21;205
25;2025-12-23;22;112
25;2025-12-23;23;10
25;2025-12-24;0;2
25;2025-12-24;1;0
25;2025-12-24;2;0
25;2025-12-24;3;0
25;2025-12-24;4;0
25;2025-12-24;5;5
25;2025-12-24;6;178
25;2025-12-24;7;532
25;2025-12-24;8;910
25;2025-12-24;9;477
25;2025-12-24;10;363
25;2025-12-24;11;423
25;2025-12-24;12;414
25;2025-12-24;13;537
25;2025-12-24;14;453
25;2025-12-24;15;536
25;2025-12-24;16;671
25;2025-12-24;17;741
25;2025-12-24;18;774
25;2025-12-24;19;500
25;2025-12-24;20;325
25;2025-12-24;21;210
25;2025-12-24;22;116
25;2025-12-24;23;8
25;2025-12-25;0;1
25;2025-12-25;1;0
25;2025-12-25;2;0
25;2025-12-25;3;0
25;2025-12-25;4;0
25;2025-12-25;5;6
25;2025-12-25;6;173
25;2025-12-25;7;526
25;2025-12-25;8;903
25;2025-12-25;9;465
25;2025-12-25;10;367
25;2025-12-25;11;412
25;2025-12-25;12;401
25;2025-12-25;13;513
25;2025-12-25;14;462
25;2025-12-25;15;547
25;2025-12-25;16;665
25;2025-12-25;17;742
25;2025-12-25;18;754
25;2025-12-25;19;501
25;2025-12-25;20;310
25;2025-12-25;21;209
25;2025-12-25;22;116
25;2025-12-25;23;10
25;2025-12-26;0;1
25;2025-12-26;1;0
25;2025-12-26;2;0
25;2025-12-26;3;0
25;2025-12-26;4;0
25;2025-12-26;5;5
25;2025-12-26;6;173
25;2025-12-26;7;523
25;2025-12-26;8;870
25;2025-12-26;9;460
25;2025-12-26;10;360
25;2025-12-26;11;424
25;2025-12-26;12;414
25;2025-12-26;13;527
25;2025-12-26;14;484
25;2025-12-26;15;574
25;2025-12-26;16;711
25;2025-12-26;17;756
25;2025-12-26;18;700
25;2025-12-26;19;484
25;2025-12-26;20;309
25;2025-12-26;21;212
25;2025-12-26;22;125
25;2025-12-26;23;12
25;2025-12-27;0;2
25;2025-12-27;1;0
25;2025-12-27;2;0
25;2025-12-27;3;0
25;2025-12-27;4;0
25;2025-12-27;5;3
25;2025-12-27;6;63
25;2025-12-27;7;135
25;2025-12-27;8;306
25;2025-12-27;9;276
25;2025-12-27;10;279
25;2025-12-27;11;380
25;2025-12-27;12;390
25;2025-12-27;13;527
25;2025-12-27;14;541
25;2025-12-27;15;630
25;2025-12-27;16;567
25;2025-12-27;17;484
25;2025-12-27;18;457
25;2025-12-27;19;411
25;2025-12-27;20;256
25;2025-12-27;21;209
25;2025-12-27;22;132
25;2025-12-27;23;52
25;2025-12-28;0;14
25;2025-12-28;1;0
25;2025-12-28;2;0
25;2025-12-28;3;0
25;2025-12-28;4;0
25;2025-12-28;5;3
25;2025-12-28;6;49
25;2025-12-28;7;94
25;2025-12-28;8;178
25;2025-12-28;9;198
25;2025-12-28;10;214
25;2025-12-28;11;281
25;2025-12-28;12;330
25;2025-12-28;13;427
25;2025-12-28;14;461
25;2025-12-28;15;551
25;2025-12-28;16;472
25;2025-12-28;17;431
25;2025-12-28;18;387
25;2025-12-28;19;326
25;2025-12-28;20;217
25;2025-12-28;21;175
25;2025-12-28;22;103
25;2025-12-28;23;38
25;2025-12-29;0;6
25;2025-12-29;1;0
25;2025-12-29;2;0
25;2025-12-29;3;0
25;2025-12-29;4;0
25;2025-12-29;5;5
25;2025-12-29;6;174
25;2025-12-29;7;534
25;2025-12-29;8;903
25;2025-12-29;9;472
25;2025-12-29;10;351
25;2025-12-29;11;407
25;2025-12-29;12;392
25;2025-12-29;13;520
25;2025-12-29;14;433
25;2025-12-29;15;520
25;2025-12-29;16;679
25;2025-12-29;17;738
25;2025-12-29;18;771
25;2025-12-29;19;495
25;2025-12-29;20;306
25;2025-12-29;21;203
25;2025-12-29;22;111
25;2025-12-29;23;10
25;2025-12-30;0;2
25;2025-12-30;1;0
25;2025-12-30;2;0
25;2025-12-30;3;0
25;2025-12-30;4;0
25;2025-12-30;5;5
25;2025-12-30;6;176
25;2025-12-30;7;537
25;2025-12-30;8;901
25;2025-12-30;9;483
25;2025-12-30;10;373
25;2025-12-30;11;425
25;2025-12-30;12;389
25;2025-12-30;13;495
25;2025-12-30;14;448
25;2025-12-30;15;531
25;2025-12-30;16;669
25;2025-12-30;17;726
25;2025-12-30;18;755
25;2025-12-30;19;502
25;2025-12-30;20;311
25;2025-12-30;21;204
25;2025-12-30;22;112
25;2025-12-30;23;9
25;2025-12-31;0;13
25;2025-12-31;1;0
25;2025-12-31;2;0
25;2025-12-31;3;0
25;2025-12-31;4;0
25;2025-12-31;5;2
25;2025-12-31;6;47
25;2025-12-31;7;92
25;2025-12-31;8;172
25;2025-12-31;9;189
25;2025-12-31;10;208
25;2025-12-31;11;265
25;2025-12-31;12;316
25;2025-12-31;13;404
25;2025-12-31;14;441
25;2025-12-31;15;535
25;2025-12-31;16;459
25;2025-12-31;17;423
25;2025-12-31;18;375
25;2025-12-31;19;320
25;2025-12-31;20;220
25;2025-12-31;21;177
25;2025-12-31;22;103
25;2025-12-31;23;39
26;2025-11-01;0;32
26;2025-11-01;1;1
26;2025-11-01;2;0
26;2025-11-01;3;0
26;2025-11-01;4;3
26;2025-11-01;5;92
26;2025-11-01;6;517
26;2025-11-01;7;1127
26;2025-11-01;8;2269
26;2025-11-01;9;1522
26;2025-11-01;10;1267
26;2025-11-01;11;1145
26;2025-11-01;12;1193
26;2025-11-01;13;1229
26;2025-11-01;14;1296
26;2025-11-01;15;1399
26;2025-11-01;16;1585
26;2025-11-01;17;1756
26;2025-11-01;18;1852
26;2025-11-01;19;1273
26;2025-11-01;20;789
26;2025-11-01;21;486
26;2025-11-01;22;237
26;2025-11-01;23;129
26;2025-11-02;0;44
26;2025-11-02;1;4
26;2025-11-02;2;1
26;2025-11-02;3;1
26;2025-11-02;4;1
26;2025-11-02;5;30
26;2025-11-02;6;152
26;2025-11-02;7;241
26;2025-11-02;8;356
26;2025-11-02;9;491
26;2025-11-02;10;554
26;2025-11-02;11;743
26;2025-11-02;12;780
26;2025-11-02;13;820
26;2025-11-02;14;812
26;2025-11-02;15;747
26;2025-11-02;16;738
26;2025-11-02;17;729
26;2025-11-02;18;662
26;2025-11-02;19;533
26;2025-11-02;20;388
26;2025-11-02;21;276
26;2025-11-02;22;184
26;2025-11-02;23;99
26;2025-11-03;0;42
26;2025-11-03;1;4
26;2025-11-03;2;1
26;2025-11-03;3;0
26;2025-11-03;4;1
26;2025-11-03;5;31
26;2025-11-03;6;156
26;2025-11-03;7;239
26;2025-11-03;8;344
26;2025-11-03;9;472
26;2025-11-03;10;533
26;2025-11-03;11;713
26;2025-11-03;12;754
26;2025-11-03;13;793
26;2025-11-03;14;777
26;2025-11-03;15;727
26;2025-11-03;16;713
26;2025-11-03;17;704
26;2025-11-03;18;648
26;2025-11-03;19;538
26;2025-11-03;20;388
26;2025-11-03;21;273
26;2025-11-03;22;183
26;2025-11-03;23;100
26;2025-11-04;0;42
26;2025-11-04;1;4
26;2025-11-04;2;1
26;2025-11-04;3;0
26;2025-11-04;4;1
26;2025-11-04;5;31
26;2025-11-04;6;156
26;2025-11-04;7;238
26;2025-11-04;8;344
26;2025-11-04;9;472
26;2025-11-04;10;533
26;2025-11-04;11;713
26;2025-11-04;12;753
26;2025-11-04;13;792
26;2025-11-04;14;777
26;2025-11-04;15;727
26;2025-11-04;16;713
26;2025-11-04;17;704
26;2025-11-04;18;648
26;2025-11-04;19;538
26;2025-11-04;20;388
26;2025-11-04;21;273
26;2025-11-04;22;183
26;2025-11-04;23;100
26;2025-11-05;0;31
26;2025-11-05;1;1
26;2025-11-05;2;0
26;2025-11-05;3;0
26;2025-11-05;4;4
26;2025-11-05;5;91
26;2025-11-05;6;508
26;2025-11-05;7;1101
26;2025-11-05;8;2241
26;2025-11-05;9;1508
26;2025-11-05;10;1258
26;2025-11-05;11;1132
26;2025-11-05;12;1182
26;2025-11-05;13;1214
26;2025-11-05;14;1305
26;2025-11-05;15;1376
26;2025-11-05;16;1542
26;2025-11-05;17;1706
26;2025-11-05;18;1831
26;2025-11-05;19;1252
26;2025-11-05;20;775
26;2025-11-05;21;493
26;2025-11-05;22;238
26;2025-11-05;23;127
26;2025-11-06;0;35
26;2025-11-06;1;1
26;2025-11-06;2;0
26;2025-11-06;3;0
26;2025-11-06;4;2
26;2025-11-06;5;89
26;2025-11-06;6;502
26;2025-11-06;7;1095
26;2025-11-06;8;2201
26;2025-11-06;9;1494
26;2025-11-06;10;1225
26;2025-11-06;11;1147
26;2025-11-06;12;1167
26;2025-11-06;13;1195
26;2025-11-06;14;1265
26;2025-11-06;15;1367
26;2025-11-06;16;1538
26;2025-11-06;17;1714
26;2025-11-06;18;1848
26;2025-11-06;19;1262
26;2025-11-06;20;775
26;2025-11-06;21;481
26;2025-11-06;22;235
26;2025-11-06;23;130
26;2025-11-07;0;33
26;2025-11-07;1;2
26;2025-11-07;2;0
26;2025-11-07;3;0
26;2025-11-07;4;2
26;2025-11-07;5;88
26;2025-11-07;6;506
26;2025-11-07;7;1080
26;2025-11-07;8;2159
26;2025-11-07;9;1453
26;2025-11-07;10;1235
26;2025-11-07;11;1114
26;2025-11-07;12;1171
26;2025-11-07;13;1218
26;2025-11-07;14;1274
26;2025-11-07;15;1397
26;2025-11-07;16;1612
26;2025-11-07;17;1722
26;2025-11-07;18;1627
26;2025-11-07;19;1180
26;2025-11-07;20;760
26;2025-11-07;21;476
26;2025-11-07;22;235
26;2025-11-07;23;145
26;2025-11-08;0;43
26;2025-11-08;1;2
26;2025-11-08;2;0
26;2025-11-08;3;0
26;2025-11-08;4;2
26;2025-11-08;5;47
26;2025-11-08;6;264
26;2025-11-08;7;370
26;2025-11-08;8;610
26;2025-11-08;9;699
26;2025-11-08;10;829
26;2025-11-08;11;1010
26;2025-11-08;12;1063
26;2025-11-08;13;1038
26;2025-11-08;14;1071
26;2025-11-08;15;969
26;2025-11-08;16;1000
26;2025-11-08;17;928
26;2025-11-08;18;874
26;2025-11-08;19;800
26;2025-11-08;20;539
26;2025-11-08;21;371
26;2025-11-08;22;218
26;2025-11-08;23;146
26;2025-11-09;0;44
26;2025-11-09;1;4
26;2025-11-09;2;1
26;2025-11-09;3;1
26;2025-11-09;4;1
26;2025-11-09;5;30
26;2025-11-09;6;152
26;2025-11-09;7;241
26;2025-11-09;8;356
26;2025-11-09;9;491
26;2025-11-09;10;554
26;2025-11-09;11;743
26;2025-11-09;12;780
26;2025-11-09;13;820
26;2025-11-09;14;812
26;2025-11-09;15;747
26;2025-11-09;16;738
26;2025-11-09;17;728
26;2025-11-09;18;662
26;2025-11-09;19;533
26;2025-11-09;20;388
26;2025-11-09;21;276
26;2025-11-09;22;184
26;2025-11-09;23;99
26;2025-11-10;0;30
26;2025-11-10;1;2
26;2025-11-10;2;0
26;2025-11-10;3;0
26;2025-11-10;4;2
26;2025-11-10;5;90
26;2025-11-10;6;507
26;2025-11-10;7;1108
26;2025-11-10;8;2193
26;2025-11-10;9;1486
26;2025-11-10;10;1240
26;2025-11-10;11;1105
26;2025-11-10;12;1147
26;2025-11-10;13;1203
26;2025-11-10;14;1246
26;2025-11-10;15;1353
26;2025-11-10;16;1532
26;2025-11-10;17;1709
26;2025-11-10;18;1861
26;2025-11-10;19;1259
26;2025-11-10;20;775
26;2025-11-10;21;466
26;2025-11-10;22;225
26;2025-11-10;23;115
26;2025-11-11;0;31
26;2025-11-11;1;1
26;2025-11-11;2;0
26;2025-11-11;3;1
26;2025-11-11;4;3
26;2025-11-11;5;90
26;2025-11-11;6;512
26;2025-11-11;7;1119
26;2025-11-11;8;2265
26;2025-11-11;9;1510
26;2025-11-11;10;1248
26;2025-11-11;11;1130
26;2025-11-11;12;1185
26;2025-11-11;13;1207
26;2025-11-11;14;1266
26;2025-11-11;15;1360
26;2025-11-11;16;1557
26;2025-11-11;17;1753
26;2025-11-11;18;1864
26;2025-11-11;19;1299
26;2025-11-11;20;787
26;2025-11-11;21;477
26;2025-11-11;22;233
26;2025-11-11;23;123
26;2025-11-12;0;31
26;2025-11-12;1;1
26;2025-11-12;2;0
26;2025-11-12;3;0
26;2025-11-12;4;4
26;2025-11-12;5;91
26;2025-11-12;6;507
26;2025-11-12;7;1099
26;2025-11-12;8;2238
26;2025-11-12;9;1505
26;2025-11-12;10;1257
26;2025-11-12;11;1130
26;2025-11-12;12;1180
26;2025-11-12;13;1212
26;2025-11-12;14;1304
26;2025-11-12;15;1374
26;2025-11-12;16;1539
26;2025-11-12;17;1702
26;2025-11-12;18;1829
26;2025-11-12;19;1250
26;2025-11-12;20;774
26;2025-11-12;21;492
26;2025-11-12;22;237
26;2025-11-12;23;128
26;2025-11-13;0;34
26;2025-11-13;1;1
26;2025-11-13;2;0
26;2025-11-13;3;0
26;2025-11-13;4;2
26;2025-11-13;5;90
26;2025-11-13;6;503
26;2025-11-13;7;1096
26;2025-11-13;8;2203
26;2025-11-13;9;1495
26;2025-11-13;10;1226
26;2025-11-13;11;1148
26;2025-11-13;12;1168
26;2025-11-13;13;1197
26;2025-11-13;14;1265
26;2025-11-13;15;1369
26;2025-11-13;16;1539
26;2025-11-13;17;1716
26;2025-11-13;18;1849
26;2025-11-13;19;1263
26;2025-11-13;20;776
26;2025-11-13;21;481
26;2025-11-13;22;235
26;2025-11-13;23;130
26;2025-11-14;0;33
26;2025-11-14;1;2
26;2025-11-14;2;0
26;2025-11-14;3;0
26;2025-11-14;4;2
26;2025-11-14;5;88
26;2025-11-14;6;505
26;2025-11-14;7;1079
26;2025-11-14;8;2156
26;2025-11-14;9;1451
26;2025-11-14;10;1234
26;2025-11-14;11;1113
26;2025-11-14;12;1170
26;2025-11-14;13;1217
26;2025-11-14;14;1273
26;2025-11-14;15;1395
26;2025-11-14;16;1610
26;2025-11-14;17;1720
26;2025-11-14;18;1625
26;2025-11-14;19;1178
26;2025-11-14;20;759
26;2025-11-14;21;476
26;2025-11-14;22;235
26;2025-11-14;23;145
26;2025-11-15;0;43
26;2025-11-15;1;2
26;2025-11-15;2;0
26;2025-11-15;3;0
26;2025-11-15;4;2
26;2025-11-15;5;47
26;2025-11-15;6;263
26;2025-11-15;7;369
26;2025-11-15;8;609
26;2025-11-15;9;698
26;2025-11-15;10;827
26;2025-11-15;11;1008
26;2025-11-15;12;1060
26;2025-11-15;13;1036
26;2025-11-15;14;1069
26;2025-11-15;15;967
26;2025-11-15;16;997
26;2025-11-15;17;926
26;2025-11-15;18;872
26;2025-11-15;19;798
26;2025-11-15;20;538
26;2025-11-15;21;370
26;2025-11-15;22;218
26;2025-11-15;23;146
26;2025-11-16;0;44
26;2025-11-16;1;4
26;2025-11-16;2;1
26;2025-11-16;3;1
26;2025-11-16;4;1
26;2025-11-16;5;30
26;2025-11-16;6;152
26;2025-11-16;7;241
26;2025-11-16;8;356
26;2025-11-16;9;491
26;2025-11-16;10;554
26;2025-11-16;11;742
26;2025-11-16;12;779
26;2025-11-16;13;820
26;2025-11-16;14;812
26;2025-11-16;15;747
26;2025-11-16;16;738
26;2025-11-16;17;728
26;2025-11-16;18;662
26;2025-11-16;19;533
26;2025-11-16;20;388
26;2025-11-16;21;276
26;2025-11-16;22;184
26;2025-11-16;23;99
26;2025-11-17;0;30
26;2025-11-17;1;2
26;2025-11-17;2;0
26;2025-11-17;3;0
26;2025-11-17;4;2
26;2025-11-17;5;90
26;2025-11-17;6;506
26;2025-11-17;7;1105
26;2025-11-17;8;2186
26;2025-11-17;9;1481
26;2025-11-17;10;1236
26;2025-11-17;11;1101
26;2025-11-17;12;1143
26;2025-11-17;13;1199
26;2025-11-17;14;1242
26;2025-11-17;15;1348
26;2025-11-17;16;1527
26;2025-11-17;17;1704
26;2025-11-17;18;1855
26;2025-11-17;19;1255
26;2025-11-17;20;772
26;2025-11-17;21;465
26;2025-11-17;22;223
26;2025-11-17;23;115
26;2025-11-18;0;31
26;2025-11-18;1;1
26;2025-11-18;2;0
26;2025-11-18;3;1
26;2025-11-18;4;3
26;2025-11-18;5;90
26;2025-11-18;6;510
26;2025-11-18;7;1114
26;2025-11-18;8;2255
26;2025-11-18;9;1504
26;2025-11-18;10;1243
26;2025-11-18;11;1125
26;2025-11-18;12;1181
26;2025-11-18;13;1202
26;2025-11-18;14;1261
26;2025-11-18;15;1354
26;2025-11-18;16;1550
26;2025-11-18;17;1747
26;2025-11-18;18;1857
26;2025-11-18;19;1293
26;2025-11-18;20;785
26;2025-11-18;21;476
26;2025-11-18;22;232
26;2025-11-18;23;122
26;2025-11-19;0;31
26;2025-11-19;1;1
26;2025-11-19;2;0
26;2025-11-19;3;0
26;2025-11-19;4;4
26;2025-11-19;5;91
26;2025-11-19;6;505
26;2025-11-19;7;1095
26;2025-11-19;8;2228
26;2025-11-19;9;1499
26;2025-11-19;10;1251
26;2025-11-19;11;1125
26;2025-11-19;12;1175
26;2025-11-19;13;1207
26;2025-11-19;14;1298
26;2025-11-19;15;1368
26;2025-11-19;16;1532
26;2025-11-19;17;1696
26;2025-11-19;18;1821
26;2025-11-19;19;1245
26;2025-11-19;20;770
26;2025-11-19;21;490
26;2025-11-19;22;237
26;2025-11-19;23;127
26;2025-11-20;0;34
26;2025-11-20;1;1
26;2025-11-20;2;0
26;2025-11-20;3;0
26;2025-11-20;4;2
26;2025-11-20;5;89
26;2025-11-20;6;501
26;2025-11-20;7;1092
26;2025-11-20;8;2195
26;2025-11-20;9;1489
26;2025-11-20;10;1221
26;2025-11-20;11;1143
26;2025-11-20;12;1163
26;2025-11-20;13;1192
26;2025-11-20;14;1261
26;2025-11-20;15;1363
26;2025-11-20;16;1533
26;2025-11-20;17;1709
26;2025-11-20;18;1842
26;2025-11-20;19;1259
26;2025-11-20;20;773
26;2025-11-20;21;479
26;2025-11-20;22;234
26;2025-11-20;23;129
26;2025-11-21;0;32
26;2025-11-21;1;2
26;2025-11-21;2;0
26;2025-11-21;3;0
26;2025-11-21;4;2
26;2025-11-21;5;87
26;2025-11-21;6;503
26;2025-11-21;7;1074
26;2025-11-21;8;2148
26;2025-11-21;9;1445
26;2025-11-21;10;1229
26;2025-11-21;11;1107
26;2025-11-21;12;1165
26;2025-11-21;13;1212
26;2025-11-21;14;1267
26;2025-11-21;15;1389
26;2025-11-21;16;1604
26;2025-11-21;17;1713
26;2025-11-21;18;1619
26;2025-11-21;19;1174
26;2025-11-21;20;756
26;2025-11-21;21;474
26;2025-11-21;22;234
26;2025-11-21;23;144
26;2025-11-22;0;43
26;2025-11-22;1;2
26;2025-11-22;2;0
26;2025-11-22;3;0
26;2025-11-22;4;2
26;2025-11-22;5;47
26;2025-11-22;6;262
26;2025-11-22;7;367
26;2025-11-22;8;606
26;2025-11-22;9;695
26;2025-11-22;10;823
26;2025-11-22;11;1003
26;2025-11-22;12;1056
26;2025-11-22;13;1031
26;2025-11-22;14;1064
26;2025-11-22;15;962
26;2025-11-22;16;993
26;2025-11-22;17;922
26;2025-11-22;18;868
26;2025-11-22;19;794
26;2025-11-22;20;536
26;2025-11-22;21;369
26;2025-11-22;22;217
26;2025-11-22;23;146
26;2025-11-23;0;44
26;2025-11-23;1;4
26;2025-11-23;2;1
26;2025-11-23;3;1
26;2025-11-23;4;1
26;2025-11-23;5;30
26;2025-11-23;6;151
26;2025-11-23;7;240
26;2025-11-23;8;355
26;2025-11-23;9;490
26;2025-11-23;10;552
26;2025-11-23;11;741
26;2025-11-23;12;778
26;2025-11-23;13;818
26;2025-11-23;14;810
26;2025-11-23;15;746
26;2025-11-23;16;737
26;2025-11-23;17;727
26;2025-11-23;18;661
26;2025-11-23;19;532
26;2025-11-23;20;387
26;2025-11-23;21;275
26;2025-11-23;22;183
26;2025-11-23;23;99
26;2025-11-24;0;30
26;2025-11-24;1;2
26;2025-11-24;2;0
26;2025-11-24;3;0
26;2025-11-24;4;2
26;2025-11-24;5;89
26;2025-11-24;6;504
26;2025-11-24;7;1101
26;2025-11-24;8;2179
26;2025-11-24;9;1476
26;2025-11-24;10;1232
26;2025-11-24;11;1098
26;2025-11-24;12;1139
26;2025-11-24;13;1195
26;2025-11-24;14;1237
26;2025-11-24;15;1343
26;2025-11-24;16;1522
26;2025-11-24;17;1698
26;2025-11-24;18;1849
26;2025-11-24;19;1251
26;2025-11-24;20;769
26;2025-11-24;21;463
26;2025-11-24;22;223
26;2025-11-24;23;114
26;2025-11-25;0;31
26;2025-11-25;1;1
26;2025-11-25;2;0
26;2025-11-25;3;1
26;2025-11-25;4;3
26;2025-11-25;5;89
26;2025-11-25;6;509
26;2025-11-25;7;1111
26;2025-11-25;8;2249
26;2025-11-25;9;1499
26;2025-11-25;10;1240
26;2025-11-25;11;1122
26;2025-11-25;12;1177
26;2025-11-25;13;1199
26;2025-11-25;14;1257
26;2025-11-25;15;1350
26;2025-11-25;16;1546
26;2025-11-25;17;1741
26;2025-11-25;18;1851
26;2025-11-25;19;1290
26;2025-11-25;20;782
26;2025-11-25;21;474
26;2025-11-25;22;231
26;2025-11-25;23;122
26;2025-11-26;0;31
26;2025-11-26;1;1
26;2025-11-26;2;0
26;2025-11-26;3;0
26;2025-11-26;4;4
26;2025-11-26;5;90
26;2025-11-26;6;503
26;2025-11-26;7;1092
26;2025-11-26;8;2222
26;2025-11-26;9;1495
26;2025-11-26;10;1248
26;2025-11-26;11;1123
26;2025-11-26;12;1173
26;2025-11-26;13;1204
26;2025-11-26;14;1295
26;2025-11-26;15;1365
26;2025-11-26;16;1529
26;2025-11-26;17;1691
26;2025-11-26;18;1816
26;2025-11-26;19;1241
26;2025-11-26;20;769
26;2025-11-26;21;489
26;2025-11-26;22;235
26;2025-11-26;23;126
26;2025-11-27;0;34
26;2025-11-27;1;1
26;2025-11-27;2;0
26;2025-11-27;3;0
26;2025-11-27;4;2
26;2025-11-27;5;88
26;2025-11-27;6;499
26;2025-11-27;7;1088
26;2025-11-27;8;2189
26;2025-11-27;9;1485
26;2025-11-27;10;1218
26;2025-11-27;11;1140
26;2025-11-27;12;1161
26;2025-11-27;13;1188
26;2025-11-27;14;1257
26;2025-11-27;15;1359
26;2025-11-27;16;1529
26;2025-11-27;17;1705
26;2025-11-27;18;1838
26;2025-11-27;19;1255
26;2025-11-27;20;771
26;2025-11-27;21;478
26;2025-11-27;22;234
26;2025-11-27;23;129
26;2025-11-28;0;32
26;2025-11-28;1;2
26;2025-11-28;2;0
26;2025-11-28;3;0
26;2025-11-28;4;2
26;2025-11-28;5;87
26;2025-11-28;6;502
26;2025-11-28;7;1071
26;2025-11-28;8;2141
26;2025-11-28;9;1440
26;2025-11-28;10;1225
26;2025-11-28;11;1104
26;2025-11-28;12;1161
26;2025-11-28;13;1208
26;2025-11-28;14;1264
26;2025-11-28;15;1385
26;2025-11-28;16;1598
26;2025-11-28;17;1708
26;2025-11-28;18;1613
26;2025-11-28;19;1170
26;2025-11-28;20;753
26;2025-11-28;21;472
26;2025-11-28;22;233
26;2025-11-28;23;144
26;2025-11-29;0;43
26;2025-11-29;1;2
26;2025-11-29;2;0
26;2025-11-29;3;0
26;2025-11-29;4;2
26;2025-11-29;5;47
26;2025-11-29;6;261
26;2025-11-29;7;366
26;2025-11-29;8;604
26;2025-11-29;9;693
26;2025-11-29;10;820
26;2025-11-29;11;1000
26;2025-11-29;12;1052
26;2025-11-29;13;1028
26;2025-11-29;14;1061
26;2025-11-29;15;959
26;2025-11-29;16;990
26;2025-11-29;17;919
26;2025-11-29;18;865
26;2025-11-29;19;792
26;2025-11-29;20;534
26;2025-11-29;21;367
26;2025-11-29;22;216
26;2025-11-29;23;145
26;2025-11-30;0;44
26;2025-11-30;1;4
26;2025-11-30;2;1
26;2025-11-30;3;1
26;2025-11-30;4;1
26;2025-11-30;5;30
26;2025-11-30;6;151
26;2025-11-30;7;240
26;2025-11-30;8;355
26;2025-11-30;9;489
26;2025-11-30;10;552
26;2025-11-30;11;740
26;2025-11-30;12;777
26;2025-11-30;13;817
26;2025-11-30;14;809
26;2025-11-30;15;744
26;2025-11-30;16;735
26;2025-11-30;17;726
26;2025-11-30;18;660
26;2025-11-30;19;531
26;2025-11-30;20;387
26;2025-11-30;21;275
26;2025-11-30;22;183
26;2025-11-30;23;99
26;2025-12-01;0;30
26;2025-12-01;1;2
26;2025-12-01;2;0
26;2025-12-01;3;0
26;2025-12-01;4;2
26;2025-12-01;5;89
26;2025-12-01;6;503
26;2025-12-01;7;1098
26;2025-12-01;8;2171
26;2025-12-01;9;1471
26;2025-12-01;10;1227
26;2025-12-01;11;1094
26;2025-12-01;12;1136
26;2025-12-01;13;1192
26;2025-12-01;14;1233
26;2025-12-01;15;1340
26;2025-12-01;16;1517
26;2025-12-01;17;1693
26;2025-12-01;18;1842
26;2025-12-01;19;1247
26;2025-12-01;20;767
26;2025-12-01;21;462
26;2025-12-01;22;222
26;2025-12-01;23;114
26;2025-12-02;0;30
26;2025-12-02;1;1
26;2025-12-02;2;0
26;2025-12-02;3;1
26;2025-12-02;4;3
26;2025-12-02;5;89
26;2025-12-02;6;507
26;2025-12-02;7;1108
26;2025-12-02;8;2242
26;2025-12-02;9;1494
26;2025-12-02;10;1235
26;2025-12-02;11;1119
26;2025-12-02;12;1174
26;2025-12-02;13;1195
26;2025-12-02;14;1253
26;2025-12-02;15;1346
26;2025-12-02;16;1542
26;2025-12-02;17;1736
26;2025-12-02;18;1846
26;2025-12-02;19;1286
26;2025-12-02;20;780
26;2025-12-02;21;473
26;2025-12-02;22;231
26;2025-12-02;23;121
26;2025-12-03;0;31
26;2025-12-03;1;1
26;2025-12-03;2;0
26;2025-12-03;3;0
26;2025-12-03;4;4
26;2025-12-03;5;90
26;2025-12-03;6;503
26;2025-12-03;7;1089
26;2025-12-03;8;2217
26;2025-12-03;9;1491
26;2025-12-03;10;1245
26;2025-12-03;11;1120
26;2025-12-03;12;1169
26;2025-12-03;13;1201
26;2025-12-03;14;1291
26;2025-12-03;15;1361
26;2025-12-03;16;1525
26;2025-12-03;17;1687
26;2025-12-03;18;1811
26;2025-12-03;19;1238
26;2025-12-03;20;767
26;2025-12-03;21;488
26;2025-12-03;22;235
26;2025-12-03;23;126
26;2025-12-04;0;34
26;2025-12-04;1;1
26;2025-12-04;2;0
26;2025-12-04;3;0
26;2025-12-04;4;2
26;2025-12-04;5;88
26;2025-12-04;6;498
26;2025-12-04;7;1086
26;2025-12-04;8;2185
26;2025-12-04;9;1482
26;2025-12-04;10;1215
26;2025-12-04;11;1138
26;2025-12-04;12;1158
26;2025-12-04;13;1187
26;2025-12-04;14;1255
26;2025-12-04;15;1356
26;2025-12-04;16;1526
26;2025-12-04;17;1701
26;2025-12-04;18;1834
26;2025-12-04;19;1252
26;2025-12-04;20;770
26;2025-12-04;21;477
26;2025-12-04;22;233
26;2025-12-04;23;129
26;2025-12-05;0;32
26;2025-12-05;1;2
26;2025-12-05;2;0
26;2025-12-05;3;0
26;2025-12-05;4;2
26;2025-12-05;5;86
26;2025-12-05;6;501
26;2025-12-05;7;1069
26;2025-12-05;8;2138
26;2025-12-05;9;1438
26;2025-12-05;10;1223
26;2025-12-05;11;1102
26;2025-12-05;12;1160
26;2025-12-05;13;1206
26;2025-12-05;14;1261
26;2025-12-05;15;1382
26;2025-12-05;16;1596
26;2025-12-05;17;1705
26;2025-12-05;18;1612
26;2025-12-05;19;1169
26;2025-12-05;20;753
26;2025-12-05;21;472
26;2025-12-05;22;232
26;2025-12-05;23;143
26;2025-12-06;0;43
26;2025-12-06;1;2
26;2025-12-06;2;0
26;2025-12-06;3;0
26;2025-12-06;4;2
26;2025-12-06;5;46
26;2025-12-06;6;261
26;2025-12-06;7;365
26;2025-12-06;8;603
26;2025-12-06;9;691
26;2025-12-06;10;818
26;2025-12-06;11;998
26;2025-12-06;12;1051
26;2025-12-06;13;1026
26;2025-12-06;14;1059
26;2025-12-06;15;958
26;2025-12-06;16;988
26;2025-12-06;17;917
26;2025-12-06;18;864
26;2025-12-06;19;790
26;2025-12-06;20;533
26;2025-12-06;21;367
26;2025-12-06;22;216
26;2025-12-06;23;145
26;2025-12-07;0;44
26;2025-12-07;1;4
26;2025-12-07;2;1
26;2025-12-07;3;1
26;2025-12-07;4;1
26;2025-12-07;5;30
26;2025-12-07;6;151
26;2025-12-07;7;240
26;2025-12-07;8;355
26;2025-12-07;9;489
26;2025-12-07;10;552
26;2025-12-07;11;740
26;2025-12-07;12;777
26;2025-12-07;13;817
26;2025-12-07;14;809
26;2025-12-07;15;744
26;2025-12-07;16;735
26;2025-12-07;17;726
26;2025-12-07;18;660
26;2025-12-07;19;531
26;2025-12-07;20;387
26;2025-12-07;21;275
26;2025-12-07;22;183
26;2025-12-07;23;99
26;2025-12-08;0;30
26;2025-12-08;1;2
26;2025-12-08;2;0
26;2025-12-08;3;0
26;2025-12-08;4;2
26;2025-12-08;5;89
26;2025-12-08;6;502
26;2025-12-08;7;1098
26;2025-12-08;8;2173
26;2025-12-08;9;1471
26;2025-12-08;10;1228
26;2025-12-08;11;1094
26;2025-12-08;12;1136
26;2025-12-08;13;1192
26;2025-12-08;14;1234
26;2025-12-08;15;1340
26;2025-12-08;16;1517
26;2025-12-08;17;1693
26;2025-12-08;18;1843
26;2025-12-08;19;1247
26;2025-12-08;20;767
26;2025-12-08;21;462
26;2025-12-08;22;222
26;2025-12-08;23;114
26;2025-12-09;0;30
26;2025-12-09;1;1
26;2025-12-09;2;0
26;2025-12-09;3;1
26;2025-12-09;4;3
26;2025-12-09;5;89
26;2025-12-09;6;508
26;2025-12-09;7;1109
26;2025-12-09;8;2245
26;2025-12-09;9;1497
26;2025-12-09;10;1237
26;2025-12-09;11;1120
26;2025-12-09;12;1175
26;2025-12-09;13;1197
26;2025-12-09;14;1255
26;2025-12-09;15;1348
26;2025-12-09;16;1543
26;2025-12-09;17;1738
26;2025-12-09;18;1848
26;2025-12-09;19;1288
26;2025-12-09;20;781
26;2025-12-09;21;473
26;2025-12-09;22;231
26;2025-12-09;23;121
26;2025-12-10;0;31
26;2025-12-10;1;1
26;2025-12-10;2;0
26;2025-12-10;3;0
26;2025-12-10;4;4
26;2025-12-10;5;90
26;2025-12-10;6;503
26;2025-12-10;7;1090
26;2025-12-10;8;2217
26;2025-12-10;9;1492
26;2025-12-10;10;1245
26;2025-12-10;11;1120
26;2025-12-10;12;1169
26;2025-12-10;13;1201
26;2025-12-10;14;1292
26;2025-12-10;15;1362
26;2025-12-10;16;1526
26;2025-12-10;17;1688
26;2025-12-10;18;1812
26;2025-12-10;19;1239
26;2025-12-10;20;767
26;2025-12-10;21;488
26;2025-12-10;22;235
26;2025-12-10;23;126
26;2025-12-11;0;34
26;2025-12-11;1;1
26;2025-12-11;2;0
26;2025-12-11;3;0
26;2025-12-11;4;2
26;2025-12-11;5;88
26;2025-12-11;6;499
26;2025-12-11;7;1087
26;2025-12-11;8;2185
26;2025-12-11;9;1483
26;2025-12-11;10;1216
26;2025-12-11;11;1139
26;2025-12-11;12;1159
26;2025-12-11;13;1187
26;2025-12-11;14;1255
26;2025-12-11;15;1357
26;2025-12-11;16;1526
26;2025-12-11;17;1701
26;2025-12-11;18;1834
26;2025-12-11;19;1253
26;2025-12-11;20;770
26;2025-12-11;21;477
26;2025-12-11;22;234
26;2025-12-11;23;129
26;2025-12-12;0;32
26;2025-12-12;1;2
26;2025-12-12;2;0
26;2025-12-12;3;0
26;2025-12-12;4;2
26;2025-12-12;5;87
26;2025-12-12;6;501
26;2025-12-12;7;1070
26;2025-12-12;8;2139
26;2025-12-12;9;1439
26;2025-12-12;10;1224
26;2025-12-12;11;1104
26;2025-12-12;12;1160
26;2025-12-12;13;1207
26;2025-12-12;14;1262
26;2025-12-12;15;1383
26;2025-12-12;16;1597
26;2025-12-12;17;1706
26;2025-12-12;18;1612
26;2025-12-12;19;1169
26;2025-12-12;20;752
26;2025-12-12;21;472
26;2025-12-12;22;233
26;2025-12-12;23;143
26;2025-12-13;0;43
26;2025-12-13;1;2
26;2025-12-13;2;0
26;2025-12-13;3;0
26;2025-12-13;4;2
26;2025-12-13;5;46
26;2025-12-13;6;260
26;2025-12-13;7;365
26;2025-12-13;8;603
26;2025-12-13;9;691
26;2025-12-13;10;818
26;2025-12-13;11;997
26;2025-12-13;12;1050
26;2025-12-13;13;1025
26;2025-12-13;14;1058
26;2025-12-13;15;957
26;2025-12-13;16;987
26;2025-12-13;17;916
26;2025-12-13;18;863
26;2025-12-13;19;790
26;2025-12-13;20;533
26;2025-12-13;21;366
26;2025-12-13;22;216
26;2025-12-13;23;145
26;2025-12-14;0;44
26;2025-12-14;1;4
26;2025-12-14;2;1
26;2025-12-14;3;1
26;2025-12-14;4;1
26;2025-12-14;5;30
26;2025-12-14;6;151
26;2025-12-14;7;240
26;2025-12-14;8;355
26;2025-12-14;9;490
26;2025-12-14;10;552
26;2025-12-14;11;741
26;2025-12-14;12;778
26;2025-12-14;13;818
26;2025-12-14;14;810
26;2025-12-14;15;745
26;2025-12-14;16;736
26;2025-12-14;17;727
26;2025-12-14;18;661
26;2025-12-14;19;532
26;2025-12-14;20;387
26;2025-12-14;21;274
26;2025-12-14;22;183
26;2025-12-14;23;99
26;2025-12-15;0;30
26;2025-12-15;1;2
26;2025-12-15;2;0
26;2025-12-15;3;0
26;2025-12-15;4;2
26;2025-12-15;5;89
26;2025-12-15;6;503
26;2025-12-15;7;1098
26;2025-12-15;8;2171
26;2025-12-15;9;1471
26;2025-12-15;10;1227
26;2025-12-15;11;1095
26;2025-12-15;12;1136
26;2025-12-15;13;1191
26;2025-12-15;14;1233
26;2025-12-15;15;1339
26;2025-12-15;16;1517
26;2025-12-15;17;1693
26;2025-12-15;18;1843
26;2025-12-15;19;1247
26;2025-12-15;20;767
26;2025-12-15;21;461
26;2025-12-15;22;222
26;2025-12-15;23;114
26;2025-12-16;0;30
26;2025-12-16;1;1
26;2025-12-16;2;0
26;2025-12-16;3;1
26;2025-12-16;4;3
26;2025-12-16;5;89
26;2025-12-16;6;507
26;2025-12-16;7;1108
26;2025-12-16;8;2243
26;2025-12-16;9;1495
26;2025-12-16;10;1236
26;2025-12-16;11;1119
26;2025-12-16;12;1174
26;2025-12-16;13;1195
26;2025-12-16;14;1254
26;2025-12-16;15;1346
26;2025-12-16;16;1542
26;2025-12-16;17;1737
26;2025-12-16;18;1846
26;2025-12-16;19;1286
26;2025-12-16;20;780
26;2025-12-16;21;473
26;2025-12-16;22;231
26;2025-12-16;23;121
26;2025-12-17;0;31
26;2025-12-17;1;1
26;2025-12-17;2;0
26;2025-12-17;3;0
26;2025-12-17;4;4
26;2025-12-17;5;90
26;2025-12-17;6;502
26;2025-12-17;7;1088
26;2025-12-17;8;2214
26;2025-12-17;9;1489
26;2025-12-17;10;1243
26;2025-12-17;11;1119
26;2025-12-17;12;1167
26;2025-12-17;13;1199
26;2025-12-17;14;1290
26;2025-12-17;15;1360
26;2025-12-17;16;1523
26;2025-12-17;17;1685
26;2025-12-17;18;1809
26;2025-12-17;19;1237
26;2025-12-17;20;766
26;2025-12-17;21;487
26;2025-12-17;22;235
26;2025-12-17;23;126
26;2025-12-18;0;34
26;2025-12-18;1;1
26;2025-12-18;2;0
26;2025-12-18;3;0
26;2025-12-18;4;2
26;2025-12-18;5;88
26;2025-12-18;6;498
26;2025-12-18;7;1085
26;2025-12-18;8;2182
26;2025-12-18;9;1481
26;2025-12-18;10;1214
26;2025-12-18;11;1137
26;2025-12-18;12;1157
26;2025-12-18;13;1185
26;2025-12-18;14;1253
26;2025-12-18;15;1355
26;2025-12-18;16;1524
26;2025-12-18;17;1699
26;2025-12-18;18;1831
26;2025-12-18;19;1251
26;2025-12-18;20;769
26;2025-12-18;21;477
26;2025-12-18;22;233
26;2025-12-18;23;128
26;2025-12-19;0;32
26;2025-12-19;1;2
26;2025-12-19;2;0
26;2025-12-19;3;0
26;2025-12-19;4;2
26;2025-12-19;5;87
26;2025-12-19;6;500
26;2025-12-19;7;1068
26;2025-12-19;8;2135
26;2025-12-19;9;1437
26;2025-12-19;10;1222
26;2025-12-19;11;1101
26;2025-12-19;12;1158
26;2025-12-19;13;1204
26;2025-12-19;14;1260
26;2025-12-19;15;1381
26;2025-12-19;16;1594
26;2025-12-19;17;1703
26;2025-12-19;18;1609
26;2025-12-19;19;1167
26;2025-12-19;20;751
26;2025-12-19;21;471
26;2025-12-19;22;233
26;2025-12-19;23;143
26;2025-12-20;0;43
26;2025-12-20;1;2
26;2025-12-20;2;0
26;2025-12-20;3;0
26;2025-12-20;4;2
26;2025-12-20;5;46
26;2025-12-20;6;260
26;2025-12-20;7;364
26;2025-12-20;8;602
26;2025-12-20;9;690
26;2025-12-20;10;817
26;2025-12-20;11;996
26;2025-12-20;12;1048
26;2025-12-20;13;1023
26;2025-12-20;14;1056
26;2025-12-20;15;955
26;2025-12-20;16;986
26;2025-12-20;17;914
26;2025-12-20;18;862
26;2025-12-20;19;788
26;2025-12-20;20;532
26;2025-12-20;21;366
26;2025-12-20;22;215
26;2025-12-20;23;144
26;2025-12-21;0;44
26;2025-12-21;1;4
26;2025-12-21;2;1
26;2025-12-21;3;1
26;2025-12-21;4;1
26;2025-12-21;5;30
26;2025-12-21;6;151
26;2025-12-21;7;240
26;2025-12-21;8;355
26;2025-12-21;9;489
26;2025-12-21;10;552
26;2025-12-21;11;740
26;2025-12-21;12;777
26;2025-12-21;13;817
26;2025-12-21;14;809
26;2025-12-21;15;744
26;2025-12-21;16;735
26;2025-12-21;17;726
26;2025-12-21;18;660
26;2025-12-21;19;531
26;2025-12-21;20;387
26;2025-12-21;21;274
26;2025-12-21;22;183
26;2025-12-21;23;99
26;2025-12-22;0;30
26;2025-12-22;1;2
26;2025-12-22;2;0
26;2025-12-22;3;0
26;2025-12-22;4;2
26;2025-12-22;5;89
26;2025-12-22;6;502
26;2025-12-22;7;1096
26;2025-12-22;8;2168
26;2025-12-22;9;1469
26;2025-12-22;10;1226
26;2025-12-22;11;1093
26;2025-12-22;12;1134
26;2025-12-22;13;1189
26;2025-12-22;14;1232
26;2025-12-22;15;1338
26;2025-12-22;16;1515
26;2025-12-22;17;1690
26;2025-12-22;18;1840
26;2025-12-22;19;1245
26;2025-12-22;20;766
26;2025-12-22;21;461
26;2025-12-22;22;222
26;2025-12-22;23;114
26;2025-12-23;0;30
26;2025-12-23;1;1
26;2025-12-23;2;0
26;2025-12-23;3;1
26;2025-12-23;4;3
26;2025-12-23;5;89
26;2025-12-23;6;506
26;2025-12-23;7;1107
26;2025-12-23;8;2240
26;2025-12-23;9;1493
26;2025-12-23;10;1234
26;2025-12-23;11;1118
26;2025-12-23;12;1172
26;2025-12-23;13;1193
26;2025-12-23;14;1252
26;2025-12-23;15;1345
26;2025-12-23;16;1540
26;2025-12-23;17;1734
26;2025-12-23;18;1844
26;2025-12-23;19;1285
26;2025-12-23;20;779
26;2025-12-23;21;472
26;2025-12-23;22;231
26;2025-12-23;23;121
26;2025-12-24;0;31
26;2025-12-24;1;1
26;2025-12-24;2;0
26;2025-12-24;3;0
26;2025-12-24;4;4
26;2025-12-24;5;90
26;2025-12-24;6;501
26;2025-12-24;7;1087
26;2025-12-24;8;2212
26;2025-12-24;9;1488
26;2025-12-24;10;1242
26;2025-12-24;11;1117
26;2025-12-24;12;1167
26;2025-12-24;13;1198
26;2025-12-24;14;1288
26;2025-12-24;15;1359
26;2025-12-24;16;1522
26;2025-12-24;17;1683
26;2025-12-24;18;1808
26;2025-12-24;19;1236
26;2025-12-24;20;765
26;2025-12-24;21;486
26;2025-12-24;22;235
26;2025-12-24;23;126
26;2025-12-25;0;34
26;2025-12-25;1;1
26;2025-12-25;2;0
26;2025-12-25;3;0
26;2025-12-25;4;2
26;2025-12-25;5;88
26;2025-12-25;6;496
26;2025-12-25;7;1082
26;2025-12-25;8;2177
26;2025-12-25;9;1477
26;2025-12-25;10;1211
26;2025-12-25;11;1134
26;2025-12-25;12;1153
26;2025-12-25;13;1182
26;2025-12-25;14;1251
26;2025-12-25;15;1352
26;2025-12-25;16;1520
26;2025-12-25;17;1694
26;2025-12-25;18;1827
26;2025-12-25;19;1248
26;2025-12-25;20;766
26;2025-12-25;21;475
26;2025-12-25;22;232
26;2025-12-25;23;128
26;2025-12-26;0;32
26;2025-12-26;1;2
26;2025-12-26;2;0
26;2025-12-26;3;0
26;2025-12-26;4;2
26;2025-12-26;5;86
26;2025-12-26;6;499
26;2025-12-26;7;1065
26;2025-12-26;8;2129
26;2025-12-26;9;1432
26;2025-12-26;10;1218
26;2025-12-26;11;1098
26;2025-12-26;12;1155
26;2025-12-26;13;1201
26;2025-12-26;14;1256
26;2025-12-26;15;1376
26;2025-12-26;16;1589
26;2025-12-26;17;1697
26;2025-12-26;18;1605
26;2025-12-26;19;1164
26;2025-12-26;20;749
26;2025-12-26;21;469
26;2025-12-26;22;232
26;2025-12-26;23;143
26;2025-12-27;0;43
26;2025-12-27;1;2
26;2025-12-27;2;0
26;2025-12-27;3;0
26;2025-12-27;4;2
26;2025-12-27;5;46
26;2025-12-27;6;259
26;2025-12-27;7;363
26;2025-12-27;8;600
26;2025-12-27;9;688
26;2025-12-27;10;814
26;2025-12-27;11;993
26;2025-12-27;12;1045
26;2025-12-27;13;1020
26;2025-12-27;14;1053
26;2025-12-27;15;952
26;2025-12-27;16;983
26;2025-12-27;17;912
26;2025-12-27;18;859
26;2025-12-27;19;786
26;2025-12-27;20;530
26;2025-12-27;21;364
26;2025-12-27;22;215
26;2025-12-27;23;144
26;2025-12-28;0;44
26;2025-12-28;1;4
26;2025-12-28;2;1
26;2025-12-28;3;1
26;2025-12-28;4;1
26;2025-12-28;5;30
26;2025-12-28;6;151
26;2025-12-28;7;240
26;2025-12-28;8;355
26;2025-12-28;9;489
26;2025-12-28;10;551
26;2025-12-28;11;740
26;2025-12-28;12;777
26;2025-12-28;13;817
26;2025-12-28;14;809
26;2025-12-28;15;744
26;2025-12-28;16;735
26;2025-12-28;17;726
26;2025-12-28;18;660
26;2025-12-28;19;531
26;2025-12-28;20;387
26;2025-12-28;21;274
26;2025-12-28;22;183
26;2025-12-28;23;99
26;2025-12-29;0;30
26;2025-12-29;1;2
26;2025-12-29;2;0
26;2025-12-29;3;0
26;2025-12-29;4;2
26;2025-12-29;5;88
26;2025-12-29;6;500
26;2025-12-29;7;1092
26;2025-12-29;8;2161
26;2025-12-29;9;1463
26;2025-12-29;10;1222
26;2025-12-29;11;1089
26;2025-12-29;12;1130
26;2025-12-29;13;1186
26;2025-12-29;14;1228
26;2025-12-29;15;1333
26;2025-12-29;16;1510
26;2025-12-29;17;1685
26;2025-12-29;18;1833
26;2025-12-29;19;1241
26;2025-12-29;20;763
26;2025-12-29;21;459
26;2025-12-29;22;221
26;2025-12-29;23;113
26;2025-12-30;0;30
26;2025-12-30;1;1
26;2025-12-30;2;0
26;2025-12-30;3;1
26;2025-12-30;4;3
26;2025-12-30;5;89
26;2025-12-30;6;504
26;2025-12-30;7;1102
26;2025-12-30;8;2230
26;2025-12-30;9;1486
26;2025-12-30;10;1228
26;2025-12-30;11;1112
26;2025-12-30;12;1167
26;2025-12-30;13;1188
26;2025-12-30;14;1246
26;2025-12-30;15;1338
26;2025-12-30;16;1533
26;2025-12-30;17;1726
26;2025-12-30;18;1835
26;2025-12-30;19;1279
26;2025-12-30;20;775
26;2025-12-30;21;470
26;2025-12-30;22;229
26;2025-12-30;23;121
26;2025-12-31;0;42
26;2025-12-31;1;4
26;2025-12-31;2;1
26;2025-12-31;3;0
26;2025-12-31;4;1
26;2025-12-31;5;31
26;2025-12-31;6;155
26;2025-12-31;7;237
26;2025-12-31;8;341
26;2025-12-31;9;469
26;2025-12-31;10;530
26;2025-12-31;11;709
26;2025-12-31;12;749
26;2025-12-31;13;787
26;2025-12-31;14;772
26;2025-12-31;15;722
26;2025-12-31;16;709
26;2025-12-31;17;700
26;2025-12-31;18;644
26;2025-12-31;19;535
26;2025-12-31;20;385
26;2025-12-31;21;272
26;2025-12-31;22;182
26;2025-12-31;23;100
28;2025-11-01;0;1
28;2025-11-01;1;0
28;2025-11-01;2;0
28;2025-11-01;3;0
28;2025-11-01;4;2
28;2025-11-01;5;80
28;2025-11-01;6;276
28;2025-11-01;7;826
28;2025-11-01;8;1289
28;2025-11-01;9;890
28;2025-11-01;10;663
28;2025-11-01;11;590
28;2025-11-01;12;721
28;2025-11-01;13;743
28;2025-11-01;14;687
28;2025-11-01;15;717
28;2025-11-01;16;902
28;2025-11-01;17;1027
28;2025-11-01;18;972
28;2025-11-01;19;734
28;2025-11-01;20;518
28;2025-11-01;21;325
28;2025-11-01;22;138
28;2025-11-01;23;18
28;2025-11-02;0;4
28;2025-11-02;1;2
28;2025-11-02;2;1
28;2025-11-02;3;1
28;2025-11-02;4;0
28;2025-11-02;5;29
28;2025-11-02;6;80
28;2025-11-02;7;148
28;2025-11-02;8;244
28;2025-11-02;9;316
28;2025-11-02;10;361
28;2025-11-02;11;393
28;2025-11-02;12;452
28;2025-11-02;13;508
28;2025-11-02;14;498
28;2025-11-02;15;497
28;2025-11-02;16;468
28;2025-11-02;17;466
28;2025-11-02;18;407
28;2025-11-02;19;350
28;2025-11-02;20;282
28;2025-11-02;21;234
28;2025-11-02;22;107
28;2025-11-02;23;14
28;2025-11-03;0;4
28;2025-11-03;1;2
28;2025-11-03;2;1
28;2025-11-03;3;1
28;2025-11-03;4;0
28;2025-11-03;5;28
28;2025-11-03;6;79
28;2025-11-03;7;147
28;2025-11-03;8;234
28;2025-11-03;9;303
28;2025-11-03;10;351
28;2025-11-03;11;379
28;2025-11-03;12;439
28;2025-11-03;13;495
28;2025-11-03;14;487
28;2025-11-03;15;486
28;2025-11-03;16;457
28;2025-11-03;17;459
28;2025-11-03;18;400
28;2025-11-03;19;343
28;2025-11-03;20;280
28;2025-11-03;21;232
28;2025-11-03;22;107
28;2025-11-03;23;14
28;2025-11-04;0;4
28;2025-11-04;1;2
28;2025-11-04;2;1
28;2025-11-04;3;1
28;2025-11-04;4;0
28;2025-11-04;5;28
28;2025-11-04;6;79
28;2025-11-04;7;148
28;2025-11-04;8;235
28;2025-11-04;9;305
28;2025-11-04;10;353
28;2025-11-04;11;380
28;2025-11-04;12;440
28;2025-11-04;13;497
28;2025-11-04;14;490
28;2025-11-04;15;488
28;2025-11-04;16;460
28;2025-11-04;17;461
28;2025-11-04;18;401
28;2025-11-04;19;344
28;2025-11-04;20;281
28;2025-11-04;21;232
28;2025-11-04;22;107
28;2025-11-04;23;14
28;2025-11-05;0;1
28;2025-11-05;1;0
28;2025-11-05;2;0
28;2025-11-05;3;0
28;2025-11-05;4;2
28;2025-11-05;5;82
28;2025-11-05;6;278
28;2025-11-05;7;814
28;2025-11-05;8;1283
28;2025-11-05;9;877
28;2025-11-05;10;660
28;2025-11-05;11;607
28;2025-11-05;12;719
28;2025-11-05;13;744
28;2025-11-05;14;688
28;2025-11-05;15;723
28;2025-11-05;16;895
28;2025-11-05;17;1025
28;2025-11-05;18;973
28;2025-11-05;19;739
28;2025-11-05;20;515
28;2025-11-05;21;327
28;2025-11-05;22;140
28;2025-11-05;23;18
28;2025-11-06;0;1
28;2025-11-06;1;0
28;2025-11-06;2;0
28;2025-11-06;3;0
28;2025-11-06;4;2
28;2025-11-06;5;79
28;2025-11-06;6;277
28;2025-11-06;7;827
28;2025-11-06;8;1289
28;2025-11-06;9;888
28;2025-11-06;10;658
28;2025-11-06;11;584
28;2025-11-06;12;725
28;2025-11-06;13;743
28;2025-11-06;14;686
28;2025-11-06;15;718
28;2025-11-06;16;884
28;2025-11-06;17;1019
28;2025-11-06;18;998
28;2025-11-06;19;741
28;2025-11-06;20;527
28;2025-11-06;21;331
28;2025-11-06;22;142
28;2025-11-06;23;18
28;2025-11-07;0;1
28;2025-11-07;1;0
28;2025-11-07;2;0
28;2025-11-07;3;0
28;2025-11-07;4;2
28;2025-11-07;5;78
28;2025-11-07;6;266
28;2025-11-07;7;802
28;2025-11-07;8;1231
28;2025-11-07;9;860
28;2025-11-07;10;648
28;2025-11-07;11;577
28;2025-11-07;12;712
28;2025-11-07;13;732
28;2025-11-07;14;697
28;2025-11-07;15;721
28;2025-11-07;16;933
28;2025-11-07;17;1014
28;2025-11-07;18;900
28;2025-11-07;19;684
28;2025-11-07;20;492
28;2025-11-07;21;321
28;2025-11-07;22;141
28;2025-11-07;23;20
28;2025-11-08;0;1
28;2025-11-08;1;0
28;2025-11-08;2;0
28;2025-11-08;3;0
28;2025-11-08;4;1
28;2025-11-08;5;37
28;2025-11-08;6;101
28;2025-11-08;7;224
28;2025-11-08;8;390
28;2025-11-08;9;472
28;2025-11-08;10;494
28;2025-11-08;11;498
28;2025-11-08;12;593
28;2025-11-08;13;605
28;2025-11-08;14;614
28;2025-11-08;15;597
28;2025-11-08;16;565
28;2025-11-08;17;583
28;2025-11-08;18;507
28;2025-11-08;19;422
28;2025-11-08;20;319
28;2025-11-08;21;281
28;2025-11-08;22;136
28;2025-11-08;23;24
28;2025-11-09;0;4
28;2025-11-09;1;2
28;2025-11-09;2;1
28;2025-11-09;3;1
28;2025-11-09;4;0
28;2025-11-09;5;29
28;2025-11-09;6;80
28;2025-11-09;7;147
28;2025-11-09;8;243
28;2025-11-09;9;315
28;2025-11-09;10;361
28;2025-11-09;11;393
28;2025-11-09;12;451
28;2025-11-09;13;507
28;2025-11-09;14;496
28;2025-11-09;15;496
28;2025-11-09;16;466
28;2025-11-09;17;465
28;2025-11-09;18;406
28;2025-11-09;19;349
28;2025-11-09;20;281
28;2025-11-09;21;234
28;2025-11-09;22;107
28;2025-11-09;23;13
28;2025-11-10;0;1
28;2025-11-10;1;0
28;2025-11-10;2;0
28;2025-11-10;3;0
28;2025-11-10;4;2
28;2025-11-10;5;80
28;2025-11-10;6;274
28;2025-11-10;7;810
28;2025-11-10;8;1262
28;2025-11-10;9;880
28;2025-11-10;10;642
28;2025-11-10;11;569
28;2025-11-10;12;700
28;2025-11-10;13;716
28;2025-11-10;14;661
28;2025-11-10;15;692
28;2025-11-10;16;895
28;2025-11-10;17;1003
28;2025-11-10;18;969
28;2025-11-10;19;731
28;2025-11-10;20;502
28;2025-11-10;21;315
28;2025-11-10;22;131
28;2025-11-10;23;17
28;2025-11-11;0;1
28;2025-11-11;1;0
28;2025-11-11;2;0
28;2025-11-11;3;0
28;2025-11-11;4;2
28;2025-11-11;5;78
28;2025-11-11;6;271
28;2025-11-11;7;821
28;2025-11-11;8;1281
28;2025-11-11;9;894
28;2025-11-11;10;680
28;2025-11-11;11;587
28;2025-11-11;12;713
28;2025-11-11;13;750
28;2025-11-11;14;683
28;2025-11-11;15;708
28;2025-11-11;16;875
28;2025-11-11;17;1012
28;2025-11-11;18;967
28;2025-11-11;19;737
28;2025-11-11;20;526
28;2025-11-11;21;325
28;2025-11-11;22;133
28;2025-11-11;23;19
28;2025-11-12;0;1
28;2025-11-12;1;0
28;2025-11-12;2;0
28;2025-11-12;3;0
28;2025-11-12;4;2
28;2025-11-12;5;82
28;2025-11-12;6;278
28;2025-11-12;7;813
28;2025-11-12;8;1282
28;2025-11-12;9;877
28;2025-11-12;10;659
28;2025-11-12;11;606
28;2025-11-12;12;717
28;2025-11-12;13;743
28;2025-11-12;14;687
28;2025-11-12;15;722
28;2025-11-12;16;894
28;2025-11-12;17;1024
28;2025-11-12;18;972
28;2025-11-12;19;738
28;2025-11-12;20;514
28;2025-11-12;21;327
28;2025-11-12;22;140
28;2025-11-12;23;18
28;2025-11-13;0;1
28;2025-11-13;1;0
28;2025-11-13;2;0
28;2025-11-13;3;0
28;2025-11-13;4;2
28;2025-11-13;5;79
28;2025-11-13;6;277
28;2025-11-13;7;827
28;2025-11-13;8;1290
28;2025-11-13;9;888
28;2025-11-13;10;658
28;2025-11-13;11;583
28;2025-11-13;12;726
28;2025-11-13;13;743
28;2025-11-13;14;686
28;2025-11-13;15;718
28;2025-11-13;16;884
28;2025-11-13;17;1018
28;2025-11-13;18;998
28;2025-11-13;19;742
28;2025-11-13;20;528
28;2025-11-13;21;330
28;2025-11-13;22;141
28;2025-11-13;23;18
28;2025-11-14;0;1
28;2025-11-14;1;0
28;2025-11-14;2;0
28;2025-11-14;3;0
28;2025-11-14;4;2
28;2025-11-14;5;78
28;2025-11-14;6;266
28;2025-11-14;7;801
28;2025-11-14;8;1229
28;2025-11-14;9;858
28;2025-11-14;10;647
28;2025-11-14;11;575
28;2025-11-14;12;711
28;2025-11-14;13;731
28;2025-11-14;14;696
28;2025-11-14;15;720
28;2025-11-14;16;931
28;2025-11-14;17;1012
28;2025-11-14;18;898
28;2025-11-14;19;683
28;2025-11-14;20;492
28;2025-11-14;21;320
28;2025-11-14;22;141
28;2025-11-14;23;20
28;2025-11-15;0;1
28;2025-11-15;1;0
28;2025-11-15;2;0
28;2025-11-15;3;0
28;2025-11-15;4;1
28;2025-11-15;5;37
28;2025-11-15;6;101
28;2025-11-15;7;223
28;2025-11-15;8;388
28;2025-11-15;9;470
28;2025-11-15;10;492
28;2025-11-15;11;496
28;2025-11-15;12;592
28;2025-11-15;13;603
28;2025-11-15;14;612
28;2025-11-15;15;595
28;2025-11-15;16;563
28;2025-11-15;17;581
28;2025-11-15;18;505
28;2025-11-15;19;421
28;2025-11-15;20;318
28;2025-11-15;21;280
28;2025-11-15;22;136
28;2025-11-15;23;24
28;2025-11-16;0;4
28;2025-11-16;1;2
28;2025-11-16;2;1
28;2025-11-16;3;1
28;2025-11-16;4;0
28;2025-11-16;5;29
28;2025-11-16;6;79
28;2025-11-16;7;147
28;2025-11-16;8;243
28;2025-11-16;9;315
28;2025-11-16;10;361
28;2025-11-16;11;392
28;2025-11-16;12;450
28;2025-11-16;13;506
28;2025-11-16;14;496
28;2025-11-16;15;495
28;2025-11-16;16;466
28;2025-11-16;17;464
28;2025-11-16;18;405
28;2025-11-16;19;349
28;2025-11-16;20;281
28;2025-11-16;21;233
28;2025-11-16;22;107
28;2025-11-16;23;13
28;2025-11-17;0;1
28;2025-11-17;1;0
28;2025-11-17;2;0
28;2025-11-17;3;0
28;2025-11-17;4;2
28;2025-11-17;5;79
28;2025-11-17;6;273
28;2025-11-17;7;808
28;2025-11-17;8;1257
28;2025-11-17;9;877
28;2025-11-17;10;639
28;2025-11-17;11;567
28;2025-11-17;12;697
28;2025-11-17;13;713
28;2025-11-17;14;658
28;2025-11-17;15;689
28;2025-11-17;16;892
28;2025-11-17;17;998
28;2025-11-17;18;965
28;2025-11-17;19;727
28;2025-11-17;20;500
28;2025-11-17;21;314
28;2025-11-17;22;130
28;2025-11-17;23;16
28;2025-11-18;0;1
28;2025-11-18;1;0
28;2025-11-18;2;0
28;2025-11-18;3;0
28;2025-11-18;4;2
28;2025-11-18;5;77
28;2025-11-18;6;270
28;2025-11-18;7;817
28;2025-11-18;8;1274
28;2025-11-18;9;890
28;2025-11-18;10;676
28;2025-11-18;11;584
28;2025-11-18;12;709
28;2025-11-18;13;746
28;2025-11-18;14;680
28;2025-11-18;15;704
28;2025-11-18;16;871
28;2025-11-18;17;1007
28;2025-11-18;18;962
28;2025-11-18;19;733
28;2025-11-18;20;523
28;2025-11-18;21;323
28;2025-11-18;22;132
28;2025-11-18;23;19
28;2025-11-19;0;1
28;2025-11-19;1;0
28;2025-11-19;2;0
28;2025-11-19;3;0
28;2025-11-19;4;2
28;2025-11-19;5;81
28;2025-11-19;6;276
28;2025-11-19;7;809
28;2025-11-19;8;1275
28;2025-11-19;9;872
28;2025-11-19;10;656
28;2025-11-19;11;602
28;2025-11-19;12;713
28;2025-11-19;13;739
28;2025-11-19;14;683
28;2025-11-19;15;718
28;2025-11-19;16;889
28;2025-11-19;17;1018
28;2025-11-19;18;967
28;2025-11-19;19;734
28;2025-11-19;20;512
28;2025-11-19;21;325
28;2025-11-19;22;139
28;2025-11-19;23;18
28;2025-11-20;0;1
28;2025-11-20;1;0
28;2025-11-20;2;0
28;2025-11-20;3;0
28;2025-11-20;4;2
28;2025-11-20;5;78
28;2025-11-20;6;276
28;2025-11-20;7;823
28;2025-11-20;8;1284
28;2025-11-20;9;884
28;2025-11-20;10;655
28;2025-11-20;11;580
28;2025-11-20;12;722
28;2025-11-20;13;740
28;2025-11-20;14;682
28;2025-11-20;15;714
28;2025-11-20;16;880
28;2025-11-20;17;1014
28;2025-11-20;18;993
28;2025-11-20;19;738
28;2025-11-20;20;525
28;2025-11-20;21;329
28;2025-11-20;22;141
28;2025-11-20;23;18
28;2025-11-21;0;1
28;2025-11-21;1;0
28;2025-11-21;2;0
28;2025-11-21;3;0
28;2025-11-21;4;2
28;2025-11-21;5;77
28;2025-11-21;6;265
28;2025-11-21;7;797
28;2025-11-21;8;1222
28;2025-11-21;9;854
28;2025-11-21;10;644
28;2025-11-21;11;572
28;2025-11-21;12;707
28;2025-11-21;13;727
28;2025-11-21;14;692
28;2025-11-21;15;716
28;2025-11-21;16;926
28;2025-11-21;17;1007
28;2025-11-21;18;894
28;2025-11-21;19;679
28;2025-11-21;20;489
28;2025-11-21;21;319
28;2025-11-21;22;140
28;2025-11-21;23;20
28;2025-11-22;0;1
28;2025-11-22;1;0
28;2025-11-22;2;0
28;2025-11-22;3;0
28;2025-11-22;4;1
28;2025-11-22;5;36
28;2025-11-22;6;100
28;2025-11-22;7;222
28;2025-11-22;8;387
28;2025-11-22;9;469
28;2025-11-22;10;491
28;2025-11-22;11;494
28;2025-11-22;12;589
28;2025-11-22;13;601
28;2025-11-22;14;610
28;2025-11-22;15;593
28;2025-11-22;16;561
28;2025-11-22;17;579
28;2025-11-22;18;503
28;2025-11-22;19;419
28;2025-11-22;20;317
28;2025-11-22;21;278
28;2025-11-22;22;135
28;2025-11-22;23;24
28;2025-11-23;0;4
28;2025-11-23;1;2
28;2025-11-23;2;1
28;2025-11-23;3;1
28;2025-11-23;4;0
28;2025-11-23;5;29
28;2025-11-23;6;79
28;2025-11-23;7;147
28;2025-11-23;8;242
28;2025-11-23;9;315
28;2025-11-23;10;361
28;2025-11-23;11;392
28;2025-11-23;12;450
28;2025-11-23;13;506
28;2025-11-23;14;496
28;2025-11-23;15;495
28;2025-11-23;16;466
28;2025-11-23;17;464
28;2025-11-23;18;405
28;2025-11-23;19;349
28;2025-11-23;20;280
28;2025-11-23;21;233
28;2025-11-23;22;106
28;2025-11-23;23;13
28;2025-11-24;0;1
28;2025-11-24;1;0
28;2025-11-24;2;0
28;2025-11-24;3;0
28;2025-11-24;4;2
28;2025-11-24;5;79
28;2025-11-24;6;272
28;2025-11-24;7;804
28;2025-11-24;8;1251
28;2025-11-24;9;873
28;2025-11-24;10;637
28;2025-11-24;11;564
28;2025-11-24;12;695
28;2025-11-24;13;710
28;2025-11-24;14;655
28;2025-11-24;15;687
28;2025-11-24;16;887
28;2025-11-24;17;994
28;2025-11-24;18;961
28;2025-11-24;19;724
28;2025-11-24;20;498
28;2025-11-24;21;313
28;2025-11-24;22;129
28;2025-11-24;23;16
28;2025-11-25;0;1
28;2025-11-25;1;0
28;2025-11-25;2;0
28;2025-11-25;3;0
28;2025-11-25;4;2
28;2025-11-25;5;76
28;2025-11-25;6;269
28;2025-11-25;7;814
28;2025-11-25;8;1270
28;2025-11-25;9;887
28;2025-11-25;10;674
28;2025-11-25;11;582
28;2025-11-25;12;707
28;2025-11-25;13;743
28;2025-11-25;14;678
28;2025-11-25;15;702
28;2025-11-25;16;868
28;2025-11-25;17;1004
28;2025-11-25;18;959
28;2025-11-25;19;731
28;2025-11-25;20;522
28;2025-11-25;21;323
28;2025-11-25;22;132
28;2025-11-25;23;19
28;2025-11-26;0;1
28;2025-11-26;1;0
28;2025-11-26;2;0
28;2025-11-26;3;0
28;2025-11-26;4;2
28;2025-11-26;5;81
28;2025-11-26;6;276
28;2025-11-26;7;806
28;2025-11-26;8;1271
28;2025-11-26;9;870
28;2025-11-26;10;653
28;2025-11-26;11;601
28;2025-11-26;12;711
28;2025-11-26;13;737
28;2025-11-26;14;681
28;2025-11-26;15;716
28;2025-11-26;16;886
28;2025-11-26;17;1015
28;2025-11-26;18;964
28;2025-11-26;19;732
28;2025-11-26;20;510
28;2025-11-26;21;324
28;2025-11-26;22;139
28;2025-11-26;23;18
28;2025-11-27;0;1
28;2025-11-27;1;0
28;2025-11-27;2;0
28;2025-11-27;3;0
28;2025-11-27;4;2
28;2025-11-27;5;78
28;2025-11-27;6;275
28;2025-11-27;7;821
28;2025-11-27;8;1279
28;2025-11-27;9;881
28;2025-11-27;10;652
28;2025-11-27;11;578
28;2025-11-27;12;720
28;2025-11-27;13;737
28;2025-11-27;14;680
28;2025-11-27;15;712
28;2025-11-27;16;876
28;2025-11-27;17;1010
28;2025-11-27;18;990
28;2025-11-27;19;735
28;2025-11-27;20;523
28;2025-11-27;21;328
28;2025-11-27;22;141
28;2025-11-27;23;18
28;2025-11-28;0;1
28;2025-11-28;1;0
28;2025-11-28;2;0
28;2025-11-28;3;0
28;2025-11-28;4;2
28;2025-11-28;5;76
28;2025-11-28;6;264
28;2025-11-28;7;793
28;2025-11-28;8;1218
28;2025-11-28;9;851
28;2025-11-28;10;642
28;2025-11-28;11;570
28;2025-11-28;12;704
28;2025-11-28;13;724
28;2025-11-28;14;689
28;2025-11-28;15;713
28;2025-11-28;16;922
28;2025-11-28;17;1003
28;2025-11-28;18;889
28;2025-11-28;19;677
28;2025-11-28;20;487
28;2025-11-28;21;317
28;2025-11-28;22;140
28;2025-11-28;23;20
28;2025-11-29;0;1
28;2025-11-29;1;0
28;2025-11-29;2;0
28;2025-11-29;3;0
28;2025-11-29;4;1
28;2025-11-29;5;36
28;2025-11-29;6;100
28;2025-11-29;7;221
28;2025-11-29;8;386
28;2025-11-29;9;467
28;2025-11-29;10;489
28;2025-11-29;11;493
28;2025-11-29;12;587
28;2025-11-29;13;599
28;2025-11-29;14;608
28;2025-11-29;15;591
28;2025-11-29;16;559
28;2025-11-29;17;577
28;2025-11-29;18;502
28;2025-11-29;19;418
28;2025-11-29;20;316
28;2025-11-29;21;278
28;2025-11-29;22;134
28;2025-11-29;23;24
28;2025-11-30;0;4
28;2025-11-30;1;2
28;2025-11-30;2;1
28;2025-11-30;3;1
28;2025-11-30;4;0
28;2025-11-30;5;29
28;2025-11-30;6;79
28;2025-11-30;7;147
28;2025-11-30;8;242
28;2025-11-30;9;314
28;2025-11-30;10;360
28;2025-11-30;11;392
28;2025-11-30;12;450
28;2025-11-30;13;506
28;2025-11-30;14;495
28;2025-11-30;15;495
28;2025-11-30;16;465
28;2025-11-30;17;464
28;2025-11-30;18;405
28;2025-11-30;19;348
28;2025-11-30;20;280
28;2025-11-30;21;233
28;2025-11-30;22;106
28;2025-11-30;23;13
28;2025-12-01;0;1
28;2025-12-01;1;0
28;2025-12-01;2;0
28;2025-12-01;3;0
28;2025-12-01;4;2
28;2025-12-01;5;78
28;2025-12-01;6;271
28;2025-12-01;7;801
28;2025-12-01;8;1247
28;2025-12-01;9;870
28;2025-12-01;10;634
28;2025-12-01;11;563
28;2025-12-01;12;692
28;2025-12-01;13;708
28;2025-12-01;14;653
28;2025-12-01;15;684
28;2025-12-01;16;885
28;2025-12-01;17;991
28;2025-12-01;18;958
28;2025-12-01;19;722
28;2025-12-01;20;496
28;2025-12-01;21;312
28;2025-12-01;22;129
28;2025-12-01;23;16
28;2025-12-02;0;1
28;2025-12-02;1;0
28;2025-12-02;2;0
28;2025-12-02;3;0
28;2025-12-02;4;2
28;2025-12-02;5;76
28;2025-12-02;6;268
28;2025-12-02;7;810
28;2025-12-02;8;1266
28;2025-12-02;9;884
28;2025-12-02;10;672
28;2025-12-02;11;580
28;2025-12-02;12;704
28;2025-12-02;13;741
28;2025-12-02;14;675
28;2025-12-02;15;699
28;2025-12-02;16;865
28;2025-12-02;17;1000
28;2025-12-02;18;955
28;2025-12-02;19;728
28;2025-12-02;20;520
28;2025-12-02;21;321
28;2025-12-02;22;132
28;2025-12-02;23;19
28;2025-12-03;0;1
28;2025-12-03;1;0
28;2025-12-03;2;0
28;2025-12-03;3;0
28;2025-12-03;4;2
28;2025-12-03;5;81
28;2025-12-03;6;274
28;2025-12-03;7;803
28;2025-12-03;8;1267
28;2025-12-03;9;867
28;2025-12-03;10;652
28;2025-12-03;11;598
28;2025-12-03;12;709
28;2025-12-03;13;735
28;2025-12-03;14;680
28;2025-12-03;15;714
28;2025-12-03;16;884
28;2025-12-03;17;1012
28;2025-12-03;18;961
28;2025-12-03;19;730
28;2025-12-03;20;508
28;2025-12-03;21;323
28;2025-12-03;22;139
28;2025-12-03;23;18
28;2025-12-04;0;1
28;2025-12-04;1;0
28;2025-12-04;2;0
28;2025-12-04;3;0
28;2025-12-04;4;2
28;2025-12-04;5;78
28;2025-12-04;6;273
28;2025-12-04;7;818
28;2025-12-04;8;1275
28;2025-12-04;9;878
28;2025-12-04;10;651
28;2025-12-04;11;576
28;2025-12-04;12;718
28;2025-12-04;13;735
28;2025-12-04;14;678
28;2025-12-04;15;710
28;2025-12-04;16;874
28;2025-12-04;17;1007
28;2025-12-04;18;987
28;2025-12-04;19;734
28;2025-12-04;20;522
28;2025-12-04;21;327
28;2025-12-04;22;140
28;2025-12-04;23;18
28;2025-12-05;0;1
28;2025-12-05;1;0
28;2025-12-05;2;0
28;2025-12-05;3;0
28;2025-12-05;4;2
28;2025-12-05;5;76
28;2025-12-05;6;264
28;2025-12-05;7;792
28;2025-12-05;8;1215
28;2025-12-05;9;849
28;2025-12-05;10;640
28;2025-12-05;11;569
28;2025-12-05;12;703
28;2025-12-05;13;723
28;2025-12-05;14;688
28;2025-12-05;15;712
28;2025-12-05;16;921
28;2025-12-05;17;1001
28;2025-12-05;18;888
28;2025-12-05;19;675
28;2025-12-05;20;487
28;2025-12-05;21;316
28;2025-12-05;22;140
28;2025-12-05;23;20
28;2025-12-06;0;1
28;2025-12-06;1;0
28;2025-12-06;2;0
28;2025-12-06;3;0
28;2025-12-06;4;1
28;2025-12-06;5;36
28;2025-12-06;6;100
28;2025-12-06;7;221
28;2025-12-06;8;385
28;2025-12-06;9;467
28;2025-12-06;10;489
28;2025-12-06;11;493
28;2025-12-06;12;587
28;2025-12-06;13;598
28;2025-12-06;14;607
28;2025-12-06;15;590
28;2025-12-06;16;558
28;2025-12-06;17;576
28;2025-12-06;18;502
28;2025-12-06;19;417
28;2025-12-06;20;315
28;2025-12-06;21;277
28;2025-12-06;22;134
28;2025-12-06;23;24
28;2025-12-07;0;4
28;2025-12-07;1;2
28;2025-12-07;2;1
28;2025-12-07;3;1
28;2025-12-07;4;0
28;2025-12-07;5;29
28;2025-12-07;6;79
28;2025-12-07;7;147
28;2025-12-07;8;242
28;2025-12-07;9;314
28;2025-12-07;10;360
28;2025-12-07;11;391
28;2025-12-07;12;450
28;2025-12-07;13;505
28;2025-12-07;14;495
28;2025-12-07;15;494
28;2025-12-07;16;465
28;2025-12-07;17;464
28;2025-12-07;18;404
28;2025-12-07;19;348
28;2025-12-07;20;280
28;2025-12-07;21;233
28;2025-12-07;22;106
28;2025-12-07;23;13
28;2025-12-08;0;1
28;2025-12-08;1;0
28;2025-12-08;2;0
28;2025-12-08;3;0
28;2025-12-08;4;2
28;2025-12-08;5;78
28;2025-12-08;6;270
28;2025-12-08;7;800
28;2025-12-08;8;1245
28;2025-12-08;9;869
28;2025-12-08;10;634
28;2025-12-08;11;562
28;2025-12-08;12;691
28;2025-12-08;13;706
28;2025-12-08;14;652
28;2025-12-08;15;683
28;2025-12-08;16;884
28;2025-12-08;17;989
28;2025-12-08;18;956
28;2025-12-08;19;721
28;2025-12-08;20;496
28;2025-12-08;21;311
28;2025-12-08;22;129
28;2025-12-08;23;16
28;2025-12-09;0;1
28;2025-12-09;1;0
28;2025-12-09;2;0
28;2025-12-09;3;0
28;2025-12-09;4;2
28;2025-12-09;5;76
28;2025-12-09;6;268
28;2025-12-09;7;810
28;2025-12-09;8;1265
28;2025-12-09;9;884
28;2025-12-09;10;671
28;2025-12-09;11;580
28;2025-12-09;12;704
28;2025-12-09;13;741
28;2025-12-09;14;675
28;2025-12-09;15;699
28;2025-12-09;16;865
28;2025-12-09;17;1000
28;2025-12-09;18;955
28;2025-12-09;19;728
28;2025-12-09;20;520
28;2025-12-09;21;321
28;2025-12-09;22;131
28;2025-12-09;23;19
28;2025-12-10;0;1
28;2025-12-10;1;0
28;2025-12-10;2;0
28;2025-12-10;3;0
28;2025-12-10;4;2
28;2025-12-10;5;81
28;2025-12-10;6;274
28;2025-12-10;7;803
28;2025-12-10;8;1266
28;2025-12-10;9;866
28;2025-12-10;10;652
28;2025-12-10;11;598
28;2025-12-10;12;708
28;2025-12-10;13;734
28;2025-12-10;14;679
28;2025-12-10;15;713
28;2025-12-10;16;883
28;2025-12-10;17;1012
28;2025-12-10;18;960
28;2025-12-10;19;729
28;2025-12-10;20;508
28;2025-12-10;21;323
28;2025-12-10;22;138
28;2025-12-10;23;18
28;2025-12-11;0;1
28;2025-12-11;1;0
28;2025-12-11;2;0
28;2025-12-11;3;0
28;2025-12-11;4;2
28;2025-12-11;5;78
28;2025-12-11;6;274
28;2025-12-11;7;818
28;2025-12-11;8;1275
28;2025-12-11;9;878
28;2025-12-11;10;651
28;2025-12-11;11;576
28;2025-12-11;12;717
28;2025-12-11;13;735
28;2025-12-11;14;678
28;2025-12-11;15;710
28;2025-12-11;16;874
28;2025-12-11;17;1007
28;2025-12-11;18;987
28;2025-12-11;19;733
28;2025-12-11;20;522
28;2025-12-11;21;326
28;2025-12-11;22;140
28;2025-12-11;23;18
28;2025-12-12;0;1
28;2025-12-12;1;0
28;2025-12-12;2;0
28;2025-12-12;3;0
28;2025-12-12;4;2
28;2025-12-12;5;76
28;2025-12-12;6;263
28;2025-12-12;7;792
28;2025-12-12;8;1214
28;2025-12-12;9;849
28;2025-12-12;10;639
28;2025-12-12;11;569
28;2025-12-12;12;702
28;2025-12-12;13;722
28;2025-12-12;14;688
28;2025-12-12;15;711
28;2025-12-12;16;920
28;2025-12-12;17;1000
28;2025-12-12;18;888
28;2025-12-12;19;675
28;2025-12-12;20;486
28;2025-12-12;21;317
28;2025-12-12;22;139
28;2025-12-12;23;20
28;2025-12-13;0;1
28;2025-12-13;1;0
28;2025-12-13;2;0
28;2025-12-13;3;0
28;2025-12-13;4;1
28;2025-12-13;5;36
28;2025-12-13;6;100
28;2025-12-13;7;221
28;2025-12-13;8;385
28;2025-12-13;9;466
28;2025-12-13;10;488
28;2025-12-13;11;492
28;2025-12-13;12;585
28;2025-12-13;13;597
28;2025-12-13;14;606
28;2025-12-13;15;589
28;2025-12-13;16;557
28;2025-12-13;17;575
28;2025-12-13;18;501
28;2025-12-13;19;417
28;2025-12-13;20;315
28;2025-12-13;21;277
28;2025-12-13;22;134
28;2025-12-13;23;24
28;2025-12-14;0;4
28;2025-12-14;1;2
28;2025-12-14;2;1
28;2025-12-14;3;1
28;2025-12-14;4;0
28;2025-12-14;5;29
28;2025-12-14;6;79
28;2025-12-14;7;147
28;2025-12-14;8;242
28;2025-12-14;9;314
28;2025-12-14;10;360
28;2025-12-14;11;391
28;2025-12-14;12;449
28;2025-12-14;13;505
28;2025-12-14;14;495
28;2025-12-14;15;494
28;2025-12-14;16;465
28;2025-12-14;17;463
28;2025-12-14;18;404
28;2025-12-14;19;348
28;2025-12-14;20;280
28;2025-12-14;21;233
28;2025-12-14;22;106
28;2025-12-14;23;13
28;2025-12-15;0;1
28;2025-12-15;1;0
28;2025-12-15;2;0
28;2025-12-15;3;0
28;2025-12-15;4;2
28;2025-12-15;5;78
28;2025-12-15;6;270
28;2025-12-15;7;799
28;2025-12-15;8;1244
28;2025-12-15;9;868
28;2025-12-15;10;633
28;2025-12-15;11;562
28;2025-12-15;12;690
28;2025-12-15;13;706
28;2025-12-15;14;651
28;2025-12-15;15;682
28;2025-12-15;16;883
28;2025-12-15;17;988
28;2025-12-15;18;955
28;2025-12-15;19;720
28;2025-12-15;20;495
28;2025-12-15;21;311
28;2025-12-15;22;128
28;2025-12-15;23;16
28;2025-12-16;0;1
28;2025-12-16;1;0
28;2025-12-16;2;0
28;2025-12-16;3;0
28;2025-12-16;4;2
28;2025-12-16;5;76
28;2025-12-16;6;267
28;2025-12-16;7;809
28;2025-12-16;8;1262
28;2025-12-16;9;882
28;2025-12-16;10;670
28;2025-12-16;11;579
28;2025-12-16;12;702
28;2025-12-16;13;739
28;2025-12-16;14;673
28;2025-12-16;15;697
28;2025-12-16;16;863
28;2025-12-16;17;998
28;2025-12-16;18;953
28;2025-12-16;19;726
28;2025-12-16;20;518
28;2025-12-16;21;320
28;2025-12-16;22;131
28;2025-12-16;23;19
28;2025-12-17;0;1
28;2025-12-17;1;0
28;2025-12-17;2;0
28;2025-12-17;3;0
28;2025-12-17;4;2
28;2025-12-17;5;80
28;2025-12-17;6;274
28;2025-12-17;7;801
28;2025-12-17;8;1263
28;2025-12-17;9;864
28;2025-12-17;10;650
28;2025-12-17;11;596
28;2025-12-17;12;707
28;2025-12-17;13;733
28;2025-12-17;14;678
28;2025-12-17;15;712
28;2025-12-17;16;881
28;2025-12-17;17;1009
28;2025-12-17;18;958
28;2025-12-17;19;727
28;2025-12-17;20;507
28;2025-12-17;21;322
28;2025-12-17;22;138
28;2025-12-17;23;18
28;2025-12-18;0;1
28;2025-12-18;1;0
28;2025-12-18;2;0
28;2025-12-18;3;0
28;2025-12-18;4;2
28;2025-12-18;5;78
28;2025-12-18;6;273
28;2025-12-18;7;816
28;2025-12-18;8;1272
28;2025-12-18;9;876
28;2025-12-18;10;649
28;2025-12-18;11;575
28;2025-12-18;12;715
28;2025-12-18;13;733
28;2025-12-18;14;676
28;2025-12-18;15;708
28;2025-12-18;16;872
28;2025-12-18;17;1005
28;2025-12-18;18;984
28;2025-12-18;19;731
28;2025-12-18;20;521
28;2025-12-18;21;326
28;2025-12-18;22;140
28;2025-12-18;23;18
28;2025-12-19;0;1
28;2025-12-19;1;0
28;2025-12-19;2;0
28;2025-12-19;3;0
28;2025-12-19;4;2
28;2025-12-19;5;76
28;2025-12-19;6;262
28;2025-12-19;7;790
28;2025-12-19;8;1211
28;2025-12-19;9;847
28;2025-12-19;10;638
28;2025-12-19;11;567
28;2025-12-19;12;700
28;2025-12-19;13;721
28;2025-12-19;14;686
28;2025-12-19;15;710
28;2025-12-19;16;918
28;2025-12-19;17;998
28;2025-12-19;18;885
28;2025-12-19;19;673
28;2025-12-19;20;485
28;2025-12-19;21;316
28;2025-12-19;22;139
28;2025-12-19;23;20
28;2025-12-20;0;1
28;2025-12-20;1;0
28;2025-12-20;2;0
28;2025-12-20;3;0
28;2025-12-20;4;1
28;2025-12-20;5;36
28;2025-12-20;6;99
28;2025-12-20;7;220
28;2025-12-20;8;384
28;2025-12-20;9;465
28;2025-12-20;10;487
28;2025-12-20;11;490
28;2025-12-20;12;584
28;2025-12-20;13;596
28;2025-12-20;14;605
28;2025-12-20;15;588
28;2025-12-20;16;556
28;2025-12-20;17;574
28;2025-12-20;18;499
28;2025-12-20;19;416
28;2025-12-20;20;314
28;2025-12-20;21;276
28;2025-12-20;22;133
28;2025-12-20;23;23
28;2025-12-21;0;4
28;2025-12-21;1;2
28;2025-12-21;2;1
28;2025-12-21;3;1
28;2025-12-21;4;0
28;2025-12-21;5;29
28;2025-12-21;6;79
28;2025-12-21;7;147
28;2025-12-21;8;241
28;2025-12-21;9;314
28;2025-12-21;10;359
28;2025-12-21;11;390
28;2025-12-21;12;449
28;2025-12-21;13;504
28;2025-12-21;14;494
28;2025-12-21;15;493
28;2025-12-21;16;465
28;2025-12-21;17;463
28;2025-12-21;18;404
28;2025-12-21;19;347
28;2025-12-21;20;279
28;2025-12-21;21;232
28;2025-12-21;22;106
28;2025-12-21;23;13
28;2025-12-22;0;1
28;2025-12-22;1;0
28;2025-12-22;2;0
28;2025-12-22;3;0
28;2025-12-22;4;2
28;2025-12-22;5;78
28;2025-12-22;6;270
28;2025-12-22;7;797
28;2025-12-22;8;1241
28;2025-12-22;9;866
28;2025-12-22;10;631
28;2025-12-22;11;560
28;2025-12-22;12;688
28;2025-12-22;13;704
28;2025-12-22;14;650
28;2025-12-22;15;681
28;2025-12-22;16;881
28;2025-12-22;17;986
28;2025-12-22;18;954
28;2025-12-22;19;719
28;2025-12-22;20;494
28;2025-12-22;21;310
28;2025-12-22;22;128
28;2025-12-22;23;16
28;2025-12-23;0;1
28;2025-12-23;1;0
28;2025-12-23;2;0
28;2025-12-23;3;0
28;2025-12-23;4;2
28;2025-12-23;5;76
28;2025-12-23;6;266
28;2025-12-23;7;807
28;2025-12-23;8;1260
28;2025-12-23;9;880
28;2025-12-23;10;669
28;2025-12-23;11;577
28;2025-12-23;12;701
28;2025-12-23;13;737
28;2025-12-23;14;672
28;2025-12-23;15;696
28;2025-12-23;16;861
28;2025-12-23;17;995
28;2025-12-23;18;951
28;2025-12-23;19;724
28;2025-12-23;20;518
28;2025-12-23;21;320
28;2025-12-23;22;131
28;2025-12-23;23;19
28;2025-12-24;0;1
28;2025-12-24;1;0
28;2025-12-24;2;0
28;2025-12-24;3;0
28;2025-12-24;4;2
28;2025-12-24;5;80
28;2025-12-24;6;273
28;2025-12-24;7;800
28;2025-12-24;8;1260
28;2025-12-24;9;862
28;2025-12-24;10;648
28;2025-12-24;11;595
28;2025-12-24;12;705
28;2025-12-24;13;731
28;2025-12-24;14;676
28;2025-12-24;15;710
28;2025-12-24;16;879
28;2025-12-24;17;1007
28;2025-12-24;18;956
28;2025-12-24;19;726
28;2025-12-24;20;506
28;2025-12-24;21;321
28;2025-12-24;22;138
28;2025-12-24;23;18
28;2025-12-25;0;1
28;2025-12-25;1;0
28;2025-12-25;2;0
28;2025-12-25;3;0
28;2025-12-25;4;2
28;2025-12-25;5;77
28;2025-12-25;6;272
28;2025-12-25;7;813
28;2025-12-25;8;1268
28;2025-12-25;9;873
28;2025-12-25;10;647
28;2025-12-25;11;573
28;2025-12-25;12;713
28;2025-12-25;13;730
28;2025-12-25;14;675
28;2025-12-25;15;706
28;2025-12-25;16;869
28;2025-12-25;17;1001
28;2025-12-25;18;981
28;2025-12-25;19;729
28;2025-12-25;20;518
28;2025-12-25;21;325
28;2025-12-25;22;139
28;2025-12-25;23;18
28;2025-12-26;0;1
28;2025-12-26;1;0
28;2025-12-26;2;0
28;2025-12-26;3;0
28;2025-12-26;4;2
28;2025-12-26;5;76
28;2025-12-26;6;262
28;2025-12-26;7;787
28;2025-12-26;8;1207
28;2025-12-26;9;844
28;2025-12-26;10;636
28;2025-12-26;11;565
28;2025-12-26;12;698
28;2025-12-26;13;718
28;2025-12-26;14;684
28;2025-12-26;15;707
28;2025-12-26;16;914
28;2025-12-26;17;994
28;2025-12-26;18;882
28;2025-12-26;19;671
28;2025-12-26;20;483
28;2025-12-26;21;314
28;2025-12-26;22;139
28;2025-12-26;23;20
28;2025-12-27;0;1
28;2025-12-27;1;0
28;2025-12-27;2;0
28;2025-12-27;3;0
28;2025-12-27;4;1
28;2025-12-27;5;36
28;2025-12-27;6;99
28;2025-12-27;7;220
28;2025-12-27;8;383
28;2025-12-27;9;464
28;2025-12-27;10;486
28;2025-12-27;11;490
28;2025-12-27;12;583
28;2025-12-27;13;595
28;2025-12-27;14;604
28;2025-12-27;15;587
28;2025-12-27;16;555
28;2025-12-27;17;573
28;2025-12-27;18;499
28;2025-12-27;19;415
28;2025-12-27;20;314
28;2025-12-27;21;276
28;2025-12-27;22;133
28;2025-12-27;23;23
28;2025-12-28;0;4
28;2025-12-28;1;2
28;2025-12-28;2;1
28;2025-12-28;3;1
28;2025-12-28;4;0
28;2025-12-28;5;29
28;2025-12-28;6;79
28;2025-12-28;7;147
28;2025-12-28;8;241
28;2025-12-28;9;313
28;2025-12-28;10;359
28;2025-12-28;11;390
28;2025-12-28;12;448
28;2025-12-28;13;505
28;2025-12-28;14;494
28;2025-12-28;15;493
28;2025-12-28;16;464
28;2025-12-28;17;462
28;2025-12-28;18;403
28;2025-12-28;19;347
28;2025-12-28;20;279
28;2025-12-28;21;232
28;2025-12-28;22;106
28;2025-12-28;23;13
28;2025-12-29;0;1
28;2025-12-29;1;0
28;2025-12-29;2;0
28;2025-12-29;3;0
28;2025-12-29;4;2
28;2025-12-29;5;77
28;2025-12-29;6;269
28;2025-12-29;7;794
28;2025-12-29;8;1237
28;2025-12-29;9;863
28;2025-12-29;10;629
28;2025-12-29;11;558
28;2025-12-29;12;686
28;2025-12-29;13;702
28;2025-12-29;14;647
28;2025-12-29;15;678
28;2025-12-29;16;877
28;2025-12-29;17;983
28;2025-12-29;18;950
28;2025-12-29;19;716
28;2025-12-29;20;492
28;2025-12-29;21;309
28;2025-12-29;22;128
28;2025-12-29;23;16
28;2025-12-30;0;1
28;2025-12-30;1;0
28;2025-12-30;2;0
28;2025-12-30;3;0
28;2025-12-30;4;2
28;2025-12-30;5;75
28;2025-12-30;6;265
28;2025-12-30;7;803
28;2025-12-30;8;1253
28;2025-12-30;9;876
28;2025-12-30;10;666
28;2025-12-30;11;575
28;2025-12-30;12;697
28;2025-12-30;13;734
28;2025-12-30;14;669
28;2025-12-30;15;692
28;2025-12-30;16;857
28;2025-12-30;17;991
28;2025-12-30;18;946
28;2025-12-30;19;721
28;2025-12-30;20;515
28;2025-12-30;21;318
28;2025-12-30;22;130
28;2025-12-30;23;19
28;2025-12-31;0;4
28;2025-12-31;1;2
28;2025-12-31;2;1
28;2025-12-31;3;1
28;2025-12-31;4;0
28;2025-12-31;5;28
28;2025-12-31;6;78
28;2025-12-31;7;146
28;2025-12-31;8;232
28;2025-12-31;9;301
28;2025-12-31;10;348
28;2025-12-31;11;376
28;2025-12-31;12;435
28;2025-12-31;13;491
28;2025-12-31;14;484
28;2025-12-31;15;482
28;2025-12-31;16;454
28;2025-12-31;17;456
28;2025-12-31;18;396
28;2025-12-31;19;340
28;2025-12-31;20;277
28;2025-12-31;21;230
28;2025-12-31;22;106
28;2025-12-31;23;14
50;2025-11-01;0;35
50;2025-11-01;1;3
50;2025-11-01;2;0
50;2025-11-01;3;0
50;2025-11-01;4;3
50;2025-11-01;5;71
50;2025-11-01;6;564
50;2025-11-01;7;1811
50;2025-11-01;8;2831
50;2025-11-01;9;2227
50;2025-11-01;10;1700
50;2025-11-01;11;1619
50;2025-11-01;12;1515
50;2025-11-01;13;1528
50;2025-11-01;14;1462
50;2025-11-01;15;1734
50;2025-11-01;16;1822
50;2025-11-01;17;2416
50;2025-11-01;18;2469
50;2025-11-01;19;1472
50;2025-11-01;20;918
50;2025-11-01;21;624
50;2025-11-01;22;287
50;2025-11-01;23;148
50;2025-11-02;0;39
50;2025-11-02;1;5
50;2025-11-02;2;1
50;2025-11-02;3;0
50;2025-11-02;4;1
50;2025-11-02;5;20
50;2025-11-02;6;96
50;2025-11-02;7;184
50;2025-11-02;8;289
50;2025-11-02;9;365
50;2025-11-02;10;398
50;2025-11-02;11;503
50;2025-11-02;12;557
50;2025-11-02;13;611
50;2025-11-02;14;632
50;2025-11-02;15;571
50;2025-11-02;16;575
50;2025-11-02;17;569
50;2025-11-02;18;506
50;2025-11-02;19;430
50;2025-11-02;20;351
50;2025-11-02;21;266
50;2025-11-02;22;163
50;2025-11-02;23;90
50;2025-11-03;0;38
50;2025-11-03;1;5
50;2025-11-03;2;1
50;2025-11-03;3;0
50;2025-11-03;4;1
50;2025-11-03;5;21
50;2025-11-03;6;102
50;2025-11-03;7;197
50;2025-11-03;8;293
50;2025-11-03;9;367
50;2025-11-03;10;390
50;2025-11-03;11;502
50;2025-11-03;12;561
50;2025-11-03;13;616
50;2025-11-03;14;627
50;2025-11-03;15;574
50;2025-11-03;16;567
50;2025-11-03;17;566
50;2025-11-03;18;501
50;2025-11-03;19;435
50;2025-11-03;20;354
50;2025-11-03;21;265
50;2025-11-03;22;167
50;2025-11-03;23;93
50;2025-11-04;0;38
50;2025-11-04;1;5
50;2025-11-04;2;1
50;2025-11-04;3;0
50;2025-11-04;4;1
50;2025-11-04;5;21
50;2025-11-04;6;102
50;2025-11-04;7;197
50;2025-11-04;8;293
50;2025-11-04;9;367
50;2025-11-04;10;390
50;2025-11-04;11;502
50;2025-11-04;12;560
50;2025-11-04;13;616
50;2025-11-04;14;628
50;2025-11-04;15;574
50;2025-11-04;16;567
50;2025-11-04;17;566
50;2025-11-04;18;501
50;2025-11-04;19;435
50;2025-11-04;20;355
50;2025-11-04;21;265
50;2025-11-04;22;167
50;2025-11-04;23;93
50;2025-11-05;0;35
50;2025-11-05;1;4
50;2025-11-05;2;0
50;2025-11-05;3;0
50;2025-11-05;4;3
50;2025-11-05;5;72
50;2025-11-05;6;560
50;2025-11-05;7;1789
50;2025-11-05;8;2795
50;2025-11-05;9;2200
50;2025-11-05;10;1685
50;2025-11-05;11;1605
50;2025-11-05;12;1504
50;2025-11-05;13;1529
50;2025-11-05;14;1473
50;2025-11-05;15;1727
50;2025-11-05;16;1797
50;2025-11-05;17;2440
50;2025-11-05;18;2485
50;2025-11-05;19;1498
50;2025-11-05;20;909
50;2025-11-05;21;625
50;2025-11-05;22;288
50;2025-11-05;23;144
50;2025-11-06;0;38
50;2025-11-06;1;3
50;2025-11-06;2;0
50;2025-11-06;3;0
50;2025-11-06;4;2
50;2025-11-06;5;71
50;2025-11-06;6;551
50;2025-11-06;7;1773
50;2025-11-06;8;2754
50;2025-11-06;9;2181
50;2025-11-06;10;1682
50;2025-11-06;11;1587
50;2025-11-06;12;1498
50;2025-11-06;13;1505
50;2025-11-06;14;1436
50;2025-11-06;15;1676
50;2025-11-06;16;1788
50;2025-11-06;17;2384
50;2025-11-06;18;2475
50;2025-11-06;19;1467
50;2025-11-06;20;931
50;2025-11-06;21;635
50;2025-11-06;22;288
50;2025-11-06;23;152
50;2025-11-07;0;39
50;2025-11-07;1;3
50;2025-11-07;2;0
50;2025-11-07;3;0
50;2025-11-07;4;3
50;2025-11-07;5;68
50;2025-11-07;6;552
50;2025-11-07;7;1741
50;2025-11-07;8;2729
50;2025-11-07;9;2142
50;2025-11-07;10;1622
50;2025-11-07;11;1611
50;2025-11-07;12;1520
50;2025-11-07;13;1523
50;2025-11-07;14;1452
50;2025-11-07;15;1756
50;2025-11-07;16;1938
50;2025-11-07;17;2289
50;2025-11-07;18;2123
50;2025-11-07;19;1343
50;2025-11-07;20;864
50;2025-11-07;21;590
50;2025-11-07;22;293
50;2025-11-07;23;160
50;2025-11-08;0;50
50;2025-11-08;1;4
50;2025-11-08;2;0
50;2025-11-08;3;0
50;2025-11-08;4;1
50;2025-11-08;5;24
50;2025-11-08;6;138
50;2025-11-08;7;309
50;2025-11-08;8;474
50;2025-11-08;9;510
50;2025-11-08;10;492
50;2025-11-08;11;619
50;2025-11-08;12;648
50;2025-11-08;13;683
50;2025-11-08;14;677
50;2025-11-08;15;659
50;2025-11-08;16;639
50;2025-11-08;17;639
50;2025-11-08;18;559
50;2025-11-08;19;484
50;2025-11-08;20;370
50;2025-11-08;21;288
50;2025-11-08;22;176
50;2025-11-08;23;106
50;2025-11-09;0;39
50;2025-11-09;1;5
50;2025-11-09;2;1
50;2025-11-09;3;0
50;2025-11-09;4;1
50;2025-11-09;5;20
50;2025-11-09;6;97
50;2025-11-09;7;185
50;2025-11-09;8;290
50;2025-11-09;9;366
50;2025-11-09;10;399
50;2025-11-09;11;505
50;2025-11-09;12;559
50;2025-11-09;13;614
50;2025-11-09;14;635
50;2025-11-09;15;574
50;2025-11-09;16;577
50;2025-11-09;17;571
50;2025-11-09;18;508
50;2025-11-09;19;432
50;2025-11-09;20;352
50;2025-11-09;21;267
50;2025-11-09;22;164
50;2025-11-09;23;90
50;2025-11-10;0;32
50;2025-11-10;1;4
50;2025-11-10;2;0
50;2025-11-10;3;0
50;2025-11-10;4;3
50;2025-11-10;5;69
50;2025-11-10;6;544
50;2025-11-10;7;1786
50;2025-11-10;8;2804
50;2025-11-10;9;2206
50;2025-11-10;10;1679
50;2025-11-10;11;1584
50;2025-11-10;12;1454
50;2025-11-10;13;1488
50;2025-11-10;14;1422
50;2025-11-10;15;1682
50;2025-11-10;16;1736
50;2025-11-10;17;2390
50;2025-11-10;18;2491
50;2025-11-10;19;1476
50;2025-11-10;20;906
50;2025-11-10;21;607
50;2025-11-10;22;275
50;2025-11-10;23;136
50;2025-11-11;0;35
50;2025-11-11;1;3
50;2025-11-11;2;0
50;2025-11-11;3;0
50;2025-11-11;4;2
50;2025-11-11;5;69
50;2025-11-11;6;576
50;2025-11-11;7;1820
50;2025-11-11;8;2851
50;2025-11-11;9;2248
50;2025-11-11;10;1711
50;2025-11-11;11;1611
50;2025-11-11;12;1522
50;2025-11-11;13;1531
50;2025-11-11;14;1459
50;2025-11-11;15;1721
50;2025-11-11;16;1765
50;2025-11-11;17;2434
50;2025-11-11;18;2548
50;2025-11-11;19;1494
50;2025-11-11;20;936
50;2025-11-11;21;623
50;2025-11-11;22;283
50;2025-11-11;23;140
50;2025-11-12;0;35
50;2025-11-12;1;4
50;2025-11-12;2;0
50;2025-11-12;3;0
50;2025-11-12;4;3
50;2025-11-12;5;71
50;2025-11-12;6;558
50;2025-11-12;7;1785
50;2025-11-12;8;2789
50;2025-11-12;9;2195
50;2025-11-12;10;1681
50;2025-11-12;11;1602
50;2025-11-12;12;1501
50;2025-11-12;13;1526
50;2025-11-12;14;1470
50;2025-11-12;15;1723
50;2025-11-12;16;1793
50;2025-11-12;17;2435
50;2025-11-12;18;2480
50;2025-11-12;19;1495
50;2025-11-12;20;907
50;2025-11-12;21;624
50;2025-11-12;22;288
50;2025-11-12;23;143
50;2025-11-13;0;38
50;2025-11-13;1;3
50;2025-11-13;2;0
50;2025-11-13;3;0
50;2025-11-13;4;2
50;2025-11-13;5;71
50;2025-11-13;6;551
50;2025-11-13;7;1772
50;2025-11-13;8;2753
50;2025-11-13;9;2180
50;2025-11-13;10;1681
50;2025-11-13;11;1586
50;2025-11-13;12;1498
50;2025-11-13;13;1504
50;2025-11-13;14;1435
50;2025-11-13;15;1674
50;2025-11-13;16;1788
50;2025-11-13;17;2383
50;2025-11-13;18;2475
50;2025-11-13;19;1467
50;2025-11-13;20;931
50;2025-11-13;21;635
50;2025-11-13;22;288
50;2025-11-13;23;152
50;2025-11-14;0;38
50;2025-11-14;1;3
50;2025-11-14;2;0
50;2025-11-14;3;0
50;2025-11-14;4;3
50;2025-11-14;5;68
50;2025-11-14;6;551
50;2025-11-14;7;1739
50;2025-11-14;8;2725
50;2025-11-14;9;2139
50;2025-11-14;10;1620
50;2025-11-14;11;1609
50;2025-11-14;12;1517
50;2025-11-14;13;1521
50;2025-11-14;14;1449
50;2025-11-14;15;1754
50;2025-11-14;16;1936
50;2025-11-14;17;2286
50;2025-11-14;18;2120
50;2025-11-14;19;1341
50;2025-11-14;20;862
50;2025-11-14;21;589
50;2025-11-14;22;293
50;2025-11-14;23;159
50;2025-11-15;0;51
50;2025-11-15;1;4
50;2025-11-15;2;0
50;2025-11-15;3;0
50;2025-11-15;4;1
50;2025-11-15;5;24
50;2025-11-15;6;139
50;2025-11-15;7;310
50;2025-11-15;8;474
50;2025-11-15;9;512
50;2025-11-15;10;494
50;2025-11-15;11;621
50;2025-11-15;12;650
50;2025-11-15;13;685
50;2025-11-15;14;679
50;2025-11-15;15;660
50;2025-11-15;16;641
50;2025-11-15;17;641
50;2025-11-15;18;561
50;2025-11-15;19;485
50;2025-11-15;20;371
50;2025-11-15;21;289
50;2025-11-15;22;176
50;2025-11-15;23;106
50;2025-11-16;0;39
50;2025-11-16;1;5
50;2025-11-16;2;1
50;2025-11-16;3;0
50;2025-11-16;4;1
50;2025-11-16;5;20
50;2025-11-16;6;97
50;2025-11-16;7;185
50;2025-11-16;8;291
50;2025-11-16;9;367
50;2025-11-16;10;400
50;2025-11-16;11;507
50;2025-11-16;12;560
50;2025-11-16;13;615
50;2025-11-16;14;637
50;2025-11-16;15;575
50;2025-11-16;16;578
50;2025-11-16;17;572
50;2025-11-16;18;510
50;2025-11-16;19;432
50;2025-11-16;20;353
50;2025-11-16;21;267
50;2025-11-16;22;164
50;2025-11-16;23;90
50;2025-11-17;0;32
50;2025-11-17;1;4
50;2025-11-17;2;0
50;2025-11-17;3;0
50;2025-11-17;4;3
50;2025-11-17;5;69
50;2025-11-17;6;542
50;2025-11-17;7;1778
50;2025-11-17;8;2792
50;2025-11-17;9;2197
50;2025-11-17;10;1671
50;2025-11-17;11;1576
50;2025-11-17;12;1448
50;2025-11-17;13;1481
50;2025-11-17;14;1416
50;2025-11-17;15;1674
50;2025-11-17;16;1728
50;2025-11-17;17;2380
50;2025-11-17;18;2480
50;2025-11-17;19;1469
50;2025-11-17;20;902
50;2025-11-17;21;605
50;2025-11-17;22;273
50;2025-11-17;23;136
50;2025-11-18;0;35
50;2025-11-18;1;3
50;2025-11-18;2;0
50;2025-11-18;3;0
50;2025-11-18;4;2
50;2025-11-18;5;69
50;2025-11-18;6;573
50;2025-11-18;7;1812
50;2025-11-18;8;2838
50;2025-11-18;9;2237
50;2025-11-18;10;1703
50;2025-11-18;11;1604
50;2025-11-18;12;1514
50;2025-11-18;13;1523
50;2025-11-18;14;1452
50;2025-11-18;15;1713
50;2025-11-18;16;1757
50;2025-11-18;17;2423
50;2025-11-18;18;2536
50;2025-11-18;19;1487
50;2025-11-18;20;932
50;2025-11-18;21;620
50;2025-11-18;22;282
50;2025-11-18;23;139
50;2025-11-19;0;35
50;2025-11-19;1;4
50;2025-11-19;2;0
50;2025-11-19;3;0
50;2025-11-19;4;3
50;2025-11-19;5;71
50;2025-11-19;6;555
50;2025-11-19;7;1776
50;2025-11-19;8;2775
50;2025-11-19;9;2184
50;2025-11-19;10;1673
50;2025-11-19;11;1594
50;2025-11-19;12;1493
50;2025-11-19;13;1518
50;2025-11-19;14;1463
50;2025-11-19;15;1715
50;2025-11-19;16;1784
50;2025-11-19;17;2423
50;2025-11-19;18;2468
50;2025-11-19;19;1488
50;2025-11-19;20;903
50;2025-11-19;21;621
50;2025-11-19;22;287
50;2025-11-19;23;143
50;2025-11-20;0;38
50;2025-11-20;1;3
50;2025-11-20;2;0
50;2025-11-20;3;0
50;2025-11-20;4;2
50;2025-11-20;5;71
50;2025-11-20;6;548
50;2025-11-20;7;1763
50;2025-11-20;8;2739
50;2025-11-20;9;2168
50;2025-11-20;10;1673
50;2025-11-20;11;1578
50;2025-11-20;12;1490
50;2025-11-20;13;1497
50;2025-11-20;14;1429
50;2025-11-20;15;1666
50;2025-11-20;16;1779
50;2025-11-20;17;2370
50;2025-11-20;18;2462
50;2025-11-20;19;1460
50;2025-11-20;20;927
50;2025-11-20;21;632
50;2025-11-20;22;286
50;2025-11-20;23;151
50;2025-11-21;0;38
50;2025-11-21;1;3
50;2025-11-21;2;0
50;2025-11-21;3;0
50;2025-11-21;4;3
50;2025-11-21;5;68
50;2025-11-21;6;548
50;2025-11-21;7;1731
50;2025-11-21;8;2712
50;2025-11-21;9;2129
50;2025-11-21;10;1612
50;2025-11-21;11;1601
50;2025-11-21;12;1510
50;2025-11-21;13;1514
50;2025-11-21;14;1443
50;2025-11-21;15;1746
50;2025-11-21;16;1926
50;2025-11-21;17;2275
50;2025-11-21;18;2110
50;2025-11-21;19;1334
50;2025-11-21;20;858
50;2025-11-21;21;586
50;2025-11-21;22;291
50;2025-11-21;23;159
50;2025-11-22;0;51
50;2025-11-22;1;4
50;2025-11-22;2;0
50;2025-11-22;3;0
50;2025-11-22;4;1
50;2025-11-22;5;24
50;2025-11-22;6;138
50;2025-11-22;7;311
50;2025-11-22;8;475
50;2025-11-22;9;512
50;2025-11-22;10;494
50;2025-11-22;11;622
50;2025-11-22;12;651
50;2025-11-22;13;686
50;2025-11-22;14;680
50;2025-11-22;15;662
50;2025-11-22;16;642
50;2025-11-22;17;642
50;2025-11-22;18;562
50;2025-11-22;19;485
50;2025-11-22;20;372
50;2025-11-22;21;290
50;2025-11-22;22;176
50;2025-11-22;23;106
50;2025-11-23;0;39
50;2025-11-23;1;5
50;2025-11-23;2;1
50;2025-11-23;3;0
50;2025-11-23;4;1
50;2025-11-23;5;20
50;2025-11-23;6;96
50;2025-11-23;7;185
50;2025-11-23;8;291
50;2025-11-23;9;368
50;2025-11-23;10;400
50;2025-11-23;11;506
50;2025-11-23;12;560
50;2025-11-23;13;616
50;2025-11-23;14;638
50;2025-11-23;15;575
50;2025-11-23;16;579
50;2025-11-23;17;573
50;2025-11-23;18;510
50;2025-11-23;19;433
50;2025-11-23;20;354
50;2025-11-23;21;268
50;2025-11-23;22;164
50;2025-11-23;23;90
50;2025-11-24;0;32
50;2025-11-24;1;4
50;2025-11-24;2;0
50;2025-11-24;3;0
50;2025-11-24;4;3
50;2025-11-24;5;69
50;2025-11-24;6;539
50;2025-11-24;7;1770
50;2025-11-24;8;2779
50;2025-11-24;9;2186
50;2025-11-24;10;1663
50;2025-11-24;11;1569
50;2025-11-24;12;1441
50;2025-11-24;13;1474
50;2025-11-24;14;1409
50;2025-11-24;15;1667
50;2025-11-24;16;1720
50;2025-11-24;17;2368
50;2025-11-24;18;2468
50;2025-11-24;19;1462
50;2025-11-24;20;898
50;2025-11-24;21;602
50;2025-11-24;22;272
50;2025-11-24;23;136
50;2025-11-25;0;35
50;2025-11-25;1;3
50;2025-11-25;2;0
50;2025-11-25;3;0
50;2025-11-25;4;2
50;2025-11-25;5;69
50;2025-11-25;6;570
50;2025-11-25;7;1804
50;2025-11-25;8;2825
50;2025-11-25;9;2226
50;2025-11-25;10;1695
50;2025-11-25;11;1596
50;2025-11-25;12;1508
50;2025-11-25;13;1517
50;2025-11-25;14;1445
50;2025-11-25;15;1705
50;2025-11-25;16;1749
50;2025-11-25;17;2411
50;2025-11-25;18;2525
50;2025-11-25;19;1480
50;2025-11-25;20;928
50;2025-11-25;21;617
50;2025-11-25;22;281
50;2025-11-25;23;139
50;2025-11-26;0;35
50;2025-11-26;1;4
50;2025-11-26;2;0
50;2025-11-26;3;0
50;2025-11-26;4;3
50;2025-11-26;5;71
50;2025-11-26;6;553
50;2025-11-26;7;1770
50;2025-11-26;8;2765
50;2025-11-26;9;2176
50;2025-11-26;10;1666
50;2025-11-26;11;1588
50;2025-11-26;12;1488
50;2025-11-26;13;1512
50;2025-11-26;14;1457
50;2025-11-26;15;1708
50;2025-11-26;16;1777
50;2025-11-26;17;2414
50;2025-11-26;18;2459
50;2025-11-26;19;1482
50;2025-11-26;20;899
50;2025-11-26;21;618
50;2025-11-26;22;286
50;2025-11-26;23;142
50;2025-11-27;0;37
50;2025-11-27;1;3
50;2025-11-27;2;0
50;2025-11-27;3;0
50;2025-11-27;4;2
50;2025-11-27;5;70
50;2025-11-27;6;546
50;2025-11-27;7;1757
50;2025-11-27;8;2729
50;2025-11-27;9;2161
50;2025-11-27;10;1667
50;2025-11-27;11;1572
50;2025-11-27;12;1485
50;2025-11-27;13;1492
50;2025-11-27;14;1423
50;2025-11-27;15;1660
50;2025-11-27;16;1773
50;2025-11-27;17;2363
50;2025-11-27;18;2453
50;2025-11-27;19;1454
50;2025-11-27;20;923
50;2025-11-27;21;630
50;2025-11-27;22;285
50;2025-11-27;23;150
50;2025-11-28;0;38
50;2025-11-28;1;3
50;2025-11-28;2;0
50;2025-11-28;3;0
50;2025-11-28;4;3
50;2025-11-28;5;68
50;2025-11-28;6;546
50;2025-11-28;7;1724
50;2025-11-28;8;2702
50;2025-11-28;9;2120
50;2025-11-28;10;1606
50;2025-11-28;11;1595
50;2025-11-28;12;1504
50;2025-11-28;13;1507
50;2025-11-28;14;1436
50;2025-11-28;15;1739
50;2025-11-28;16;1919
50;2025-11-28;17;2267
50;2025-11-28;18;2102
50;2025-11-28;19;1329
50;2025-11-28;20;855
50;2025-11-28;21;584
50;2025-11-28;22;291
50;2025-11-28;23;158
50;2025-11-29;0;51
50;2025-11-29;1;4
50;2025-11-29;2;0
50;2025-11-29;3;0
50;2025-11-29;4;1
50;2025-11-29;5;24
50;2025-11-29;6;139
50;2025-11-29;7;311
50;2025-11-29;8;476
50;2025-11-29;9;513
50;2025-11-29;10;495
50;2025-11-29;11;623
50;2025-11-29;12;652
50;2025-11-29;13;687
50;2025-11-29;14;681
50;2025-11-29;15;663
50;2025-11-29;16;643
50;2025-11-29;17;643
50;2025-11-29;18;563
50;2025-11-29;19;486
50;2025-11-29;20;372
50;2025-11-29;21;290
50;2025-11-29;22;176
50;2025-11-29;23;106
50;2025-11-30;0;39
50;2025-11-30;1;5
50;2025-11-30;2;1
50;2025-11-30;3;0
50;2025-11-30;4;1
50;2025-11-30;5;20
50;2025-11-30;6;97
50;2025-11-30;7;186
50;2025-11-30;8;291
50;2025-11-30;9;368
50;2025-11-30;10;401
50;2025-11-30;11;508
50;2025-11-30;12;562
50;2025-11-30;13;617
50;2025-11-30;14;639
50;2025-11-30;15;577
50;2025-11-30;16;580
50;2025-11-30;17;574
50;2025-11-30;18;512
50;2025-11-30;19;434
50;2025-11-30;20;354
50;2025-11-30;21;268
50;2025-11-30;22;164
50;2025-11-30;23;90
50;2025-12-01;0;32
50;2025-12-01;1;4
50;2025-12-01;2;0
50;2025-12-01;3;0
50;2025-12-01;4;3
50;2025-12-01;5;68
50;2025-12-01;6;537
50;2025-12-01;7;1763
50;2025-12-01;8;2768
50;2025-12-01;9;2178
50;2025-12-01;10;1657
50;2025-12-01;11;1563
50;2025-12-01;12;1435
50;2025-12-01;13;1469
50;2025-12-01;14;1404
50;2025-12-01;15;1660
50;2025-12-01;16;1713
50;2025-12-01;17;2360
50;2025-12-01;18;2459
50;2025-12-01;19;1457
50;2025-12-01;20;894
50;2025-12-01;21;600
50;2025-12-01;22;271
50;2025-12-01;23;135
50;2025-12-02;0;35
50;2025-12-02;1;3
50;2025-12-02;2;0
50;2025-12-02;3;0
50;2025-12-02;4;2
50;2025-12-02;5;69
50;2025-12-02;6;568
50;2025-12-02;7;1797
50;2025-12-02;8;2815
50;2025-12-02;9;2218
50;2025-12-02;10;1689
50;2025-12-02;11;1590
50;2025-12-02;12;1502
50;2025-12-02;13;1511
50;2025-12-02;14;1440
50;2025-12-02;15;1699
50;2025-12-02;16;1743
50;2025-12-02;17;2403
50;2025-12-02;18;2516
50;2025-12-02;19;1475
50;2025-12-02;20;925
50;2025-12-02;21;615
50;2025-12-02;22;280
50;2025-12-02;23;138
50;2025-12-03;0;35
50;2025-12-03;1;4
50;2025-12-03;2;0
50;2025-12-03;3;0
50;2025-12-03;4;3
50;2025-12-03;5;71
50;2025-12-03;6;552
50;2025-12-03;7;1764
50;2025-12-03;8;2757
50;2025-12-03;9;2170
50;2025-12-03;10;1662
50;2025-12-03;11;1583
50;2025-12-03;12;1483
50;2025-12-03;13;1508
50;2025-12-03;14;1453
50;2025-12-03;15;1703
50;2025-12-03;16;1772
50;2025-12-03;17;2406
50;2025-12-03;18;2452
50;2025-12-03;19;1478
50;2025-12-03;20;897
50;2025-12-03;21;616
50;2025-12-03;22;284
50;2025-12-03;23;141
50;2025-12-04;0;37
50;2025-12-04;1;3
50;2025-12-04;2;0
50;2025-12-04;3;0
50;2025-12-04;4;2
50;2025-12-04;5;70
50;2025-12-04;6;545
50;2025-12-04;7;1752
50;2025-12-04;8;2721
50;2025-12-04;9;2155
50;2025-12-04;10;1662
50;2025-12-04;11;1568
50;2025-12-04;12;1481
50;2025-12-04;13;1487
50;2025-12-04;14;1419
50;2025-12-04;15;1656
50;2025-12-04;16;1767
50;2025-12-04;17;2356
50;2025-12-04;18;2447
50;2025-12-04;19;1450
50;2025-12-04;20;920
50;2025-12-04;21;628
50;2025-12-04;22;284
50;2025-12-04;23;150
50;2025-12-05;0;38
50;2025-12-05;1;3
50;2025-12-05;2;0
50;2025-12-05;3;0
50;2025-12-05;4;3
50;2025-12-05;5;68
50;2025-12-05;6;545
50;2025-12-05;7;1721
50;2025-12-05;8;2697
50;2025-12-05;9;2117
50;2025-12-05;10;1603
50;2025-12-05;11;1592
50;2025-12-05;12;1501
50;2025-12-05;13;1505
50;2025-12-05;14;1434
50;2025-12-05;15;1736
50;2025-12-05;16;1916
50;2025-12-05;17;2262
50;2025-12-05;18;2098
50;2025-12-05;19;1327
50;2025-12-05;20;853
50;2025-12-05;21;583
50;2025-12-05;22;290
50;2025-12-05;23;158
50;2025-12-06;0;51
50;2025-12-06;1;4
50;2025-12-06;2;0
50;2025-12-06;3;0
50;2025-12-06;4;1
50;2025-12-06;5;25
50;2025-12-06;6;139
50;2025-12-06;7;312
50;2025-12-06;8;477
50;2025-12-06;9;515
50;2025-12-06;10;497
50;2025-12-06;11;625
50;2025-12-06;12;654
50;2025-12-06;13;689
50;2025-12-06;14;683
50;2025-12-06;15;665
50;2025-12-06;16;645
50;2025-12-06;17;645
50;2025-12-06;18;565
50;2025-12-06;19;488
50;2025-12-06;20;373
50;2025-12-06;21;291
50;2025-12-06;22;177
50;2025-12-06;23;106
50;2025-12-07;0;39
50;2025-12-07;1;6
50;2025-12-07;2;1
50;2025-12-07;3;1
50;2025-12-07;4;1
50;2025-12-07;5;20
50;2025-12-07;6;97
50;2025-12-07;7;186
50;2025-12-07;8;292
50;2025-12-07;9;370
50;2025-12-07;10;403
50;2025-12-07;11;510
50;2025-12-07;12;564
50;2025-12-07;13;619
50;2025-12-07;14;641
50;2025-12-07;15;579
50;2025-12-07;16;582
50;2025-12-07;17;576
50;2025-12-07;18;513
50;2025-12-07;19;436
50;2025-12-07;20;356
50;2025-12-07;21;269
50;2025-12-07;22;165
50;2025-12-07;23;90
50;2025-12-08;0;32
50;2025-12-08;1;4
50;2025-12-08;2;0
50;2025-12-08;3;0
50;2025-12-08;4;3
50;2025-12-08;5;68
50;2025-12-08;6;537
50;2025-12-08;7;1762
50;2025-12-08;8;2768
50;2025-12-08;9;2177
50;2025-12-08;10;1656
50;2025-12-08;11;1563
50;2025-12-08;12;1435
50;2025-12-08;13;1468
50;2025-12-08;14;1403
50;2025-12-08;15;1659
50;2025-12-08;16;1712
50;2025-12-08;17;2359
50;2025-12-08;18;2458
50;2025-12-08;19;1456
50;2025-12-08;20;894
50;2025-12-08;21;599
50;2025-12-08;22;271
50;2025-12-08;23;135
50;2025-12-09;0;35
50;2025-12-09;1;3
50;2025-12-09;2;0
50;2025-12-09;3;0
50;2025-12-09;4;2
50;2025-12-09;5;69
50;2025-12-09;6;568
50;2025-12-09;7;1797
50;2025-12-09;8;2815
50;2025-12-09;9;2219
50;2025-12-09;10;1689
50;2025-12-09;11;1591
50;2025-12-09;12;1502
50;2025-12-09;13;1511
50;2025-12-09;14;1440
50;2025-12-09;15;1699
50;2025-12-09;16;1742
50;2025-12-09;17;2404
50;2025-12-09;18;2516
50;2025-12-09;19;1474
50;2025-12-09;20;925
50;2025-12-09;21;615
50;2025-12-09;22;280
50;2025-12-09;23;138
50;2025-12-10;0;35
50;2025-12-10;1;4
50;2025-12-10;2;0
50;2025-12-10;3;0
50;2025-12-10;4;3
50;2025-12-10;5;71
50;2025-12-10;6;551
50;2025-12-10;7;1764
50;2025-12-10;8;2756
50;2025-12-10;9;2169
50;2025-12-10;10;1661
50;2025-12-10;11;1583
50;2025-12-10;12;1483
50;2025-12-10;13;1507
50;2025-12-10;14;1452
50;2025-12-10;15;1703
50;2025-12-10;16;1772
50;2025-12-10;17;2406
50;2025-12-10;18;2451
50;2025-12-10;19;1477
50;2025-12-10;20;896
50;2025-12-10;21;616
50;2025-12-10;22;285
50;2025-12-10;23;141
50;2025-12-11;0;37
50;2025-12-11;1;3
50;2025-12-11;2;0
50;2025-12-11;3;0
50;2025-12-11;4;2
50;2025-12-11;5;70
50;2025-12-11;6;544
50;2025-12-11;7;1752
50;2025-12-11;8;2721
50;2025-12-11;9;2155
50;2025-12-11;10;1662
50;2025-12-11;11;1568
50;2025-12-11;12;1481
50;2025-12-11;13;1487
50;2025-12-11;14;1419
50;2025-12-11;15;1655
50;2025-12-11;16;1768
50;2025-12-11;17;2356
50;2025-12-11;18;2446
50;2025-12-11;19;1450
50;2025-12-11;20;921
50;2025-12-11;21;628
50;2025-12-11;22;284
50;2025-12-11;23;150
50;2025-12-12;0;38
50;2025-12-12;1;3
50;2025-12-12;2;0
50;2025-12-12;3;0
50;2025-12-12;4;3
50;2025-12-12;5;68
50;2025-12-12;6;545
50;2025-12-12;7;1721
50;2025-12-12;8;2697
50;2025-12-12;9;2116
50;2025-12-12;10;1603
50;2025-12-12;11;1592
50;2025-12-12;12;1501
50;2025-12-12;13;1504
50;2025-12-12;14;1434
50;2025-12-12;15;1736
50;2025-12-12;16;1916
50;2025-12-12;17;2262
50;2025-12-12;18;2098
50;2025-12-12;19;1327
50;2025-12-12;20;853
50;2025-12-12;21;583
50;2025-12-12;22;290
50;2025-12-12;23;157
50;2025-12-13;0;51
50;2025-12-13;1;4
50;2025-12-13;2;0
50;2025-12-13;3;0
50;2025-12-13;4;1
50;2025-12-13;5;25
50;2025-12-13;6;140
50;2025-12-13;7;313
50;2025-12-13;8;479
50;2025-12-13;9;517
50;2025-12-13;10;499
50;2025-12-13;11;627
50;2025-12-13;12;656
50;2025-12-13;13;691
50;2025-12-13;14;685
50;2025-12-13;15;667
50;2025-12-13;16;647
50;2025-12-13;17;647
50;2025-12-13;18;566
50;2025-12-13;19;490
50;2025-12-13;20;375
50;2025-12-13;21;292
50;2025-12-13;22;177
50;2025-12-13;23;107
50;2025-12-14;0;40
50;2025-12-14;1;6
50;2025-12-14;2;1
50;2025-12-14;3;1
50;2025-12-14;4;1
50;2025-12-14;5;20
50;2025-12-14;6;97
50;2025-12-14;7;187
50;2025-12-14;8;294
50;2025-12-14;9;371
50;2025-12-14;10;404
50;2025-12-14;11;511
50;2025-12-14;12;566
50;2025-12-14;13;621
50;2025-12-14;14;643
50;2025-12-14;15;580
50;2025-12-14;16;584
50;2025-12-14;17;578
50;2025-12-14;18;515
50;2025-12-14;19;437
50;2025-12-14;20;357
50;2025-12-14;21;270
50;2025-12-14;22;165
50;2025-12-14;23;91
50;2025-12-15;0;32
50;2025-12-15;1;4
50;2025-12-15;2;0
50;2025-12-15;3;0
50;2025-12-15;4;3
50;2025-12-15;5;68
50;2025-12-15;6;537
50;2025-12-15;7;1762
50;2025-12-15;8;2766
50;2025-12-15;9;2176
50;2025-12-15;10;1655
50;2025-12-15;11;1562
50;2025-12-15;12;1434
50;2025-12-15;13;1468
50;2025-12-15;14;1403
50;2025-12-15;15;1659
50;2025-12-15;16;1712
50;2025-12-15;17;2358
50;2025-12-15;18;2457
50;2025-12-15;19;1456
50;2025-12-15;20;893
50;2025-12-15;21;599
50;2025-12-15;22;270
50;2025-12-15;23;135
50;2025-12-16;0;35
50;2025-12-16;1;3
50;2025-12-16;2;0
50;2025-12-16;3;0
50;2025-12-16;4;2
50;2025-12-16;5;68
50;2025-12-16;6;567
50;2025-12-16;7;1795
50;2025-12-16;8;2813
50;2025-12-16;9;2217
50;2025-12-16;10;1688
50;2025-12-16;11;1589
50;2025-12-16;12;1501
50;2025-12-16;13;1509
50;2025-12-16;14;1438
50;2025-12-16;15;1697
50;2025-12-16;16;1740
50;2025-12-16;17;2400
50;2025-12-16;18;2514
50;2025-12-16;19;1473
50;2025-12-16;20;924
50;2025-12-16;21;614
50;2025-12-16;22;279
50;2025-12-16;23;138
50;2025-12-17;0;35
50;2025-12-17;1;4
50;2025-12-17;2;0
50;2025-12-17;3;0
50;2025-12-17;4;3
50;2025-12-17;5;71
50;2025-12-17;6;551
50;2025-12-17;7;1761
50;2025-12-17;8;2752
50;2025-12-17;9;2166
50;2025-12-17;10;1659
50;2025-12-17;11;1580
50;2025-12-17;12;1481
50;2025-12-17;13;1505
50;2025-12-17;14;1450
50;2025-12-17;15;1700
50;2025-12-17;16;1768
50;2025-12-17;17;2402
50;2025-12-17;18;2447
50;2025-12-17;19;1475
50;2025-12-17;20;895
50;2025-12-17;21;615
50;2025-12-17;22;284
50;2025-12-17;23;141
50;2025-12-18;0;37
50;2025-12-18;1;3
50;2025-12-18;2;0
50;2025-12-18;3;0
50;2025-12-18;4;2
50;2025-12-18;5;70
50;2025-12-18;6;544
50;2025-12-18;7;1750
50;2025-12-18;8;2718
50;2025-12-18;9;2153
50;2025-12-18;10;1660
50;2025-12-18;11;1566
50;2025-12-18;12;1479
50;2025-12-18;13;1486
50;2025-12-18;14;1417
50;2025-12-18;15;1653
50;2025-12-18;16;1766
50;2025-12-18;17;2353
50;2025-12-18;18;2444
50;2025-12-18;19;1448
50;2025-12-18;20;920
50;2025-12-18;21;627
50;2025-12-18;22;284
50;2025-12-18;23;150
50;2025-12-19;0;38
50;2025-12-19;1;3
50;2025-12-19;2;0
50;2025-12-19;3;0
50;2025-12-19;4;3
50;2025-12-19;5;67
50;2025-12-19;6;544
50;2025-12-19;7;1718
50;2025-12-19;8;2692
50;2025-12-19;9;2112
50;2025-12-19;10;1600
50;2025-12-19;11;1589
50;2025-12-19;12;1498
50;2025-12-19;13;1501
50;2025-12-19;14;1431
50;2025-12-19;15;1732
50;2025-12-19;16;1912
50;2025-12-19;17;2257
50;2025-12-19;18;2094
50;2025-12-19;19;1324
50;2025-12-19;20;852
50;2025-12-19;21;582
50;2025-12-19;22;289
50;2025-12-19;23;157
50;2025-12-20;0;51
50;2025-12-20;1;4
50;2025-12-20;2;0
50;2025-12-20;3;0
50;2025-12-20;4;1
50;2025-12-20;5;25
50;2025-12-20;6;140
50;2025-12-20;7;313
50;2025-12-20;8;481
50;2025-12-20;9;518
50;2025-12-20;10;500
50;2025-12-20;11;629
50;2025-12-20;12;658
50;2025-12-20;13;693
50;2025-12-20;14;687
50;2025-12-20;15;669
50;2025-12-20;16;648
50;2025-12-20;17;649
50;2025-12-20;18;568
50;2025-12-20;19;491
50;2025-12-20;20;376
50;2025-12-20;21;292
50;2025-12-20;22;178
50;2025-12-20;23;107
50;2025-12-21;0;40
50;2025-12-21;1;6
50;2025-12-21;2;1
50;2025-12-21;3;1
50;2025-12-21;4;1
50;2025-12-21;5;20
50;2025-12-21;6;98
50;2025-12-21;7;187
50;2025-12-21;8;294
50;2025-12-21;9;372
50;2025-12-21;10;405
50;2025-12-21;11;513
50;2025-12-21;12;567
50;2025-12-21;13;622
50;2025-12-21;14;645
50;2025-12-21;15;582
50;2025-12-21;16;585
50;2025-12-21;17;579
50;2025-12-21;18;516
50;2025-12-21;19;438
50;2025-12-21;20;358
50;2025-12-21;21;271
50;2025-12-21;22;166
50;2025-12-21;23;91
50;2025-12-22;0;32
50;2025-12-22;1;4
50;2025-12-22;2;0
50;2025-12-22;3;0
50;2025-12-22;4;3
50;2025-12-22;5;68
50;2025-12-22;6;536
50;2025-12-22;7;1758
50;2025-12-22;8;2761
50;2025-12-22;9;2172
50;2025-12-22;10;1652
50;2025-12-22;11;1559
50;2025-12-22;12;1432
50;2025-12-22;13;1465
50;2025-12-22;14;1400
50;2025-12-22;15;1655
50;2025-12-22;16;1708
50;2025-12-22;17;2353
50;2025-12-22;18;2453
50;2025-12-22;19;1453
50;2025-12-22;20;892
50;2025-12-22;21;598
50;2025-12-22;22;270
50;2025-12-22;23;135
50;2025-12-23;0;35
50;2025-12-23;1;3
50;2025-12-23;2;0
50;2025-12-23;3;0
50;2025-12-23;4;2
50;2025-12-23;5;68
50;2025-12-23;6;566
50;2025-12-23;7;1791
50;2025-12-23;8;2807
50;2025-12-23;9;2212
50;2025-12-23;10;1685
50;2025-12-23;11;1586
50;2025-12-23;12;1498
50;2025-12-23;13;1507
50;2025-12-23;14;1436
50;2025-12-23;15;1694
50;2025-12-23;16;1737
50;2025-12-23;17;2396
50;2025-12-23;18;2509
50;2025-12-23;19;1470
50;2025-12-23;20;922
50;2025-12-23;21;613
50;2025-12-23;22;279
50;2025-12-23;23;138
50;2025-12-24;0;34
50;2025-12-24;1;4
50;2025-12-24;2;0
50;2025-12-24;3;0
50;2025-12-24;4;3
50;2025-12-24;5;70
50;2025-12-24;6;550
50;2025-12-24;7;1757
50;2025-12-24;8;2747
50;2025-12-24;9;2161
50;2025-12-24;10;1656
50;2025-12-24;11;1577
50;2025-12-24;12;1477
50;2025-12-24;13;1502
50;2025-12-24;14;1447
50;2025-12-24;15;1696
50;2025-12-24;16;1765
50;2025-12-24;17;2397
50;2025-12-24;18;2442
50;2025-12-24;19;1472
50;2025-12-24;20;893
50;2025-12-24;21;614
50;2025-12-24;22;284
50;2025-12-24;23;141
50;2025-12-25;0;37
50;2025-12-25;1;3
50;2025-12-25;2;0
50;2025-12-25;3;0
50;2025-12-25;4;2
50;2025-12-25;5;70
50;2025-12-25;6;542
50;2025-12-25;7;1745
50;2025-12-25;8;2710
50;2025-12-25;9;2146
50;2025-12-25;10;1655
50;2025-12-25;11;1561
50;2025-12-25;12;1474
50;2025-12-25;13;1481
50;2025-12-25;14;1414
50;2025-12-25;15;1648
50;2025-12-25;16;1760
50;2025-12-25;17;2346
50;2025-12-25;18;2437
50;2025-12-25;19;1444
50;2025-12-25;20;917
50;2025-12-25;21;625
50;2025-12-25;22;283
50;2025-12-25;23;149
50;2025-12-26;0;38
50;2025-12-26;1;3
50;2025-12-26;2;0
50;2025-12-26;3;0
50;2025-12-26;4;2
50;2025-12-26;5;67
50;2025-12-26;6;542
50;2025-12-26;7;1712
50;2025-12-26;8;2682
50;2025-12-26;9;2105
50;2025-12-26;10;1594
50;2025-12-26;11;1583
50;2025-12-26;12;1493
50;2025-12-26;13;1496
50;2025-12-26;14;1426
50;2025-12-26;15;1726
50;2025-12-26;16;1905
50;2025-12-26;17;2250
50;2025-12-26;18;2087
50;2025-12-26;19;1319
50;2025-12-26;20;848
50;2025-12-26;21;580
50;2025-12-26;22;288
50;2025-12-26;23;157
50;2025-12-27;0;52
50;2025-12-27;1;4
50;2025-12-27;2;0
50;2025-12-27;3;0
50;2025-12-27;4;1
50;2025-12-27;5;25
50;2025-12-27;6;141
50;2025-12-27;7;314
50;2025-12-27;8;481
50;2025-12-27;9;519
50;2025-12-27;10;501
50;2025-12-27;11;630
50;2025-12-27;12;659
50;2025-12-27;13;695
50;2025-12-27;14;689
50;2025-12-27;15;670
50;2025-12-27;16;650
50;2025-12-27;17;650
50;2025-12-27;18;569
50;2025-12-27;19;491
50;2025-12-27;20;376
50;2025-12-27;21;293
50;2025-12-27;22;178
50;2025-12-27;23;107
50;2025-12-28;0;40
50;2025-12-28;1;6
50;2025-12-28;2;1
50;2025-12-28;3;1
50;2025-12-28;4;1
50;2025-12-28;5;20
50;2025-12-28;6;98
50;2025-12-28;7;188
50;2025-12-28;8;295
50;2025-12-28;9;373
50;2025-12-28;10;406
50;2025-12-28;11;514
50;2025-12-28;12;569
50;2025-12-28;13;624
50;2025-12-28;14;646
50;2025-12-28;15;584
50;2025-12-28;16;587
50;2025-12-28;17;581
50;2025-12-28;18;517
50;2025-12-28;19;439
50;2025-12-28;20;359
50;2025-12-28;21;271
50;2025-12-28;22;166
50;2025-12-28;23;91
50;2025-12-29;0;32
50;2025-12-29;1;4
50;2025-12-29;2;0
50;2025-12-29;3;0
50;2025-12-29;4;3
50;2025-12-29;5;68
50;2025-12-29;6;534
50;2025-12-29;7;1752
50;2025-12-29;8;2751
50;2025-12-29;9;2164
50;2025-12-29;10;1647
50;2025-12-29;11;1553
50;2025-12-29;12;1427
50;2025-12-29;13;1459
50;2025-12-29;14;1395
50;2025-12-29;15;1650
50;2025-12-29;16;1702
50;2025-12-29;17;2345
50;2025-12-29;18;2444
50;2025-12-29;19;1448
50;2025-12-29;20;889
50;2025-12-29;21;595
50;2025-12-29;22;270
50;2025-12-29;23;134
50;2025-12-30;0;35
50;2025-12-30;1;3
50;2025-12-30;2;0
50;2025-12-30;3;0
50;2025-12-30;4;2
50;2025-12-30;5;68
50;2025-12-30;6;564
50;2025-12-30;7;1783
50;2025-12-30;8;2794
50;2025-12-30;9;2201
50;2025-12-30;10;1677
50;2025-12-30;11;1578
50;2025-12-30;12;1491
50;2025-12-30;13;1500
50;2025-12-30;14;1429
50;2025-12-30;15;1686
50;2025-12-30;16;1729
50;2025-12-30;17;2384
50;2025-12-30;18;2497
50;2025-12-30;19;1463
50;2025-12-30;20;917
50;2025-12-30;21;610
50;2025-12-30;22;277
50;2025-12-30;23;137
50;2025-12-31;0;39
50;2025-12-31;1;6
50;2025-12-31;2;1
50;2025-12-31;3;0
50;2025-12-31;4;1
50;2025-12-31;5;21
50;2025-12-31;6;105
50;2025-12-31;7;200
50;2025-12-31;8;299
50;2025-12-31;9;374
50;2025-12-31;10;398
50;2025-12-31;11;511
50;2025-12-31;12;571
50;2025-12-31;13;627
50;2025-12-31;14;640
50;2025-12-31;15;585
50;2025-12-31;16;577
50;2025-12-31;17;576
50;2025-12-31;18;510
50;2025-12-31;19;444
50;2025-12-31;20;361
50;2025-12-31;21;270
50;2025-12-31;22;170
50;2025-12-31;23;95
