route;date;hour;prediction
1;2025-11-01;0;4
1;2025-11-01;1;0
1;2025-11-01;2;0
1;2025-11-01;3;0
1;2025-11-01;4;8
1;2025-11-01;5;137
1;2025-11-01;6;559
1;2025-11-01;7;1553
1;2025-11-01;8;1958
1;2025-11-01;9;1509
1;2025-11-01;10;1347
1;2025-11-01;11;1399
1;2025-11-01;12;1421
1;2025-11-01;13;1465
1;2025-11-01;14;1403
1;2025-11-01;15;1572
1;2025-11-01;16;1576
1;2025-11-01;17;1821
1;2025-11-01;18;1821
1;2025-11-01;19;1392
1;2025-11-01;20;903
1;2025-11-01;21;503
1;2025-11-01;22;244
1;2025-11-01;23;53
1;2025-11-02;0;2
1;2025-11-02;1;0
1;2025-11-02;2;0
1;2025-11-02;3;0
1;2025-11-02;4;0
1;2025-11-02;5;25
1;2025-11-02;6;127
1;2025-11-02;7;244
1;2025-11-02;8;349
1;2025-11-02;9;574
1;2025-11-02;10;666
1;2025-11-02;11;655
1;2025-11-02;12;809
1;2025-11-02;13;849
1;2025-11-02;14;760
1;2025-11-02;15;695
1;2025-11-02;16;632
1;2025-11-02;17;580
1;2025-11-02;18;532
1;2025-11-02;19;450
1;2025-11-02;20;335
1;2025-11-02;21;255
1;2025-11-02;22;103
1;2025-11-02;23;34
1;2025-11-03;0;1
1;2025-11-03;1;0
1;2025-11-03;2;0
1;2025-11-03;3;0
1;2025-11-03;4;0
1;2025-11-03;5;25
1;2025-11-03;6;124
1;2025-11-03;7;239
1;2025-11-03;8;340
1;2025-11-03;9;557
1;2025-11-03;10;647
1;2025-11-03;11;624
1;2025-11-03;12;778
1;2025-11-03;13;825
1;2025-11-03;14;740
1;2025-11-03;15;685
1;2025-11-03;16;624
1;2025-11-03;17;571
1;2025-11-03;18;518
1;2025-11-03;19;443
1;2025-11-03;20;328
1;2025-11-03;21;253
1;2025-11-03;22;104
1;2025-11-03;23;33
1;2025-11-04;0;1
1;2025-11-04;1;0
1;2025-11-04;2;0
1;2025-11-04;3;0
1;2025-11-04;4;0
1;2025-11-04;5;25
1;2025-11-04;6;124
1;2025-11-04;7;239
1;2025-11-04;8;340
1;2025-11-04;9;557
1;2025-11-04;10;647
1;2025-11-04;11;624
1;2025-11-04;12;778
1;2025-11-04;13;825
1;2025-11-04;14;740
1;2025-11-04;15;684
1;2025-11-04;16;624
1;2025-11-04;17;571
1;2025-11-04;18;518
1;2025-11-04;19;443
1;2025-11-04;20;328
1;2025-11-04;21;253
1;2025-11-04;22;104
1;2025-11-04;23;33
1;2025-11-05;0;4
1;2025-11-05;1;0
1;2025-11-05;2;0
1;2025-11-05;3;0
1;2025-11-05;4;8
1;2025-11-05;5;136
1;2025-11-05;6;555
1;2025-11-05;7;1519
1;2025-11-05;8;1939
1;2025-11-05;9;1491
1;2025-11-05;10;1327
1;2025-11-05;11;1371
1;2025-11-05;12;1404
1;2025-11-05;13;1454
1;2025-11-05;14;1390
1;2025-11-05;15;1556
1;2025-11-05;16;1543
1;2025-11-05;17;1801
1;2025-11-05;18;1807
1;2025-11-05;19;1383
1;2025-11-05;20;894
1;2025-11-05;21;496
1;2025-11-05;22;245
1;2025-11-05;23;50
1;2025-11-06;0;5
1;2025-11-06;1;0
1;2025-11-06;2;0
1;2025-11-06;3;0
1;2025-11-06;4;8
1;2025-11-06;5;130
1;2025-11-06;6;542
1;2025-11-06;7;1516
1;2025-11-06;8;1920
1;2025-11-06;9;1490
1;2025-11-06;10;1341
1;2025-11-06;11;1379
1;2025-11-06;12;1409
1;2025-11-06;13;1450
1;2025-11-06;14;1400
1;2025-11-06;15;1554
1;2025-11-06;16;1552
1;2025-11-06;17;1790
1;2025-11-06;18;1793
1;2025-11-06;19;1369
1;2025-11-06;20;892
1;2025-11-06;21;502
1;2025-11-06;22;242
1;2025-11-06;23;55
1;2025-11-07;0;5
1;2025-11-07;1;0
1;2025-11-07;2;0
1;2025-11-07;3;0
1;2025-11-07;4;8
1;2025-11-07;5;134
1;2025-11-07;6;535
1;2025-11-07;7;1511
1;2025-11-07;8;1879
1;2025-11-07;9;1459
1;2025-11-07;10;1319
1;2025-11-07;11;1392
1;2025-11-07;12;1397
1;2025-11-07;13;1452
1;2025-11-07;14;1388
1;2025-11-07;15;1547
1;2025-11-07;16;1578
1;2025-11-07;17;1761
1;2025-11-07;18;1677
1;2025-11-07;19;1281
1;2025-11-07;20;852
1;2025-11-07;21;503
1;2025-11-07;22;244
1;2025-11-07;23;56
1;2025-11-08;0;8
1;2025-11-08;1;0
1;2025-11-08;2;0
1;2025-11-08;3;0
1;2025-11-08;4;0
1;2025-11-08;5;32
1;2025-11-08;6;173
1;2025-11-08;7;347
1;2025-11-08;8;473
1;2025-11-08;9;746
1;2025-11-08;10;856
1;2025-11-08;11;802
1;2025-11-08;12;1009
1;2025-11-08;13;1036
1;2025-11-08;14;970
1;2025-11-08;15;850
1;2025-11-08;16;776
1;2025-11-08;17;716
1;2025-11-08;18;643
1;2025-11-08;19;583
1;2025-11-08;20;429
1;2025-11-08;21;310
1;2025-11-08;22;141
1;2025-11-08;23;36
1;2025-11-09;0;2
1;2025-11-09;1;0
1;2025-11-09;2;0
1;2025-11-09;3;0
1;2025-11-09;4;0
1;2025-11-09;5;25
1;2025-11-09;6;126
1;2025-11-09;7;244
1;2025-11-09;8;348
1;2025-11-09;9;573
1;2025-11-09;10;665
1;2025-11-09;11;654
1;2025-11-09;12;808
1;2025-11-09;13;848
1;2025-11-09;14;759
1;2025-11-09;15;695
1;2025-11-09;16;631
1;2025-11-09;17;579
1;2025-11-09;18;531
1;2025-11-09;19;450
1;2025-11-09;20;335
1;2025-11-09;21;254
1;2025-11-09;22;103
1;2025-11-09;23;33
1;2025-11-10;0;2
1;2025-11-10;1;0
1;2025-11-10;2;0
1;2025-11-10;3;0
1;2025-11-10;4;8
1;2025-11-10;5;132
1;2025-11-10;6;548
1;2025-11-10;7;1505
1;2025-11-10;8;1901
1;2025-11-10;9;1447
1;2025-11-10;10;1280
1;2025-11-10;11;1330
1;2025-11-10;12;1377
1;2025-11-10;13;1395
1;2025-11-10;14;1348
1;2025-11-10;15;1523
1;2025-11-10;16;1541
1;2025-11-10;17;1780
1;2025-11-10;18;1823
1;2025-11-10;19;1391
1;2025-11-10;20;881
1;2025-11-10;21;483
1;2025-11-10;22;227
1;2025-11-10;23;47
1;2025-11-11;0;4
1;2025-11-11;1;0
1;2025-11-11;2;0
1;2025-11-11;3;1
1;2025-11-11;4;8
1;2025-11-11;5;135
1;2025-11-11;6;556
1;2025-11-11;7;1555
1;2025-11-11;8;1936
1;2025-11-11;9;1504
1;2025-11-11;10;1349
1;2025-11-11;11;1381
1;2025-11-11;12;1399
1;2025-11-11;13;1442
1;2025-11-11;14;1376
1;2025-11-11;15;1526
1;2025-11-11;16;1536
1;2025-11-11;17;1784
1;2025-11-11;18;1804
1;2025-11-11;19;1396
1;2025-11-11;20;905
1;2025-11-11;21;496
1;2025-11-11;22;240
1;2025-11-11;23;49
1;2025-11-12;0;4
1;2025-11-12;1;0
1;2025-11-12;2;0
1;2025-11-12;3;0
1;2025-11-12;4;8
1;2025-11-12;5;135
1;2025-11-12;6;553
1;2025-11-12;7;1514
1;2025-11-12;8;1932
1;2025-11-12;9;1486
1;2025-11-12;10;1322
1;2025-11-12;11;1367
1;2025-11-12;12;1399
1;2025-11-12;13;1449
1;2025-11-12;14;1385
1;2025-11-12;15;1551
1;2025-11-12;16;1537
1;2025-11-12;17;1794
1;2025-11-12;18;1800
1;2025-11-12;19;1379
1;2025-11-12;20;891
1;2025-11-12;21;494
1;2025-11-12;22;244
1;2025-11-12;23;50
1;2025-11-13;0;5
1;2025-11-13;1;0
1;2025-11-13;2;0
1;2025-11-13;3;0
1;2025-11-13;4;8
1;2025-11-13;5;130
1;2025-11-13;6;541
1;2025-11-13;7;1513
1;2025-11-13;8;1916
1;2025-11-13;9;1487
1;2025-11-13;10;1338
1;2025-11-13;11;1377
1;2025-11-13;12;1406
1;2025-11-13;13;1447
1;2025-11-13;14;1397
1;2025-11-13;15;1551
1;2025-11-13;16;1549
1;2025-11-13;17;1786
1;2025-11-13;18;1790
1;2025-11-13;19;1366
1;2025-11-13;20;890
1;2025-11-13;21;501
1;2025-11-13;22;241
1;2025-11-13;23;55
1;2025-11-14;0;5
1;2025-11-14;1;0
1;2025-11-14;2;0
1;2025-11-14;3;0
1;2025-11-14;4;8
1;2025-11-14;5;134
1;2025-11-14;6;534
1;2025-11-14;7;1509
1;2025-11-14;8;1876
1;2025-11-14;9;1457
1;2025-11-14;10;1317
1;2025-11-14;11;1389
1;2025-11-14;12;1395
1;2025-11-14;13;1449
1;2025-11-14;14;1385
1;2025-11-14;15;1545
1;2025-11-14;16;1575
1;2025-11-14;17;1758
1;2025-11-14;18;1674
1;2025-11-14;19;1279
1;2025-11-14;20;850
1;2025-11-14;21;502
1;2025-11-14;22;243
1;2025-11-14;23;56
1;2025-11-15;0;8
1;2025-11-15;1;0
1;2025-11-15;2;0
1;2025-11-15;3;0
1;2025-11-15;4;0
1;2025-11-15;5;31
1;2025-11-15;6;172
1;2025-11-15;7;346
1;2025-11-15;8;471
1;2025-11-15;9;743
1;2025-11-15;10;853
1;2025-11-15;11;799
1;2025-11-15;12;1005
1;2025-11-15;13;1032
1;2025-11-15;14;967
1;2025-11-15;15;847
1;2025-11-15;16;773
1;2025-11-15;17;713
1;2025-11-15;18;641
1;2025-11-15;19;581
1;2025-11-15;20;427
1;2025-11-15;21;309
1;2025-11-15;22;141
1;2025-11-15;23;36
1;2025-11-16;0;2
1;2025-11-16;1;0
1;2025-11-16;2;0
1;2025-11-16;3;0
1;2025-11-16;4;0
1;2025-11-16;5;25
1;2025-11-16;6;126
1;2025-11-16;7;244
1;2025-11-16;8;348
1;2025-11-16;9;573
1;2025-11-16;10;664
1;2025-11-16;11;653
1;2025-11-16;12;807
1;2025-11-16;13;847
1;2025-11-16;14;758
1;2025-11-16;15;694
1;2025-11-16;16;630
1;2025-11-16;17;578
1;2025-11-16;18;530
1;2025-11-16;19;449
1;2025-11-16;20;334
1;2025-11-16;21;254
1;2025-11-16;22;103
1;2025-11-16;23;33
1;2025-11-17;0;2
1;2025-11-17;1;0
1;2025-11-17;2;0
1;2025-11-17;3;0
1;2025-11-17;4;8
1;2025-11-17;5;132
1;2025-11-17;6;546
1;2025-11-17;7;1502
1;2025-11-17;8;1897
1;2025-11-17;9;1444
1;2025-11-17;10;1277
1;2025-11-17;11;1327
1;2025-11-17;12;1374
1;2025-11-17;13;1392
1;2025-11-17;14;1345
1;2025-11-17;15;1520
1;2025-11-17;16;1538
1;2025-11-17;17;1776
1;2025-11-17;18;1819
1;2025-11-17;19;1388
1;2025-11-17;20;879
1;2025-11-17;21;482
1;2025-11-17;22;226
1;2025-11-17;23;47
1;2025-11-18;0;4
1;2025-11-18;1;0
1;2025-11-18;2;0
1;2025-11-18;3;1
1;2025-11-18;4;8
1;2025-11-18;5;135
1;2025-11-18;6;555
1;2025-11-18;7;1552
1;2025-11-18;8;1932
1;2025-11-18;9;1501
1;2025-11-18;10;1347
1;2025-11-18;11;1378
1;2025-11-18;12;1396
1;2025-11-18;13;1439
1;2025-11-18;14;1374
1;2025-11-18;15;1523
1;2025-11-18;16;1533
1;2025-11-18;17;1781
1;2025-11-18;18;1800
1;2025-11-18;19;1394
1;2025-11-18;20;903
1;2025-11-18;21;495
1;2025-11-18;22;240
1;2025-11-18;23;49
1;2025-11-19;0;4
1;2025-11-19;1;0
1;2025-11-19;2;0
1;2025-11-19;3;0
1;2025-11-19;4;8
1;2025-11-19;5;135
1;2025-11-19;6;552
1;2025-11-19;7;1511
1;2025-11-19;8;1929
1;2025-11-19;9;1483
1;2025-11-19;10;1320
1;2025-11-19;11;1364
1;2025-11-19;12;1397
1;2025-11-19;13;1447
1;2025-11-19;14;1383
1;2025-11-19;15;1548
1;2025-11-19;16;1535
1;2025-11-19;17;1791
1;2025-11-19;18;1797
1;2025-11-19;19;1376
1;2025-11-19;20;889
1;2025-11-19;21;494
1;2025-11-19;22;244
1;2025-11-19;23;50
1;2025-11-20;0;5
1;2025-11-20;1;0
1;2025-11-20;2;0
1;2025-11-20;3;0
1;2025-11-20;4;8
1;2025-11-20;5;130
1;2025-11-20;6;541
1;2025-11-20;7;1513
1;2025-11-20;8;1916
1;2025-11-20;9;1488
1;2025-11-20;10;1338
1;2025-11-20;11;1377
1;2025-11-20;12;1407
1;2025-11-20;13;1447
1;2025-11-20;14;1398
1;2025-11-20;15;1551
1;2025-11-20;16;1549
1;2025-11-20;17;1786
1;2025-11-20;18;1790
1;2025-11-20;19;1366
1;2025-11-20;20;890
1;2025-11-20;21;501
1;2025-11-20;22;241
1;2025-11-20;23;55
1;2025-11-21;0;5
1;2025-11-21;1;0
1;2025-11-21;2;0
1;2025-11-21;3;0
1;2025-11-21;4;8
1;2025-11-21;5;134
1;2025-11-21;6;534
1;2025-11-21;7;1509
1;2025-11-21;8;1876
1;2025-11-21;9;1457
1;2025-11-21;10;1317
1;2025-11-21;11;1389
1;2025-11-21;12;1395
1;2025-11-21;13;1449
1;2025-11-21;14;1385
1;2025-11-21;15;1545
1;2025-11-21;16;1575
1;2025-11-21;17;1758
1;2025-11-21;18;1674
1;2025-11-21;19;1279
1;2025-11-21;20;850
1;2025-11-21;21;502
1;2025-11-21;22;243
1;2025-11-21;23;56
1;2025-11-22;0;8
1;2025-11-22;1;0
1;2025-11-22;2;0
1;2025-11-22;3;0
1;2025-11-22;4;0
1;2025-11-22;5;31
1;2025-11-22;6;172
1;2025-11-22;7;344
1;2025-11-22;8;470
1;2025-11-22;9;741
1;2025-11-22;10;850
1;2025-11-22;11;796
1;2025-11-22;12;1002
1;2025-11-22;13;1029
1;2025-11-22;14;963
1;2025-11-22;15;844
1;2025-11-22;16;771
1;2025-11-22;17;711
1;2025-11-22;18;639
1;2025-11-22;19;579
1;2025-11-22;20;426
1;2025-11-22;21;307
1;2025-11-22;22;140
1;2025-11-22;23;36
1;2025-11-23;0;2
1;2025-11-23;1;0
1;2025-11-23;2;0
1;2025-11-23;3;0
1;2025-11-23;4;0
1;2025-11-23;5;25
1;2025-11-23;6;126
1;2025-11-23;7;243
1;2025-11-23;8;347
1;2025-11-23;9;572
1;2025-11-23;10;664
1;2025-11-23;11;653
1;2025-11-23;12;806
1;2025-11-23;13;846
1;2025-11-23;14;757
1;2025-11-23;15;693
1;2025-11-23;16;629
1;2025-11-23;17;578
1;2025-11-23;18;530
1;2025-11-23;19;448
1;2025-11-23;20;334
1;2025-11-23;21;254
1;2025-11-23;22;103
1;2025-11-23;23;33
1;2025-11-24;0;2
1;2025-11-24;1;0
1;2025-11-24;2;0
1;2025-11-24;3;0
1;2025-11-24;4;8
1;2025-11-24;5;132
1;2025-11-24;6;547
1;2025-11-24;7;1503
1;2025-11-24;8;1898
1;2025-11-24;9;1444
1;2025-11-24;10;1278
1;2025-11-24;11;1328
1;2025-11-24;12;1375
1;2025-11-24;13;1393
1;2025-11-24;14;1345
1;2025-11-24;15;1521
1;2025-11-24;16;1538
1;2025-11-24;17;1777
1;2025-11-24;18;1820
1;2025-11-24;19;1389
1;2025-11-24;20;880
1;2025-11-24;21;482
1;2025-11-24;22;227
1;2025-11-24;23;47
1;2025-11-25;0;4
1;2025-11-25;1;0
1;2025-11-25;2;0
1;2025-11-25;3;1
1;2025-11-25;4;8
1;2025-11-25;5;135
1;2025-11-25;6;555
1;2025-11-25;7;1553
1;2025-11-25;8;1933
1;2025-11-25;9;1502
1;2025-11-25;10;1347
1;2025-11-25;11;1379
1;2025-11-25;12;1397
1;2025-11-25;13;1440
1;2025-11-25;14;1374
1;2025-11-25;15;1524
1;2025-11-25;16;1534
1;2025-11-25;17;1781
1;2025-11-25;18;1801
1;2025-11-25;19;1394
1;2025-11-25;20;904
1;2025-11-25;21;495
1;2025-11-25;22;240
1;2025-11-25;23;49
1;2025-11-26;0;4
1;2025-11-26;1;0
1;2025-11-26;2;0
1;2025-11-26;3;0
1;2025-11-26;4;8
1;2025-11-26;5;135
1;2025-11-26;6;552
1;2025-11-26;7;1512
1;2025-11-26;8;1930
1;2025-11-26;9;1484
1;2025-11-26;10;1321
1;2025-11-26;11;1365
1;2025-11-26;12;1398
1;2025-11-26;13;1448
1;2025-11-26;14;1384
1;2025-11-26;15;1549
1;2025-11-26;16;1536
1;2025-11-26;17;1793
1;2025-11-26;18;1799
1;2025-11-26;19;1377
1;2025-11-26;20;890
1;2025-11-26;21;494
1;2025-11-26;22;244
1;2025-11-26;23;50
1;2025-11-27;0;5
1;2025-11-27;1;0
1;2025-11-27;2;0
1;2025-11-27;3;0
1;2025-11-27;4;8
1;2025-11-27;5;130
1;2025-11-27;6;540
1;2025-11-27;7;1511
1;2025-11-27;8;1914
1;2025-11-27;9;1486
1;2025-11-27;10;1337
1;2025-11-27;11;1375
1;2025-11-27;12;1405
1;2025-11-27;13;1446
1;2025-11-27;14;1396
1;2025-11-27;15;1549
1;2025-11-27;16;1547
1;2025-11-27;17;1784
1;2025-11-27;18;1788
1;2025-11-27;19;1364
1;2025-11-27;20;889
1;2025-11-27;21;501
1;2025-11-27;22;241
1;2025-11-27;23;55
1;2025-11-28;0;5
1;2025-11-28;1;0
1;2025-11-28;2;0
1;2025-11-28;3;0
1;2025-11-28;4;7
1;2025-11-28;5;133
1;2025-11-28;6;534
1;2025-11-28;7;1507
1;2025-11-28;8;1874
1;2025-11-28;9;1455
1;2025-11-28;10;1316
1;2025-11-28;11;1388
1;2025-11-28;12;1393
1;2025-11-28;13;1448
1;2025-11-28;14;1384
1;2025-11-28;15;1543
1;2025-11-28;16;1574
1;2025-11-28;17;1756
1;2025-11-28;18;1672
1;2025-11-28;19;1278
1;2025-11-28;20;849
1;2025-11-28;21;501
1;2025-11-28;22;243
1;2025-11-28;23;56
1;2025-11-29;0;8
1;2025-11-29;1;0
1;2025-11-29;2;0
1;2025-11-29;3;0
1;2025-11-29;4;0
1;2025-11-29;5;31
1;2025-11-29;6;171
1;2025-11-29;7;343
1;2025-11-29;8;468
1;2025-11-29;9;738
1;2025-11-29;10;847
1;2025-11-29;11;794
1;2025-11-29;12;998
1;2025-11-29;13;1025
1;2025-11-29;14;960
1;2025-11-29;15;841
1;2025-11-29;16;768
1;2025-11-29;17;708
1;2025-11-29;18;637
1;2025-11-29;19;577
1;2025-11-29;20;424
1;2025-11-29;21;306
1;2025-11-29;22;140
1;2025-11-29;23;35
1;2025-11-30;0;2
1;2025-11-30;1;0
1;2025-11-30;2;0
1;2025-11-30;3;0
1;2025-11-30;4;0
1;2025-11-30;5;25
1;2025-11-30;6;126
1;2025-11-30;7;243
1;2025-11-30;8;347
1;2025-11-30;9;571
1;2025-11-30;10;663
1;2025-11-30;11;652
1;2025-11-30;12;806
1;2025-11-30;13;845
1;2025-11-30;14;756
1;2025-11-30;15;692
1;2025-11-30;16;629
1;2025-11-30;17;577
1;2025-11-30;18;529
1;2025-11-30;19;448
1;2025-11-30;20;334
1;2025-11-30;21;253
1;2025-11-30;22;103
1;2025-11-30;23;33
1;2025-12-01;0;2
1;2025-12-01;1;0
1;2025-12-01;2;0
1;2025-12-01;3;0
1;2025-12-01;4;8
1;2025-12-01;5;132
1;2025-12-01;6;546
1;2025-12-01;7;1501
1;2025-12-01;8;1896
1;2025-12-01;9;1443
1;2025-12-01;10;1276
1;2025-12-01;11;1326
1;2025-12-01;12;1373
1;2025-12-01;13;1392
1;2025-12-01;14;1344
1;2025-12-01;15;1519
1;2025-12-01;16;1537
1;2025-12-01;17;1775
1;2025-12-01;18;1818
1;2025-12-01;19;1388
1;2025-12-01;20;879
1;2025-12-01;21;481
1;2025-12-01;22;226
1;2025-12-01;23;47
1;2025-12-02;0;4
1;2025-12-02;1;0
1;2025-12-02;2;0
1;2025-12-02;3;1
1;2025-12-02;4;8
1;2025-12-02;5;134
1;2025-12-02;6;554
1;2025-12-02;7;1551
1;2025-12-02;8;1931
1;2025-12-02;9;1500
1;2025-12-02;10;1346
1;2025-12-02;11;1378
1;2025-12-02;12;1396
1;2025-12-02;13;1438
1;2025-12-02;14;1373
1;2025-12-02;15;1522
1;2025-12-02;16;1532
1;2025-12-02;17;1780
1;2025-12-02;18;1799
1;2025-12-02;19;1393
1;2025-12-02;20;903
1;2025-12-02;21;494
1;2025-12-02;22;240
1;2025-12-02;23;49
1;2025-12-03;0;4
1;2025-12-03;1;0
1;2025-12-03;2;0
1;2025-12-03;3;0
1;2025-12-03;4;8
1;2025-12-03;5;135
1;2025-12-03;6;552
1;2025-12-03;7;1511
1;2025-12-03;8;1928
1;2025-12-03;9;1483
1;2025-12-03;10;1320
1;2025-12-03;11;1364
1;2025-12-03;12;1397
1;2025-12-03;13;1447
1;2025-12-03;14;1383
1;2025-12-03;15;1548
1;2025-12-03;16;1535
1;2025-12-03;17;1791
1;2025-12-03;18;1797
1;2025-12-03;19;1376
1;2025-12-03;20;889
1;2025-12-03;21;493
1;2025-12-03;22;244
1;2025-12-03;23;50
1;2025-12-04;0;5
1;2025-12-04;1;0
1;2025-12-04;2;0
1;2025-12-04;3;0
1;2025-12-04;4;8
1;2025-12-04;5;129
1;2025-12-04;6;540
1;2025-12-04;7;1509
1;2025-12-04;8;1912
1;2025-12-04;9;1484
1;2025-12-04;10;1335
1;2025-12-04;11;1374
1;2025-12-04;12;1403
1;2025-12-04;13;1444
1;2025-12-04;14;1394
1;2025-12-04;15;1547
1;2025-12-04;16;1545
1;2025-12-04;17;1782
1;2025-12-04;18;1786
1;2025-12-04;19;1363
1;2025-12-04;20;888
1;2025-12-04;21;500
1;2025-12-04;22;241
1;2025-12-04;23;55
1;2025-12-05;0;5
1;2025-12-05;1;0
1;2025-12-05;2;0
1;2025-12-05;3;0
1;2025-12-05;4;7
1;2025-12-05;5;133
1;2025-12-05;6;533
1;2025-12-05;7;1507
1;2025-12-05;8;1873
1;2025-12-05;9;1455
1;2025-12-05;10;1315
1;2025-12-05;11;1387
1;2025-12-05;12;1393
1;2025-12-05;13;1447
1;2025-12-05;14;1383
1;2025-12-05;15;1542
1;2025-12-05;16;1573
1;2025-12-05;17;1756
1;2025-12-05;18;1671
1;2025-12-05;19;1277
1;2025-12-05;20;849
1;2025-12-05;21;501
1;2025-12-05;22;243
1;2025-12-05;23;56
1;2025-12-06;0;8
1;2025-12-06;1;0
1;2025-12-06;2;0
1;2025-12-06;3;0
1;2025-12-06;4;0
1;2025-12-06;5;31
1;2025-12-06;6;171
1;2025-12-06;7;342
1;2025-12-06;8;467
1;2025-12-06;9;736
1;2025-12-06;10;845
1;2025-12-06;11;791
1;2025-12-06;12;995
1;2025-12-06;13;1022
1;2025-12-06;14;957
1;2025-12-06;15;838
1;2025-12-06;16;766
1;2025-12-06;17;706
1;2025-12-06;18;635
1;2025-12-06;19;575
1;2025-12-06;20;423
1;2025-12-06;21;305
1;2025-12-06;22;139
1;2025-12-06;23;35
1;2025-12-07;0;2
1;2025-12-07;1;0
1;2025-12-07;2;0
1;2025-12-07;3;0
1;2025-12-07;4;0
1;2025-12-07;5;25
1;2025-12-07;6;126
1;2025-12-07;7;243
1;2025-12-07;8;347
1;2025-12-07;9;571
1;2025-12-07;10;662
1;2025-12-07;11;651
1;2025-12-07;12;805
1;2025-12-07;13;844
1;2025-12-07;14;755
1;2025-12-07;15;691
1;2025-12-07;16;628
1;2025-12-07;17;576
1;2025-12-07;18;529
1;2025-12-07;19;447
1;2025-12-07;20;333
1;2025-12-07;21;253
1;2025-12-07;22;103
1;2025-12-07;23;33
1;2025-12-08;0;2
1;2025-12-08;1;0
1;2025-12-08;2;0
1;2025-12-08;3;0
1;2025-12-08;4;8
1;2025-12-08;5;132
1;2025-12-08;6;546
1;2025-12-08;7;1501
1;2025-12-08;8;1896
1;2025-12-08;9;1442
1;2025-12-08;10;1276
1;2025-12-08;11;1326
1;2025-12-08;12;1373
1;2025-12-08;13;1391
1;2025-12-08;14;1343
1;2025-12-08;15;1519
1;2025-12-08;16;1536
1;2025-12-08;17;1775
1;2025-12-08;18;1818
1;2025-12-08;19;1387
1;2025-12-08;20;879
1;2025-12-08;21;481
1;2025-12-08;22;226
1;2025-12-08;23;47
1;2025-12-09;0;4
1;2025-12-09;1;0
1;2025-12-09;2;0
1;2025-12-09;3;1
1;2025-12-09;4;8
1;2025-12-09;5;134
1;2025-12-09;6;554
1;2025-12-09;7;1551
1;2025-12-09;8;1931
1;2025-12-09;9;1500
1;2025-12-09;10;1345
1;2025-12-09;11;1377
1;2025-12-09;12;1395
1;2025-12-09;13;1438
1;2025-12-09;14;1373
1;2025-12-09;15;1522
1;2025-12-09;16;1532
1;2025-12-09;17;1779
1;2025-12-09;18;1799
1;2025-12-09;19;1392
1;2025-12-09;20;902
1;2025-12-09;21;494
1;2025-12-09;22;239
1;2025-12-09;23;49
1;2025-12-10;0;4
1;2025-12-10;1;0
1;2025-12-10;2;0
1;2025-12-10;3;0
1;2025-12-10;4;8
1;2025-12-10;5;135
1;2025-12-10;6;551
1;2025-12-10;7;1510
1;2025-12-10;8;1926
1;2025-12-10;9;1482
1;2025-12-10;10;1319
1;2025-12-10;11;1363
1;2025-12-10;12;1395
1;2025-12-10;13;1445
1;2025-12-10;14;1381
1;2025-12-10;15;1546
1;2025-12-10;16;1533
1;2025-12-10;17;1789
1;2025-12-10;18;1795
1;2025-12-10;19;1375
1;2025-12-10;20;888
1;2025-12-10;21;493
1;2025-12-10;22;244
1;2025-12-10;23;50
1;2025-12-11;0;5
1;2025-12-11;1;0
1;2025-12-11;2;0
1;2025-12-11;3;0
1;2025-12-11;4;8
1;2025-12-11;5;129
1;2025-12-11;6;539
1;2025-12-11;7;1508
1;2025-12-11;8;1910
1;2025-12-11;9;1483
1;2025-12-11;10;1334
1;2025-12-11;11;1373
1;2025-12-11;12;1402
1;2025-12-11;13;1443
1;2025-12-11;14;1393
1;2025-12-11;15;1546
1;2025-12-11;16;1544
1;2025-12-11;17;1781
1;2025-12-11;18;1785
1;2025-12-11;19;1362
1;2025-12-11;20;887
1;2025-12-11;21;500
1;2025-12-11;22;240
1;2025-12-11;23;55
1;2025-12-12;0;5
1;2025-12-12;1;0
1;2025-12-12;2;0
1;2025-12-12;3;0
1;2025-12-12;4;7
1;2025-12-12;5;133
1;2025-12-12;6;533
1;2025-12-12;7;1505
1;2025-12-12;8;1872
1;2025-12-12;9;1454
1;2025-12-12;10;1314
1;2025-12-12;11;1386
1;2025-12-12;12;1392
1;2025-12-12;13;1446
1;2025-12-12;14;1382
1;2025-12-12;15;1541
1;2025-12-12;16;1572
1;2025-12-12;17;1754
1;2025-12-12;18;1670
1;2025-12-12;19;1276
1;2025-12-12;20;848
1;2025-12-12;21;501
1;2025-12-12;22;243
1;2025-12-12;23;55
1;2025-12-13;0;8
1;2025-12-13;1;0
1;2025-12-13;2;0
1;2025-12-13;3;0
1;2025-12-13;4;0
1;2025-12-13;5;31
1;2025-12-13;6;170
1;2025-12-13;7;341
1;2025-12-13;8;465
1;2025-12-13;9;734
1;2025-12-13;10;842
1;2025-12-13;11;789
1;2025-12-13;12;992
1;2025-12-13;13;1019
1;2025-12-13;14;954
1;2025-12-13;15;836
1;2025-12-13;16;763
1;2025-12-13;17;704
1;2025-12-13;18;633
1;2025-12-13;19;574
1;2025-12-13;20;422
1;2025-12-13;21;304
1;2025-12-13;22;139
1;2025-12-13;23;35
1;2025-12-14;0;2
1;2025-12-14;1;0
1;2025-12-14;2;0
1;2025-12-14;3;0
1;2025-12-14;4;0
1;2025-12-14;5;25
1;2025-12-14;6;126
1;2025-12-14;7;243
1;2025-12-14;8;346
1;2025-12-14;9;570
1;2025-12-14;10;662
1;2025-12-14;11;650
1;2025-12-14;12;804
1;2025-12-14;13;843
1;2025-12-14;14;755
1;2025-12-14;15;691
1;2025-12-14;16;627
1;2025-12-14;17;576
1;2025-12-14;18;528
1;2025-12-14;19;447
1;2025-12-14;20;333
1;2025-12-14;21;253
1;2025-12-14;22;103
1;2025-12-14;23;33
1;2025-12-15;0;2
1;2025-12-15;1;0
1;2025-12-15;2;0
1;2025-12-15;3;0
1;2025-12-15;4;8
1;2025-12-15;5;132
1;2025-12-15;6;545
1;2025-12-15;7;1499
1;2025-12-15;8;1894
1;2025-12-15;9;1441
1;2025-12-15;10;1275
1;2025-12-15;11;1325
1;2025-12-15;12;1372
1;2025-12-15;13;1390
1;2025-12-15;14;1342
1;2025-12-15;15;1517
1;2025-12-15;16;1535
1;2025-12-15;17;1773
1;2025-12-15;18;1816
1;2025-12-15;19;1386
1;2025-12-15;20;878
1;2025-12-15;21;481
1;2025-12-15;22;226
1;2025-12-15;23;47
1;2025-12-16;0;4
1;2025-12-16;1;0
1;2025-12-16;2;0
1;2025-12-16;3;1
1;2025-12-16;4;8
1;2025-12-16;5;134
1;2025-12-16;6;554
1;2025-12-16;7;1549
1;2025-12-16;8;1929
1;2025-12-16;9;1498
1;2025-12-16;10;1344
1;2025-12-16;11;1376
1;2025-12-16;12;1394
1;2025-12-16;13;1437
1;2025-12-16;14;1371
1;2025-12-16;15;1521
1;2025-12-16;16;1531
1;2025-12-16;17;1778
1;2025-12-16;18;1797
1;2025-12-16;19;1391
1;2025-12-16;20;902
1;2025-12-16;21;494
1;2025-12-16;22;239
1;2025-12-16;23;49
1;2025-12-17;0;4
1;2025-12-17;1;0
1;2025-12-17;2;0
1;2025-12-17;3;0
1;2025-12-17;4;8
1;2025-12-17;5;135
1;2025-12-17;6;551
1;2025-12-17;7;1508
1;2025-12-17;8;1925
1;2025-12-17;9;1480
1;2025-12-17;10;1317
1;2025-12-17;11;1362
1;2025-12-17;12;1394
1;2025-12-17;13;1444
1;2025-12-17;14;1380
1;2025-12-17;15;1545
1;2025-12-17;16;1532
1;2025-12-17;17;1788
1;2025-12-17;18;1794
1;2025-12-17;19;1373
1;2025-12-17;20;887
1;2025-12-17;21;492
1;2025-12-17;22;244
1;2025-12-17;23;50
1;2025-12-18;0;5
1;2025-12-18;1;0
1;2025-12-18;2;0
1;2025-12-18;3;0
1;2025-12-18;4;8
1;2025-12-18;5;129
1;2025-12-18;6;539
1;2025-12-18;7;1507
1;2025-12-18;8;1909
1;2025-12-18;9;1482
1;2025-12-18;10;1333
1;2025-12-18;11;1372
1;2025-12-18;12;1401
1;2025-12-18;13;1442
1;2025-12-18;14;1392
1;2025-12-18;15;1545
1;2025-12-18;16;1543
1;2025-12-18;17;1779
1;2025-12-18;18;1783
1;2025-12-18;19;1361
1;2025-12-18;20;886
1;2025-12-18;21;499
1;2025-12-18;22;240
1;2025-12-18;23;55
1;2025-12-19;0;5
1;2025-12-19;1;0
1;2025-12-19;2;0
1;2025-12-19;3;0
1;2025-12-19;4;7
1;2025-12-19;5;133
1;2025-12-19;6;532
1;2025-12-19;7;1504
1;2025-12-19;8;1870
1;2025-12-19;9;1452
1;2025-12-19;10;1313
1;2025-12-19;11;1385
1;2025-12-19;12;1390
1;2025-12-19;13;1445
1;2025-12-19;14;1381
1;2025-12-19;15;1539
1;2025-12-19;16;1570
1;2025-12-19;17;1752
1;2025-12-19;18;1668
1;2025-12-19;19;1275
1;2025-12-19;20;847
1;2025-12-19;21;500
1;2025-12-19;22;242
1;2025-12-19;23;55
1;2025-12-20;0;8
1;2025-12-20;1;0
1;2025-12-20;2;0
1;2025-12-20;3;0
1;2025-12-20;4;0
1;2025-12-20;5;31
1;2025-12-20;6;170
1;2025-12-20;7;340
1;2025-12-20;8;464
1;2025-12-20;9;732
1;2025-12-20;10;840
1;2025-12-20;11;786
1;2025-12-20;12;989
1;2025-12-20;13;1016
1;2025-12-20;14;952
1;2025-12-20;15;834
1;2025-12-20;16;761
1;2025-12-20;17;702
1;2025-12-20;18;631
1;2025-12-20;19;572
1;2025-12-20;20;420
1;2025-12-20;21;304
1;2025-12-20;22;138
1;2025-12-20;23;35
1;2025-12-21;0;2
1;2025-12-21;1;0
1;2025-12-21;2;0
1;2025-12-21;3;0
1;2025-12-21;4;0
1;2025-12-21;5;25
1;2025-12-21;6;126
1;2025-12-21;7;242
1;2025-12-21;8;346
1;2025-12-21;9;570
1;2025-12-21;10;661
1;2025-12-21;11;650
1;2025-12-21;12;803
1;2025-12-21;13;843
1;2025-12-21;14;754
1;2025-12-21;15;690
1;2025-12-21;16;627
1;2025-12-21;17;575
1;2025-12-21;18;528
1;2025-12-21;19;447
1;2025-12-21;20;333
1;2025-12-21;21;253
1;2025-12-21;22;103
1;2025-12-21;23;33
1;2025-12-22;0;2
1;2025-12-22;1;0
1;2025-12-22;2;0
1;2025-12-22;3;0
1;2025-12-22;4;8
1;2025-12-22;5;131
1;2025-12-22;6;545
1;2025-12-22;7;1498
1;2025-12-22;8;1892
1;2025-12-22;9;1440
1;2025-12-22;10;1273
1;2025-12-22;11;1324
1;2025-12-22;12;1370
1;2025-12-22;13;1388
1;2025-12-22;14;1341
1;2025-12-22;15;1516
1;2025-12-22;16;1533
1;2025-12-22;17;1771
1;2025-12-22;18;1814
1;2025-12-22;19;1385
1;2025-12-22;20;877
1;2025-12-22;21;480
1;2025-12-22;22;226
1;2025-12-22;23;47
1;2025-12-23;0;4
1;2025-12-23;1;0
1;2025-12-23;2;0
1;2025-12-23;3;1
1;2025-12-23;4;8
1;2025-12-23;5;134
1;2025-12-23;6;553
1;2025-12-23;7;1548
1;2025-12-23;8;1927
1;2025-12-23;9;1497
1;2025-12-23;10;1343
1;2025-12-23;11;1375
1;2025-12-23;12;1393
1;2025-12-23;13;1435
1;2025-12-23;14;1370
1;2025-12-23;15;1519
1;2025-12-23;16;1529
1;2025-12-23;17;1776
1;2025-12-23;18;1795
1;2025-12-23;19;1390
1;2025-12-23;20;901
1;2025-12-23;21;493
1;2025-12-23;22;239
1;2025-12-23;23;49
1;2025-12-24;0;4
1;2025-12-24;1;0
1;2025-12-24;2;0
1;2025-12-24;3;0
1;2025-12-24;4;8
1;2025-12-24;5;135
1;2025-12-24;6;550
1;2025-12-24;7;1507
1;2025-12-24;8;1922
1;2025-12-24;9;1479
1;2025-12-24;10;1316
1;2025-12-24;11;1360
1;2025-12-24;12;1392
1;2025-12-24;13;1442
1;2025-12-24;14;1379
1;2025-12-24;15;1543
1;2025-12-24;16;1530
1;2025-12-24;17;1786
1;2025-12-24;18;1792
1;2025-12-24;19;1372
1;2025-12-24;20;886
1;2025-12-24;21;492
1;2025-12-24;22;243
1;2025-12-24;23;50
1;2025-12-25;0;5
1;2025-12-25;1;0
1;2025-12-25;2;0
1;2025-12-25;3;0
1;2025-12-25;4;8
1;2025-12-25;5;129
1;2025-12-25;6;538
1;2025-12-25;7;1505
1;2025-12-25;8;1907
1;2025-12-25;9;1480
1;2025-12-25;10;1331
1;2025-12-25;11;1370
1;2025-12-25;12;1400
1;2025-12-25;13;1440
1;2025-12-25;14;1391
1;2025-12-25;15;1543
1;2025-12-25;16;1541
1;2025-12-25;17;1778
1;2025-12-25;18;1781
1;2025-12-25;19;1359
1;2025-12-25;20;885
1;2025-12-25;21;499
1;2025-12-25;22;240
1;2025-12-25;23;55
1;2025-12-26;0;5
1;2025-12-26;1;0
1;2025-12-26;2;0
1;2025-12-26;3;0
1;2025-12-26;4;7
1;2025-12-26;5;133
1;2025-12-26;6;532
1;2025-12-26;7;1502
1;2025-12-26;8;1868
1;2025-12-26;9;1450
1;2025-12-26;10;1311
1;2025-12-26;11;1383
1;2025-12-26;12;1389
1;2025-12-26;13;1443
1;2025-12-26;14;1379
1;2025-12-26;15;1538
1;2025-12-26;16;1568
1;2025-12-26;17;1750
1;2025-12-26;18;1666
1;2025-12-26;19;1273
1;2025-12-26;20;846
1;2025-12-26;21;499
1;2025-12-26;22;242
1;2025-12-26;23;55
1;2025-12-27;0;8
1;2025-12-27;1;0
1;2025-12-27;2;0
1;2025-12-27;3;0
1;2025-12-27;4;0
1;2025-12-27;5;31
1;2025-12-27;6;169
1;2025-12-27;7;339
1;2025-12-27;8;463
1;2025-12-27;9;730
1;2025-12-27;10;837
1;2025-12-27;11;784
1;2025-12-27;12;987
1;2025-12-27;13;1013
1;2025-12-27;14;949
1;2025-12-27;15;831
1;2025-12-27;16;759
1;2025-12-27;17;700
1;2025-12-27;18;629
1;2025-12-27;19;570
1;2025-12-27;20;419
1;2025-12-27;21;303
1;2025-12-27;22;138
1;2025-12-27;23;35
1;2025-12-28;0;2
1;2025-12-28;1;0
1;2025-12-28;2;0
1;2025-12-28;3;0
1;2025-12-28;4;0
1;2025-12-28;5;25
1;2025-12-28;6;125
1;2025-12-28;7;242
1;2025-12-28;8;346
1;2025-12-28;9;569
1;2025-12-28;10;660
1;2025-12-28;11;649
1;2025-12-28;12;802
1;2025-12-28;13;842
1;2025-12-28;14;753
1;2025-12-28;15;689
1;2025-12-28;16;626
1;2025-12-28;17;575
1;2025-12-28;18;527
1;2025-12-28;19;446
1;2025-12-28;20;332
1;2025-12-28;21;252
1;2025-12-28;22;103
1;2025-12-28;23;33
1;2025-12-29;0;2
1;2025-12-29;1;0
1;2025-12-29;2;0
1;2025-12-29;3;0
1;2025-12-29;4;8
1;2025-12-29;5;131
1;2025-12-29;6;544
1;2025-12-29;7;1497
1;2025-12-29;8;1891
1;2025-12-29;9;1439
1;2025-12-29;10;1273
1;2025-12-29;11;1323
1;2025-12-29;12;1369
1;2025-12-29;13;1388
1;2025-12-29;14;1340
1;2025-12-29;15;1515
1;2025-12-29;16;1532
1;2025-12-29;17;1770
1;2025-12-29;18;1813
1;2025-12-29;19;1384
1;2025-12-29;20;876
1;2025-12-29;21;480
1;2025-12-29;22;226
1;2025-12-29;23;47
1;2025-12-30;0;4
1;2025-12-30;1;0
1;2025-12-30;2;0
1;2025-12-30;3;1
1;2025-12-30;4;8
1;2025-12-30;5;134
1;2025-12-30;6;553
1;2025-12-30;7;1546
1;2025-12-30;8;1925
1;2025-12-30;9;1496
1;2025-12-30;10;1342
1;2025-12-30;11;1373
1;2025-12-30;12;1391
1;2025-12-30;13;1434
1;2025-12-30;14;1369
1;2025-12-30;15;1518
1;2025-12-30;16;1528
1;2025-12-30;17;1774
1;2025-12-30;18;1794
1;2025-12-30;19;1388
1;2025-12-30;20;900
1;2025-12-30;21;493
1;2025-12-30;22;239
1;2025-12-30;23;49
1;2025-12-31;0;1
1;2025-12-31;1;0
1;2025-12-31;2;0
1;2025-12-31;3;0
1;2025-12-31;4;0
1;2025-12-31;5;25
1;2025-12-31;6;123
1;2025-12-31;7;237
1;2025-12-31;8;337
1;2025-12-31;9;552
1;2025-12-31;10;641
1;2025-12-31;11;618
1;2025-12-31;12;771
1;2025-12-31;13;818
1;2025-12-31;14;733
1;2025-12-31;15;678
1;2025-12-31;16;618
1;2025-12-31;17;566
1;2025-12-31;18;513
1;2025-12-31;19;439
1;2025-12-31;20;325
1;2025-12-31;21;251
1;2025-12-31;22;103
1;2025-12-31;23;33
5;2025-11-01;0;0
5;2025-11-01;1;0
5;2025-11-01;2;0
5;2025-11-01;3;0
5;2025-11-01;4;0
5;2025-11-01;5;0
5;2025-11-01;6;0
5;2025-11-01;7;0
5;2025-11-01;8;0
5;2025-11-01;9;0
5;2025-11-01;10;0
5;2025-11-01;11;0
5;2025-11-01;12;0
5;2025-11-01;13;0
5;2025-11-01;14;0
5;2025-11-01;15;0
5;2025-11-01;16;0
5;2025-11-01;17;0
5;2025-11-01;18;0
5;2025-11-01;19;0
5;2025-11-01;20;0
5;2025-11-01;21;0
5;2025-11-01;22;0
5;2025-11-01;23;0
5;2025-11-02;0;0
5;2025-11-02;1;0
5;2025-11-02;2;0
5;2025-11-02;3;0
5;2025-11-02;4;0
5;2025-11-02;5;0
5;2025-11-02;6;0
5;2025-11-02;7;0
5;2025-11-02;8;0
5;2025-11-02;9;0
5;2025-11-02;10;0
5;2025-11-02;11;0
5;2025-11-02;12;0
5;2025-11-02;13;0
5;2025-11-02;14;0
5;2025-11-02;15;0
5;2025-11-02;16;0
5;2025-11-02;17;0
5;2025-11-02;18;0
5;2025-11-02;19;0
5;2025-11-02;20;0
5;2025-11-02;21;0
5;2025-11-02;22;0
5;2025-11-02;23;0
5;2025-11-03;0;0
5;2025-11-03;1;0
5;2025-11-03;2;0
5;2025-11-03;3;0
5;2025-11-03;4;0
5;2025-11-03;5;0
5;2025-11-03;6;0
5;2025-11-03;7;0
5;2025-11-03;8;0
5;2025-11-03;9;0
5;2025-11-03;10;0
5;2025-11-03;11;0
5;2025-11-03;12;0
5;2025-11-03;13;0
5;2025-11-03;14;0
5;2025-11-03;15;0
5;2025-11-03;16;0
5;2025-11-03;17;0
5;2025-11-03;18;0
5;2025-11-03;19;0
5;2025-11-03;20;0
5;2025-11-03;21;0
5;2025-11-03;22;0
5;2025-11-03;23;0
5;2025-11-04;0;0
5;2025-11-04;1;0
5;2025-11-04;2;0
5;2025-11-04;3;0
5;2025-11-04;4;0
5;2025-11-04;5;0
5;2025-11-04;6;0
5;2025-11-04;7;0
5;2025-11-04;8;0
5;2025-11-04;9;0
5;2025-11-04;10;0
5;2025-11-04;11;0
5;2025-11-04;12;0
5;2025-11-04;13;0
5;2025-11-04;14;0
5;2025-11-04;15;0
5;2025-11-04;16;0
5;2025-11-04;17;0
5;2025-11-04;18;0
5;2025-11-04;19;0
5;2025-11-04;20;0
5;2025-11-04;21;0
5;2025-11-04;22;0
5;2025-11-04;23;0
5;2025-11-05;0;0
5;2025-11-05;1;0
5;2025-11-05;2;0
5;2025-11-05;3;0
5;2025-11-05;4;0
5;2025-11-05;5;0
5;2025-11-05;6;0
5;2025-11-05;7;0
5;2025-11-05;8;0
5;2025-11-05;9;0
5;2025-11-05;10;0
5;2025-11-05;11;0
5;2025-11-05;12;0
5;2025-11-05;13;0
5;2025-11-05;14;0
5;2025-11-05;15;0
5;2025-11-05;16;0
5;2025-11-05;17;0
5;2025-11-05;18;0
5;2025-11-05;19;0
5;2025-11-05;20;0
5;2025-11-05;21;0
5;2025-11-05;22;0
5;2025-11-05;23;0
5;2025-11-06;0;0
5;2025-11-06;1;0
5;2025-11-06;2;0
5;2025-11-06;3;0
5;2025-11-06;4;0
5;2025-11-06;5;0
5;2025-11-06;6;0
5;2025-11-06;7;0
5;2025-11-06;8;0
5;2025-11-06;9;0
5;2025-11-06;10;0
5;2025-11-06;11;0
5;2025-11-06;12;0
5;2025-11-06;13;0
5;2025-11-06;14;0
5;2025-11-06;15;0
5;2025-11-06;16;0
5;2025-11-06;17;0
5;2025-11-06;18;0
5;2025-11-06;19;0
5;2025-11-06;20;0
5;2025-11-06;21;0
5;2025-11-06;22;0
5;2025-11-06;23;0
5;2025-11-07;0;0
5;2025-11-07;1;0
5;2025-11-07;2;0
5;2025-11-07;3;0
5;2025-11-07;4;0
5;2025-11-07;5;0
5;2025-11-07;6;0
5;2025-11-07;7;0
5;2025-11-07;8;0
5;2025-11-07;9;0
5;2025-11-07;10;0
5;2025-11-07;11;0
5;2025-11-07;12;0
5;2025-11-07;13;0
5;2025-11-07;14;0
5;2025-11-07;15;0
5;2025-11-07;16;0
5;2025-11-07;17;0
5;2025-11-07;18;0
5;2025-11-07;19;0
5;2025-11-07;20;0
5;2025-11-07;21;0
5;2025-11-07;22;0
5;2025-11-07;23;0
5;2025-11-08;0;0
5;2025-11-08;1;0
5;2025-11-08;2;0
5;2025-11-08;3;0
5;2025-11-08;4;0
5;2025-11-08;5;0
5;2025-11-08;6;0
5;2025-11-08;7;0
5;2025-11-08;8;0
5;2025-11-08;9;0
5;2025-11-08;10;0
5;2025-11-08;11;0
5;2025-11-08;12;0
5;2025-11-08;13;0
5;2025-11-08;14;0
5;2025-11-08;15;0
5;2025-11-08;16;0
5;2025-11-08;17;0
5;2025-11-08;18;0
5;2025-11-08;19;0
5;2025-11-08;20;0
5;2025-11-08;21;0
5;2025-11-08;22;0
5;2025-11-08;23;0
5;2025-11-09;0;0
5;2025-11-09;1;0
5;2025-11-09;2;0
5;2025-11-09;3;0
5;2025-11-09;4;0
5;2025-11-09;5;0
5;2025-11-09;6;0
5;2025-11-09;7;0
5;2025-11-09;8;0
5;2025-11-09;9;0
5;2025-11-09;10;0
5;2025-11-09;11;0
5;2025-11-09;12;0
5;2025-11-09;13;0
5;2025-11-09;14;0
5;2025-11-09;15;0
5;2025-11-09;16;0
5;2025-11-09;17;0
5;2025-11-09;18;0
5;2025-11-09;19;0
5;2025-11-09;20;0
5;2025-11-09;21;0
5;2025-11-09;22;0
5;2025-11-09;23;0
5;2025-11-10;0;0
5;2025-11-10;1;0
5;2025-11-10;2;0
5;2025-11-10;3;0
5;2025-11-10;4;0
5;2025-11-10;5;0
5;2025-11-10;6;0
5;2025-11-10;7;0
5;2025-11-10;8;0
5;2025-11-10;9;0
5;2025-11-10;10;0
5;2025-11-10;11;0
5;2025-11-10;12;0
5;2025-11-10;13;0
5;2025-11-10;14;0
5;2025-11-10;15;0
5;2025-11-10;16;0
5;2025-11-10;17;0
5;2025-11-10;18;0
5;2025-11-10;19;0
5;2025-11-10;20;0
5;2025-11-10;21;0
5;2025-11-10;22;0
5;2025-11-10;23;0
5;2025-11-11;0;0
5;2025-11-11;1;0
5;2025-11-11;2;0
5;2025-11-11;3;0
5;2025-11-11;4;0
5;2025-11-11;5;0
5;2025-11-11;6;0
5;2025-11-11;7;0
5;2025-11-11;8;0
5;2025-11-11;9;0
5;2025-11-11;10;0
5;2025-11-11;11;0
5;2025-11-11;12;0
5;2025-11-11;13;0
5;2025-11-11;14;0
5;2025-11-11;15;0
5;2025-11-11;16;0
5;2025-11-11;17;0
5;2025-11-11;18;0
5;2025-11-11;19;0
5;2025-11-11;20;0
5;2025-11-11;21;0
5;2025-11-11;22;0
5;2025-11-11;23;0
5;2025-11-12;0;0
5;2025-11-12;1;0
5;2025-11-12;2;0
5;2025-11-12;3;0
5;2025-11-12;4;0
5;2025-11-12;5;0
5;2025-11-12;6;0
5;2025-11-12;7;0
5;2025-11-12;8;0
5;2025-11-12;9;0
5;2025-11-12;10;0
5;2025-11-12;11;0
5;2025-11-12;12;0
5;2025-11-12;13;0
5;2025-11-12;14;0
5;2025-11-12;15;0
5;2025-11-12;16;0
5;2025-11-12;17;0
5;2025-11-12;18;0
5;2025-11-12;19;0
5;2025-11-12;20;0
5;2025-11-12;21;0
5;2025-11-12;22;0
5;2025-11-12;23;0
5;2025-11-13;0;0
5;2025-11-13;1;0
5;2025-11-13;2;0
5;2025-11-13;3;0
5;2025-11-13;4;0
5;2025-11-13;5;0
5;2025-11-13;6;0
5;2025-11-13;7;0
5;2025-11-13;8;0
5;2025-11-13;9;0
5;2025-11-13;10;0
5;2025-11-13;11;0
5;2025-11-13;12;0
5;2025-11-13;13;0
5;2025-11-13;14;0
5;2025-11-13;15;0
5;2025-11-13;16;0
5;2025-11-13;17;0
5;2025-11-13;18;0
5;2025-11-13;19;0
5;2025-11-13;20;0
5;2025-11-13;21;0
5;2025-11-13;22;0
5;2025-11-13;23;0
5;2025-11-14;0;0
5;2025-11-14;1;0
5;2025-11-14;2;0
5;2025-11-14;3;0
5;2025-11-14;4;0
5;2025-11-14;5;0
5;2025-11-14;6;0
5;2025-11-14;7;0
5;2025-11-14;8;0
5;2025-11-14;9;0
5;2025-11-14;10;0
5;2025-11-14;11;0
5;2025-11-14;12;0
5;2025-11-14;13;0
5;2025-11-14;14;0
5;2025-11-14;15;0
5;2025-11-14;16;0
5;2025-11-14;17;0
5;2025-11-14;18;0
5;2025-11-14;19;0
5;2025-11-14;20;0
5;2025-11-14;21;0
5;2025-11-14;22;0
5;2025-11-14;23;0
5;2025-11-15;0;0
5;2025-11-15;1;0
5;2025-11-15;2;0
5;2025-11-15;3;0
5;2025-11-15;4;0
5;2025-11-15;5;0
5;2025-11-15;6;0
5;2025-11-15;7;0
5;2025-11-15;8;0
5;2025-11-15;9;0
5;2025-11-15;10;0
5;2025-11-15;11;0
5;2025-11-15;12;0
5;2025-11-15;13;0
5;2025-11-15;14;0
5;2025-11-15;15;0
5;2025-11-15;16;0
5;2025-11-15;17;0
5;2025-11-15;18;0
5;2025-11-15;19;0
5;2025-11-15;20;0
5;2025-11-15;21;0
5;2025-11-15;22;0
5;2025-11-15;23;0
5;2025-11-16;0;0
5;2025-11-16;1;0
5;2025-11-16;2;0
5;2025-11-16;3;0
5;2025-11-16;4;0
5;2025-11-16;5;0
5;2025-11-16;6;0
5;2025-11-16;7;0
5;2025-11-16;8;0
5;2025-11-16;9;0
5;2025-11-16;10;0
5;2025-11-16;11;0
5;2025-11-16;12;0
5;2025-11-16;13;0
5;2025-11-16;14;0
5;2025-11-16;15;0
5;2025-11-16;16;0
5;2025-11-16;17;0
5;2025-11-16;18;0
5;2025-11-16;19;0
5;2025-11-16;20;0
5;2025-11-16;21;0
5;2025-11-16;22;0
5;2025-11-16;23;0
5;2025-11-17;0;0
5;2025-11-17;1;0
5;2025-11-17;2;0
5;2025-11-17;3;0
5;2025-11-17;4;0
5;2025-11-17;5;0
5;2025-11-17;6;0
5;2025-11-17;7;0
5;2025-11-17;8;0
5;2025-11-17;9;0
5;2025-11-17;10;0
5;2025-11-17;11;0
5;2025-11-17;12;0
5;2025-11-17;13;0
5;2025-11-17;14;0
5;2025-11-17;15;0
5;2025-11-17;16;0
5;2025-11-17;17;0
5;2025-11-17;18;0
5;2025-11-17;19;0
5;2025-11-17;20;0
5;2025-11-17;21;0
5;2025-11-17;22;0
5;2025-11-17;23;0
5;2025-11-18;0;0
5;2025-11-18;1;0
5;2025-11-18;2;0
5;2025-11-18;3;0
5;2025-11-18;4;0
5;2025-11-18;5;0
5;2025-11-18;6;0
5;2025-11-18;7;0
5;2025-11-18;8;0
5;2025-11-18;9;0
5;2025-11-18;10;0
5;2025-11-18;11;0
5;2025-11-18;12;0
5;2025-11-18;13;0
5;2025-11-18;14;0
5;2025-11-18;15;0
5;2025-11-18;16;0
5;2025-11-18;17;0
5;2025-11-18;18;0
5;2025-11-18;19;0
5;2025-11-18;20;0
5;2025-11-18;21;0
5;2025-11-18;22;0
5;2025-11-18;23;0
5;2025-11-19;0;0
5;2025-11-19;1;0
5;2025-11-19;2;0
5;2025-11-19;3;0
5;2025-11-19;4;0
5;2025-11-19;5;0
5;2025-11-19;6;0
5;2025-11-19;7;0
5;2025-11-19;8;0
5;2025-11-19;9;0
5;2025-11-19;10;0
5;2025-11-19;11;0
5;2025-11-19;12;0
5;2025-11-19;13;0
5;2025-11-19;14;0
5;2025-11-19;15;0
5;2025-11-19;16;0
5;2025-11-19;17;0
5;2025-11-19;18;0
5;2025-11-19;19;0
5;2025-11-19;20;0
5;2025-11-19;21;0
5;2025-11-19;22;0
5;2025-11-19;23;0
5;2025-11-20;0;0
5;2025-11-20;1;0
5;2025-11-20;2;0
5;2025-11-20;3;0
5;2025-11-20;4;0
5;2025-11-20;5;0
5;2025-11-20;6;0
5;2025-11-20;7;0
5;2025-11-20;8;0
5;2025-11-20;9;0
5;2025-11-20;10;0
5;2025-11-20;11;0
5;2025-11-20;12;0
5;2025-11-20;13;0
5;2025-11-20;14;0
5;2025-11-20;15;0
5;2025-11-20;16;0
5;2025-11-20;17;0
5;2025-11-20;18;0
5;2025-11-20;19;0
5;2025-11-20;20;0
5;2025-11-20;21;0
5;2025-11-20;22;0
5;2025-11-20;23;0
5;2025-11-21;0;0
5;2025-11-21;1;0
5;2025-11-21;2;0
5;2025-11-21;3;0
5;2025-11-21;4;0
5;2025-11-21;5;0
5;2025-11-21;6;0
5;2025-11-21;7;0
5;2025-11-21;8;0
5;2025-11-21;9;0
5;2025-11-21;10;0
5;2025-11-21;11;0
5;2025-11-21;12;0
5;2025-11-21;13;0
5;2025-11-21;14;0
5;2025-11-21;15;0
5;2025-11-21;16;0
5;2025-11-21;17;0
5;2025-11-21;18;0
5;2025-11-21;19;0
5;2025-11-21;20;0
5;2025-11-21;21;0
5;2025-11-21;22;0
5;2025-11-21;23;0
5;2025-11-22;0;0
5;2025-11-22;1;0
5;2025-11-22;2;0
5;2025-11-22;3;0
5;2025-11-22;4;0
5;2025-11-22;5;0
5;2025-11-22;6;0
5;2025-11-22;7;0
5;2025-11-22;8;0
5;2025-11-22;9;0
5;2025-11-22;10;0
5;2025-11-22;11;0
5;2025-11-22;12;0
5;2025-11-22;13;0
5;2025-11-22;14;0
5;2025-11-22;15;0
5;2025-11-22;16;0
5;2025-11-22;17;0
5;2025-11-22;18;0
5;2025-11-22;19;0
5;2025-11-22;20;0
5;2025-11-22;21;0
5;2025-11-22;22;0
5;2025-11-22;23;0
5;2025-11-23;0;0
5;2025-11-23;1;0
5;2025-11-23;2;0
5;2025-11-23;3;0
5;2025-11-23;4;0
5;2025-11-23;5;0
5;2025-11-23;6;0
5;2025-11-23;7;0
5;2025-11-23;8;0
5;2025-11-23;9;0
5;2025-11-23;10;0
5;2025-11-23;11;0
5;2025-11-23;12;0
5;2025-11-23;13;0
5;2025-11-23;14;0
5;2025-11-23;15;0
5;2025-11-23;16;0
5;2025-11-23;17;0
5;2025-11-23;18;0
5;2025-11-23;19;0
5;2025-11-23;20;0
5;2025-11-23;21;0
5;2025-11-23;22;0
5;2025-11-23;23;0
5;2025-11-24;0;0
5;2025-11-24;1;0
5;2025-11-24;2;0
5;2025-11-24;3;0
5;2025-11-24;4;0
5;2025-11-24;5;0
5;2025-11-24;6;0
5;2025-11-24;7;0
5;2025-11-24;8;0
5;2025-11-24;9;0
5;2025-11-24;10;0
5;2025-11-24;11;0
5;2025-11-24;12;0
5;2025-11-24;13;0
5;2025-11-24;14;0
5;2025-11-24;15;0
5;2025-11-24;16;0
5;2025-11-24;17;0
5;2025-11-24;18;0
5;2025-11-24;19;0
5;2025-11-24;20;0
5;2025-11-24;21;0
5;2025-11-24;22;0
5;2025-11-24;23;0
5;2025-11-25;0;0
5;2025-11-25;1;0
5;2025-11-25;2;0
5;2025-11-25;3;0
5;2025-11-25;4;0
5;2025-11-25;5;0
5;2025-11-25;6;0
5;2025-11-25;7;0
5;2025-11-25;8;0
5;2025-11-25;9;0
5;2025-11-25;10;0
5;2025-11-25;11;0
5;2025-11-25;12;0
5;2025-11-25;13;0
5;2025-11-25;14;0
5;2025-11-25;15;0
5;2025-11-25;16;0
5;2025-11-25;17;0
5;2025-11-25;18;0
5;2025-11-25;19;0
5;2025-11-25;20;0
5;2025-11-25;21;0
5;2025-11-25;22;0
5;2025-11-25;23;0
5;2025-11-26;0;0
5;2025-11-26;1;0
5;2025-11-26;2;0
5;2025-11-26;3;0
5;2025-11-26;4;0
5;2025-11-26;5;0
5;2025-11-26;6;0
5;2025-11-26;7;0
5;2025-11-26;8;0
5;2025-11-26;9;0
5;2025-11-26;10;0
5;2025-11-26;11;0
5;2025-11-26;12;0
5;2025-11-26;13;0
5;2025-11-26;14;0
5;2025-11-26;15;0
5;2025-11-26;16;0
5;2025-11-26;17;0
5;2025-11-26;18;0
5;2025-11-26;19;0
5;2025-11-26;20;0
5;2025-11-26;21;0
5;2025-11-26;22;0
5;2025-11-26;23;0
5;2025-11-27;0;0
5;2025-11-27;1;0
5;2025-11-27;2;0
5;2025-11-27;3;0
5;2025-11-27;4;0
5;2025-11-27;5;0
5;2025-11-27;6;0
5;2025-11-27;7;0
5;2025-11-27;8;0
5;2025-11-27;9;0
5;2025-11-27;10;0
5;2025-11-27;11;0
5;2025-11-27;12;0
5;2025-11-27;13;0
5;2025-11-27;14;0
5;2025-11-27;15;0
5;2025-11-27;16;0
5;2025-11-27;17;0
5;2025-11-27;18;0
5;2025-11-27;19;0
5;2025-11-27;20;0
5;2025-11-27;21;0
5;2025-11-27;22;0
5;2025-11-27;23;0
5;2025-11-28;0;0
5;2025-11-28;1;0
5;2025-11-28;2;0
5;2025-11-28;3;0
5;2025-11-28;4;0
5;2025-11-28;5;0
5;2025-11-28;6;0
5;2025-11-28;7;0
5;2025-11-28;8;0
5;2025-11-28;9;0
5;2025-11-28;10;0
5;2025-11-28;11;0
5;2025-11-28;12;0
5;2025-11-28;13;0
5;2025-11-28;14;0
5;2025-11-28;15;0
5;2025-11-28;16;0
5;2025-11-28;17;0
5;2025-11-28;18;0
5;2025-11-28;19;0
5;2025-11-28;20;0
5;2025-11-28;21;0
5;2025-11-28;22;0
5;2025-11-28;23;0
5;2025-11-29;0;0
5;2025-11-29;1;0
5;2025-11-29;2;0
5;2025-11-29;3;0
5;2025-11-29;4;0
5;2025-11-29;5;0
5;2025-11-29;6;0
5;2025-11-29;7;0
5;2025-11-29;8;0
5;2025-11-29;9;0
5;2025-11-29;10;0
5;2025-11-29;11;0
5;2025-11-29;12;0
5;2025-11-29;13;0
5;2025-11-29;14;0
5;2025-11-29;15;0
5;2025-11-29;16;0
5;2025-11-29;17;0
5;2025-11-29;18;0
5;2025-11-29;19;0
5;2025-11-29;20;0
5;2025-11-29;21;0
5;2025-11-29;22;0
5;2025-11-29;23;0
5;2025-11-30;0;0
5;2025-11-30;1;0
5;2025-11-30;2;0
5;2025-11-30;3;0
5;2025-11-30;4;0
5;2025-11-30;5;0
5;2025-11-30;6;0
5;2025-11-30;7;0
5;2025-11-30;8;0
5;2025-11-30;9;0
5;2025-11-30;10;0
5;2025-11-30;11;0
5;2025-11-30;12;0
5;2025-11-30;13;0
5;2025-11-30;14;0
5;2025-11-30;15;0
5;2025-11-30;16;0
5;2025-11-30;17;0
5;2025-11-30;18;0
5;2025-11-30;19;0
5;2025-11-30;20;0
5;2025-11-30;21;0
5;2025-11-30;22;0
5;2025-11-30;23;0
5;2025-12-01;0;0
5;2025-12-01;1;0
5;2025-12-01;2;0
5;2025-12-01;3;0
5;2025-12-01;4;0
5;2025-12-01;5;0
5;2025-12-01;6;0
5;2025-12-01;7;0
5;2025-12-01;8;0
5;2025-12-01;9;0
5;2025-12-01;10;0
5;2025-12-01;11;0
5;2025-12-01;12;0
5;2025-12-01;13;0
5;2025-12-01;14;0
5;2025-12-01;15;0
5;2025-12-01;16;0
5;2025-12-01;17;0
5;2025-12-01;18;0
5;2025-12-01;19;0
5;2025-12-01;20;0
5;2025-12-01;21;0
5;2025-12-01;22;0
5;2025-12-01;23;0
5;2025-12-02;0;0
5;2025-12-02;1;0
5;2025-12-02;2;0
5;2025-12-02;3;0
5;2025-12-02;4;0
5;2025-12-02;5;0
5;2025-12-02;6;0
5;2025-12-02;7;0
5;2025-12-02;8;0
5;2025-12-02;9;0
5;2025-12-02;10;0
5;2025-12-02;11;0
5;2025-12-02;12;0
5;2025-12-02;13;0
5;2025-12-02;14;0
5;2025-12-02;15;0
5;2025-12-02;16;0
5;2025-12-02;17;0
5;2025-12-02;18;0
5;2025-12-02;19;0
5;2025-12-02;20;0
5;2025-12-02;21;0
5;2025-12-02;22;0
5;2025-12-02;23;0
5;2025-12-03;0;0
5;2025-12-03;1;0
5;2025-12-03;2;0
5;2025-12-03;3;0
5;2025-12-03;4;0
5;2025-12-03;5;0
5;2025-12-03;6;0
5;2025-12-03;7;0
5;2025-12-03;8;0
5;2025-12-03;9;0
5;2025-12-03;10;0
5;2025-12-03;11;0
5;2025-12-03;12;0
5;2025-12-03;13;0
5;2025-12-03;14;0
5;2025-12-03;15;0
5;2025-12-03;16;0
5;2025-12-03;17;0
5;2025-12-03;18;0
5;2025-12-03;19;0
5;2025-12-03;20;0
5;2025-12-03;21;0
5;2025-12-03;22;0
5;2025-12-03;23;0
5;2025-12-04;0;0
5;2025-12-04;1;0
5;2025-12-04;2;0
5;2025-12-04;3;0
5;2025-12-04;4;0
5;2025-12-04;5;0
5;2025-12-04;6;0
5;2025-12-04;7;0
5;2025-12-04;8;0
5;2025-12-04;9;0
5;2025-12-04;10;0
5;2025-12-04;11;0
5;2025-12-04;12;0
5;2025-12-04;13;0
5;2025-12-04;14;0
5;2025-12-04;15;0
5;2025-12-04;16;0
5;2025-12-04;17;0
5;2025-12-04;18;0
5;2025-12-04;19;0
5;2025-12-04;20;0
5;2025-12-04;21;0
5;2025-12-04;22;0
5;2025-12-04;23;0
5;2025-12-05;0;0
5;2025-12-05;1;0
5;2025-12-05;2;0
5;2025-12-05;3;0
5;2025-12-05;4;0
5;2025-12-05;5;0
5;2025-12-05;6;0
5;2025-12-05;7;0
5;2025-12-05;8;0
5;2025-12-05;9;0
5;2025-12-05;10;0
5;2025-12-05;11;0
5;2025-12-05;12;0
5;2025-12-05;13;0
5;2025-12-05;14;0
5;2025-12-05;15;0
5;2025-12-05;16;0
5;2025-12-05;17;0
5;2025-12-05;18;0
5;2025-12-05;19;0
5;2025-12-05;20;0
5;2025-12-05;21;0
5;2025-12-05;22;0
5;2025-12-05;23;0
5;2025-12-06;0;0
5;2025-12-06;1;0
5;2025-12-06;2;0
5;2025-12-06;3;0
5;2025-12-06;4;0
5;2025-12-06;5;0
5;2025-12-06;6;0
5;2025-12-06;7;0
5;2025-12-06;8;0
5;2025-12-06;9;0
5;2025-12-06;10;0
5;2025-12-06;11;0
5;2025-12-06;12;0
5;2025-12-06;13;0
5;2025-12-06;14;0
5;2025-12-06;15;0
5;2025-12-06;16;0
5;2025-12-06;17;0
5;2025-12-06;18;0
5;2025-12-06;19;0
5;2025-12-06;20;0
5;2025-12-06;21;0
5;2025-12-06;22;0
5;2025-12-06;23;0
5;2025-12-07;0;0
5;2025-12-07;1;0
5;2025-12-07;2;0
5;2025-12-07;3;0
5;2025-12-07;4;0
5;2025-12-07;5;0
5;2025-12-07;6;0
5;2025-12-07;7;0
5;2025-12-07;8;0
5;2025-12-07;9;0
5;2025-12-07;10;0
5;2025-12-07;11;0
5;2025-12-07;12;0
5;2025-12-07;13;0
5;2025-12-07;14;0
5;2025-12-07;15;0
5;2025-12-07;16;0
5;2025-12-07;17;0
5;2025-12-07;18;0
5;2025-12-07;19;0
5;2025-12-07;20;0
5;2025-12-07;21;0
5;2025-12-07;22;0
5;2025-12-07;23;0
5;2025-12-08;0;0
5;2025-12-08;1;0
5;2025-12-08;2;0
5;2025-12-08;3;0
5;2025-12-08;4;0
5;2025-12-08;5;0
5;2025-12-08;6;0
5;2025-12-08;7;0
5;2025-12-08;8;0
5;2025-12-08;9;0
5;2025-12-08;10;0
5;2025-12-08;11;0
5;2025-12-08;12;0
5;2025-12-08;13;0
5;2025-12-08;14;0
5;2025-12-08;15;0
5;2025-12-08;16;0
5;2025-12-08;17;0
5;2025-12-08;18;0
5;2025-12-08;19;0
5;2025-12-08;20;0
5;2025-12-08;21;0
5;2025-12-08;22;0
5;2025-12-08;23;0
5;2025-12-09;0;0
5;2025-12-09;1;0
5;2025-12-09;2;0
5;2025-12-09;3;0
5;2025-12-09;4;0
5;2025-12-09;5;0
5;2025-12-09;6;0
5;2025-12-09;7;0
5;2025-12-09;8;0
5;2025-12-09;9;0
5;2025-12-09;10;0
5;2025-12-09;11;0
5;2025-12-09;12;0
5;2025-12-09;13;0
5;2025-12-09;14;0
5;2025-12-09;15;0
5;2025-12-09;16;0
5;2025-12-09;17;0
5;2025-12-09;18;0
5;2025-12-09;19;0
5;2025-12-09;20;0
5;2025-12-09;21;0
5;2025-12-09;22;0
5;2025-12-09;23;0
5;2025-12-10;0;0
5;2025-12-10;1;0
5;2025-12-10;2;0
5;2025-12-10;3;0
5;2025-12-10;4;0
5;2025-12-10;5;0
5;2025-12-10;6;0
5;2025-12-10;7;0
5;2025-12-10;8;0
5;2025-12-10;9;0
5;2025-12-10;10;0
5;2025-12-10;11;0
5;2025-12-10;12;0
5;2025-12-10;13;0
5;2025-12-10;14;0
5;2025-12-10;15;0
5;2025-12-10;16;0
5;2025-12-10;17;0
5;2025-12-10;18;0
5;2025-12-10;19;0
5;2025-12-10;20;0
5;2025-12-10;21;0
5;2025-12-10;22;0
5;2025-12-10;23;0
5;2025-12-11;0;0
5;2025-12-11;1;0
5;2025-12-11;2;0
5;2025-12-11;3;0
5;2025-12-11;4;0
5;2025-12-11;5;0
5;2025-12-11;6;0
5;2025-12-11;7;0
5;2025-12-11;8;0
5;2025-12-11;9;0
5;2025-12-11;10;0
5;2025-12-11;11;0
5;2025-12-11;12;0
5;2025-12-11;13;0
5;2025-12-11;14;0
5;2025-12-11;15;0
5;2025-12-11;16;0
5;2025-12-11;17;0
5;2025-12-11;18;0
5;2025-12-11;19;0
5;2025-12-11;20;0
5;2025-12-11;21;0
5;2025-12-11;22;0
5;2025-12-11;23;0
5;2025-12-12;0;0
5;2025-12-12;1;0
5;2025-12-12;2;0
5;2025-12-12;3;0
5;2025-12-12;4;0
5;2025-12-12;5;0
5;2025-12-12;6;0
5;2025-12-12;7;0
5;2025-12-12;8;0
5;2025-12-12;9;0
5;2025-12-12;10;0
5;2025-12-12;11;0
5;2025-12-12;12;0
5;2025-12-12;13;0
5;2025-12-12;14;0
5;2025-12-12;15;0
5;2025-12-12;16;0
5;2025-12-12;17;0
5;2025-12-12;18;0
5;2025-12-12;19;0
5;2025-12-12;20;0
5;2025-12-12;21;0
5;2025-12-12;22;0
5;2025-12-12;23;0
5;2025-12-13;0;0
5;2025-12-13;1;0
5;2025-12-13;2;0
5;2025-12-13;3;0
5;2025-12-13;4;0
5;2025-12-13;5;0
5;2025-12-13;6;0
5;2025-12-13;7;0
5;2025-12-13;8;0
5;2025-12-13;9;0
5;2025-12-13;10;0
5;2025-12-13;11;0
5;2025-12-13;12;0
5;2025-12-13;13;0
5;2025-12-13;14;0
5;2025-12-13;15;0
5;2025-12-13;16;0
5;2025-12-13;17;0
5;2025-12-13;18;0
5;2025-12-13;19;0
5;2025-12-13;20;0
5;2025-12-13;21;0
5;2025-12-13;22;0
5;2025-12-13;23;0
5;2025-12-14;0;0
5;2025-12-14;1;0
5;2025-12-14;2;0
5;2025-12-14;3;0
5;2025-12-14;4;0
5;2025-12-14;5;0
5;2025-12-14;6;0
5;2025-12-14;7;0
5;2025-12-14;8;0
5;2025-12-14;9;0
5;2025-12-14;10;0
5;2025-12-14;11;0
5;2025-12-14;12;0
5;2025-12-14;13;0
5;2025-12-14;14;0
5;2025-12-14;15;0
5;2025-12-14;16;0
5;2025-12-14;17;0
5;2025-12-14;18;0
5;2025-12-14;19;0
5;2025-12-14;20;0
5;2025-12-14;21;0
5;2025-12-14;22;0
5;2025-12-14;23;0
5;2025-12-15;0;0
5;2025-12-15;1;0
5;2025-12-15;2;0
5;2025-12-15;3;0
5;2025-12-15;4;0
5;2025-12-15;5;0
5;2025-12-15;6;0
5;2025-12-15;7;0
5;2025-12-15;8;0
5;2025-12-15;9;0
5;2025-12-15;10;0
5;2025-12-15;11;0
5;2025-12-15;12;0
5;2025-12-15;13;0
5;2025-12-15;14;0
5;2025-12-15;15;0
5;2025-12-15;16;0
5;2025-12-15;17;0
5;2025-12-15;18;0
5;2025-12-15;19;0
5;2025-12-15;20;0
5;2025-12-15;21;0
5;2025-12-15;22;0
5;2025-12-15;23;0
5;2025-12-16;0;0
5;2025-12-16;1;0
5;2025-12-16;2;0
5;2025-12-16;3;0
5;2025-12-16;4;0
5;2025-12-16;5;0
5;2025-12-16;6;0
5;2025-12-16;7;0
5;2025-12-16;8;0
5;2025-12-16;9;0
5;2025-12-16;10;0
5;2025-12-16;11;0
5;2025-12-16;12;0
5;2025-12-16;13;0
5;2025-12-16;14;0
5;2025-12-16;15;0
5;2025-12-16;16;0
5;2025-12-16;17;0
5;2025-12-16;18;0
5;2025-12-16;19;0
5;2025-12-16;20;0
5;2025-12-16;21;0
5;2025-12-16;22;0
5;2025-12-16;23;0
5;2025-12-17;0;0
5;2025-12-17;1;0
5;2025-12-17;2;0
5;2025-12-17;3;0
5;2025-12-17;4;0
5;2025-12-17;5;0
5;2025-12-17;6;0
5;2025-12-17;7;0
5;2025-12-17;8;0
5;2025-12-17;9;0
5;2025-12-17;10;0
5;2025-12-17;11;0
5;2025-12-17;12;0
5;2025-12-17;13;0
5;2025-12-17;14;0
5;2025-12-17;15;0
5;2025-12-17;16;0
5;2025-12-17;17;0
5;2025-12-17;18;0
5;2025-12-17;19;0
5;2025-12-17;20;0
5;2025-12-17;21;0
5;2025-12-17;22;0
5;2025-12-17;23;0
5;2025-12-18;0;0
5;2025-12-18;1;0
5;2025-12-18;2;0
5;2025-12-18;3;0
5;2025-12-18;4;0
5;2025-12-18;5;0
5;2025-12-18;6;0
5;2025-12-18;7;0
5;2025-12-18;8;0
5;2025-12-18;9;0
5;2025-12-18;10;0
5;2025-12-18;11;0
5;2025-12-18;12;0
5;2025-12-18;13;0
5;2025-12-18;14;0
5;2025-12-18;15;0
5;2025-12-18;16;0
5;2025-12-18;17;0
5;2025-12-18;18;0
5;2025-12-18;19;0
5;2025-12-18;20;0
5;2025-12-18;21;0
5;2025-12-18;22;0
5;2025-12-18;23;0
5;2025-12-19;0;0
5;2025-12-19;1;0
5;2025-12-19;2;0
5;2025-12-19;3;0
5;2025-12-19;4;0
5;2025-12-19;5;0
5;2025-12-19;6;0
5;2025-12-19;7;0
5;2025-12-19;8;0
5;2025-12-19;9;0
5;2025-12-19;10;0
5;2025-12-19;11;0
5;2025-12-19;12;0
5;2025-12-19;13;0
5;2025-12-19;14;0
5;2025-12-19;15;0
5;2025-12-19;16;0
5;2025-12-19;17;0
5;2025-12-19;18;0
5;2025-12-19;19;0
5;2025-12-19;20;0
5;2025-12-19;21;0
5;2025-12-19;22;0
5;2025-12-19;23;0
5;2025-12-20;0;0
5;2025-12-20;1;0
5;2025-12-20;2;0
5;2025-12-20;3;0
5;2025-12-20;4;0
5;2025-12-20;5;0
5;2025-12-20;6;0
5;2025-12-20;7;0
5;2025-12-20;8;0
5;2025-12-20;9;0
5;2025-12-20;10;0
5;2025-12-20;11;0
5;2025-12-20;12;0
5;2025-12-20;13;0
5;2025-12-20;14;0
5;2025-12-20;15;0
5;2025-12-20;16;0
5;2025-12-20;17;0
5;2025-12-20;18;0
5;2025-12-20;19;0
5;2025-12-20;20;0
5;2025-12-20;21;0
5;2025-12-20;22;0
5;2025-12-20;23;0
5;2025-12-21;0;0
5;2025-12-21;1;0
5;2025-12-21;2;0
5;2025-12-21;3;0
5;2025-12-21;4;0
5;2025-12-21;5;0
5;2025-12-21;6;0
5;2025-12-21;7;0
5;2025-12-21;8;0
5;2025-12-21;9;0
5;2025-12-21;10;0
5;2025-12-21;11;0
5;2025-12-21;12;0
5;2025-12-21;13;0
5;2025-12-21;14;0
5;2025-12-21;15;0
5;2025-12-21;16;0
5;2025-12-21;17;0
5;2025-12-21;18;0
5;2025-12-21;19;0
5;2025-12-21;20;0
5;2025-12-21;21;0
5;2025-12-21;22;0
5;2025-12-21;23;0
5;2025-12-22;0;0
5;2025-12-22;1;0
5;2025-12-22;2;0
5;2025-12-22;3;0
5;2025-12-22;4;0
5;2025-12-22;5;0
5;2025-12-22;6;0
5;2025-12-22;7;0
5;2025-12-22;8;0
5;2025-12-22;9;0
5;2025-12-22;10;0
5;2025-12-22;11;0
5;2025-12-22;12;0
5;2025-12-22;13;0
5;2025-12-22;14;0
5;2025-12-22;15;0
5;2025-12-22;16;0
5;2025-12-22;17;0
5;2025-12-22;18;0
5;2025-12-22;19;0
5;2025-12-22;20;0
5;2025-12-22;21;0
5;2025-12-22;22;0
5;2025-12-22;23;0
5;2025-12-23;0;0
5;2025-12-23;1;0
5;2025-12-23;2;0
5;2025-12-23;3;0
5;2025-12-23;4;0
5;2025-12-23;5;0
5;2025-12-23;6;0
5;2025-12-23;7;0
5;2025-12-23;8;0
5;2025-12-23;9;0
5;2025-12-23;10;0
5;2025-12-23;11;0
5;2025-12-23;12;0
5;2025-12-23;13;0
5;2025-12-23;14;0
5;2025-12-23;15;0
5;2025-12-23;16;0
5;2025-12-23;17;0
5;2025-12-23;18;0
5;2025-12-23;19;0
5;2025-12-23;20;0
5;2025-12-23;21;0
5;2025-12-23;22;0
5;2025-12-23;23;0
5;2025-12-24;0;0
5;2025-12-24;1;0
5;2025-12-24;2;0
5;2025-12-24;3;0
5;2025-12-24;4;0
5;2025-12-24;5;0
5;2025-12-24;6;0
5;2025-12-24;7;0
5;2025-12-24;8;0
5;2025-12-24;9;0
5;2025-12-24;10;0
5;2025-12-24;11;0
5;2025-12-24;12;0
5;2025-12-24;13;0
5;2025-12-24;14;0
5;2025-12-24;15;0
5;2025-12-24;16;0
5;2025-12-24;17;0
5;2025-12-24;18;0
5;2025-12-24;19;0
5;2025-12-24;20;0
5;2025-12-24;21;0
5;2025-12-24;22;0
5;2025-12-24;23;0
5;2025-12-25;0;0
5;2025-12-25;1;0
5;2025-12-25;2;0
5;2025-12-25;3;0
5;2025-12-25;4;0
5;2025-12-25;5;0
5;2025-12-25;6;0
5;2025-12-25;7;0
5;2025-12-25;8;0
5;2025-12-25;9;0
5;2025-12-25;10;0
5;2025-12-25;11;0
5;2025-12-25;12;0
5;2025-12-25;13;0
5;2025-12-25;14;0
5;2025-12-25;15;0
5;2025-12-25;16;0
5;2025-12-25;17;0
5;2025-12-25;18;0
5;2025-12-25;19;0
5;2025-12-25;20;0
5;2025-12-25;21;0
5;2025-12-25;22;0
5;2025-12-25;23;0
5;2025-12-26;0;0
5;2025-12-26;1;0
5;2025-12-26;2;0
5;2025-12-26;3;0
5;2025-12-26;4;0
5;2025-12-26;5;0
5;2025-12-26;6;0
5;2025-12-26;7;0
5;2025-12-26;8;0
5;2025-12-26;9;0
5;2025-12-26;10;0
5;2025-12-26;11;0
5;2025-12-26;12;0
5;2025-12-26;13;0
5;2025-12-26;14;0
5;2025-12-26;15;0
5;2025-12-26;16;0
5;2025-12-26;17;0
5;2025-12-26;18;0
5;2025-12-26;19;0
5;2025-12-26;20;0
5;2025-12-26;21;0
5;2025-12-26;22;0
5;2025-12-26;23;0
5;2025-12-27;0;0
5;2025-12-27;1;0
5;2025-12-27;2;0
5;2025-12-27;3;0
5;2025-12-27;4;0
5;2025-12-27;5;0
5;2025-12-27;6;0
5;2025-12-27;7;0
5;2025-12-27;8;0
5;2025-12-27;9;0
5;2025-12-27;10;0
5;2025-12-27;11;0
5;2025-12-27;12;0
5;2025-12-27;13;0
5;2025-12-27;14;0
5;2025-12-27;15;0
5;2025-12-27;16;0
5;2025-12-27;17;0
5;2025-12-27;18;0
5;2025-12-27;19;0
5;2025-12-27;20;0
5;2025-12-27;21;0
5;2025-12-27;22;0
5;2025-12-27;23;0
5;2025-12-28;0;0
5;2025-12-28;1;0
5;2025-12-28;2;0
5;2025-12-28;3;0
5;2025-12-28;4;0
5;2025-12-28;5;0
5;2025-12-28;6;0
5;2025-12-28;7;0
5;2025-12-28;8;0
5;2025-12-28;9;0
5;2025-12-28;10;0
5;2025-12-28;11;0
5;2025-12-28;12;0
5;2025-12-28;13;0
5;2025-12-28;14;0
5;2025-12-28;15;0
5;2025-12-28;16;0
5;2025-12-28;17;0
5;2025-12-28;18;0
5;2025-12-28;19;0
5;2025-12-28;20;0
5;2025-12-28;21;0
5;2025-12-28;22;0
5;2025-12-28;23;0
5;2025-12-29;0;0
5;2025-12-29;1;0
5;2025-12-29;2;0
5;2025-12-29;3;0
5;2025-12-29;4;0
5;2025-12-29;5;0
5;2025-12-29;6;0
5;2025-12-29;7;0
5;2025-12-29;8;0
5;2025-12-29;9;0
5;2025-12-29;10;0
5;2025-12-29;11;0
5;2025-12-29;12;0
5;2025-12-29;13;0
5;2025-12-29;14;0
5;2025-12-29;15;0
5;2025-12-29;16;0
5;2025-12-29;17;0
5;2025-12-29;18;0
5;2025-12-29;19;0
5;2025-12-29;20;0
5;2025-12-29;21;0
5;2025-12-29;22;0
5;2025-12-29;23;0
5;2025-12-30;0;0
5;2025-12-30;1;0
5;2025-12-30;2;0
5;2025-12-30;3;0
5;2025-12-30;4;0
5;2025-12-30;5;0
5;2025-12-30;6;0
5;2025-12-30;7;0
5;2025-12-30;8;0
5;2025-12-30;9;0
5;2025-12-30;10;0
5;2025-12-30;11;0
5;2025-12-30;12;0
5;2025-12-30;13;0
5;2025-12-30;14;0
5;2025-12-30;15;0
5;2025-12-30;16;0
5;2025-12-30;17;0
5;2025-12-30;18;0
5;2025-12-30;19;0
5;2025-12-30;20;0
5;2025-12-30;21;0
5;2025-12-30;22;0
5;2025-12-30;23;0
5;2025-12-31;0;0
5;2025-12-31;1;0
5;2025-12-31;2;0
5;2025-12-31;3;0
5;2025-12-31;4;0
5;2025-12-31;5;0
5;2025-12-31;6;0
5;2025-12-31;7;0
5;2025-12-31;8;0
5;2025-12-31;9;0
5;2025-12-31;10;0
5;2025-12-31;11;0
5;2025-12-31;12;0
5;2025-12-31;13;0
5;2025-12-31;14;0
5;2025-12-31;15;0
5;2025-12-31;16;0
5;2025-12-31;17;0
5;2025-12-31;18;0
5;2025-12-31;19;0
5;2025-12-31;20;0
5;2025-12-31;21;0
5;2025-12-31;22;0
5;2025-12-31;23;0
7;2025-11-01;0;64
7;2025-11-01;1;13
7;2025-11-01;2;0
7;2025-11-01;3;0
7;2025-11-01;4;2
7;2025-11-01;5;200
7;2025-11-01;6;735
7;2025-11-01;7;1693
7;2025-11-01;8;2565
7;2025-11-01;9;1930
7;2025-11-01;10;1676
7;2025-11-01;11;1517
7;2025-11-01;12;1620
7;2025-11-01;13;1612
7;2025-11-01;14;1697
7;2025-11-01;15;1829
7;2025-11-01;16;1964
7;2025-11-01;17;2431
7;2025-11-01;18;2580
7;2025-11-01;19;1754
7;2025-11-01;20;1109
7;2025-11-01;21;650
7;2025-11-01;22;335
7;2025-11-01;23;198
7;2025-11-02;0;95
7;2025-11-02;1;20
7;2025-11-02;2;1
7;2025-11-02;3;1
7;2025-11-02;4;0
7;2025-11-02;5;33
7;2025-11-02;6;188
7;2025-11-02;7;294
7;2025-11-02;8;490
7;2025-11-02;9;618
7;2025-11-02;10;696
7;2025-11-02;11;866
7;2025-11-02;12;981
7;2025-11-02;13;1015
7;2025-11-02;14;1093
7;2025-11-02;15;1016
7;2025-11-02;16;930
7;2025-11-02;17;967
7;2025-11-02;18;835
7;2025-11-02;19;709
7;2025-11-02;20;601
7;2025-11-02;21;474
7;2025-11-02;22;271
7;2025-11-02;23;157
7;2025-11-03;0;92
7;2025-11-03;1;20
7;2025-11-03;2;1
7;2025-11-03;3;1
7;2025-11-03;4;0
7;2025-11-03;5;34
7;2025-11-03;6;193
7;2025-11-03;7;296
7;2025-11-03;8;492
7;2025-11-03;9;615
7;2025-11-03;10;688
7;2025-11-03;11;851
7;2025-11-03;12;966
7;2025-11-03;13;1011
7;2025-11-03;14;1081
7;2025-11-03;15;1005
7;2025-11-03;16;929
7;2025-11-03;17;936
7;2025-11-03;18;835
7;2025-11-03;19;724
7;2025-11-03;20;600
7;2025-11-03;21;474
7;2025-11-03;22;279
7;2025-11-03;23;158
7;2025-11-04;0;93
7;2025-11-04;1;20
7;2025-11-04;2;1
7;2025-11-04;3;1
7;2025-11-04;4;0
7;2025-11-04;5;34
7;2025-11-04;6;193
7;2025-11-04;7;296
7;2025-11-04;8;493
7;2025-11-04;9;615
7;2025-11-04;10;688
7;2025-11-04;11;852
7;2025-11-04;12;966
7;2025-11-04;13;1011
7;2025-11-04;14;1081
7;2025-11-04;15;1005
7;2025-11-04;16;929
7;2025-11-04;17;936
7;2025-11-04;18;836
7;2025-11-04;19;724
7;2025-11-04;20;600
7;2025-11-04;21;474
7;2025-11-04;22;279
7;2025-11-04;23;158
7;2025-11-05;0;62
7;2025-11-05;1;11
7;2025-11-05;2;0
7;2025-11-05;3;0
7;2025-11-05;4;2
7;2025-11-05;5;198
7;2025-11-05;6;727
7;2025-11-05;7;1661
7;2025-11-05;8;2567
7;2025-11-05;9;1941
7;2025-11-05;10;1692
7;2025-11-05;11;1506
7;2025-11-05;12;1609
7;2025-11-05;13;1585
7;2025-11-05;14;1674
7;2025-11-05;15;1829
7;2025-11-05;16;1934
7;2025-11-05;17;2438
7;2025-11-05;18;2577
7;2025-11-05;19;1738
7;2025-11-05;20;1115
7;2025-11-05;21;653
7;2025-11-05;22;336
7;2025-11-05;23;201
7;2025-11-06;0;67
7;2025-11-06;1;13
7;2025-11-06;2;0
7;2025-11-06;3;0
7;2025-11-06;4;2
7;2025-11-06;5;193
7;2025-11-06;6;728
7;2025-11-06;7;1664
7;2025-11-06;8;2536
7;2025-11-06;9;1899
7;2025-11-06;10;1640
7;2025-11-06;11;1500
7;2025-11-06;12;1590
7;2025-11-06;13;1577
7;2025-11-06;14;1695
7;2025-11-06;15;1778
7;2025-11-06;16;1921
7;2025-11-06;17;2394
7;2025-11-06;18;2643
7;2025-11-06;19;1740
7;2025-11-06;20;1091
7;2025-11-06;21;661
7;2025-11-06;22;332
7;2025-11-06;23;196
7;2025-11-07;0;66
7;2025-11-07;1;13
7;2025-11-07;2;0
7;2025-11-07;3;0
7;2025-11-07;4;2
7;2025-11-07;5;192
7;2025-11-07;6;695
7;2025-11-07;7;1632
7;2025-11-07;8;2461
7;2025-11-07;9;1870
7;2025-11-07;10;1626
7;2025-11-07;11;1521
7;2025-11-07;12;1625
7;2025-11-07;13;1661
7;2025-11-07;14;1734
7;2025-11-07;15;1860
7;2025-11-07;16;2032
7;2025-11-07;17;2374
7;2025-11-07;18;2334
7;2025-11-07;19;1644
7;2025-11-07;20;1084
7;2025-11-07;21;646
7;2025-11-07;22;353
7;2025-11-07;23;214
7;2025-11-08;0;103
7;2025-11-08;1;24
7;2025-11-08;2;0
7;2025-11-08;3;0
7;2025-11-08;4;0
7;2025-11-08;5;54
7;2025-11-08;6;290
7;2025-11-08;7;468
7;2025-11-08;8;737
7;2025-11-08;9;865
7;2025-11-08;10;923
7;2025-11-08;11;1102
7;2025-11-08;12;1258
7;2025-11-08;13;1266
7;2025-11-08;14;1310
7;2025-11-08;15;1228
7;2025-11-08;16;1179
7;2025-11-08;17;1130
7;2025-11-08;18;1064
7;2025-11-08;19;1026
7;2025-11-08;20;767
7;2025-11-08;21;609
7;2025-11-08;22;322
7;2025-11-08;23;216
7;2025-11-09;0;95
7;2025-11-09;1;20
7;2025-11-09;2;1
7;2025-11-09;3;1
7;2025-11-09;4;0
7;2025-11-09;5;33
7;2025-11-09;6;188
7;2025-11-09;7;294
7;2025-11-09;8;491
7;2025-11-09;9;619
7;2025-11-09;10;697
7;2025-11-09;11;868
7;2025-11-09;12;983
7;2025-11-09;13;1017
7;2025-11-09;14;1094
7;2025-11-09;15;1017
7;2025-11-09;16;931
7;2025-11-09;17;968
7;2025-11-09;18;836
7;2025-11-09;19;710
7;2025-11-09;20;602
7;2025-11-09;21;475
7;2025-11-09;22;272
7;2025-11-09;23;157
7;2025-11-10;0;68
7;2025-11-10;1;13
7;2025-11-10;2;0
7;2025-11-10;3;0
7;2025-11-10;4;2
7;2025-11-10;5;198
7;2025-11-10;6;725
7;2025-11-10;7;1664
7;2025-11-10;8;2520
7;2025-11-10;9;1887
7;2025-11-10;10;1609
7;2025-11-10;11;1439
7;2025-11-10;12;1558
7;2025-11-10;13;1553
7;2025-11-10;14;1624
7;2025-11-10;15;1767
7;2025-11-10;16;1899
7;2025-11-10;17;2366
7;2025-11-10;18;2557
7;2025-11-10;19;1735
7;2025-11-10;20;1089
7;2025-11-10;21;617
7;2025-11-10;22;315
7;2025-11-10;23;184
7;2025-11-11;0;59
7;2025-11-11;1;13
7;2025-11-11;2;0
7;2025-11-11;3;0
7;2025-11-11;4;2
7;2025-11-11;5;201
7;2025-11-11;6;732
7;2025-11-11;7;1686
7;2025-11-11;8;2546
7;2025-11-11;9;1909
7;2025-11-11;10;1664
7;2025-11-11;11;1517
7;2025-11-11;12;1622
7;2025-11-11;13;1602
7;2025-11-11;14;1674
7;2025-11-11;15;1810
7;2025-11-11;16;1936
7;2025-11-11;17;2389
7;2025-11-11;18;2584
7;2025-11-11;19;1778
7;2025-11-11;20;1110
7;2025-11-11;21;660
7;2025-11-11;22;332
7;2025-11-11;23;188
7;2025-11-12;0;62
7;2025-11-12;1;11
7;2025-11-12;2;0
7;2025-11-12;3;0
7;2025-11-12;4;2
7;2025-11-12;5;197
7;2025-11-12;6;726
7;2025-11-12;7;1657
7;2025-11-12;8;2562
7;2025-11-12;9;1938
7;2025-11-12;10;1689
7;2025-11-12;11;1504
7;2025-11-12;12;1606
7;2025-11-12;13;1582
7;2025-11-12;14;1671
7;2025-11-12;15;1826
7;2025-11-12;16;1930
7;2025-11-12;17;2433
7;2025-11-12;18;2572
7;2025-11-12;19;1735
7;2025-11-12;20;1113
7;2025-11-12;21;652
7;2025-11-12;22;336
7;2025-11-12;23;200
7;2025-11-13;0;67
7;2025-11-13;1;13
7;2025-11-13;2;0
7;2025-11-13;3;0
7;2025-11-13;4;2
7;2025-11-13;5;193
7;2025-11-13;6;727
7;2025-11-13;7;1661
7;2025-11-13;8;2532
7;2025-11-13;9;1896
7;2025-11-13;10;1637
7;2025-11-13;11;1497
7;2025-11-13;12;1587
7;2025-11-13;13;1574
7;2025-11-13;14;1692
7;2025-11-13;15;1775
7;2025-11-13;16;1917
7;2025-11-13;17;2390
7;2025-11-13;18;2638
7;2025-11-13;19;1737
7;2025-11-13;20;1089
7;2025-11-13;21;660
7;2025-11-13;22;331
7;2025-11-13;23;196
7;2025-11-14;0;66
7;2025-11-14;1;13
7;2025-11-14;2;0
7;2025-11-14;3;0
7;2025-11-14;4;2
7;2025-11-14;5;191
7;2025-11-14;6;694
7;2025-11-14;7;1629
7;2025-11-14;8;2457
7;2025-11-14;9;1866
7;2025-11-14;10;1623
7;2025-11-14;11;1519
7;2025-11-14;12;1622
7;2025-11-14;13;1657
7;2025-11-14;14;1731
7;2025-11-14;15;1857
7;2025-11-14;16;2029
7;2025-11-14;17;2369
7;2025-11-14;18;2330
7;2025-11-14;19;1641
7;2025-11-14;20;1082
7;2025-11-14;21;645
7;2025-11-14;22;352
7;2025-11-14;23;214
7;2025-11-15;0;103
7;2025-11-15;1;24
7;2025-11-15;2;0
7;2025-11-15;3;0
7;2025-11-15;4;0
7;2025-11-15;5;54
7;2025-11-15;6;290
7;2025-11-15;7;468
7;2025-11-15;8;736
7;2025-11-15;9;864
7;2025-11-15;10;922
7;2025-11-15;11;1101
7;2025-11-15;12;1256
7;2025-11-15;13;1265
7;2025-11-15;14;1308
7;2025-11-15;15;1226
7;2025-11-15;16;1177
7;2025-11-15;17;1128
7;2025-11-15;18;1062
7;2025-11-15;19;1025
7;2025-11-15;20;766
7;2025-11-15;21;609
7;2025-11-15;22;321
7;2025-11-15;23;215
7;2025-11-16;0;95
7;2025-11-16;1;20
7;2025-11-16;2;1
7;2025-11-16;3;1
7;2025-11-16;4;0
7;2025-11-16;5;33
7;2025-11-16;6;188
7;2025-11-16;7;294
7;2025-11-16;8;492
7;2025-11-16;9;620
7;2025-11-16;10;698
7;2025-11-16;11;869
7;2025-11-16;12;984
7;2025-11-16;13;1018
7;2025-11-16;14;1096
7;2025-11-16;15;1019
7;2025-11-16;16;932
7;2025-11-16;17;969
7;2025-11-16;18;838
7;2025-11-16;19;711
7;2025-11-16;20;603
7;2025-11-16;21;476
7;2025-11-16;22;272
7;2025-11-16;23;157
7;2025-11-17;0;67
7;2025-11-17;1;13
7;2025-11-17;2;0
7;2025-11-17;3;0
7;2025-11-17;4;2
7;2025-11-17;5;198
7;2025-11-17;6;724
7;2025-11-17;7;1661
7;2025-11-17;8;2515
7;2025-11-17;9;1883
7;2025-11-17;10;1607
7;2025-11-17;11;1436
7;2025-11-17;12;1555
7;2025-11-17;13;1550
7;2025-11-17;14;1621
7;2025-11-17;15;1764
7;2025-11-17;16;1896
7;2025-11-17;17;2362
7;2025-11-17;18;2552
7;2025-11-17;19;1732
7;2025-11-17;20;1087
7;2025-11-17;21;616
7;2025-11-17;22;314
7;2025-11-17;23;184
7;2025-11-18;0;59
7;2025-11-18;1;13
7;2025-11-18;2;0
7;2025-11-18;3;0
7;2025-11-18;4;2
7;2025-11-18;5;201
7;2025-11-18;6;731
7;2025-11-18;7;1683
7;2025-11-18;8;2541
7;2025-11-18;9;1906
7;2025-11-18;10;1661
7;2025-11-18;11;1514
7;2025-11-18;12;1619
7;2025-11-18;13;1599
7;2025-11-18;14;1671
7;2025-11-18;15;1807
7;2025-11-18;16;1933
7;2025-11-18;17;2385
7;2025-11-18;18;2579
7;2025-11-18;19;1774
7;2025-11-18;20;1108
7;2025-11-18;21;659
7;2025-11-18;22;331
7;2025-11-18;23;187
7;2025-11-19;0;62
7;2025-11-19;1;11
7;2025-11-19;2;0
7;2025-11-19;3;0
7;2025-11-19;4;2
7;2025-11-19;5;197
7;2025-11-19;6;724
7;2025-11-19;7;1655
7;2025-11-19;8;2558
7;2025-11-19;9;1934
7;2025-11-19;10;1686
7;2025-11-19;11;1501
7;2025-11-19;12;1603
7;2025-11-19;13;1580
7;2025-11-19;14;1668
7;2025-11-19;15;1822
7;2025-11-19;16;1927
7;2025-11-19;17;2429
7;2025-11-19;18;2567
7;2025-11-19;19;1732
7;2025-11-19;20;1111
7;2025-11-19;21;651
7;2025-11-19;22;335
7;2025-11-19;23;200
7;2025-11-20;0;67
7;2025-11-20;1;13
7;2025-11-20;2;0
7;2025-11-20;3;0
7;2025-11-20;4;2
7;2025-11-20;5;193
7;2025-11-20;6;726
7;2025-11-20;7;1658
7;2025-11-20;8;2527
7;2025-11-20;9;1892
7;2025-11-20;10;1634
7;2025-11-20;11;1495
7;2025-11-20;12;1584
7;2025-11-20;13;1571
7;2025-11-20;14;1689
7;2025-11-20;15;1772
7;2025-11-20;16;1914
7;2025-11-20;17;2386
7;2025-11-20;18;2634
7;2025-11-20;19;1734
7;2025-11-20;20;1087
7;2025-11-20;21;658
7;2025-11-20;22;331
7;2025-11-20;23;195
7;2025-11-21;0;66
7;2025-11-21;1;13
7;2025-11-21;2;0
7;2025-11-21;3;0
7;2025-11-21;4;2
7;2025-11-21;5;191
7;2025-11-21;6;692
7;2025-11-21;7;1626
7;2025-11-21;8;2452
7;2025-11-21;9;1863
7;2025-11-21;10;1620
7;2025-11-21;11;1516
7;2025-11-21;12;1620
7;2025-11-21;13;1655
7;2025-11-21;14;1728
7;2025-11-21;15;1853
7;2025-11-21;16;2025
7;2025-11-21;17;2365
7;2025-11-21;18;2325
7;2025-11-21;19;1638
7;2025-11-21;20;1080
7;2025-11-21;21;644
7;2025-11-21;22;351
7;2025-11-21;23;213
7;2025-11-22;0;103
7;2025-11-22;1;24
7;2025-11-22;2;0
7;2025-11-22;3;0
7;2025-11-22;4;0
7;2025-11-22;5;54
7;2025-11-22;6;289
7;2025-11-22;7;467
7;2025-11-22;8;735
7;2025-11-22;9;863
7;2025-11-22;10;921
7;2025-11-22;11;1099
7;2025-11-22;12;1255
7;2025-11-22;13;1263
7;2025-11-22;14;1306
7;2025-11-22;15;1224
7;2025-11-22;16;1176
7;2025-11-22;17;1127
7;2025-11-22;18;1061
7;2025-11-22;19;1024
7;2025-11-22;20;765
7;2025-11-22;21;608
7;2025-11-22;22;321
7;2025-11-22;23;215
7;2025-11-23;0;95
7;2025-11-23;1;21
7;2025-11-23;2;1
7;2025-11-23;3;1
7;2025-11-23;4;0
7;2025-11-23;5;33
7;2025-11-23;6;189
7;2025-11-23;7;295
7;2025-11-23;8;493
7;2025-11-23;9;620
7;2025-11-23;10;699
7;2025-11-23;11;870
7;2025-11-23;12;986
7;2025-11-23;13;1020
7;2025-11-23;14;1097
7;2025-11-23;15;1020
7;2025-11-23;16;934
7;2025-11-23;17;971
7;2025-11-23;18;839
7;2025-11-23;19;712
7;2025-11-23;20;603
7;2025-11-23;21;476
7;2025-11-23;22;272
7;2025-11-23;23;157
7;2025-11-24;0;67
7;2025-11-24;1;13
7;2025-11-24;2;0
7;2025-11-24;3;0
7;2025-11-24;4;2
7;2025-11-24;5;198
7;2025-11-24;6;723
7;2025-11-24;7;1658
7;2025-11-24;8;2511
7;2025-11-24;9;1880
7;2025-11-24;10;1604
7;2025-11-24;11;1434
7;2025-11-24;12;1552
7;2025-11-24;13;1547
7;2025-11-24;14;1619
7;2025-11-24;15;1761
7;2025-11-24;16;1892
7;2025-11-24;17;2358
7;2025-11-24;18;2548
7;2025-11-24;19;1729
7;2025-11-24;20;1086
7;2025-11-24;21;615
7;2025-11-24;22;314
7;2025-11-24;23;184
7;2025-11-25;0;59
7;2025-11-25;1;13
7;2025-11-25;2;0
7;2025-11-25;3;0
7;2025-11-25;4;2
7;2025-11-25;5;200
7;2025-11-25;6;729
7;2025-11-25;7;1680
7;2025-11-25;8;2537
7;2025-11-25;9;1902
7;2025-11-25;10;1658
7;2025-11-25;11;1512
7;2025-11-25;12;1617
7;2025-11-25;13;1597
7;2025-11-25;14;1668
7;2025-11-25;15;1804
7;2025-11-25;16;1929
7;2025-11-25;17;2381
7;2025-11-25;18;2575
7;2025-11-25;19;1771
7;2025-11-25;20;1106
7;2025-11-25;21;658
7;2025-11-25;22;331
7;2025-11-25;23;187
7;2025-11-26;0;62
7;2025-11-26;1;11
7;2025-11-26;2;0
7;2025-11-26;3;0
7;2025-11-26;4;2
7;2025-11-26;5;197
7;2025-11-26;6;723
7;2025-11-26;7;1652
7;2025-11-26;8;2553
7;2025-11-26;9;1931
7;2025-11-26;10;1683
7;2025-11-26;11;1498
7;2025-11-26;12;1601
7;2025-11-26;13;1577
7;2025-11-26;14;1665
7;2025-11-26;15;1819
7;2025-11-26;16;1924
7;2025-11-26;17;2425
7;2025-11-26;18;2563
7;2025-11-26;19;1729
7;2025-11-26;20;1109
7;2025-11-26;21;650
7;2025-11-26;22;334
7;2025-11-26;23;200
7;2025-11-27;0;67
7;2025-11-27;1;13
7;2025-11-27;2;0
7;2025-11-27;3;0
7;2025-11-27;4;2
7;2025-11-27;5;192
7;2025-11-27;6;725
7;2025-11-27;7;1655
7;2025-11-27;8;2523
7;2025-11-27;9;1889
7;2025-11-27;10;1631
7;2025-11-27;11;1492
7;2025-11-27;12;1582
7;2025-11-27;13;1568
7;2025-11-27;14;1686
7;2025-11-27;15;1769
7;2025-11-27;16;1911
7;2025-11-27;17;2382
7;2025-11-27;18;2629
7;2025-11-27;19;1731
7;2025-11-27;20;1085
7;2025-11-27;21;657
7;2025-11-27;22;330
7;2025-11-27;23;195
7;2025-11-28;0;66
7;2025-11-28;1;13
7;2025-11-28;2;0
7;2025-11-28;3;0
7;2025-11-28;4;2
7;2025-11-28;5;191
7;2025-11-28;6;691
7;2025-11-28;7;1623
7;2025-11-28;8;2448
7;2025-11-28;9;1860
7;2025-11-28;10;1618
7;2025-11-28;11;1513
7;2025-11-28;12;1617
7;2025-11-28;13;1652
7;2025-11-28;14;1725
7;2025-11-28;15;1850
7;2025-11-28;16;2022
7;2025-11-28;17;2361
7;2025-11-28;18;2322
7;2025-11-28;19;1636
7;2025-11-28;20;1078
7;2025-11-28;21;643
7;2025-11-28;22;351
7;2025-11-28;23;213
7;2025-11-29;0;103
7;2025-11-29;1;24
7;2025-11-29;2;0
7;2025-11-29;3;0
7;2025-11-29;4;0
7;2025-11-29;5;54
7;2025-11-29;6;289
7;2025-11-29;7;466
7;2025-11-29;8;734
7;2025-11-29;9;862
7;2025-11-29;10;920
7;2025-11-29;11;1098
7;2025-11-29;12;1253
7;2025-11-29;13;1261
7;2025-11-29;14;1305
7;2025-11-29;15;1223
7;2025-11-29;16;1174
7;2025-11-29;17;1125
7;2025-11-29;18;1060
7;2025-11-29;19;1022
7;2025-11-29;20;764
7;2025-11-29;21;607
7;2025-11-29;22;320
7;2025-11-29;23;215
7;2025-11-30;0;95
7;2025-11-30;1;21
7;2025-11-30;2;1
7;2025-11-30;3;1
7;2025-11-30;4;0
7;2025-11-30;5;34
7;2025-11-30;6;189
7;2025-11-30;7;295
7;2025-11-30;8;493
7;2025-11-30;9;621
7;2025-11-30;10;700
7;2025-11-30;11;871
7;2025-11-30;12;987
7;2025-11-30;13;1021
7;2025-11-30;14;1099
7;2025-11-30;15;1021
7;2025-11-30;16;935
7;2025-11-30;17;972
7;2025-11-30;18;840
7;2025-11-30;19;713
7;2025-11-30;20;604
7;2025-11-30;21;477
7;2025-11-30;22;273
7;2025-11-30;23;158
7;2025-12-01;0;67
7;2025-12-01;1;13
7;2025-12-01;2;0
7;2025-12-01;3;0
7;2025-12-01;4;2
7;2025-12-01;5;197
7;2025-12-01;6;722
7;2025-12-01;7;1655
7;2025-12-01;8;2507
7;2025-12-01;9;1877
7;2025-12-01;10;1601
7;2025-12-01;11;1431
7;2025-12-01;12;1550
7;2025-12-01;13;1545
7;2025-12-01;14;1616
7;2025-12-01;15;1758
7;2025-12-01;16;1889
7;2025-12-01;17;2354
7;2025-12-01;18;2544
7;2025-12-01;19;1727
7;2025-12-01;20;1084
7;2025-12-01;21;614
7;2025-12-01;22;313
7;2025-12-01;23;183
7;2025-12-02;0;59
7;2025-12-02;1;13
7;2025-12-02;2;0
7;2025-12-02;3;0
7;2025-12-02;4;2
7;2025-12-02;5;200
7;2025-12-02;6;728
7;2025-12-02;7;1677
7;2025-12-02;8;2533
7;2025-12-02;9;1899
7;2025-12-02;10;1655
7;2025-12-02;11;1509
7;2025-12-02;12;1614
7;2025-12-02;13;1594
7;2025-12-02;14;1665
7;2025-12-02;15;1801
7;2025-12-02;16;1926
7;2025-12-02;17;2377
7;2025-12-02;18;2571
7;2025-12-02;19;1769
7;2025-12-02;20;1104
7;2025-12-02;21;657
7;2025-12-02;22;330
7;2025-12-02;23;187
7;2025-12-03;0;62
7;2025-12-03;1;11
7;2025-12-03;2;0
7;2025-12-03;3;0
7;2025-12-03;4;2
7;2025-12-03;5;196
7;2025-12-03;6;722
7;2025-12-03;7;1649
7;2025-12-03;8;2549
7;2025-12-03;9;1928
7;2025-12-03;10;1681
7;2025-12-03;11;1496
7;2025-12-03;12;1598
7;2025-12-03;13;1575
7;2025-12-03;14;1663
7;2025-12-03;15;1817
7;2025-12-03;16;1921
7;2025-12-03;17;2421
7;2025-12-03;18;2559
7;2025-12-03;19;1726
7;2025-12-03;20;1107
7;2025-12-03;21;649
7;2025-12-03;22;334
7;2025-12-03;23;199
7;2025-12-04;0;67
7;2025-12-04;1;13
7;2025-12-04;2;0
7;2025-12-04;3;0
7;2025-12-04;4;2
7;2025-12-04;5;192
7;2025-12-04;6;723
7;2025-12-04;7;1652
7;2025-12-04;8;2519
7;2025-12-04;9;1886
7;2025-12-04;10;1629
7;2025-12-04;11;1490
7;2025-12-04;12;1579
7;2025-12-04;13;1566
7;2025-12-04;14;1683
7;2025-12-04;15;1766
7;2025-12-04;16;1908
7;2025-12-04;17;2378
7;2025-12-04;18;2625
7;2025-12-04;19;1728
7;2025-12-04;20;1084
7;2025-12-04;21;656
7;2025-12-04;22;330
7;2025-12-04;23;195
7;2025-12-05;0;66
7;2025-12-05;1;13
7;2025-12-05;2;0
7;2025-12-05;3;0
7;2025-12-05;4;2
7;2025-12-05;5;191
7;2025-12-05;6;690
7;2025-12-05;7;1621
7;2025-12-05;8;2445
7;2025-12-05;9;1857
7;2025-12-05;10;1615
7;2025-12-05;11;1511
7;2025-12-05;12;1614
7;2025-12-05;13;1649
7;2025-12-05;14;1722
7;2025-12-05;15;1848
7;2025-12-05;16;2019
7;2025-12-05;17;2358
7;2025-12-05;18;2318
7;2025-12-05;19;1633
7;2025-12-05;20;1076
7;2025-12-05;21;642
7;2025-12-05;22;350
7;2025-12-05;23;213
7;2025-12-06;0;102
7;2025-12-06;1;24
7;2025-12-06;2;0
7;2025-12-06;3;0
7;2025-12-06;4;0
7;2025-12-06;5;54
7;2025-12-06;6;289
7;2025-12-06;7;466
7;2025-12-06;8;733
7;2025-12-06;9;861
7;2025-12-06;10;918
7;2025-12-06;11;1097
7;2025-12-06;12;1251
7;2025-12-06;13;1260
7;2025-12-06;14;1303
7;2025-12-06;15;1221
7;2025-12-06;16;1173
7;2025-12-06;17;1124
7;2025-12-06;18;1058
7;2025-12-06;19;1021
7;2025-12-06;20;763
7;2025-12-06;21;606
7;2025-12-06;22;320
7;2025-12-06;23;214
7;2025-12-07;0;95
7;2025-12-07;1;21
7;2025-12-07;2;1
7;2025-12-07;3;1
7;2025-12-07;4;0
7;2025-12-07;5;34
7;2025-12-07;6;189
7;2025-12-07;7;296
7;2025-12-07;8;494
7;2025-12-07;9;622
7;2025-12-07;10;700
7;2025-12-07;11;872
7;2025-12-07;12;988
7;2025-12-07;13;1022
7;2025-12-07;14;1100
7;2025-12-07;15;1023
7;2025-12-07;16;936
7;2025-12-07;17;973
7;2025-12-07;18;841
7;2025-12-07;19;714
7;2025-12-07;20;605
7;2025-12-07;21;478
7;2025-12-07;22;273
7;2025-12-07;23;158
7;2025-12-08;0;67
7;2025-12-08;1;13
7;2025-12-08;2;0
7;2025-12-08;3;0
7;2025-12-08;4;2
7;2025-12-08;5;197
7;2025-12-08;6;721
7;2025-12-08;7;1653
7;2025-12-08;8;2503
7;2025-12-08;9;1874
7;2025-12-08;10;1599
7;2025-12-08;11;1429
7;2025-12-08;12;1548
7;2025-12-08;13;1542
7;2025-12-08;14;1614
7;2025-12-08;15;1756
7;2025-12-08;16;1886
7;2025-12-08;17;2351
7;2025-12-08;18;2540
7;2025-12-08;19;1724
7;2025-12-08;20;1082
7;2025-12-08;21;613
7;2025-12-08;22;313
7;2025-12-08;23;183
7;2025-12-09;0;59
7;2025-12-09;1;13
7;2025-12-09;2;0
7;2025-12-09;3;0
7;2025-12-09;4;2
7;2025-12-09;5;200
7;2025-12-09;6;727
7;2025-12-09;7;1675
7;2025-12-09;8;2529
7;2025-12-09;9;1897
7;2025-12-09;10;1653
7;2025-12-09;11;1507
7;2025-12-09;12;1612
7;2025-12-09;13;1592
7;2025-12-09;14;1663
7;2025-12-09;15;1798
7;2025-12-09;16;1923
7;2025-12-09;17;2374
7;2025-12-09;18;2567
7;2025-12-09;19;1766
7;2025-12-09;20;1102
7;2025-12-09;21;656
7;2025-12-09;22;330
7;2025-12-09;23;186
7;2025-12-10;0;62
7;2025-12-10;1;11
7;2025-12-10;2;0
7;2025-12-10;3;0
7;2025-12-10;4;2
7;2025-12-10;5;196
7;2025-12-10;6;721
7;2025-12-10;7;1647
7;2025-12-10;8;2546
7;2025-12-10;9;1925
7;2025-12-10;10;1678
7;2025-12-10;11;1494
7;2025-12-10;12;1596
7;2025-12-10;13;1572
7;2025-12-10;14;1660
7;2025-12-10;15;1814
7;2025-12-10;16;1918
7;2025-12-10;17;2418
7;2025-12-10;18;2555
7;2025-12-10;19;1724
7;2025-12-10;20;1106
7;2025-12-10;21;648
7;2025-12-10;22;333
7;2025-12-10;23;199
7;2025-12-11;0;67
7;2025-12-11;1;13
7;2025-12-11;2;0
7;2025-12-11;3;0
7;2025-12-11;4;2
7;2025-12-11;5;192
7;2025-12-11;6;722
7;2025-12-11;7;1650
7;2025-12-11;8;2516
7;2025-12-11;9;1883
7;2025-12-11;10;1626
7;2025-12-11;11;1488
7;2025-12-11;12;1577
7;2025-12-11;13;1564
7;2025-12-11;14;1681
7;2025-12-11;15;1763
7;2025-12-11;16;1905
7;2025-12-11;17;2374
7;2025-12-11;18;2621
7;2025-12-11;19;1725
7;2025-12-11;20;1082
7;2025-12-11;21;655
7;2025-12-11;22;329
7;2025-12-11;23;194
7;2025-12-12;0;66
7;2025-12-12;1;13
7;2025-12-12;2;0
7;2025-12-12;3;0
7;2025-12-12;4;2
7;2025-12-12;5;190
7;2025-12-12;6;689
7;2025-12-12;7;1618
7;2025-12-12;8;2441
7;2025-12-12;9;1854
7;2025-12-12;10;1613
7;2025-12-12;11;1509
7;2025-12-12;12;1612
7;2025-12-12;13;1647
7;2025-12-12;14;1720
7;2025-12-12;15;1845
7;2025-12-12;16;2016
7;2025-12-12;17;2354
7;2025-12-12;18;2315
7;2025-12-12;19;1631
7;2025-12-12;20;1075
7;2025-12-12;21;641
7;2025-12-12;22;350
7;2025-12-12;23;212
7;2025-12-13;0;102
7;2025-12-13;1;24
7;2025-12-13;2;0
7;2025-12-13;3;0
7;2025-12-13;4;0
7;2025-12-13;5;54
7;2025-12-13;6;288
7;2025-12-13;7;465
7;2025-12-13;8;732
7;2025-12-13;9;860
7;2025-12-13;10;917
7;2025-12-13;11;1095
7;2025-12-13;12;1250
7;2025-12-13;13;1258
7;2025-12-13;14;1301
7;2025-12-13;15;1220
7;2025-12-13;16;1172
7;2025-12-13;17;1123
7;2025-12-13;18;1057
7;2025-12-13;19;1020
7;2025-12-13;20;762
7;2025-12-13;21;606
7;2025-12-13;22;320
7;2025-12-13;23;214
7;2025-12-14;0;95
7;2025-12-14;1;21
7;2025-12-14;2;1
7;2025-12-14;3;1
7;2025-12-14;4;0
7;2025-12-14;5;34
7;2025-12-14;6;189
7;2025-12-14;7;296
7;2025-12-14;8;494
7;2025-12-14;9;623
7;2025-12-14;10;701
7;2025-12-14;11;873
7;2025-12-14;12;989
7;2025-12-14;13;1023
7;2025-12-14;14;1101
7;2025-12-14;15;1024
7;2025-12-14;16;937
7;2025-12-14;17;974
7;2025-12-14;18;842
7;2025-12-14;19;715
7;2025-12-14;20;605
7;2025-12-14;21;478
7;2025-12-14;22;273
7;2025-12-14;23;158
7;2025-12-15;0;67
7;2025-12-15;1;13
7;2025-12-15;2;0
7;2025-12-15;3;0
7;2025-12-15;4;2
7;2025-12-15;5;197
7;2025-12-15;6;720
7;2025-12-15;7;1650
7;2025-12-15;8;2500
7;2025-12-15;9;1872
7;2025-12-15;10;1596
7;2025-12-15;11;1427
7;2025-12-15;12;1545
7;2025-12-15;13;1540
7;2025-12-15;14;1611
7;2025-12-15;15;1753
7;2025-12-15;16;1884
7;2025-12-15;17;2347
7;2025-12-15;18;2536
7;2025-12-15;19;1721
7;2025-12-15;20;1080
7;2025-12-15;21;612
7;2025-12-15;22;312
7;2025-12-15;23;183
7;2025-12-16;0;59
7;2025-12-16;1;13
7;2025-12-16;2;0
7;2025-12-16;3;0
7;2025-12-16;4;2
7;2025-12-16;5;200
7;2025-12-16;6;726
7;2025-12-16;7;1672
7;2025-12-16;8;2525
7;2025-12-16;9;1894
7;2025-12-16;10;1650
7;2025-12-16;11;1505
7;2025-12-16;12;1610
7;2025-12-16;13;1589
7;2025-12-16;14;1660
7;2025-12-16;15;1796
7;2025-12-16;16;1921
7;2025-12-16;17;2370
7;2025-12-16;18;2563
7;2025-12-16;19;1763
7;2025-12-16;20;1101
7;2025-12-16;21;655
7;2025-12-16;22;329
7;2025-12-16;23;186
7;2025-12-17;0;61
7;2025-12-17;1;11
7;2025-12-17;2;0
7;2025-12-17;3;0
7;2025-12-17;4;2
7;2025-12-17;5;196
7;2025-12-17;6;720
7;2025-12-17;7;1644
7;2025-12-17;8;2542
7;2025-12-17;9;1922
7;2025-12-17;10;1676
7;2025-12-17;11;1492
7;2025-12-17;12;1594
7;2025-12-17;13;1570
7;2025-12-17;14;1658
7;2025-12-17;15;1811
7;2025-12-17;16;1915
7;2025-12-17;17;2414
7;2025-12-17;18;2552
7;2025-12-17;19;1721
7;2025-12-17;20;1104
7;2025-12-17;21;647
7;2025-12-17;22;333
7;2025-12-17;23;199
7;2025-12-18;0;66
7;2025-12-18;1;13
7;2025-12-18;2;0
7;2025-12-18;3;0
7;2025-12-18;4;2
7;2025-12-18;5;192
7;2025-12-18;6;721
7;2025-12-18;7;1648
7;2025-12-18;8;2512
7;2025-12-18;9;1881
7;2025-12-18;10;1624
7;2025-12-18;11;1486
7;2025-12-18;12;1575
7;2025-12-18;13;1561
7;2025-12-18;14;1678
7;2025-12-18;15;1761
7;2025-12-18;16;1902
7;2025-12-18;17;2371
7;2025-12-18;18;2618
7;2025-12-18;19;1723
7;2025-12-18;20;1080
7;2025-12-18;21;654
7;2025-12-18;22;329
7;2025-12-18;23;194
7;2025-12-19;0;66
7;2025-12-19;1;13
7;2025-12-19;2;0
7;2025-12-19;3;0
7;2025-12-19;4;2
7;2025-12-19;5;190
7;2025-12-19;6;688
7;2025-12-19;7;1616
7;2025-12-19;8;2438
7;2025-12-19;9;1852
7;2025-12-19;10;1611
7;2025-12-19;11;1507
7;2025-12-19;12;1610
7;2025-12-19;13;1644
7;2025-12-19;14;1717
7;2025-12-19;15;1842
7;2025-12-19;16;2013
7;2025-12-19;17;2351
7;2025-12-19;18;2311
7;2025-12-19;19;1628
7;2025-12-19;20;1073
7;2025-12-19;21;640
7;2025-12-19;22;349
7;2025-12-19;23;212
7;2025-12-20;0;102
7;2025-12-20;1;24
7;2025-12-20;2;0
7;2025-12-20;3;0
7;2025-12-20;4;0
7;2025-12-20;5;54
7;2025-12-20;6;288
7;2025-12-20;7;465
7;2025-12-20;8;731
7;2025-12-20;9;859
7;2025-12-20;10;916
7;2025-12-20;11;1094
7;2025-12-20;12;1249
7;2025-12-20;13;1257
7;2025-12-20;14;1300
7;2025-12-20;15;1219
7;2025-12-20;16;1170
7;2025-12-20;17;1122
7;2025-12-20;18;1056
7;2025-12-20;19;1019
7;2025-12-20;20;761
7;2025-12-20;21;605
7;2025-12-20;22;319
7;2025-12-20;23;214
7;2025-12-21;0;95
7;2025-12-21;1;21
7;2025-12-21;2;1
7;2025-12-21;3;1
7;2025-12-21;4;0
7;2025-12-21;5;34
7;2025-12-21;6;190
7;2025-12-21;7;296
7;2025-12-21;8;495
7;2025-12-21;9;623
7;2025-12-21;10;702
7;2025-12-21;11;874
7;2025-12-21;12;990
7;2025-12-21;13;1024
7;2025-12-21;14;1102
7;2025-12-21;15;1025
7;2025-12-21;16;938
7;2025-12-21;17;975
7;2025-12-21;18;843
7;2025-12-21;19;715
7;2025-12-21;20;606
7;2025-12-21;21;479
7;2025-12-21;22;274
7;2025-12-21;23;158
7;2025-12-22;0;67
7;2025-12-22;1;13
7;2025-12-22;2;0
7;2025-12-22;3;0
7;2025-12-22;4;2
7;2025-12-22;5;196
7;2025-12-22;6;719
7;2025-12-22;7;1648
7;2025-12-22;8;2496
7;2025-12-22;9;1869
7;2025-12-22;10;1594
7;2025-12-22;11;1425
7;2025-12-22;12;1543
7;2025-12-22;13;1538
7;2025-12-22;14;1609
7;2025-12-22;15;1751
7;2025-12-22;16;1881
7;2025-12-22;17;2344
7;2025-12-22;18;2533
7;2025-12-22;19;1719
7;2025-12-22;20;1079
7;2025-12-22;21;611
7;2025-12-22;22;312
7;2025-12-22;23;183
7;2025-12-23;0;59
7;2025-12-23;1;13
7;2025-12-23;2;0
7;2025-12-23;3;0
7;2025-12-23;4;2
7;2025-12-23;5;199
7;2025-12-23;6;725
7;2025-12-23;7;1670
7;2025-12-23;8;2522
7;2025-12-23;9;1891
7;2025-12-23;10;1648
7;2025-12-23;11;1503
7;2025-12-23;12;1607
7;2025-12-23;13;1587
7;2025-12-23;14;1658
7;2025-12-23;15;1793
7;2025-12-23;16;1918
7;2025-12-23;17;2367
7;2025-12-23;18;2560
7;2025-12-23;19;1761
7;2025-12-23;20;1099
7;2025-12-23;21;654
7;2025-12-23;22;329
7;2025-12-23;23;186
7;2025-12-24;0;61
7;2025-12-24;1;11
7;2025-12-24;2;0
7;2025-12-24;3;0
7;2025-12-24;4;2
7;2025-12-24;5;196
7;2025-12-24;6;719
7;2025-12-24;7;1642
7;2025-12-24;8;2539
7;2025-12-24;9;1920
7;2025-12-24;10;1674
7;2025-12-24;11;1490
7;2025-12-24;12;1591
7;2025-12-24;13;1568
7;2025-12-24;14;1655
7;2025-12-24;15;1809
7;2025-12-24;16;1913
7;2025-12-24;17;2411
7;2025-12-24;18;2548
7;2025-12-24;19;1719
7;2025-12-24;20;1103
7;2025-12-24;21;646
7;2025-12-24;22;332
7;2025-12-24;23;198
7;2025-12-25;0;66
7;2025-12-25;1;13
7;2025-12-25;2;0
7;2025-12-25;3;0
7;2025-12-25;4;2
7;2025-12-25;5;191
7;2025-12-25;6;720
7;2025-12-25;7;1645
7;2025-12-25;8;2509
7;2025-12-25;9;1878
7;2025-12-25;10;1622
7;2025-12-25;11;1484
7;2025-12-25;12;1573
7;2025-12-25;13;1559
7;2025-12-25;14;1676
7;2025-12-25;15;1759
7;2025-12-25;16;1900
7;2025-12-25;17;2368
7;2025-12-25;18;2614
7;2025-12-25;19;1721
7;2025-12-25;20;1079
7;2025-12-25;21;654
7;2025-12-25;22;328
7;2025-12-25;23;194
7;2025-12-26;0;66
7;2025-12-26;1;13
7;2025-12-26;2;0
7;2025-12-26;3;0
7;2025-12-26;4;2
7;2025-12-26;5;190
7;2025-12-26;6;687
7;2025-12-26;7;1614
7;2025-12-26;8;2435
7;2025-12-26;9;1849
7;2025-12-26;10;1608
7;2025-12-26;11;1505
7;2025-12-26;12;1608
7;2025-12-26;13;1642
7;2025-12-26;14;1715
7;2025-12-26;15;1840
7;2025-12-26;16;2010
7;2025-12-26;17;2348
7;2025-12-26;18;2308
7;2025-12-26;19;1626
7;2025-12-26;20;1072
7;2025-12-26;21;639
7;2025-12-26;22;349
7;2025-12-26;23;212
7;2025-12-27;0;102
7;2025-12-27;1;24
7;2025-12-27;2;0
7;2025-12-27;3;0
7;2025-12-27;4;0
7;2025-12-27;5;54
7;2025-12-27;6;288
7;2025-12-27;7;464
7;2025-12-27;8;730
7;2025-12-27;9;858
7;2025-12-27;10;915
7;2025-12-27;11;1093
7;2025-12-27;12;1247
7;2025-12-27;13;1256
7;2025-12-27;14;1299
7;2025-12-27;15;1217
7;2025-12-27;16;1169
7;2025-12-27;17;1120
7;2025-12-27;18;1055
7;2025-12-27;19;1018
7;2025-12-27;20;760
7;2025-12-27;21;604
7;2025-12-27;22;319
7;2025-12-27;23;214
7;2025-12-28;0;95
7;2025-12-28;1;21
7;2025-12-28;2;1
7;2025-12-28;3;1
7;2025-12-28;4;0
7;2025-12-28;5;34
7;2025-12-28;6;190
7;2025-12-28;7;296
7;2025-12-28;8;495
7;2025-12-28;9;624
7;2025-12-28;10;703
7;2025-12-28;11;875
7;2025-12-28;12;991
7;2025-12-28;13;1025
7;2025-12-28;14;1103
7;2025-12-28;15;1026
7;2025-12-28;16;939
7;2025-12-28;17;976
7;2025-12-28;18;844
7;2025-12-28;19;716
7;2025-12-28;20;607
7;2025-12-28;21;479
7;2025-12-28;22;274
7;2025-12-28;23;158
7;2025-12-29;0;67
7;2025-12-29;1;13
7;2025-12-29;2;0
7;2025-12-29;3;0
7;2025-12-29;4;2
7;2025-12-29;5;196
7;2025-12-29;6;718
7;2025-12-29;7;1646
7;2025-12-29;8;2493
7;2025-12-29;9;1867
7;2025-12-29;10;1592
7;2025-12-29;11;1423
7;2025-12-29;12;1541
7;2025-12-29;13;1536
7;2025-12-29;14;1607
7;2025-12-29;15;1749
7;2025-12-29;16;1879
7;2025-12-29;17;2341
7;2025-12-29;18;2530
7;2025-12-29;19;1717
7;2025-12-29;20;1078
7;2025-12-29;21;610
7;2025-12-29;22;311
7;2025-12-29;23;182
7;2025-12-30;0;59
7;2025-12-30;1;13
7;2025-12-30;2;0
7;2025-12-30;3;0
7;2025-12-30;4;2
7;2025-12-30;5;199
7;2025-12-30;6;724
7;2025-12-30;7;1668
7;2025-12-30;8;2519
7;2025-12-30;9;1889
7;2025-12-30;10;1646
7;2025-12-30;11;1501
7;2025-12-30;12;1605
7;2025-12-30;13;1585
7;2025-12-30;14;1656
7;2025-12-30;15;1791
7;2025-12-30;16;1916
7;2025-12-30;17;2364
7;2025-12-30;18;2556
7;2025-12-30;19;1759
7;2025-12-30;20;1098
7;2025-12-30;21;653
7;2025-12-30;22;328
7;2025-12-30;23;186
7;2025-12-31;0;93
7;2025-12-31;1;21
7;2025-12-31;2;1
7;2025-12-31;3;1
7;2025-12-31;4;0
7;2025-12-31;5;35
7;2025-12-31;6;195
7;2025-12-31;7;299
7;2025-12-31;8;497
7;2025-12-31;9;621
7;2025-12-31;10;695
7;2025-12-31;11;860
7;2025-12-31;12;976
7;2025-12-31;13;1021
7;2025-12-31;14;1092
7;2025-12-31;15;1015
7;2025-12-31;16;938
7;2025-12-31;17;946
7;2025-12-31;18;844
7;2025-12-31;19;731
7;2025-12-31;20;606
7;2025-12-31;21;479
7;2025-12-31;22;282
7;2025-12-31;23;160
11;2025-11-01;0;71
11;2025-11-01;1;2
11;2025-11-01;2;0
11;2025-11-01;3;0
11;2025-11-01;4;1
11;2025-11-01;5;301
11;2025-11-01;6;1351
11;2025-11-01;7;2494
11;2025-11-01;8;3311
11;2025-11-01;9;2537
11;2025-11-01;10;1970
11;2025-11-01;11;1930
11;2025-11-01;12;1941
11;2025-11-01;13;2094
11;2025-11-01;14;2072
11;2025-11-01;15;2187
11;2025-11-01;16;2392
11;2025-11-01;17;2954
11;2025-11-01;18;3093
11;2025-11-01;19;2294
11;2025-11-01;20;1503
11;2025-11-01;21;905
11;2025-11-01;22;457
11;2025-11-01;23;247
11;2025-11-02;0;103
11;2025-11-02;1;12
11;2025-11-02;2;1
11;2025-11-02;3;1
11;2025-11-02;4;3
11;2025-11-02;5;124
11;2025-11-02;6;481
11;2025-11-02;7;512
11;2025-11-02;8;645
11;2025-11-02;9;883
11;2025-11-02;10;989
11;2025-11-02;11;1391
11;2025-11-02;12;1561
11;2025-11-02;13;1511
11;2025-11-02;14;1587
11;2025-11-02;15;1622
11;2025-11-02;16;1539
11;2025-11-02;17;1599
11;2025-11-02;18;1291
11;2025-11-02;19;1059
11;2025-11-02;20;860
11;2025-11-02;21;632
11;2025-11-02;22;358
11;2025-11-02;23;250
11;2025-11-03;0;99
11;2025-11-03;1;11
11;2025-11-03;2;1
11;2025-11-03;3;1
11;2025-11-03;4;3
11;2025-11-03;5;128
11;2025-11-03;6;482
11;2025-11-03;7;505
11;2025-11-03;8;632
11;2025-11-03;9;852
11;2025-11-03;10;947
11;2025-11-03;11;1341
11;2025-11-03;12;1505
11;2025-11-03;13;1452
11;2025-11-03;14;1547
11;2025-11-03;15;1586
11;2025-11-03;16;1507
11;2025-11-03;17;1536
11;2025-11-03;18;1270
11;2025-11-03;19;1068
11;2025-11-03;20;865
11;2025-11-03;21;639
11;2025-11-03;22;360
11;2025-11-03;23;253
11;2025-11-04;0;100
11;2025-11-04;1;11
11;2025-11-04;2;1
11;2025-11-04;3;1
11;2025-11-04;4;3
11;2025-11-04;5;129
11;2025-11-04;6;484
11;2025-11-04;7;507
11;2025-11-04;8;635
11;2025-11-04;9;855
11;2025-11-04;10;950
11;2025-11-04;11;1346
11;2025-11-04;12;1510
11;2025-11-04;13;1457
11;2025-11-04;14;1553
11;2025-11-04;15;1591
11;2025-11-04;16;1512
11;2025-11-04;17;1541
11;2025-11-04;18;1275
11;2025-11-04;19;1072
11;2025-11-04;20;868
11;2025-11-04;21;642
11;2025-11-04;22;361
11;2025-11-04;23;254
11;2025-11-05;0;68
11;2025-11-05;1;1
11;2025-11-05;2;0
11;2025-11-05;3;0
11;2025-11-05;4;1
11;2025-11-05;5;297
11;2025-11-05;6;1313
11;2025-11-05;7;2473
11;2025-11-05;8;3282
11;2025-11-05;9;2473
11;2025-11-05;10;1927
11;2025-11-05;11;1916
11;2025-11-05;12;1944
11;2025-11-05;13;2090
11;2025-11-05;14;2048
11;2025-11-05;15;2138
11;2025-11-05;16;2296
11;2025-11-05;17;2886
11;2025-11-05;18;3076
11;2025-11-05;19;2288
11;2025-11-05;20;1504
11;2025-11-05;21;902
11;2025-11-05;22;447
11;2025-11-05;23;248
11;2025-11-06;0;71
11;2025-11-06;1;2
11;2025-11-06;2;0
11;2025-11-06;3;0
11;2025-11-06;4;2
11;2025-11-06;5;297
11;2025-11-06;6;1325
11;2025-11-06;7;2436
11;2025-11-06;8;3205
11;2025-11-06;9;2512
11;2025-11-06;10;1989
11;2025-11-06;11;1897
11;2025-11-06;12;1950
11;2025-11-06;13;2088
11;2025-11-06;14;2051
11;2025-11-06;15;2143
11;2025-11-06;16;2335
11;2025-11-06;17;2886
11;2025-11-06;18;3093
11;2025-11-06;19;2267
11;2025-11-06;20;1486
11;2025-11-06;21;917
11;2025-11-06;22;458
11;2025-11-06;23;248
11;2025-11-07;0;75
11;2025-11-07;1;2
11;2025-11-07;2;0
11;2025-11-07;3;0
11;2025-11-07;4;2
11;2025-11-07;5;295
11;2025-11-07;6;1319
11;2025-11-07;7;2396
11;2025-11-07;8;3190
11;2025-11-07;9;2445
11;2025-11-07;10;1945
11;2025-11-07;11;1906
11;2025-11-07;12;1916
11;2025-11-07;13;2054
11;2025-11-07;14;2090
11;2025-11-07;15;2242
11;2025-11-07;16;2458
11;2025-11-07;17;2952
11;2025-11-07;18;2809
11;2025-11-07;19;2160
11;2025-11-07;20;1457
11;2025-11-07;21;895
11;2025-11-07;22;466
11;2025-11-07;23;274
11;2025-11-08;0;105
11;2025-11-08;1;3
11;2025-11-08;2;0
11;2025-11-08;3;0
11;2025-11-08;4;4
11;2025-11-08;5;208
11;2025-11-08;6;779
11;2025-11-08;7;743
11;2025-11-08;8;1055
11;2025-11-08;9;1208
11;2025-11-08;10;1323
11;2025-11-08;11;1723
11;2025-11-08;12;1948
11;2025-11-08;13;1867
11;2025-11-08;14;1909
11;2025-11-08;15;1840
11;2025-11-08;16;1860
11;2025-11-08;17;1885
11;2025-11-08;18;1605
11;2025-11-08;19;1461
11;2025-11-08;20;1109
11;2025-11-08;21;773
11;2025-11-08;22;452
11;2025-11-08;23;319
11;2025-11-09;0;103
11;2025-11-09;1;12
11;2025-11-09;2;1
11;2025-11-09;3;1
11;2025-11-09;4;3
11;2025-11-09;5;124
11;2025-11-09;6;481
11;2025-11-09;7;512
11;2025-11-09;8;646
11;2025-11-09;9;885
11;2025-11-09;10;990
11;2025-11-09;11;1393
11;2025-11-09;12;1563
11;2025-11-09;13;1514
11;2025-11-09;14;1589
11;2025-11-09;15;1625
11;2025-11-09;16;1542
11;2025-11-09;17;1602
11;2025-11-09;18;1293
11;2025-11-09;19;1061
11;2025-11-09;20;861
11;2025-11-09;21;633
11;2025-11-09;22;358
11;2025-11-09;23;250
11;2025-11-10;0;73
11;2025-11-10;1;4
11;2025-11-10;2;0
11;2025-11-10;3;0
11;2025-11-10;4;2
11;2025-11-10;5;293
11;2025-11-10;6;1327
11;2025-11-10;7;2409
11;2025-11-10;8;3197
11;2025-11-10;9;2448
11;2025-11-10;10;1883
11;2025-11-10;11;1872
11;2025-11-10;12;1833
11;2025-11-10;13;1995
11;2025-11-10;14;1977
11;2025-11-10;15;2090
11;2025-11-10;16;2311
11;2025-11-10;17;2851
11;2025-11-10;18;3058
11;2025-11-10;19;2265
11;2025-11-10;20;1466
11;2025-11-10;21;862
11;2025-11-10;22;433
11;2025-11-10;23;227
11;2025-11-11;0;68
11;2025-11-11;1;3
11;2025-11-11;2;0
11;2025-11-11;3;0
11;2025-11-11;4;1
11;2025-11-11;5;291
11;2025-11-11;6;1341
11;2025-11-11;7;2454
11;2025-11-11;8;3266
11;2025-11-11;9;2493
11;2025-11-11;10;1923
11;2025-11-11;11;1877
11;2025-11-11;12;1880
11;2025-11-11;13;2058
11;2025-11-11;14;2046
11;2025-11-11;15;2139
11;2025-11-11;16;2338
11;2025-11-11;17;2903
11;2025-11-11;18;3070
11;2025-11-11;19;2259
11;2025-11-11;20;1472
11;2025-11-11;21;889
11;2025-11-11;22;443
11;2025-11-11;23;233
11;2025-11-12;0;68
11;2025-11-12;1;1
11;2025-11-12;2;0
11;2025-11-12;3;0
11;2025-11-12;4;1
11;2025-11-12;5;296
11;2025-11-12;6;1310
11;2025-11-12;7;2467
11;2025-11-12;8;3274
11;2025-11-12;9;2467
11;2025-11-12;10;1922
11;2025-11-12;11;1911
11;2025-11-12;12;1940
11;2025-11-12;13;2085
11;2025-11-12;14;2044
11;2025-11-12;15;2133
11;2025-11-12;16;2291
11;2025-11-12;17;2879
11;2025-11-12;18;3069
11;2025-11-12;19;2282
11;2025-11-12;20;1500
11;2025-11-12;21;900
11;2025-11-12;22;446
11;2025-11-12;23;248
11;2025-11-13;0;70
11;2025-11-13;1;2
11;2025-11-13;2;0
11;2025-11-13;3;0
11;2025-11-13;4;2
11;2025-11-13;5;297
11;2025-11-13;6;1324
11;2025-11-13;7;2434
11;2025-11-13;8;3202
11;2025-11-13;9;2510
11;2025-11-13;10;1987
11;2025-11-13;11;1896
11;2025-11-13;12;1949
11;2025-11-13;13;2086
11;2025-11-13;14;2049
11;2025-11-13;15;2141
11;2025-11-13;16;2333
11;2025-11-13;17;2884
11;2025-11-13;18;3090
11;2025-11-13;19;2266
11;2025-11-13;20;1484
11;2025-11-13;21;916
11;2025-11-13;22;458
11;2025-11-13;23;247
11;2025-11-14;0;75
11;2025-11-14;1;2
11;2025-11-14;2;0
11;2025-11-14;3;0
11;2025-11-14;4;2
11;2025-11-14;5;295
11;2025-11-14;6;1319
11;2025-11-14;7;2395
11;2025-11-14;8;3188
11;2025-11-14;9;2443
11;2025-11-14;10;1944
11;2025-11-14;11;1904
11;2025-11-14;12;1915
11;2025-11-14;13;2053
11;2025-11-14;14;2089
11;2025-11-14;15;2240
11;2025-11-14;16;2457
11;2025-11-14;17;2951
11;2025-11-14;18;2808
11;2025-11-14;19;2158
11;2025-11-14;20;1456
11;2025-11-14;21;895
11;2025-11-14;22;466
11;2025-11-14;23;274
11;2025-11-15;0;105
11;2025-11-15;1;3
11;2025-11-15;2;0
11;2025-11-15;3;0
11;2025-11-15;4;4
11;2025-11-15;5;208
11;2025-11-15;6;778
11;2025-11-15;7;743
11;2025-11-15;8;1054
11;2025-11-15;9;1208
11;2025-11-15;10;1322
11;2025-11-15;11;1721
11;2025-11-15;12;1946
11;2025-11-15;13;1866
11;2025-11-15;14;1907
11;2025-11-15;15;1838
11;2025-11-15;16;1859
11;2025-11-15;17;1884
11;2025-11-15;18;1604
11;2025-11-15;19;1460
11;2025-11-15;20;1109
11;2025-11-15;21;772
11;2025-11-15;22;451
11;2025-11-15;23;319
11;2025-11-16;0;104
11;2025-11-16;1;12
11;2025-11-16;2;1
11;2025-11-16;3;1
11;2025-11-16;4;3
11;2025-11-16;5;124
11;2025-11-16;6;482
11;2025-11-16;7;513
11;2025-11-16;8;647
11;2025-11-16;9;886
11;2025-11-16;10;992
11;2025-11-16;11;1395
11;2025-11-16;12;1565
11;2025-11-16;13;1516
11;2025-11-16;14;1592
11;2025-11-16;15;1627
11;2025-11-16;16;1544
11;2025-11-16;17;1604
11;2025-11-16;18;1295
11;2025-11-16;19;1063
11;2025-11-16;20;863
11;2025-11-16;21;634
11;2025-11-16;22;359
11;2025-11-16;23;250
11;2025-11-17;0;73
11;2025-11-17;1;4
11;2025-11-17;2;0
11;2025-11-17;3;0
11;2025-11-17;4;2
11;2025-11-17;5;293
11;2025-11-17;6;1326
11;2025-11-17;7;2408
11;2025-11-17;8;3196
11;2025-11-17;9;2448
11;2025-11-17;10;1882
11;2025-11-17;11;1871
11;2025-11-17;12;1833
11;2025-11-17;13;1995
11;2025-11-17;14;1977
11;2025-11-17;15;2089
11;2025-11-17;16;2310
11;2025-11-17;17;2850
11;2025-11-17;18;3057
11;2025-11-17;19;2264
11;2025-11-17;20;1466
11;2025-11-17;21;862
11;2025-11-17;22;433
11;2025-11-17;23;227
11;2025-11-18;0;68
11;2025-11-18;1;3
11;2025-11-18;2;0
11;2025-11-18;3;0
11;2025-11-18;4;1
11;2025-11-18;5;290
11;2025-11-18;6;1340
11;2025-11-18;7;2453
11;2025-11-18;8;3264
11;2025-11-18;9;2492
11;2025-11-18;10;1922
11;2025-11-18;11;1876
11;2025-11-18;12;1879
11;2025-11-18;13;2057
11;2025-11-18;14;2045
11;2025-11-18;15;2138
11;2025-11-18;16;2337
11;2025-11-18;17;2902
11;2025-11-18;18;3069
11;2025-11-18;19;2258
11;2025-11-18;20;1472
11;2025-11-18;21;889
11;2025-11-18;22;443
11;2025-11-18;23;233
11;2025-11-19;0;68
11;2025-11-19;1;1
11;2025-11-19;2;0
11;2025-11-19;3;0
11;2025-11-19;4;1
11;2025-11-19;5;296
11;2025-11-19;6;1309
11;2025-11-19;7;2466
11;2025-11-19;8;3273
11;2025-11-19;9;2466
11;2025-11-19;10;1922
11;2025-11-19;11;1911
11;2025-11-19;12;1939
11;2025-11-19;13;2084
11;2025-11-19;14;2043
11;2025-11-19;15;2132
11;2025-11-19;16;2290
11;2025-11-19;17;2878
11;2025-11-19;18;3068
11;2025-11-19;19;2282
11;2025-11-19;20;1500
11;2025-11-19;21;899
11;2025-11-19;22;446
11;2025-11-19;23;248
11;2025-11-20;0;71
11;2025-11-20;1;2
11;2025-11-20;2;0
11;2025-11-20;3;0
11;2025-11-20;4;2
11;2025-11-20;5;297
11;2025-11-20;6;1325
11;2025-11-20;7;2437
11;2025-11-20;8;3205
11;2025-11-20;9;2512
11;2025-11-20;10;1989
11;2025-11-20;11;1898
11;2025-11-20;12;1951
11;2025-11-20;13;2088
11;2025-11-20;14;2051
11;2025-11-20;15;2144
11;2025-11-20;16;2336
11;2025-11-20;17;2887
11;2025-11-20;18;3094
11;2025-11-20;19;2268
11;2025-11-20;20;1486
11;2025-11-20;21;917
11;2025-11-20;22;458
11;2025-11-20;23;248
11;2025-11-21;0;75
11;2025-11-21;1;2
11;2025-11-21;2;0
11;2025-11-21;3;0
11;2025-11-21;4;2
11;2025-11-21;5;295
11;2025-11-21;6;1320
11;2025-11-21;7;2397
11;2025-11-21;8;3191
11;2025-11-21;9;2446
11;2025-11-21;10;1946
11;2025-11-21;11;1906
11;2025-11-21;12;1917
11;2025-11-21;13;2055
11;2025-11-21;14;2091
11;2025-11-21;15;2243
11;2025-11-21;16;2459
11;2025-11-21;17;2954
11;2025-11-21;18;2811
11;2025-11-21;19;2161
11;2025-11-21;20;1458
11;2025-11-21;21;895
11;2025-11-21;22;466
11;2025-11-21;23;275
11;2025-11-22;0;105
11;2025-11-22;1;3
11;2025-11-22;2;0
11;2025-11-22;3;0
11;2025-11-22;4;4
11;2025-11-22;5;208
11;2025-11-22;6;778
11;2025-11-22;7;742
11;2025-11-22;8;1054
11;2025-11-22;9;1207
11;2025-11-22;10;1322
11;2025-11-22;11;1720
11;2025-11-22;12;1945
11;2025-11-22;13;1864
11;2025-11-22;14;1906
11;2025-11-22;15;1837
11;2025-11-22;16;1858
11;2025-11-22;17;1882
11;2025-11-22;18;1603
11;2025-11-22;19;1460
11;2025-11-22;20;1108
11;2025-11-22;21;772
11;2025-11-22;22;451
11;2025-11-22;23;319
11;2025-11-23;0;104
11;2025-11-23;1;12
11;2025-11-23;2;1
11;2025-11-23;3;1
11;2025-11-23;4;3
11;2025-11-23;5;125
11;2025-11-23;6;483
11;2025-11-23;7;514
11;2025-11-23;8;648
11;2025-11-23;9;887
11;2025-11-23;10;993
11;2025-11-23;11;1397
11;2025-11-23;12;1568
11;2025-11-23;13;1518
11;2025-11-23;14;1594
11;2025-11-23;15;1629
11;2025-11-23;16;1546
11;2025-11-23;17;1606
11;2025-11-23;18;1296
11;2025-11-23;19;1064
11;2025-11-23;20;864
11;2025-11-23;21;635
11;2025-11-23;22;359
11;2025-11-23;23;251
11;2025-11-24;0;73
11;2025-11-24;1;4
11;2025-11-24;2;0
11;2025-11-24;3;0
11;2025-11-24;4;2
11;2025-11-24;5;293
11;2025-11-24;6;1328
11;2025-11-24;7;2411
11;2025-11-24;8;3199
11;2025-11-24;9;2451
11;2025-11-24;10;1884
11;2025-11-24;11;1873
11;2025-11-24;12;1835
11;2025-11-24;13;1997
11;2025-11-24;14;1979
11;2025-11-24;15;2092
11;2025-11-24;16;2313
11;2025-11-24;17;2853
11;2025-11-24;18;3061
11;2025-11-24;19;2267
11;2025-11-24;20;1467
11;2025-11-24;21;863
11;2025-11-24;22;434
11;2025-11-24;23;227
11;2025-11-25;0;68
11;2025-11-25;1;3
11;2025-11-25;2;0
11;2025-11-25;3;0
11;2025-11-25;4;1
11;2025-11-25;5;291
11;2025-11-25;6;1342
11;2025-11-25;7;2456
11;2025-11-25;8;3268
11;2025-11-25;9;2495
11;2025-11-25;10;1924
11;2025-11-25;11;1878
11;2025-11-25;12;1881
11;2025-11-25;13;2060
11;2025-11-25;14;2047
11;2025-11-25;15;2141
11;2025-11-25;16;2340
11;2025-11-25;17;2905
11;2025-11-25;18;3072
11;2025-11-25;19;2261
11;2025-11-25;20;1473
11;2025-11-25;21;890
11;2025-11-25;22;443
11;2025-11-25;23;234
11;2025-11-26;0;68
11;2025-11-26;1;1
11;2025-11-26;2;0
11;2025-11-26;3;0
11;2025-11-26;4;1
11;2025-11-26;5;297
11;2025-11-26;6;1311
11;2025-11-26;7;2470
11;2025-11-26;8;3277
11;2025-11-26;9;2470
11;2025-11-26;10;1924
11;2025-11-26;11;1913
11;2025-11-26;12;1942
11;2025-11-26;13;2087
11;2025-11-26;14;2046
11;2025-11-26;15;2135
11;2025-11-26;16;2293
11;2025-11-26;17;2882
11;2025-11-26;18;3072
11;2025-11-26;19;2285
11;2025-11-26;20;1502
11;2025-11-26;21;900
11;2025-11-26;22;446
11;2025-11-26;23;248
11;2025-11-27;0;71
11;2025-11-27;1;2
11;2025-11-27;2;0
11;2025-11-27;3;0
11;2025-11-27;4;2
11;2025-11-27;5;297
11;2025-11-27;6;1325
11;2025-11-27;7;2436
11;2025-11-27;8;3205
11;2025-11-27;9;2512
11;2025-11-27;10;1989
11;2025-11-27;11;1898
11;2025-11-27;12;1951
11;2025-11-27;13;2088
11;2025-11-27;14;2051
11;2025-11-27;15;2144
11;2025-11-27;16;2336
11;2025-11-27;17;2887
11;2025-11-27;18;3093
11;2025-11-27;19;2268
11;2025-11-27;20;1486
11;2025-11-27;21;917
11;2025-11-27;22;458
11;2025-11-27;23;248
11;2025-11-28;0;75
11;2025-11-28;1;2
11;2025-11-28;2;0
11;2025-11-28;3;0
11;2025-11-28;4;2
11;2025-11-28;5;295
11;2025-11-28;6;1320
11;2025-11-28;7;2397
11;2025-11-28;8;3191
11;2025-11-28;9;2446
11;2025-11-28;10;1946
11;2025-11-28;11;1906
11;2025-11-28;12;1917
11;2025-11-28;13;2055
11;2025-11-28;14;2091
11;2025-11-28;15;2242
11;2025-11-28;16;2459
11;2025-11-28;17;2954
11;2025-11-28;18;2810
11;2025-11-28;19;2161
11;2025-11-28;20;1458
11;2025-11-28;21;895
11;2025-11-28;22;466
11;2025-11-28;23;275
11;2025-11-29;0;105
11;2025-11-29;1;3
11;2025-11-29;2;0
11;2025-11-29;3;0
11;2025-11-29;4;4
11;2025-11-29;5;208
11;2025-11-29;6;777
11;2025-11-29;7;742
11;2025-11-29;8;1053
11;2025-11-29;9;1206
11;2025-11-29;10;1321
11;2025-11-29;11;1720
11;2025-11-29;12;1944
11;2025-11-29;13;1863
11;2025-11-29;14;1905
11;2025-11-29;15;1836
11;2025-11-29;16;1857
11;2025-11-29;17;1881
11;2025-11-29;18;1602
11;2025-11-29;19;1459
11;2025-11-29;20;1107
11;2025-11-29;21;771
11;2025-11-29;22;451
11;2025-11-29;23;319
11;2025-11-30;0;104
11;2025-11-30;1;12
11;2025-11-30;2;1
11;2025-11-30;3;1
11;2025-11-30;4;3
11;2025-11-30;5;125
11;2025-11-30;6;483
11;2025-11-30;7;514
11;2025-11-30;8;649
11;2025-11-30;9;888
11;2025-11-30;10;994
11;2025-11-30;11;1399
11;2025-11-30;12;1570
11;2025-11-30;13;1520
11;2025-11-30;14;1596
11;2025-11-30;15;1631
11;2025-11-30;16;1548
11;2025-11-30;17;1608
11;2025-11-30;18;1298
11;2025-11-30;19;1066
11;2025-11-30;20;865
11;2025-11-30;21;636
11;2025-11-30;22;360
11;2025-11-30;23;251
11;2025-12-01;0;73
11;2025-12-01;1;4
11;2025-12-01;2;0
11;2025-12-01;3;0
11;2025-12-01;4;2
11;2025-12-01;5;293
11;2025-12-01;6;1328
11;2025-12-01;7;2411
11;2025-12-01;8;3199
11;2025-12-01;9;2450
11;2025-12-01;10;1884
11;2025-12-01;11;1873
11;2025-12-01;12;1835
11;2025-12-01;13;1996
11;2025-12-01;14;1978
11;2025-12-01;15;2091
11;2025-12-01;16;2312
11;2025-12-01;17;2853
11;2025-12-01;18;3060
11;2025-12-01;19;2266
11;2025-12-01;20;1467
11;2025-12-01;21;863
11;2025-12-01;22;434
11;2025-12-01;23;227
11;2025-12-02;0;68
11;2025-12-02;1;3
11;2025-12-02;2;0
11;2025-12-02;3;0
11;2025-12-02;4;1
11;2025-12-02;5;291
11;2025-12-02;6;1342
11;2025-12-02;7;2455
11;2025-12-02;8;3268
11;2025-12-02;9;2495
11;2025-12-02;10;1924
11;2025-12-02;11;1878
11;2025-12-02;12;1881
11;2025-12-02;13;2059
11;2025-12-02;14;2047
11;2025-12-02;15;2141
11;2025-12-02;16;2339
11;2025-12-02;17;2905
11;2025-12-02;18;3072
11;2025-12-02;19;2260
11;2025-12-02;20;1473
11;2025-12-02;21;890
11;2025-12-02;22;443
11;2025-12-02;23;234
11;2025-12-03;0;68
11;2025-12-03;1;1
11;2025-12-03;2;0
11;2025-12-03;3;0
11;2025-12-03;4;1
11;2025-12-03;5;297
11;2025-12-03;6;1311
11;2025-12-03;7;2470
11;2025-12-03;8;3278
11;2025-12-03;9;2470
11;2025-12-03;10;1924
11;2025-12-03;11;1913
11;2025-12-03;12;1942
11;2025-12-03;13;2087
11;2025-12-03;14;2046
11;2025-12-03;15;2135
11;2025-12-03;16;2293
11;2025-12-03;17;2882
11;2025-12-03;18;3072
11;2025-12-03;19;2285
11;2025-12-03;20;1502
11;2025-12-03;21;901
11;2025-12-03;22;446
11;2025-12-03;23;248
11;2025-12-04;0;71
11;2025-12-04;1;2
11;2025-12-04;2;0
11;2025-12-04;3;0
11;2025-12-04;4;2
11;2025-12-04;5;297
11;2025-12-04;6;1325
11;2025-12-04;7;2436
11;2025-12-04;8;3205
11;2025-12-04;9;2512
11;2025-12-04;10;1989
11;2025-12-04;11;1897
11;2025-12-04;12;1951
11;2025-12-04;13;2088
11;2025-12-04;14;2051
11;2025-12-04;15;2144
11;2025-12-04;16;2336
11;2025-12-04;17;2887
11;2025-12-04;18;3093
11;2025-12-04;19;2268
11;2025-12-04;20;1486
11;2025-12-04;21;917
11;2025-12-04;22;458
11;2025-12-04;23;248
11;2025-12-05;0;75
11;2025-12-05;1;2
11;2025-12-05;2;0
11;2025-12-05;3;0
11;2025-12-05;4;2
11;2025-12-05;5;295
11;2025-12-05;6;1320
11;2025-12-05;7;2398
11;2025-12-05;8;3192
11;2025-12-05;9;2446
11;2025-12-05;10;1946
11;2025-12-05;11;1907
11;2025-12-05;12;1917
11;2025-12-05;13;2056
11;2025-12-05;14;2091
11;2025-12-05;15;2243
11;2025-12-05;16;2460
11;2025-12-05;17;2954
11;2025-12-05;18;2811
11;2025-12-05;19;2161
11;2025-12-05;20;1458
11;2025-12-05;21;896
11;2025-12-05;22;466
11;2025-12-05;23;275
11;2025-12-06;0;105
11;2025-12-06;1;3
11;2025-12-06;2;0
11;2025-12-06;3;0
11;2025-12-06;4;4
11;2025-12-06;5;208
11;2025-12-06;6;777
11;2025-12-06;7;742
11;2025-12-06;8;1052
11;2025-12-06;9;1206
11;2025-12-06;10;1320
11;2025-12-06;11;1719
11;2025-12-06;12;1943
11;2025-12-06;13;1862
11;2025-12-06;14;1904
11;2025-12-06;15;1835
11;2025-12-06;16;1856
11;2025-12-06;17;1880
11;2025-12-06;18;1601
11;2025-12-06;19;1458
11;2025-12-06;20;1107
11;2025-12-06;21;771
11;2025-12-06;22;450
11;2025-12-06;23;319
11;2025-12-07;0;104
11;2025-12-07;1;12
11;2025-12-07;2;1
11;2025-12-07;3;1
11;2025-12-07;4;3
11;2025-12-07;5;125
11;2025-12-07;6;484
11;2025-12-07;7;515
11;2025-12-07;8;649
11;2025-12-07;9;889
11;2025-12-07;10;995
11;2025-12-07;11;1400
11;2025-12-07;12;1571
11;2025-12-07;13;1521
11;2025-12-07;14;1598
11;2025-12-07;15;1633
11;2025-12-07;16;1550
11;2025-12-07;17;1610
11;2025-12-07;18;1300
11;2025-12-07;19;1067
11;2025-12-07;20;866
11;2025-12-07;21;636
11;2025-12-07;22;360
11;2025-12-07;23;251
11;2025-12-08;0;73
11;2025-12-08;1;4
11;2025-12-08;2;0
11;2025-12-08;3;0
11;2025-12-08;4;2
11;2025-12-08;5;293
11;2025-12-08;6;1328
11;2025-12-08;7;2411
11;2025-12-08;8;3200
11;2025-12-08;9;2451
11;2025-12-08;10;1885
11;2025-12-08;11;1873
11;2025-12-08;12;1835
11;2025-12-08;13;1997
11;2025-12-08;14;1979
11;2025-12-08;15;2092
11;2025-12-08;16;2313
11;2025-12-08;17;2853
11;2025-12-08;18;3061
11;2025-12-08;19;2267
11;2025-12-08;20;1467
11;2025-12-08;21;863
11;2025-12-08;22;434
11;2025-12-08;23;227
11;2025-12-09;0;68
11;2025-12-09;1;3
11;2025-12-09;2;0
11;2025-12-09;3;0
11;2025-12-09;4;1
11;2025-12-09;5;291
11;2025-12-09;6;1342
11;2025-12-09;7;2456
11;2025-12-09;8;3268
11;2025-12-09;9;2495
11;2025-12-09;10;1924
11;2025-12-09;11;1878
11;2025-12-09;12;1882
11;2025-12-09;13;2060
11;2025-12-09;14;2048
11;2025-12-09;15;2141
11;2025-12-09;16;2340
11;2025-12-09;17;2905
11;2025-12-09;18;3072
11;2025-12-09;19;2261
11;2025-12-09;20;1473
11;2025-12-09;21;890
11;2025-12-09;22;443
11;2025-12-09;23;234
11;2025-12-10;0;68
11;2025-12-10;1;1
11;2025-12-10;2;0
11;2025-12-10;3;0
11;2025-12-10;4;1
11;2025-12-10;5;297
11;2025-12-10;6;1311
11;2025-12-10;7;2469
11;2025-12-10;8;3277
11;2025-12-10;9;2469
11;2025-12-10;10;1924
11;2025-12-10;11;1913
11;2025-12-10;12;1941
11;2025-12-10;13;2087
11;2025-12-10;14;2045
11;2025-12-10;15;2135
11;2025-12-10;16;2293
11;2025-12-10;17;2882
11;2025-12-10;18;3071
11;2025-12-10;19;2284
11;2025-12-10;20;1501
11;2025-12-10;21;900
11;2025-12-10;22;446
11;2025-12-10;23;248
11;2025-12-11;0;71
11;2025-12-11;1;2
11;2025-12-11;2;0
11;2025-12-11;3;0
11;2025-12-11;4;2
11;2025-12-11;5;297
11;2025-12-11;6;1325
11;2025-12-11;7;2436
11;2025-12-11;8;3205
11;2025-12-11;9;2512
11;2025-12-11;10;1988
11;2025-12-11;11;1897
11;2025-12-11;12;1950
11;2025-12-11;13;2088
11;2025-12-11;14;2051
11;2025-12-11;15;2143
11;2025-12-11;16;2335
11;2025-12-11;17;2886
11;2025-12-11;18;3093
11;2025-12-11;19;2267
11;2025-12-11;20;1485
11;2025-12-11;21;917
11;2025-12-11;22;458
11;2025-12-11;23;248
11;2025-12-12;0;75
11;2025-12-12;1;2
11;2025-12-12;2;0
11;2025-12-12;3;0
11;2025-12-12;4;2
11;2025-12-12;5;295
11;2025-12-12;6;1320
11;2025-12-12;7;2397
11;2025-12-12;8;3191
11;2025-12-12;9;2446
11;2025-12-12;10;1946
11;2025-12-12;11;1906
11;2025-12-12;12;1917
11;2025-12-12;13;2055
11;2025-12-12;14;2091
11;2025-12-12;15;2242
11;2025-12-12;16;2459
11;2025-12-12;17;2954
11;2025-12-12;18;2811
11;2025-12-12;19;2161
11;2025-12-12;20;1458
11;2025-12-12;21;895
11;2025-12-12;22;466
11;2025-12-12;23;275
11;2025-12-13;0;105
11;2025-12-13;1;3
11;2025-12-13;2;0
11;2025-12-13;3;0
11;2025-12-13;4;4
11;2025-12-13;5;208
11;2025-12-13;6;776
11;2025-12-13;7;741
11;2025-12-13;8;1052
11;2025-12-13;9;1205
11;2025-12-13;10;1320
11;2025-12-13;11;1718
11;2025-12-13;12;1942
11;2025-12-13;13;1862
11;2025-12-13;14;1903
11;2025-12-13;15;1835
11;2025-12-13;16;1855
11;2025-12-13;17;1880
11;2025-12-13;18;1600
11;2025-12-13;19;1457
11;2025-12-13;20;1106
11;2025-12-13;21;770
11;2025-12-13;22;450
11;2025-12-13;23;319
11;2025-12-14;0;104
11;2025-12-14;1;12
11;2025-12-14;2;1
11;2025-12-14;3;1
11;2025-12-14;4;3
11;2025-12-14;5;125
11;2025-12-14;6;485
11;2025-12-14;7;516
11;2025-12-14;8;650
11;2025-12-14;9;890
11;2025-12-14;10;997
11;2025-12-14;11;1402
11;2025-12-14;12;1573
11;2025-12-14;13;1523
11;2025-12-14;14;1600
11;2025-12-14;15;1635
11;2025-12-14;16;1552
11;2025-12-14;17;1612
11;2025-12-14;18;1301
11;2025-12-14;19;1068
11;2025-12-14;20;867
11;2025-12-14;21;637
11;2025-12-14;22;361
11;2025-12-14;23;252
11;2025-12-15;0;73
11;2025-12-15;1;4
11;2025-12-15;2;0
11;2025-12-15;3;0
11;2025-12-15;4;2
11;2025-12-15;5;293
11;2025-12-15;6;1328
11;2025-12-15;7;2411
11;2025-12-15;8;3200
11;2025-12-15;9;2451
11;2025-12-15;10;1885
11;2025-12-15;11;1873
11;2025-12-15;12;1835
11;2025-12-15;13;1997
11;2025-12-15;14;1979
11;2025-12-15;15;2092
11;2025-12-15;16;2313
11;2025-12-15;17;2853
11;2025-12-15;18;3061
11;2025-12-15;19;2267
11;2025-12-15;20;1467
11;2025-12-15;21;863
11;2025-12-15;22;434
11;2025-12-15;23;227
11;2025-12-16;0;68
11;2025-12-16;1;3
11;2025-12-16;2;0
11;2025-12-16;3;0
11;2025-12-16;4;1
11;2025-12-16;5;291
11;2025-12-16;6;1342
11;2025-12-16;7;2456
11;2025-12-16;8;3269
11;2025-12-16;9;2496
11;2025-12-16;10;1925
11;2025-12-16;11;1878
11;2025-12-16;12;1882
11;2025-12-16;13;2060
11;2025-12-16;14;2048
11;2025-12-16;15;2141
11;2025-12-16;16;2340
11;2025-12-16;17;2906
11;2025-12-16;18;3073
11;2025-12-16;19;2261
11;2025-12-16;20;1473
11;2025-12-16;21;890
11;2025-12-16;22;443
11;2025-12-16;23;234
11;2025-12-17;0;68
11;2025-12-17;1;1
11;2025-12-17;2;0
11;2025-12-17;3;0
11;2025-12-17;4;1
11;2025-12-17;5;297
11;2025-12-17;6;1311
11;2025-12-17;7;2469
11;2025-12-17;8;3277
11;2025-12-17;9;2469
11;2025-12-17;10;1924
11;2025-12-17;11;1913
11;2025-12-17;12;1941
11;2025-12-17;13;2087
11;2025-12-17;14;2045
11;2025-12-17;15;2135
11;2025-12-17;16;2293
11;2025-12-17;17;2882
11;2025-12-17;18;3071
11;2025-12-17;19;2284
11;2025-12-17;20;1501
11;2025-12-17;21;900
11;2025-12-17;22;446
11;2025-12-17;23;248
11;2025-12-18;0;71
11;2025-12-18;1;2
11;2025-12-18;2;0
11;2025-12-18;3;0
11;2025-12-18;4;2
11;2025-12-18;5;297
11;2025-12-18;6;1325
11;2025-12-18;7;2436
11;2025-12-18;8;3205
11;2025-12-18;9;2512
11;2025-12-18;10;1989
11;2025-12-18;11;1897
11;2025-12-18;12;1950
11;2025-12-18;13;2088
11;2025-12-18;14;2051
11;2025-12-18;15;2143
11;2025-12-18;16;2335
11;2025-12-18;17;2886
11;2025-12-18;18;3093
11;2025-12-18;19;2267
11;2025-12-18;20;1486
11;2025-12-18;21;917
11;2025-12-18;22;458
11;2025-12-18;23;248
11;2025-12-19;0;75
11;2025-12-19;1;2
11;2025-12-19;2;0
11;2025-12-19;3;0
11;2025-12-19;4;2
11;2025-12-19;5;295
11;2025-12-19;6;1320
11;2025-12-19;7;2397
11;2025-12-19;8;3190
11;2025-12-19;9;2445
11;2025-12-19;10;1945
11;2025-12-19;11;1906
11;2025-12-19;12;1917
11;2025-12-19;13;2055
11;2025-12-19;14;2091
11;2025-12-19;15;2242
11;2025-12-19;16;2459
11;2025-12-19;17;2953
11;2025-12-19;18;2810
11;2025-12-19;19;2160
11;2025-12-19;20;1457
11;2025-12-19;21;895
11;2025-12-19;22;466
11;2025-12-19;23;275
11;2025-12-20;0;105
11;2025-12-20;1;3
11;2025-12-20;2;0
11;2025-12-20;3;0
11;2025-12-20;4;4
11;2025-12-20;5;208
11;2025-12-20;6;776
11;2025-12-20;7;741
11;2025-12-20;8;1051
11;2025-12-20;9;1204
11;2025-12-20;10;1319
11;2025-12-20;11;1717
11;2025-12-20;12;1941
11;2025-12-20;13;1861
11;2025-12-20;14;1903
11;2025-12-20;15;1834
11;2025-12-20;16;1854
11;2025-12-20;17;1879
11;2025-12-20;18;1600
11;2025-12-20;19;1457
11;2025-12-20;20;1106
11;2025-12-20;21;770
11;2025-12-20;22;450
11;2025-12-20;23;318
11;2025-12-21;0;104
11;2025-12-21;1;12
11;2025-12-21;2;1
11;2025-12-21;3;1
11;2025-12-21;4;3
11;2025-12-21;5;125
11;2025-12-21;6;485
11;2025-12-21;7;516
11;2025-12-21;8;651
11;2025-12-21;9;891
11;2025-12-21;10;998
11;2025-12-21;11;1403
11;2025-12-21;12;1575
11;2025-12-21;13;1525
11;2025-12-21;14;1601
11;2025-12-21;15;1637
11;2025-12-21;16;1553
11;2025-12-21;17;1614
11;2025-12-21;18;1302
11;2025-12-21;19;1069
11;2025-12-21;20;868
11;2025-12-21;21;638
11;2025-12-21;22;361
11;2025-12-21;23;252
11;2025-12-22;0;73
11;2025-12-22;1;4
11;2025-12-22;2;0
11;2025-12-22;3;0
11;2025-12-22;4;2
11;2025-12-22;5;293
11;2025-12-22;6;1328
11;2025-12-22;7;2410
11;2025-12-22;8;3199
11;2025-12-22;9;2450
11;2025-12-22;10;1884
11;2025-12-22;11;1873
11;2025-12-22;12;1834
11;2025-12-22;13;1996
11;2025-12-22;14;1978
11;2025-12-22;15;2091
11;2025-12-22;16;2312
11;2025-12-22;17;2852
11;2025-12-22;18;3060
11;2025-12-22;19;2266
11;2025-12-22;20;1467
11;2025-12-22;21;863
11;2025-12-22;22;434
11;2025-12-22;23;227
11;2025-12-23;0;68
11;2025-12-23;1;3
11;2025-12-23;2;0
11;2025-12-23;3;0
11;2025-12-23;4;1
11;2025-12-23;5;291
11;2025-12-23;6;1342
11;2025-12-23;7;2455
11;2025-12-23;8;3267
11;2025-12-23;9;2495
11;2025-12-23;10;1924
11;2025-12-23;11;1878
11;2025-12-23;12;1881
11;2025-12-23;13;2059
11;2025-12-23;14;2047
11;2025-12-23;15;2140
11;2025-12-23;16;2339
11;2025-12-23;17;2904
11;2025-12-23;18;3071
11;2025-12-23;19;2260
11;2025-12-23;20;1473
11;2025-12-23;21;890
11;2025-12-23;22;443
11;2025-12-23;23;234
11;2025-12-24;0;68
11;2025-12-24;1;1
11;2025-12-24;2;0
11;2025-12-24;3;0
11;2025-12-24;4;1
11;2025-12-24;5;296
11;2025-12-24;6;1311
11;2025-12-24;7;2469
11;2025-12-24;8;3277
11;2025-12-24;9;2469
11;2025-12-24;10;1924
11;2025-12-24;11;1913
11;2025-12-24;12;1941
11;2025-12-24;13;2086
11;2025-12-24;14;2045
11;2025-12-24;15;2134
11;2025-12-24;16;2292
11;2025-12-24;17;2881
11;2025-12-24;18;3071
11;2025-12-24;19;2284
11;2025-12-24;20;1501
11;2025-12-24;21;900
11;2025-12-24;22;446
11;2025-12-24;23;248
11;2025-12-25;0;71
11;2025-12-25;1;2
11;2025-12-25;2;0
11;2025-12-25;3;0
11;2025-12-25;4;2
11;2025-12-25;5;297
11;2025-12-25;6;1325
11;2025-12-25;7;2435
11;2025-12-25;8;3204
11;2025-12-25;9;2511
11;2025-12-25;10;1988
11;2025-12-25;11;1896
11;2025-12-25;12;1949
11;2025-12-25;13;2087
11;2025-12-25;14;2050
11;2025-12-25;15;2142
11;2025-12-25;16;2334
11;2025-12-25;17;2885
11;2025-12-25;18;3092
11;2025-12-25;19;2267
11;2025-12-25;20;1485
11;2025-12-25;21;917
11;2025-12-25;22;458
11;2025-12-25;23;248
11;2025-12-26;0;75
11;2025-12-26;1;2
11;2025-12-26;2;0
11;2025-12-26;3;0
11;2025-12-26;4;2
11;2025-12-26;5;295
11;2025-12-26;6;1319
11;2025-12-26;7;2396
11;2025-12-26;8;3189
11;2025-12-26;9;2444
11;2025-12-26;10;1945
11;2025-12-26;11;1905
11;2025-12-26;12;1916
11;2025-12-26;13;2054
11;2025-12-26;14;2090
11;2025-12-26;15;2241
11;2025-12-26;16;2458
11;2025-12-26;17;2952
11;2025-12-26;18;2809
11;2025-12-26;19;2160
11;2025-12-26;20;1457
11;2025-12-26;21;895
11;2025-12-26;22;466
11;2025-12-26;23;274
11;2025-12-27;0;105
11;2025-12-27;1;3
11;2025-12-27;2;0
11;2025-12-27;3;0
11;2025-12-27;4;4
11;2025-12-27;5;208
11;2025-12-27;6;776
11;2025-12-27;7;741
11;2025-12-27;8;1051
11;2025-12-27;9;1204
11;2025-12-27;10;1318
11;2025-12-27;11;1716
11;2025-12-27;12;1940
11;2025-12-27;13;1860
11;2025-12-27;14;1902
11;2025-12-27;15;1833
11;2025-12-27;16;1853
11;2025-12-27;17;1878
11;2025-12-27;18;1599
11;2025-12-27;19;1456
11;2025-12-27;20;1105
11;2025-12-27;21;770
11;2025-12-27;22;450
11;2025-12-27;23;318
11;2025-12-28;0;104
11;2025-12-28;1;12
11;2025-12-28;2;1
11;2025-12-28;3;1
11;2025-12-28;4;3
11;2025-12-28;5;125
11;2025-12-28;6;486
11;2025-12-28;7;517
11;2025-12-28;8;651
11;2025-12-28;9;892
11;2025-12-28;10;999
11;2025-12-28;11;1405
11;2025-12-28;12;1576
11;2025-12-28;13;1526
11;2025-12-28;14;1603
11;2025-12-28;15;1638
11;2025-12-28;16;1555
11;2025-12-28;17;1615
11;2025-12-28;18;1304
11;2025-12-28;19;1070
11;2025-12-28;20;869
11;2025-12-28;21;638
11;2025-12-28;22;362
11;2025-12-28;23;252
11;2025-12-29;0;73
11;2025-12-29;1;4
11;2025-12-29;2;0
11;2025-12-29;3;0
11;2025-12-29;4;2
11;2025-12-29;5;293
11;2025-12-29;6;1327
11;2025-12-29;7;2410
11;2025-12-29;8;3198
11;2025-12-29;9;2450
11;2025-12-29;10;1884
11;2025-12-29;11;1873
11;2025-12-29;12;1834
11;2025-12-29;13;1996
11;2025-12-29;14;1978
11;2025-12-29;15;2091
11;2025-12-29;16;2312
11;2025-12-29;17;2852
11;2025-12-29;18;3060
11;2025-12-29;19;2266
11;2025-12-29;20;1467
11;2025-12-29;21;863
11;2025-12-29;22;433
11;2025-12-29;23;227
11;2025-12-30;0;68
11;2025-12-30;1;3
11;2025-12-30;2;0
11;2025-12-30;3;0
11;2025-12-30;4;1
11;2025-12-30;5;291
11;2025-12-30;6;1342
11;2025-12-30;7;2455
11;2025-12-30;8;3267
11;2025-12-30;9;2494
11;2025-12-30;10;1924
11;2025-12-30;11;1877
11;2025-12-30;12;1881
11;2025-12-30;13;2059
11;2025-12-30;14;2047
11;2025-12-30;15;2140
11;2025-12-30;16;2339
11;2025-12-30;17;2904
11;2025-12-30;18;3071
11;2025-12-30;19;2260
11;2025-12-30;20;1473
11;2025-12-30;21;889
11;2025-12-30;22;443
11;2025-12-30;23;234
11;2025-12-31;0;100
11;2025-12-31;1;12
11;2025-12-31;2;1
11;2025-12-31;3;1
11;2025-12-31;4;3
11;2025-12-31;5;130
11;2025-12-31;6;489
11;2025-12-31;7;512
11;2025-12-31;8;641
11;2025-12-31;9;863
11;2025-12-31;10;959
11;2025-12-31;11;1359
11;2025-12-31;12;1524
11;2025-12-31;13;1471
11;2025-12-31;14;1568
11;2025-12-31;15;1607
11;2025-12-31;16;1527
11;2025-12-31;17;1556
11;2025-12-31;18;1288
11;2025-12-31;19;1082
11;2025-12-31;20;876
11;2025-12-31;21;648
11;2025-12-31;22;365
11;2025-12-31;23;257
12;2025-11-01;0;57
12;2025-11-01;1;2
12;2025-11-01;2;0
12;2025-11-01;3;0
12;2025-11-01;4;6
12;2025-11-01;5;337
12;2025-11-01;6;1421
12;2025-11-01;7;2796
12;2025-11-01;8;3708
12;2025-11-01;9;2556
12;2025-11-01;10;2111
12;2025-11-01;11;2077
12;2025-11-01;12;2135
12;2025-11-01;13;2127
12;2025-11-01;14;2115
12;2025-11-01;15;2385
12;2025-11-01;16;2890
12;2025-11-01;17;3142
12;2025-11-01;18;3214
12;2025-11-01;19;2494
12;2025-11-01;20;1575
12;2025-11-01;21;960
12;2025-11-01;22;506
12;2025-11-01;23;267
12;2025-11-02;0;84
12;2025-11-02;1;7
12;2025-11-02;2;0
12;2025-11-02;3;0
12;2025-11-02;4;2
12;2025-11-02;5;154
12;2025-11-02;6;522
12;2025-11-02;7;636
12;2025-11-02;8;729
12;2025-11-02;9;938
12;2025-11-02;10;1133
12;2025-11-02;11;1277
12;2025-11-02;12;1341
12;2025-11-02;13;1590
12;2025-11-02;14;1500
12;2025-11-02;15;1369
12;2025-11-02;16;1479
12;2025-11-02;17;1471
12;2025-11-02;18;1272
12;2025-11-02;19;1015
12;2025-11-02;20;753
12;2025-11-02;21;593
12;2025-11-02;22;389
12;2025-11-02;23;215
12;2025-11-03;0;80
12;2025-11-03;1;7
12;2025-11-03;2;0
12;2025-11-03;3;0
12;2025-11-03;4;2
12;2025-11-03;5;153
12;2025-11-03;6;526
12;2025-11-03;7;630
12;2025-11-03;8;712
12;2025-11-03;9;908
12;2025-11-03;10;1084
12;2025-11-03;11;1233
12;2025-11-03;12;1302
12;2025-11-03;13;1550
12;2025-11-03;14;1463
12;2025-11-03;15;1333
12;2025-11-03;16;1433
12;2025-11-03;17;1414
12;2025-11-03;18;1255
12;2025-11-03;19;1015
12;2025-11-03;20;751
12;2025-11-03;21;591
12;2025-11-03;22;388
12;2025-11-03;23;216
12;2025-11-04;0;81
12;2025-11-04;1;7
12;2025-11-04;2;0
12;2025-11-04;3;0
12;2025-11-04;4;2
12;2025-11-04;5;154
12;2025-11-04;6;528
12;2025-11-04;7;633
12;2025-11-04;8;715
12;2025-11-04;9;912
12;2025-11-04;10;1089
12;2025-11-04;11;1239
12;2025-11-04;12;1308
12;2025-11-04;13;1557
12;2025-11-04;14;1470
12;2025-11-04;15;1339
12;2025-11-04;16;1440
12;2025-11-04;17;1420
12;2025-11-04;18;1261
12;2025-11-04;19;1020
12;2025-11-04;20;754
12;2025-11-04;21;593
12;2025-11-04;22;389
12;2025-11-04;23;217
12;2025-11-05;0;57
12;2025-11-05;1;2
12;2025-11-05;2;0
12;2025-11-05;3;0
12;2025-11-05;4;6
12;2025-11-05;5;337
12;2025-11-05;6;1429
12;2025-11-05;7;2758
12;2025-11-05;8;3642
12;2025-11-05;9;2578
12;2025-11-05;10;2124
12;2025-11-05;11;2083
12;2025-11-05;12;2126
12;2025-11-05;13;2130
12;2025-11-05;14;2112
12;2025-11-05;15;2359
12;2025-11-05;16;2854
12;2025-11-05;17;3106
12;2025-11-05;18;3219
12;2025-11-05;19;2498
12;2025-11-05;20;1555
12;2025-11-05;21;971
12;2025-11-05;22;510
12;2025-11-05;23;268
12;2025-11-06;0;55
12;2025-11-06;1;2
12;2025-11-06;2;0
12;2025-11-06;3;0
12;2025-11-06;4;6
12;2025-11-06;5;329
12;2025-11-06;6;1390
12;2025-11-06;7;2754
12;2025-11-06;8;3651
12;2025-11-06;9;2504
12;2025-11-06;10;2087
12;2025-11-06;11;2068
12;2025-11-06;12;2132
12;2025-11-06;13;2116
12;2025-11-06;14;2110
12;2025-11-06;15;2360
12;2025-11-06;16;2848
12;2025-11-06;17;3123
12;2025-11-06;18;3212
12;2025-11-06;19;2510
12;2025-11-06;20;1577
12;2025-11-06;21;949
12;2025-11-06;22;506
12;2025-11-06;23;270
12;2025-11-07;0;58
12;2025-11-07;1;3
12;2025-11-07;2;0
12;2025-11-07;3;0
12;2025-11-07;4;6
12;2025-11-07;5;324
12;2025-11-07;6;1384
12;2025-11-07;7;2709
12;2025-11-07;8;3569
12;2025-11-07;9;2461
12;2025-11-07;10;2030
12;2025-11-07;11;2041
12;2025-11-07;12;2085
12;2025-11-07;13;2098
12;2025-11-07;14;2128
12;2025-11-07;15;2409
12;2025-11-07;16;2975
12;2025-11-07;17;3064
12;2025-11-07;18;2904
12;2025-11-07;19;2352
12;2025-11-07;20;1529
12;2025-11-07;21;966
12;2025-11-07;22;520
12;2025-11-07;23;286
12;2025-11-08;0;88
12;2025-11-08;1;5
12;2025-11-08;2;0
12;2025-11-08;3;0
12;2025-11-08;4;3
12;2025-11-08;5;239
12;2025-11-08;6;841
12;2025-11-08;7;923
12;2025-11-08;8;1036
12;2025-11-08;9;1231
12;2025-11-08;10;1476
12;2025-11-08;11;1543
12;2025-11-08;12;1538
12;2025-11-08;13;1809
12;2025-11-08;14;1705
12;2025-11-08;15;1576
12;2025-11-08;16;1644
12;2025-11-08;17;1574
12;2025-11-08;18;1512
12;2025-11-08;19;1440
12;2025-11-08;20;1023
12;2025-11-08;21;723
12;2025-11-08;22;436
12;2025-11-08;23;296
12;2025-11-09;0;84
12;2025-11-09;1;7
12;2025-11-09;2;0
12;2025-11-09;3;0
12;2025-11-09;4;2
12;2025-11-09;5;154
12;2025-11-09;6;522
12;2025-11-09;7;635
12;2025-11-09;8;728
12;2025-11-09;9;937
12;2025-11-09;10;1132
12;2025-11-09;11;1276
12;2025-11-09;12;1340
12;2025-11-09;13;1589
12;2025-11-09;14;1499
12;2025-11-09;15;1368
12;2025-11-09;16;1477
12;2025-11-09;17;1470
12;2025-11-09;18;1271
12;2025-11-09;19;1015
12;2025-11-09;20;752
12;2025-11-09;21;592
12;2025-11-09;22;389
12;2025-11-09;23;215
12;2025-11-10;0;61
12;2025-11-10;1;3
12;2025-11-10;2;0
12;2025-11-10;3;0
12;2025-11-10;4;6
12;2025-11-10;5;329
12;2025-11-10;6;1383
12;2025-11-10;7;2716
12;2025-11-10;8;3586
12;2025-11-10;9;2491
12;2025-11-10;10;2019
12;2025-11-10;11;1966
12;2025-11-10;12;2059
12;2025-11-10;13;2043
12;2025-11-10;14;2020
12;2025-11-10;15;2291
12;2025-11-10;16;2770
12;2025-11-10;17;3046
12;2025-11-10;18;3181
12;2025-11-10;19;2435
12;2025-11-10;20;1551
12;2025-11-10;21;924
12;2025-11-10;22;474
12;2025-11-10;23;250
12;2025-11-11;0;53
12;2025-11-11;1;2
12;2025-11-11;2;0
12;2025-11-11;3;0
12;2025-11-11;4;6
12;2025-11-11;5;336
12;2025-11-11;6;1410
12;2025-11-11;7;2784
12;2025-11-11;8;3729
12;2025-11-11;9;2552
12;2025-11-11;10;2117
12;2025-11-11;11;2074
12;2025-11-11;12;2104
12;2025-11-11;13;2121
12;2025-11-11;14;2093
12;2025-11-11;15;2323
12;2025-11-11;16;2843
12;2025-11-11;17;3117
12;2025-11-11;18;3226
12;2025-11-11;19;2509
12;2025-11-11;20;1557
12;2025-11-11;21;937
12;2025-11-11;22;494
12;2025-11-11;23;255
12;2025-11-12;0;56
12;2025-11-12;1;2
12;2025-11-12;2;0
12;2025-11-12;3;0
12;2025-11-12;4;6
12;2025-11-12;5;336
12;2025-11-12;6;1424
12;2025-11-12;7;2749
12;2025-11-12;8;3631
12;2025-11-12;9;2570
12;2025-11-12;10;2118
12;2025-11-12;11;2076
12;2025-11-12;12;2119
12;2025-11-12;13;2123
12;2025-11-12;14;2105
12;2025-11-12;15;2352
12;2025-11-12;16;2844
12;2025-11-12;17;3096
12;2025-11-12;18;3208
12;2025-11-12;19;2490
12;2025-11-12;20;1550
12;2025-11-12;21;968
12;2025-11-12;22;508
12;2025-11-12;23;267
12;2025-11-13;0;55
12;2025-11-13;1;2
12;2025-11-13;2;0
12;2025-11-13;3;0
12;2025-11-13;4;6
12;2025-11-13;5;329
12;2025-11-13;6;1388
12;2025-11-13;7;2750
12;2025-11-13;8;3647
12;2025-11-13;9;2501
12;2025-11-13;10;2084
12;2025-11-13;11;2066
12;2025-11-13;12;2130
12;2025-11-13;13;2113
12;2025-11-13;14;2107
12;2025-11-13;15;2357
12;2025-11-13;16;2845
12;2025-11-13;17;3120
12;2025-11-13;18;3208
12;2025-11-13;19;2507
12;2025-11-13;20;1575
12;2025-11-13;21;948
12;2025-11-13;22;505
12;2025-11-13;23;270
12;2025-11-14;0;58
12;2025-11-14;1;3
12;2025-11-14;2;0
12;2025-11-14;3;0
12;2025-11-14;4;6
12;2025-11-14;5;324
12;2025-11-14;6;1382
12;2025-11-14;7;2706
12;2025-11-14;8;3566
12;2025-11-14;9;2459
12;2025-11-14;10;2028
12;2025-11-14;11;2039
12;2025-11-14;12;2083
12;2025-11-14;13;2096
12;2025-11-14;14;2126
12;2025-11-14;15;2406
12;2025-11-14;16;2972
12;2025-11-14;17;3061
12;2025-11-14;18;2901
12;2025-11-14;19;2350
12;2025-11-14;20;1528
12;2025-11-14;21;965
12;2025-11-14;22;520
12;2025-11-14;23;286
12;2025-11-15;0;88
12;2025-11-15;1;5
12;2025-11-15;2;0
12;2025-11-15;3;0
12;2025-11-15;4;3
12;2025-11-15;5;239
12;2025-11-15;6;840
12;2025-11-15;7;922
12;2025-11-15;8;1035
12;2025-11-15;9;1229
12;2025-11-15;10;1474
12;2025-11-15;11;1541
12;2025-11-15;12;1536
12;2025-11-15;13;1807
12;2025-11-15;14;1703
12;2025-11-15;15;1574
12;2025-11-15;16;1642
12;2025-11-15;17;1572
12;2025-11-15;18;1510
12;2025-11-15;19;1438
12;2025-11-15;20;1022
12;2025-11-15;21;722
12;2025-11-15;22;435
12;2025-11-15;23;295
12;2025-11-16;0;84
12;2025-11-16;1;7
12;2025-11-16;2;0
12;2025-11-16;3;0
12;2025-11-16;4;2
12;2025-11-16;5;154
12;2025-11-16;6;522
12;2025-11-16;7;635
12;2025-11-16;8;729
12;2025-11-16;9;938
12;2025-11-16;10;1132
12;2025-11-16;11;1277
12;2025-11-16;12;1341
12;2025-11-16;13;1590
12;2025-11-16;14;1500
12;2025-11-16;15;1369
12;2025-11-16;16;1478
12;2025-11-16;17;1471
12;2025-11-16;18;1272
12;2025-11-16;19;1015
12;2025-11-16;20;752
12;2025-11-16;21;593
12;2025-11-16;22;389
12;2025-11-16;23;215
12;2025-11-17;0;61
12;2025-11-17;1;3
12;2025-11-17;2;0
12;2025-11-17;3;0
12;2025-11-17;4;6
12;2025-11-17;5;329
12;2025-11-17;6;1382
12;2025-11-17;7;2715
12;2025-11-17;8;3583
12;2025-11-17;9;2490
12;2025-11-17;10;2017
12;2025-11-17;11;1964
12;2025-11-17;12;2058
12;2025-11-17;13;2042
12;2025-11-17;14;2019
12;2025-11-17;15;2290
12;2025-11-17;16;2768
12;2025-11-17;17;3044
12;2025-11-17;18;3179
12;2025-11-17;19;2433
12;2025-11-17;20;1550
12;2025-11-17;21;923
12;2025-11-17;22;474
12;2025-11-17;23;250
12;2025-11-18;0;53
12;2025-11-18;1;2
12;2025-11-18;2;0
12;2025-11-18;3;0
12;2025-11-18;4;6
12;2025-11-18;5;336
12;2025-11-18;6;1409
12;2025-11-18;7;2782
12;2025-11-18;8;3726
12;2025-11-18;9;2550
12;2025-11-18;10;2115
12;2025-11-18;11;2073
12;2025-11-18;12;2103
12;2025-11-18;13;2119
12;2025-11-18;14;2092
12;2025-11-18;15;2322
12;2025-11-18;16;2841
12;2025-11-18;17;3114
12;2025-11-18;18;3224
12;2025-11-18;19;2507
12;2025-11-18;20;1556
12;2025-11-18;21;936
12;2025-11-18;22;494
12;2025-11-18;23;254
12;2025-11-19;0;56
12;2025-11-19;1;2
12;2025-11-19;2;0
12;2025-11-19;3;0
12;2025-11-19;4;6
12;2025-11-19;5;336
12;2025-11-19;6;1423
12;2025-11-19;7;2747
12;2025-11-19;8;3628
12;2025-11-19;9;2568
12;2025-11-19;10;2116
12;2025-11-19;11;2075
12;2025-11-19;12;2117
12;2025-11-19;13;2121
12;2025-11-19;14;2104
12;2025-11-19;15;2350
12;2025-11-19;16;2842
12;2025-11-19;17;3094
12;2025-11-19;18;3206
12;2025-11-19;19;2488
12;2025-11-19;20;1549
12;2025-11-19;21;967
12;2025-11-19;22;508
12;2025-11-19;23;267
12;2025-11-20;0;55
12;2025-11-20;1;2
12;2025-11-20;2;0
12;2025-11-20;3;0
12;2025-11-20;4;6
12;2025-11-20;5;329
12;2025-11-20;6;1389
12;2025-11-20;7;2752
12;2025-11-20;8;3650
12;2025-11-20;9;2503
12;2025-11-20;10;2085
12;2025-11-20;11;2067
12;2025-11-20;12;2131
12;2025-11-20;13;2115
12;2025-11-20;14;2108
12;2025-11-20;15;2358
12;2025-11-20;16;2847
12;2025-11-20;17;3122
12;2025-11-20;18;3211
12;2025-11-20;19;2509
12;2025-11-20;20;1577
12;2025-11-20;21;948
12;2025-11-20;22;505
12;2025-11-20;23;270
12;2025-11-21;0;58
12;2025-11-21;1;3
12;2025-11-21;2;0
12;2025-11-21;3;0
12;2025-11-21;4;6
12;2025-11-21;5;324
12;2025-11-21;6;1383
12;2025-11-21;7;2708
12;2025-11-21;8;3568
12;2025-11-21;9;2460
12;2025-11-21;10;2029
12;2025-11-21;11;2040
12;2025-11-21;12;2084
12;2025-11-21;13;2097
12;2025-11-21;14;2127
12;2025-11-21;15;2408
12;2025-11-21;16;2974
12;2025-11-21;17;3063
12;2025-11-21;18;2903
12;2025-11-21;19;2351
12;2025-11-21;20;1529
12;2025-11-21;21;966
12;2025-11-21;22;520
12;2025-11-21;23;286
12;2025-11-22;0;88
12;2025-11-22;1;5
12;2025-11-22;2;0
12;2025-11-22;3;0
12;2025-11-22;4;3
12;2025-11-22;5;239
12;2025-11-22;6;840
12;2025-11-22;7;922
12;2025-11-22;8;1035
12;2025-11-22;9;1230
12;2025-11-22;10;1475
12;2025-11-22;11;1541
12;2025-11-22;12;1537
12;2025-11-22;13;1808
12;2025-11-22;14;1703
12;2025-11-22;15;1575
12;2025-11-22;16;1642
12;2025-11-22;17;1573
12;2025-11-22;18;1510
12;2025-11-22;19;1438
12;2025-11-22;20;1022
12;2025-11-22;21;722
12;2025-11-22;22;435
12;2025-11-22;23;295
12;2025-11-23;0;84
12;2025-11-23;1;7
12;2025-11-23;2;0
12;2025-11-23;3;0
12;2025-11-23;4;2
12;2025-11-23;5;154
12;2025-11-23;6;523
12;2025-11-23;7;637
12;2025-11-23;8;730
12;2025-11-23;9;939
12;2025-11-23;10;1134
12;2025-11-23;11;1279
12;2025-11-23;12;1344
12;2025-11-23;13;1593
12;2025-11-23;14;1502
12;2025-11-23;15;1371
12;2025-11-23;16;1481
12;2025-11-23;17;1474
12;2025-11-23;18;1274
12;2025-11-23;19;1017
12;2025-11-23;20;754
12;2025-11-23;21;594
12;2025-11-23;22;390
12;2025-11-23;23;216
12;2025-11-24;0;61
12;2025-11-24;1;3
12;2025-11-24;2;0
12;2025-11-24;3;0
12;2025-11-24;4;6
12;2025-11-24;5;329
12;2025-11-24;6;1383
12;2025-11-24;7;2717
12;2025-11-24;8;3586
12;2025-11-24;9;2492
12;2025-11-24;10;2019
12;2025-11-24;11;1966
12;2025-11-24;12;2060
12;2025-11-24;13;2043
12;2025-11-24;14;2020
12;2025-11-24;15;2292
12;2025-11-24;16;2770
12;2025-11-24;17;3046
12;2025-11-24;18;3182
12;2025-11-24;19;2435
12;2025-11-24;20;1551
12;2025-11-24;21;924
12;2025-11-24;22;474
12;2025-11-24;23;250
12;2025-11-25;0;53
12;2025-11-25;1;2
12;2025-11-25;2;0
12;2025-11-25;3;0
12;2025-11-25;4;6
12;2025-11-25;5;336
12;2025-11-25;6;1410
12;2025-11-25;7;2784
12;2025-11-25;8;3729
12;2025-11-25;9;2552
12;2025-11-25;10;2117
12;2025-11-25;11;2074
12;2025-11-25;12;2104
12;2025-11-25;13;2121
12;2025-11-25;14;2093
12;2025-11-25;15;2323
12;2025-11-25;16;2843
12;2025-11-25;17;3117
12;2025-11-25;18;3226
12;2025-11-25;19;2509
12;2025-11-25;20;1557
12;2025-11-25;21;937
12;2025-11-25;22;494
12;2025-11-25;23;255
12;2025-11-26;0;56
12;2025-11-26;1;2
12;2025-11-26;2;0
12;2025-11-26;3;0
12;2025-11-26;4;6
12;2025-11-26;5;336
12;2025-11-26;6;1425
12;2025-11-26;7;2750
12;2025-11-26;8;3632
12;2025-11-26;9;2571
12;2025-11-26;10;2118
12;2025-11-26;11;2077
12;2025-11-26;12;2119
12;2025-11-26;13;2123
12;2025-11-26;14;2106
12;2025-11-26;15;2352
12;2025-11-26;16;2845
12;2025-11-26;17;3097
12;2025-11-26;18;3209
12;2025-11-26;19;2491
12;2025-11-26;20;1551
12;2025-11-26;21;968
12;2025-11-26;22;508
12;2025-11-26;23;267
12;2025-11-27;0;55
12;2025-11-27;1;2
12;2025-11-27;2;0
12;2025-11-27;3;0
12;2025-11-27;4;6
12;2025-11-27;5;329
12;2025-11-27;6;1389
12;2025-11-27;7;2751
12;2025-11-27;8;3648
12;2025-11-27;9;2502
12;2025-11-27;10;2085
12;2025-11-27;11;2066
12;2025-11-27;12;2130
12;2025-11-27;13;2114
12;2025-11-27;14;2108
12;2025-11-27;15;2357
12;2025-11-27;16;2846
12;2025-11-27;17;3121
12;2025-11-27;18;3209
12;2025-11-27;19;2508
12;2025-11-27;20;1576
12;2025-11-27;21;948
12;2025-11-27;22;505
12;2025-11-27;23;270
12;2025-11-28;0;58
12;2025-11-28;1;3
12;2025-11-28;2;0
12;2025-11-28;3;0
12;2025-11-28;4;6
12;2025-11-28;5;324
12;2025-11-28;6;1383
12;2025-11-28;7;2707
12;2025-11-28;8;3567
12;2025-11-28;9;2460
12;2025-11-28;10;2029
12;2025-11-28;11;2040
12;2025-11-28;12;2084
12;2025-11-28;13;2096
12;2025-11-28;14;2126
12;2025-11-28;15;2407
12;2025-11-28;16;2973
12;2025-11-28;17;3062
12;2025-11-28;18;2902
12;2025-11-28;19;2351
12;2025-11-28;20;1528
12;2025-11-28;21;966
12;2025-11-28;22;520
12;2025-11-28;23;286
12;2025-11-29;0;88
12;2025-11-29;1;5
12;2025-11-29;2;0
12;2025-11-29;3;0
12;2025-11-29;4;3
12;2025-11-29;5;239
12;2025-11-29;6;839
12;2025-11-29;7;921
12;2025-11-29;8;1034
12;2025-11-29;9;1228
12;2025-11-29;10;1473
12;2025-11-29;11;1539
12;2025-11-29;12;1535
12;2025-11-29;13;1805
12;2025-11-29;14;1701
12;2025-11-29;15;1573
12;2025-11-29;16;1640
12;2025-11-29;17;1571
12;2025-11-29;18;1508
12;2025-11-29;19;1436
12;2025-11-29;20;1021
12;2025-11-29;21;721
12;2025-11-29;22;435
12;2025-11-29;23;295
12;2025-11-30;0;84
12;2025-11-30;1;7
12;2025-11-30;2;0
12;2025-11-30;3;0
12;2025-11-30;4;2
12;2025-11-30;5;154
12;2025-11-30;6;523
12;2025-11-30;7;637
12;2025-11-30;8;730
12;2025-11-30;9;940
12;2025-11-30;10;1135
12;2025-11-30;11;1280
12;2025-11-30;12;1344
12;2025-11-30;13;1594
12;2025-11-30;14;1503
12;2025-11-30;15;1372
12;2025-11-30;16;1482
12;2025-11-30;17;1474
12;2025-11-30;18;1275
12;2025-11-30;19;1017
12;2025-11-30;20;754
12;2025-11-30;21;594
12;2025-11-30;22;390
12;2025-11-30;23;216
12;2025-12-01;0;61
12;2025-12-01;1;3
12;2025-12-01;2;0
12;2025-12-01;3;0
12;2025-12-01;4;6
12;2025-12-01;5;329
12;2025-12-01;6;1382
12;2025-12-01;7;2715
12;2025-12-01;8;3584
12;2025-12-01;9;2490
12;2025-12-01;10;2018
12;2025-12-01;11;1965
12;2025-12-01;12;2059
12;2025-12-01;13;2042
12;2025-12-01;14;2019
12;2025-12-01;15;2290
12;2025-12-01;16;2769
12;2025-12-01;17;3045
12;2025-12-01;18;3180
12;2025-12-01;19;2434
12;2025-12-01;20;1550
12;2025-12-01;21;923
12;2025-12-01;22;474
12;2025-12-01;23;250
12;2025-12-02;0;53
12;2025-12-02;1;2
12;2025-12-02;2;0
12;2025-12-02;3;0
12;2025-12-02;4;6
12;2025-12-02;5;336
12;2025-12-02;6;1410
12;2025-12-02;7;2782
12;2025-12-02;8;3727
12;2025-12-02;9;2550
12;2025-12-02;10;2115
12;2025-12-02;11;2073
12;2025-12-02;12;2103
12;2025-12-02;13;2120
12;2025-12-02;14;2092
12;2025-12-02;15;2322
12;2025-12-02;16;2841
12;2025-12-02;17;3115
12;2025-12-02;18;3224
12;2025-12-02;19;2508
12;2025-12-02;20;1556
12;2025-12-02;21;936
12;2025-12-02;22;494
12;2025-12-02;23;254
12;2025-12-03;0;56
12;2025-12-03;1;2
12;2025-12-03;2;0
12;2025-12-03;3;0
12;2025-12-03;4;6
12;2025-12-03;5;336
12;2025-12-03;6;1425
12;2025-12-03;7;2749
12;2025-12-03;8;3631
12;2025-12-03;9;2570
12;2025-12-03;10;2118
12;2025-12-03;11;2076
12;2025-12-03;12;2119
12;2025-12-03;13;2123
12;2025-12-03;14;2106
12;2025-12-03;15;2352
12;2025-12-03;16;2845
12;2025-12-03;17;3097
12;2025-12-03;18;3209
12;2025-12-03;19;2490
12;2025-12-03;20;1550
12;2025-12-03;21;968
12;2025-12-03;22;508
12;2025-12-03;23;267
12;2025-12-04;0;55
12;2025-12-04;1;2
12;2025-12-04;2;0
12;2025-12-04;3;0
12;2025-12-04;4;6
12;2025-12-04;5;329
12;2025-12-04;6;1388
12;2025-12-04;7;2751
12;2025-12-04;8;3648
12;2025-12-04;9;2501
12;2025-12-04;10;2084
12;2025-12-04;11;2066
12;2025-12-04;12;2130
12;2025-12-04;13;2113
12;2025-12-04;14;2107
12;2025-12-04;15;2357
12;2025-12-04;16;2845
12;2025-12-04;17;3120
12;2025-12-04;18;3209
12;2025-12-04;19;2508
12;2025-12-04;20;1576
12;2025-12-04;21;948
12;2025-12-04;22;505
12;2025-12-04;23;270
12;2025-12-05;0;58
12;2025-12-05;1;3
12;2025-12-05;2;0
12;2025-12-05;3;0
12;2025-12-05;4;6
12;2025-12-05;5;324
12;2025-12-05;6;1383
12;2025-12-05;7;2707
12;2025-12-05;8;3568
12;2025-12-05;9;2460
12;2025-12-05;10;2029
12;2025-12-05;11;2040
12;2025-12-05;12;2084
12;2025-12-05;13;2097
12;2025-12-05;14;2127
12;2025-12-05;15;2408
12;2025-12-05;16;2973
12;2025-12-05;17;3062
12;2025-12-05;18;2903
12;2025-12-05;19;2351
12;2025-12-05;20;1529
12;2025-12-05;21;966
12;2025-12-05;22;520
12;2025-12-05;23;286
12;2025-12-06;0;88
12;2025-12-06;1;5
12;2025-12-06;2;0
12;2025-12-06;3;0
12;2025-12-06;4;3
12;2025-12-06;5;239
12;2025-12-06;6;839
12;2025-12-06;7;921
12;2025-12-06;8;1034
12;2025-12-06;9;1228
12;2025-12-06;10;1473
12;2025-12-06;11;1539
12;2025-12-06;12;1535
12;2025-12-06;13;1805
12;2025-12-06;14;1701
12;2025-12-06;15;1573
12;2025-12-06;16;1640
12;2025-12-06;17;1570
12;2025-12-06;18;1508
12;2025-12-06;19;1436
12;2025-12-06;20;1021
12;2025-12-06;21;721
12;2025-12-06;22;434
12;2025-12-06;23;295
12;2025-12-07;0;85
12;2025-12-07;1;7
12;2025-12-07;2;0
12;2025-12-07;3;0
12;2025-12-07;4;2
12;2025-12-07;5;154
12;2025-12-07;6;524
12;2025-12-07;7;638
12;2025-12-07;8;731
12;2025-12-07;9;941
12;2025-12-07;10;1136
12;2025-12-07;11;1281
12;2025-12-07;12;1346
12;2025-12-07;13;1596
12;2025-12-07;14;1505
12;2025-12-07;15;1374
12;2025-12-07;16;1484
12;2025-12-07;17;1476
12;2025-12-07;18;1276
12;2025-12-07;19;1019
12;2025-12-07;20;755
12;2025-12-07;21;595
12;2025-12-07;22;390
12;2025-12-07;23;216
12;2025-12-08;0;61
12;2025-12-08;1;3
12;2025-12-08;2;0
12;2025-12-08;3;0
12;2025-12-08;4;6
12;2025-12-08;5;329
12;2025-12-08;6;1383
12;2025-12-08;7;2716
12;2025-12-08;8;3585
12;2025-12-08;9;2491
12;2025-12-08;10;2018
12;2025-12-08;11;1965
12;2025-12-08;12;2059
12;2025-12-08;13;2042
12;2025-12-08;14;2020
12;2025-12-08;15;2291
12;2025-12-08;16;2769
12;2025-12-08;17;3045
12;2025-12-08;18;3181
12;2025-12-08;19;2434
12;2025-12-08;20;1550
12;2025-12-08;21;923
12;2025-12-08;22;474
12;2025-12-08;23;250
12;2025-12-09;0;53
12;2025-12-09;1;2
12;2025-12-09;2;0
12;2025-12-09;3;0
12;2025-12-09;4;6
12;2025-12-09;5;336
12;2025-12-09;6;1410
12;2025-12-09;7;2783
12;2025-12-09;8;3727
12;2025-12-09;9;2551
12;2025-12-09;10;2116
12;2025-12-09;11;2073
12;2025-12-09;12;2103
12;2025-12-09;13;2120
12;2025-12-09;14;2092
12;2025-12-09;15;2322
12;2025-12-09;16;2842
12;2025-12-09;17;3115
12;2025-12-09;18;3225
12;2025-12-09;19;2508
12;2025-12-09;20;1556
12;2025-12-09;21;937
12;2025-12-09;22;494
12;2025-12-09;23;254
12;2025-12-10;0;56
12;2025-12-10;1;2
12;2025-12-10;2;0
12;2025-12-10;3;0
12;2025-12-10;4;6
12;2025-12-10;5;336
12;2025-12-10;6;1424
12;2025-12-10;7;2748
12;2025-12-10;8;3629
12;2025-12-10;9;2569
12;2025-12-10;10;2117
12;2025-12-10;11;2075
12;2025-12-10;12;2118
12;2025-12-10;13;2122
12;2025-12-10;14;2104
12;2025-12-10;15;2351
12;2025-12-10;16;2843
12;2025-12-10;17;3095
12;2025-12-10;18;3207
12;2025-12-10;19;2489
12;2025-12-10;20;1550
12;2025-12-10;21;968
12;2025-12-10;22;508
12;2025-12-10;23;267
12;2025-12-11;0;55
12;2025-12-11;1;2
12;2025-12-11;2;0
12;2025-12-11;3;0
12;2025-12-11;4;6
12;2025-12-11;5;329
12;2025-12-11;6;1388
12;2025-12-11;7;2749
12;2025-12-11;8;3646
12;2025-12-11;9;2500
12;2025-12-11;10;2083
12;2025-12-11;11;2065
12;2025-12-11;12;2129
12;2025-12-11;13;2112
12;2025-12-11;14;2106
12;2025-12-11;15;2356
12;2025-12-11;16;2844
12;2025-12-11;17;3118
12;2025-12-11;18;3207
12;2025-12-11;19;2506
12;2025-12-11;20;1575
12;2025-12-11;21;947
12;2025-12-11;22;505
12;2025-12-11;23;270
12;2025-12-12;0;58
12;2025-12-12;1;3
12;2025-12-12;2;0
12;2025-12-12;3;0
12;2025-12-12;4;6
12;2025-12-12;5;324
12;2025-12-12;6;1382
12;2025-12-12;7;2706
12;2025-12-12;8;3566
12;2025-12-12;9;2459
12;2025-12-12;10;2028
12;2025-12-12;11;2039
12;2025-12-12;12;2083
12;2025-12-12;13;2096
12;2025-12-12;14;2126
12;2025-12-12;15;2406
12;2025-12-12;16;2972
12;2025-12-12;17;3061
12;2025-12-12;18;2901
12;2025-12-12;19;2350
12;2025-12-12;20;1528
12;2025-12-12;21;965
12;2025-12-12;22;520
12;2025-12-12;23;286
12;2025-12-13;0;88
12;2025-12-13;1;5
12;2025-12-13;2;0
12;2025-12-13;3;0
12;2025-12-13;4;3
12;2025-12-13;5;238
12;2025-12-13;6;838
12;2025-12-13;7;920
12;2025-12-13;8;1033
12;2025-12-13;9;1227
12;2025-12-13;10;1471
12;2025-12-13;11;1537
12;2025-12-13;12;1533
12;2025-12-13;13;1803
12;2025-12-13;14;1699
12;2025-12-13;15;1571
12;2025-12-13;16;1638
12;2025-12-13;17;1569
12;2025-12-13;18;1506
12;2025-12-13;19;1435
12;2025-12-13;20;1020
12;2025-12-13;21;720
12;2025-12-13;22;434
12;2025-12-13;23;295
12;2025-12-14;0;85
12;2025-12-14;1;7
12;2025-12-14;2;0
12;2025-12-14;3;0
12;2025-12-14;4;2
12;2025-12-14;5;155
12;2025-12-14;6;524
12;2025-12-14;7;638
12;2025-12-14;8;732
12;2025-12-14;9;941
12;2025-12-14;10;1137
12;2025-12-14;11;1282
12;2025-12-14;12;1346
12;2025-12-14;13;1596
12;2025-12-14;14;1506
12;2025-12-14;15;1374
12;2025-12-14;16;1484
12;2025-12-14;17;1477
12;2025-12-14;18;1277
12;2025-12-14;19;1019
12;2025-12-14;20;756
12;2025-12-14;21;595
12;2025-12-14;22;391
12;2025-12-14;23;216
12;2025-12-15;0;61
12;2025-12-15;1;3
12;2025-12-15;2;0
12;2025-12-15;3;0
12;2025-12-15;4;6
12;2025-12-15;5;329
12;2025-12-15;6;1382
12;2025-12-15;7;2715
12;2025-12-15;8;3584
12;2025-12-15;9;2490
12;2025-12-15;10;2018
12;2025-12-15;11;1965
12;2025-12-15;12;2058
12;2025-12-15;13;2042
12;2025-12-15;14;2019
12;2025-12-15;15;2290
12;2025-12-15;16;2768
12;2025-12-15;17;3044
12;2025-12-15;18;3180
12;2025-12-15;19;2434
12;2025-12-15;20;1550
12;2025-12-15;21;923
12;2025-12-15;22;474
12;2025-12-15;23;250
12;2025-12-16;0;53
12;2025-12-16;1;2
12;2025-12-16;2;0
12;2025-12-16;3;0
12;2025-12-16;4;6
12;2025-12-16;5;336
12;2025-12-16;6;1409
12;2025-12-16;7;2782
12;2025-12-16;8;3726
12;2025-12-16;9;2550
12;2025-12-16;10;2115
12;2025-12-16;11;2073
12;2025-12-16;12;2103
12;2025-12-16;13;2119
12;2025-12-16;14;2092
12;2025-12-16;15;2322
12;2025-12-16;16;2841
12;2025-12-16;17;3115
12;2025-12-16;18;3224
12;2025-12-16;19;2508
12;2025-12-16;20;1556
12;2025-12-16;21;936
12;2025-12-16;22;494
12;2025-12-16;23;254
12;2025-12-17;0;56
12;2025-12-17;1;2
12;2025-12-17;2;0
12;2025-12-17;3;0
12;2025-12-17;4;6
12;2025-12-17;5;336
12;2025-12-17;6;1423
12;2025-12-17;7;2747
12;2025-12-17;8;3628
12;2025-12-17;9;2568
12;2025-12-17;10;2116
12;2025-12-17;11;2075
12;2025-12-17;12;2117
12;2025-12-17;13;2122
12;2025-12-17;14;2104
12;2025-12-17;15;2350
12;2025-12-17;16;2843
12;2025-12-17;17;3094
12;2025-12-17;18;3206
12;2025-12-17;19;2489
12;2025-12-17;20;1549
12;2025-12-17;21;967
12;2025-12-17;22;508
12;2025-12-17;23;267
12;2025-12-18;0;55
12;2025-12-18;1;2
12;2025-12-18;2;0
12;2025-12-18;3;0
12;2025-12-18;4;6
12;2025-12-18;5;329
12;2025-12-18;6;1387
12;2025-12-18;7;2749
12;2025-12-18;8;3645
12;2025-12-18;9;2500
12;2025-12-18;10;2083
12;2025-12-18;11;2064
12;2025-12-18;12;2128
12;2025-12-18;13;2112
12;2025-12-18;14;2106
12;2025-12-18;15;2355
12;2025-12-18;16;2843
12;2025-12-18;17;3118
12;2025-12-18;18;3206
12;2025-12-18;19;2506
12;2025-12-18;20;1574
12;2025-12-18;21;947
12;2025-12-18;22;505
12;2025-12-18;23;270
12;2025-12-19;0;58
12;2025-12-19;1;3
12;2025-12-19;2;0
12;2025-12-19;3;0
12;2025-12-19;4;6
12;2025-12-19;5;324
12;2025-12-19;6;1382
12;2025-12-19;7;2705
12;2025-12-19;8;3564
12;2025-12-19;9;2458
12;2025-12-19;10;2027
12;2025-12-19;11;2038
12;2025-12-19;12;2082
12;2025-12-19;13;2095
12;2025-12-19;14;2125
12;2025-12-19;15;2405
12;2025-12-19;16;2970
12;2025-12-19;17;3059
12;2025-12-19;18;2900
12;2025-12-19;19;2348
12;2025-12-19;20;1527
12;2025-12-19;21;965
12;2025-12-19;22;520
12;2025-12-19;23;286
12;2025-12-20;0;88
12;2025-12-20;1;5
12;2025-12-20;2;0
12;2025-12-20;3;0
12;2025-12-20;4;3
12;2025-12-20;5;238
12;2025-12-20;6;838
12;2025-12-20;7;919
12;2025-12-20;8;1032
12;2025-12-20;9;1226
12;2025-12-20;10;1470
12;2025-12-20;11;1536
12;2025-12-20;12;1531
12;2025-12-20;13;1801
12;2025-12-20;14;1698
12;2025-12-20;15;1570
12;2025-12-20;16;1637
12;2025-12-20;17;1567
12;2025-12-20;18;1505
12;2025-12-20;19;1433
12;2025-12-20;20;1019
12;2025-12-20;21;719
12;2025-12-20;22;434
12;2025-12-20;23;294
12;2025-12-21;0;85
12;2025-12-21;1;7
12;2025-12-21;2;0
12;2025-12-21;3;0
12;2025-12-21;4;2
12;2025-12-21;5;155
12;2025-12-21;6;525
12;2025-12-21;7;638
12;2025-12-21;8;732
12;2025-12-21;9;942
12;2025-12-21;10;1137
12;2025-12-21;11;1282
12;2025-12-21;12;1347
12;2025-12-21;13;1597
12;2025-12-21;14;1506
12;2025-12-21;15;1375
12;2025-12-21;16;1485
12;2025-12-21;17;1478
12;2025-12-21;18;1277
12;2025-12-21;19;1020
12;2025-12-21;20;756
12;2025-12-21;21;595
12;2025-12-21;22;391
12;2025-12-21;23;216
12;2025-12-22;0;61
12;2025-12-22;1;3
12;2025-12-22;2;0
12;2025-12-22;3;0
12;2025-12-22;4;6
12;2025-12-22;5;329
12;2025-12-22;6;1381
12;2025-12-22;7;2713
12;2025-12-22;8;3581
12;2025-12-22;9;2488
12;2025-12-22;10;2016
12;2025-12-22;11;1963
12;2025-12-22;12;2057
12;2025-12-22;13;2040
12;2025-12-22;14;2018
12;2025-12-22;15;2289
12;2025-12-22;16;2766
12;2025-12-22;17;3042
12;2025-12-22;18;3177
12;2025-12-22;19;2432
12;2025-12-22;20;1549
12;2025-12-22;21;922
12;2025-12-22;22;474
12;2025-12-22;23;250
12;2025-12-23;0;53
12;2025-12-23;1;2
12;2025-12-23;2;0
12;2025-12-23;3;0
12;2025-12-23;4;6
12;2025-12-23;5;335
12;2025-12-23;6;1408
12;2025-12-23;7;2780
12;2025-12-23;8;3724
12;2025-12-23;9;2548
12;2025-12-23;10;2114
12;2025-12-23;11;2072
12;2025-12-23;12;2101
12;2025-12-23;13;2118
12;2025-12-23;14;2091
12;2025-12-23;15;2320
12;2025-12-23;16;2839
12;2025-12-23;17;3113
12;2025-12-23;18;3222
12;2025-12-23;19;2506
12;2025-12-23;20;1555
12;2025-12-23;21;936
12;2025-12-23;22;493
12;2025-12-23;23;254
12;2025-12-24;0;56
12;2025-12-24;1;2
12;2025-12-24;2;0
12;2025-12-24;3;0
12;2025-12-24;4;6
12;2025-12-24;5;336
12;2025-12-24;6;1422
12;2025-12-24;7;2745
12;2025-12-24;8;3626
12;2025-12-24;9;2567
12;2025-12-24;10;2115
12;2025-12-24;11;2073
12;2025-12-24;12;2116
12;2025-12-24;13;2120
12;2025-12-24;14;2103
12;2025-12-24;15;2349
12;2025-12-24;16;2841
12;2025-12-24;17;3092
12;2025-12-24;18;3204
12;2025-12-24;19;2487
12;2025-12-24;20;1548
12;2025-12-24;21;967
12;2025-12-24;22;508
12;2025-12-24;23;266
12;2025-12-25;0;55
12;2025-12-25;1;2
12;2025-12-25;2;0
12;2025-12-25;3;0
12;2025-12-25;4;6
12;2025-12-25;5;328
12;2025-12-25;6;1386
12;2025-12-25;7;2747
12;2025-12-25;8;3643
12;2025-12-25;9;2498
12;2025-12-25;10;2081
12;2025-12-25;11;2063
12;2025-12-25;12;2127
12;2025-12-25;13;2110
12;2025-12-25;14;2104
12;2025-12-25;15;2354
12;2025-12-25;16;2841
12;2025-12-25;17;3116
12;2025-12-25;18;3204
12;2025-12-25;19;2504
12;2025-12-25;20;1573
12;2025-12-25;21;946
12;2025-12-25;22;504
12;2025-12-25;23;270
12;2025-12-26;0;58
12;2025-12-26;1;3
12;2025-12-26;2;0
12;2025-12-26;3;0
12;2025-12-26;4;5
12;2025-12-26;5;324
12;2025-12-26;6;1381
12;2025-12-26;7;2703
12;2025-12-26;8;3562
12;2025-12-26;9;2456
12;2025-12-26;10;2026
12;2025-12-26;11;2037
12;2025-12-26;12;2081
12;2025-12-26;13;2093
12;2025-12-26;14;2123
12;2025-12-26;15;2404
12;2025-12-26;16;2968
12;2025-12-26;17;3058
12;2025-12-26;18;2898
12;2025-12-26;19;2347
12;2025-12-26;20;1526
12;2025-12-26;21;964
12;2025-12-26;22;519
12;2025-12-26;23;286
12;2025-12-27;0;87
12;2025-12-27;1;5
12;2025-12-27;2;0
12;2025-12-27;3;0
12;2025-12-27;4;3
12;2025-12-27;5;238
12;2025-12-27;6;836
12;2025-12-27;7;918
12;2025-12-27;8;1030
12;2025-12-27;9;1224
12;2025-12-27;10;1468
12;2025-12-27;11;1534
12;2025-12-27;12;1529
12;2025-12-27;13;1799
12;2025-12-27;14;1695
12;2025-12-27;15;1568
12;2025-12-27;16;1634
12;2025-12-27;17;1565
12;2025-12-27;18;1503
12;2025-12-27;19;1431
12;2025-12-27;20;1017
12;2025-12-27;21;718
12;2025-12-27;22;433
12;2025-12-27;23;294
12;2025-12-28;0;85
12;2025-12-28;1;7
12;2025-12-28;2;0
12;2025-12-28;3;0
12;2025-12-28;4;2
12;2025-12-28;5;155
12;2025-12-28;6;525
12;2025-12-28;7;638
12;2025-12-28;8;732
12;2025-12-28;9;942
12;2025-12-28;10;1138
12;2025-12-28;11;1283
12;2025-12-28;12;1347
12;2025-12-28;13;1597
12;2025-12-28;14;1507
12;2025-12-28;15;1375
12;2025-12-28;16;1485
12;2025-12-28;17;1478
12;2025-12-28;18;1278
12;2025-12-28;19;1020
12;2025-12-28;20;756
12;2025-12-28;21;596
12;2025-12-28;22;391
12;2025-12-28;23;216
12;2025-12-29;0;61
12;2025-12-29;1;3
12;2025-12-29;2;0
12;2025-12-29;3;0
12;2025-12-29;4;6
12;2025-12-29;5;328
12;2025-12-29;6;1381
12;2025-12-29;7;2712
12;2025-12-29;8;3580
12;2025-12-29;9;2487
12;2025-12-29;10;2015
12;2025-12-29;11;1963
12;2025-12-29;12;2056
12;2025-12-29;13;2040
12;2025-12-29;14;2017
12;2025-12-29;15;2288
12;2025-12-29;16;2765
12;2025-12-29;17;3041
12;2025-12-29;18;3176
12;2025-12-29;19;2431
12;2025-12-29;20;1548
12;2025-12-29;21;922
12;2025-12-29;22;474
12;2025-12-29;23;250
12;2025-12-30;0;53
12;2025-12-30;1;2
12;2025-12-30;2;0
12;2025-12-30;3;0
12;2025-12-30;4;6
12;2025-12-30;5;335
12;2025-12-30;6;1408
12;2025-12-30;7;2779
12;2025-12-30;8;3723
12;2025-12-30;9;2547
12;2025-12-30;10;2113
12;2025-12-30;11;2071
12;2025-12-30;12;2101
12;2025-12-30;13;2117
12;2025-12-30;14;2090
12;2025-12-30;15;2319
12;2025-12-30;16;2838
12;2025-12-30;17;3111
12;2025-12-30;18;3221
12;2025-12-30;19;2505
12;2025-12-30;20;1554
12;2025-12-30;21;935
12;2025-12-30;22;493
12;2025-12-30;23;254
12;2025-12-31;0;81
12;2025-12-31;1;7
12;2025-12-31;2;0
12;2025-12-31;3;0
12;2025-12-31;4;2
12;2025-12-31;5;155
12;2025-12-31;6;533
12;2025-12-31;7;638
12;2025-12-31;8;721
12;2025-12-31;9;920
12;2025-12-31;10;1098
12;2025-12-31;11;1249
12;2025-12-31;12;1319
12;2025-12-31;13;1570
12;2025-12-31;14;1482
12;2025-12-31;15;1350
12;2025-12-31;16;1452
12;2025-12-31;17;1432
12;2025-12-31;18;1272
12;2025-12-31;19;1028
12;2025-12-31;20;760
12;2025-12-31;21;598
12;2025-12-31;22;393
12;2025-12-31;23;219
17;2025-11-01;0;123
17;2025-11-01;1;11
17;2025-11-01;2;0
17;2025-11-01;3;0
17;2025-11-01;4;27
17;2025-11-01;5;326
17;2025-11-01;6;1565
17;2025-11-01;7;4134
17;2025-11-01;8;5465
17;2025-11-01;9;3883
17;2025-11-01;10;3054
17;2025-11-01;11;3004
17;2025-11-01;12;3053
17;2025-11-01;13;3107
17;2025-11-01;14;3202
17;2025-11-01;15;3373
17;2025-11-01;16;3827
17;2025-11-01;17;4614
17;2025-11-01;18;4914
17;2025-11-01;19;3455
17;2025-11-01;20;2404
17;2025-11-01;21;1509
17;2025-11-01;22;809
17;2025-11-01;23;385
17;2025-11-02;0;169
17;2025-11-02;1;23
17;2025-11-02;2;1
17;2025-11-02;3;1
17;2025-11-02;4;4
17;2025-11-02;5;102
17;2025-11-02;6;408
17;2025-11-02;7;731
17;2025-11-02;8;1160
17;2025-11-02;9;1596
17;2025-11-02;10;1849
17;2025-11-02;11;2325
17;2025-11-02;12;2701
17;2025-11-02;13;2947
17;2025-11-02;14;3049
17;2025-11-02;15;3057
17;2025-11-02;16;3040
17;2025-11-02;17;2861
17;2025-11-02;18;2489
17;2025-11-02;19;2003
17;2025-11-02;20;1553
17;2025-11-02;21;1124
17;2025-11-02;22;701
17;2025-11-02;23;316
17;2025-11-03;0;163
17;2025-11-03;1;22
17;2025-11-03;2;1
17;2025-11-03;3;1
17;2025-11-03;4;4
17;2025-11-03;5;100
17;2025-11-03;6;404
17;2025-11-03;7;726
17;2025-11-03;8;1139
17;2025-11-03;9;1556
17;2025-11-03;10;1791
17;2025-11-03;11;2233
17;2025-11-03;12;2620
17;2025-11-03;13;2878
17;2025-11-03;14;2980
17;2025-11-03;15;3012
17;2025-11-03;16;3003
17;2025-11-03;17;2833
17;2025-11-03;18;2471
17;2025-11-03;19;1998
17;2025-11-03;20;1552
17;2025-11-03;21;1130
17;2025-11-03;22;713
17;2025-11-03;23;323
17;2025-11-04;0;164
17;2025-11-04;1;23
17;2025-11-04;2;1
17;2025-11-04;3;1
17;2025-11-04;4;4
17;2025-11-04;5;101
17;2025-11-04;6;407
17;2025-11-04;7;731
17;2025-11-04;8;1147
17;2025-11-04;9;1567
17;2025-11-04;10;1804
17;2025-11-04;11;2248
17;2025-11-04;12;2638
17;2025-11-04;13;2898
17;2025-11-04;14;3001
17;2025-11-04;15;3032
17;2025-11-04;16;3024
17;2025-11-04;17;2853
17;2025-11-04;18;2488
17;2025-11-04;19;2012
17;2025-11-04;20;1562
17;2025-11-04;21;1137
17;2025-11-04;22;718
17;2025-11-04;23;325
17;2025-11-05;0;122
17;2025-11-05;1;11
17;2025-11-05;2;0
17;2025-11-05;3;0
17;2025-11-05;4;27
17;2025-11-05;5;322
17;2025-11-05;6;1538
17;2025-11-05;7;4051
17;2025-11-05;8;5354
17;2025-11-05;9;3807
17;2025-11-05;10;3010
17;2025-11-05;11;2972
17;2025-11-05;12;3015
17;2025-11-05;13;3087
17;2025-11-05;14;3169
17;2025-11-05;15;3333
17;2025-11-05;16;3749
17;2025-11-05;17;4538
17;2025-11-05;18;4870
17;2025-11-05;19;3426
17;2025-11-05;20;2369
17;2025-11-05;21;1506
17;2025-11-05;22;807
17;2025-11-05;23;384
17;2025-11-06;0;129
17;2025-11-06;1;11
17;2025-11-06;2;0
17;2025-11-06;3;0
17;2025-11-06;4;26
17;2025-11-06;5;321
17;2025-11-06;6;1532
17;2025-11-06;7;4034
17;2025-11-06;8;5333
17;2025-11-06;9;3818
17;2025-11-06;10;3023
17;2025-11-06;11;2971
17;2025-11-06;12;3038
17;2025-11-06;13;3088
17;2025-11-06;14;3167
17;2025-11-06;15;3323
17;2025-11-06;16;3781
17;2025-11-06;17;4537
17;2025-11-06;18;4855
17;2025-11-06;19;3431
17;2025-11-06;20;2388
17;2025-11-06;21;1511
17;2025-11-06;22;818
17;2025-11-06;23;389
17;2025-11-07;0;133
17;2025-11-07;1;13
17;2025-11-07;2;0
17;2025-11-07;3;0
17;2025-11-07;4;26
17;2025-11-07;5;317
17;2025-11-07;6;1518
17;2025-11-07;7;3995
17;2025-11-07;8;5276
17;2025-11-07;9;3782
17;2025-11-07;10;3005
17;2025-11-07;11;2982
17;2025-11-07;12;3045
17;2025-11-07;13;3129
17;2025-11-07;14;3213
17;2025-11-07;15;3463
17;2025-11-07;16;4013
17;2025-11-07;17;4601
17;2025-11-07;18;4605
17;2025-11-07;19;3326
17;2025-11-07;20;2358
17;2025-11-07;21;1546
17;2025-11-07;22;854
17;2025-11-07;23;424
17;2025-11-08;0;201
17;2025-11-08;1;23
17;2025-11-08;2;0
17;2025-11-08;3;0
17;2025-11-08;4;5
17;2025-11-08;5;126
17;2025-11-08;6;533
17;2025-11-08;7;1140
17;2025-11-08;8;1689
17;2025-11-08;9;2133
17;2025-11-08;10;2362
17;2025-11-08;11;2815
17;2025-11-08;12;3132
17;2025-11-08;13;3312
17;2025-11-08;14;3362
17;2025-11-08;15;3384
17;2025-11-08;16;3375
17;2025-11-08;17;3174
17;2025-11-08;18;2892
17;2025-11-08;19;2379
17;2025-11-08;20;1856
17;2025-11-08;21;1357
17;2025-11-08;22;841
17;2025-11-08;23;433
17;2025-11-09;0;169
17;2025-11-09;1;23
17;2025-11-09;2;1
17;2025-11-09;3;1
17;2025-11-09;4;4
17;2025-11-09;5;102
17;2025-11-09;6;408
17;2025-11-09;7;730
17;2025-11-09;8;1159
17;2025-11-09;9;1595
17;2025-11-09;10;1848
17;2025-11-09;11;2323
17;2025-11-09;12;2699
17;2025-11-09;13;2945
17;2025-11-09;14;3047
17;2025-11-09;15;3055
17;2025-11-09;16;3039
17;2025-11-09;17;2859
17;2025-11-09;18;2488
17;2025-11-09;19;2002
17;2025-11-09;20;1552
17;2025-11-09;21;1123
17;2025-11-09;22;700
17;2025-11-09;23;316
17;2025-11-10;0;111
17;2025-11-10;1;12
17;2025-11-10;2;0
17;2025-11-10;3;0
17;2025-11-10;4;26
17;2025-11-10;5;313
17;2025-11-10;6;1509
17;2025-11-10;7;3993
17;2025-11-10;8;5310
17;2025-11-10;9;3746
17;2025-11-10;10;2912
17;2025-11-10;11;2885
17;2025-11-10;12;2924
17;2025-11-10;13;2984
17;2025-11-10;14;3054
17;2025-11-10;15;3247
17;2025-11-10;16;3688
17;2025-11-10;17;4465
17;2025-11-10;18;4816
17;2025-11-10;19;3376
17;2025-11-10;20;2322
17;2025-11-10;21;1423
17;2025-11-10;22;761
17;2025-11-10;23;351
17;2025-11-11;0;117
17;2025-11-11;1;11
17;2025-11-11;2;0
17;2025-11-11;3;0
17;2025-11-11;4;27
17;2025-11-11;5;321
17;2025-11-11;6;1544
17;2025-11-11;7;4082
17;2025-11-11;8;5413
17;2025-11-11;9;3844
17;2025-11-11;10;3005
17;2025-11-11;11;2925
17;2025-11-11;12;2996
17;2025-11-11;13;3039
17;2025-11-11;14;3151
17;2025-11-11;15;3271
17;2025-11-11;16;3711
17;2025-11-11;17;4539
17;2025-11-11;18;4877
17;2025-11-11;19;3425
17;2025-11-11;20;2370
17;2025-11-11;21;1460
17;2025-11-11;22;778
17;2025-11-11;23;366
17;2025-11-12;0;122
17;2025-11-12;1;11
17;2025-11-12;2;0
17;2025-11-12;3;0
17;2025-11-12;4;27
17;2025-11-12;5;321
17;2025-11-12;6;1533
17;2025-11-12;7;4039
17;2025-11-12;8;5338
17;2025-11-12;9;3795
17;2025-11-12;10;3001
17;2025-11-12;11;2963
17;2025-11-12;12;3006
17;2025-11-12;13;3078
17;2025-11-12;14;3159
17;2025-11-12;15;3323
17;2025-11-12;16;3738
17;2025-11-12;17;4525
17;2025-11-12;18;4856
17;2025-11-12;19;3415
17;2025-11-12;20;2362
17;2025-11-12;21;1502
17;2025-11-12;22;805
17;2025-11-12;23;383
17;2025-11-13;0;129
17;2025-11-13;1;11
17;2025-11-13;2;0
17;2025-11-13;3;0
17;2025-11-13;4;26
17;2025-11-13;5;320
17;2025-11-13;6;1530
17;2025-11-13;7;4028
17;2025-11-13;8;5325
17;2025-11-13;9;3812
17;2025-11-13;10;3018
17;2025-11-13;11;2966
17;2025-11-13;12;3033
17;2025-11-13;13;3083
17;2025-11-13;14;3162
17;2025-11-13;15;3318
17;2025-11-13;16;3776
17;2025-11-13;17;4530
17;2025-11-13;18;4847
17;2025-11-13;19;3425
17;2025-11-13;20;2385
17;2025-11-13;21;1508
17;2025-11-13;22;817
17;2025-11-13;23;388
17;2025-11-14;0;133
17;2025-11-14;1;13
17;2025-11-14;2;0
17;2025-11-14;3;0
17;2025-11-14;4;26
17;2025-11-14;5;316
17;2025-11-14;6;1516
17;2025-11-14;7;3990
17;2025-11-14;8;5269
17;2025-11-14;9;3777
17;2025-11-14;10;3001
17;2025-11-14;11;2978
17;2025-11-14;12;3041
17;2025-11-14;13;3125
17;2025-11-14;14;3208
17;2025-11-14;15;3458
17;2025-11-14;16;4007
17;2025-11-14;17;4595
17;2025-11-14;18;4599
17;2025-11-14;19;3321
17;2025-11-14;20;2354
17;2025-11-14;21;1544
17;2025-11-14;22;853
17;2025-11-14;23;423
17;2025-11-15;0;201
17;2025-11-15;1;23
17;2025-11-15;2;0
17;2025-11-15;3;0
17;2025-11-15;4;5
17;2025-11-15;5;126
17;2025-11-15;6;532
17;2025-11-15;7;1137
17;2025-11-15;8;1684
17;2025-11-15;9;2127
17;2025-11-15;10;2355
17;2025-11-15;11;2807
17;2025-11-15;12;3123
17;2025-11-15;13;3303
17;2025-11-15;14;3352
17;2025-11-15;15;3374
17;2025-11-15;16;3366
17;2025-11-15;17;3165
17;2025-11-15;18;2884
17;2025-11-15;19;2373
17;2025-11-15;20;1851
17;2025-11-15;21;1354
17;2025-11-15;22;838
17;2025-11-15;23;432
17;2025-11-16;0;169
17;2025-11-16;1;23
17;2025-11-16;2;1
17;2025-11-16;3;1
17;2025-11-16;4;4
17;2025-11-16;5;102
17;2025-11-16;6;408
17;2025-11-16;7;730
17;2025-11-16;8;1158
17;2025-11-16;9;1594
17;2025-11-16;10;1846
17;2025-11-16;11;2322
17;2025-11-16;12;2698
17;2025-11-16;13;2943
17;2025-11-16;14;3045
17;2025-11-16;15;3053
17;2025-11-16;16;3037
17;2025-11-16;17;2857
17;2025-11-16;18;2486
17;2025-11-16;19;2000
17;2025-11-16;20;1551
17;2025-11-16;21;1122
17;2025-11-16;22;700
17;2025-11-16;23;316
17;2025-11-17;0;111
17;2025-11-17;1;12
17;2025-11-17;2;0
17;2025-11-17;3;0
17;2025-11-17;4;26
17;2025-11-17;5;313
17;2025-11-17;6;1508
17;2025-11-17;7;3989
17;2025-11-17;8;5304
17;2025-11-17;9;3742
17;2025-11-17;10;2909
17;2025-11-17;11;2882
17;2025-11-17;12;2920
17;2025-11-17;13;2981
17;2025-11-17;14;3050
17;2025-11-17;15;3244
17;2025-11-17;16;3684
17;2025-11-17;17;4460
17;2025-11-17;18;4811
17;2025-11-17;19;3373
17;2025-11-17;20;2319
17;2025-11-17;21;1421
17;2025-11-17;22;760
17;2025-11-17;23;350
17;2025-11-18;0;117
17;2025-11-18;1;11
17;2025-11-18;2;0
17;2025-11-18;3;0
17;2025-11-18;4;27
17;2025-11-18;5;320
17;2025-11-18;6;1542
17;2025-11-18;7;4077
17;2025-11-18;8;5407
17;2025-11-18;9;3839
17;2025-11-18;10;3002
17;2025-11-18;11;2922
17;2025-11-18;12;2992
17;2025-11-18;13;3035
17;2025-11-18;14;3147
17;2025-11-18;15;3267
17;2025-11-18;16;3706
17;2025-11-18;17;4534
17;2025-11-18;18;4871
17;2025-11-18;19;3421
17;2025-11-18;20;2367
17;2025-11-18;21;1458
17;2025-11-18;22;777
17;2025-11-18;23;366
17;2025-11-19;0;122
17;2025-11-19;1;11
17;2025-11-19;2;0
17;2025-11-19;3;0
17;2025-11-19;4;27
17;2025-11-19;5;321
17;2025-11-19;6;1532
17;2025-11-19;7;4035
17;2025-11-19;8;5332
17;2025-11-19;9;3791
17;2025-11-19;10;2998
17;2025-11-19;11;2959
17;2025-11-19;12;3002
17;2025-11-19;13;3075
17;2025-11-19;14;3156
17;2025-11-19;15;3319
17;2025-11-19;16;3734
17;2025-11-19;17;4520
17;2025-11-19;18;4850
17;2025-11-19;19;3411
17;2025-11-19;20;2360
17;2025-11-19;21;1500
17;2025-11-19;22;804
17;2025-11-19;23;382
17;2025-11-20;0;129
17;2025-11-20;1;11
17;2025-11-20;2;0
17;2025-11-20;3;0
17;2025-11-20;4;26
17;2025-11-20;5;320
17;2025-11-20;6;1530
17;2025-11-20;7;4030
17;2025-11-20;8;5327
17;2025-11-20;9;3814
17;2025-11-20;10;3020
17;2025-11-20;11;2968
17;2025-11-20;12;3035
17;2025-11-20;13;3085
17;2025-11-20;14;3164
17;2025-11-20;15;3320
17;2025-11-20;16;3778
17;2025-11-20;17;4533
17;2025-11-20;18;4850
17;2025-11-20;19;3427
17;2025-11-20;20;2386
17;2025-11-20;21;1509
17;2025-11-20;22;817
17;2025-11-20;23;388
17;2025-11-21;0;133
17;2025-11-21;1;13
17;2025-11-21;2;0
17;2025-11-21;3;0
17;2025-11-21;4;26
17;2025-11-21;5;317
17;2025-11-21;6;1518
17;2025-11-21;7;3993
17;2025-11-21;8;5273
17;2025-11-21;9;3779
17;2025-11-21;10;3003
17;2025-11-21;11;2980
17;2025-11-21;12;3043
17;2025-11-21;13;3127
17;2025-11-21;14;3211
17;2025-11-21;15;3461
17;2025-11-21;16;4010
17;2025-11-21;17;4598
17;2025-11-21;18;4602
17;2025-11-21;19;3324
17;2025-11-21;20;2356
17;2025-11-21;21;1545
17;2025-11-21;22;853
17;2025-11-21;23;424
17;2025-11-22;0;200
17;2025-11-22;1;23
17;2025-11-22;2;0
17;2025-11-22;3;0
17;2025-11-22;4;5
17;2025-11-22;5;126
17;2025-11-22;6;531
17;2025-11-22;7;1136
17;2025-11-22;8;1682
17;2025-11-22;9;2125
17;2025-11-22;10;2352
17;2025-11-22;11;2804
17;2025-11-22;12;3120
17;2025-11-22;13;3299
17;2025-11-22;14;3348
17;2025-11-22;15;3370
17;2025-11-22;16;3362
17;2025-11-22;17;3162
17;2025-11-22;18;2880
17;2025-11-22;19;2370
17;2025-11-22;20;1849
17;2025-11-22;21;1352
17;2025-11-22;22;837
17;2025-11-22;23;432
17;2025-11-23;0;169
17;2025-11-23;1;23
17;2025-11-23;2;1
17;2025-11-23;3;1
17;2025-11-23;4;4
17;2025-11-23;5;101
17;2025-11-23;6;408
17;2025-11-23;7;729
17;2025-11-23;8;1157
17;2025-11-23;9;1593
17;2025-11-23;10;1845
17;2025-11-23;11;2321
17;2025-11-23;12;2696
17;2025-11-23;13;2941
17;2025-11-23;14;3043
17;2025-11-23;15;3052
17;2025-11-23;16;3035
17;2025-11-23;17;2856
17;2025-11-23;18;2485
17;2025-11-23;19;1999
17;2025-11-23;20;1550
17;2025-11-23;21;1121
17;2025-11-23;22;699
17;2025-11-23;23;316
17;2025-11-24;0;111
17;2025-11-24;1;12
17;2025-11-24;2;0
17;2025-11-24;3;0
17;2025-11-24;4;26
17;2025-11-24;5;313
17;2025-11-24;6;1509
17;2025-11-24;7;3993
17;2025-11-24;8;5310
17;2025-11-24;9;3746
17;2025-11-24;10;2912
17;2025-11-24;11;2885
17;2025-11-24;12;2924
17;2025-11-24;13;2984
17;2025-11-24;14;3054
17;2025-11-24;15;3247
17;2025-11-24;16;3688
17;2025-11-24;17;4465
17;2025-11-24;18;4816
17;2025-11-24;19;3376
17;2025-11-24;20;2322
17;2025-11-24;21;1423
17;2025-11-24;22;761
17;2025-11-24;23;351
17;2025-11-25;0;117
17;2025-11-25;1;11
17;2025-11-25;2;0
17;2025-11-25;3;0
17;2025-11-25;4;27
17;2025-11-25;5;321
17;2025-11-25;6;1543
17;2025-11-25;7;4082
17;2025-11-25;8;5412
17;2025-11-25;9;3843
17;2025-11-25;10;3005
17;2025-11-25;11;2925
17;2025-11-25;12;2995
17;2025-11-25;13;3038
17;2025-11-25;14;3151
17;2025-11-25;15;3271
17;2025-11-25;16;3710
17;2025-11-25;17;4538
17;2025-11-25;18;4876
17;2025-11-25;19;3425
17;2025-11-25;20;2370
17;2025-11-25;21;1460
17;2025-11-25;22;778
17;2025-11-25;23;366
17;2025-11-26;0;122
17;2025-11-26;1;11
17;2025-11-26;2;0
17;2025-11-26;3;0
17;2025-11-26;4;27
17;2025-11-26;5;321
17;2025-11-26;6;1534
17;2025-11-26;7;4040
17;2025-11-26;8;5339
17;2025-11-26;9;3796
17;2025-11-26;10;3002
17;2025-11-26;11;2963
17;2025-11-26;12;3006
17;2025-11-26;13;3078
17;2025-11-26;14;3160
17;2025-11-26;15;3323
17;2025-11-26;16;3738
17;2025-11-26;17;4525
17;2025-11-26;18;4856
17;2025-11-26;19;3416
17;2025-11-26;20;2363
17;2025-11-26;21;1502
17;2025-11-26;22;805
17;2025-11-26;23;383
17;2025-11-27;0;129
17;2025-11-27;1;11
17;2025-11-27;2;0
17;2025-11-27;3;0
17;2025-11-27;4;26
17;2025-11-27;5;320
17;2025-11-27;6;1530
17;2025-11-27;7;4029
17;2025-11-27;8;5325
17;2025-11-27;9;3812
17;2025-11-27;10;3019
17;2025-11-27;11;2967
17;2025-11-27;12;3034
17;2025-11-27;13;3084
17;2025-11-27;14;3163
17;2025-11-27;15;3319
17;2025-11-27;16;3776
17;2025-11-27;17;4531
17;2025-11-27;18;4848
17;2025-11-27;19;3426
17;2025-11-27;20;2385
17;2025-11-27;21;1508
17;2025-11-27;22;817
17;2025-11-27;23;388
17;2025-11-28;0;133
17;2025-11-28;1;13
17;2025-11-28;2;0
17;2025-11-28;3;0
17;2025-11-28;4;26
17;2025-11-28;5;316
17;2025-11-28;6;1517
17;2025-11-28;7;3991
17;2025-11-28;8;5271
17;2025-11-28;9;3778
17;2025-11-28;10;3002
17;2025-11-28;11;2979
17;2025-11-28;12;3042
17;2025-11-28;13;3126
17;2025-11-28;14;3209
17;2025-11-28;15;3459
17;2025-11-28;16;4008
17;2025-11-28;17;4596
17;2025-11-28;18;4600
17;2025-11-28;19;3322
17;2025-11-28;20;2355
17;2025-11-28;21;1544
17;2025-11-28;22;853
17;2025-11-28;23;423
17;2025-11-29;0;200
17;2025-11-29;1;23
17;2025-11-29;2;0
17;2025-11-29;3;0
17;2025-11-29;4;5
17;2025-11-29;5;126
17;2025-11-29;6;530
17;2025-11-29;7;1134
17;2025-11-29;8;1679
17;2025-11-29;9;2121
17;2025-11-29;10;2348
17;2025-11-29;11;2799
17;2025-11-29;12;3114
17;2025-11-29;13;3293
17;2025-11-29;14;3343
17;2025-11-29;15;3364
17;2025-11-29;16;3356
17;2025-11-29;17;3156
17;2025-11-29;18;2875
17;2025-11-29;19;2366
17;2025-11-29;20;1845
17;2025-11-29;21;1350
17;2025-11-29;22;836
17;2025-11-29;23;431
17;2025-11-30;0;169
17;2025-11-30;1;23
17;2025-11-30;2;1
17;2025-11-30;3;1
17;2025-11-30;4;4
17;2025-11-30;5;101
17;2025-11-30;6;407
17;2025-11-30;7;729
17;2025-11-30;8;1157
17;2025-11-30;9;1592
17;2025-11-30;10;1844
17;2025-11-30;11;2319
17;2025-11-30;12;2695
17;2025-11-30;13;2939
17;2025-11-30;14;3041
17;2025-11-30;15;3050
17;2025-11-30;16;3033
17;2025-11-30;17;2854
17;2025-11-30;18;2483
17;2025-11-30;19;1998
17;2025-11-30;20;1549
17;2025-11-30;21;1121
17;2025-11-30;22;699
17;2025-11-30;23;316
17;2025-12-01;0;111
17;2025-12-01;1;12
17;2025-12-01;2;0
17;2025-12-01;3;0
17;2025-12-01;4;26
17;2025-12-01;5;313
17;2025-12-01;6;1509
17;2025-12-01;7;3992
17;2025-12-01;8;5309
17;2025-12-01;9;3745
17;2025-12-01;10;2912
17;2025-12-01;11;2884
17;2025-12-01;12;2923
17;2025-12-01;13;2984
17;2025-12-01;14;3053
17;2025-12-01;15;3247
17;2025-12-01;16;3687
17;2025-12-01;17;4464
17;2025-12-01;18;4815
17;2025-12-01;19;3375
17;2025-12-01;20;2321
17;2025-12-01;21;1423
17;2025-12-01;22;761
17;2025-12-01;23;351
17;2025-12-02;0;117
17;2025-12-02;1;11
17;2025-12-02;2;0
17;2025-12-02;3;0
17;2025-12-02;4;27
17;2025-12-02;5;321
17;2025-12-02;6;1543
17;2025-12-02;7;4081
17;2025-12-02;8;5411
17;2025-12-02;9;3842
17;2025-12-02;10;3004
17;2025-12-02;11;2924
17;2025-12-02;12;2995
17;2025-12-02;13;3038
17;2025-12-02;14;3150
17;2025-12-02;15;3270
17;2025-12-02;16;3709
17;2025-12-02;17;4537
17;2025-12-02;18;4875
17;2025-12-02;19;3424
17;2025-12-02;20;2369
17;2025-12-02;21;1459
17;2025-12-02;22;778
17;2025-12-02;23;366
17;2025-12-03;0;122
17;2025-12-03;1;11
17;2025-12-03;2;0
17;2025-12-03;3;0
17;2025-12-03;4;27
17;2025-12-03;5;321
17;2025-12-03;6;1534
17;2025-12-03;7;4040
17;2025-12-03;8;5339
17;2025-12-03;9;3796
17;2025-12-03;10;3002
17;2025-12-03;11;2963
17;2025-12-03;12;3006
17;2025-12-03;13;3078
17;2025-12-03;14;3160
17;2025-12-03;15;3323
17;2025-12-03;16;3738
17;2025-12-03;17;4525
17;2025-12-03;18;4856
17;2025-12-03;19;3416
17;2025-12-03;20;2362
17;2025-12-03;21;1502
17;2025-12-03;22;805
17;2025-12-03;23;383
17;2025-12-04;0;129
17;2025-12-04;1;11
17;2025-12-04;2;0
17;2025-12-04;3;0
17;2025-12-04;4;26
17;2025-12-04;5;320
17;2025-12-04;6;1530
17;2025-12-04;7;4028
17;2025-12-04;8;5325
17;2025-12-04;9;3812
17;2025-12-04;10;3019
17;2025-12-04;11;2967
17;2025-12-04;12;3033
17;2025-12-04;13;3083
17;2025-12-04;14;3163
17;2025-12-04;15;3318
17;2025-12-04;16;3776
17;2025-12-04;17;4531
17;2025-12-04;18;4848
17;2025-12-04;19;3426
17;2025-12-04;20;2385
17;2025-12-04;21;1508
17;2025-12-04;22;817
17;2025-12-04;23;388
17;2025-12-05;0;133
17;2025-12-05;1;13
17;2025-12-05;2;0
17;2025-12-05;3;0
17;2025-12-05;4;26
17;2025-12-05;5;316
17;2025-12-05;6;1517
17;2025-12-05;7;3991
17;2025-12-05;8;5271
17;2025-12-05;9;3778
17;2025-12-05;10;3002
17;2025-12-05;11;2979
17;2025-12-05;12;3042
17;2025-12-05;13;3126
17;2025-12-05;14;3210
17;2025-12-05;15;3459
17;2025-12-05;16;4008
17;2025-12-05;17;4596
17;2025-12-05;18;4601
17;2025-12-05;19;3322
17;2025-12-05;20;2355
17;2025-12-05;21;1544
17;2025-12-05;22;853
17;2025-12-05;23;423
17;2025-12-06;0;200
17;2025-12-06;1;23
17;2025-12-06;2;0
17;2025-12-06;3;0
17;2025-12-06;4;5
17;2025-12-06;5;125
17;2025-12-06;6;529
17;2025-12-06;7;1132
17;2025-12-06;8;1677
17;2025-12-06;9;2118
17;2025-12-06;10;2345
17;2025-12-06;11;2795
17;2025-12-06;12;3110
17;2025-12-06;13;3289
17;2025-12-06;14;3338
17;2025-12-06;15;3360
17;2025-12-06;16;3352
17;2025-12-06;17;3152
17;2025-12-06;18;2872
17;2025-12-06;19;2363
17;2025-12-06;20;1843
17;2025-12-06;21;1348
17;2025-12-06;22;835
17;2025-12-06;23;430
17;2025-12-07;0;169
17;2025-12-07;1;23
17;2025-12-07;2;1
17;2025-12-07;3;1
17;2025-12-07;4;4
17;2025-12-07;5;101
17;2025-12-07;6;407
17;2025-12-07;7;729
17;2025-12-07;8;1156
17;2025-12-07;9;1592
17;2025-12-07;10;1843
17;2025-12-07;11;2318
17;2025-12-07;12;2693
17;2025-12-07;13;2938
17;2025-12-07;14;3040
17;2025-12-07;15;3048
17;2025-12-07;16;3032
17;2025-12-07;17;2853
17;2025-12-07;18;2482
17;2025-12-07;19;1997
17;2025-12-07;20;1548
17;2025-12-07;21;1120
17;2025-12-07;22;699
17;2025-12-07;23;316
17;2025-12-08;0;111
17;2025-12-08;1;12
17;2025-12-08;2;0
17;2025-12-08;3;0
17;2025-12-08;4;26
17;2025-12-08;5;313
17;2025-12-08;6;1509
17;2025-12-08;7;3991
17;2025-12-08;8;5307
17;2025-12-08;9;3744
17;2025-12-08;10;2911
17;2025-12-08;11;2883
17;2025-12-08;12;2922
17;2025-12-08;13;2983
17;2025-12-08;14;3052
17;2025-12-08;15;3246
17;2025-12-08;16;3686
17;2025-12-08;17;4463
17;2025-12-08;18;4814
17;2025-12-08;19;3374
17;2025-12-08;20;2321
17;2025-12-08;21;1422
17;2025-12-08;22;760
17;2025-12-08;23;351
17;2025-12-09;0;117
17;2025-12-09;1;11
17;2025-12-09;2;0
17;2025-12-09;3;0
17;2025-12-09;4;27
17;2025-12-09;5;321
17;2025-12-09;6;1542
17;2025-12-09;7;4079
17;2025-12-09;8;5409
17;2025-12-09;9;3841
17;2025-12-09;10;3003
17;2025-12-09;11;2923
17;2025-12-09;12;2993
17;2025-12-09;13;3036
17;2025-12-09;14;3149
17;2025-12-09;15;3269
17;2025-12-09;16;3707
17;2025-12-09;17;4535
17;2025-12-09;18;4873
17;2025-12-09;19;3422
17;2025-12-09;20;2368
17;2025-12-09;21;1459
17;2025-12-09;22;777
17;2025-12-09;23;366
17;2025-12-10;0;122
17;2025-12-10;1;11
17;2025-12-10;2;0
17;2025-12-10;3;0
17;2025-12-10;4;27
17;2025-12-10;5;321
17;2025-12-10;6;1532
17;2025-12-10;7;4036
17;2025-12-10;8;5334
17;2025-12-10;9;3793
17;2025-12-10;10;2999
17;2025-12-10;11;2960
17;2025-12-10;12;3003
17;2025-12-10;13;3076
17;2025-12-10;14;3157
17;2025-12-10;15;3320
17;2025-12-10;16;3735
17;2025-12-10;17;4521
17;2025-12-10;18;4852
17;2025-12-10;19;3413
17;2025-12-10;20;2360
17;2025-12-10;21;1500
17;2025-12-10;22;804
17;2025-12-10;23;383
17;2025-12-11;0;129
17;2025-12-11;1;11
17;2025-12-11;2;0
17;2025-12-11;3;0
17;2025-12-11;4;26
17;2025-12-11;5;320
17;2025-12-11;6;1528
17;2025-12-11;7;4025
17;2025-12-11;8;5320
17;2025-12-11;9;3809
17;2025-12-11;10;3016
17;2025-12-11;11;2964
17;2025-12-11;12;3031
17;2025-12-11;13;3081
17;2025-12-11;14;3160
17;2025-12-11;15;3315
17;2025-12-11;16;3773
17;2025-12-11;17;4527
17;2025-12-11;18;4843
17;2025-12-11;19;3423
17;2025-12-11;20;2383
17;2025-12-11;21;1507
17;2025-12-11;22;816
17;2025-12-11;23;388
17;2025-12-12;0;133
17;2025-12-12;1;13
17;2025-12-12;2;0
17;2025-12-12;3;0
17;2025-12-12;4;26
17;2025-12-12;5;316
17;2025-12-12;6;1516
17;2025-12-12;7;3988
17;2025-12-12;8;5267
17;2025-12-12;9;3775
17;2025-12-12;10;2999
17;2025-12-12;11;2976
17;2025-12-12;12;3039
17;2025-12-12;13;3123
17;2025-12-12;14;3207
17;2025-12-12;15;3456
17;2025-12-12;16;4005
17;2025-12-12;17;4592
17;2025-12-12;18;4597
17;2025-12-12;19;3319
17;2025-12-12;20;2353
17;2025-12-12;21;1543
17;2025-12-12;22;852
17;2025-12-12;23;423
17;2025-12-13;0;199
17;2025-12-13;1;23
17;2025-12-13;2;0
17;2025-12-13;3;0
17;2025-12-13;4;5
17;2025-12-13;5;125
17;2025-12-13;6;528
17;2025-12-13;7;1130
17;2025-12-13;8;1674
17;2025-12-13;9;2114
17;2025-12-13;10;2341
17;2025-12-13;11;2790
17;2025-12-13;12;3105
17;2025-12-13;13;3283
17;2025-12-13;14;3332
17;2025-12-13;15;3354
17;2025-12-13;16;3346
17;2025-12-13;17;3146
17;2025-12-13;18;2867
17;2025-12-13;19;2358
17;2025-12-13;20;1840
17;2025-12-13;21;1345
17;2025-12-13;22;833
17;2025-12-13;23;429
17;2025-12-14;0;169
17;2025-12-14;1;23
17;2025-12-14;2;1
17;2025-12-14;3;1
17;2025-12-14;4;4
17;2025-12-14;5;101
17;2025-12-14;6;407
17;2025-12-14;7;728
17;2025-12-14;8;1156
17;2025-12-14;9;1591
17;2025-12-14;10;1843
17;2025-12-14;11;2317
17;2025-12-14;12;2692
17;2025-12-14;13;2936
17;2025-12-14;14;3038
17;2025-12-14;15;3047
17;2025-12-14;16;3030
17;2025-12-14;17;2851
17;2025-12-14;18;2481
17;2025-12-14;19;1996
17;2025-12-14;20;1548
17;2025-12-14;21;1120
17;2025-12-14;22;698
17;2025-12-14;23;315
17;2025-12-15;0;111
17;2025-12-15;1;12
17;2025-12-15;2;0
17;2025-12-15;3;0
17;2025-12-15;4;26
17;2025-12-15;5;313
17;2025-12-15;6;1508
17;2025-12-15;7;3989
17;2025-12-15;8;5304
17;2025-12-15;9;3742
17;2025-12-15;10;2909
17;2025-12-15;11;2881
17;2025-12-15;12;2920
17;2025-12-15;13;2981
17;2025-12-15;14;3050
17;2025-12-15;15;3243
17;2025-12-15;16;3684
17;2025-12-15;17;4460
17;2025-12-15;18;4811
17;2025-12-15;19;3372
17;2025-12-15;20;2319
17;2025-12-15;21;1421
17;2025-12-15;22;760
17;2025-12-15;23;350
17;2025-12-16;0;117
17;2025-12-16;1;11
17;2025-12-16;2;0
17;2025-12-16;3;0
17;2025-12-16;4;27
17;2025-12-16;5;320
17;2025-12-16;6;1542
17;2025-12-16;7;4077
17;2025-12-16;8;5406
17;2025-12-16;9;3839
17;2025-12-16;10;3001
17;2025-12-16;11;2922
17;2025-12-16;12;2992
17;2025-12-16;13;3035
17;2025-12-16;14;3147
17;2025-12-16;15;3267
17;2025-12-16;16;3706
17;2025-12-16;17;4533
17;2025-12-16;18;4871
17;2025-12-16;19;3421
17;2025-12-16;20;2367
17;2025-12-16;21;1458
17;2025-12-16;22;777
17;2025-12-16;23;366
17;2025-12-17;0;122
17;2025-12-17;1;11
17;2025-12-17;2;0
17;2025-12-17;3;0
17;2025-12-17;4;27
17;2025-12-17;5;321
17;2025-12-17;6;1532
17;2025-12-17;7;4034
17;2025-12-17;8;5331
17;2025-12-17;9;3791
17;2025-12-17;10;2998
17;2025-12-17;11;2959
17;2025-12-17;12;3002
17;2025-12-17;13;3074
17;2025-12-17;14;3155
17;2025-12-17;15;3319
17;2025-12-17;16;3733
17;2025-12-17;17;4519
17;2025-12-17;18;4850
17;2025-12-17;19;3411
17;2025-12-17;20;2359
17;2025-12-17;21;1500
17;2025-12-17;22;804
17;2025-12-17;23;382
17;2025-12-18;0;128
17;2025-12-18;1;11
17;2025-12-18;2;0
17;2025-12-18;3;0
17;2025-12-18;4;26
17;2025-12-18;5;320
17;2025-12-18;6;1528
17;2025-12-18;7;4023
17;2025-12-18;8;5318
17;2025-12-18;9;3807
17;2025-12-18;10;3015
17;2025-12-18;11;2963
17;2025-12-18;12;3029
17;2025-12-18;13;3079
17;2025-12-18;14;3158
17;2025-12-18;15;3314
17;2025-12-18;16;3771
17;2025-12-18;17;4525
17;2025-12-18;18;4841
17;2025-12-18;19;3421
17;2025-12-18;20;2382
17;2025-12-18;21;1506
17;2025-12-18;22;816
17;2025-12-18;23;388
17;2025-12-19;0;133
17;2025-12-19;1;13
17;2025-12-19;2;0
17;2025-12-19;3;0
17;2025-12-19;4;26
17;2025-12-19;5;316
17;2025-12-19;6;1515
17;2025-12-19;7;3985
17;2025-12-19;8;5263
17;2025-12-19;9;3772
17;2025-12-19;10;2997
17;2025-12-19;11;2974
17;2025-12-19;12;3037
17;2025-12-19;13;3121
17;2025-12-19;14;3204
17;2025-12-19;15;3454
17;2025-12-19;16;4002
17;2025-12-19;17;4589
17;2025-12-19;18;4594
17;2025-12-19;19;3317
17;2025-12-19;20;2351
17;2025-12-19;21;1542
17;2025-12-19;22;852
17;2025-12-19;23;423
17;2025-12-20;0;199
17;2025-12-20;1;23
17;2025-12-20;2;0
17;2025-12-20;3;0
17;2025-12-20;4;5
17;2025-12-20;5;125
17;2025-12-20;6;527
17;2025-12-20;7;1128
17;2025-12-20;8;1671
17;2025-12-20;9;2111
17;2025-12-20;10;2337
17;2025-12-20;11;2786
17;2025-12-20;12;3100
17;2025-12-20;13;3278
17;2025-12-20;14;3327
17;2025-12-20;15;3349
17;2025-12-20;16;3340
17;2025-12-20;17;3141
17;2025-12-20;18;2862
17;2025-12-20;19;2354
17;2025-12-20;20;1837
17;2025-12-20;21;1343
17;2025-12-20;22;832
17;2025-12-20;23;429
17;2025-12-21;0;169
17;2025-12-21;1;23
17;2025-12-21;2;1
17;2025-12-21;3;1
17;2025-12-21;4;4
17;2025-12-21;5;101
17;2025-12-21;6;407
17;2025-12-21;7;728
17;2025-12-21;8;1155
17;2025-12-21;9;1590
17;2025-12-21;10;1842
17;2025-12-21;11;2316
17;2025-12-21;12;2691
17;2025-12-21;13;2935
17;2025-12-21;14;3037
17;2025-12-21;15;3045
17;2025-12-21;16;3029
17;2025-12-21;17;2850
17;2025-12-21;18;2480
17;2025-12-21;19;1995
17;2025-12-21;20;1547
17;2025-12-21;21;1119
17;2025-12-21;22;698
17;2025-12-21;23;315
17;2025-12-22;0;111
17;2025-12-22;1;12
17;2025-12-22;2;0
17;2025-12-22;3;0
17;2025-12-22;4;26
17;2025-12-22;5;313
17;2025-12-22;6;1507
17;2025-12-22;7;3987
17;2025-12-22;8;5301
17;2025-12-22;9;3740
17;2025-12-22;10;2908
17;2025-12-22;11;2880
17;2025-12-22;12;2919
17;2025-12-22;13;2979
17;2025-12-22;14;3049
17;2025-12-22;15;3242
17;2025-12-22;16;3682
17;2025-12-22;17;4458
17;2025-12-22;18;4808
17;2025-12-22;19;3370
17;2025-12-22;20;2318
17;2025-12-22;21;1421
17;2025-12-22;22;760
17;2025-12-22;23;350
17;2025-12-23;0;116
17;2025-12-23;1;11
17;2025-12-23;2;0
17;2025-12-23;3;0
17;2025-12-23;4;27
17;2025-12-23;5;320
17;2025-12-23;6;1541
17;2025-12-23;7;4075
17;2025-12-23;8;5403
17;2025-12-23;9;3837
17;2025-12-23;10;3000
17;2025-12-23;11;2920
17;2025-12-23;12;2990
17;2025-12-23;13;3033
17;2025-12-23;14;3146
17;2025-12-23;15;3265
17;2025-12-23;16;3704
17;2025-12-23;17;4531
17;2025-12-23;18;4868
17;2025-12-23;19;3419
17;2025-12-23;20;2366
17;2025-12-23;21;1457
17;2025-12-23;22;777
17;2025-12-23;23;366
17;2025-12-24;0;122
17;2025-12-24;1;10
17;2025-12-24;2;0
17;2025-12-24;3;0
17;2025-12-24;4;27
17;2025-12-24;5;321
17;2025-12-24;6;1531
17;2025-12-24;7;4032
17;2025-12-24;8;5329
17;2025-12-24;9;3789
17;2025-12-24;10;2996
17;2025-12-24;11;2958
17;2025-12-24;12;3000
17;2025-12-24;13;3073
17;2025-12-24;14;3154
17;2025-12-24;15;3317
17;2025-12-24;16;3731
17;2025-12-24;17;4517
17;2025-12-24;18;4847
17;2025-12-24;19;3409
17;2025-12-24;20;2358
17;2025-12-24;21;1499
17;2025-12-24;22;803
17;2025-12-24;23;382
17;2025-12-25;0;128
17;2025-12-25;1;11
17;2025-12-25;2;0
17;2025-12-25;3;0
17;2025-12-25;4;26
17;2025-12-25;5;319
17;2025-12-25;6;1527
17;2025-12-25;7;4021
17;2025-12-25;8;5315
17;2025-12-25;9;3805
17;2025-12-25;10;3013
17;2025-12-25;11;2961
17;2025-12-25;12;3028
17;2025-12-25;13;3078
17;2025-12-25;14;3157
17;2025-12-25;15;3312
17;2025-12-25;16;3769
17;2025-12-25;17;4522
17;2025-12-25;18;4839
17;2025-12-25;19;3419
17;2025-12-25;20;2381
17;2025-12-25;21;1506
17;2025-12-25;22;815
17;2025-12-25;23;388
17;2025-12-26;0;133
17;2025-12-26;1;13
17;2025-12-26;2;0
17;2025-12-26;3;0
17;2025-12-26;4;26
17;2025-12-26;5;316
17;2025-12-26;6;1514
17;2025-12-26;7;3983
17;2025-12-26;8;5261
17;2025-12-26;9;3771
17;2025-12-26;10;2996
17;2025-12-26;11;2973
17;2025-12-26;12;3036
17;2025-12-26;13;3120
17;2025-12-26;14;3203
17;2025-12-26;15;3452
17;2025-12-26;16;4000
17;2025-12-26;17;4587
17;2025-12-26;18;4592
17;2025-12-26;19;3316
17;2025-12-26;20;2350
17;2025-12-26;21;1541
17;2025-12-26;22;851
17;2025-12-26;23;423
17;2025-12-27;0;199
17;2025-12-27;1;22
17;2025-12-27;2;0
17;2025-12-27;3;0
17;2025-12-27;4;5
17;2025-12-27;5;125
17;2025-12-27;6;527
17;2025-12-27;7;1127
17;2025-12-27;8;1669
17;2025-12-27;9;2108
17;2025-12-27;10;2334
17;2025-12-27;11;2782
17;2025-12-27;12;3096
17;2025-12-27;13;3274
17;2025-12-27;14;3323
17;2025-12-27;15;3345
17;2025-12-27;16;3336
17;2025-12-27;17;3137
17;2025-12-27;18;2859
17;2025-12-27;19;2352
17;2025-12-27;20;1834
17;2025-12-27;21;1342
17;2025-12-27;22;831
17;2025-12-27;23;428
17;2025-12-28;0;169
17;2025-12-28;1;23
17;2025-12-28;2;1
17;2025-12-28;3;1
17;2025-12-28;4;4
17;2025-12-28;5;101
17;2025-12-28;6;407
17;2025-12-28;7;727
17;2025-12-28;8;1155
17;2025-12-28;9;1589
17;2025-12-28;10;1841
17;2025-12-28;11;2315
17;2025-12-28;12;2690
17;2025-12-28;13;2934
17;2025-12-28;14;3036
17;2025-12-28;15;3044
17;2025-12-28;16;3027
17;2025-12-28;17;2849
17;2025-12-28;18;2479
17;2025-12-28;19;1994
17;2025-12-28;20;1546
17;2025-12-28;21;1119
17;2025-12-28;22;698
17;2025-12-28;23;315
17;2025-12-29;0;111
17;2025-12-29;1;12
17;2025-12-29;2;0
17;2025-12-29;3;0
17;2025-12-29;4;26
17;2025-12-29;5;313
17;2025-12-29;6;1506
17;2025-12-29;7;3985
17;2025-12-29;8;5299
17;2025-12-29;9;3738
17;2025-12-29;10;2906
17;2025-12-29;11;2879
17;2025-12-29;12;2917
17;2025-12-29;13;2978
17;2025-12-29;14;3047
17;2025-12-29;15;3240
17;2025-12-29;16;3680
17;2025-12-29;17;4456
17;2025-12-29;18;4806
17;2025-12-29;19;3369
17;2025-12-29;20;2317
17;2025-12-29;21;1420
17;2025-12-29;22;759
17;2025-12-29;23;350
17;2025-12-30;0;116
17;2025-12-30;1;11
17;2025-12-30;2;0
17;2025-12-30;3;0
17;2025-12-30;4;27
17;2025-12-30;5;320
17;2025-12-30;6;1540
17;2025-12-30;7;4073
17;2025-12-30;8;5401
17;2025-12-30;9;3835
17;2025-12-30;10;2999
17;2025-12-30;11;2919
17;2025-12-30;12;2989
17;2025-12-30;13;3032
17;2025-12-30;14;3144
17;2025-12-30;15;3264
17;2025-12-30;16;3702
17;2025-12-30;17;4529
17;2025-12-30;18;4866
17;2025-12-30;19;3417
17;2025-12-30;20;2365
17;2025-12-30;21;1457
17;2025-12-30;22;776
17;2025-12-30;23;366
17;2025-12-31;0;164
17;2025-12-31;1;23
17;2025-12-31;2;1
17;2025-12-31;3;1
17;2025-12-31;4;4
17;2025-12-31;5;101
17;2025-12-31;6;407
17;2025-12-31;7;731
17;2025-12-31;8;1148
17;2025-12-31;9;1568
17;2025-12-31;10;1805
17;2025-12-31;11;2249
17;2025-12-31;12;2639
17;2025-12-31;13;2899
17;2025-12-31;14;3002
17;2025-12-31;15;3034
17;2025-12-31;16;3025
17;2025-12-31;17;2854
17;2025-12-31;18;2488
17;2025-12-31;19;2013
17;2025-12-31;20;1563
17;2025-12-31;21;1138
17;2025-12-31;22;718
17;2025-12-31;23;325
25;2025-11-01;0;2
25;2025-11-01;1;0
25;2025-11-01;2;0
25;2025-11-01;3;0
25;2025-11-01;4;0
25;2025-11-01;5;5
25;2025-11-01;6;183
25;2025-11-01;7;556
25;2025-11-01;8;939
25;2025-11-01;9;493
25;2025-11-01;10;380
25;2025-11-01;11;437
25;2025-11-01;12;419
25;2025-11-01;13;540
25;2025-11-01;14;473
25;2025-11-01;15;559
25;2025-11-01;16;708
25;2025-11-01;17;771
25;2025-11-01;18;786
25;2025-11-01;19;517
25;2025-11-01;20;326
25;2025-11-01;21;215
25;2025-11-01;22;120
25;2025-11-01;23;9
25;2025-11-02;0;14
25;2025-11-02;1;0
25;2025-11-02;2;0
25;2025-11-02;3;0
25;2025-11-02;4;0
25;2025-11-02;5;3
25;2025-11-02;6;50
25;2025-11-02;7;96
25;2025-11-02;8;182
25;2025-11-02;9;202
25;2025-11-02;10;218
25;2025-11-02;11;286
25;2025-11-02;12;337
25;2025-11-02;13;435
25;2025-11-02;14;470
25;2025-11-02;15;562
25;2025-11-02;16;481
25;2025-11-02;17;440
25;2025-11-02;18;395
25;2025-11-02;19;333
25;2025-11-02;20;221
25;2025-11-02;21;179
25;2025-11-02;22;105
25;2025-11-02;23;39
25;2025-11-03;0;13
25;2025-11-03;1;0
25;2025-11-03;2;0
25;2025-11-03;3;0
25;2025-11-03;4;0
25;2025-11-03;5;2
25;2025-11-03;6;48
25;2025-11-03;7;95
25;2025-11-03;8;175
25;2025-11-03;9;193
25;2025-11-03;10;212
25;2025-11-03;11;271
25;2025-11-03;12;323
25;2025-11-03;13;413
25;2025-11-03;14;450
25;2025-11-03;15;546
25;2025-11-03;16;470
25;2025-11-03;17;432
25;2025-11-03;18;383
25;2025-11-03;19;327
25;2025-11-03;20;225
25;2025-11-03;21;181
25;2025-11-03;22;105
25;2025-11-03;23;40
25;2025-11-04;0;13
25;2025-11-04;1;0
25;2025-11-04;2;0
25;2025-11-04;3;0
25;2025-11-04;4;0
25;2025-11-04;5;2
25;2025-11-04;6;48
25;2025-11-04;7;95
25;2025-11-04;8;175
25;2025-11-04;9;193
25;2025-11-04;10;212
25;2025-11-04;11;271
25;2025-11-04;12;323
25;2025-11-04;13;413
25;2025-11-04;14;450
25;2025-11-04;15;546
25;2025-11-04;16;469
25;2025-11-04;17;432
25;2025-11-04;18;383
25;2025-11-04;19;327
25;2025-11-04;20;225
25;2025-11-04;21;181
25;2025-11-04;22;105
25;2025-11-04;23;40
25;2025-11-05;0;2
25;2025-11-05;1;0
25;2025-11-05;2;0
25;2025-11-05;3;0
25;2025-11-05;4;0
25;2025-11-05;5;6
25;2025-11-05;6;183
25;2025-11-05;7;547
25;2025-11-05;8;935
25;2025-11-05;9;490
25;2025-11-05;10;374
25;2025-11-05;11;435
25;2025-11-05;12;426
25;2025-11-05;13;552
25;2025-11-05;14;466
25;2025-11-05;15;551
25;2025-11-05;16;690
25;2025-11-05;17;762
25;2025-11-05;18;795
25;2025-11-05;19;515
25;2025-11-05;20;334
25;2025-11-05;21;216
25;2025-11-05;22;119
25;2025-11-05;23;8
25;2025-11-06;0;1
25;2025-11-06;1;0
25;2025-11-06;2;0
25;2025-11-06;3;0
25;2025-11-06;4;0
25;2025-11-06;5;6
25;2025-11-06;6;178
25;2025-11-06;7;540
25;2025-11-06;8;927
25;2025-11-06;9;477
25;2025-11-06;10;378
25;2025-11-06;11;423
25;2025-11-06;12;412
25;2025-11-06;13;527
25;2025-11-06;14;474
25;2025-11-06;15;562
25;2025-11-06;16;684
25;2025-11-06;17;762
25;2025-11-06;18;775
25;2025-11-06;19;515
25;2025-11-06;20;319
25;2025-11-06;21;215
25;2025-11-06;22;120
25;2025-11-06;23;10
25;2025-11-07;0;1
25;2025-11-07;1;0
25;2025-11-07;2;0
25;2025-11-07;3;0
25;2025-11-07;4;0
25;2025-11-07;5;5
25;2025-11-07;6;177
25;2025-11-07;7;537
25;2025-11-07;8;893
25;2025-11-07;9;472
25;2025-11-07;10;370
25;2025-11-07;11;436
25;2025-11-07;12;425
25;2025-11-07;13;542
25;2025-11-07;14;497
25;2025-11-07;15;590
25;2025-11-07;16;731
25;2025-11-07;17;776
25;2025-11-07;18;719
25;2025-11-07;19;497
25;2025-11-07;20;318
25;2025-11-07;21;218
25;2025-11-07;22;128
25;2025-11-07;23;12
25;2025-11-08;0;2
25;2025-11-08;1;0
25;2025-11-08;2;0
25;2025-11-08;3;0
25;2025-11-08;4;0
25;2025-11-08;5;3
25;2025-11-08;6;65
25;2025-11-08;7;139
25;2025-11-08;8;315
25;2025-11-08;9;285
25;2025-11-08;10;287
25;2025-11-08;11;392
25;2025-11-08;12;401
25;2025-11-08;13;542
25;2025-11-08;14;557
25;2025-11-08;15;649
25;2025-11-08;16;583
25;2025-11-08;17;498
25;2025-11-08;18;470
25;2025-11-08;19;423
25;2025-11-08;20;264
25;2025-11-08;21;216
25;2025-11-08;22;136
25;2025-11-08;23;53
25;2025-11-09;0;14
25;2025-11-09;1;0
25;2025-11-09;2;0
25;2025-11-09;3;0
25;2025-11-09;4;0
25;2025-11-09;5;3
25;2025-11-09;6;50
25;2025-11-09;7;96
25;2025-11-09;8;182
25;2025-11-09;9;201
25;2025-11-09;10;218
25;2025-11-09;11;286
25;2025-11-09;12;336
25;2025-11-09;13;434
25;2025-11-09;14;469
25;2025-11-09;15;560
25;2025-11-09;16;480
25;2025-11-09;17;439
25;2025-11-09;18;394
25;2025-11-09;19;332
25;2025-11-09;20;221
25;2025-11-09;21;179
25;2025-11-09;22;104
25;2025-11-09;23;39
25;2025-11-10;0;6
25;2025-11-10;1;0
25;2025-11-10;2;0
25;2025-11-10;3;0
25;2025-11-10;4;0
25;2025-11-10;5;5
25;2025-11-10;6;178
25;2025-11-10;7;548
25;2025-11-10;8;926
25;2025-11-10;9;485
25;2025-11-10;10;359
25;2025-11-10;11;418
25;2025-11-10;12;402
25;2025-11-10;13;533
25;2025-11-10;14;445
25;2025-11-10;15;533
25;2025-11-10;16;697
25;2025-11-10;17;757
25;2025-11-10;18;791
25;2025-11-10;19;508
25;2025-11-10;20;313
25;2025-11-10;21;208
25;2025-11-10;22;114
25;2025-11-10;23;10
25;2025-11-11;0;2
25;2025-11-11;1;0
25;2025-11-11;2;0
25;2025-11-11;3;0
25;2025-11-11;4;0
25;2025-11-11;5;5
25;2025-11-11;6;181
25;2025-11-11;7;551
25;2025-11-11;8;926
25;2025-11-11;9;496
25;2025-11-11;10;383
25;2025-11-11;11;436
25;2025-11-11;12;400
25;2025-11-11;13;509
25;2025-11-11;14;460
25;2025-11-11;15;546
25;2025-11-11;16;688
25;2025-11-11;17;746
25;2025-11-11;18;776
25;2025-11-11;19;517
25;2025-11-11;20;319
25;2025-11-11;21;210
25;2025-11-11;22;115
25;2025-11-11;23;10
25;2025-11-12;0;2
25;2025-11-12;1;0
25;2025-11-12;2;0
25;2025-11-12;3;0
25;2025-11-12;4;0
25;2025-11-12;5;6
25;2025-11-12;6;182
25;2025-11-12;7;545
25;2025-11-12;8;931
25;2025-11-12;9;489
25;2025-11-12;10;372
25;2025-11-12;11;433
25;2025-11-12;12;424
25;2025-11-12;13;550
25;2025-11-12;14;464
25;2025-11-12;15;549
25;2025-11-12;16;687
25;2025-11-12;17;759
25;2025-11-12;18;792
25;2025-11-12;19;513
25;2025-11-12;20;333
25;2025-11-12;21;215
25;2025-11-12;22;119
25;2025-11-12;23;8
25;2025-11-13;0;1
25;2025-11-13;1;0
25;2025-11-13;2;0
25;2025-11-13;3;0
25;2025-11-13;4;0
25;2025-11-13;5;6
25;2025-11-13;6;177
25;2025-11-13;7;539
25;2025-11-13;8;924
25;2025-11-13;9;476
25;2025-11-13;10;376
25;2025-11-13;11;422
25;2025-11-13;12;411
25;2025-11-13;13;526
25;2025-11-13;14;473
25;2025-11-13;15;560
25;2025-11-13;16;681
25;2025-11-13;17;760
25;2025-11-13;18;772
25;2025-11-13;19;513
25;2025-11-13;20;318
25;2025-11-13;21;214
25;2025-11-13;22;119
25;2025-11-13;23;10
25;2025-11-14;0;1
25;2025-11-14;1;0
25;2025-11-14;2;0
25;2025-11-14;3;0
25;2025-11-14;4;0
25;2025-11-14;5;5
25;2025-11-14;6;177
25;2025-11-14;7;536
25;2025-11-14;8;890
25;2025-11-14;9;471
25;2025-11-14;10;369
25;2025-11-14;11;434
25;2025-11-14;12;424
25;2025-11-14;13;540
25;2025-11-14;14;496
25;2025-11-14;15;588
25;2025-11-14;16;729
25;2025-11-14;17;774
25;2025-11-14;18;717
25;2025-11-14;19;495
25;2025-11-14;20;317
25;2025-11-14;21;218
25;2025-11-14;22;128
25;2025-11-14;23;12
25;2025-11-15;0;2
25;2025-11-15;1;0
25;2025-11-15;2;0
25;2025-11-15;3;0
25;2025-11-15;4;0
25;2025-11-15;5;3
25;2025-11-15;6;65
25;2025-11-15;7;138
25;2025-11-15;8;314
25;2025-11-15;9;284
25;2025-11-15;10;286
25;2025-11-15;11;390
25;2025-11-15;12;400
25;2025-11-15;13;540
25;2025-11-15;14;555
25;2025-11-15;15;647
25;2025-11-15;16;581
25;2025-11-15;17;496
25;2025-11-15;18;468
25;2025-11-15;19;422
25;2025-11-15;20;263
25;2025-11-15;21;215
25;2025-11-15;22;135
25;2025-11-15;23;53
25;2025-11-16;0;14
25;2025-11-16;1;0
25;2025-11-16;2;0
25;2025-11-16;3;0
25;2025-11-16;4;0
25;2025-11-16;5;3
25;2025-11-16;6;50
25;2025-11-16;7;95
25;2025-11-16;8;181
25;2025-11-16;9;201
25;2025-11-16;10;217
25;2025-11-16;11;285
25;2025-11-16;12;336
25;2025-11-16;13;433
25;2025-11-16;14;468
25;2025-11-16;15;559
25;2025-11-16;16;479
25;2025-11-16;17;438
25;2025-11-16;18;393
25;2025-11-16;19;331
25;2025-11-16;20;220
25;2025-11-16;21;178
25;2025-11-16;22;104
25;2025-11-16;23;39
25;2025-11-17;0;6
25;2025-11-17;1;0
25;2025-11-17;2;0
25;2025-11-17;3;0
25;2025-11-17;4;0
25;2025-11-17;5;5
25;2025-11-17;6;178
25;2025-11-17;7;546
25;2025-11-17;8;923
25;2025-11-17;9;483
25;2025-11-17;10;358
25;2025-11-17;11;416
25;2025-11-17;12;401
25;2025-11-17;13;531
25;2025-11-17;14;443
25;2025-11-17;15;531
25;2025-11-17;16;694
25;2025-11-17;17;755
25;2025-11-17;18;788
25;2025-11-17;19;506
25;2025-11-17;20;312
25;2025-11-17;21;207
25;2025-11-17;22;114
25;2025-11-17;23;10
25;2025-11-18;0;2
25;2025-11-18;1;0
25;2025-11-18;2;0
25;2025-11-18;3;0
25;2025-11-18;4;0
25;2025-11-18;5;5
25;2025-11-18;6;180
25;2025-11-18;7;550
25;2025-11-18;8;923
25;2025-11-18;9;495
25;2025-11-18;10;382
25;2025-11-18;11;435
25;2025-11-18;12;399
25;2025-11-18;13;507
25;2025-11-18;14;459
25;2025-11-18;15;544
25;2025-11-18;16;685
25;2025-11-18;17;743
25;2025-11-18;18;773
25;2025-11-18;19;515
25;2025-11-18;20;318
25;2025-11-18;21;209
25;2025-11-18;22;115
25;2025-11-18;23;10
25;2025-11-19;0;2
25;2025-11-19;1;0
25;2025-11-19;2;0
25;2025-11-19;3;0
25;2025-11-19;4;0
25;2025-11-19;5;6
25;2025-11-19;6;182
25;2025-11-19;7;544
25;2025-11-19;8;928
25;2025-11-19;9;487
25;2025-11-19;10;371
25;2025-11-19;11;432
25;2025-11-19;12;423
25;2025-11-19;13;548
25;2025-11-19;14;462
25;2025-11-19;15;547
25;2025-11-19;16;685
25;2025-11-19;17;757
25;2025-11-19;18;789
25;2025-11-19;19;511
25;2025-11-19;20;332
25;2025-11-19;21;214
25;2025-11-19;22;118
25;2025-11-19;23;8
25;2025-11-20;0;1
25;2025-11-20;1;0
25;2025-11-20;2;0
25;2025-11-20;3;0
25;2025-11-20;4;0
25;2025-11-20;5;6
25;2025-11-20;6;176
25;2025-11-20;7;537
25;2025-11-20;8;921
25;2025-11-20;9;474
25;2025-11-20;10;375
25;2025-11-20;11;421
25;2025-11-20;12;409
25;2025-11-20;13;524
25;2025-11-20;14;471
25;2025-11-20;15;558
25;2025-11-20;16;679
25;2025-11-20;17;757
25;2025-11-20;18;770
25;2025-11-20;19;511
25;2025-11-20;20;317
25;2025-11-20;21;213
25;2025-11-20;22;119
25;2025-11-20;23;10
25;2025-11-21;0;1
25;2025-11-21;1;0
25;2025-11-21;2;0
25;2025-11-21;3;0
25;2025-11-21;4;0
25;2025-11-21;5;5
25;2025-11-21;6;176
25;2025-11-21;7;534
25;2025-11-21;8;888
25;2025-11-21;9;469
25;2025-11-21;10;368
25;2025-11-21;11;433
25;2025-11-21;12;423
25;2025-11-21;13;538
25;2025-11-21;14;494
25;2025-11-21;15;586
25;2025-11-21;16;726
25;2025-11-21;17;771
25;2025-11-21;18;715
25;2025-11-21;19;494
25;2025-11-21;20;316
25;2025-11-21;21;217
25;2025-11-21;22;128
25;2025-11-21;23;12
25;2025-11-22;0;2
25;2025-11-22;1;0
25;2025-11-22;2;0
25;2025-11-22;3;0
25;2025-11-22;4;0
25;2025-11-22;5;3
25;2025-11-22;6;65
25;2025-11-22;7;138
25;2025-11-22;8;313
25;2025-11-22;9;283
25;2025-11-22;10;285
25;2025-11-22;11;389
25;2025-11-22;12;399
25;2025-11-22;13;539
25;2025-11-22;14;553
25;2025-11-22;15;645
25;2025-11-22;16;579
25;2025-11-22;17;495
25;2025-11-22;18;467
25;2025-11-22;19;420
25;2025-11-22;20;262
25;2025-11-22;21;214
25;2025-11-22;22;135
25;2025-11-22;23;53
25;2025-11-23;0;14
25;2025-11-23;1;0
25;2025-11-23;2;0
25;2025-11-23;3;0
25;2025-11-23;4;0
25;2025-11-23;5;3
25;2025-11-23;6;50
25;2025-11-23;7;95
25;2025-11-23;8;181
25;2025-11-23;9;200
25;2025-11-23;10;217
25;2025-11-23;11;285
25;2025-11-23;12;335
25;2025-11-23;13;432
25;2025-11-23;14;467
25;2025-11-23;15;558
25;2025-11-23;16;478
25;2025-11-23;17;437
25;2025-11-23;18;392
25;2025-11-23;19;331
25;2025-11-23;20;220
25;2025-11-23;21;178
25;2025-11-23;22;104
25;2025-11-23;23;39
25;2025-11-24;0;6
25;2025-11-24;1;0
25;2025-11-24;2;0
25;2025-11-24;3;0
25;2025-11-24;4;0
25;2025-11-24;5;5
25;2025-11-24;6;177
25;2025-11-24;7;545
25;2025-11-24;8;920
25;2025-11-24;9;482
25;2025-11-24;10;357
25;2025-11-24;11;415
25;2025-11-24;12;400
25;2025-11-24;13;530
25;2025-11-24;14;442
25;2025-11-24;15;529
25;2025-11-24;16;692
25;2025-11-24;17;753
25;2025-11-24;18;786
25;2025-11-24;19;505
25;2025-11-24;20;312
25;2025-11-24;21;207
25;2025-11-24;22;114
25;2025-11-24;23;10
25;2025-11-25;0;2
25;2025-11-25;1;0
25;2025-11-25;2;0
25;2025-11-25;3;0
25;2025-11-25;4;0
25;2025-11-25;5;5
25;2025-11-25;6;179
25;2025-11-25;7;548
25;2025-11-25;8;920
25;2025-11-25;9;493
25;2025-11-25;10;380
25;2025-11-25;11;434
25;2025-11-25;12;397
25;2025-11-25;13;506
25;2025-11-25;14;457
25;2025-11-25;15;543
25;2025-11-25;16;683
25;2025-11-25;17;741
25;2025-11-25;18;771
25;2025-11-25;19;513
25;2025-11-25;20;317
25;2025-11-25;21;208
25;2025-11-25;22;114
25;2025-11-25;23;10
25;2025-11-26;0;2
25;2025-11-26;1;0
25;2025-11-26;2;0
25;2025-11-26;3;0
25;2025-11-26;4;0
25;2025-11-26;5;6
25;2025-11-26;6;181
25;2025-11-26;7;542
25;2025-11-26;8;926
25;2025-11-26;9;486
25;2025-11-26;10;370
25;2025-11-26;11;431
25;2025-11-26;12;422
25;2025-11-26;13;547
25;2025-11-26;14;461
25;2025-11-26;15;546
25;2025-11-26;16;683
25;2025-11-26;17;754
25;2025-11-26;18;787
25;2025-11-26;19;510
25;2025-11-26;20;331
25;2025-11-26;21;214
25;2025-11-26;22;118
25;2025-11-26;23;8
25;2025-11-27;0;1
25;2025-11-27;1;0
25;2025-11-27;2;0
25;2025-11-27;3;0
25;2025-11-27;4;0
25;2025-11-27;5;6
25;2025-11-27;6;176
25;2025-11-27;7;535
25;2025-11-27;8;918
25;2025-11-27;9;473
25;2025-11-27;10;374
25;2025-11-27;11;419
25;2025-11-27;12;408
25;2025-11-27;13;522
25;2025-11-27;14;470
25;2025-11-27;15;557
25;2025-11-27;16;677
25;2025-11-27;17;755
25;2025-11-27;18;767
25;2025-11-27;19;510
25;2025-11-27;20;316
25;2025-11-27;21;213
25;2025-11-27;22;118
25;2025-11-27;23;10
25;2025-11-28;0;1
25;2025-11-28;1;0
25;2025-11-28;2;0
25;2025-11-28;3;0
25;2025-11-28;4;0
25;2025-11-28;5;5
25;2025-11-28;6;176
25;2025-11-28;7;532
25;2025-11-28;8;885
25;2025-11-28;9;468
25;2025-11-28;10;367
25;2025-11-28;11;432
25;2025-11-28;12;421
25;2025-11-28;13;537
25;2025-11-28;14;493
25;2025-11-28;15;584
25;2025-11-28;16;724
25;2025-11-28;17;769
25;2025-11-28;18;712
25;2025-11-28;19;492
25;2025-11-28;20;315
25;2025-11-28;21;216
25;2025-11-28;22;127
25;2025-11-28;23;12
25;2025-11-29;0;2
25;2025-11-29;1;0
25;2025-11-29;2;0
25;2025-11-29;3;0
25;2025-11-29;4;0
25;2025-11-29;5;3
25;2025-11-29;6;65
25;2025-11-29;7;137
25;2025-11-29;8;312
25;2025-11-29;9;282
25;2025-11-29;10;284
25;2025-11-29;11;388
25;2025-11-29;12;397
25;2025-11-29;13;537
25;2025-11-29;14;552
25;2025-11-29;15;643
25;2025-11-29;16;577
25;2025-11-29;17;493
25;2025-11-29;18;465
25;2025-11-29;19;419
25;2025-11-29;20;261
25;2025-11-29;21;213
25;2025-11-29;22;134
25;2025-11-29;23;53
25;2025-11-30;0;14
25;2025-11-30;1;0
25;2025-11-30;2;0
25;2025-11-30;3;0
25;2025-11-30;4;0
25;2025-11-30;5;3
25;2025-11-30;6;50
25;2025-11-30;7;95
25;2025-11-30;8;181
25;2025-11-30;9;200
25;2025-11-30;10;217
25;2025-11-30;11;284
25;2025-11-30;12;334
25;2025-11-30;13;432
25;2025-11-30;14;467
25;2025-11-30;15;557
25;2025-11-30;16;477
25;2025-11-30;17;436
25;2025-11-30;18;391
25;2025-11-30;19;330
25;2025-11-30;20;219
25;2025-11-30;21;178
25;2025-11-30;22;104
25;2025-11-30;23;39
25;2025-12-01;0;6
25;2025-12-01;1;0
25;2025-12-01;2;0
25;2025-12-01;3;0
25;2025-12-01;4;0
25;2025-12-01;5;5
25;2025-12-01;6;177
25;2025-12-01;7;543
25;2025-12-01;8;918
25;2025-12-01;9;480
25;2025-12-01;10;356
25;2025-12-01;11;414
25;2025-12-01;12;399
25;2025-12-01;13;528
25;2025-12-01;14;441
25;2025-12-01;15;528
25;2025-12-01;16;691
25;2025-12-01;17;751
25;2025-12-01;18;784
25;2025-12-01;19;504
25;2025-12-01;20;311
25;2025-12-01;21;206
25;2025-12-01;22;113
25;2025-12-01;23;10
25;2025-12-02;0;2
25;2025-12-02;1;0
25;2025-12-02;2;0
25;2025-12-02;3;0
25;2025-12-02;4;0
25;2025-12-02;5;5
25;2025-12-02;6;179
25;2025-12-02;7;546
25;2025-12-02;8;918
25;2025-12-02;9;492
25;2025-12-02;10;379
25;2025-12-02;11;432
25;2025-12-02;12;396
25;2025-12-02;13;504
25;2025-12-02;14;456
25;2025-12-02;15;541
25;2025-12-02;16;681
25;2025-12-02;17;739
25;2025-12-02;18;769
25;2025-12-02;19;512
25;2025-12-02;20;316
25;2025-12-02;21;208
25;2025-12-02;22;114
25;2025-12-02;23;10
25;2025-12-03;0;2
25;2025-12-03;1;0
25;2025-12-03;2;0
25;2025-12-03;3;0
25;2025-12-03;4;0
25;2025-12-03;5;6
25;2025-12-03;6;181
25;2025-12-03;7;540
25;2025-12-03;8;923
25;2025-12-03;9;484
25;2025-12-03;10;369
25;2025-12-03;11;429
25;2025-12-03;12;420
25;2025-12-03;13;545
25;2025-12-03;14;460
25;2025-12-03;15;544
25;2025-12-03;16;681
25;2025-12-03;17;752
25;2025-12-03;18;785
25;2025-12-03;19;508
25;2025-12-03;20;330
25;2025-12-03;21;213
25;2025-12-03;22;118
25;2025-12-03;23;8
25;2025-12-04;0;1
25;2025-12-04;1;0
25;2025-12-04;2;0
25;2025-12-04;3;0
25;2025-12-04;4;0
25;2025-12-04;5;6
25;2025-12-04;6;175
25;2025-12-04;7;534
25;2025-12-04;8;916
25;2025-12-04;9;471
25;2025-12-04;10;373
25;2025-12-04;11;418
25;2025-12-04;12;407
25;2025-12-04;13;521
25;2025-12-04;14;468
25;2025-12-04;15;555
25;2025-12-04;16;675
25;2025-12-04;17;753
25;2025-12-04;18;765
25;2025-12-04;19;508
25;2025-12-04;20;315
25;2025-12-04;21;212
25;2025-12-04;22;118
25;2025-12-04;23;10
25;2025-12-05;0;1
25;2025-12-05;1;0
25;2025-12-05;2;0
25;2025-12-05;3;0
25;2025-12-05;4;0
25;2025-12-05;5;5
25;2025-12-05;6;175
25;2025-12-05;7;531
25;2025-12-05;8;882
25;2025-12-05;9;467
25;2025-12-05;10;365
25;2025-12-05;11;431
25;2025-12-05;12;420
25;2025-12-05;13;535
25;2025-12-05;14;491
25;2025-12-05;15;583
25;2025-12-05;16;722
25;2025-12-05;17;767
25;2025-12-05;18;710
25;2025-12-05;19;491
25;2025-12-05;20;314
25;2025-12-05;21;216
25;2025-12-05;22;127
25;2025-12-05;23;12
25;2025-12-06;0;2
25;2025-12-06;1;0
25;2025-12-06;2;0
25;2025-12-06;3;0
25;2025-12-06;4;0
25;2025-12-06;5;3
25;2025-12-06;6;64
25;2025-12-06;7;137
25;2025-12-06;8;311
25;2025-12-06;9;281
25;2025-12-06;10;283
25;2025-12-06;11;386
25;2025-12-06;12;396
25;2025-12-06;13;535
25;2025-12-06;14;550
25;2025-12-06;15;641
25;2025-12-06;16;576
25;2025-12-06;17;492
25;2025-12-06;18;464
25;2025-12-06;19;418
25;2025-12-06;20;260
25;2025-12-06;21;213
25;2025-12-06;22;134
25;2025-12-06;23;52
25;2025-12-07;0;14
25;2025-12-07;1;0
25;2025-12-07;2;0
25;2025-12-07;3;0
25;2025-12-07;4;0
25;2025-12-07;5;3
25;2025-12-07;6;50
25;2025-12-07;7;95
25;2025-12-07;8;180
25;2025-12-07;9;200
25;2025-12-07;10;216
25;2025-12-07;11;284
25;2025-12-07;12;334
25;2025-12-07;13;431
25;2025-12-07;14;466
25;2025-12-07;15;556
25;2025-12-07;16;476
25;2025-12-07;17;435
25;2025-12-07;18;391
25;2025-12-07;19;330
25;2025-12-07;20;219
25;2025-12-07;21;177
25;2025-12-07;22;104
25;2025-12-07;23;39
25;2025-12-08;0;6
25;2025-12-08;1;0
25;2025-12-08;2;0
25;2025-12-08;3;0
25;2025-12-08;4;0
25;2025-12-08;5;5
25;2025-12-08;6;176
25;2025-12-08;7;542
25;2025-12-08;8;915
25;2025-12-08;9;479
25;2025-12-08;10;355
25;2025-12-08;11;413
25;2025-12-08;12;398
25;2025-12-08;13;527
25;2025-12-08;14;440
25;2025-12-08;15;527
25;2025-12-08;16;689
25;2025-12-08;17;749
25;2025-12-08;18;782
25;2025-12-08;19;502
25;2025-12-08;20;310
25;2025-12-08;21;206
25;2025-12-08;22;113
25;2025-12-08;23;10
25;2025-12-09;0;2
25;2025-12-09;1;0
25;2025-12-09;2;0
25;2025-12-09;3;0
25;2025-12-09;4;0
25;2025-12-09;5;5
25;2025-12-09;6;178
25;2025-12-09;7;545
25;2025-12-09;8;915
25;2025-12-09;9;490
25;2025-12-09;10;378
25;2025-12-09;11;431
25;2025-12-09;12;395
25;2025-12-09;13;503
25;2025-12-09;14;455
25;2025-12-09;15;539
25;2025-12-09;16;679
25;2025-12-09;17;737
25;2025-12-09;18;767
25;2025-12-09;19;510
25;2025-12-09;20;315
25;2025-12-09;21;207
25;2025-12-09;22;114
25;2025-12-09;23;10
25;2025-12-10;0;2
25;2025-12-10;1;0
25;2025-12-10;2;0
25;2025-12-10;3;0
25;2025-12-10;4;0
25;2025-12-10;5;6
25;2025-12-10;6;180
25;2025-12-10;7;539
25;2025-12-10;8;920
25;2025-12-10;9;483
25;2025-12-10;10;368
25;2025-12-10;11;428
25;2025-12-10;12;419
25;2025-12-10;13;543
25;2025-12-10;14;458
25;2025-12-10;15;542
25;2025-12-10;16;679
25;2025-12-10;17;750
25;2025-12-10;18;783
25;2025-12-10;19;507
25;2025-12-10;20;329
25;2025-12-10;21;213
25;2025-12-10;22;117
25;2025-12-10;23;8
25;2025-12-11;0;1
25;2025-12-11;1;0
25;2025-12-11;2;0
25;2025-12-11;3;0
25;2025-12-11;4;0
25;2025-12-11;5;6
25;2025-12-11;6;175
25;2025-12-11;7;532
25;2025-12-11;8;913
25;2025-12-11;9;470
25;2025-12-11;10;372
25;2025-12-11;11;417
25;2025-12-11;12;406
25;2025-12-11;13;519
25;2025-12-11;14;467
25;2025-12-11;15;554
25;2025-12-11;16;673
25;2025-12-11;17;751
25;2025-12-11;18;763
25;2025-12-11;19;507
25;2025-12-11;20;314
25;2025-12-11;21;212
25;2025-12-11;22;118
25;2025-12-11;23;10
25;2025-12-12;0;1
25;2025-12-12;1;0
25;2025-12-12;2;0
25;2025-12-12;3;0
25;2025-12-12;4;0
25;2025-12-12;5;5
25;2025-12-12;6;175
25;2025-12-12;7;529
25;2025-12-12;8;880
25;2025-12-12;9;465
25;2025-12-12;10;364
25;2025-12-12;11;429
25;2025-12-12;12;419
25;2025-12-12;13;534
25;2025-12-12;14;490
25;2025-12-12;15;581
25;2025-12-12;16;720
25;2025-12-12;17;765
25;2025-12-12;18;709
25;2025-12-12;19;489
25;2025-12-12;20;313
25;2025-12-12;21;215
25;2025-12-12;22;127
25;2025-12-12;23;12
25;2025-12-13;0;2
25;2025-12-13;1;0
25;2025-12-13;2;0
25;2025-12-13;3;0
25;2025-12-13;4;0
25;2025-12-13;5;3
25;2025-12-13;6;64
25;2025-12-13;7;136
25;2025-12-13;8;310
25;2025-12-13;9;280
25;2025-12-13;10;282
25;2025-12-13;11;385
25;2025-12-13;12;395
25;2025-12-13;13;534
25;2025-12-13;14;548
25;2025-12-13;15;639
25;2025-12-13;16;574
25;2025-12-13;17;490
25;2025-12-13;18;462
25;2025-12-13;19;417
25;2025-12-13;20;259
25;2025-12-13;21;212
25;2025-12-13;22;133
25;2025-12-13;23;52
25;2025-12-14;0;14
25;2025-12-14;1;0
25;2025-12-14;2;0
25;2025-12-14;3;0
25;2025-12-14;4;0
25;2025-12-14;5;3
25;2025-12-14;6;50
25;2025-12-14;7;95
25;2025-12-14;8;180
25;2025-12-14;9;199
25;2025-12-14;10;216
25;2025-12-14;11;283
25;2025-12-14;12;333
25;2025-12-14;13;430
25;2025-12-14;14;465
25;2025-12-14;15;555
25;2025-12-14;16;475
25;2025-12-14;17;435
25;2025-12-14;18;390
25;2025-12-14;19;329
25;2025-12-14;20;219
25;2025-12-14;21;177
25;2025-12-14;22;103
25;2025-12-14;23;39
25;2025-12-15;0;6
25;2025-12-15;1;0
25;2025-12-15;2;0
25;2025-12-15;3;0
25;2025-12-15;4;0
25;2025-12-15;5;5
25;2025-12-15;6;176
25;2025-12-15;7;540
25;2025-12-15;8;913
25;2025-12-15;9;478
25;2025-12-15;10;354
25;2025-12-15;11;412
25;2025-12-15;12;397
25;2025-12-15;13;525
25;2025-12-15;14;439
25;2025-12-15;15;525
25;2025-12-15;16;687
25;2025-12-15;17;747
25;2025-12-15;18;780
25;2025-12-15;19;501
25;2025-12-15;20;309
25;2025-12-15;21;205
25;2025-12-15;22;113
25;2025-12-15;23;10
25;2025-12-16;0;2
25;2025-12-16;1;0
25;2025-12-16;2;0
25;2025-12-16;3;0
25;2025-12-16;4;0
25;2025-12-16;5;5
25;2025-12-16;6;178
25;2025-12-16;7;543
25;2025-12-16;8;913
25;2025-12-16;9;489
25;2025-12-16;10;377
25;2025-12-16;11;430
25;2025-12-16;12;394
25;2025-12-16;13;502
25;2025-12-16;14;454
25;2025-12-16;15;538
25;2025-12-16;16;678
25;2025-12-16;17;735
25;2025-12-16;18;765
25;2025-12-16;19;509
25;2025-12-16;20;315
25;2025-12-16;21;206
25;2025-12-16;22;113
25;2025-12-16;23;10
25;2025-12-17;0;2
25;2025-12-17;1;0
25;2025-12-17;2;0
25;2025-12-17;3;0
25;2025-12-17;4;0
25;2025-12-17;5;6
25;2025-12-17;6;180
25;2025-12-17;7;537
25;2025-12-17;8;918
25;2025-12-17;9;482
25;2025-12-17;10;367
25;2025-12-17;11;427
25;2025-12-17;12;418
25;2025-12-17;13;542
25;2025-12-17;14;457
25;2025-12-17;15;541
25;2025-12-17;16;677
25;2025-12-17;17;748
25;2025-12-17;18;781
25;2025-12-17;19;505
25;2025-12-17;20;328
25;2025-12-17;21;212
25;2025-12-17;22;117
25;2025-12-17;23;8
25;2025-12-18;0;1
25;2025-12-18;1;0
25;2025-12-18;2;0
25;2025-12-18;3;0
25;2025-12-18;4;0
25;2025-12-18;5;6
25;2025-12-18;6;174
25;2025-12-18;7;531
25;2025-12-18;8;911
25;2025-12-18;9;469
25;2025-12-18;10;371
25;2025-12-18;11;416
25;2025-12-18;12;405
25;2025-12-18;13;518
25;2025-12-18;14;466
25;2025-12-18;15;552
25;2025-12-18;16;671
25;2025-12-18;17;749
25;2025-12-18;18;761
25;2025-12-18;19;505
25;2025-12-18;20;313
25;2025-12-18;21;211
25;2025-12-18;22;118
25;2025-12-18;23;10
25;2025-12-19;0;1
25;2025-12-19;1;0
25;2025-12-19;2;0
25;2025-12-19;3;0
25;2025-12-19;4;0
25;2025-12-19;5;5
25;2025-12-19;6;174
25;2025-12-19;7;528
25;2025-12-19;8;878
25;2025-12-19;9;464
25;2025-12-19;10;364
25;2025-12-19;11;428
25;2025-12-19;12;418
25;2025-12-19;13;533
25;2025-12-19;14;489
25;2025-12-19;15;579
25;2025-12-19;16;718
25;2025-12-19;17;763
25;2025-12-19;18;707
25;2025-12-19;19;488
25;2025-12-19;20;312
25;2025-12-19;21;214
25;2025-12-19;22;126
25;2025-12-19;23;12
25;2025-12-20;0;2
25;2025-12-20;1;0
25;2025-12-20;2;0
25;2025-12-20;3;0
25;2025-12-20;4;0
25;2025-12-20;5;3
25;2025-12-20;6;64
25;2025-12-20;7;136
25;2025-12-20;8;309
25;2025-12-20;9;279
25;2025-12-20;10;281
25;2025-12-20;11;384
25;2025-12-20;12;394
25;2025-12-20;13;532
25;2025-12-20;14;547
25;2025-12-20;15;637
25;2025-12-20;16;572
25;2025-12-20;17;489
25;2025-12-20;18;461
25;2025-12-20;19;415
25;2025-12-20;20;259
25;2025-12-20;21;211
25;2025-12-20;22;133
25;2025-12-20;23;52
25;2025-12-21;0;14
25;2025-12-21;1;0
25;2025-12-21;2;0
25;2025-12-21;3;0
25;2025-12-21;4;0
25;2025-12-21;5;3
25;2025-12-21;6;50
25;2025-12-21;7;95
25;2025-12-21;8;180
25;2025-12-21;9;199
25;2025-12-21;10;216
25;2025-12-21;11;283
25;2025-12-21;12;333
25;2025-12-21;13;429
25;2025-12-21;14;464
25;2025-12-21;15;554
25;2025-12-21;16;475
25;2025-12-21;17;434
25;2025-12-21;18;389
25;2025-12-21;19;328
25;2025-12-21;20;218
25;2025-12-21;21;177
25;2025-12-21;22;103
25;2025-12-21;23;38
25;2025-12-22;0;6
25;2025-12-22;1;0
25;2025-12-22;2;0
25;2025-12-22;3;0
25;2025-12-22;4;0
25;2025-12-22;5;5
25;2025-12-22;6;175
25;2025-12-22;7;539
25;2025-12-22;8;911
25;2025-12-22;9;476
25;2025-12-22;10;353
25;2025-12-22;11;411
25;2025-12-22;12;396
25;2025-12-22;13;524
25;2025-12-22;14;437
25;2025-12-22;15;524
25;2025-12-22;16;685
25;2025-12-22;17;745
25;2025-12-22;18;778
25;2025-12-22;19;500
25;2025-12-22;20;308
25;2025-12-22;21;205
25;2025-12-22;22;113
25;2025-12-22;23;10
25;2025-12-23;0;2
25;2025-12-23;1;0
25;2025-12-23;2;0
25;2025-12-23;3;0
25;2025-12-23;4;0
25;2025-12-23;5;5
25;2025-12-23;6;177
25;2025-12-23;7;542
25;2025-12-23;8;911
25;2025-12-23;9;488
25;2025-12-23;10;376
25;2025-12-23;11;429
25;2025-12-23;12;393
25;2025-12-23;13;500
25;2025-12-23;14;452
25;2025-12-23;15;537
25;2025-12-23;16;676
25;2025-12-23;17;733
25;2025-12-23;18;763
25;2025-12-23;19;508
25;2025-12-23;20;314
25;2025-12-23;21;206
25;2025-12-23;22;113
25;2025-12-23;23;10
25;2025-12-24;0;2
25;2025-12-24;1;0
25;2025-12-24;2;0
25;2025-12-24;3;0
25;2025-12-24;4;0
25;2025-12-24;5;5
25;2025-12-24;6;179
25;2025-12-24;7;536
25;2025-12-24;8;916
25;2025-12-24;9;480
25;2025-12-24;10;366
25;2025-12-24;11;426
25;2025-12-24;12;417
25;2025-12-24;13;541
25;2025-12-24;14;456
25;2025-12-24;15;540
25;2025-12-24;16;676
25;2025-12-24;17;746
25;2025-12-24;18;779
25;2025-12-24;19;504
25;2025-12-24;20;327
25;2025-12-24;21;211
25;2025-12-24;22;117
25;2025-12-24;23;8
25;2025-12-25;0;1
25;2025-12-25;1;0
25;2025-12-25;2;0
25;2025-12-25;3;0
25;2025-12-25;4;0
25;2025-12-25;5;6
25;2025-12-25;6;174
25;2025-12-25;7;530
25;2025-12-25;8;909
25;2025-12-25;9;468
25;2025-12-25;10;370
25;2025-12-25;11;415
25;2025-12-25;12;404
25;2025-12-25;13;517
25;2025-12-25;14;465
25;2025-12-25;15;551
25;2025-12-25;16;670
25;2025-12-25;17;747
25;2025-12-25;18;759
25;2025-12-25;19;504
25;2025-12-25;20;312
25;2025-12-25;21;210
25;2025-12-25;22;117
25;2025-12-25;23;10
25;2025-12-26;0;1
25;2025-12-26;1;0
25;2025-12-26;2;0
25;2025-12-26;3;0
25;2025-12-26;4;0
25;2025-12-26;5;5
25;2025-12-26;6;174
25;2025-12-26;7;527
25;2025-12-26;8;876
25;2025-12-26;9;463
25;2025-12-26;10;363
25;2025-12-26;11;427
25;2025-12-26;12;417
25;2025-12-26;13;531
25;2025-12-26;14;487
25;2025-12-26;15;578
25;2025-12-26;16;716
25;2025-12-26;17;761
25;2025-12-26;18;705
25;2025-12-26;19;487
25;2025-12-26;20;311
25;2025-12-26;21;214
25;2025-12-26;22;126
25;2025-12-26;23;12
25;2025-12-27;0;2
25;2025-12-27;1;0
25;2025-12-27;2;0
25;2025-12-27;3;0
25;2025-12-27;4;0
25;2025-12-27;5;3
25;2025-12-27;6;64
25;2025-12-27;7;136
25;2025-12-27;8;308
25;2025-12-27;9;278
25;2025-12-27;10;281
25;2025-12-27;11;383
25;2025-12-27;12;393
25;2025-12-27;13;531
25;2025-12-27;14;545
25;2025-12-27;15;635
25;2025-12-27;16;571
25;2025-12-27;17;488
25;2025-12-27;18;460
25;2025-12-27;19;414
25;2025-12-27;20;258
25;2025-12-27;21;211
25;2025-12-27;22;133
25;2025-12-27;23;52
25;2025-12-28;0;14
25;2025-12-28;1;0
25;2025-12-28;2;0
25;2025-12-28;3;0
25;2025-12-28;4;0
25;2025-12-28;5;3
25;2025-12-28;6;49
25;2025-12-28;7;94
25;2025-12-28;8;179
25;2025-12-28;9;199
25;2025-12-28;10;215
25;2025-12-28;11;282
25;2025-12-28;12;332
25;2025-12-28;13;429
25;2025-12-28;14;463
25;2025-12-28;15;554
25;2025-12-28;16;474
25;2025-12-28;17;433
25;2025-12-28;18;389
25;2025-12-28;19;328
25;2025-12-28;20;218
25;2025-12-28;21;176
25;2025-12-28;22;103
25;2025-12-28;23;38
25;2025-12-29;0;6
25;2025-12-29;1;0
25;2025-12-29;2;0
25;2025-12-29;3;0
25;2025-12-29;4;0
25;2025-12-29;5;5
25;2025-12-29;6;175
25;2025-12-29;7;538
25;2025-12-29;8;909
25;2025-12-29;9;475
25;2025-12-29;10;353
25;2025-12-29;11;410
25;2025-12-29;12;395
25;2025-12-29;13;523
25;2025-12-29;14;436
25;2025-12-29;15;523
25;2025-12-29;16;684
25;2025-12-29;17;743
25;2025-12-29;18;776
25;2025-12-29;19;498
25;2025-12-29;20;308
25;2025-12-29;21;204
25;2025-12-29;22;112
25;2025-12-29;23;10
25;2025-12-30;0;2
25;2025-12-30;1;0
25;2025-12-30;2;0
25;2025-12-30;3;0
25;2025-12-30;4;0
25;2025-12-30;5;5
25;2025-12-30;6;177
25;2025-12-30;7;541
25;2025-12-30;8;908
25;2025-12-30;9;487
25;2025-12-30;10;376
25;2025-12-30;11;428
25;2025-12-30;12;392
25;2025-12-30;13;499
25;2025-12-30;14;451
25;2025-12-30;15;535
25;2025-12-30;16;674
25;2025-12-30;17;731
25;2025-12-30;18;761
25;2025-12-30;19;506
25;2025-12-30;20;313
25;2025-12-30;21;205
25;2025-12-30;22;113
25;2025-12-30;23;9
25;2025-12-31;0;13
25;2025-12-31;1;0
25;2025-12-31;2;0
25;2025-12-31;3;0
25;2025-12-31;4;0
25;2025-12-31;5;2
25;2025-12-31;6;47
25;2025-12-31;7;93
25;2025-12-31;8;173
25;2025-12-31;9;190
25;2025-12-31;10;209
25;2025-12-31;11;267
25;2025-12-31;12;318
25;2025-12-31;13;407
25;2025-12-31;14;444
25;2025-12-31;15;538
25;2025-12-31;16;462
25;2025-12-31;17;426
25;2025-12-31;18;378
25;2025-12-31;19;322
25;2025-12-31;20;221
25;2025-12-31;21;178
25;2025-12-31;22;104
25;2025-12-31;23;39
26;2025-11-01;0;32
26;2025-11-01;1;1
26;2025-11-01;2;0
26;2025-11-01;3;0
26;2025-11-01;4;3
26;2025-11-01;5;92
26;2025-11-01;6;518
26;2025-11-01;7;1130
26;2025-11-01;8;2274
26;2025-11-01;9;1525
26;2025-11-01;10;1270
26;2025-11-01;11;1148
26;2025-11-01;12;1196
26;2025-11-01;13;1232
26;2025-11-01;14;1299
26;2025-11-01;15;1402
26;2025-11-01;16;1589
26;2025-11-01;17;1760
26;2025-11-01;18;1856
26;2025-11-01;19;1276
26;2025-11-01;20;791
26;2025-11-01;21;487
26;2025-11-01;22;238
26;2025-11-01;23;129
26;2025-11-02;0;44
26;2025-11-02;1;4
26;2025-11-02;2;1
26;2025-11-02;3;1
26;2025-11-02;4;1
26;2025-11-02;5;30
26;2025-11-02;6;151
26;2025-11-02;7;240
26;2025-11-02;8;355
26;2025-11-02;9;489
26;2025-11-02;10;552
26;2025-11-02;11;740
26;2025-11-02;12;777
26;2025-11-02;13;817
26;2025-11-02;14;809
26;2025-11-02;15;745
26;2025-11-02;16;736
26;2025-11-02;17;726
26;2025-11-02;18;660
26;2025-11-02;19;531
26;2025-11-02;20;387
26;2025-11-02;21;275
26;2025-11-02;22;183
26;2025-11-02;23;99
26;2025-11-03;0;42
26;2025-11-03;1;4
26;2025-11-03;2;1
26;2025-11-03;3;0
26;2025-11-03;4;1
26;2025-11-03;5;31
26;2025-11-03;6;156
26;2025-11-03;7;238
26;2025-11-03;8;343
26;2025-11-03;9;471
26;2025-11-03;10;532
26;2025-11-03;11;712
26;2025-11-03;12;752
26;2025-11-03;13;791
26;2025-11-03;14;776
26;2025-11-03;15;726
26;2025-11-03;16;712
26;2025-11-03;17;703
26;2025-11-03;18;647
26;2025-11-03;19;537
26;2025-11-03;20;387
26;2025-11-03;21;273
26;2025-11-03;22;183
26;2025-11-03;23;100
26;2025-11-04;0;42
26;2025-11-04;1;4
26;2025-11-04;2;1
26;2025-11-04;3;0
26;2025-11-04;4;1
26;2025-11-04;5;31
26;2025-11-04;6;156
26;2025-11-04;7;238
26;2025-11-04;8;343
26;2025-11-04;9;471
26;2025-11-04;10;532
26;2025-11-04;11;712
26;2025-11-04;12;752
26;2025-11-04;13;791
26;2025-11-04;14;776
26;2025-11-04;15;726
26;2025-11-04;16;712
26;2025-11-04;17;703
26;2025-11-04;18;647
26;2025-11-04;19;537
26;2025-11-04;20;387
26;2025-11-04;21;273
26;2025-11-04;22;183
26;2025-11-04;23;100
26;2025-11-05;0;31
26;2025-11-05;1;1
26;2025-11-05;2;0
26;2025-11-05;3;0
26;2025-11-05;4;4
26;2025-11-05;5;92
26;2025-11-05;6;511
26;2025-11-05;7;1108
26;2025-11-05;8;2254
26;2025-11-05;9;1517
26;2025-11-05;10;1266
26;2025-11-05;11;1139
26;2025-11-05;12;1189
26;2025-11-05;13;1221
26;2025-11-05;14;1313
26;2025-11-05;15;1384
26;2025-11-05;16;1551
26;2025-11-05;17;1716
26;2025-11-05;18;1842
26;2025-11-05;19;1260
26;2025-11-05;20;780
26;2025-11-05;21;496
26;2025-11-05;22;239
26;2025-11-05;23;128
26;2025-11-06;0;35
26;2025-11-06;1;1
26;2025-11-06;2;0
26;2025-11-06;3;0
26;2025-11-06;4;2
26;2025-11-06;5;90
26;2025-11-06;6;506
26;2025-11-06;7;1103
26;2025-11-06;8;2217
26;2025-11-06;9;1505
26;2025-11-06;10;1234
26;2025-11-06;11;1155
26;2025-11-06;12;1175
26;2025-11-06;13;1204
26;2025-11-06;14;1274
26;2025-11-06;15;1377
26;2025-11-06;16;1549
26;2025-11-06;17;1727
26;2025-11-06;18;1861
26;2025-11-06;19;1271
26;2025-11-06;20;781
26;2025-11-06;21;484
26;2025-11-06;22;237
26;2025-11-06;23;131
26;2025-11-07;0;33
26;2025-11-07;1;2
26;2025-11-07;2;0
26;2025-11-07;3;0
26;2025-11-07;4;2
26;2025-11-07;5;88
26;2025-11-07;6;508
26;2025-11-07;7;1084
26;2025-11-07;8;2167
26;2025-11-07;9;1458
26;2025-11-07;10;1240
26;2025-11-07;11;1118
26;2025-11-07;12;1175
26;2025-11-07;13;1223
26;2025-11-07;14;1279
26;2025-11-07;15;1402
26;2025-11-07;16;1618
26;2025-11-07;17;1728
26;2025-11-07;18;1633
26;2025-11-07;19;1184
26;2025-11-07;20;763
26;2025-11-07;21;478
26;2025-11-07;22;236
26;2025-11-07;23;145
26;2025-11-08;0;43
26;2025-11-08;1;2
26;2025-11-08;2;0
26;2025-11-08;3;0
26;2025-11-08;4;2
26;2025-11-08;5;47
26;2025-11-08;6;263
26;2025-11-08;7;369
26;2025-11-08;8;609
26;2025-11-08;9;698
26;2025-11-08;10;827
26;2025-11-08;11;1008
26;2025-11-08;12;1061
26;2025-11-08;13;1036
26;2025-11-08;14;1069
26;2025-11-08;15;967
26;2025-11-08;16;998
26;2025-11-08;17;926
26;2025-11-08;18;872
26;2025-11-08;19;798
26;2025-11-08;20;538
26;2025-11-08;21;370
26;2025-11-08;22;218
26;2025-11-08;23;146
26;2025-11-09;0;44
26;2025-11-09;1;4
26;2025-11-09;2;1
26;2025-11-09;3;1
26;2025-11-09;4;1
26;2025-11-09;5;30
26;2025-11-09;6;151
26;2025-11-09;7;240
26;2025-11-09;8;355
26;2025-11-09;9;489
26;2025-11-09;10;552
26;2025-11-09;11;740
26;2025-11-09;12;777
26;2025-11-09;13;817
26;2025-11-09;14;809
26;2025-11-09;15;745
26;2025-11-09;16;736
26;2025-11-09;17;726
26;2025-11-09;18;660
26;2025-11-09;19;531
26;2025-11-09;20;387
26;2025-11-09;21;275
26;2025-11-09;22;183
26;2025-11-09;23;99
26;2025-11-10;0;30
26;2025-11-10;1;2
26;2025-11-10;2;0
26;2025-11-10;3;0
26;2025-11-10;4;2
26;2025-11-10;5;90
26;2025-11-10;6;508
26;2025-11-10;7;1110
26;2025-11-10;8;2197
26;2025-11-10;9;1488
26;2025-11-10;10;1242
26;2025-11-10;11;1107
26;2025-11-10;12;1149
26;2025-11-10;13;1205
26;2025-11-10;14;1248
26;2025-11-10;15;1355
26;2025-11-10;16;1535
26;2025-11-10;17;1712
26;2025-11-10;18;1864
26;2025-11-10;19;1261
26;2025-11-10;20;776
26;2025-11-10;21;467
26;2025-11-10;22;225
26;2025-11-10;23;115
26;2025-11-11;0;31
26;2025-11-11;1;1
26;2025-11-11;2;0
26;2025-11-11;3;1
26;2025-11-11;4;3
26;2025-11-11;5;90
26;2025-11-11;6;514
26;2025-11-11;7;1123
26;2025-11-11;8;2272
26;2025-11-11;9;1515
26;2025-11-11;10;1252
26;2025-11-11;11;1134
26;2025-11-11;12;1189
26;2025-11-11;13;1211
26;2025-11-11;14;1270
26;2025-11-11;15;1364
26;2025-11-11;16;1562
26;2025-11-11;17;1759
26;2025-11-11;18;1870
26;2025-11-11;19;1303
26;2025-11-11;20;790
26;2025-11-11;21;479
26;2025-11-11;22;234
26;2025-11-11;23;123
26;2025-11-12;0;31
26;2025-11-12;1;1
26;2025-11-12;2;0
26;2025-11-12;3;0
26;2025-11-12;4;4
26;2025-11-12;5;91
26;2025-11-12;6;509
26;2025-11-12;7;1103
26;2025-11-12;8;2245
26;2025-11-12;9;1510
26;2025-11-12;10;1261
26;2025-11-12;11;1134
26;2025-11-12;12;1184
26;2025-11-12;13;1216
26;2025-11-12;14;1308
26;2025-11-12;15;1379
26;2025-11-12;16;1544
26;2025-11-12;17;1708
26;2025-11-12;18;1835
26;2025-11-12;19;1254
26;2025-11-12;20;777
26;2025-11-12;21;494
26;2025-11-12;22;238
26;2025-11-12;23;128
26;2025-11-13;0;34
26;2025-11-13;1;1
26;2025-11-13;2;0
26;2025-11-13;3;0
26;2025-11-13;4;2
26;2025-11-13;5;90
26;2025-11-13;6;505
26;2025-11-13;7;1100
26;2025-11-13;8;2211
26;2025-11-13;9;1501
26;2025-11-13;10;1231
26;2025-11-13;11;1152
26;2025-11-13;12;1172
26;2025-11-13;13;1201
26;2025-11-13;14;1270
26;2025-11-13;15;1374
26;2025-11-13;16;1545
26;2025-11-13;17;1722
26;2025-11-13;18;1856
26;2025-11-13;19;1268
26;2025-11-13;20;779
26;2025-11-13;21;483
26;2025-11-13;22;236
26;2025-11-13;23;130
26;2025-11-14;0;33
26;2025-11-14;1;2
26;2025-11-14;2;0
26;2025-11-14;3;0
26;2025-11-14;4;2
26;2025-11-14;5;88
26;2025-11-14;6;506
26;2025-11-14;7;1081
26;2025-11-14;8;2161
26;2025-11-14;9;1454
26;2025-11-14;10;1237
26;2025-11-14;11;1115
26;2025-11-14;12;1172
26;2025-11-14;13;1220
26;2025-11-14;14;1276
26;2025-11-14;15;1398
26;2025-11-14;16;1614
26;2025-11-14;17;1724
26;2025-11-14;18;1629
26;2025-11-14;19;1181
26;2025-11-14;20;761
26;2025-11-14;21;477
26;2025-11-14;22;235
26;2025-11-14;23;145
26;2025-11-15;0;43
26;2025-11-15;1;2
26;2025-11-15;2;0
26;2025-11-15;3;0
26;2025-11-15;4;2
26;2025-11-15;5;47
26;2025-11-15;6;262
26;2025-11-15;7;368
26;2025-11-15;8;608
26;2025-11-15;9;697
26;2025-11-15;10;825
26;2025-11-15;11;1006
26;2025-11-15;12;1058
26;2025-11-15;13;1034
26;2025-11-15;14;1067
26;2025-11-15;15;965
26;2025-11-15;16;995
26;2025-11-15;17;924
26;2025-11-15;18;870
26;2025-11-15;19;796
26;2025-11-15;20;537
26;2025-11-15;21;369
26;2025-11-15;22;217
26;2025-11-15;23;146
26;2025-11-16;0;44
26;2025-11-16;1;4
26;2025-11-16;2;1
26;2025-11-16;3;1
26;2025-11-16;4;1
26;2025-11-16;5;30
26;2025-11-16;6;151
26;2025-11-16;7;240
26;2025-11-16;8;355
26;2025-11-16;9;489
26;2025-11-16;10;552
26;2025-11-16;11;740
26;2025-11-16;12;777
26;2025-11-16;13;817
26;2025-11-16;14;809
26;2025-11-16;15;745
26;2025-11-16;16;736
26;2025-11-16;17;726
26;2025-11-16;18;660
26;2025-11-16;19;531
26;2025-11-16;20;387
26;2025-11-16;21;275
26;2025-11-16;22;183
26;2025-11-16;23;99
26;2025-11-17;0;30
26;2025-11-17;1;2
26;2025-11-17;2;0
26;2025-11-17;3;0
26;2025-11-17;4;2
26;2025-11-17;5;90
26;2025-11-17;6;507
26;2025-11-17;7;1108
26;2025-11-17;8;2191
26;2025-11-17;9;1484
26;2025-11-17;10;1239
26;2025-11-17;11;1104
26;2025-11-17;12;1146
26;2025-11-17;13;1202
26;2025-11-17;14;1245
26;2025-11-17;15;1351
26;2025-11-17;16;1531
26;2025-11-17;17;1708
26;2025-11-17;18;1859
26;2025-11-17;19;1258
26;2025-11-17;20;774
26;2025-11-17;21;466
26;2025-11-17;22;224
26;2025-11-17;23;115
26;2025-11-18;0;31
26;2025-11-18;1;1
26;2025-11-18;2;0
26;2025-11-18;3;1
26;2025-11-18;4;3
26;2025-11-18;5;90
26;2025-11-18;6;512
26;2025-11-18;7;1119
26;2025-11-18;8;2265
26;2025-11-18;9;1510
26;2025-11-18;10;1248
26;2025-11-18;11;1130
26;2025-11-18;12;1186
26;2025-11-18;13;1207
26;2025-11-18;14;1266
26;2025-11-18;15;1360
26;2025-11-18;16;1557
26;2025-11-18;17;1754
26;2025-11-18;18;1865
26;2025-11-18;19;1299
26;2025-11-18;20;788
26;2025-11-18;21;478
26;2025-11-18;22;233
26;2025-11-18;23;123
26;2025-11-19;0;31
26;2025-11-19;1;1
26;2025-11-19;2;0
26;2025-11-19;3;0
26;2025-11-19;4;4
26;2025-11-19;5;91
26;2025-11-19;6;507
26;2025-11-19;7;1100
26;2025-11-19;8;2239
26;2025-11-19;9;1506
26;2025-11-19;10;1257
26;2025-11-19;11;1131
26;2025-11-19;12;1181
26;2025-11-19;13;1213
26;2025-11-19;14;1304
26;2025-11-19;15;1375
26;2025-11-19;16;1540
26;2025-11-19;17;1704
26;2025-11-19;18;1830
26;2025-11-19;19;1251
26;2025-11-19;20;774
26;2025-11-19;21;492
26;2025-11-19;22;238
26;2025-11-19;23;128
26;2025-11-20;0;34
26;2025-11-20;1;1
26;2025-11-20;2;0
26;2025-11-20;3;0
26;2025-11-20;4;2
26;2025-11-20;5;89
26;2025-11-20;6;504
26;2025-11-20;7;1099
26;2025-11-20;8;2209
26;2025-11-20;9;1499
26;2025-11-20;10;1229
26;2025-11-20;11;1151
26;2025-11-20;12;1171
26;2025-11-20;13;1200
26;2025-11-20;14;1269
26;2025-11-20;15;1372
26;2025-11-20;16;1543
26;2025-11-20;17;1720
26;2025-11-20;18;1854
26;2025-11-20;19;1267
26;2025-11-20;20;778
26;2025-11-20;21;482
26;2025-11-20;22;236
26;2025-11-20;23;130
26;2025-11-21;0;32
26;2025-11-21;1;2
26;2025-11-21;2;0
26;2025-11-21;3;0
26;2025-11-21;4;2
26;2025-11-21;5;88
26;2025-11-21;6;506
26;2025-11-21;7;1080
26;2025-11-21;8;2159
26;2025-11-21;9;1453
26;2025-11-21;10;1235
26;2025-11-21;11;1113
26;2025-11-21;12;1171
26;2025-11-21;13;1218
26;2025-11-21;14;1274
26;2025-11-21;15;1396
26;2025-11-21;16;1612
26;2025-11-21;17;1722
26;2025-11-21;18;1627
26;2025-11-21;19;1180
26;2025-11-21;20;760
26;2025-11-21;21;476
26;2025-11-21;22;235
26;2025-11-21;23;145
26;2025-11-22;0;43
26;2025-11-22;1;2
26;2025-11-22;2;0
26;2025-11-22;3;0
26;2025-11-22;4;2
26;2025-11-22;5;47
26;2025-11-22;6;262
26;2025-11-22;7;367
26;2025-11-22;8;606
26;2025-11-22;9;695
26;2025-11-22;10;823
26;2025-11-22;11;1003
26;2025-11-22;12;1056
26;2025-11-22;13;1031
26;2025-11-22;14;1064
26;2025-11-22;15;962
26;2025-11-22;16;993
26;2025-11-22;17;922
26;2025-11-22;18;868
26;2025-11-22;19;794
26;2025-11-22;20;536
26;2025-11-22;21;369
26;2025-11-22;22;217
26;2025-11-22;23;146
26;2025-11-23;0;44
26;2025-11-23;1;4
26;2025-11-23;2;1
26;2025-11-23;3;1
26;2025-11-23;4;1
26;2025-11-23;5;30
26;2025-11-23;6;151
26;2025-11-23;7;240
26;2025-11-23;8;355
26;2025-11-23;9;489
26;2025-11-23;10;552
26;2025-11-23;11;740
26;2025-11-23;12;777
26;2025-11-23;13;817
26;2025-11-23;14;809
26;2025-11-23;15;745
26;2025-11-23;16;736
26;2025-11-23;17;726
26;2025-11-23;18;660
26;2025-11-23;19;531
26;2025-11-23;20;387
26;2025-11-23;21;275
26;2025-11-23;22;183
26;2025-11-23;23;99
26;2025-11-24;0;30
26;2025-11-24;1;2
26;2025-11-24;2;0
26;2025-11-24;3;0
26;2025-11-24;4;2
26;2025-11-24;5;89
26;2025-11-24;6;507
26;2025-11-24;7;1107
26;2025-11-24;8;2190
26;2025-11-24;9;1483
26;2025-11-24;10;1238
26;2025-11-24;11;1103
26;2025-11-24;12;1145
26;2025-11-24;13;1201
26;2025-11-24;14;1243
26;2025-11-24;15;1350
26;2025-11-24;16;1530
26;2025-11-24;17;1707
26;2025-11-24;18;1858
26;2025-11-24;19;1257
26;2025-11-24;20;773
26;2025-11-24;21;465
26;2025-11-24;22;224
26;2025-11-24;23;115
26;2025-11-25;0;31
26;2025-11-25;1;1
26;2025-11-25;2;0
26;2025-11-25;3;1
26;2025-11-25;4;3
26;2025-11-25;5;90
26;2025-11-25;6;512
26;2025-11-25;7;1119
26;2025-11-25;8;2264
26;2025-11-25;9;1509
26;2025-11-25;10;1248
26;2025-11-25;11;1130
26;2025-11-25;12;1185
26;2025-11-25;13;1207
26;2025-11-25;14;1265
26;2025-11-25;15;1359
26;2025-11-25;16;1557
26;2025-11-25;17;1753
26;2025-11-25;18;1864
26;2025-11-25;19;1299
26;2025-11-25;20;787
26;2025-11-25;21;477
26;2025-11-25;22;233
26;2025-11-25;23;123
26;2025-11-26;0;31
26;2025-11-26;1;1
26;2025-11-26;2;0
26;2025-11-26;3;0
26;2025-11-26;4;4
26;2025-11-26;5;91
26;2025-11-26;6;507
26;2025-11-26;7;1100
26;2025-11-26;8;2238
26;2025-11-26;9;1506
26;2025-11-26;10;1257
26;2025-11-26;11;1131
26;2025-11-26;12;1181
26;2025-11-26;13;1213
26;2025-11-26;14;1304
26;2025-11-26;15;1375
26;2025-11-26;16;1540
26;2025-11-26;17;1703
26;2025-11-26;18;1829
26;2025-11-26;19;1250
26;2025-11-26;20;774
26;2025-11-26;21;492
26;2025-11-26;22;237
26;2025-11-26;23;127
26;2025-11-27;0;34
26;2025-11-27;1;1
26;2025-11-27;2;0
26;2025-11-27;3;0
26;2025-11-27;4;2
26;2025-11-27;5;89
26;2025-11-27;6;503
26;2025-11-27;7;1096
26;2025-11-27;8;2205
26;2025-11-27;9;1496
26;2025-11-27;10;1227
26;2025-11-27;11;1148
26;2025-11-27;12;1169
26;2025-11-27;13;1197
26;2025-11-27;14;1266
26;2025-11-27;15;1369
26;2025-11-27;16;1540
26;2025-11-27;17;1717
26;2025-11-27;18;1851
26;2025-11-27;19;1264
26;2025-11-27;20;777
26;2025-11-27;21;481
26;2025-11-27;22;236
26;2025-11-27;23;130
26;2025-11-28;0;32
26;2025-11-28;1;2
26;2025-11-28;2;0
26;2025-11-28;3;0
26;2025-11-28;4;2
26;2025-11-28;5;88
26;2025-11-28;6;505
26;2025-11-28;7;1078
26;2025-11-28;8;2155
26;2025-11-28;9;1450
26;2025-11-28;10;1233
26;2025-11-28;11;1111
26;2025-11-28;12;1169
26;2025-11-28;13;1216
26;2025-11-28;14;1272
26;2025-11-28;15;1394
26;2025-11-28;16;1609
26;2025-11-28;17;1719
26;2025-11-28;18;1624
26;2025-11-28;19;1178
26;2025-11-28;20;758
26;2025-11-28;21;475
26;2025-11-28;22;235
26;2025-11-28;23;145
26;2025-11-29;0;43
26;2025-11-29;1;2
26;2025-11-29;2;0
26;2025-11-29;3;0
26;2025-11-29;4;2
26;2025-11-29;5;47
26;2025-11-29;6;261
26;2025-11-29;7;366
26;2025-11-29;8;605
26;2025-11-29;9;694
26;2025-11-29;10;821
26;2025-11-29;11;1001
26;2025-11-29;12;1054
26;2025-11-29;13;1029
26;2025-11-29;14;1062
26;2025-11-29;15;960
26;2025-11-29;16;991
26;2025-11-29;17;920
26;2025-11-29;18;866
26;2025-11-29;19;793
26;2025-11-29;20;535
26;2025-11-29;21;368
26;2025-11-29;22;216
26;2025-11-29;23;145
26;2025-11-30;0;44
26;2025-11-30;1;4
26;2025-11-30;2;1
26;2025-11-30;3;1
26;2025-11-30;4;1
26;2025-11-30;5;30
26;2025-11-30;6;151
26;2025-11-30;7;240
26;2025-11-30;8;355
26;2025-11-30;9;489
26;2025-11-30;10;552
26;2025-11-30;11;740
26;2025-11-30;12;777
26;2025-11-30;13;817
26;2025-11-30;14;809
26;2025-11-30;15;744
26;2025-11-30;16;735
26;2025-11-30;17;726
26;2025-11-30;18;660
26;2025-11-30;19;531
26;2025-11-30;20;387
26;2025-11-30;21;275
26;2025-11-30;22;183
26;2025-11-30;23;99
26;2025-12-01;0;30
26;2025-12-01;1;2
26;2025-12-01;2;0
26;2025-12-01;3;0
26;2025-12-01;4;2
26;2025-12-01;5;89
26;2025-12-01;6;506
26;2025-12-01;7;1105
26;2025-12-01;8;2185
26;2025-12-01;9;1480
26;2025-12-01;10;1235
26;2025-12-01;11;1101
26;2025-12-01;12;1143
26;2025-12-01;13;1199
26;2025-12-01;14;1241
26;2025-12-01;15;1348
26;2025-12-01;16;1527
26;2025-12-01;17;1704
26;2025-12-01;18;1854
26;2025-12-01;19;1255
26;2025-12-01;20;772
26;2025-12-01;21;465
26;2025-12-01;22;223
26;2025-12-01;23;115
26;2025-12-02;0;30
26;2025-12-02;1;1
26;2025-12-02;2;0
26;2025-12-02;3;1
26;2025-12-02;4;3
26;2025-12-02;5;90
26;2025-12-02;6;511
26;2025-12-02;7;1117
26;2025-12-02;8;2260
26;2025-12-02;9;1506
26;2025-12-02;10;1245
26;2025-12-02;11;1128
26;2025-12-02;12;1183
26;2025-12-02;13;1204
26;2025-12-02;14;1263
26;2025-12-02;15;1357
26;2025-12-02;16;1554
26;2025-12-02;17;1750
26;2025-12-02;18;1860
26;2025-12-02;19;1296
26;2025-12-02;20;786
26;2025-12-02;21;477
26;2025-12-02;22;233
26;2025-12-02;23;122
26;2025-12-03;0;31
26;2025-12-03;1;1
26;2025-12-03;2;0
26;2025-12-03;3;0
26;2025-12-03;4;4
26;2025-12-03;5;91
26;2025-12-03;6;507
26;2025-12-03;7;1098
26;2025-12-03;8;2235
26;2025-12-03;9;1503
26;2025-12-03;10;1255
26;2025-12-03;11;1129
26;2025-12-03;12;1179
26;2025-12-03;13;1211
26;2025-12-03;14;1302
26;2025-12-03;15;1372
26;2025-12-03;16;1537
26;2025-12-03;17;1701
26;2025-12-03;18;1826
26;2025-12-03;19;1248
26;2025-12-03;20;773
26;2025-12-03;21;492
26;2025-12-03;22;237
26;2025-12-03;23;127
26;2025-12-04;0;34
26;2025-12-04;1;1
26;2025-12-04;2;0
26;2025-12-04;3;0
26;2025-12-04;4;2
26;2025-12-04;5;89
26;2025-12-04;6;502
26;2025-12-04;7;1095
26;2025-12-04;8;2202
26;2025-12-04;9;1494
26;2025-12-04;10;1225
26;2025-12-04;11;1147
26;2025-12-04;12;1167
26;2025-12-04;13;1196
26;2025-12-04;14;1265
26;2025-12-04;15;1367
26;2025-12-04;16;1538
26;2025-12-04;17;1714
26;2025-12-04;18;1848
26;2025-12-04;19;1262
26;2025-12-04;20;776
26;2025-12-04;21;481
26;2025-12-04;22;235
26;2025-12-04;23;130
26;2025-12-05;0;32
26;2025-12-05;1;2
26;2025-12-05;2;0
26;2025-12-05;3;0
26;2025-12-05;4;2
26;2025-12-05;5;87
26;2025-12-05;6;504
26;2025-12-05;7;1077
26;2025-12-05;8;2153
26;2025-12-05;9;1448
26;2025-12-05;10;1232
26;2025-12-05;11;1110
26;2025-12-05;12;1168
26;2025-12-05;13;1214
26;2025-12-05;14;1270
26;2025-12-05;15;1392
26;2025-12-05;16;1607
26;2025-12-05;17;1717
26;2025-12-05;18;1623
26;2025-12-05;19;1177
26;2025-12-05;20;758
26;2025-12-05;21;475
26;2025-12-05;22;234
26;2025-12-05;23;144
26;2025-12-06;0;43
26;2025-12-06;1;2
26;2025-12-06;2;0
26;2025-12-06;3;0
26;2025-12-06;4;2
26;2025-12-06;5;46
26;2025-12-06;6;261
26;2025-12-06;7;366
26;2025-12-06;8;604
26;2025-12-06;9;692
26;2025-12-06;10;819
26;2025-12-06;11;999
26;2025-12-06;12;1052
26;2025-12-06;13;1027
26;2025-12-06;14;1060
26;2025-12-06;15;959
26;2025-12-06;16;989
26;2025-12-06;17;918
26;2025-12-06;18;865
26;2025-12-06;19;791
26;2025-12-06;20;534
26;2025-12-06;21;367
26;2025-12-06;22;216
26;2025-12-06;23;145
26;2025-12-07;0;44
26;2025-12-07;1;4
26;2025-12-07;2;1
26;2025-12-07;3;1
26;2025-12-07;4;1
26;2025-12-07;5;30
26;2025-12-07;6;151
26;2025-12-07;7;240
26;2025-12-07;8;355
26;2025-12-07;9;489
26;2025-12-07;10;552
26;2025-12-07;11;740
26;2025-12-07;12;777
26;2025-12-07;13;817
26;2025-12-07;14;809
26;2025-12-07;15;744
26;2025-12-07;16;735
26;2025-12-07;17;726
26;2025-12-07;18;660
26;2025-12-07;19;531
26;2025-12-07;20;387
26;2025-12-07;21;275
26;2025-12-07;22;183
26;2025-12-07;23;99
26;2025-12-08;0;30
26;2025-12-08;1;2
26;2025-12-08;2;0
26;2025-12-08;3;0
26;2025-12-08;4;2
26;2025-12-08;5;89
26;2025-12-08;6;505
26;2025-12-08;7;1104
26;2025-12-08;8;2184
26;2025-12-08;9;1479
26;2025-12-08;10;1234
26;2025-12-08;11;1100
26;2025-12-08;12;1142
26;2025-12-08;13;1198
26;2025-12-08;14;1240
26;2025-12-08;15;1347
26;2025-12-08;16;1525
26;2025-12-08;17;1702
26;2025-12-08;18;1853
26;2025-12-08;19;1253
26;2025-12-08;20;771
26;2025-12-08;21;464
26;2025-12-08;22;223
26;2025-12-08;23;114
26;2025-12-09;0;30
26;2025-12-09;1;1
26;2025-12-09;2;0
26;2025-12-09;3;1
26;2025-12-09;4;3
26;2025-12-09;5;90
26;2025-12-09;6;511
26;2025-12-09;7;1116
26;2025-12-09;8;2259
26;2025-12-09;9;1506
26;2025-12-09;10;1245
26;2025-12-09;11;1127
26;2025-12-09;12;1182
26;2025-12-09;13;1204
26;2025-12-09;14;1263
26;2025-12-09;15;1356
26;2025-12-09;16;1553
26;2025-12-09;17;1749
26;2025-12-09;18;1860
26;2025-12-09;19;1296
26;2025-12-09;20;786
26;2025-12-09;21;476
26;2025-12-09;22;232
26;2025-12-09;23;122
26;2025-12-10;0;31
26;2025-12-10;1;1
26;2025-12-10;2;0
26;2025-12-10;3;0
26;2025-12-10;4;4
26;2025-12-10;5;91
26;2025-12-10;6;506
26;2025-12-10;7;1097
26;2025-12-10;8;2232
26;2025-12-10;9;1502
26;2025-12-10;10;1253
26;2025-12-10;11;1128
26;2025-12-10;12;1177
26;2025-12-10;13;1209
26;2025-12-10;14;1301
26;2025-12-10;15;1371
26;2025-12-10;16;1536
26;2025-12-10;17;1699
26;2025-12-10;18;1824
26;2025-12-10;19;1247
26;2025-12-10;20;772
26;2025-12-10;21;491
26;2025-12-10;22;237
26;2025-12-10;23;127
26;2025-12-11;0;34
26;2025-12-11;1;1
26;2025-12-11;2;0
26;2025-12-11;3;0
26;2025-12-11;4;2
26;2025-12-11;5;89
26;2025-12-11;6;502
26;2025-12-11;7;1094
26;2025-12-11;8;2199
26;2025-12-11;9;1492
26;2025-12-11;10;1224
26;2025-12-11;11;1146
26;2025-12-11;12;1166
26;2025-12-11;13;1194
26;2025-12-11;14;1263
26;2025-12-11;15;1366
26;2025-12-11;16;1536
26;2025-12-11;17;1712
26;2025-12-11;18;1846
26;2025-12-11;19;1261
26;2025-12-11;20;775
26;2025-12-11;21;480
26;2025-12-11;22;235
26;2025-12-11;23;130
26;2025-12-12;0;32
26;2025-12-12;1;2
26;2025-12-12;2;0
26;2025-12-12;3;0
26;2025-12-12;4;2
26;2025-12-12;5;87
26;2025-12-12;6;503
26;2025-12-12;7;1075
26;2025-12-12;8;2149
26;2025-12-12;9;1446
26;2025-12-12;10;1230
26;2025-12-12;11;1109
26;2025-12-12;12;1166
26;2025-12-12;13;1213
26;2025-12-12;14;1268
26;2025-12-12;15;1390
26;2025-12-12;16;1605
26;2025-12-12;17;1714
26;2025-12-12;18;1620
26;2025-12-12;19;1175
26;2025-12-12;20;756
26;2025-12-12;21;474
26;2025-12-12;22;234
26;2025-12-12;23;144
26;2025-12-13;0;43
26;2025-12-13;1;2
26;2025-12-13;2;0
26;2025-12-13;3;0
26;2025-12-13;4;2
26;2025-12-13;5;46
26;2025-12-13;6;260
26;2025-12-13;7;365
26;2025-12-13;8;603
26;2025-12-13;9;691
26;2025-12-13;10;818
26;2025-12-13;11;997
26;2025-12-13;12;1050
26;2025-12-13;13;1025
26;2025-12-13;14;1058
26;2025-12-13;15;957
26;2025-12-13;16;987
26;2025-12-13;17;916
26;2025-12-13;18;863
26;2025-12-13;19;790
26;2025-12-13;20;533
26;2025-12-13;21;366
26;2025-12-13;22;216
26;2025-12-13;23;145
26;2025-12-14;0;44
26;2025-12-14;1;4
26;2025-12-14;2;1
26;2025-12-14;3;1
26;2025-12-14;4;1
26;2025-12-14;5;30
26;2025-12-14;6;151
26;2025-12-14;7;240
26;2025-12-14;8;355
26;2025-12-14;9;489
26;2025-12-14;10;552
26;2025-12-14;11;740
26;2025-12-14;12;777
26;2025-12-14;13;817
26;2025-12-14;14;809
26;2025-12-14;15;744
26;2025-12-14;16;735
26;2025-12-14;17;726
26;2025-12-14;18;660
26;2025-12-14;19;531
26;2025-12-14;20;387
26;2025-12-14;21;274
26;2025-12-14;22;183
26;2025-12-14;23;99
26;2025-12-15;0;30
26;2025-12-15;1;2
26;2025-12-15;2;0
26;2025-12-15;3;0
26;2025-12-15;4;2
26;2025-12-15;5;89
26;2025-12-15;6;505
26;2025-12-15;7;1102
26;2025-12-15;8;2180
26;2025-12-15;9;1477
26;2025-12-15;10;1232
26;2025-12-15;11;1099
26;2025-12-15;12;1140
26;2025-12-15;13;1196
26;2025-12-15;14;1238
26;2025-12-15;15;1344
26;2025-12-15;16;1523
26;2025-12-15;17;1700
26;2025-12-15;18;1850
26;2025-12-15;19;1252
26;2025-12-15;20;770
26;2025-12-15;21;463
26;2025-12-15;22;223
26;2025-12-15;23;114
26;2025-12-16;0;30
26;2025-12-16;1;1
26;2025-12-16;2;0
26;2025-12-16;3;1
26;2025-12-16;4;3
26;2025-12-16;5;90
26;2025-12-16;6;510
26;2025-12-16;7;1115
26;2025-12-16;8;2256
26;2025-12-16;9;1504
26;2025-12-16;10;1243
26;2025-12-16;11;1126
26;2025-12-16;12;1181
26;2025-12-16;13;1202
26;2025-12-16;14;1261
26;2025-12-16;15;1354
26;2025-12-16;16;1551
26;2025-12-16;17;1747
26;2025-12-16;18;1857
26;2025-12-16;19;1294
26;2025-12-16;20;784
26;2025-12-16;21;476
26;2025-12-16;22;232
26;2025-12-16;23;122
26;2025-12-17;0;31
26;2025-12-17;1;1
26;2025-12-17;2;0
26;2025-12-17;3;0
26;2025-12-17;4;4
26;2025-12-17;5;91
26;2025-12-17;6;505
26;2025-12-17;7;1095
26;2025-12-17;8;2229
26;2025-12-17;9;1499
26;2025-12-17;10;1251
26;2025-12-17;11;1126
26;2025-12-17;12;1175
26;2025-12-17;13;1207
26;2025-12-17;14;1298
26;2025-12-17;15;1369
26;2025-12-17;16;1533
26;2025-12-17;17;1696
26;2025-12-17;18;1821
26;2025-12-17;19;1245
26;2025-12-17;20;771
26;2025-12-17;21;490
26;2025-12-17;22;236
26;2025-12-17;23;127
26;2025-12-18;0;34
26;2025-12-18;1;1
26;2025-12-18;2;0
26;2025-12-18;3;0
26;2025-12-18;4;2
26;2025-12-18;5;89
26;2025-12-18;6;501
26;2025-12-18;7;1092
26;2025-12-18;8;2196
26;2025-12-18;9;1490
26;2025-12-18;10;1222
26;2025-12-18;11;1144
26;2025-12-18;12;1164
26;2025-12-18;13;1193
26;2025-12-18;14;1261
26;2025-12-18;15;1364
26;2025-12-18;16;1534
26;2025-12-18;17;1710
26;2025-12-18;18;1843
26;2025-12-18;19;1259
26;2025-12-18;20;774
26;2025-12-18;21;480
26;2025-12-18;22;235
26;2025-12-18;23;129
26;2025-12-19;0;32
26;2025-12-19;1;2
26;2025-12-19;2;0
26;2025-12-19;3;0
26;2025-12-19;4;2
26;2025-12-19;5;87
26;2025-12-19;6;503
26;2025-12-19;7;1073
26;2025-12-19;8;2146
26;2025-12-19;9;1444
26;2025-12-19;10;1228
26;2025-12-19;11;1107
26;2025-12-19;12;1164
26;2025-12-19;13;1210
26;2025-12-19;14;1266
26;2025-12-19;15;1388
26;2025-12-19;16;1602
26;2025-12-19;17;1711
26;2025-12-19;18;1617
26;2025-12-19;19;1173
26;2025-12-19;20;755
26;2025-12-19;21;473
26;2025-12-19;22;234
26;2025-12-19;23;144
26;2025-12-20;0;43
26;2025-12-20;1;2
26;2025-12-20;2;0
26;2025-12-20;3;0
26;2025-12-20;4;2
26;2025-12-20;5;46
26;2025-12-20;6;260
26;2025-12-20;7;364
26;2025-12-20;8;602
26;2025-12-20;9;690
26;2025-12-20;10;817
26;2025-12-20;11;996
26;2025-12-20;12;1048
26;2025-12-20;13;1023
26;2025-12-20;14;1056
26;2025-12-20;15;955
26;2025-12-20;16;986
26;2025-12-20;17;914
26;2025-12-20;18;862
26;2025-12-20;19;788
26;2025-12-20;20;532
26;2025-12-20;21;366
26;2025-12-20;22;215
26;2025-12-20;23;144
26;2025-12-21;0;44
26;2025-12-21;1;4
26;2025-12-21;2;1
26;2025-12-21;3;1
26;2025-12-21;4;1
26;2025-12-21;5;30
26;2025-12-21;6;151
26;2025-12-21;7;240
26;2025-12-21;8;355
26;2025-12-21;9;489
26;2025-12-21;10;552
26;2025-12-21;11;740
26;2025-12-21;12;777
26;2025-12-21;13;817
26;2025-12-21;14;809
26;2025-12-21;15;744
26;2025-12-21;16;735
26;2025-12-21;17;726
26;2025-12-21;18;660
26;2025-12-21;19;531
26;2025-12-21;20;387
26;2025-12-21;21;274
26;2025-12-21;22;183
26;2025-12-21;23;99
26;2025-12-22;0;30
26;2025-12-22;1;2
26;2025-12-22;2;0
26;2025-12-22;3;0
26;2025-12-22;4;2
26;2025-12-22;5;89
26;2025-12-22;6;504
26;2025-12-22;7;1100
26;2025-12-22;8;2177
26;2025-12-22;9;1475
26;2025-12-22;10;1231
26;2025-12-22;11;1097
26;2025-12-22;12;1139
26;2025-12-22;13;1194
26;2025-12-22;14;1237
26;2025-12-22;15;1343
26;2025-12-22;16;1521
26;2025-12-22;17;1697
26;2025-12-22;18;1847
26;2025-12-22;19;1250
26;2025-12-22;20;769
26;2025-12-22;21;463
26;2025-12-22;22;223
26;2025-12-22;23;114
26;2025-12-23;0;30
26;2025-12-23;1;1
26;2025-12-23;2;0
26;2025-12-23;3;1
26;2025-12-23;4;3
26;2025-12-23;5;90
26;2025-12-23;6;509
26;2025-12-23;7;1113
26;2025-12-23;8;2252
26;2025-12-23;9;1501
26;2025-12-23;10;1241
26;2025-12-23;11;1124
26;2025-12-23;12;1179
26;2025-12-23;13;1200
26;2025-12-23;14;1259
26;2025-12-23;15;1352
26;2025-12-23;16;1548
26;2025-12-23;17;1744
26;2025-12-23;18;1854
26;2025-12-23;19;1292
26;2025-12-23;20;783
26;2025-12-23;21;475
26;2025-12-23;22;232
26;2025-12-23;23;122
26;2025-12-24;0;31
26;2025-12-24;1;1
26;2025-12-24;2;0
26;2025-12-24;3;0
26;2025-12-24;4;4
26;2025-12-24;5;91
26;2025-12-24;6;504
26;2025-12-24;7;1093
26;2025-12-24;8;2225
26;2025-12-24;9;1497
26;2025-12-24;10;1249
26;2025-12-24;11;1124
26;2025-12-24;12;1174
26;2025-12-24;13;1205
26;2025-12-24;14;1296
26;2025-12-24;15;1367
26;2025-12-24;16;1531
26;2025-12-24;17;1693
26;2025-12-24;18;1819
26;2025-12-24;19;1243
26;2025-12-24;20;770
26;2025-12-24;21;489
26;2025-12-24;22;236
26;2025-12-24;23;127
26;2025-12-25;0;34
26;2025-12-25;1;1
26;2025-12-25;2;0
26;2025-12-25;3;0
26;2025-12-25;4;2
26;2025-12-25;5;89
26;2025-12-25;6;500
26;2025-12-25;7;1090
26;2025-12-25;8;2193
26;2025-12-25;9;1488
26;2025-12-25;10;1220
26;2025-12-25;11;1142
26;2025-12-25;12;1162
26;2025-12-25;13;1191
26;2025-12-25;14;1260
26;2025-12-25;15;1362
26;2025-12-25;16;1531
26;2025-12-25;17;1707
26;2025-12-25;18;1841
26;2025-12-25;19;1257
26;2025-12-25;20;772
26;2025-12-25;21;479
26;2025-12-25;22;234
26;2025-12-25;23;129
26;2025-12-26;0;32
26;2025-12-26;1;2
26;2025-12-26;2;0
26;2025-12-26;3;0
26;2025-12-26;4;2
26;2025-12-26;5;87
26;2025-12-26;6;502
26;2025-12-26;7;1072
26;2025-12-26;8;2142
26;2025-12-26;9;1441
26;2025-12-26;10;1226
26;2025-12-26;11;1105
26;2025-12-26;12;1162
26;2025-12-26;13;1208
26;2025-12-26;14;1264
26;2025-12-26;15;1385
26;2025-12-26;16;1599
26;2025-12-26;17;1708
26;2025-12-26;18;1615
26;2025-12-26;19;1171
26;2025-12-26;20;754
26;2025-12-26;21;472
26;2025-12-26;22;233
26;2025-12-26;23;144
26;2025-12-27;0;43
26;2025-12-27;1;2
26;2025-12-27;2;0
26;2025-12-27;3;0
26;2025-12-27;4;2
26;2025-12-27;5;46
26;2025-12-27;6;259
26;2025-12-27;7;364
26;2025-12-27;8;601
26;2025-12-27;9;689
26;2025-12-27;10;815
26;2025-12-27;11;994
26;2025-12-27;12;1046
26;2025-12-27;13;1022
26;2025-12-27;14;1054
26;2025-12-27;15;953
26;2025-12-27;16;984
26;2025-12-27;17;913
26;2025-12-27;18;860
26;2025-12-27;19;787
26;2025-12-27;20;531
26;2025-12-27;21;365
26;2025-12-27;22;215
26;2025-12-27;23;144
26;2025-12-28;0;44
26;2025-12-28;1;4
26;2025-12-28;2;1
26;2025-12-28;3;1
26;2025-12-28;4;1
26;2025-12-28;5;30
26;2025-12-28;6;151
26;2025-12-28;7;240
26;2025-12-28;8;355
26;2025-12-28;9;489
26;2025-12-28;10;551
26;2025-12-28;11;740
26;2025-12-28;12;777
26;2025-12-28;13;817
26;2025-12-28;14;809
26;2025-12-28;15;744
26;2025-12-28;16;735
26;2025-12-28;17;726
26;2025-12-28;18;660
26;2025-12-28;19;531
26;2025-12-28;20;387
26;2025-12-28;21;274
26;2025-12-28;22;183
26;2025-12-28;23;99
26;2025-12-29;0;30
26;2025-12-29;1;2
26;2025-12-29;2;0
26;2025-12-29;3;0
26;2025-12-29;4;2
26;2025-12-29;5;89
26;2025-12-29;6;503
26;2025-12-29;7;1099
26;2025-12-29;8;2174
26;2025-12-29;9;1472
26;2025-12-29;10;1229
26;2025-12-29;11;1095
26;2025-12-29;12;1137
26;2025-12-29;13;1193
26;2025-12-29;14;1235
26;2025-12-29;15;1341
26;2025-12-29;16;1519
26;2025-12-29;17;1695
26;2025-12-29;18;1844
26;2025-12-29;19;1248
26;2025-12-29;20;768
26;2025-12-29;21;462
26;2025-12-29;22;222
26;2025-12-29;23;114
26;2025-12-30;0;30
26;2025-12-30;1;1
26;2025-12-30;2;0
26;2025-12-30;3;1
26;2025-12-30;4;3
26;2025-12-30;5;90
26;2025-12-30;6;508
26;2025-12-30;7;1111
26;2025-12-30;8;2249
26;2025-12-30;9;1499
26;2025-12-30;10;1239
26;2025-12-30;11;1122
26;2025-12-30;12;1177
26;2025-12-30;13;1198
26;2025-12-30;14;1257
26;2025-12-30;15;1350
26;2025-12-30;16;1546
26;2025-12-30;17;1741
26;2025-12-30;18;1851
26;2025-12-30;19;1290
26;2025-12-30;20;782
26;2025-12-30;21;474
26;2025-12-30;22;231
26;2025-12-30;23;122
26;2025-12-31;0;42
26;2025-12-31;1;4
26;2025-12-31;2;1
26;2025-12-31;3;0
26;2025-12-31;4;1
26;2025-12-31;5;31
26;2025-12-31;6;156
26;2025-12-31;7;238
26;2025-12-31;8;343
26;2025-12-31;9;471
26;2025-12-31;10;532
26;2025-12-31;11;712
26;2025-12-31;12;752
26;2025-12-31;13;791
26;2025-12-31;14;775
26;2025-12-31;15;725
26;2025-12-31;16;712
26;2025-12-31;17;703
26;2025-12-31;18;647
26;2025-12-31;19;537
26;2025-12-31;20;387
26;2025-12-31;21;273
26;2025-12-31;22;183
26;2025-12-31;23;100
28;2025-11-01;0;1
28;2025-11-01;1;0
28;2025-11-01;2;0
28;2025-11-01;3;0
28;2025-11-01;4;2
28;2025-11-01;5;80
28;2025-11-01;6;277
28;2025-11-01;7;828
28;2025-11-01;8;1292
28;2025-11-01;9;892
28;2025-11-01;10;664
28;2025-11-01;11;591
28;2025-11-01;12;722
28;2025-11-01;13;745
28;2025-11-01;14;688
28;2025-11-01;15;719
28;2025-11-01;16;904
28;2025-11-01;17;1029
28;2025-11-01;18;974
28;2025-11-01;19;736
28;2025-11-01;20;519
28;2025-11-01;21;326
28;2025-11-01;22;138
28;2025-11-01;23;18
28;2025-11-02;0;4
28;2025-11-02;1;2
28;2025-11-02;2;1
28;2025-11-02;3;1
28;2025-11-02;4;0
28;2025-11-02;5;29
28;2025-11-02;6;80
28;2025-11-02;7;149
28;2025-11-02;8;245
28;2025-11-02;9;317
28;2025-11-02;10;363
28;2025-11-02;11;395
28;2025-11-02;12;454
28;2025-11-02;13;510
28;2025-11-02;14;500
28;2025-11-02;15;499
28;2025-11-02;16;470
28;2025-11-02;17;468
28;2025-11-02;18;409
28;2025-11-02;19;351
28;2025-11-02;20;283
28;2025-11-02;21;235
28;2025-11-02;22;107
28;2025-11-02;23;14
28;2025-11-03;0;4
28;2025-11-03;1;2
28;2025-11-03;2;1
28;2025-11-03;3;1
28;2025-11-03;4;0
28;2025-11-03;5;28
28;2025-11-03;6;79
28;2025-11-03;7;148
28;2025-11-03;8;235
28;2025-11-03;9;305
28;2025-11-03;10;353
28;2025-11-03;11;381
28;2025-11-03;12;441
28;2025-11-03;13;498
28;2025-11-03;14;490
28;2025-11-03;15;489
28;2025-11-03;16;460
28;2025-11-03;17;462
28;2025-11-03;18;402
28;2025-11-03;19;345
28;2025-11-03;20;281
28;2025-11-03;21;233
28;2025-11-03;22;108
28;2025-11-03;23;14
28;2025-11-04;0;4
28;2025-11-04;1;2
28;2025-11-04;2;1
28;2025-11-04;3;1
28;2025-11-04;4;0
28;2025-11-04;5;28
28;2025-11-04;6;79
28;2025-11-04;7;149
28;2025-11-04;8;237
28;2025-11-04;9;307
28;2025-11-04;10;355
28;2025-11-04;11;383
28;2025-11-04;12;443
28;2025-11-04;13;500
28;2025-11-04;14;493
28;2025-11-04;15;491
28;2025-11-04;16;463
28;2025-11-04;17;464
28;2025-11-04;18;404
28;2025-11-04;19;346
28;2025-11-04;20;283
28;2025-11-04;21;234
28;2025-11-04;22;108
28;2025-11-04;23;14
28;2025-11-05;0;1
28;2025-11-05;1;0
28;2025-11-05;2;0
28;2025-11-05;3;0
28;2025-11-05;4;2
28;2025-11-05;5;83
28;2025-11-05;6;280
28;2025-11-05;7;821
28;2025-11-05;8;1294
28;2025-11-05;9;885
28;2025-11-05;10;666
28;2025-11-05;11;612
28;2025-11-05;12;725
28;2025-11-05;13;751
28;2025-11-05;14;694
28;2025-11-05;15;729
28;2025-11-05;16;903
28;2025-11-05;17;1034
28;2025-11-05;18;982
28;2025-11-05;19;745
28;2025-11-05;20;519
28;2025-11-05;21;330
28;2025-11-05;22;141
28;2025-11-05;23;18
28;2025-11-06;0;1
28;2025-11-06;1;0
28;2025-11-06;2;0
28;2025-11-06;3;0
28;2025-11-06;4;2
28;2025-11-06;5;80
28;2025-11-06;6;279
28;2025-11-06;7;835
28;2025-11-06;8;1301
28;2025-11-06;9;896
28;2025-11-06;10;664
28;2025-11-06;11;589
28;2025-11-06;12;732
28;2025-11-06;13;750
28;2025-11-06;14;692
28;2025-11-06;15;725
28;2025-11-06;16;892
28;2025-11-06;17;1028
28;2025-11-06;18;1007
28;2025-11-06;19;748
28;2025-11-06;20;532
28;2025-11-06;21;334
28;2025-11-06;22;143
28;2025-11-06;23;18
28;2025-11-07;0;1
28;2025-11-07;1;0
28;2025-11-07;2;0
28;2025-11-07;3;0
28;2025-11-07;4;2
28;2025-11-07;5;78
28;2025-11-07;6;268
28;2025-11-07;7;807
28;2025-11-07;8;1238
28;2025-11-07;9;865
28;2025-11-07;10;652
28;2025-11-07;11;580
28;2025-11-07;12;716
28;2025-11-07;13;736
28;2025-11-07;14;701
28;2025-11-07;15;725
28;2025-11-07;16;938
28;2025-11-07;17;1020
28;2025-11-07;18;905
28;2025-11-07;19;688
28;2025-11-07;20;495
28;2025-11-07;21;323
28;2025-11-07;22;142
28;2025-11-07;23;20
28;2025-11-08;0;1
28;2025-11-08;1;0
28;2025-11-08;2;0
28;2025-11-08;3;0
28;2025-11-08;4;1
28;2025-11-08;5;37
28;2025-11-08;6;101
28;2025-11-08;7;224
28;2025-11-08;8;391
28;2025-11-08;9;473
28;2025-11-08;10;495
28;2025-11-08;11;499
28;2025-11-08;12;594
28;2025-11-08;13;606
28;2025-11-08;14;615
28;2025-11-08;15;598
28;2025-11-08;16;566
28;2025-11-08;17;584
28;2025-11-08;18;508
28;2025-11-08;19;423
28;2025-11-08;20;320
28;2025-11-08;21;281
28;2025-11-08;22;136
28;2025-11-08;23;24
28;2025-11-09;0;4
28;2025-11-09;1;2
28;2025-11-09;2;1
28;2025-11-09;3;1
28;2025-11-09;4;0
28;2025-11-09;5;29
28;2025-11-09;6;80
28;2025-11-09;7;148
28;2025-11-09;8;244
28;2025-11-09;9;316
28;2025-11-09;10;362
28;2025-11-09;11;394
28;2025-11-09;12;453
28;2025-11-09;13;509
28;2025-11-09;14;498
28;2025-11-09;15;498
28;2025-11-09;16;468
28;2025-11-09;17;467
28;2025-11-09;18;407
28;2025-11-09;19;350
28;2025-11-09;20;282
28;2025-11-09;21;235
28;2025-11-09;22;107
28;2025-11-09;23;13
28;2025-11-10;0;1
28;2025-11-10;1;0
28;2025-11-10;2;0
28;2025-11-10;3;0
28;2025-11-10;4;2
28;2025-11-10;5;80
28;2025-11-10;6;275
28;2025-11-10;7;813
28;2025-11-10;8;1266
28;2025-11-10;9;883
28;2025-11-10;10;644
28;2025-11-10;11;571
28;2025-11-10;12;702
28;2025-11-10;13;718
28;2025-11-10;14;663
28;2025-11-10;15;694
28;2025-11-10;16;898
28;2025-11-10;17;1006
28;2025-11-10;18;972
28;2025-11-10;19;733
28;2025-11-10;20;504
28;2025-11-10;21;316
28;2025-11-10;22;131
28;2025-11-10;23;17
28;2025-11-11;0;1
28;2025-11-11;1;0
28;2025-11-11;2;0
28;2025-11-11;3;0
28;2025-11-11;4;2
28;2025-11-11;5;78
28;2025-11-11;6;272
28;2025-11-11;7;824
28;2025-11-11;8;1286
28;2025-11-11;9;898
28;2025-11-11;10;683
28;2025-11-11;11;589
28;2025-11-11;12;716
28;2025-11-11;13;753
28;2025-11-11;14;686
28;2025-11-11;15;711
28;2025-11-11;16;879
28;2025-11-11;17;1016
28;2025-11-11;18;971
28;2025-11-11;19;740
28;2025-11-11;20;528
28;2025-11-11;21;326
28;2025-11-11;22;134
28;2025-11-11;23;19
28;2025-11-12;0;1
28;2025-11-12;1;0
28;2025-11-12;2;0
28;2025-11-12;3;0
28;2025-11-12;4;2
28;2025-11-12;5;82
28;2025-11-12;6;279
28;2025-11-12;7;817
28;2025-11-12;8;1288
28;2025-11-12;9;881
28;2025-11-12;10;662
28;2025-11-12;11;609
28;2025-11-12;12;721
28;2025-11-12;13;747
28;2025-11-12;14;691
28;2025-11-12;15;726
28;2025-11-12;16;898
28;2025-11-12;17;1029
28;2025-11-12;18;977
28;2025-11-12;19;742
28;2025-11-12;20;517
28;2025-11-12;21;329
28;2025-11-12;22;141
28;2025-11-12;23;18
28;2025-11-13;0;1
28;2025-11-13;1;0
28;2025-11-13;2;0
28;2025-11-13;3;0
28;2025-11-13;4;2
28;2025-11-13;5;79
28;2025-11-13;6;278
28;2025-11-13;7;832
28;2025-11-13;8;1297
28;2025-11-13;9;893
28;2025-11-13;10;662
28;2025-11-13;11;586
28;2025-11-13;12;730
28;2025-11-13;13;747
28;2025-11-13;14;690
28;2025-11-13;15;722
28;2025-11-13;16;889
28;2025-11-13;17;1024
28;2025-11-13;18;1004
28;2025-11-13;19;746
28;2025-11-13;20;531
28;2025-11-13;21;332
28;2025-11-13;22;142
28;2025-11-13;23;18
28;2025-11-14;0;1
28;2025-11-14;1;0
28;2025-11-14;2;0
28;2025-11-14;3;0
28;2025-11-14;4;2
28;2025-11-14;5;78
28;2025-11-14;6;267
28;2025-11-14;7;804
28;2025-11-14;8;1234
28;2025-11-14;9;862
28;2025-11-14;10;650
28;2025-11-14;11;578
28;2025-11-14;12;714
28;2025-11-14;13;734
28;2025-11-14;14;699
28;2025-11-14;15;723
28;2025-11-14;16;935
28;2025-11-14;17;1016
28;2025-11-14;18;902
28;2025-11-14;19;686
28;2025-11-14;20;494
28;2025-11-14;21;322
28;2025-11-14;22;142
28;2025-11-14;23;20
28;2025-11-15;0;1
28;2025-11-15;1;0
28;2025-11-15;2;0
28;2025-11-15;3;0
28;2025-11-15;4;1
28;2025-11-15;5;37
28;2025-11-15;6;101
28;2025-11-15;7;223
28;2025-11-15;8;389
28;2025-11-15;9;471
28;2025-11-15;10;493
28;2025-11-15;11;497
28;2025-11-15;12;593
28;2025-11-15;13;604
28;2025-11-15;14;613
28;2025-11-15;15;596
28;2025-11-15;16;564
28;2025-11-15;17;582
28;2025-11-15;18;506
28;2025-11-15;19;422
28;2025-11-15;20;319
28;2025-11-15;21;280
28;2025-11-15;22;136
28;2025-11-15;23;24
28;2025-11-16;0;4
28;2025-11-16;1;2
28;2025-11-16;2;1
28;2025-11-16;3;1
28;2025-11-16;4;0
28;2025-11-16;5;29
28;2025-11-16;6;79
28;2025-11-16;7;148
28;2025-11-16;8;244
28;2025-11-16;9;316
28;2025-11-16;10;362
28;2025-11-16;11;394
28;2025-11-16;12;452
28;2025-11-16;13;508
28;2025-11-16;14;498
28;2025-11-16;15;497
28;2025-11-16;16;468
28;2025-11-16;17;466
28;2025-11-16;18;407
28;2025-11-16;19;350
28;2025-11-16;20;282
28;2025-11-16;21;234
28;2025-11-16;22;107
28;2025-11-16;23;13
28;2025-11-17;0;1
28;2025-11-17;1;0
28;2025-11-17;2;0
28;2025-11-17;3;0
28;2025-11-17;4;2
28;2025-11-17;5;79
28;2025-11-17;6;274
28;2025-11-17;7;811
28;2025-11-17;8;1262
28;2025-11-17;9;880
28;2025-11-17;10;642
28;2025-11-17;11;569
28;2025-11-17;12;700
28;2025-11-17;13;716
28;2025-11-17;14;661
28;2025-11-17;15;692
28;2025-11-17;16;895
28;2025-11-17;17;1002
28;2025-11-17;18;969
28;2025-11-17;19;730
28;2025-11-17;20;502
28;2025-11-17;21;315
28;2025-11-17;22;130
28;2025-11-17;23;16
28;2025-11-18;0;1
28;2025-11-18;1;0
28;2025-11-18;2;0
28;2025-11-18;3;0
28;2025-11-18;4;2
28;2025-11-18;5;77
28;2025-11-18;6;271
28;2025-11-18;7;821
28;2025-11-18;8;1281
28;2025-11-18;9;895
28;2025-11-18;10;680
28;2025-11-18;11;587
28;2025-11-18;12;713
28;2025-11-18;13;750
28;2025-11-18;14;683
28;2025-11-18;15;708
28;2025-11-18;16;876
28;2025-11-18;17;1012
28;2025-11-18;18;967
28;2025-11-18;19;737
28;2025-11-18;20;526
28;2025-11-18;21;325
28;2025-11-18;22;133
28;2025-11-18;23;19
28;2025-11-19;0;1
28;2025-11-19;1;0
28;2025-11-19;2;0
28;2025-11-19;3;0
28;2025-11-19;4;2
28;2025-11-19;5;82
28;2025-11-19;6;278
28;2025-11-19;7;814
28;2025-11-19;8;1283
28;2025-11-19;9;878
28;2025-11-19;10;660
28;2025-11-19;11;606
28;2025-11-19;12;718
28;2025-11-19;13;744
28;2025-11-19;14;688
28;2025-11-19;15;723
28;2025-11-19;16;895
28;2025-11-19;17;1025
28;2025-11-19;18;973
28;2025-11-19;19;739
28;2025-11-19;20;515
28;2025-11-19;21;327
28;2025-11-19;22;140
28;2025-11-19;23;18
28;2025-11-20;0;1
28;2025-11-20;1;0
28;2025-11-20;2;0
28;2025-11-20;3;0
28;2025-11-20;4;2
28;2025-11-20;5;79
28;2025-11-20;6;278
28;2025-11-20;7;830
28;2025-11-20;8;1294
28;2025-11-20;9;891
28;2025-11-20;10;660
28;2025-11-20;11;585
28;2025-11-20;12;728
28;2025-11-20;13;746
28;2025-11-20;14;688
28;2025-11-20;15;720
28;2025-11-20;16;887
28;2025-11-20;17;1022
28;2025-11-20;18;1001
28;2025-11-20;19;744
28;2025-11-20;20;529
28;2025-11-20;21;332
28;2025-11-20;22;142
28;2025-11-20;23;18
28;2025-11-21;0;1
28;2025-11-21;1;0
28;2025-11-21;2;0
28;2025-11-21;3;0
28;2025-11-21;4;2
28;2025-11-21;5;78
28;2025-11-21;6;267
28;2025-11-21;7;803
28;2025-11-21;8;1231
28;2025-11-21;9;860
28;2025-11-21;10;649
28;2025-11-21;11;576
28;2025-11-21;12;712
28;2025-11-21;13;732
28;2025-11-21;14;697
28;2025-11-21;15;721
28;2025-11-21;16;933
28;2025-11-21;17;1014
28;2025-11-21;18;900
28;2025-11-21;19;684
28;2025-11-21;20;493
28;2025-11-21;21;321
28;2025-11-21;22;141
28;2025-11-21;23;20
28;2025-11-22;0;1
28;2025-11-22;1;0
28;2025-11-22;2;0
28;2025-11-22;3;0
28;2025-11-22;4;1
28;2025-11-22;5;36
28;2025-11-22;6;100
28;2025-11-22;7;223
28;2025-11-22;8;389
28;2025-11-22;9;471
28;2025-11-22;10;493
28;2025-11-22;11;496
28;2025-11-22;12;592
28;2025-11-22;13;603
28;2025-11-22;14;612
28;2025-11-22;15;595
28;2025-11-22;16;563
28;2025-11-22;17;581
28;2025-11-22;18;505
28;2025-11-22;19;421
28;2025-11-22;20;318
28;2025-11-22;21;279
28;2025-11-22;22;135
28;2025-11-22;23;24
28;2025-11-23;0;4
28;2025-11-23;1;2
28;2025-11-23;2;1
28;2025-11-23;3;1
28;2025-11-23;4;0
28;2025-11-23;5;29
28;2025-11-23;6;80
28;2025-11-23;7;148
28;2025-11-23;8;244
28;2025-11-23;9;317
28;2025-11-23;10;363
28;2025-11-23;11;395
28;2025-11-23;12;453
28;2025-11-23;13;509
28;2025-11-23;14;499
28;2025-11-23;15;498
28;2025-11-23;16;469
28;2025-11-23;17;467
28;2025-11-23;18;408
28;2025-11-23;19;351
28;2025-11-23;20;282
28;2025-11-23;21;235
28;2025-11-23;22;107
28;2025-11-23;23;13
28;2025-11-24;0;1
28;2025-11-24;1;0
28;2025-11-24;2;0
28;2025-11-24;3;0
28;2025-11-24;4;2
28;2025-11-24;5;79
28;2025-11-24;6;274
28;2025-11-24;7;809
28;2025-11-24;8;1259
28;2025-11-24;9;878
28;2025-11-24;10;641
28;2025-11-24;11;568
28;2025-11-24;12;699
28;2025-11-24;13;714
28;2025-11-24;14;659
28;2025-11-24;15;691
28;2025-11-24;16;893
28;2025-11-24;17;1000
28;2025-11-24;18;967
28;2025-11-24;19;729
28;2025-11-24;20;501
28;2025-11-24;21;315
28;2025-11-24;22;130
28;2025-11-24;23;16
28;2025-11-25;0;1
28;2025-11-25;1;0
28;2025-11-25;2;0
28;2025-11-25;3;0
28;2025-11-25;4;2
28;2025-11-25;5;77
28;2025-11-25;6;271
28;2025-11-25;7;820
28;2025-11-25;8;1279
28;2025-11-25;9;894
28;2025-11-25;10;679
28;2025-11-25;11;586
28;2025-11-25;12;712
28;2025-11-25;13;749
28;2025-11-25;14;683
28;2025-11-25;15;707
28;2025-11-25;16;875
28;2025-11-25;17;1011
28;2025-11-25;18;966
28;2025-11-25;19;736
28;2025-11-25;20;526
28;2025-11-25;21;325
28;2025-11-25;22;133
28;2025-11-25;23;19
28;2025-11-26;0;1
28;2025-11-26;1;0
28;2025-11-26;2;0
28;2025-11-26;3;0
28;2025-11-26;4;2
28;2025-11-26;5;82
28;2025-11-26;6;278
28;2025-11-26;7;813
28;2025-11-26;8;1282
28;2025-11-26;9;877
28;2025-11-26;10;659
28;2025-11-26;11;606
28;2025-11-26;12;717
28;2025-11-26;13;743
28;2025-11-26;14;687
28;2025-11-26;15;722
28;2025-11-26;16;894
28;2025-11-26;17;1024
28;2025-11-26;18;972
28;2025-11-26;19;738
28;2025-11-26;20;514
28;2025-11-26;21;327
28;2025-11-26;22;140
28;2025-11-26;23;18
28;2025-11-27;0;1
28;2025-11-27;1;0
28;2025-11-27;2;0
28;2025-11-27;3;0
28;2025-11-27;4;2
28;2025-11-27;5;79
28;2025-11-27;6;277
28;2025-11-27;7;828
28;2025-11-27;8;1291
28;2025-11-27;9;889
28;2025-11-27;10;658
28;2025-11-27;11;583
28;2025-11-27;12;726
28;2025-11-27;13;743
28;2025-11-27;14;686
28;2025-11-27;15;718
28;2025-11-27;16;884
28;2025-11-27;17;1019
28;2025-11-27;18;999
28;2025-11-27;19;742
28;2025-11-27;20;528
28;2025-11-27;21;331
28;2025-11-27;22;142
28;2025-11-27;23;18
28;2025-11-28;0;1
28;2025-11-28;1;0
28;2025-11-28;2;0
28;2025-11-28;3;0
28;2025-11-28;4;2
28;2025-11-28;5;77
28;2025-11-28;6;266
28;2025-11-28;7;800
28;2025-11-28;8;1228
28;2025-11-28;9;858
28;2025-11-28;10;647
28;2025-11-28;11;575
28;2025-11-28;12;710
28;2025-11-28;13;730
28;2025-11-28;14;695
28;2025-11-28;15;719
28;2025-11-28;16;930
28;2025-11-28;17;1011
28;2025-11-28;18;897
28;2025-11-28;19;683
28;2025-11-28;20;491
28;2025-11-28;21;320
28;2025-11-28;22;141
28;2025-11-28;23;20
28;2025-11-29;0;1
28;2025-11-29;1;0
28;2025-11-29;2;0
28;2025-11-29;3;0
28;2025-11-29;4;1
28;2025-11-29;5;36
28;2025-11-29;6;100
28;2025-11-29;7;222
28;2025-11-29;8;388
28;2025-11-29;9;469
28;2025-11-29;10;491
28;2025-11-29;11;495
28;2025-11-29;12;590
28;2025-11-29;13;602
28;2025-11-29;14;611
28;2025-11-29;15;594
28;2025-11-29;16;561
28;2025-11-29;17;580
28;2025-11-29;18;504
28;2025-11-29;19;420
28;2025-11-29;20;317
28;2025-11-29;21;279
28;2025-11-29;22;135
28;2025-11-29;23;24
28;2025-11-30;0;4
28;2025-11-30;1;2
28;2025-11-30;2;1
28;2025-11-30;3;1
28;2025-11-30;4;0
28;2025-11-30;5;29
28;2025-11-30;6;79
28;2025-11-30;7;148
28;2025-11-30;8;244
28;2025-11-30;9;316
28;2025-11-30;10;362
28;2025-11-30;11;394
28;2025-11-30;12;453
28;2025-11-30;13;509
28;2025-11-30;14;498
28;2025-11-30;15;498
28;2025-11-30;16;468
28;2025-11-30;17;467
28;2025-11-30;18;407
28;2025-11-30;19;350
28;2025-11-30;20;282
28;2025-11-30;21;235
28;2025-11-30;22;107
28;2025-11-30;23;13
28;2025-12-01;0;1
28;2025-12-01;1;0
28;2025-12-01;2;0
28;2025-12-01;3;0
28;2025-12-01;4;2
28;2025-12-01;5;79
28;2025-12-01;6;273
28;2025-12-01;7;807
28;2025-12-01;8;1256
28;2025-12-01;9;876
28;2025-12-01;10;639
28;2025-12-01;11;567
28;2025-12-01;12;697
28;2025-12-01;13;713
28;2025-12-01;14;658
28;2025-12-01;15;689
28;2025-12-01;16;891
28;2025-12-01;17;998
28;2025-12-01;18;965
28;2025-12-01;19;727
28;2025-12-01;20;500
28;2025-12-01;21;314
28;2025-12-01;22;130
28;2025-12-01;23;16
28;2025-12-02;0;1
28;2025-12-02;1;0
28;2025-12-02;2;0
28;2025-12-02;3;0
28;2025-12-02;4;2
28;2025-12-02;5;77
28;2025-12-02;6;270
28;2025-12-02;7;817
28;2025-12-02;8;1276
28;2025-12-02;9;891
28;2025-12-02;10;677
28;2025-12-02;11;585
28;2025-12-02;12;710
28;2025-12-02;13;747
28;2025-12-02;14;681
28;2025-12-02;15;705
28;2025-12-02;16;872
28;2025-12-02;17;1008
28;2025-12-02;18;963
28;2025-12-02;19;734
28;2025-12-02;20;524
28;2025-12-02;21;324
28;2025-12-02;22;133
28;2025-12-02;23;19
28;2025-12-03;0;1
28;2025-12-03;1;0
28;2025-12-03;2;0
28;2025-12-03;3;0
28;2025-12-03;4;2
28;2025-12-03;5;82
28;2025-12-03;6;277
28;2025-12-03;7;811
28;2025-12-03;8;1279
28;2025-12-03;9;875
28;2025-12-03;10;658
28;2025-12-03;11;604
28;2025-12-03;12;716
28;2025-12-03;13;742
28;2025-12-03;14;686
28;2025-12-03;15;721
28;2025-12-03;16;892
28;2025-12-03;17;1022
28;2025-12-03;18;970
28;2025-12-03;19;737
28;2025-12-03;20;513
28;2025-12-03;21;326
28;2025-12-03;22;140
28;2025-12-03;23;18
28;2025-12-04;0;1
28;2025-12-04;1;0
28;2025-12-04;2;0
28;2025-12-04;3;0
28;2025-12-04;4;2
28;2025-12-04;5;79
28;2025-12-04;6;276
28;2025-12-04;7;826
28;2025-12-04;8;1288
28;2025-12-04;9;887
28;2025-12-04;10;657
28;2025-12-04;11;582
28;2025-12-04;12;725
28;2025-12-04;13;742
28;2025-12-04;14;685
28;2025-12-04;15;717
28;2025-12-04;16;883
28;2025-12-04;17;1017
28;2025-12-04;18;997
28;2025-12-04;19;741
28;2025-12-04;20;527
28;2025-12-04;21;330
28;2025-12-04;22;141
28;2025-12-04;23;18
28;2025-12-05;0;1
28;2025-12-05;1;0
28;2025-12-05;2;0
28;2025-12-05;3;0
28;2025-12-05;4;2
28;2025-12-05;5;77
28;2025-12-05;6;266
28;2025-12-05;7;799
28;2025-12-05;8;1226
28;2025-12-05;9;857
28;2025-12-05;10;646
28;2025-12-05;11;574
28;2025-12-05;12;709
28;2025-12-05;13;729
28;2025-12-05;14;694
28;2025-12-05;15;718
28;2025-12-05;16;929
28;2025-12-05;17;1010
28;2025-12-05;18;896
28;2025-12-05;19;681
28;2025-12-05;20;491
28;2025-12-05;21;319
28;2025-12-05;22;141
28;2025-12-05;23;20
28;2025-12-06;0;1
28;2025-12-06;1;0
28;2025-12-06;2;0
28;2025-12-06;3;0
28;2025-12-06;4;1
28;2025-12-06;5;36
28;2025-12-06;6;100
28;2025-12-06;7;222
28;2025-12-06;8;387
28;2025-12-06;9;469
28;2025-12-06;10;491
28;2025-12-06;11;495
28;2025-12-06;12;590
28;2025-12-06;13;601
28;2025-12-06;14;610
28;2025-12-06;15;593
28;2025-12-06;16;561
28;2025-12-06;17;579
28;2025-12-06;18;504
28;2025-12-06;19;419
28;2025-12-06;20;317
28;2025-12-06;21;278
28;2025-12-06;22;135
28;2025-12-06;23;24
28;2025-12-07;0;4
28;2025-12-07;1;2
28;2025-12-07;2;1
28;2025-12-07;3;1
28;2025-12-07;4;0
28;2025-12-07;5;29
28;2025-12-07;6;79
28;2025-12-07;7;148
28;2025-12-07;8;244
28;2025-12-07;9;316
28;2025-12-07;10;362
28;2025-12-07;11;394
28;2025-12-07;12;453
28;2025-12-07;13;509
28;2025-12-07;14;499
28;2025-12-07;15;498
28;2025-12-07;16;468
28;2025-12-07;17;467
28;2025-12-07;18;407
28;2025-12-07;19;350
28;2025-12-07;20;282
28;2025-12-07;21;235
28;2025-12-07;22;107
28;2025-12-07;23;13
28;2025-12-08;0;1
28;2025-12-08;1;0
28;2025-12-08;2;0
28;2025-12-08;3;0
28;2025-12-08;4;2
28;2025-12-08;5;79
28;2025-12-08;6;272
28;2025-12-08;7;806
28;2025-12-08;8;1254
28;2025-12-08;9;875
28;2025-12-08;10;638
28;2025-12-08;11;566
28;2025-12-08;12;696
28;2025-12-08;13;711
28;2025-12-08;14;657
28;2025-12-08;15;688
28;2025-12-08;16;890
28;2025-12-08;17;996
28;2025-12-08;18;963
28;2025-12-08;19;726
28;2025-12-08;20;499
28;2025-12-08;21;313
28;2025-12-08;22;130
28;2025-12-08;23;16
28;2025-12-09;0;1
28;2025-12-09;1;0
28;2025-12-09;2;0
28;2025-12-09;3;0
28;2025-12-09;4;2
28;2025-12-09;5;77
28;2025-12-09;6;270
28;2025-12-09;7;816
28;2025-12-09;8;1274
28;2025-12-09;9;890
28;2025-12-09;10;676
28;2025-12-09;11;584
28;2025-12-09;12;709
28;2025-12-09;13;746
28;2025-12-09;14;680
28;2025-12-09;15;704
28;2025-12-09;16;871
28;2025-12-09;17;1007
28;2025-12-09;18;962
28;2025-12-09;19;733
28;2025-12-09;20;524
28;2025-12-09;21;323
28;2025-12-09;22;132
28;2025-12-09;23;19
28;2025-12-10;0;1
28;2025-12-10;1;0
28;2025-12-10;2;0
28;2025-12-10;3;0
28;2025-12-10;4;2
28;2025-12-10;5;82
28;2025-12-10;6;276
28;2025-12-10;7;810
28;2025-12-10;8;1276
28;2025-12-10;9;873
28;2025-12-10;10;657
28;2025-12-10;11;603
28;2025-12-10;12;714
28;2025-12-10;13;740
28;2025-12-10;14;685
28;2025-12-10;15;719
28;2025-12-10;16;890
28;2025-12-10;17;1020
28;2025-12-10;18;968
28;2025-12-10;19;735
28;2025-12-10;20;512
28;2025-12-10;21;326
28;2025-12-10;22;139
28;2025-12-10;23;18
28;2025-12-11;0;1
28;2025-12-11;1;0
28;2025-12-11;2;0
28;2025-12-11;3;0
28;2025-12-11;4;2
28;2025-12-11;5;79
28;2025-12-11;6;276
28;2025-12-11;7;825
28;2025-12-11;8;1286
28;2025-12-11;9;885
28;2025-12-11;10;656
28;2025-12-11;11;581
28;2025-12-11;12;723
28;2025-12-11;13;741
28;2025-12-11;14;684
28;2025-12-11;15;716
28;2025-12-11;16;881
28;2025-12-11;17;1015
28;2025-12-11;18;995
28;2025-12-11;19;739
28;2025-12-11;20;526
28;2025-12-11;21;329
28;2025-12-11;22;141
28;2025-12-11;23;18
28;2025-12-12;0;1
28;2025-12-12;1;0
28;2025-12-12;2;0
28;2025-12-12;3;0
28;2025-12-12;4;2
28;2025-12-12;5;77
28;2025-12-12;6;265
28;2025-12-12;7;798
28;2025-12-12;8;1223
28;2025-12-12;9;855
28;2025-12-12;10;644
28;2025-12-12;11;573
28;2025-12-12;12;707
28;2025-12-12;13;727
28;2025-12-12;14;693
28;2025-12-12;15;716
28;2025-12-12;16;927
28;2025-12-12;17;1007
28;2025-12-12;18;894
28;2025-12-12;19;680
28;2025-12-12;20;489
28;2025-12-12;21;319
28;2025-12-12;22;140
28;2025-12-12;23;20
28;2025-12-13;0;1
28;2025-12-13;1;0
28;2025-12-13;2;0
28;2025-12-13;3;0
28;2025-12-13;4;1
28;2025-12-13;5;36
28;2025-12-13;6;100
28;2025-12-13;7;222
28;2025-12-13;8;387
28;2025-12-13;9;468
28;2025-12-13;10;490
28;2025-12-13;11;494
28;2025-12-13;12;588
28;2025-12-13;13;600
28;2025-12-13;14;609
28;2025-12-13;15;592
28;2025-12-13;16;560
28;2025-12-13;17;578
28;2025-12-13;18;503
28;2025-12-13;19;419
28;2025-12-13;20;316
28;2025-12-13;21;278
28;2025-12-13;22;135
28;2025-12-13;23;24
28;2025-12-14;0;4
28;2025-12-14;1;2
28;2025-12-14;2;1
28;2025-12-14;3;1
28;2025-12-14;4;0
28;2025-12-14;5;29
28;2025-12-14;6;79
28;2025-12-14;7;148
28;2025-12-14;8;244
28;2025-12-14;9;316
28;2025-12-14;10;362
28;2025-12-14;11;394
28;2025-12-14;12;452
28;2025-12-14;13;508
28;2025-12-14;14;498
28;2025-12-14;15;497
28;2025-12-14;16;468
28;2025-12-14;17;466
28;2025-12-14;18;407
28;2025-12-14;19;350
28;2025-12-14;20;282
28;2025-12-14;21;234
28;2025-12-14;22;107
28;2025-12-14;23;13
28;2025-12-15;0;1
28;2025-12-15;1;0
28;2025-12-15;2;0
28;2025-12-15;3;0
28;2025-12-15;4;2
28;2025-12-15;5;79
28;2025-12-15;6;272
28;2025-12-15;7;804
28;2025-12-15;8;1251
28;2025-12-15;9;873
28;2025-12-15;10;637
28;2025-12-15;11;565
28;2025-12-15;12;694
28;2025-12-15;13;710
28;2025-12-15;14;655
28;2025-12-15;15;686
28;2025-12-15;16;888
28;2025-12-15;17;994
28;2025-12-15;18;961
28;2025-12-15;19;724
28;2025-12-15;20;498
28;2025-12-15;21;313
28;2025-12-15;22;129
28;2025-12-15;23;16
28;2025-12-16;0;1
28;2025-12-16;1;0
28;2025-12-16;2;0
28;2025-12-16;3;0
28;2025-12-16;4;2
28;2025-12-16;5;77
28;2025-12-16;6;269
28;2025-12-16;7;814
28;2025-12-16;8;1271
28;2025-12-16;9;888
28;2025-12-16;10;675
28;2025-12-16;11;583
28;2025-12-16;12;707
28;2025-12-16;13;744
28;2025-12-16;14;678
28;2025-12-16;15;702
28;2025-12-16;16;869
28;2025-12-16;17;1005
28;2025-12-16;18;960
28;2025-12-16;19;731
28;2025-12-16;20;522
28;2025-12-16;21;322
28;2025-12-16;22;132
28;2025-12-16;23;19
28;2025-12-17;0;1
28;2025-12-17;1;0
28;2025-12-17;2;0
28;2025-12-17;3;0
28;2025-12-17;4;2
28;2025-12-17;5;81
28;2025-12-17;6;276
28;2025-12-17;7;808
28;2025-12-17;8;1273
28;2025-12-17;9;871
28;2025-12-17;10;655
28;2025-12-17;11;601
28;2025-12-17;12;713
28;2025-12-17;13;739
28;2025-12-17;14;683
28;2025-12-17;15;718
28;2025-12-17;16;888
28;2025-12-17;17;1017
28;2025-12-17;18;966
28;2025-12-17;19;733
28;2025-12-17;20;511
28;2025-12-17;21;325
28;2025-12-17;22;139
28;2025-12-17;23;18
28;2025-12-18;0;1
28;2025-12-18;1;0
28;2025-12-18;2;0
28;2025-12-18;3;0
28;2025-12-18;4;2
28;2025-12-18;5;79
28;2025-12-18;6;275
28;2025-12-18;7;823
28;2025-12-18;8;1283
28;2025-12-18;9;883
28;2025-12-18;10;654
28;2025-12-18;11;580
28;2025-12-18;12;721
28;2025-12-18;13;739
28;2025-12-18;14;682
28;2025-12-18;15;714
28;2025-12-18;16;879
28;2025-12-18;17;1013
28;2025-12-18;18;992
28;2025-12-18;19;737
28;2025-12-18;20;525
28;2025-12-18;21;329
28;2025-12-18;22;141
28;2025-12-18;23;18
28;2025-12-19;0;1
28;2025-12-19;1;0
28;2025-12-19;2;0
28;2025-12-19;3;0
28;2025-12-19;4;2
28;2025-12-19;5;77
28;2025-12-19;6;264
28;2025-12-19;7;796
28;2025-12-19;8;1220
28;2025-12-19;9;853
28;2025-12-19;10;643
28;2025-12-19;11;571
28;2025-12-19;12;705
28;2025-12-19;13;726
28;2025-12-19;14;691
28;2025-12-19;15;715
28;2025-12-19;16;925
28;2025-12-19;17;1005
28;2025-12-19;18;892
28;2025-12-19;19;678
28;2025-12-19;20;488
28;2025-12-19;21;318
28;2025-12-19;22;140
28;2025-12-19;23;20
28;2025-12-20;0;1
28;2025-12-20;1;0
28;2025-12-20;2;0
28;2025-12-20;3;0
28;2025-12-20;4;1
28;2025-12-20;5;36
28;2025-12-20;6;100
28;2025-12-20;7;221
28;2025-12-20;8;386
28;2025-12-20;9;467
28;2025-12-20;10;489
28;2025-12-20;11;493
28;2025-12-20;12;587
28;2025-12-20;13;599
28;2025-12-20;14;608
28;2025-12-20;15;591
28;2025-12-20;16;559
28;2025-12-20;17;577
28;2025-12-20;18;502
28;2025-12-20;19;418
28;2025-12-20;20;316
28;2025-12-20;21;277
28;2025-12-20;22;134
28;2025-12-20;23;23
28;2025-12-21;0;4
28;2025-12-21;1;2
28;2025-12-21;2;1
28;2025-12-21;3;1
28;2025-12-21;4;0
28;2025-12-21;5;29
28;2025-12-21;6;79
28;2025-12-21;7;148
28;2025-12-21;8;243
28;2025-12-21;9;316
28;2025-12-21;10;361
28;2025-12-21;11;393
28;2025-12-21;12;452
28;2025-12-21;13;508
28;2025-12-21;14;498
28;2025-12-21;15;497
28;2025-12-21;16;468
28;2025-12-21;17;466
28;2025-12-21;18;407
28;2025-12-21;19;349
28;2025-12-21;20;281
28;2025-12-21;21;234
28;2025-12-21;22;107
28;2025-12-21;23;13
28;2025-12-22;0;1
28;2025-12-22;1;0
28;2025-12-22;2;0
28;2025-12-22;3;0
28;2025-12-22;4;2
28;2025-12-22;5;78
28;2025-12-22;6;271
28;2025-12-22;7;802
28;2025-12-22;8;1248
28;2025-12-22;9;871
28;2025-12-22;10;635
28;2025-12-22;11;563
28;2025-12-22;12;692
28;2025-12-22;13;708
28;2025-12-22;14;654
28;2025-12-22;15;685
28;2025-12-22;16;886
28;2025-12-22;17;992
28;2025-12-22;18;959
28;2025-12-22;19;723
28;2025-12-22;20;497
28;2025-12-22;21;312
28;2025-12-22;22;129
28;2025-12-22;23;16
28;2025-12-23;0;1
28;2025-12-23;1;0
28;2025-12-23;2;0
28;2025-12-23;3;0
28;2025-12-23;4;2
28;2025-12-23;5;77
28;2025-12-23;6;268
28;2025-12-23;7;812
28;2025-12-23;8;1268
28;2025-12-23;9;886
28;2025-12-23;10;673
28;2025-12-23;11;581
28;2025-12-23;12;706
28;2025-12-23;13;742
28;2025-12-23;14;677
28;2025-12-23;15;701
28;2025-12-23;16;867
28;2025-12-23;17;1002
28;2025-12-23;18;957
28;2025-12-23;19;729
28;2025-12-23;20;521
28;2025-12-23;21;322
28;2025-12-23;22;132
28;2025-12-23;23;19
28;2025-12-24;0;1
28;2025-12-24;1;0
28;2025-12-24;2;0
28;2025-12-24;3;0
28;2025-12-24;4;2
28;2025-12-24;5;81
28;2025-12-24;6;275
28;2025-12-24;7;806
28;2025-12-24;8;1270
28;2025-12-24;9;869
28;2025-12-24;10;653
28;2025-12-24;11;600
28;2025-12-24;12;711
28;2025-12-24;13;737
28;2025-12-24;14;681
28;2025-12-24;15;716
28;2025-12-24;16;886
28;2025-12-24;17;1015
28;2025-12-24;18;964
28;2025-12-24;19;732
28;2025-12-24;20;510
28;2025-12-24;21;324
28;2025-12-24;22;139
28;2025-12-24;23;18
28;2025-12-25;0;1
28;2025-12-25;1;0
28;2025-12-25;2;0
28;2025-12-25;3;0
28;2025-12-25;4;2
28;2025-12-25;5;78
28;2025-12-25;6;275
28;2025-12-25;7;821
28;2025-12-25;8;1280
28;2025-12-25;9;881
28;2025-12-25;10;653
28;2025-12-25;11;578
28;2025-12-25;12;720
28;2025-12-25;13;737
28;2025-12-25;14;681
28;2025-12-25;15;712
28;2025-12-25;16;877
28;2025-12-25;17;1010
28;2025-12-25;18;990
28;2025-12-25;19;736
28;2025-12-25;20;523
28;2025-12-25;21;328
28;2025-12-25;22;140
28;2025-12-25;23;18
28;2025-12-26;0;1
28;2025-12-26;1;0
28;2025-12-26;2;0
28;2025-12-26;3;0
28;2025-12-26;4;2
28;2025-12-26;5;77
28;2025-12-26;6;264
28;2025-12-26;7;794
28;2025-12-26;8;1217
28;2025-12-26;9;851
28;2025-12-26;10;641
28;2025-12-26;11;570
28;2025-12-26;12;704
28;2025-12-26;13;724
28;2025-12-26;14;690
28;2025-12-26;15;713
28;2025-12-26;16;922
28;2025-12-26;17;1002
28;2025-12-26;18;889
28;2025-12-26;19;677
28;2025-12-26;20;487
28;2025-12-26;21;317
28;2025-12-26;22;140
28;2025-12-26;23;20
28;2025-12-27;0;1
28;2025-12-27;1;0
28;2025-12-27;2;0
28;2025-12-27;3;0
28;2025-12-27;4;1
28;2025-12-27;5;36
28;2025-12-27;6;99
28;2025-12-27;7;221
28;2025-12-27;8;385
28;2025-12-27;9;466
28;2025-12-27;10;488
28;2025-12-27;11;492
28;2025-12-27;12;586
28;2025-12-27;13;598
28;2025-12-27;14;607
28;2025-12-27;15;590
28;2025-12-27;16;558
28;2025-12-27;17;576
28;2025-12-27;18;501
28;2025-12-27;19;417
28;2025-12-27;20;315
28;2025-12-27;21;277
28;2025-12-27;22;134
28;2025-12-27;23;23
28;2025-12-28;0;4
28;2025-12-28;1;2
28;2025-12-28;2;1
28;2025-12-28;3;1
28;2025-12-28;4;0
28;2025-12-28;5;29
28;2025-12-28;6;79
28;2025-12-28;7;148
28;2025-12-28;8;243
28;2025-12-28;9;315
28;2025-12-28;10;361
28;2025-12-28;11;393
28;2025-12-28;12;451
28;2025-12-28;13;508
28;2025-12-28;14;497
28;2025-12-28;15;496
28;2025-12-28;16;467
28;2025-12-28;17;465
28;2025-12-28;18;406
28;2025-12-28;19;349
28;2025-12-28;20;281
28;2025-12-28;21;234
28;2025-12-28;22;107
28;2025-12-28;23;13
28;2025-12-29;0;1
28;2025-12-29;1;0
28;2025-12-29;2;0
28;2025-12-29;3;0
28;2025-12-29;4;2
28;2025-12-29;5;78
28;2025-12-29;6;271
28;2025-12-29;7;800
28;2025-12-29;8;1246
28;2025-12-29;9;869
28;2025-12-29;10;634
28;2025-12-29;11;562
28;2025-12-29;12;691
28;2025-12-29;13;707
28;2025-12-29;14;652
28;2025-12-29;15;683
28;2025-12-29;16;884
28;2025-12-29;17;990
28;2025-12-29;18;957
28;2025-12-29;19;721
28;2025-12-29;20;496
28;2025-12-29;21;311
28;2025-12-29;22;129
28;2025-12-29;23;16
28;2025-12-30;0;1
28;2025-12-30;1;0
28;2025-12-30;2;0
28;2025-12-30;3;0
28;2025-12-30;4;2
28;2025-12-30;5;76
28;2025-12-30;6;268
28;2025-12-30;7;811
28;2025-12-30;8;1265
28;2025-12-30;9;884
28;2025-12-30;10;672
28;2025-12-30;11;580
28;2025-12-30;12;704
28;2025-12-30;13;741
28;2025-12-30;14;675
28;2025-12-30;15;699
28;2025-12-30;16;865
28;2025-12-30;17;1000
28;2025-12-30;18;955
28;2025-12-30;19;728
28;2025-12-30;20;520
28;2025-12-30;21;321
28;2025-12-30;22;131
28;2025-12-30;23;19
28;2025-12-31;0;4
28;2025-12-31;1;2
28;2025-12-31;2;1
28;2025-12-31;3;1
28;2025-12-31;4;0
28;2025-12-31;5;28
28;2025-12-31;6;79
28;2025-12-31;7;148
28;2025-12-31;8;235
28;2025-12-31;9;305
28;2025-12-31;10;353
28;2025-12-31;11;381
28;2025-12-31;12;441
28;2025-12-31;13;497
28;2025-12-31;14;490
28;2025-12-31;15;488
28;2025-12-31;16;460
28;2025-12-31;17;462
28;2025-12-31;18;401
28;2025-12-31;19;344
28;2025-12-31;20;281
28;2025-12-31;21;233
28;2025-12-31;22;107
28;2025-12-31;23;14
50;2025-11-01;0;35
50;2025-11-01;1;3
50;2025-11-01;2;0
50;2025-11-01;3;0
50;2025-11-01;4;3
50;2025-11-01;5;71
50;2025-11-01;6;562
50;2025-11-01;7;1803
50;2025-11-01;8;2819
50;2025-11-01;9;2218
50;2025-11-01;10;1693
50;2025-11-01;11;1612
50;2025-11-01;12;1509
50;2025-11-01;13;1522
50;2025-11-01;14;1456
50;2025-11-01;15;1727
50;2025-11-01;16;1814
50;2025-11-01;17;2406
50;2025-11-01;18;2459
50;2025-11-01;19;1466
50;2025-11-01;20;914
50;2025-11-01;21;621
50;2025-11-01;22;286
50;2025-11-01;23;147
50;2025-11-02;0;39
50;2025-11-02;1;5
50;2025-11-02;2;1
50;2025-11-02;3;0
50;2025-11-02;4;1
50;2025-11-02;5;20
50;2025-11-02;6;95
50;2025-11-02;7;183
50;2025-11-02;8;287
50;2025-11-02;9;362
50;2025-11-02;10;395
50;2025-11-02;11;500
50;2025-11-02;12;553
50;2025-11-02;13;607
50;2025-11-02;14;628
50;2025-11-02;15;567
50;2025-11-02;16;571
50;2025-11-02;17;565
50;2025-11-02;18;503
50;2025-11-02;19;427
50;2025-11-02;20;349
50;2025-11-02;21;264
50;2025-11-02;22;162
50;2025-11-02;23;89
50;2025-11-03;0;38
50;2025-11-03;1;5
50;2025-11-03;2;1
50;2025-11-03;3;0
50;2025-11-03;4;1
50;2025-11-03;5;21
50;2025-11-03;6;102
50;2025-11-03;7;196
50;2025-11-03;8;292
50;2025-11-03;9;365
50;2025-11-03;10;388
50;2025-11-03;11;500
50;2025-11-03;12;558
50;2025-11-03;13;613
50;2025-11-03;14;624
50;2025-11-03;15;571
50;2025-11-03;16;564
50;2025-11-03;17;563
50;2025-11-03;18;499
50;2025-11-03;19;433
50;2025-11-03;20;352
50;2025-11-03;21;264
50;2025-11-03;22;166
50;2025-11-03;23;93
50;2025-11-04;0;38
50;2025-11-04;1;5
50;2025-11-04;2;1
50;2025-11-04;3;0
50;2025-11-04;4;1
50;2025-11-04;5;21
50;2025-11-04;6;102
50;2025-11-04;7;196
50;2025-11-04;8;292
50;2025-11-04;9;365
50;2025-11-04;10;388
50;2025-11-04;11;500
50;2025-11-04;12;558
50;2025-11-04;13;613
50;2025-11-04;14;625
50;2025-11-04;15;571
50;2025-11-04;16;564
50;2025-11-04;17;563
50;2025-11-04;18;499
50;2025-11-04;19;433
50;2025-11-04;20;353
50;2025-11-04;21;264
50;2025-11-04;22;166
50;2025-11-04;23;93
50;2025-11-05;0;35
50;2025-11-05;1;4
50;2025-11-05;2;0
50;2025-11-05;3;0
50;2025-11-05;4;3
50;2025-11-05;5;72
50;2025-11-05;6;561
50;2025-11-05;7;1793
50;2025-11-05;8;2802
50;2025-11-05;9;2206
50;2025-11-05;10;1689
50;2025-11-05;11;1609
50;2025-11-05;12;1508
50;2025-11-05;13;1533
50;2025-11-05;14;1477
50;2025-11-05;15;1731
50;2025-11-05;16;1801
50;2025-11-05;17;2446
50;2025-11-05;18;2491
50;2025-11-05;19;1502
50;2025-11-05;20;911
50;2025-11-05;21;627
50;2025-11-05;22;289
50;2025-11-05;23;144
50;2025-11-06;0;38
50;2025-11-06;1;3
50;2025-11-06;2;0
50;2025-11-06;3;0
50;2025-11-06;4;2
50;2025-11-06;5;71
50;2025-11-06;6;553
50;2025-11-06;7;1779
50;2025-11-06;8;2763
50;2025-11-06;9;2188
50;2025-11-06;10;1687
50;2025-11-06;11;1592
50;2025-11-06;12;1503
50;2025-11-06;13;1510
50;2025-11-06;14;1441
50;2025-11-06;15;1681
50;2025-11-06;16;1794
50;2025-11-06;17;2392
50;2025-11-06;18;2483
50;2025-11-06;19;1472
50;2025-11-06;20;934
50;2025-11-06;21;637
50;2025-11-06;22;289
50;2025-11-06;23;152
50;2025-11-07;0;39
50;2025-11-07;1;3
50;2025-11-07;2;0
50;2025-11-07;3;0
50;2025-11-07;4;3
50;2025-11-07;5;68
50;2025-11-07;6;552
50;2025-11-07;7;1742
50;2025-11-07;8;2730
50;2025-11-07;9;2143
50;2025-11-07;10;1623
50;2025-11-07;11;1612
50;2025-11-07;12;1520
50;2025-11-07;13;1524
50;2025-11-07;14;1452
50;2025-11-07;15;1757
50;2025-11-07;16;1939
50;2025-11-07;17;2290
50;2025-11-07;18;2124
50;2025-11-07;19;1343
50;2025-11-07;20;864
50;2025-11-07;21;590
50;2025-11-07;22;293
50;2025-11-07;23;160
50;2025-11-08;0;50
50;2025-11-08;1;4
50;2025-11-08;2;0
50;2025-11-08;3;0
50;2025-11-08;4;1
50;2025-11-08;5;24
50;2025-11-08;6;137
50;2025-11-08;7;307
50;2025-11-08;8;471
50;2025-11-08;9;507
50;2025-11-08;10;489
50;2025-11-08;11;615
50;2025-11-08;12;644
50;2025-11-08;13;679
50;2025-11-08;14;673
50;2025-11-08;15;655
50;2025-11-08;16;635
50;2025-11-08;17;635
50;2025-11-08;18;556
50;2025-11-08;19;481
50;2025-11-08;20;368
50;2025-11-08;21;286
50;2025-11-08;22;175
50;2025-11-08;23;105
50;2025-11-09;0;39
50;2025-11-09;1;5
50;2025-11-09;2;1
50;2025-11-09;3;0
50;2025-11-09;4;1
50;2025-11-09;5;20
50;2025-11-09;6;96
50;2025-11-09;7;184
50;2025-11-09;8;288
50;2025-11-09;9;364
50;2025-11-09;10;396
50;2025-11-09;11;502
50;2025-11-09;12;555
50;2025-11-09;13;610
50;2025-11-09;14;631
50;2025-11-09;15;570
50;2025-11-09;16;573
50;2025-11-09;17;567
50;2025-11-09;18;505
50;2025-11-09;19;429
50;2025-11-09;20;350
50;2025-11-09;21;265
50;2025-11-09;22;163
50;2025-11-09;23;89
50;2025-11-10;0;32
50;2025-11-10;1;4
50;2025-11-10;2;0
50;2025-11-10;3;0
50;2025-11-10;4;3
50;2025-11-10;5;69
50;2025-11-10;6;543
50;2025-11-10;7;1782
50;2025-11-10;8;2798
50;2025-11-10;9;2201
50;2025-11-10;10;1675
50;2025-11-10;11;1580
50;2025-11-10;12;1451
50;2025-11-10;13;1485
50;2025-11-10;14;1419
50;2025-11-10;15;1678
50;2025-11-10;16;1732
50;2025-11-10;17;2385
50;2025-11-10;18;2485
50;2025-11-10;19;1473
50;2025-11-10;20;904
50;2025-11-10;21;606
50;2025-11-10;22;274
50;2025-11-10;23;136
50;2025-11-11;0;35
50;2025-11-11;1;3
50;2025-11-11;2;0
50;2025-11-11;3;0
50;2025-11-11;4;2
50;2025-11-11;5;69
50;2025-11-11;6;575
50;2025-11-11;7;1818
50;2025-11-11;8;2848
50;2025-11-11;9;2245
50;2025-11-11;10;1709
50;2025-11-11;11;1609
50;2025-11-11;12;1520
50;2025-11-11;13;1529
50;2025-11-11;14;1457
50;2025-11-11;15;1719
50;2025-11-11;16;1763
50;2025-11-11;17;2431
50;2025-11-11;18;2545
50;2025-11-11;19;1492
50;2025-11-11;20;935
50;2025-11-11;21;622
50;2025-11-11;22;283
50;2025-11-11;23;140
50;2025-11-12;0;35
50;2025-11-12;1;4
50;2025-11-12;2;0
50;2025-11-12;3;0
50;2025-11-12;4;3
50;2025-11-12;5;71
50;2025-11-12;6;558
50;2025-11-12;7;1785
50;2025-11-12;8;2789
50;2025-11-12;9;2195
50;2025-11-12;10;1681
50;2025-11-12;11;1602
50;2025-11-12;12;1501
50;2025-11-12;13;1526
50;2025-11-12;14;1470
50;2025-11-12;15;1723
50;2025-11-12;16;1793
50;2025-11-12;17;2435
50;2025-11-12;18;2480
50;2025-11-12;19;1495
50;2025-11-12;20;907
50;2025-11-12;21;624
50;2025-11-12;22;288
50;2025-11-12;23;143
50;2025-11-13;0;38
50;2025-11-13;1;3
50;2025-11-13;2;0
50;2025-11-13;3;0
50;2025-11-13;4;2
50;2025-11-13;5;71
50;2025-11-13;6;551
50;2025-11-13;7;1773
50;2025-11-13;8;2754
50;2025-11-13;9;2181
50;2025-11-13;10;1682
50;2025-11-13;11;1587
50;2025-11-13;12;1499
50;2025-11-13;13;1505
50;2025-11-13;14;1436
50;2025-11-13;15;1675
50;2025-11-13;16;1789
50;2025-11-13;17;2384
50;2025-11-13;18;2476
50;2025-11-13;19;1468
50;2025-11-13;20;931
50;2025-11-13;21;635
50;2025-11-13;22;288
50;2025-11-13;23;152
50;2025-11-14;0;38
50;2025-11-14;1;3
50;2025-11-14;2;0
50;2025-11-14;3;0
50;2025-11-14;4;3
50;2025-11-14;5;68
50;2025-11-14;6;551
50;2025-11-14;7;1739
50;2025-11-14;8;2725
50;2025-11-14;9;2139
50;2025-11-14;10;1620
50;2025-11-14;11;1609
50;2025-11-14;12;1517
50;2025-11-14;13;1521
50;2025-11-14;14;1449
50;2025-11-14;15;1754
50;2025-11-14;16;1936
50;2025-11-14;17;2286
50;2025-11-14;18;2120
50;2025-11-14;19;1341
50;2025-11-14;20;862
50;2025-11-14;21;589
50;2025-11-14;22;293
50;2025-11-14;23;159
50;2025-11-15;0;51
50;2025-11-15;1;4
50;2025-11-15;2;0
50;2025-11-15;3;0
50;2025-11-15;4;1
50;2025-11-15;5;24
50;2025-11-15;6;138
50;2025-11-15;7;309
50;2025-11-15;8;472
50;2025-11-15;9;509
50;2025-11-15;10;491
50;2025-11-15;11;618
50;2025-11-15;12;647
50;2025-11-15;13;681
50;2025-11-15;14;676
50;2025-11-15;15;657
50;2025-11-15;16;638
50;2025-11-15;17;638
50;2025-11-15;18;558
50;2025-11-15;19;482
50;2025-11-15;20;369
50;2025-11-15;21;288
50;2025-11-15;22;175
50;2025-11-15;23;105
50;2025-11-16;0;39
50;2025-11-16;1;5
50;2025-11-16;2;1
50;2025-11-16;3;0
50;2025-11-16;4;1
50;2025-11-16;5;20
50;2025-11-16;6;96
50;2025-11-16;7;184
50;2025-11-16;8;289
50;2025-11-16;9;365
50;2025-11-16;10;398
50;2025-11-16;11;504
50;2025-11-16;12;557
50;2025-11-16;13;612
50;2025-11-16;14;633
50;2025-11-16;15;572
50;2025-11-16;16;575
50;2025-11-16;17;569
50;2025-11-16;18;507
50;2025-11-16;19;430
50;2025-11-16;20;351
50;2025-11-16;21;266
50;2025-11-16;22;163
50;2025-11-16;23;90
50;2025-11-17;0;32
50;2025-11-17;1;4
50;2025-11-17;2;0
50;2025-11-17;3;0
50;2025-11-17;4;3
50;2025-11-17;5;69
50;2025-11-17;6;541
50;2025-11-17;7;1777
50;2025-11-17;8;2790
50;2025-11-17;9;2195
50;2025-11-17;10;1670
50;2025-11-17;11;1575
50;2025-11-17;12;1447
50;2025-11-17;13;1480
50;2025-11-17;14;1415
50;2025-11-17;15;1673
50;2025-11-17;16;1727
50;2025-11-17;17;2378
50;2025-11-17;18;2478
50;2025-11-17;19;1468
50;2025-11-17;20;901
50;2025-11-17;21;604
50;2025-11-17;22;273
50;2025-11-17;23;136
50;2025-11-18;0;35
50;2025-11-18;1;3
50;2025-11-18;2;0
50;2025-11-18;3;0
50;2025-11-18;4;2
50;2025-11-18;5;69
50;2025-11-18;6;573
50;2025-11-18;7;1812
50;2025-11-18;8;2838
50;2025-11-18;9;2237
50;2025-11-18;10;1703
50;2025-11-18;11;1604
50;2025-11-18;12;1514
50;2025-11-18;13;1523
50;2025-11-18;14;1452
50;2025-11-18;15;1713
50;2025-11-18;16;1757
50;2025-11-18;17;2423
50;2025-11-18;18;2536
50;2025-11-18;19;1487
50;2025-11-18;20;932
50;2025-11-18;21;620
50;2025-11-18;22;282
50;2025-11-18;23;139
50;2025-11-19;0;35
50;2025-11-19;1;4
50;2025-11-19;2;0
50;2025-11-19;3;0
50;2025-11-19;4;3
50;2025-11-19;5;71
50;2025-11-19;6;556
50;2025-11-19;7;1779
50;2025-11-19;8;2780
50;2025-11-19;9;2188
50;2025-11-19;10;1676
50;2025-11-19;11;1597
50;2025-11-19;12;1496
50;2025-11-19;13;1521
50;2025-11-19;14;1465
50;2025-11-19;15;1718
50;2025-11-19;16;1787
50;2025-11-19;17;2427
50;2025-11-19;18;2472
50;2025-11-19;19;1490
50;2025-11-19;20;904
50;2025-11-19;21;622
50;2025-11-19;22;287
50;2025-11-19;23;143
50;2025-11-20;0;38
50;2025-11-20;1;3
50;2025-11-20;2;0
50;2025-11-20;3;0
50;2025-11-20;4;2
50;2025-11-20;5;71
50;2025-11-20;6;550
50;2025-11-20;7;1770
50;2025-11-20;8;2749
50;2025-11-20;9;2176
50;2025-11-20;10;1679
50;2025-11-20;11;1584
50;2025-11-20;12;1496
50;2025-11-20;13;1502
50;2025-11-20;14;1434
50;2025-11-20;15;1672
50;2025-11-20;16;1785
50;2025-11-20;17;2379
50;2025-11-20;18;2471
50;2025-11-20;19;1465
50;2025-11-20;20;930
50;2025-11-20;21;634
50;2025-11-20;22;287
50;2025-11-20;23;152
50;2025-11-21;0;38
50;2025-11-21;1;3
50;2025-11-21;2;0
50;2025-11-21;3;0
50;2025-11-21;4;3
50;2025-11-21;5;68
50;2025-11-21;6;550
50;2025-11-21;7;1736
50;2025-11-21;8;2720
50;2025-11-21;9;2135
50;2025-11-21;10;1617
50;2025-11-21;11;1606
50;2025-11-21;12;1514
50;2025-11-21;13;1518
50;2025-11-21;14;1447
50;2025-11-21;15;1751
50;2025-11-21;16;1932
50;2025-11-21;17;2282
50;2025-11-21;18;2116
50;2025-11-21;19;1338
50;2025-11-21;20;861
50;2025-11-21;21;588
50;2025-11-21;22;292
50;2025-11-21;23;159
50;2025-11-22;0;51
50;2025-11-22;1;4
50;2025-11-22;2;0
50;2025-11-22;3;0
50;2025-11-22;4;1
50;2025-11-22;5;24
50;2025-11-22;6;138
50;2025-11-22;7;310
50;2025-11-22;8;474
50;2025-11-22;9;511
50;2025-11-22;10;493
50;2025-11-22;11;620
50;2025-11-22;12;649
50;2025-11-22;13;684
50;2025-11-22;14;678
50;2025-11-22;15;660
50;2025-11-22;16;640
50;2025-11-22;17;640
50;2025-11-22;18;560
50;2025-11-22;19;484
50;2025-11-22;20;371
50;2025-11-22;21;289
50;2025-11-22;22;176
50;2025-11-22;23;106
50;2025-11-23;0;39
50;2025-11-23;1;5
50;2025-11-23;2;1
50;2025-11-23;3;0
50;2025-11-23;4;1
50;2025-11-23;5;20
50;2025-11-23;6;96
50;2025-11-23;7;185
50;2025-11-23;8;290
50;2025-11-23;9;367
50;2025-11-23;10;399
50;2025-11-23;11;505
50;2025-11-23;12;559
50;2025-11-23;13;614
50;2025-11-23;14;636
50;2025-11-23;15;574
50;2025-11-23;16;577
50;2025-11-23;17;571
50;2025-11-23;18;509
50;2025-11-23;19;432
50;2025-11-23;20;353
50;2025-11-23;21;267
50;2025-11-23;22;164
50;2025-11-23;23;90
50;2025-11-24;0;32
50;2025-11-24;1;4
50;2025-11-24;2;0
50;2025-11-24;3;0
50;2025-11-24;4;3
50;2025-11-24;5;69
50;2025-11-24;6;540
50;2025-11-24;7;1774
50;2025-11-24;8;2786
50;2025-11-24;9;2191
50;2025-11-24;10;1667
50;2025-11-24;11;1573
50;2025-11-24;12;1444
50;2025-11-24;13;1478
50;2025-11-24;14;1412
50;2025-11-24;15;1671
50;2025-11-24;16;1724
50;2025-11-24;17;2374
50;2025-11-24;18;2474
50;2025-11-24;19;1466
50;2025-11-24;20;900
50;2025-11-24;21;603
50;2025-11-24;22;273
50;2025-11-24;23;136
50;2025-11-25;0;35
50;2025-11-25;1;3
50;2025-11-25;2;0
50;2025-11-25;3;0
50;2025-11-25;4;2
50;2025-11-25;5;69
50;2025-11-25;6;572
50;2025-11-25;7;1810
50;2025-11-25;8;2835
50;2025-11-25;9;2234
50;2025-11-25;10;1701
50;2025-11-25;11;1602
50;2025-11-25;12;1513
50;2025-11-25;13;1522
50;2025-11-25;14;1450
50;2025-11-25;15;1711
50;2025-11-25;16;1755
50;2025-11-25;17;2420
50;2025-11-25;18;2534
50;2025-11-25;19;1485
50;2025-11-25;20;931
50;2025-11-25;21;619
50;2025-11-25;22;282
50;2025-11-25;23;139
50;2025-11-26;0;35
50;2025-11-26;1;4
50;2025-11-26;2;0
50;2025-11-26;3;0
50;2025-11-26;4;3
50;2025-11-26;5;71
50;2025-11-26;6;556
50;2025-11-26;7;1778
50;2025-11-26;8;2778
50;2025-11-26;9;2186
50;2025-11-26;10;1674
50;2025-11-26;11;1595
50;2025-11-26;12;1495
50;2025-11-26;13;1519
50;2025-11-26;14;1464
50;2025-11-26;15;1716
50;2025-11-26;16;1785
50;2025-11-26;17;2425
50;2025-11-26;18;2470
50;2025-11-26;19;1489
50;2025-11-26;20;903
50;2025-11-26;21;621
50;2025-11-26;22;287
50;2025-11-26;23;143
50;2025-11-27;0;37
50;2025-11-27;1;3
50;2025-11-27;2;0
50;2025-11-27;3;0
50;2025-11-27;4;2
50;2025-11-27;5;70
50;2025-11-27;6;549
50;2025-11-27;7;1765
50;2025-11-27;8;2742
50;2025-11-27;9;2171
50;2025-11-27;10;1675
50;2025-11-27;11;1580
50;2025-11-27;12;1492
50;2025-11-27;13;1499
50;2025-11-27;14;1430
50;2025-11-27;15;1668
50;2025-11-27;16;1781
50;2025-11-27;17;2374
50;2025-11-27;18;2465
50;2025-11-27;19;1461
50;2025-11-27;20;927
50;2025-11-27;21;633
50;2025-11-27;22;286
50;2025-11-27;23;151
50;2025-11-28;0;38
50;2025-11-28;1;3
50;2025-11-28;2;0
50;2025-11-28;3;0
50;2025-11-28;4;3
50;2025-11-28;5;68
50;2025-11-28;6;549
50;2025-11-28;7;1732
50;2025-11-28;8;2714
50;2025-11-28;9;2130
50;2025-11-28;10;1613
50;2025-11-28;11;1602
50;2025-11-28;12;1511
50;2025-11-28;13;1514
50;2025-11-28;14;1443
50;2025-11-28;15;1747
50;2025-11-28;16;1928
50;2025-11-28;17;2277
50;2025-11-28;18;2112
50;2025-11-28;19;1335
50;2025-11-28;20;859
50;2025-11-28;21;587
50;2025-11-28;22;292
50;2025-11-28;23;159
50;2025-11-29;0;51
50;2025-11-29;1;4
50;2025-11-29;2;0
50;2025-11-29;3;0
50;2025-11-29;4;1
50;2025-11-29;5;24
50;2025-11-29;6;139
50;2025-11-29;7;311
50;2025-11-29;8;476
50;2025-11-29;9;512
50;2025-11-29;10;495
50;2025-11-29;11;622
50;2025-11-29;12;651
50;2025-11-29;13;686
50;2025-11-29;14;680
50;2025-11-29;15;662
50;2025-11-29;16;642
50;2025-11-29;17;642
50;2025-11-29;18;562
50;2025-11-29;19;486
50;2025-11-29;20;372
50;2025-11-29;21;290
50;2025-11-29;22;176
50;2025-11-29;23;106
50;2025-11-30;0;39
50;2025-11-30;1;5
50;2025-11-30;2;1
50;2025-11-30;3;0
50;2025-11-30;4;1
50;2025-11-30;5;20
50;2025-11-30;6;97
50;2025-11-30;7;186
50;2025-11-30;8;291
50;2025-11-30;9;368
50;2025-11-30;10;401
50;2025-11-30;11;507
50;2025-11-30;12;561
50;2025-11-30;13;616
50;2025-11-30;14;638
50;2025-11-30;15;576
50;2025-11-30;16;579
50;2025-11-30;17;573
50;2025-11-30;18;511
50;2025-11-30;19;433
50;2025-11-30;20;354
50;2025-11-30;21;268
50;2025-11-30;22;164
50;2025-11-30;23;90
50;2025-12-01;0;32
50;2025-12-01;1;4
50;2025-12-01;2;0
50;2025-12-01;3;0
50;2025-12-01;4;3
50;2025-12-01;5;68
50;2025-12-01;6;539
50;2025-12-01;7;1770
50;2025-12-01;8;2779
50;2025-12-01;9;2187
50;2025-12-01;10;1664
50;2025-12-01;11;1569
50;2025-12-01;12;1441
50;2025-12-01;13;1475
50;2025-12-01;14;1409
50;2025-12-01;15;1667
50;2025-12-01;16;1720
50;2025-12-01;17;2369
50;2025-12-01;18;2469
50;2025-12-01;19;1463
50;2025-12-01;20;898
50;2025-12-01;21;602
50;2025-12-01;22;272
50;2025-12-01;23;135
50;2025-12-02;0;35
50;2025-12-02;1;3
50;2025-12-02;2;0
50;2025-12-02;3;0
50;2025-12-02;4;2
50;2025-12-02;5;69
50;2025-12-02;6;571
50;2025-12-02;7;1806
50;2025-12-02;8;2829
50;2025-12-02;9;2229
50;2025-12-02;10;1697
50;2025-12-02;11;1598
50;2025-12-02;12;1509
50;2025-12-02;13;1518
50;2025-12-02;14;1447
50;2025-12-02;15;1707
50;2025-12-02;16;1751
50;2025-12-02;17;2415
50;2025-12-02;18;2528
50;2025-12-02;19;1482
50;2025-12-02;20;929
50;2025-12-02;21;618
50;2025-12-02;22;281
50;2025-12-02;23;139
50;2025-12-03;0;35
50;2025-12-03;1;4
50;2025-12-03;2;0
50;2025-12-03;3;0
50;2025-12-03;4;3
50;2025-12-03;5;71
50;2025-12-03;6;555
50;2025-12-03;7;1774
50;2025-12-03;8;2773
50;2025-12-03;9;2182
50;2025-12-03;10;1671
50;2025-12-03;11;1592
50;2025-12-03;12;1492
50;2025-12-03;13;1517
50;2025-12-03;14;1461
50;2025-12-03;15;1713
50;2025-12-03;16;1782
50;2025-12-03;17;2420
50;2025-12-03;18;2466
50;2025-12-03;19;1486
50;2025-12-03;20;902
50;2025-12-03;21;620
50;2025-12-03;22;286
50;2025-12-03;23;142
50;2025-12-04;0;37
50;2025-12-04;1;3
50;2025-12-04;2;0
50;2025-12-04;3;0
50;2025-12-04;4;2
50;2025-12-04;5;70
50;2025-12-04;6;548
50;2025-12-04;7;1763
50;2025-12-04;8;2738
50;2025-12-04;9;2168
50;2025-12-04;10;1672
50;2025-12-04;11;1577
50;2025-12-04;12;1490
50;2025-12-04;13;1496
50;2025-12-04;14;1428
50;2025-12-04;15;1666
50;2025-12-04;16;1778
50;2025-12-04;17;2370
50;2025-12-04;18;2462
50;2025-12-04;19;1459
50;2025-12-04;20;926
50;2025-12-04;21;632
50;2025-12-04;22;286
50;2025-12-04;23;151
50;2025-12-05;0;38
50;2025-12-05;1;3
50;2025-12-05;2;0
50;2025-12-05;3;0
50;2025-12-05;4;3
50;2025-12-05;5;68
50;2025-12-05;6;548
50;2025-12-05;7;1730
50;2025-12-05;8;2711
50;2025-12-05;9;2128
50;2025-12-05;10;1612
50;2025-12-05;11;1600
50;2025-12-05;12;1509
50;2025-12-05;13;1513
50;2025-12-05;14;1442
50;2025-12-05;15;1745
50;2025-12-05;16;1926
50;2025-12-05;17;2274
50;2025-12-05;18;2109
50;2025-12-05;19;1334
50;2025-12-05;20;858
50;2025-12-05;21;586
50;2025-12-05;22;291
50;2025-12-05;23;159
50;2025-12-06;0;51
50;2025-12-06;1;4
50;2025-12-06;2;0
50;2025-12-06;3;0
50;2025-12-06;4;1
50;2025-12-06;5;25
50;2025-12-06;6;139
50;2025-12-06;7;312
50;2025-12-06;8;477
50;2025-12-06;9;514
50;2025-12-06;10;496
50;2025-12-06;11;624
50;2025-12-06;12;653
50;2025-12-06;13;688
50;2025-12-06;14;682
50;2025-12-06;15;664
50;2025-12-06;16;644
50;2025-12-06;17;644
50;2025-12-06;18;564
50;2025-12-06;19;487
50;2025-12-06;20;373
50;2025-12-06;21;291
50;2025-12-06;22;177
50;2025-12-06;23;106
50;2025-12-07;0;39
50;2025-12-07;1;6
50;2025-12-07;2;1
50;2025-12-07;3;1
50;2025-12-07;4;1
50;2025-12-07;5;20
50;2025-12-07;6;97
50;2025-12-07;7;186
50;2025-12-07;8;292
50;2025-12-07;9;369
50;2025-12-07;10;402
50;2025-12-07;11;509
50;2025-12-07;12;563
50;2025-12-07;13;618
50;2025-12-07;14;640
50;2025-12-07;15;578
50;2025-12-07;16;581
50;2025-12-07;17;575
50;2025-12-07;18;512
50;2025-12-07;19;435
50;2025-12-07;20;355
50;2025-12-07;21;269
50;2025-12-07;22;165
50;2025-12-07;23;90
50;2025-12-08;0;32
50;2025-12-08;1;4
50;2025-12-08;2;0
50;2025-12-08;3;0
50;2025-12-08;4;3
50;2025-12-08;5;68
50;2025-12-08;6;539
50;2025-12-08;7;1768
50;2025-12-08;8;2777
50;2025-12-08;9;2184
50;2025-12-08;10;1662
50;2025-12-08;11;1568
50;2025-12-08;12;1440
50;2025-12-08;13;1473
50;2025-12-08;14;1408
50;2025-12-08;15;1665
50;2025-12-08;16;1718
50;2025-12-08;17;2367
50;2025-12-08;18;2466
50;2025-12-08;19;1461
50;2025-12-08;20;897
50;2025-12-08;21;601
50;2025-12-08;22;272
50;2025-12-08;23;135
50;2025-12-09;0;35
50;2025-12-09;1;3
50;2025-12-09;2;0
50;2025-12-09;3;0
50;2025-12-09;4;2
50;2025-12-09;5;69
50;2025-12-09;6;570
50;2025-12-09;7;1804
50;2025-12-09;8;2826
50;2025-12-09;9;2228
50;2025-12-09;10;1696
50;2025-12-09;11;1597
50;2025-12-09;12;1508
50;2025-12-09;13;1517
50;2025-12-09;14;1446
50;2025-12-09;15;1706
50;2025-12-09;16;1749
50;2025-12-09;17;2413
50;2025-12-09;18;2526
50;2025-12-09;19;1480
50;2025-12-09;20;928
50;2025-12-09;21;617
50;2025-12-09;22;281
50;2025-12-09;23;139
50;2025-12-10;0;35
50;2025-12-10;1;4
50;2025-12-10;2;0
50;2025-12-10;3;0
50;2025-12-10;4;3
50;2025-12-10;5;71
50;2025-12-10;6;554
50;2025-12-10;7;1772
50;2025-12-10;8;2769
50;2025-12-10;9;2179
50;2025-12-10;10;1669
50;2025-12-10;11;1590
50;2025-12-10;12;1490
50;2025-12-10;13;1514
50;2025-12-10;14;1459
50;2025-12-10;15;1711
50;2025-12-10;16;1780
50;2025-12-10;17;2417
50;2025-12-10;18;2462
50;2025-12-10;19;1484
50;2025-12-10;20;900
50;2025-12-10;21;619
50;2025-12-10;22;286
50;2025-12-10;23;142
50;2025-12-11;0;37
50;2025-12-11;1;3
50;2025-12-11;2;0
50;2025-12-11;3;0
50;2025-12-11;4;2
50;2025-12-11;5;70
50;2025-12-11;6;547
50;2025-12-11;7;1760
50;2025-12-11;8;2734
50;2025-12-11;9;2165
50;2025-12-11;10;1670
50;2025-12-11;11;1575
50;2025-12-11;12;1488
50;2025-12-11;13;1494
50;2025-12-11;14;1426
50;2025-12-11;15;1663
50;2025-12-11;16;1776
50;2025-12-11;17;2367
50;2025-12-11;18;2458
50;2025-12-11;19;1457
50;2025-12-11;20;925
50;2025-12-11;21;631
50;2025-12-11;22;285
50;2025-12-11;23;151
50;2025-12-12;0;38
50;2025-12-12;1;3
50;2025-12-12;2;0
50;2025-12-12;3;0
50;2025-12-12;4;3
50;2025-12-12;5;68
50;2025-12-12;6;547
50;2025-12-12;7;1728
50;2025-12-12;8;2707
50;2025-12-12;9;2124
50;2025-12-12;10;1609
50;2025-12-12;11;1598
50;2025-12-12;12;1507
50;2025-12-12;13;1510
50;2025-12-12;14;1439
50;2025-12-12;15;1742
50;2025-12-12;16;1923
50;2025-12-12;17;2271
50;2025-12-12;18;2106
50;2025-12-12;19;1332
50;2025-12-12;20;856
50;2025-12-12;21;585
50;2025-12-12;22;291
50;2025-12-12;23;158
50;2025-12-13;0;51
50;2025-12-13;1;4
50;2025-12-13;2;0
50;2025-12-13;3;0
50;2025-12-13;4;1
50;2025-12-13;5;25
50;2025-12-13;6;140
50;2025-12-13;7;313
50;2025-12-13;8;478
50;2025-12-13;9;516
50;2025-12-13;10;498
50;2025-12-13;11;626
50;2025-12-13;12;655
50;2025-12-13;13;690
50;2025-12-13;14;684
50;2025-12-13;15;666
50;2025-12-13;16;646
50;2025-12-13;17;646
50;2025-12-13;18;565
50;2025-12-13;19;489
50;2025-12-13;20;374
50;2025-12-13;21;291
50;2025-12-13;22;177
50;2025-12-13;23;107
50;2025-12-14;0;40
50;2025-12-14;1;6
50;2025-12-14;2;1
50;2025-12-14;3;1
50;2025-12-14;4;1
50;2025-12-14;5;20
50;2025-12-14;6;97
50;2025-12-14;7;187
50;2025-12-14;8;293
50;2025-12-14;9;370
50;2025-12-14;10;403
50;2025-12-14;11;510
50;2025-12-14;12;565
50;2025-12-14;13;620
50;2025-12-14;14;642
50;2025-12-14;15;579
50;2025-12-14;16;583
50;2025-12-14;17;577
50;2025-12-14;18;514
50;2025-12-14;19;436
50;2025-12-14;20;356
50;2025-12-14;21;269
50;2025-12-14;22;165
50;2025-12-14;23;91
50;2025-12-15;0;32
50;2025-12-15;1;4
50;2025-12-15;2;0
50;2025-12-15;3;0
50;2025-12-15;4;3
50;2025-12-15;5;68
50;2025-12-15;6;538
50;2025-12-15;7;1766
50;2025-12-15;8;2772
50;2025-12-15;9;2181
50;2025-12-15;10;1659
50;2025-12-15;11;1565
50;2025-12-15;12;1437
50;2025-12-15;13;1471
50;2025-12-15;14;1406
50;2025-12-15;15;1663
50;2025-12-15;16;1716
50;2025-12-15;17;2363
50;2025-12-15;18;2462
50;2025-12-15;19;1459
50;2025-12-15;20;895
50;2025-12-15;21;600
50;2025-12-15;22;271
50;2025-12-15;23;135
50;2025-12-16;0;35
50;2025-12-16;1;3
50;2025-12-16;2;0
50;2025-12-16;3;0
50;2025-12-16;4;2
50;2025-12-16;5;68
50;2025-12-16;6;569
50;2025-12-16;7;1801
50;2025-12-16;8;2822
50;2025-12-16;9;2224
50;2025-12-16;10;1693
50;2025-12-16;11;1594
50;2025-12-16;12;1506
50;2025-12-16;13;1514
50;2025-12-16;14;1443
50;2025-12-16;15;1703
50;2025-12-16;16;1746
50;2025-12-16;17;2408
50;2025-12-16;18;2522
50;2025-12-16;19;1478
50;2025-12-16;20;927
50;2025-12-16;21;616
50;2025-12-16;22;280
50;2025-12-16;23;139
50;2025-12-17;0;35
50;2025-12-17;1;4
50;2025-12-17;2;0
50;2025-12-17;3;0
50;2025-12-17;4;3
50;2025-12-17;5;71
50;2025-12-17;6;553
50;2025-12-17;7;1769
50;2025-12-17;8;2764
50;2025-12-17;9;2176
50;2025-12-17;10;1666
50;2025-12-17;11;1587
50;2025-12-17;12;1487
50;2025-12-17;13;1512
50;2025-12-17;14;1456
50;2025-12-17;15;1708
50;2025-12-17;16;1776
50;2025-12-17;17;2413
50;2025-12-17;18;2458
50;2025-12-17;19;1481
50;2025-12-17;20;899
50;2025-12-17;21;618
50;2025-12-17;22;285
50;2025-12-17;23;142
50;2025-12-18;0;37
50;2025-12-18;1;3
50;2025-12-18;2;0
50;2025-12-18;3;0
50;2025-12-18;4;2
50;2025-12-18;5;70
50;2025-12-18;6;546
50;2025-12-18;7;1758
50;2025-12-18;8;2731
50;2025-12-18;9;2163
50;2025-12-18;10;1668
50;2025-12-18;11;1573
50;2025-12-18;12;1486
50;2025-12-18;13;1493
50;2025-12-18;14;1424
50;2025-12-18;15;1661
50;2025-12-18;16;1774
50;2025-12-18;17;2364
50;2025-12-18;18;2455
50;2025-12-18;19;1455
50;2025-12-18;20;924
50;2025-12-18;21;630
50;2025-12-18;22;285
50;2025-12-18;23;151
50;2025-12-19;0;38
50;2025-12-19;1;3
50;2025-12-19;2;0
50;2025-12-19;3;0
50;2025-12-19;4;3
50;2025-12-19;5;67
50;2025-12-19;6;546
50;2025-12-19;7;1724
50;2025-12-19;8;2702
50;2025-12-19;9;2120
50;2025-12-19;10;1606
50;2025-12-19;11;1595
50;2025-12-19;12;1504
50;2025-12-19;13;1507
50;2025-12-19;14;1437
50;2025-12-19;15;1739
50;2025-12-19;16;1919
50;2025-12-19;17;2266
50;2025-12-19;18;2102
50;2025-12-19;19;1329
50;2025-12-19;20;855
50;2025-12-19;21;584
50;2025-12-19;22;290
50;2025-12-19;23;158
50;2025-12-20;0;51
50;2025-12-20;1;4
50;2025-12-20;2;0
50;2025-12-20;3;0
50;2025-12-20;4;1
50;2025-12-20;5;25
50;2025-12-20;6;140
50;2025-12-20;7;313
50;2025-12-20;8;480
50;2025-12-20;9;517
50;2025-12-20;10;499
50;2025-12-20;11;628
50;2025-12-20;12;657
50;2025-12-20;13;692
50;2025-12-20;14;686
50;2025-12-20;15;668
50;2025-12-20;16;647
50;2025-12-20;17;648
50;2025-12-20;18;567
50;2025-12-20;19;490
50;2025-12-20;20;375
50;2025-12-20;21;292
50;2025-12-20;22;178
50;2025-12-20;23;107
50;2025-12-21;0;40
50;2025-12-21;1;6
50;2025-12-21;2;1
50;2025-12-21;3;1
50;2025-12-21;4;1
50;2025-12-21;5;20
50;2025-12-21;6;98
50;2025-12-21;7;187
50;2025-12-21;8;294
50;2025-12-21;9;371
50;2025-12-21;10;404
50;2025-12-21;11;512
50;2025-12-21;12;566
50;2025-12-21;13;621
50;2025-12-21;14;644
50;2025-12-21;15;581
50;2025-12-21;16;584
50;2025-12-21;17;578
50;2025-12-21;18;515
50;2025-12-21;19;437
50;2025-12-21;20;357
50;2025-12-21;21;270
50;2025-12-21;22;166
50;2025-12-21;23;91
50;2025-12-22;0;32
50;2025-12-22;1;4
50;2025-12-22;2;0
50;2025-12-22;3;0
50;2025-12-22;4;3
50;2025-12-22;5;68
50;2025-12-22;6;537
50;2025-12-22;7;1762
50;2025-12-22;8;2767
50;2025-12-22;9;2177
50;2025-12-22;10;1656
50;2025-12-22;11;1562
50;2025-12-22;12;1435
50;2025-12-22;13;1468
50;2025-12-22;14;1403
50;2025-12-22;15;1659
50;2025-12-22;16;1712
50;2025-12-22;17;2358
50;2025-12-22;18;2458
50;2025-12-22;19;1456
50;2025-12-22;20;894
50;2025-12-22;21;599
50;2025-12-22;22;271
50;2025-12-22;23;135
50;2025-12-23;0;35
50;2025-12-23;1;3
50;2025-12-23;2;0
50;2025-12-23;3;0
50;2025-12-23;4;2
50;2025-12-23;5;68
50;2025-12-23;6;568
50;2025-12-23;7;1797
50;2025-12-23;8;2816
50;2025-12-23;9;2219
50;2025-12-23;10;1690
50;2025-12-23;11;1591
50;2025-12-23;12;1503
50;2025-12-23;13;1512
50;2025-12-23;14;1441
50;2025-12-23;15;1699
50;2025-12-23;16;1743
50;2025-12-23;17;2404
50;2025-12-23;18;2517
50;2025-12-23;19;1475
50;2025-12-23;20;925
50;2025-12-23;21;615
50;2025-12-23;22;280
50;2025-12-23;23;138
50;2025-12-24;0;34
50;2025-12-24;1;4
50;2025-12-24;2;0
50;2025-12-24;3;0
50;2025-12-24;4;3
50;2025-12-24;5;70
50;2025-12-24;6;552
50;2025-12-24;7;1765
50;2025-12-24;8;2759
50;2025-12-24;9;2171
50;2025-12-24;10;1663
50;2025-12-24;11;1584
50;2025-12-24;12;1484
50;2025-12-24;13;1509
50;2025-12-24;14;1453
50;2025-12-24;15;1704
50;2025-12-24;16;1773
50;2025-12-24;17;2408
50;2025-12-24;18;2453
50;2025-12-24;19;1478
50;2025-12-24;20;897
50;2025-12-24;21;617
50;2025-12-24;22;285
50;2025-12-24;23;142
50;2025-12-25;0;37
50;2025-12-25;1;3
50;2025-12-25;2;0
50;2025-12-25;3;0
50;2025-12-25;4;2
50;2025-12-25;5;70
50;2025-12-25;6;545
50;2025-12-25;7;1755
50;2025-12-25;8;2726
50;2025-12-25;9;2159
50;2025-12-25;10;1665
50;2025-12-25;11;1570
50;2025-12-25;12;1483
50;2025-12-25;13;1490
50;2025-12-25;14;1422
50;2025-12-25;15;1658
50;2025-12-25;16;1771
50;2025-12-25;17;2360
50;2025-12-25;18;2451
50;2025-12-25;19;1453
50;2025-12-25;20;922
50;2025-12-25;21;629
50;2025-12-25;22;285
50;2025-12-25;23;150
50;2025-12-26;0;38
50;2025-12-26;1;3
50;2025-12-26;2;0
50;2025-12-26;3;0
50;2025-12-26;4;2
50;2025-12-26;5;67
50;2025-12-26;6;545
50;2025-12-26;7;1721
50;2025-12-26;8;2696
50;2025-12-26;9;2116
50;2025-12-26;10;1603
50;2025-12-26;11;1592
50;2025-12-26;12;1501
50;2025-12-26;13;1504
50;2025-12-26;14;1434
50;2025-12-26;15;1735
50;2025-12-26;16;1915
50;2025-12-26;17;2262
50;2025-12-26;18;2098
50;2025-12-26;19;1326
50;2025-12-26;20;853
50;2025-12-26;21;583
50;2025-12-26;22;290
50;2025-12-26;23;158
50;2025-12-27;0;52
50;2025-12-27;1;4
50;2025-12-27;2;0
50;2025-12-27;3;0
50;2025-12-27;4;1
50;2025-12-27;5;25
50;2025-12-27;6;141
50;2025-12-27;7;314
50;2025-12-27;8;481
50;2025-12-27;9;519
50;2025-12-27;10;500
50;2025-12-27;11;629
50;2025-12-27;12;659
50;2025-12-27;13;694
50;2025-12-27;14;688
50;2025-12-27;15;669
50;2025-12-27;16;649
50;2025-12-27;17;649
50;2025-12-27;18;568
50;2025-12-27;19;491
50;2025-12-27;20;376
50;2025-12-27;21;293
50;2025-12-27;22;178
50;2025-12-27;23;107
50;2025-12-28;0;40
50;2025-12-28;1;6
50;2025-12-28;2;1
50;2025-12-28;3;1
50;2025-12-28;4;1
50;2025-12-28;5;20
50;2025-12-28;6;98
50;2025-12-28;7;188
50;2025-12-28;8;294
50;2025-12-28;9;372
50;2025-12-28;10;405
50;2025-12-28;11;513
50;2025-12-28;12;568
50;2025-12-28;13;623
50;2025-12-28;14;645
50;2025-12-28;15;583
50;2025-12-28;16;586
50;2025-12-28;17;580
50;2025-12-28;18;516
50;2025-12-28;19;438
50;2025-12-28;20;358
50;2025-12-28;21;271
50;2025-12-28;22;166
50;2025-12-28;23;91
50;2025-12-29;0;32
50;2025-12-29;1;4
50;2025-12-29;2;0
50;2025-12-29;3;0
50;2025-12-29;4;3
50;2025-12-29;5;68
50;2025-12-29;6;536
50;2025-12-29;7;1760
50;2025-12-29;8;2764
50;2025-12-29;9;2174
50;2025-12-29;10;1654
50;2025-12-29;11;1560
50;2025-12-29;12;1433
50;2025-12-29;13;1466
50;2025-12-29;14;1401
50;2025-12-29;15;1657
50;2025-12-29;16;1710
50;2025-12-29;17;2356
50;2025-12-29;18;2455
50;2025-12-29;19;1454
50;2025-12-29;20;893
50;2025-12-29;21;598
50;2025-12-29;22;271
50;2025-12-29;23;135
50;2025-12-30;0;35
50;2025-12-30;1;3
50;2025-12-30;2;0
50;2025-12-30;3;0
50;2025-12-30;4;2
50;2025-12-30;5;68
50;2025-12-30;6;567
50;2025-12-30;7;1794
50;2025-12-30;8;2811
50;2025-12-30;9;2215
50;2025-12-30;10;1687
50;2025-12-30;11;1588
50;2025-12-30;12;1500
50;2025-12-30;13;1509
50;2025-12-30;14;1438
50;2025-12-30;15;1696
50;2025-12-30;16;1740
50;2025-12-30;17;2399
50;2025-12-30;18;2512
50;2025-12-30;19;1472
50;2025-12-30;20;923
50;2025-12-30;21;614
50;2025-12-30;22;279
50;2025-12-30;23;138
50;2025-12-31;0;39
50;2025-12-31;1;6
50;2025-12-31;2;1
50;2025-12-31;3;0
50;2025-12-31;4;1
50;2025-12-31;5;21
50;2025-12-31;6;105
50;2025-12-31;7;201
50;2025-12-31;8;300
50;2025-12-31;9;375
50;2025-12-31;10;399
50;2025-12-31;11;513
50;2025-12-31;12;573
50;2025-12-31;13;629
50;2025-12-31;14;642
50;2025-12-31;15;587
50;2025-12-31;16;579
50;2025-12-31;17;578
50;2025-12-31;18;512
50;2025-12-31;19;445
50;2025-12-31;20;362
50;2025-12-31;21;271
50;2025-12-31;22;171
50;2025-12-31;23;95
