route;date;hour;prediction
1;2025-11-01;0;4
1;2025-11-01;1;0
1;2025-11-01;2;0
1;2025-11-01;3;0
1;2025-11-01;4;8
1;2025-11-01;5;133
1;2025-11-01;6;544
1;2025-11-01;7;1510
1;2025-11-01;8;1905
1;2025-11-01;9;1466
1;2025-11-01;10;1310
1;2025-11-01;11;1353
1;2025-11-01;12;1373
1;2025-11-01;13;1418
1;2025-11-01;14;1356
1;2025-11-01;15;1521
1;2025-11-01;16;1533
1;2025-11-01;17;1770
1;2025-11-01;18;1775
1;2025-11-01;19;1354
1;2025-11-01;20;880
1;2025-11-01;21;492
1;2025-11-01;22;237
1;2025-11-01;23;52
1;2025-11-02;0;2
1;2025-11-02;1;0
1;2025-11-02;2;0
1;2025-11-02;3;0
1;2025-11-02;4;0
1;2025-11-02;5;25
1;2025-11-02;6;129
1;2025-11-02;7;245
1;2025-11-02;8;351
1;2025-11-02;9;577
1;2025-11-02;10;669
1;2025-11-02;11;666
1;2025-11-02;12;815
1;2025-11-02;13;857
1;2025-11-02;14;772
1;2025-11-02;15;702
1;2025-11-02;16;644
1;2025-11-02;17;581
1;2025-11-02;18;519
1;2025-11-02;19;447
1;2025-11-02;20;335
1;2025-11-02;21;256
1;2025-11-02;22;106
1;2025-11-02;23;34
1;2025-11-03;0;2
1;2025-11-03;1;0
1;2025-11-03;2;0
1;2025-11-03;3;0
1;2025-11-03;4;0
1;2025-11-03;5;25
1;2025-11-03;6;126
1;2025-11-03;7;240
1;2025-11-03;8;342
1;2025-11-03;9;559
1;2025-11-03;10;647
1;2025-11-03;11;632
1;2025-11-03;12;784
1;2025-11-03;13;831
1;2025-11-03;14;751
1;2025-11-03;15;690
1;2025-11-03;16;634
1;2025-11-03;17;572
1;2025-11-03;18;505
1;2025-11-03;19;439
1;2025-11-03;20;328
1;2025-11-03;21;255
1;2025-11-03;22;107
1;2025-11-03;23;33
1;2025-11-04;0;2
1;2025-11-04;1;0
1;2025-11-04;2;0
1;2025-11-04;3;0
1;2025-11-04;4;0
1;2025-11-04;5;25
1;2025-11-04;6;126
1;2025-11-04;7;240
1;2025-11-04;8;342
1;2025-11-04;9;559
1;2025-11-04;10;647
1;2025-11-04;11;632
1;2025-11-04;12;784
1;2025-11-04;13;831
1;2025-11-04;14;751
1;2025-11-04;15;690
1;2025-11-04;16;634
1;2025-11-04;17;572
1;2025-11-04;18;505
1;2025-11-04;19;439
1;2025-11-04;20;328
1;2025-11-04;21;255
1;2025-11-04;22;107
1;2025-11-04;23;33
1;2025-11-05;0;5
1;2025-11-05;1;0
1;2025-11-05;2;0
1;2025-11-05;3;0
1;2025-11-05;4;8
1;2025-11-05;5;132
1;2025-11-05;6;538
1;2025-11-05;7;1473
1;2025-11-05;8;1883
1;2025-11-05;9;1446
1;2025-11-05;10;1288
1;2025-11-05;11;1323
1;2025-11-05;12;1355
1;2025-11-05;13;1406
1;2025-11-05;14;1340
1;2025-11-05;15;1501
1;2025-11-05;16;1498
1;2025-11-05;17;1746
1;2025-11-05;18;1760
1;2025-11-05;19;1342
1;2025-11-05;20;871
1;2025-11-05;21;485
1;2025-11-05;22;238
1;2025-11-05;23;50
1;2025-11-06;0;5
1;2025-11-06;1;0
1;2025-11-06;2;0
1;2025-11-06;3;0
1;2025-11-06;4;7
1;2025-11-06;5;126
1;2025-11-06;6;527
1;2025-11-06;7;1467
1;2025-11-06;8;1862
1;2025-11-06;9;1444
1;2025-11-06;10;1301
1;2025-11-06;11;1330
1;2025-11-06;12;1361
1;2025-11-06;13;1400
1;2025-11-06;14;1352
1;2025-11-06;15;1501
1;2025-11-06;16;1505
1;2025-11-06;17;1735
1;2025-11-06;18;1745
1;2025-11-06;19;1328
1;2025-11-06;20;867
1;2025-11-06;21;490
1;2025-11-06;22;234
1;2025-11-06;23;55
1;2025-11-07;0;5
1;2025-11-07;1;0
1;2025-11-07;2;0
1;2025-11-07;3;0
1;2025-11-07;4;7
1;2025-11-07;5;130
1;2025-11-07;6;521
1;2025-11-07;7;1468
1;2025-11-07;8;1829
1;2025-11-07;9;1419
1;2025-11-07;10;1284
1;2025-11-07;11;1348
1;2025-11-07;12;1353
1;2025-11-07;13;1407
1;2025-11-07;14;1343
1;2025-11-07;15;1499
1;2025-11-07;16;1536
1;2025-11-07;17;1716
1;2025-11-07;18;1637
1;2025-11-07;19;1248
1;2025-11-07;20;832
1;2025-11-07;21;492
1;2025-11-07;22;237
1;2025-11-07;23;56
1;2025-11-08;0;8
1;2025-11-08;1;0
1;2025-11-08;2;0
1;2025-11-08;3;0
1;2025-11-08;4;0
1;2025-11-08;5;32
1;2025-11-08;6;171
1;2025-11-08;7;349
1;2025-11-08;8;476
1;2025-11-08;9;746
1;2025-11-08;10;871
1;2025-11-08;11;837
1;2025-11-08;12;1043
1;2025-11-08;13;1056
1;2025-11-08;14;998
1;2025-11-08;15;877
1;2025-11-08;16;775
1;2025-11-08;17;718
1;2025-11-08;18;645
1;2025-11-08;19;584
1;2025-11-08;20;431
1;2025-11-08;21;309
1;2025-11-08;22;144
1;2025-11-08;23;36
1;2025-11-09;0;2
1;2025-11-09;1;0
1;2025-11-09;2;0
1;2025-11-09;3;0
1;2025-11-09;4;0
1;2025-11-09;5;25
1;2025-11-09;6;129
1;2025-11-09;7;245
1;2025-11-09;8;351
1;2025-11-09;9;577
1;2025-11-09;10;669
1;2025-11-09;11;666
1;2025-11-09;12;815
1;2025-11-09;13;857
1;2025-11-09;14;772
1;2025-11-09;15;702
1;2025-11-09;16;644
1;2025-11-09;17;581
1;2025-11-09;18;519
1;2025-11-09;19;447
1;2025-11-09;20;335
1;2025-11-09;21;256
1;2025-11-09;22;106
1;2025-11-09;23;34
1;2025-11-10;0;2
1;2025-11-10;1;0
1;2025-11-10;2;0
1;2025-11-10;3;0
1;2025-11-10;4;8
1;2025-11-10;5;130
1;2025-11-10;6;539
1;2025-11-10;7;1480
1;2025-11-10;8;1870
1;2025-11-10;9;1424
1;2025-11-10;10;1258
1;2025-11-10;11;1302
1;2025-11-10;12;1346
1;2025-11-10;13;1368
1;2025-11-10;14;1319
1;2025-11-10;15;1492
1;2025-11-10;16;1516
1;2025-11-10;17;1751
1;2025-11-10;18;1796
1;2025-11-10;19;1368
1;2025-11-10;20;869
1;2025-11-10;21;477
1;2025-11-10;22;223
1;2025-11-10;23;47
1;2025-11-11;0;4
1;2025-11-11;1;0
1;2025-11-11;2;0
1;2025-11-11;3;1
1;2025-11-11;4;8
1;2025-11-11;5;132
1;2025-11-11;6;544
1;2025-11-11;7;1521
1;2025-11-11;8;1895
1;2025-11-11;9;1473
1;2025-11-11;10;1321
1;2025-11-11;11;1346
1;2025-11-11;12;1361
1;2025-11-11;13;1406
1;2025-11-11;14;1339
1;2025-11-11;15;1489
1;2025-11-11;16;1502
1;2025-11-11;17;1745
1;2025-11-11;18;1771
1;2025-11-11;19;1368
1;2025-11-11;20;887
1;2025-11-11;21;488
1;2025-11-11;22;235
1;2025-11-11;23;49
1;2025-11-12;0;5
1;2025-11-12;1;0
1;2025-11-12;2;0
1;2025-11-12;3;0
1;2025-11-12;4;8
1;2025-11-12;5;132
1;2025-11-12;6;538
1;2025-11-12;7;1472
1;2025-11-12;8;1882
1;2025-11-12;9;1445
1;2025-11-12;10;1287
1;2025-11-12;11;1322
1;2025-11-12;12;1354
1;2025-11-12;13;1405
1;2025-11-12;14;1339
1;2025-11-12;15;1501
1;2025-11-12;16;1497
1;2025-11-12;17;1745
1;2025-11-12;18;1759
1;2025-11-12;19;1342
1;2025-11-12;20;870
1;2025-11-12;21;485
1;2025-11-12;22;237
1;2025-11-12;23;50
1;2025-11-13;0;5
1;2025-11-13;1;0
1;2025-11-13;2;0
1;2025-11-13;3;0
1;2025-11-13;4;7
1;2025-11-13;5;126
1;2025-11-13;6;526
1;2025-11-13;7;1466
1;2025-11-13;8;1860
1;2025-11-13;9;1443
1;2025-11-13;10;1301
1;2025-11-13;11;1329
1;2025-11-13;12;1361
1;2025-11-13;13;1400
1;2025-11-13;14;1351
1;2025-11-13;15;1500
1;2025-11-13;16;1504
1;2025-11-13;17;1733
1;2025-11-13;18;1744
1;2025-11-13;19;1328
1;2025-11-13;20;867
1;2025-11-13;21;489
1;2025-11-13;22;234
1;2025-11-13;23;55
1;2025-11-14;0;5
1;2025-11-14;1;0
1;2025-11-14;2;0
1;2025-11-14;3;0
1;2025-11-14;4;7
1;2025-11-14;5;130
1;2025-11-14;6;520
1;2025-11-14;7;1467
1;2025-11-14;8;1828
1;2025-11-14;9;1419
1;2025-11-14;10;1283
1;2025-11-14;11;1347
1;2025-11-14;12;1352
1;2025-11-14;13;1407
1;2025-11-14;14;1342
1;2025-11-14;15;1499
1;2025-11-14;16;1535
1;2025-11-14;17;1715
1;2025-11-14;18;1636
1;2025-11-14;19;1247
1;2025-11-14;20;831
1;2025-11-14;21;491
1;2025-11-14;22;237
1;2025-11-14;23;56
1;2025-11-15;0;8
1;2025-11-15;1;0
1;2025-11-15;2;0
1;2025-11-15;3;0
1;2025-11-15;4;0
1;2025-11-15;5;32
1;2025-11-15;6;170
1;2025-11-15;7;347
1;2025-11-15;8;474
1;2025-11-15;9;743
1;2025-11-15;10;867
1;2025-11-15;11;833
1;2025-11-15;12;1039
1;2025-11-15;13;1052
1;2025-11-15;14;993
1;2025-11-15;15;873
1;2025-11-15;16;772
1;2025-11-15;17;715
1;2025-11-15;18;642
1;2025-11-15;19;581
1;2025-11-15;20;429
1;2025-11-15;21;307
1;2025-11-15;22;144
1;2025-11-15;23;35
1;2025-11-16;0;2
1;2025-11-16;1;0
1;2025-11-16;2;0
1;2025-11-16;3;0
1;2025-11-16;4;0
1;2025-11-16;5;25
1;2025-11-16;6;129
1;2025-11-16;7;245
1;2025-11-16;8;351
1;2025-11-16;9;577
1;2025-11-16;10;669
1;2025-11-16;11;666
1;2025-11-16;12;815
1;2025-11-16;13;857
1;2025-11-16;14;772
1;2025-11-16;15;702
1;2025-11-16;16;643
1;2025-11-16;17;581
1;2025-11-16;18;519
1;2025-11-16;19;447
1;2025-11-16;20;335
1;2025-11-16;21;256
1;2025-11-16;22;106
1;2025-11-16;23;34
1;2025-11-17;0;2
1;2025-11-17;1;0
1;2025-11-17;2;0
1;2025-11-17;3;0
1;2025-11-17;4;8
1;2025-11-17;5;130
1;2025-11-17;6;538
1;2025-11-17;7;1479
1;2025-11-17;8;1869
1;2025-11-17;9;1423
1;2025-11-17;10;1257
1;2025-11-17;11;1301
1;2025-11-17;12;1345
1;2025-11-17;13;1367
1;2025-11-17;14;1319
1;2025-11-17;15;1491
1;2025-11-17;16;1515
1;2025-11-17;17;1750
1;2025-11-17;18;1795
1;2025-11-17;19;1367
1;2025-11-17;20;869
1;2025-11-17;21;477
1;2025-11-17;22;223
1;2025-11-17;23;47
1;2025-11-18;0;4
1;2025-11-18;1;0
1;2025-11-18;2;0
1;2025-11-18;3;1
1;2025-11-18;4;8
1;2025-11-18;5;132
1;2025-11-18;6;544
1;2025-11-18;7;1520
1;2025-11-18;8;1894
1;2025-11-18;9;1472
1;2025-11-18;10;1320
1;2025-11-18;11;1345
1;2025-11-18;12;1361
1;2025-11-18;13;1405
1;2025-11-18;14;1338
1;2025-11-18;15;1488
1;2025-11-18;16;1501
1;2025-11-18;17;1744
1;2025-11-18;18;1770
1;2025-11-18;19;1367
1;2025-11-18;20;887
1;2025-11-18;21;487
1;2025-11-18;22;235
1;2025-11-18;23;49
1;2025-11-19;0;5
1;2025-11-19;1;0
1;2025-11-19;2;0
1;2025-11-19;3;0
1;2025-11-19;4;8
1;2025-11-19;5;132
1;2025-11-19;6;537
1;2025-11-19;7;1471
1;2025-11-19;8;1880
1;2025-11-19;9;1444
1;2025-11-19;10;1286
1;2025-11-19;11;1322
1;2025-11-19;12;1353
1;2025-11-19;13;1404
1;2025-11-19;14;1338
1;2025-11-19;15;1500
1;2025-11-19;16;1497
1;2025-11-19;17;1744
1;2025-11-19;18;1758
1;2025-11-19;19;1341
1;2025-11-19;20;870
1;2025-11-19;21;484
1;2025-11-19;22;237
1;2025-11-19;23;49
1;2025-11-20;0;5
1;2025-11-20;1;0
1;2025-11-20;2;0
1;2025-11-20;3;0
1;2025-11-20;4;7
1;2025-11-20;5;126
1;2025-11-20;6;526
1;2025-11-20;7;1465
1;2025-11-20;8;1859
1;2025-11-20;9;1442
1;2025-11-20;10;1300
1;2025-11-20;11;1328
1;2025-11-20;12;1360
1;2025-11-20;13;1399
1;2025-11-20;14;1350
1;2025-11-20;15;1499
1;2025-11-20;16;1503
1;2025-11-20;17;1733
1;2025-11-20;18;1743
1;2025-11-20;19;1327
1;2025-11-20;20;866
1;2025-11-20;21;489
1;2025-11-20;22;234
1;2025-11-20;23;55
1;2025-11-21;0;5
1;2025-11-21;1;0
1;2025-11-21;2;0
1;2025-11-21;3;0
1;2025-11-21;4;7
1;2025-11-21;5;130
1;2025-11-21;6;520
1;2025-11-21;7;1467
1;2025-11-21;8;1826
1;2025-11-21;9;1418
1;2025-11-21;10;1283
1;2025-11-21;11;1347
1;2025-11-21;12;1352
1;2025-11-21;13;1406
1;2025-11-21;14;1341
1;2025-11-21;15;1498
1;2025-11-21;16;1534
1;2025-11-21;17;1714
1;2025-11-21;18;1635
1;2025-11-21;19;1246
1;2025-11-21;20;831
1;2025-11-21;21;491
1;2025-11-21;22;237
1;2025-11-21;23;56
1;2025-11-22;0;8
1;2025-11-22;1;0
1;2025-11-22;2;0
1;2025-11-22;3;0
1;2025-11-22;4;0
1;2025-11-22;5;32
1;2025-11-22;6;169
1;2025-11-22;7;346
1;2025-11-22;8;472
1;2025-11-22;9;740
1;2025-11-22;10;864
1;2025-11-22;11;830
1;2025-11-22;12;1034
1;2025-11-22;13;1047
1;2025-11-22;14;989
1;2025-11-22;15;870
1;2025-11-22;16;769
1;2025-11-22;17;712
1;2025-11-22;18;640
1;2025-11-22;19;579
1;2025-11-22;20;428
1;2025-11-22;21;306
1;2025-11-22;22;143
1;2025-11-22;23;35
1;2025-11-23;0;2
1;2025-11-23;1;0
1;2025-11-23;2;0
1;2025-11-23;3;0
1;2025-11-23;4;0
1;2025-11-23;5;25
1;2025-11-23;6;129
1;2025-11-23;7;245
1;2025-11-23;8;351
1;2025-11-23;9;576
1;2025-11-23;10;668
1;2025-11-23;11;666
1;2025-11-23;12;815
1;2025-11-23;13;857
1;2025-11-23;14;772
1;2025-11-23;15;702
1;2025-11-23;16;643
1;2025-11-23;17;581
1;2025-11-23;18;519
1;2025-11-23;19;447
1;2025-11-23;20;335
1;2025-11-23;21;256
1;2025-11-23;22;106
1;2025-11-23;23;34
1;2025-11-24;0;2
1;2025-11-24;1;0
1;2025-11-24;2;0
1;2025-11-24;3;0
1;2025-11-24;4;8
1;2025-11-24;5;130
1;2025-11-24;6;538
1;2025-11-24;7;1478
1;2025-11-24;8;1868
1;2025-11-24;9;1422
1;2025-11-24;10;1257
1;2025-11-24;11;1300
1;2025-11-24;12;1345
1;2025-11-24;13;1367
1;2025-11-24;14;1318
1;2025-11-24;15;1490
1;2025-11-24;16;1514
1;2025-11-24;17;1749
1;2025-11-24;18;1794
1;2025-11-24;19;1366
1;2025-11-24;20;868
1;2025-11-24;21;477
1;2025-11-24;22;223
1;2025-11-24;23;47
1;2025-11-25;0;4
1;2025-11-25;1;0
1;2025-11-25;2;0
1;2025-11-25;3;1
1;2025-11-25;4;8
1;2025-11-25;5;132
1;2025-11-25;6;544
1;2025-11-25;7;1519
1;2025-11-25;8;1893
1;2025-11-25;9;1471
1;2025-11-25;10;1319
1;2025-11-25;11;1344
1;2025-11-25;12;1360
1;2025-11-25;13;1404
1;2025-11-25;14;1337
1;2025-11-25;15;1487
1;2025-11-25;16;1500
1;2025-11-25;17;1743
1;2025-11-25;18;1769
1;2025-11-25;19;1367
1;2025-11-25;20;886
1;2025-11-25;21;487
1;2025-11-25;22;235
1;2025-11-25;23;49
1;2025-11-26;0;5
1;2025-11-26;1;0
1;2025-11-26;2;0
1;2025-11-26;3;0
1;2025-11-26;4;8
1;2025-11-26;5;131
1;2025-11-26;6;537
1;2025-11-26;7;1471
1;2025-11-26;8;1879
1;2025-11-26;9;1444
1;2025-11-26;10;1285
1;2025-11-26;11;1321
1;2025-11-26;12;1352
1;2025-11-26;13;1404
1;2025-11-26;14;1338
1;2025-11-26;15;1499
1;2025-11-26;16;1496
1;2025-11-26;17;1743
1;2025-11-26;18;1757
1;2025-11-26;19;1340
1;2025-11-26;20;869
1;2025-11-26;21;484
1;2025-11-26;22;237
1;2025-11-26;23;49
1;2025-11-27;0;5
1;2025-11-27;1;0
1;2025-11-27;2;0
1;2025-11-27;3;0
1;2025-11-27;4;7
1;2025-11-27;5;126
1;2025-11-27;6;526
1;2025-11-27;7;1464
1;2025-11-27;8;1858
1;2025-11-27;9;1442
1;2025-11-27;10;1299
1;2025-11-27;11;1328
1;2025-11-27;12;1359
1;2025-11-27;13;1398
1;2025-11-27;14;1349
1;2025-11-27;15;1498
1;2025-11-27;16;1502
1;2025-11-27;17;1732
1;2025-11-27;18;1742
1;2025-11-27;19;1326
1;2025-11-27;20;866
1;2025-11-27;21;489
1;2025-11-27;22;234
1;2025-11-27;23;55
1;2025-11-28;0;5
1;2025-11-28;1;0
1;2025-11-28;2;0
1;2025-11-28;3;0
1;2025-11-28;4;7
1;2025-11-28;5;130
1;2025-11-28;6;520
1;2025-11-28;7;1466
1;2025-11-28;8;1825
1;2025-11-28;9;1417
1;2025-11-28;10;1282
1;2025-11-28;11;1346
1;2025-11-28;12;1351
1;2025-11-28;13;1405
1;2025-11-28;14;1340
1;2025-11-28;15;1497
1;2025-11-28;16;1533
1;2025-11-28;17;1713
1;2025-11-28;18;1634
1;2025-11-28;19;1246
1;2025-11-28;20;830
1;2025-11-28;21;491
1;2025-11-28;22;237
1;2025-11-28;23;56
1;2025-11-29;0;8
1;2025-11-29;1;0
1;2025-11-29;2;0
1;2025-11-29;3;0
1;2025-11-29;4;0
1;2025-11-29;5;32
1;2025-11-29;6;169
1;2025-11-29;7;344
1;2025-11-29;8;470
1;2025-11-29;9;737
1;2025-11-29;10;860
1;2025-11-29;11;827
1;2025-11-29;12;1030
1;2025-11-29;13;1043
1;2025-11-29;14;986
1;2025-11-29;15;867
1;2025-11-29;16;766
1;2025-11-29;17;709
1;2025-11-29;18;637
1;2025-11-29;19;577
1;2025-11-29;20;426
1;2025-11-29;21;305
1;2025-11-29;22;142
1;2025-11-29;23;35
1;2025-11-30;0;2
1;2025-11-30;1;0
1;2025-11-30;2;0
1;2025-11-30;3;0
1;2025-11-30;4;0
1;2025-11-30;5;25
1;2025-11-30;6;129
1;2025-11-30;7;245
1;2025-11-30;8;351
1;2025-11-30;9;576
1;2025-11-30;10;668
1;2025-11-30;11;666
1;2025-11-30;12;815
1;2025-11-30;13;857
1;2025-11-30;14;772
1;2025-11-30;15;702
1;2025-11-30;16;643
1;2025-11-30;17;581
1;2025-11-30;18;519
1;2025-11-30;19;447
1;2025-11-30;20;335
1;2025-11-30;21;256
1;2025-11-30;22;106
1;2025-11-30;23;34
1;2025-12-01;0;2
1;2025-12-01;1;0
1;2025-12-01;2;0
1;2025-12-01;3;0
1;2025-12-01;4;8
1;2025-12-01;5;130
1;2025-12-01;6;538
1;2025-12-01;7;1477
1;2025-12-01;8;1867
1;2025-12-01;9;1421
1;2025-12-01;10;1256
1;2025-12-01;11;1300
1;2025-12-01;12;1344
1;2025-12-01;13;1366
1;2025-12-01;14;1317
1;2025-12-01;15;1490
1;2025-12-01;16;1514
1;2025-12-01;17;1748
1;2025-12-01;18;1793
1;2025-12-01;19;1365
1;2025-12-01;20;868
1;2025-12-01;21;477
1;2025-12-01;22;223
1;2025-12-01;23;47
1;2025-12-02;0;4
1;2025-12-02;1;0
1;2025-12-02;2;0
1;2025-12-02;3;1
1;2025-12-02;4;8
1;2025-12-02;5;132
1;2025-12-02;6;543
1;2025-12-02;7;1518
1;2025-12-02;8;1892
1;2025-12-02;9;1470
1;2025-12-02;10;1319
1;2025-12-02;11;1343
1;2025-12-02;12;1359
1;2025-12-02;13;1403
1;2025-12-02;14;1337
1;2025-12-02;15;1486
1;2025-12-02;16;1499
1;2025-12-02;17;1742
1;2025-12-02;18;1768
1;2025-12-02;19;1366
1;2025-12-02;20;886
1;2025-12-02;21;487
1;2025-12-02;22;235
1;2025-12-02;23;49
1;2025-12-03;0;5
1;2025-12-03;1;0
1;2025-12-03;2;0
1;2025-12-03;3;0
1;2025-12-03;4;8
1;2025-12-03;5;131
1;2025-12-03;6;537
1;2025-12-03;7;1470
1;2025-12-03;8;1878
1;2025-12-03;9;1443
1;2025-12-03;10;1285
1;2025-12-03;11;1320
1;2025-12-03;12;1352
1;2025-12-03;13;1403
1;2025-12-03;14;1337
1;2025-12-03;15;1498
1;2025-12-03;16;1495
1;2025-12-03;17;1742
1;2025-12-03;18;1756
1;2025-12-03;19;1339
1;2025-12-03;20;869
1;2025-12-03;21;484
1;2025-12-03;22;237
1;2025-12-03;23;49
1;2025-12-04;0;5
1;2025-12-04;1;0
1;2025-12-04;2;0
1;2025-12-04;3;0
1;2025-12-04;4;7
1;2025-12-04;5;126
1;2025-12-04;6;525
1;2025-12-04;7;1464
1;2025-12-04;8;1857
1;2025-12-04;9;1441
1;2025-12-04;10;1298
1;2025-12-04;11;1327
1;2025-12-04;12;1358
1;2025-12-04;13;1397
1;2025-12-04;14;1349
1;2025-12-04;15;1497
1;2025-12-04;16;1501
1;2025-12-04;17;1731
1;2025-12-04;18;1741
1;2025-12-04;19;1325
1;2025-12-04;20;865
1;2025-12-04;21;489
1;2025-12-04;22;234
1;2025-12-04;23;55
1;2025-12-05;0;5
1;2025-12-05;1;0
1;2025-12-05;2;0
1;2025-12-05;3;0
1;2025-12-05;4;7
1;2025-12-05;5;130
1;2025-12-05;6;520
1;2025-12-05;7;1465
1;2025-12-05;8;1825
1;2025-12-05;9;1416
1;2025-12-05;10;1281
1;2025-12-05;11;1345
1;2025-12-05;12;1350
1;2025-12-05;13;1404
1;2025-12-05;14;1340
1;2025-12-05;15;1496
1;2025-12-05;16;1533
1;2025-12-05;17;1712
1;2025-12-05;18;1633
1;2025-12-05;19;1245
1;2025-12-05;20;830
1;2025-12-05;21;490
1;2025-12-05;22;237
1;2025-12-05;23;56
1;2025-12-06;0;8
1;2025-12-06;1;0
1;2025-12-06;2;0
1;2025-12-06;3;0
1;2025-12-06;4;0
1;2025-12-06;5;32
1;2025-12-06;6;168
1;2025-12-06;7;343
1;2025-12-06;8;468
1;2025-12-06;9;735
1;2025-12-06;10;858
1;2025-12-06;11;824
1;2025-12-06;12;1027
1;2025-12-06;13;1040
1;2025-12-06;14;982
1;2025-12-06;15;864
1;2025-12-06;16;763
1;2025-12-06;17;707
1;2025-12-06;18;635
1;2025-12-06;19;575
1;2025-12-06;20;424
1;2025-12-06;21;304
1;2025-12-06;22;142
1;2025-12-06;23;35
1;2025-12-07;0;2
1;2025-12-07;1;0
1;2025-12-07;2;0
1;2025-12-07;3;0
1;2025-12-07;4;0
1;2025-12-07;5;25
1;2025-12-07;6;129
1;2025-12-07;7;245
1;2025-12-07;8;351
1;2025-12-07;9;576
1;2025-12-07;10;668
1;2025-12-07;11;666
1;2025-12-07;12;815
1;2025-12-07;13;857
1;2025-12-07;14;771
1;2025-12-07;15;702
1;2025-12-07;16;643
1;2025-12-07;17;581
1;2025-12-07;18;519
1;2025-12-07;19;447
1;2025-12-07;20;335
1;2025-12-07;21;256
1;2025-12-07;22;106
1;2025-12-07;23;34
1;2025-12-08;0;2
1;2025-12-08;1;0
1;2025-12-08;2;0
1;2025-12-08;3;0
1;2025-12-08;4;8
1;2025-12-08;5;130
1;2025-12-08;6;537
1;2025-12-08;7;1476
1;2025-12-08;8;1866
1;2025-12-08;9;1421
1;2025-12-08;10;1255
1;2025-12-08;11;1299
1;2025-12-08;12;1343
1;2025-12-08;13;1365
1;2025-12-08;14;1317
1;2025-12-08;15;1489
1;2025-12-08;16;1513
1;2025-12-08;17;1747
1;2025-12-08;18;1792
1;2025-12-08;19;1365
1;2025-12-08;20;867
1;2025-12-08;21;476
1;2025-12-08;22;222
1;2025-12-08;23;47
1;2025-12-09;0;4
1;2025-12-09;1;0
1;2025-12-09;2;0
1;2025-12-09;3;1
1;2025-12-09;4;8
1;2025-12-09;5;132
1;2025-12-09;6;543
1;2025-12-09;7;1517
1;2025-12-09;8;1891
1;2025-12-09;9;1470
1;2025-12-09;10;1318
1;2025-12-09;11;1343
1;2025-12-09;12;1358
1;2025-12-09;13;1403
1;2025-12-09;14;1336
1;2025-12-09;15;1485
1;2025-12-09;16;1499
1;2025-12-09;17;1741
1;2025-12-09;18;1767
1;2025-12-09;19;1365
1;2025-12-09;20;885
1;2025-12-09;21;487
1;2025-12-09;22;235
1;2025-12-09;23;49
1;2025-12-10;0;5
1;2025-12-10;1;0
1;2025-12-10;2;0
1;2025-12-10;3;0
1;2025-12-10;4;8
1;2025-12-10;5;131
1;2025-12-10;6;536
1;2025-12-10;7;1469
1;2025-12-10;8;1877
1;2025-12-10;9;1442
1;2025-12-10;10;1284
1;2025-12-10;11;1320
1;2025-12-10;12;1351
1;2025-12-10;13;1402
1;2025-12-10;14;1336
1;2025-12-10;15;1497
1;2025-12-10;16;1494
1;2025-12-10;17;1742
1;2025-12-10;18;1755
1;2025-12-10;19;1339
1;2025-12-10;20;868
1;2025-12-10;21;484
1;2025-12-10;22;237
1;2025-12-10;23;49
1;2025-12-11;0;5
1;2025-12-11;1;0
1;2025-12-11;2;0
1;2025-12-11;3;0
1;2025-12-11;4;7
1;2025-12-11;5;126
1;2025-12-11;6;525
1;2025-12-11;7;1463
1;2025-12-11;8;1856
1;2025-12-11;9;1440
1;2025-12-11;10;1298
1;2025-12-11;11;1326
1;2025-12-11;12;1358
1;2025-12-11;13;1397
1;2025-12-11;14;1348
1;2025-12-11;15;1496
1;2025-12-11;16;1501
1;2025-12-11;17;1730
1;2025-12-11;18;1740
1;2025-12-11;19;1325
1;2025-12-11;20;865
1;2025-12-11;21;488
1;2025-12-11;22;233
1;2025-12-11;23;55
1;2025-12-12;0;5
1;2025-12-12;1;0
1;2025-12-12;2;0
1;2025-12-12;3;0
1;2025-12-12;4;7
1;2025-12-12;5;130
1;2025-12-12;6;519
1;2025-12-12;7;1464
1;2025-12-12;8;1824
1;2025-12-12;9;1416
1;2025-12-12;10;1281
1;2025-12-12;11;1345
1;2025-12-12;12;1349
1;2025-12-12;13;1404
1;2025-12-12;14;1339
1;2025-12-12;15;1495
1;2025-12-12;16;1532
1;2025-12-12;17;1711
1;2025-12-12;18;1632
1;2025-12-12;19;1244
1;2025-12-12;20;829
1;2025-12-12;21;490
1;2025-12-12;22;237
1;2025-12-12;23;56
1;2025-12-13;0;8
1;2025-12-13;1;0
1;2025-12-13;2;0
1;2025-12-13;3;0
1;2025-12-13;4;0
1;2025-12-13;5;32
1;2025-12-13;6;167
1;2025-12-13;7;342
1;2025-12-13;8;467
1;2025-12-13;9;732
1;2025-12-13;10;855
1;2025-12-13;11;821
1;2025-12-13;12;1024
1;2025-12-13;13;1036
1;2025-12-13;14;979
1;2025-12-13;15;861
1;2025-12-13;16;761
1;2025-12-13;17;705
1;2025-12-13;18;633
1;2025-12-13;19;573
1;2025-12-13;20;423
1;2025-12-13;21;303
1;2025-12-13;22;141
1;2025-12-13;23;35
1;2025-12-14;0;2
1;2025-12-14;1;0
1;2025-12-14;2;0
1;2025-12-14;3;0
1;2025-12-14;4;0
1;2025-12-14;5;25
1;2025-12-14;6;129
1;2025-12-14;7;245
1;2025-12-14;8;351
1;2025-12-14;9;576
1;2025-12-14;10;668
1;2025-12-14;11;665
1;2025-12-14;12;815
1;2025-12-14;13;857
1;2025-12-14;14;771
1;2025-12-14;15;702
1;2025-12-14;16;643
1;2025-12-14;17;581
1;2025-12-14;18;519
1;2025-12-14;19;447
1;2025-12-14;20;335
1;2025-12-14;21;256
1;2025-12-14;22;106
1;2025-12-14;23;34
1;2025-12-15;0;2
1;2025-12-15;1;0
1;2025-12-15;2;0
1;2025-12-15;3;0
1;2025-12-15;4;8
1;2025-12-15;5;130
1;2025-12-15;6;537
1;2025-12-15;7;1476
1;2025-12-15;8;1865
1;2025-12-15;9;1420
1;2025-12-15;10;1255
1;2025-12-15;11;1298
1;2025-12-15;12;1343
1;2025-12-15;13;1365
1;2025-12-15;14;1316
1;2025-12-15;15;1488
1;2025-12-15;16;1512
1;2025-12-15;17;1747
1;2025-12-15;18;1791
1;2025-12-15;19;1364
1;2025-12-15;20;867
1;2025-12-15;21;476
1;2025-12-15;22;222
1;2025-12-15;23;47
1;2025-12-16;0;4
1;2025-12-16;1;0
1;2025-12-16;2;0
1;2025-12-16;3;1
1;2025-12-16;4;8
1;2025-12-16;5;131
1;2025-12-16;6;543
1;2025-12-16;7;1517
1;2025-12-16;8;1890
1;2025-12-16;9;1469
1;2025-12-16;10;1317
1;2025-12-16;11;1342
1;2025-12-16;12;1358
1;2025-12-16;13;1402
1;2025-12-16;14;1335
1;2025-12-16;15;1485
1;2025-12-16;16;1498
1;2025-12-16;17;1740
1;2025-12-16;18;1766
1;2025-12-16;19;1365
1;2025-12-16;20;885
1;2025-12-16;21;486
1;2025-12-16;22;234
1;2025-12-16;23;49
1;2025-12-17;0;5
1;2025-12-17;1;0
1;2025-12-17;2;0
1;2025-12-17;3;0
1;2025-12-17;4;8
1;2025-12-17;5;131
1;2025-12-17;6;536
1;2025-12-17;7;1468
1;2025-12-17;8;1877
1;2025-12-17;9;1441
1;2025-12-17;10;1283
1;2025-12-17;11;1319
1;2025-12-17;12;1350
1;2025-12-17;13;1402
1;2025-12-17;14;1336
1;2025-12-17;15;1497
1;2025-12-17;16;1493
1;2025-12-17;17;1741
1;2025-12-17;18;1754
1;2025-12-17;19;1338
1;2025-12-17;20;868
1;2025-12-17;21;483
1;2025-12-17;22;237
1;2025-12-17;23;49
1;2025-12-18;0;5
1;2025-12-18;1;0
1;2025-12-18;2;0
1;2025-12-18;3;0
1;2025-12-18;4;7
1;2025-12-18;5;126
1;2025-12-18;6;525
1;2025-12-18;7;1462
1;2025-12-18;8;1856
1;2025-12-18;9;1439
1;2025-12-18;10;1297
1;2025-12-18;11;1326
1;2025-12-18;12;1357
1;2025-12-18;13;1396
1;2025-12-18;14;1347
1;2025-12-18;15;1496
1;2025-12-18;16;1500
1;2025-12-18;17;1729
1;2025-12-18;18;1739
1;2025-12-18;19;1324
1;2025-12-18;20;864
1;2025-12-18;21;488
1;2025-12-18;22;233
1;2025-12-18;23;55
1;2025-12-19;0;5
1;2025-12-19;1;0
1;2025-12-19;2;0
1;2025-12-19;3;0
1;2025-12-19;4;7
1;2025-12-19;5;130
1;2025-12-19;6;519
1;2025-12-19;7;1464
1;2025-12-19;8;1823
1;2025-12-19;9;1415
1;2025-12-19;10;1280
1;2025-12-19;11;1344
1;2025-12-19;12;1349
1;2025-12-19;13;1403
1;2025-12-19;14;1338
1;2025-12-19;15;1495
1;2025-12-19;16;1531
1;2025-12-19;17;1710
1;2025-12-19;18;1631
1;2025-12-19;19;1244
1;2025-12-19;20;829
1;2025-12-19;21;490
1;2025-12-19;22;237
1;2025-12-19;23;55
1;2025-12-20;0;8
1;2025-12-20;1;0
1;2025-12-20;2;0
1;2025-12-20;3;0
1;2025-12-20;4;0
1;2025-12-20;5;32
1;2025-12-20;6;167
1;2025-12-20;7;341
1;2025-12-20;8;466
1;2025-12-20;9;730
1;2025-12-20;10;852
1;2025-12-20;11;819
1;2025-12-20;12;1021
1;2025-12-20;13;1033
1;2025-12-20;14;976
1;2025-12-20;15;858
1;2025-12-20;16;759
1;2025-12-20;17;703
1;2025-12-20;18;631
1;2025-12-20;19;571
1;2025-12-20;20;422
1;2025-12-20;21;302
1;2025-12-20;22;141
1;2025-12-20;23;35
1;2025-12-21;0;2
1;2025-12-21;1;0
1;2025-12-21;2;0
1;2025-12-21;3;0
1;2025-12-21;4;0
1;2025-12-21;5;25
1;2025-12-21;6;129
1;2025-12-21;7;245
1;2025-12-21;8;351
1;2025-12-21;9;576
1;2025-12-21;10;668
1;2025-12-21;11;665
1;2025-12-21;12;814
1;2025-12-21;13;857
1;2025-12-21;14;771
1;2025-12-21;15;702
1;2025-12-21;16;643
1;2025-12-21;17;581
1;2025-12-21;18;519
1;2025-12-21;19;447
1;2025-12-21;20;335
1;2025-12-21;21;256
1;2025-12-21;22;106
1;2025-12-21;23;34
1;2025-12-22;0;2
1;2025-12-22;1;0
1;2025-12-22;2;0
1;2025-12-22;3;0
1;2025-12-22;4;8
1;2025-12-22;5;130
1;2025-12-22;6;537
1;2025-12-22;7;1475
1;2025-12-22;8;1864
1;2025-12-22;9;1419
1;2025-12-22;10;1254
1;2025-12-22;11;1298
1;2025-12-22;12;1342
1;2025-12-22;13;1364
1;2025-12-22;14;1315
1;2025-12-22;15;1487
1;2025-12-22;16;1511
1;2025-12-22;17;1746
1;2025-12-22;18;1791
1;2025-12-22;19;1363
1;2025-12-22;20;866
1;2025-12-22;21;476
1;2025-12-22;22;222
1;2025-12-22;23;47
1;2025-12-23;0;4
1;2025-12-23;1;0
1;2025-12-23;2;0
1;2025-12-23;3;1
1;2025-12-23;4;8
1;2025-12-23;5;131
1;2025-12-23;6;543
1;2025-12-23;7;1516
1;2025-12-23;8;1889
1;2025-12-23;9;1468
1;2025-12-23;10;1317
1;2025-12-23;11;1341
1;2025-12-23;12;1357
1;2025-12-23;13;1401
1;2025-12-23;14;1335
1;2025-12-23;15;1484
1;2025-12-23;16;1497
1;2025-12-23;17;1739
1;2025-12-23;18;1765
1;2025-12-23;19;1364
1;2025-12-23;20;885
1;2025-12-23;21;486
1;2025-12-23;22;234
1;2025-12-23;23;49
1;2025-12-24;0;5
1;2025-12-24;1;0
1;2025-12-24;2;0
1;2025-12-24;3;0
1;2025-12-24;4;8
1;2025-12-24;5;131
1;2025-12-24;6;536
1;2025-12-24;7;1468
1;2025-12-24;8;1876
1;2025-12-24;9;1441
1;2025-12-24;10;1283
1;2025-12-24;11;1318
1;2025-12-24;12;1350
1;2025-12-24;13;1401
1;2025-12-24;14;1335
1;2025-12-24;15;1496
1;2025-12-24;16;1493
1;2025-12-24;17;1740
1;2025-12-24;18;1753
1;2025-12-24;19;1338
1;2025-12-24;20;867
1;2025-12-24;21;483
1;2025-12-24;22;237
1;2025-12-24;23;49
1;2025-12-25;0;5
1;2025-12-25;1;0
1;2025-12-25;2;0
1;2025-12-25;3;0
1;2025-12-25;4;7
1;2025-12-25;5;126
1;2025-12-25;6;525
1;2025-12-25;7;1462
1;2025-12-25;8;1855
1;2025-12-25;9;1439
1;2025-12-25;10;1297
1;2025-12-25;11;1325
1;2025-12-25;12;1356
1;2025-12-25;13;1395
1;2025-12-25;14;1347
1;2025-12-25;15;1495
1;2025-12-25;16;1499
1;2025-12-25;17;1728
1;2025-12-25;18;1739
1;2025-12-25;19;1323
1;2025-12-25;20;864
1;2025-12-25;21;488
1;2025-12-25;22;233
1;2025-12-25;23;55
1;2025-12-26;0;5
1;2025-12-26;1;0
1;2025-12-26;2;0
1;2025-12-26;3;0
1;2025-12-26;4;7
1;2025-12-26;5;130
1;2025-12-26;6;519
1;2025-12-26;7;1463
1;2025-12-26;8;1822
1;2025-12-26;9;1414
1;2025-12-26;10;1279
1;2025-12-26;11;1343
1;2025-12-26;12;1348
1;2025-12-26;13;1402
1;2025-12-26;14;1338
1;2025-12-26;15;1494
1;2025-12-26;16;1530
1;2025-12-26;17;1709
1;2025-12-26;18;1631
1;2025-12-26;19;1243
1;2025-12-26;20;829
1;2025-12-26;21;490
1;2025-12-26;22;237
1;2025-12-26;23;55
1;2025-12-27;0;8
1;2025-12-27;1;0
1;2025-12-27;2;0
1;2025-12-27;3;0
1;2025-12-27;4;0
1;2025-12-27;5;32
1;2025-12-27;6;167
1;2025-12-27;7;340
1;2025-12-27;8;464
1;2025-12-27;9;728
1;2025-12-27;10;850
1;2025-12-27;11;816
1;2025-12-27;12;1018
1;2025-12-27;13;1031
1;2025-12-27;14;974
1;2025-12-27;15;856
1;2025-12-27;16;757
1;2025-12-27;17;701
1;2025-12-27;18;629
1;2025-12-27;19;570
1;2025-12-27;20;421
1;2025-12-27;21;301
1;2025-12-27;22;141
1;2025-12-27;23;35
1;2025-12-28;0;2
1;2025-12-28;1;0
1;2025-12-28;2;0
1;2025-12-28;3;0
1;2025-12-28;4;0
1;2025-12-28;5;25
1;2025-12-28;6;129
1;2025-12-28;7;245
1;2025-12-28;8;351
1;2025-12-28;9;576
1;2025-12-28;10;668
1;2025-12-28;11;665
1;2025-12-28;12;814
1;2025-12-28;13;857
1;2025-12-28;14;771
1;2025-12-28;15;702
1;2025-12-28;16;643
1;2025-12-28;17;581
1;2025-12-28;18;518
1;2025-12-28;19;447
1;2025-12-28;20;335
1;2025-12-28;21;256
1;2025-12-28;22;106
1;2025-12-28;23;34
1;2025-12-29;0;2
1;2025-12-29;1;0
1;2025-12-29;2;0
1;2025-12-29;3;0
1;2025-12-29;4;8
1;2025-12-29;5;130
1;2025-12-29;6;537
1;2025-12-29;7;1474
1;2025-12-29;8;1863
1;2025-12-29;9;1419
1;2025-12-29;10;1254
1;2025-12-29;11;1297
1;2025-12-29;12;1341
1;2025-12-29;13;1363
1;2025-12-29;14;1315
1;2025-12-29;15;1487
1;2025-12-29;16;1511
1;2025-12-29;17;1745
1;2025-12-29;18;1790
1;2025-12-29;19;1363
1;2025-12-29;20;866
1;2025-12-29;21;476
1;2025-12-29;22;222
1;2025-12-29;23;47
1;2025-12-30;0;4
1;2025-12-30;1;0
1;2025-12-30;2;0
1;2025-12-30;3;1
1;2025-12-30;4;8
1;2025-12-30;5;131
1;2025-12-30;6;542
1;2025-12-30;7;1515
1;2025-12-30;8;1888
1;2025-12-30;9;1468
1;2025-12-30;10;1316
1;2025-12-30;11;1341
1;2025-12-30;12;1357
1;2025-12-30;13;1401
1;2025-12-30;14;1334
1;2025-12-30;15;1483
1;2025-12-30;16;1496
1;2025-12-30;17;1738
1;2025-12-30;18;1764
1;2025-12-30;19;1363
1;2025-12-30;20;884
1;2025-12-30;21;486
1;2025-12-30;22;234
1;2025-12-30;23;49
1;2025-12-31;0;2
1;2025-12-31;1;0
1;2025-12-31;2;0
1;2025-12-31;3;0
1;2025-12-31;4;0
1;2025-12-31;5;25
1;2025-12-31;6;126
1;2025-12-31;7;240
1;2025-12-31;8;341
1;2025-12-31;9;558
1;2025-12-31;10;646
1;2025-12-31;11;632
1;2025-12-31;12;783
1;2025-12-31;13;831
1;2025-12-31;14;750
1;2025-12-31;15;689
1;2025-12-31;16;634
1;2025-12-31;17;571
1;2025-12-31;18;505
1;2025-12-31;19;439
1;2025-12-31;20;327
1;2025-12-31;21;254
1;2025-12-31;22;107
1;2025-12-31;23;33
5;2025-11-01;0;0
5;2025-11-01;1;0
5;2025-11-01;2;0
5;2025-11-01;3;0
5;2025-11-01;4;0
5;2025-11-01;5;0
5;2025-11-01;6;0
5;2025-11-01;7;0
5;2025-11-01;8;0
5;2025-11-01;9;0
5;2025-11-01;10;0
5;2025-11-01;11;0
5;2025-11-01;12;0
5;2025-11-01;13;0
5;2025-11-01;14;0
5;2025-11-01;15;0
5;2025-11-01;16;0
5;2025-11-01;17;0
5;2025-11-01;18;0
5;2025-11-01;19;0
5;2025-11-01;20;0
5;2025-11-01;21;0
5;2025-11-01;22;0
5;2025-11-01;23;0
5;2025-11-02;0;0
5;2025-11-02;1;0
5;2025-11-02;2;0
5;2025-11-02;3;0
5;2025-11-02;4;0
5;2025-11-02;5;0
5;2025-11-02;6;0
5;2025-11-02;7;0
5;2025-11-02;8;0
5;2025-11-02;9;0
5;2025-11-02;10;0
5;2025-11-02;11;0
5;2025-11-02;12;0
5;2025-11-02;13;0
5;2025-11-02;14;0
5;2025-11-02;15;0
5;2025-11-02;16;0
5;2025-11-02;17;0
5;2025-11-02;18;0
5;2025-11-02;19;0
5;2025-11-02;20;0
5;2025-11-02;21;0
5;2025-11-02;22;0
5;2025-11-02;23;0
5;2025-11-03;0;0
5;2025-11-03;1;0
5;2025-11-03;2;0
5;2025-11-03;3;0
5;2025-11-03;4;0
5;2025-11-03;5;0
5;2025-11-03;6;0
5;2025-11-03;7;0
5;2025-11-03;8;0
5;2025-11-03;9;0
5;2025-11-03;10;0
5;2025-11-03;11;0
5;2025-11-03;12;0
5;2025-11-03;13;0
5;2025-11-03;14;0
5;2025-11-03;15;0
5;2025-11-03;16;0
5;2025-11-03;17;0
5;2025-11-03;18;0
5;2025-11-03;19;0
5;2025-11-03;20;0
5;2025-11-03;21;0
5;2025-11-03;22;0
5;2025-11-03;23;0
5;2025-11-04;0;0
5;2025-11-04;1;0
5;2025-11-04;2;0
5;2025-11-04;3;0
5;2025-11-04;4;0
5;2025-11-04;5;0
5;2025-11-04;6;0
5;2025-11-04;7;0
5;2025-11-04;8;0
5;2025-11-04;9;0
5;2025-11-04;10;0
5;2025-11-04;11;0
5;2025-11-04;12;0
5;2025-11-04;13;0
5;2025-11-04;14;0
5;2025-11-04;15;0
5;2025-11-04;16;0
5;2025-11-04;17;0
5;2025-11-04;18;0
5;2025-11-04;19;0
5;2025-11-04;20;0
5;2025-11-04;21;0
5;2025-11-04;22;0
5;2025-11-04;23;0
5;2025-11-05;0;0
5;2025-11-05;1;0
5;2025-11-05;2;0
5;2025-11-05;3;0
5;2025-11-05;4;0
5;2025-11-05;5;0
5;2025-11-05;6;0
5;2025-11-05;7;0
5;2025-11-05;8;0
5;2025-11-05;9;0
5;2025-11-05;10;0
5;2025-11-05;11;0
5;2025-11-05;12;0
5;2025-11-05;13;0
5;2025-11-05;14;0
5;2025-11-05;15;0
5;2025-11-05;16;0
5;2025-11-05;17;0
5;2025-11-05;18;0
5;2025-11-05;19;0
5;2025-11-05;20;0
5;2025-11-05;21;0
5;2025-11-05;22;0
5;2025-11-05;23;0
5;2025-11-06;0;0
5;2025-11-06;1;0
5;2025-11-06;2;0
5;2025-11-06;3;0
5;2025-11-06;4;0
5;2025-11-06;5;0
5;2025-11-06;6;0
5;2025-11-06;7;0
5;2025-11-06;8;0
5;2025-11-06;9;0
5;2025-11-06;10;0
5;2025-11-06;11;0
5;2025-11-06;12;0
5;2025-11-06;13;0
5;2025-11-06;14;0
5;2025-11-06;15;0
5;2025-11-06;16;0
5;2025-11-06;17;0
5;2025-11-06;18;0
5;2025-11-06;19;0
5;2025-11-06;20;0
5;2025-11-06;21;0
5;2025-11-06;22;0
5;2025-11-06;23;0
5;2025-11-07;0;0
5;2025-11-07;1;0
5;2025-11-07;2;0
5;2025-11-07;3;0
5;2025-11-07;4;0
5;2025-11-07;5;0
5;2025-11-07;6;0
5;2025-11-07;7;0
5;2025-11-07;8;0
5;2025-11-07;9;0
5;2025-11-07;10;0
5;2025-11-07;11;0
5;2025-11-07;12;0
5;2025-11-07;13;0
5;2025-11-07;14;0
5;2025-11-07;15;0
5;2025-11-07;16;0
5;2025-11-07;17;0
5;2025-11-07;18;0
5;2025-11-07;19;0
5;2025-11-07;20;0
5;2025-11-07;21;0
5;2025-11-07;22;0
5;2025-11-07;23;0
5;2025-11-08;0;0
5;2025-11-08;1;0
5;2025-11-08;2;0
5;2025-11-08;3;0
5;2025-11-08;4;0
5;2025-11-08;5;0
5;2025-11-08;6;0
5;2025-11-08;7;0
5;2025-11-08;8;0
5;2025-11-08;9;0
5;2025-11-08;10;0
5;2025-11-08;11;0
5;2025-11-08;12;0
5;2025-11-08;13;0
5;2025-11-08;14;0
5;2025-11-08;15;0
5;2025-11-08;16;0
5;2025-11-08;17;0
5;2025-11-08;18;0
5;2025-11-08;19;0
5;2025-11-08;20;0
5;2025-11-08;21;0
5;2025-11-08;22;0
5;2025-11-08;23;0
5;2025-11-09;0;0
5;2025-11-09;1;0
5;2025-11-09;2;0
5;2025-11-09;3;0
5;2025-11-09;4;0
5;2025-11-09;5;0
5;2025-11-09;6;0
5;2025-11-09;7;0
5;2025-11-09;8;0
5;2025-11-09;9;0
5;2025-11-09;10;0
5;2025-11-09;11;0
5;2025-11-09;12;0
5;2025-11-09;13;0
5;2025-11-09;14;0
5;2025-11-09;15;0
5;2025-11-09;16;0
5;2025-11-09;17;0
5;2025-11-09;18;0
5;2025-11-09;19;0
5;2025-11-09;20;0
5;2025-11-09;21;0
5;2025-11-09;22;0
5;2025-11-09;23;0
5;2025-11-10;0;0
5;2025-11-10;1;0
5;2025-11-10;2;0
5;2025-11-10;3;0
5;2025-11-10;4;0
5;2025-11-10;5;0
5;2025-11-10;6;0
5;2025-11-10;7;0
5;2025-11-10;8;0
5;2025-11-10;9;0
5;2025-11-10;10;0
5;2025-11-10;11;0
5;2025-11-10;12;0
5;2025-11-10;13;0
5;2025-11-10;14;0
5;2025-11-10;15;0
5;2025-11-10;16;0
5;2025-11-10;17;0
5;2025-11-10;18;0
5;2025-11-10;19;0
5;2025-11-10;20;0
5;2025-11-10;21;0
5;2025-11-10;22;0
5;2025-11-10;23;0
5;2025-11-11;0;0
5;2025-11-11;1;0
5;2025-11-11;2;0
5;2025-11-11;3;0
5;2025-11-11;4;0
5;2025-11-11;5;0
5;2025-11-11;6;0
5;2025-11-11;7;0
5;2025-11-11;8;0
5;2025-11-11;9;0
5;2025-11-11;10;0
5;2025-11-11;11;0
5;2025-11-11;12;0
5;2025-11-11;13;0
5;2025-11-11;14;0
5;2025-11-11;15;0
5;2025-11-11;16;0
5;2025-11-11;17;0
5;2025-11-11;18;0
5;2025-11-11;19;0
5;2025-11-11;20;0
5;2025-11-11;21;0
5;2025-11-11;22;0
5;2025-11-11;23;0
5;2025-11-12;0;0
5;2025-11-12;1;0
5;2025-11-12;2;0
5;2025-11-12;3;0
5;2025-11-12;4;0
5;2025-11-12;5;0
5;2025-11-12;6;0
5;2025-11-12;7;0
5;2025-11-12;8;0
5;2025-11-12;9;0
5;2025-11-12;10;0
5;2025-11-12;11;0
5;2025-11-12;12;0
5;2025-11-12;13;0
5;2025-11-12;14;0
5;2025-11-12;15;0
5;2025-11-12;16;0
5;2025-11-12;17;0
5;2025-11-12;18;0
5;2025-11-12;19;0
5;2025-11-12;20;0
5;2025-11-12;21;0
5;2025-11-12;22;0
5;2025-11-12;23;0
5;2025-11-13;0;0
5;2025-11-13;1;0
5;2025-11-13;2;0
5;2025-11-13;3;0
5;2025-11-13;4;0
5;2025-11-13;5;0
5;2025-11-13;6;0
5;2025-11-13;7;0
5;2025-11-13;8;0
5;2025-11-13;9;0
5;2025-11-13;10;0
5;2025-11-13;11;0
5;2025-11-13;12;0
5;2025-11-13;13;0
5;2025-11-13;14;0
5;2025-11-13;15;0
5;2025-11-13;16;0
5;2025-11-13;17;0
5;2025-11-13;18;0
5;2025-11-13;19;0
5;2025-11-13;20;0
5;2025-11-13;21;0
5;2025-11-13;22;0
5;2025-11-13;23;0
5;2025-11-14;0;0
5;2025-11-14;1;0
5;2025-11-14;2;0
5;2025-11-14;3;0
5;2025-11-14;4;0
5;2025-11-14;5;0
5;2025-11-14;6;0
5;2025-11-14;7;0
5;2025-11-14;8;0
5;2025-11-14;9;0
5;2025-11-14;10;0
5;2025-11-14;11;0
5;2025-11-14;12;0
5;2025-11-14;13;0
5;2025-11-14;14;0
5;2025-11-14;15;0
5;2025-11-14;16;0
5;2025-11-14;17;0
5;2025-11-14;18;0
5;2025-11-14;19;0
5;2025-11-14;20;0
5;2025-11-14;21;0
5;2025-11-14;22;0
5;2025-11-14;23;0
5;2025-11-15;0;0
5;2025-11-15;1;0
5;2025-11-15;2;0
5;2025-11-15;3;0
5;2025-11-15;4;0
5;2025-11-15;5;0
5;2025-11-15;6;0
5;2025-11-15;7;0
5;2025-11-15;8;0
5;2025-11-15;9;0
5;2025-11-15;10;0
5;2025-11-15;11;0
5;2025-11-15;12;0
5;2025-11-15;13;0
5;2025-11-15;14;0
5;2025-11-15;15;0
5;2025-11-15;16;0
5;2025-11-15;17;0
5;2025-11-15;18;0
5;2025-11-15;19;0
5;2025-11-15;20;0
5;2025-11-15;21;0
5;2025-11-15;22;0
5;2025-11-15;23;0
5;2025-11-16;0;0
5;2025-11-16;1;0
5;2025-11-16;2;0
5;2025-11-16;3;0
5;2025-11-16;4;0
5;2025-11-16;5;0
5;2025-11-16;6;0
5;2025-11-16;7;0
5;2025-11-16;8;0
5;2025-11-16;9;0
5;2025-11-16;10;0
5;2025-11-16;11;0
5;2025-11-16;12;0
5;2025-11-16;13;0
5;2025-11-16;14;0
5;2025-11-16;15;0
5;2025-11-16;16;0
5;2025-11-16;17;0
5;2025-11-16;18;0
5;2025-11-16;19;0
5;2025-11-16;20;0
5;2025-11-16;21;0
5;2025-11-16;22;0
5;2025-11-16;23;0
5;2025-11-17;0;0
5;2025-11-17;1;0
5;2025-11-17;2;0
5;2025-11-17;3;0
5;2025-11-17;4;0
5;2025-11-17;5;0
5;2025-11-17;6;0
5;2025-11-17;7;0
5;2025-11-17;8;0
5;2025-11-17;9;0
5;2025-11-17;10;0
5;2025-11-17;11;0
5;2025-11-17;12;0
5;2025-11-17;13;0
5;2025-11-17;14;0
5;2025-11-17;15;0
5;2025-11-17;16;0
5;2025-11-17;17;0
5;2025-11-17;18;0
5;2025-11-17;19;0
5;2025-11-17;20;0
5;2025-11-17;21;0
5;2025-11-17;22;0
5;2025-11-17;23;0
5;2025-11-18;0;0
5;2025-11-18;1;0
5;2025-11-18;2;0
5;2025-11-18;3;0
5;2025-11-18;4;0
5;2025-11-18;5;0
5;2025-11-18;6;0
5;2025-11-18;7;0
5;2025-11-18;8;0
5;2025-11-18;9;0
5;2025-11-18;10;0
5;2025-11-18;11;0
5;2025-11-18;12;0
5;2025-11-18;13;0
5;2025-11-18;14;0
5;2025-11-18;15;0
5;2025-11-18;16;0
5;2025-11-18;17;0
5;2025-11-18;18;0
5;2025-11-18;19;0
5;2025-11-18;20;0
5;2025-11-18;21;0
5;2025-11-18;22;0
5;2025-11-18;23;0
5;2025-11-19;0;0
5;2025-11-19;1;0
5;2025-11-19;2;0
5;2025-11-19;3;0
5;2025-11-19;4;0
5;2025-11-19;5;0
5;2025-11-19;6;0
5;2025-11-19;7;0
5;2025-11-19;8;0
5;2025-11-19;9;0
5;2025-11-19;10;0
5;2025-11-19;11;0
5;2025-11-19;12;0
5;2025-11-19;13;0
5;2025-11-19;14;0
5;2025-11-19;15;0
5;2025-11-19;16;0
5;2025-11-19;17;0
5;2025-11-19;18;0
5;2025-11-19;19;0
5;2025-11-19;20;0
5;2025-11-19;21;0
5;2025-11-19;22;0
5;2025-11-19;23;0
5;2025-11-20;0;0
5;2025-11-20;1;0
5;2025-11-20;2;0
5;2025-11-20;3;0
5;2025-11-20;4;0
5;2025-11-20;5;0
5;2025-11-20;6;0
5;2025-11-20;7;0
5;2025-11-20;8;0
5;2025-11-20;9;0
5;2025-11-20;10;0
5;2025-11-20;11;0
5;2025-11-20;12;0
5;2025-11-20;13;0
5;2025-11-20;14;0
5;2025-11-20;15;0
5;2025-11-20;16;0
5;2025-11-20;17;0
5;2025-11-20;18;0
5;2025-11-20;19;0
5;2025-11-20;20;0
5;2025-11-20;21;0
5;2025-11-20;22;0
5;2025-11-20;23;0
5;2025-11-21;0;0
5;2025-11-21;1;0
5;2025-11-21;2;0
5;2025-11-21;3;0
5;2025-11-21;4;0
5;2025-11-21;5;0
5;2025-11-21;6;0
5;2025-11-21;7;0
5;2025-11-21;8;0
5;2025-11-21;9;0
5;2025-11-21;10;0
5;2025-11-21;11;0
5;2025-11-21;12;0
5;2025-11-21;13;0
5;2025-11-21;14;0
5;2025-11-21;15;0
5;2025-11-21;16;0
5;2025-11-21;17;0
5;2025-11-21;18;0
5;2025-11-21;19;0
5;2025-11-21;20;0
5;2025-11-21;21;0
5;2025-11-21;22;0
5;2025-11-21;23;0
5;2025-11-22;0;0
5;2025-11-22;1;0
5;2025-11-22;2;0
5;2025-11-22;3;0
5;2025-11-22;4;0
5;2025-11-22;5;0
5;2025-11-22;6;0
5;2025-11-22;7;0
5;2025-11-22;8;0
5;2025-11-22;9;0
5;2025-11-22;10;0
5;2025-11-22;11;0
5;2025-11-22;12;0
5;2025-11-22;13;0
5;2025-11-22;14;0
5;2025-11-22;15;0
5;2025-11-22;16;0
5;2025-11-22;17;0
5;2025-11-22;18;0
5;2025-11-22;19;0
5;2025-11-22;20;0
5;2025-11-22;21;0
5;2025-11-22;22;0
5;2025-11-22;23;0
5;2025-11-23;0;0
5;2025-11-23;1;0
5;2025-11-23;2;0
5;2025-11-23;3;0
5;2025-11-23;4;0
5;2025-11-23;5;0
5;2025-11-23;6;0
5;2025-11-23;7;0
5;2025-11-23;8;0
5;2025-11-23;9;0
5;2025-11-23;10;0
5;2025-11-23;11;0
5;2025-11-23;12;0
5;2025-11-23;13;0
5;2025-11-23;14;0
5;2025-11-23;15;0
5;2025-11-23;16;0
5;2025-11-23;17;0
5;2025-11-23;18;0
5;2025-11-23;19;0
5;2025-11-23;20;0
5;2025-11-23;21;0
5;2025-11-23;22;0
5;2025-11-23;23;0
5;2025-11-24;0;0
5;2025-11-24;1;0
5;2025-11-24;2;0
5;2025-11-24;3;0
5;2025-11-24;4;0
5;2025-11-24;5;0
5;2025-11-24;6;0
5;2025-11-24;7;0
5;2025-11-24;8;0
5;2025-11-24;9;0
5;2025-11-24;10;0
5;2025-11-24;11;0
5;2025-11-24;12;0
5;2025-11-24;13;0
5;2025-11-24;14;0
5;2025-11-24;15;0
5;2025-11-24;16;0
5;2025-11-24;17;0
5;2025-11-24;18;0
5;2025-11-24;19;0
5;2025-11-24;20;0
5;2025-11-24;21;0
5;2025-11-24;22;0
5;2025-11-24;23;0
5;2025-11-25;0;0
5;2025-11-25;1;0
5;2025-11-25;2;0
5;2025-11-25;3;0
5;2025-11-25;4;0
5;2025-11-25;5;0
5;2025-11-25;6;0
5;2025-11-25;7;0
5;2025-11-25;8;0
5;2025-11-25;9;0
5;2025-11-25;10;0
5;2025-11-25;11;0
5;2025-11-25;12;0
5;2025-11-25;13;0
5;2025-11-25;14;0
5;2025-11-25;15;0
5;2025-11-25;16;0
5;2025-11-25;17;0
5;2025-11-25;18;0
5;2025-11-25;19;0
5;2025-11-25;20;0
5;2025-11-25;21;0
5;2025-11-25;22;0
5;2025-11-25;23;0
5;2025-11-26;0;0
5;2025-11-26;1;0
5;2025-11-26;2;0
5;2025-11-26;3;0
5;2025-11-26;4;0
5;2025-11-26;5;0
5;2025-11-26;6;0
5;2025-11-26;7;0
5;2025-11-26;8;0
5;2025-11-26;9;0
5;2025-11-26;10;0
5;2025-11-26;11;0
5;2025-11-26;12;0
5;2025-11-26;13;0
5;2025-11-26;14;0
5;2025-11-26;15;0
5;2025-11-26;16;0
5;2025-11-26;17;0
5;2025-11-26;18;0
5;2025-11-26;19;0
5;2025-11-26;20;0
5;2025-11-26;21;0
5;2025-11-26;22;0
5;2025-11-26;23;0
5;2025-11-27;0;0
5;2025-11-27;1;0
5;2025-11-27;2;0
5;2025-11-27;3;0
5;2025-11-27;4;0
5;2025-11-27;5;0
5;2025-11-27;6;0
5;2025-11-27;7;0
5;2025-11-27;8;0
5;2025-11-27;9;0
5;2025-11-27;10;0
5;2025-11-27;11;0
5;2025-11-27;12;0
5;2025-11-27;13;0
5;2025-11-27;14;0
5;2025-11-27;15;0
5;2025-11-27;16;0
5;2025-11-27;17;0
5;2025-11-27;18;0
5;2025-11-27;19;0
5;2025-11-27;20;0
5;2025-11-27;21;0
5;2025-11-27;22;0
5;2025-11-27;23;0
5;2025-11-28;0;0
5;2025-11-28;1;0
5;2025-11-28;2;0
5;2025-11-28;3;0
5;2025-11-28;4;0
5;2025-11-28;5;0
5;2025-11-28;6;0
5;2025-11-28;7;0
5;2025-11-28;8;0
5;2025-11-28;9;0
5;2025-11-28;10;0
5;2025-11-28;11;0
5;2025-11-28;12;0
5;2025-11-28;13;0
5;2025-11-28;14;0
5;2025-11-28;15;0
5;2025-11-28;16;0
5;2025-11-28;17;0
5;2025-11-28;18;0
5;2025-11-28;19;0
5;2025-11-28;20;0
5;2025-11-28;21;0
5;2025-11-28;22;0
5;2025-11-28;23;0
5;2025-11-29;0;0
5;2025-11-29;1;0
5;2025-11-29;2;0
5;2025-11-29;3;0
5;2025-11-29;4;0
5;2025-11-29;5;0
5;2025-11-29;6;0
5;2025-11-29;7;0
5;2025-11-29;8;0
5;2025-11-29;9;0
5;2025-11-29;10;0
5;2025-11-29;11;0
5;2025-11-29;12;0
5;2025-11-29;13;0
5;2025-11-29;14;0
5;2025-11-29;15;0
5;2025-11-29;16;0
5;2025-11-29;17;0
5;2025-11-29;18;0
5;2025-11-29;19;0
5;2025-11-29;20;0
5;2025-11-29;21;0
5;2025-11-29;22;0
5;2025-11-29;23;0
5;2025-11-30;0;0
5;2025-11-30;1;0
5;2025-11-30;2;0
5;2025-11-30;3;0
5;2025-11-30;4;0
5;2025-11-30;5;0
5;2025-11-30;6;0
5;2025-11-30;7;0
5;2025-11-30;8;0
5;2025-11-30;9;0
5;2025-11-30;10;0
5;2025-11-30;11;0
5;2025-11-30;12;0
5;2025-11-30;13;0
5;2025-11-30;14;0
5;2025-11-30;15;0
5;2025-11-30;16;0
5;2025-11-30;17;0
5;2025-11-30;18;0
5;2025-11-30;19;0
5;2025-11-30;20;0
5;2025-11-30;21;0
5;2025-11-30;22;0
5;2025-11-30;23;0
5;2025-12-01;0;0
5;2025-12-01;1;0
5;2025-12-01;2;0
5;2025-12-01;3;0
5;2025-12-01;4;0
5;2025-12-01;5;0
5;2025-12-01;6;0
5;2025-12-01;7;0
5;2025-12-01;8;0
5;2025-12-01;9;0
5;2025-12-01;10;0
5;2025-12-01;11;0
5;2025-12-01;12;0
5;2025-12-01;13;0
5;2025-12-01;14;0
5;2025-12-01;15;0
5;2025-12-01;16;0
5;2025-12-01;17;0
5;2025-12-01;18;0
5;2025-12-01;19;0
5;2025-12-01;20;0
5;2025-12-01;21;0
5;2025-12-01;22;0
5;2025-12-01;23;0
5;2025-12-02;0;0
5;2025-12-02;1;0
5;2025-12-02;2;0
5;2025-12-02;3;0
5;2025-12-02;4;0
5;2025-12-02;5;0
5;2025-12-02;6;0
5;2025-12-02;7;0
5;2025-12-02;8;0
5;2025-12-02;9;0
5;2025-12-02;10;0
5;2025-12-02;11;0
5;2025-12-02;12;0
5;2025-12-02;13;0
5;2025-12-02;14;0
5;2025-12-02;15;0
5;2025-12-02;16;0
5;2025-12-02;17;0
5;2025-12-02;18;0
5;2025-12-02;19;0
5;2025-12-02;20;0
5;2025-12-02;21;0
5;2025-12-02;22;0
5;2025-12-02;23;0
5;2025-12-03;0;0
5;2025-12-03;1;0
5;2025-12-03;2;0
5;2025-12-03;3;0
5;2025-12-03;4;0
5;2025-12-03;5;0
5;2025-12-03;6;0
5;2025-12-03;7;0
5;2025-12-03;8;0
5;2025-12-03;9;0
5;2025-12-03;10;0
5;2025-12-03;11;0
5;2025-12-03;12;0
5;2025-12-03;13;0
5;2025-12-03;14;0
5;2025-12-03;15;0
5;2025-12-03;16;0
5;2025-12-03;17;0
5;2025-12-03;18;0
5;2025-12-03;19;0
5;2025-12-03;20;0
5;2025-12-03;21;0
5;2025-12-03;22;0
5;2025-12-03;23;0
5;2025-12-04;0;0
5;2025-12-04;1;0
5;2025-12-04;2;0
5;2025-12-04;3;0
5;2025-12-04;4;0
5;2025-12-04;5;0
5;2025-12-04;6;0
5;2025-12-04;7;0
5;2025-12-04;8;0
5;2025-12-04;9;0
5;2025-12-04;10;0
5;2025-12-04;11;0
5;2025-12-04;12;0
5;2025-12-04;13;0
5;2025-12-04;14;0
5;2025-12-04;15;0
5;2025-12-04;16;0
5;2025-12-04;17;0
5;2025-12-04;18;0
5;2025-12-04;19;0
5;2025-12-04;20;0
5;2025-12-04;21;0
5;2025-12-04;22;0
5;2025-12-04;23;0
5;2025-12-05;0;0
5;2025-12-05;1;0
5;2025-12-05;2;0
5;2025-12-05;3;0
5;2025-12-05;4;0
5;2025-12-05;5;0
5;2025-12-05;6;0
5;2025-12-05;7;0
5;2025-12-05;8;0
5;2025-12-05;9;0
5;2025-12-05;10;0
5;2025-12-05;11;0
5;2025-12-05;12;0
5;2025-12-05;13;0
5;2025-12-05;14;0
5;2025-12-05;15;0
5;2025-12-05;16;0
5;2025-12-05;17;0
5;2025-12-05;18;0
5;2025-12-05;19;0
5;2025-12-05;20;0
5;2025-12-05;21;0
5;2025-12-05;22;0
5;2025-12-05;23;0
5;2025-12-06;0;0
5;2025-12-06;1;0
5;2025-12-06;2;0
5;2025-12-06;3;0
5;2025-12-06;4;0
5;2025-12-06;5;0
5;2025-12-06;6;0
5;2025-12-06;7;0
5;2025-12-06;8;0
5;2025-12-06;9;0
5;2025-12-06;10;0
5;2025-12-06;11;0
5;2025-12-06;12;0
5;2025-12-06;13;0
5;2025-12-06;14;0
5;2025-12-06;15;0
5;2025-12-06;16;0
5;2025-12-06;17;0
5;2025-12-06;18;0
5;2025-12-06;19;0
5;2025-12-06;20;0
5;2025-12-06;21;0
5;2025-12-06;22;0
5;2025-12-06;23;0
5;2025-12-07;0;0
5;2025-12-07;1;0
5;2025-12-07;2;0
5;2025-12-07;3;0
5;2025-12-07;4;0
5;2025-12-07;5;0
5;2025-12-07;6;0
5;2025-12-07;7;0
5;2025-12-07;8;0
5;2025-12-07;9;0
5;2025-12-07;10;0
5;2025-12-07;11;0
5;2025-12-07;12;0
5;2025-12-07;13;0
5;2025-12-07;14;0
5;2025-12-07;15;0
5;2025-12-07;16;0
5;2025-12-07;17;0
5;2025-12-07;18;0
5;2025-12-07;19;0
5;2025-12-07;20;0
5;2025-12-07;21;0
5;2025-12-07;22;0
5;2025-12-07;23;0
5;2025-12-08;0;0
5;2025-12-08;1;0
5;2025-12-08;2;0
5;2025-12-08;3;0
5;2025-12-08;4;0
5;2025-12-08;5;0
5;2025-12-08;6;0
5;2025-12-08;7;0
5;2025-12-08;8;0
5;2025-12-08;9;0
5;2025-12-08;10;0
5;2025-12-08;11;0
5;2025-12-08;12;0
5;2025-12-08;13;0
5;2025-12-08;14;0
5;2025-12-08;15;0
5;2025-12-08;16;0
5;2025-12-08;17;0
5;2025-12-08;18;0
5;2025-12-08;19;0
5;2025-12-08;20;0
5;2025-12-08;21;0
5;2025-12-08;22;0
5;2025-12-08;23;0
5;2025-12-09;0;0
5;2025-12-09;1;0
5;2025-12-09;2;0
5;2025-12-09;3;0
5;2025-12-09;4;0
5;2025-12-09;5;0
5;2025-12-09;6;0
5;2025-12-09;7;0
5;2025-12-09;8;0
5;2025-12-09;9;0
5;2025-12-09;10;0
5;2025-12-09;11;0
5;2025-12-09;12;0
5;2025-12-09;13;0
5;2025-12-09;14;0
5;2025-12-09;15;0
5;2025-12-09;16;0
5;2025-12-09;17;0
5;2025-12-09;18;0
5;2025-12-09;19;0
5;2025-12-09;20;0
5;2025-12-09;21;0
5;2025-12-09;22;0
5;2025-12-09;23;0
5;2025-12-10;0;0
5;2025-12-10;1;0
5;2025-12-10;2;0
5;2025-12-10;3;0
5;2025-12-10;4;0
5;2025-12-10;5;0
5;2025-12-10;6;0
5;2025-12-10;7;0
5;2025-12-10;8;0
5;2025-12-10;9;0
5;2025-12-10;10;0
5;2025-12-10;11;0
5;2025-12-10;12;0
5;2025-12-10;13;0
5;2025-12-10;14;0
5;2025-12-10;15;0
5;2025-12-10;16;0
5;2025-12-10;17;0
5;2025-12-10;18;0
5;2025-12-10;19;0
5;2025-12-10;20;0
5;2025-12-10;21;0
5;2025-12-10;22;0
5;2025-12-10;23;0
5;2025-12-11;0;0
5;2025-12-11;1;0
5;2025-12-11;2;0
5;2025-12-11;3;0
5;2025-12-11;4;0
5;2025-12-11;5;0
5;2025-12-11;6;0
5;2025-12-11;7;0
5;2025-12-11;8;0
5;2025-12-11;9;0
5;2025-12-11;10;0
5;2025-12-11;11;0
5;2025-12-11;12;0
5;2025-12-11;13;0
5;2025-12-11;14;0
5;2025-12-11;15;0
5;2025-12-11;16;0
5;2025-12-11;17;0
5;2025-12-11;18;0
5;2025-12-11;19;0
5;2025-12-11;20;0
5;2025-12-11;21;0
5;2025-12-11;22;0
5;2025-12-11;23;0
5;2025-12-12;0;0
5;2025-12-12;1;0
5;2025-12-12;2;0
5;2025-12-12;3;0
5;2025-12-12;4;0
5;2025-12-12;5;0
5;2025-12-12;6;0
5;2025-12-12;7;0
5;2025-12-12;8;0
5;2025-12-12;9;0
5;2025-12-12;10;0
5;2025-12-12;11;0
5;2025-12-12;12;0
5;2025-12-12;13;0
5;2025-12-12;14;0
5;2025-12-12;15;0
5;2025-12-12;16;0
5;2025-12-12;17;0
5;2025-12-12;18;0
5;2025-12-12;19;0
5;2025-12-12;20;0
5;2025-12-12;21;0
5;2025-12-12;22;0
5;2025-12-12;23;0
5;2025-12-13;0;0
5;2025-12-13;1;0
5;2025-12-13;2;0
5;2025-12-13;3;0
5;2025-12-13;4;0
5;2025-12-13;5;0
5;2025-12-13;6;0
5;2025-12-13;7;0
5;2025-12-13;8;0
5;2025-12-13;9;0
5;2025-12-13;10;0
5;2025-12-13;11;0
5;2025-12-13;12;0
5;2025-12-13;13;0
5;2025-12-13;14;0
5;2025-12-13;15;0
5;2025-12-13;16;0
5;2025-12-13;17;0
5;2025-12-13;18;0
5;2025-12-13;19;0
5;2025-12-13;20;0
5;2025-12-13;21;0
5;2025-12-13;22;0
5;2025-12-13;23;0
5;2025-12-14;0;0
5;2025-12-14;1;0
5;2025-12-14;2;0
5;2025-12-14;3;0
5;2025-12-14;4;0
5;2025-12-14;5;0
5;2025-12-14;6;0
5;2025-12-14;7;0
5;2025-12-14;8;0
5;2025-12-14;9;0
5;2025-12-14;10;0
5;2025-12-14;11;0
5;2025-12-14;12;0
5;2025-12-14;13;0
5;2025-12-14;14;0
5;2025-12-14;15;0
5;2025-12-14;16;0
5;2025-12-14;17;0
5;2025-12-14;18;0
5;2025-12-14;19;0
5;2025-12-14;20;0
5;2025-12-14;21;0
5;2025-12-14;22;0
5;2025-12-14;23;0
5;2025-12-15;0;0
5;2025-12-15;1;0
5;2025-12-15;2;0
5;2025-12-15;3;0
5;2025-12-15;4;0
5;2025-12-15;5;0
5;2025-12-15;6;0
5;2025-12-15;7;0
5;2025-12-15;8;0
5;2025-12-15;9;0
5;2025-12-15;10;0
5;2025-12-15;11;0
5;2025-12-15;12;0
5;2025-12-15;13;0
5;2025-12-15;14;0
5;2025-12-15;15;0
5;2025-12-15;16;0
5;2025-12-15;17;0
5;2025-12-15;18;0
5;2025-12-15;19;0
5;2025-12-15;20;0
5;2025-12-15;21;0
5;2025-12-15;22;0
5;2025-12-15;23;0
5;2025-12-16;0;0
5;2025-12-16;1;0
5;2025-12-16;2;0
5;2025-12-16;3;0
5;2025-12-16;4;0
5;2025-12-16;5;0
5;2025-12-16;6;0
5;2025-12-16;7;0
5;2025-12-16;8;0
5;2025-12-16;9;0
5;2025-12-16;10;0
5;2025-12-16;11;0
5;2025-12-16;12;0
5;2025-12-16;13;0
5;2025-12-16;14;0
5;2025-12-16;15;0
5;2025-12-16;16;0
5;2025-12-16;17;0
5;2025-12-16;18;0
5;2025-12-16;19;0
5;2025-12-16;20;0
5;2025-12-16;21;0
5;2025-12-16;22;0
5;2025-12-16;23;0
5;2025-12-17;0;0
5;2025-12-17;1;0
5;2025-12-17;2;0
5;2025-12-17;3;0
5;2025-12-17;4;0
5;2025-12-17;5;0
5;2025-12-17;6;0
5;2025-12-17;7;0
5;2025-12-17;8;0
5;2025-12-17;9;0
5;2025-12-17;10;0
5;2025-12-17;11;0
5;2025-12-17;12;0
5;2025-12-17;13;0
5;2025-12-17;14;0
5;2025-12-17;15;0
5;2025-12-17;16;0
5;2025-12-17;17;0
5;2025-12-17;18;0
5;2025-12-17;19;0
5;2025-12-17;20;0
5;2025-12-17;21;0
5;2025-12-17;22;0
5;2025-12-17;23;0
5;2025-12-18;0;0
5;2025-12-18;1;0
5;2025-12-18;2;0
5;2025-12-18;3;0
5;2025-12-18;4;0
5;2025-12-18;5;0
5;2025-12-18;6;0
5;2025-12-18;7;0
5;2025-12-18;8;0
5;2025-12-18;9;0
5;2025-12-18;10;0
5;2025-12-18;11;0
5;2025-12-18;12;0
5;2025-12-18;13;0
5;2025-12-18;14;0
5;2025-12-18;15;0
5;2025-12-18;16;0
5;2025-12-18;17;0
5;2025-12-18;18;0
5;2025-12-18;19;0
5;2025-12-18;20;0
5;2025-12-18;21;0
5;2025-12-18;22;0
5;2025-12-18;23;0
5;2025-12-19;0;0
5;2025-12-19;1;0
5;2025-12-19;2;0
5;2025-12-19;3;0
5;2025-12-19;4;0
5;2025-12-19;5;0
5;2025-12-19;6;0
5;2025-12-19;7;0
5;2025-12-19;8;0
5;2025-12-19;9;0
5;2025-12-19;10;0
5;2025-12-19;11;0
5;2025-12-19;12;0
5;2025-12-19;13;0
5;2025-12-19;14;0
5;2025-12-19;15;0
5;2025-12-19;16;0
5;2025-12-19;17;0
5;2025-12-19;18;0
5;2025-12-19;19;0
5;2025-12-19;20;0
5;2025-12-19;21;0
5;2025-12-19;22;0
5;2025-12-19;23;0
5;2025-12-20;0;0
5;2025-12-20;1;0
5;2025-12-20;2;0
5;2025-12-20;3;0
5;2025-12-20;4;0
5;2025-12-20;5;0
5;2025-12-20;6;0
5;2025-12-20;7;0
5;2025-12-20;8;0
5;2025-12-20;9;0
5;2025-12-20;10;0
5;2025-12-20;11;0
5;2025-12-20;12;0
5;2025-12-20;13;0
5;2025-12-20;14;0
5;2025-12-20;15;0
5;2025-12-20;16;0
5;2025-12-20;17;0
5;2025-12-20;18;0
5;2025-12-20;19;0
5;2025-12-20;20;0
5;2025-12-20;21;0
5;2025-12-20;22;0
5;2025-12-20;23;0
5;2025-12-21;0;0
5;2025-12-21;1;0
5;2025-12-21;2;0
5;2025-12-21;3;0
5;2025-12-21;4;0
5;2025-12-21;5;0
5;2025-12-21;6;0
5;2025-12-21;7;0
5;2025-12-21;8;0
5;2025-12-21;9;0
5;2025-12-21;10;0
5;2025-12-21;11;0
5;2025-12-21;12;0
5;2025-12-21;13;0
5;2025-12-21;14;0
5;2025-12-21;15;0
5;2025-12-21;16;0
5;2025-12-21;17;0
5;2025-12-21;18;0
5;2025-12-21;19;0
5;2025-12-21;20;0
5;2025-12-21;21;0
5;2025-12-21;22;0
5;2025-12-21;23;0
5;2025-12-22;0;0
5;2025-12-22;1;0
5;2025-12-22;2;0
5;2025-12-22;3;0
5;2025-12-22;4;0
5;2025-12-22;5;0
5;2025-12-22;6;0
5;2025-12-22;7;0
5;2025-12-22;8;0
5;2025-12-22;9;0
5;2025-12-22;10;0
5;2025-12-22;11;0
5;2025-12-22;12;0
5;2025-12-22;13;0
5;2025-12-22;14;0
5;2025-12-22;15;0
5;2025-12-22;16;0
5;2025-12-22;17;0
5;2025-12-22;18;0
5;2025-12-22;19;0
5;2025-12-22;20;0
5;2025-12-22;21;0
5;2025-12-22;22;0
5;2025-12-22;23;0
5;2025-12-23;0;0
5;2025-12-23;1;0
5;2025-12-23;2;0
5;2025-12-23;3;0
5;2025-12-23;4;0
5;2025-12-23;5;0
5;2025-12-23;6;0
5;2025-12-23;7;0
5;2025-12-23;8;0
5;2025-12-23;9;0
5;2025-12-23;10;0
5;2025-12-23;11;0
5;2025-12-23;12;0
5;2025-12-23;13;0
5;2025-12-23;14;0
5;2025-12-23;15;0
5;2025-12-23;16;0
5;2025-12-23;17;0
5;2025-12-23;18;0
5;2025-12-23;19;0
5;2025-12-23;20;0
5;2025-12-23;21;0
5;2025-12-23;22;0
5;2025-12-23;23;0
5;2025-12-24;0;0
5;2025-12-24;1;0
5;2025-12-24;2;0
5;2025-12-24;3;0
5;2025-12-24;4;0
5;2025-12-24;5;0
5;2025-12-24;6;0
5;2025-12-24;7;0
5;2025-12-24;8;0
5;2025-12-24;9;0
5;2025-12-24;10;0
5;2025-12-24;11;0
5;2025-12-24;12;0
5;2025-12-24;13;0
5;2025-12-24;14;0
5;2025-12-24;15;0
5;2025-12-24;16;0
5;2025-12-24;17;0
5;2025-12-24;18;0
5;2025-12-24;19;0
5;2025-12-24;20;0
5;2025-12-24;21;0
5;2025-12-24;22;0
5;2025-12-24;23;0
5;2025-12-25;0;0
5;2025-12-25;1;0
5;2025-12-25;2;0
5;2025-12-25;3;0
5;2025-12-25;4;0
5;2025-12-25;5;0
5;2025-12-25;6;0
5;2025-12-25;7;0
5;2025-12-25;8;0
5;2025-12-25;9;0
5;2025-12-25;10;0
5;2025-12-25;11;0
5;2025-12-25;12;0
5;2025-12-25;13;0
5;2025-12-25;14;0
5;2025-12-25;15;0
5;2025-12-25;16;0
5;2025-12-25;17;0
5;2025-12-25;18;0
5;2025-12-25;19;0
5;2025-12-25;20;0
5;2025-12-25;21;0
5;2025-12-25;22;0
5;2025-12-25;23;0
5;2025-12-26;0;0
5;2025-12-26;1;0
5;2025-12-26;2;0
5;2025-12-26;3;0
5;2025-12-26;4;0
5;2025-12-26;5;0
5;2025-12-26;6;0
5;2025-12-26;7;0
5;2025-12-26;8;0
5;2025-12-26;9;0
5;2025-12-26;10;0
5;2025-12-26;11;0
5;2025-12-26;12;0
5;2025-12-26;13;0
5;2025-12-26;14;0
5;2025-12-26;15;0
5;2025-12-26;16;0
5;2025-12-26;17;0
5;2025-12-26;18;0
5;2025-12-26;19;0
5;2025-12-26;20;0
5;2025-12-26;21;0
5;2025-12-26;22;0
5;2025-12-26;23;0
5;2025-12-27;0;0
5;2025-12-27;1;0
5;2025-12-27;2;0
5;2025-12-27;3;0
5;2025-12-27;4;0
5;2025-12-27;5;0
5;2025-12-27;6;0
5;2025-12-27;7;0
5;2025-12-27;8;0
5;2025-12-27;9;0
5;2025-12-27;10;0
5;2025-12-27;11;0
5;2025-12-27;12;0
5;2025-12-27;13;0
5;2025-12-27;14;0
5;2025-12-27;15;0
5;2025-12-27;16;0
5;2025-12-27;17;0
5;2025-12-27;18;0
5;2025-12-27;19;0
5;2025-12-27;20;0
5;2025-12-27;21;0
5;2025-12-27;22;0
5;2025-12-27;23;0
5;2025-12-28;0;0
5;2025-12-28;1;0
5;2025-12-28;2;0
5;2025-12-28;3;0
5;2025-12-28;4;0
5;2025-12-28;5;0
5;2025-12-28;6;0
5;2025-12-28;7;0
5;2025-12-28;8;0
5;2025-12-28;9;0
5;2025-12-28;10;0
5;2025-12-28;11;0
5;2025-12-28;12;0
5;2025-12-28;13;0
5;2025-12-28;14;0
5;2025-12-28;15;0
5;2025-12-28;16;0
5;2025-12-28;17;0
5;2025-12-28;18;0
5;2025-12-28;19;0
5;2025-12-28;20;0
5;2025-12-28;21;0
5;2025-12-28;22;0
5;2025-12-28;23;0
5;2025-12-29;0;0
5;2025-12-29;1;0
5;2025-12-29;2;0
5;2025-12-29;3;0
5;2025-12-29;4;0
5;2025-12-29;5;0
5;2025-12-29;6;0
5;2025-12-29;7;0
5;2025-12-29;8;0
5;2025-12-29;9;0
5;2025-12-29;10;0
5;2025-12-29;11;0
5;2025-12-29;12;0
5;2025-12-29;13;0
5;2025-12-29;14;0
5;2025-12-29;15;0
5;2025-12-29;16;0
5;2025-12-29;17;0
5;2025-12-29;18;0
5;2025-12-29;19;0
5;2025-12-29;20;0
5;2025-12-29;21;0
5;2025-12-29;22;0
5;2025-12-29;23;0
5;2025-12-30;0;0
5;2025-12-30;1;0
5;2025-12-30;2;0
5;2025-12-30;3;0
5;2025-12-30;4;0
5;2025-12-30;5;0
5;2025-12-30;6;0
5;2025-12-30;7;0
5;2025-12-30;8;0
5;2025-12-30;9;0
5;2025-12-30;10;0
5;2025-12-30;11;0
5;2025-12-30;12;0
5;2025-12-30;13;0
5;2025-12-30;14;0
5;2025-12-30;15;0
5;2025-12-30;16;0
5;2025-12-30;17;0
5;2025-12-30;18;0
5;2025-12-30;19;0
5;2025-12-30;20;0
5;2025-12-30;21;0
5;2025-12-30;22;0
5;2025-12-30;23;0
5;2025-12-31;0;0
5;2025-12-31;1;0
5;2025-12-31;2;0
5;2025-12-31;3;0
5;2025-12-31;4;0
5;2025-12-31;5;0
5;2025-12-31;6;0
5;2025-12-31;7;0
5;2025-12-31;8;0
5;2025-12-31;9;0
5;2025-12-31;10;0
5;2025-12-31;11;0
5;2025-12-31;12;0
5;2025-12-31;13;0
5;2025-12-31;14;0
5;2025-12-31;15;0
5;2025-12-31;16;0
5;2025-12-31;17;0
5;2025-12-31;18;0
5;2025-12-31;19;0
5;2025-12-31;20;0
5;2025-12-31;21;0
5;2025-12-31;22;0
5;2025-12-31;23;0
7;2025-11-01;0;63
7;2025-11-01;1;13
7;2025-11-01;2;0
7;2025-11-01;3;0
7;2025-11-01;4;2
7;2025-11-01;5;201
7;2025-11-01;6;739
7;2025-11-01;7;1716
7;2025-11-01;8;2581
7;2025-11-01;9;1948
7;2025-11-01;10;1691
7;2025-11-01;11;1536
7;2025-11-01;12;1629
7;2025-11-01;13;1622
7;2025-11-01;14;1716
7;2025-11-01;15;1848
7;2025-11-01;16;1983
7;2025-11-01;17;2453
7;2025-11-01;18;2602
7;2025-11-01;19;1775
7;2025-11-01;20;1123
7;2025-11-01;21;661
7;2025-11-01;22;340
7;2025-11-01;23;200
7;2025-11-02;0;102
7;2025-11-02;1;22
7;2025-11-02;2;1
7;2025-11-02;3;1
7;2025-11-02;4;0
7;2025-11-02;5;37
7;2025-11-02;6;195
7;2025-11-02;7;291
7;2025-11-02;8;512
7;2025-11-02;9;653
7;2025-11-02;10;691
7;2025-11-02;11;884
7;2025-11-02;12;1007
7;2025-11-02;13;1050
7;2025-11-02;14;1116
7;2025-11-02;15;1071
7;2025-11-02;16;966
7;2025-11-02;17;987
7;2025-11-02;18;880
7;2025-11-02;19;730
7;2025-11-02;20;613
7;2025-11-02;21;484
7;2025-11-02;22;278
7;2025-11-02;23;163
7;2025-11-03;0;100
7;2025-11-03;1;21
7;2025-11-03;2;1
7;2025-11-03;3;1
7;2025-11-03;4;0
7;2025-11-03;5;38
7;2025-11-03;6;200
7;2025-11-03;7;294
7;2025-11-03;8;514
7;2025-11-03;9;649
7;2025-11-03;10;684
7;2025-11-03;11;870
7;2025-11-03;12;993
7;2025-11-03;13;1049
7;2025-11-03;14;1106
7;2025-11-03;15;1059
7;2025-11-03;16;965
7;2025-11-03;17;961
7;2025-11-03;18;880
7;2025-11-03;19;745
7;2025-11-03;20;612
7;2025-11-03;21;484
7;2025-11-03;22;285
7;2025-11-03;23;165
7;2025-11-04;0;100
7;2025-11-04;1;21
7;2025-11-04;2;1
7;2025-11-04;3;1
7;2025-11-04;4;0
7;2025-11-04;5;38
7;2025-11-04;6;200
7;2025-11-04;7;294
7;2025-11-04;8;514
7;2025-11-04;9;649
7;2025-11-04;10;684
7;2025-11-04;11;870
7;2025-11-04;12;993
7;2025-11-04;13;1049
7;2025-11-04;14;1106
7;2025-11-04;15;1059
7;2025-11-04;16;965
7;2025-11-04;17;961
7;2025-11-04;18;881
7;2025-11-04;19;745
7;2025-11-04;20;613
7;2025-11-04;21;484
7;2025-11-04;22;285
7;2025-11-04;23;165
7;2025-11-05;0;61
7;2025-11-05;1;12
7;2025-11-05;2;0
7;2025-11-05;3;0
7;2025-11-05;4;2
7;2025-11-05;5;199
7;2025-11-05;6;729
7;2025-11-05;7;1680
7;2025-11-05;8;2574
7;2025-11-05;9;1954
7;2025-11-05;10;1703
7;2025-11-05;11;1522
7;2025-11-05;12;1617
7;2025-11-05;13;1594
7;2025-11-05;14;1691
7;2025-11-05;15;1843
7;2025-11-05;16;1950
7;2025-11-05;17;2457
7;2025-11-05;18;2595
7;2025-11-05;19;1758
7;2025-11-05;20;1127
7;2025-11-05;21;664
7;2025-11-05;22;341
7;2025-11-05;23;202
7;2025-11-06;0;66
7;2025-11-06;1;13
7;2025-11-06;2;0
7;2025-11-06;3;0
7;2025-11-06;4;2
7;2025-11-06;5;195
7;2025-11-06;6;732
7;2025-11-06;7;1683
7;2025-11-06;8;2547
7;2025-11-06;9;1915
7;2025-11-06;10;1654
7;2025-11-06;11;1519
7;2025-11-06;12;1600
7;2025-11-06;13;1588
7;2025-11-06;14;1712
7;2025-11-06;15;1795
7;2025-11-06;16;1938
7;2025-11-06;17;2412
7;2025-11-06;18;2657
7;2025-11-06;19;1759
7;2025-11-06;20;1103
7;2025-11-06;21;671
7;2025-11-06;22;338
7;2025-11-06;23;199
7;2025-11-07;0;65
7;2025-11-07;1;13
7;2025-11-07;2;0
7;2025-11-07;3;0
7;2025-11-07;4;2
7;2025-11-07;5;193
7;2025-11-07;6;699
7;2025-11-07;7;1650
7;2025-11-07;8;2468
7;2025-11-07;9;1883
7;2025-11-07;10;1641
7;2025-11-07;11;1540
7;2025-11-07;12;1637
7;2025-11-07;13;1673
7;2025-11-07;14;1753
7;2025-11-07;15;1875
7;2025-11-07;16;2047
7;2025-11-07;17;2392
7;2025-11-07;18;2352
7;2025-11-07;19;1662
7;2025-11-07;20;1096
7;2025-11-07;21;658
7;2025-11-07;22;358
7;2025-11-07;23;216
7;2025-11-08;0;111
7;2025-11-08;1;25
7;2025-11-08;2;0
7;2025-11-08;3;0
7;2025-11-08;4;1
7;2025-11-08;5;57
7;2025-11-08;6;314
7;2025-11-08;7;464
7;2025-11-08;8;788
7;2025-11-08;9;867
7;2025-11-08;10;951
7;2025-11-08;11;1110
7;2025-11-08;12;1317
7;2025-11-08;13;1331
7;2025-11-08;14;1346
7;2025-11-08;15;1249
7;2025-11-08;16;1228
7;2025-11-08;17;1187
7;2025-11-08;18;1081
7;2025-11-08;19;1027
7;2025-11-08;20;797
7;2025-11-08;21;620
7;2025-11-08;22;334
7;2025-11-08;23;226
7;2025-11-09;0;102
7;2025-11-09;1;22
7;2025-11-09;2;1
7;2025-11-09;3;1
7;2025-11-09;4;0
7;2025-11-09;5;37
7;2025-11-09;6;195
7;2025-11-09;7;291
7;2025-11-09;8;512
7;2025-11-09;9;653
7;2025-11-09;10;692
7;2025-11-09;11;885
7;2025-11-09;12;1008
7;2025-11-09;13;1051
7;2025-11-09;14;1117
7;2025-11-09;15;1072
7;2025-11-09;16;967
7;2025-11-09;17;988
7;2025-11-09;18;881
7;2025-11-09;19;731
7;2025-11-09;20;614
7;2025-11-09;21;485
7;2025-11-09;22;278
7;2025-11-09;23;163
7;2025-11-10;0;67
7;2025-11-10;1;13
7;2025-11-10;2;0
7;2025-11-10;3;0
7;2025-11-10;4;2
7;2025-11-10;5;200
7;2025-11-10;6;729
7;2025-11-10;7;1687
7;2025-11-10;8;2531
7;2025-11-10;9;1904
7;2025-11-10;10;1627
7;2025-11-10;11;1459
7;2025-11-10;12;1568
7;2025-11-10;13;1562
7;2025-11-10;14;1642
7;2025-11-10;15;1786
7;2025-11-10;16;1917
7;2025-11-10;17;2391
7;2025-11-10;18;2579
7;2025-11-10;19;1756
7;2025-11-10;20;1104
7;2025-11-10;21;627
7;2025-11-10;22;320
7;2025-11-10;23;187
7;2025-11-11;0;59
7;2025-11-11;1;13
7;2025-11-11;2;0
7;2025-11-11;3;0
7;2025-11-11;4;2
7;2025-11-11;5;202
7;2025-11-11;6;736
7;2025-11-11;7;1708
7;2025-11-11;8;2561
7;2025-11-11;9;1928
7;2025-11-11;10;1682
7;2025-11-11;11;1535
7;2025-11-11;12;1629
7;2025-11-11;13;1612
7;2025-11-11;14;1693
7;2025-11-11;15;1831
7;2025-11-11;16;1952
7;2025-11-11;17;2410
7;2025-11-11;18;2607
7;2025-11-11;19;1801
7;2025-11-11;20;1122
7;2025-11-11;21;669
7;2025-11-11;22;336
7;2025-11-11;23;190
7;2025-11-12;0;61
7;2025-11-12;1;12
7;2025-11-12;2;0
7;2025-11-12;3;0
7;2025-11-12;4;2
7;2025-11-12;5;199
7;2025-11-12;6;728
7;2025-11-12;7;1678
7;2025-11-12;8;2572
7;2025-11-12;9;1953
7;2025-11-12;10;1702
7;2025-11-12;11;1521
7;2025-11-12;12;1615
7;2025-11-12;13;1592
7;2025-11-12;14;1689
7;2025-11-12;15;1841
7;2025-11-12;16;1948
7;2025-11-12;17;2454
7;2025-11-12;18;2592
7;2025-11-12;19;1756
7;2025-11-12;20;1126
7;2025-11-12;21;663
7;2025-11-12;22;341
7;2025-11-12;23;202
7;2025-11-13;0;66
7;2025-11-13;1;13
7;2025-11-13;2;0
7;2025-11-13;3;0
7;2025-11-13;4;2
7;2025-11-13;5;194
7;2025-11-13;6;731
7;2025-11-13;7;1682
7;2025-11-13;8;2544
7;2025-11-13;9;1914
7;2025-11-13;10;1652
7;2025-11-13;11;1518
7;2025-11-13;12;1598
7;2025-11-13;13;1586
7;2025-11-13;14;1710
7;2025-11-13;15;1793
7;2025-11-13;16;1936
7;2025-11-13;17;2410
7;2025-11-13;18;2654
7;2025-11-13;19;1757
7;2025-11-13;20;1102
7;2025-11-13;21;670
7;2025-11-13;22;337
7;2025-11-13;23;199
7;2025-11-14;0;65
7;2025-11-14;1;13
7;2025-11-14;2;0
7;2025-11-14;3;0
7;2025-11-14;4;2
7;2025-11-14;5;192
7;2025-11-14;6;698
7;2025-11-14;7;1649
7;2025-11-14;8;2466
7;2025-11-14;9;1881
7;2025-11-14;10;1639
7;2025-11-14;11;1539
7;2025-11-14;12;1636
7;2025-11-14;13;1672
7;2025-11-14;14;1752
7;2025-11-14;15;1873
7;2025-11-14;16;2045
7;2025-11-14;17;2389
7;2025-11-14;18;2350
7;2025-11-14;19;1661
7;2025-11-14;20;1095
7;2025-11-14;21;658
7;2025-11-14;22;357
7;2025-11-14;23;216
7;2025-11-15;0;110
7;2025-11-15;1;25
7;2025-11-15;2;0
7;2025-11-15;3;0
7;2025-11-15;4;1
7;2025-11-15;5;56
7;2025-11-15;6;313
7;2025-11-15;7;462
7;2025-11-15;8;786
7;2025-11-15;9;865
7;2025-11-15;10;948
7;2025-11-15;11;1106
7;2025-11-15;12;1313
7;2025-11-15;13;1327
7;2025-11-15;14;1342
7;2025-11-15;15;1245
7;2025-11-15;16;1224
7;2025-11-15;17;1183
7;2025-11-15;18;1077
7;2025-11-15;19;1024
7;2025-11-15;20;795
7;2025-11-15;21;618
7;2025-11-15;22;333
7;2025-11-15;23;226
7;2025-11-16;0;102
7;2025-11-16;1;22
7;2025-11-16;2;1
7;2025-11-16;3;1
7;2025-11-16;4;0
7;2025-11-16;5;37
7;2025-11-16;6;195
7;2025-11-16;7;292
7;2025-11-16;8;513
7;2025-11-16;9;654
7;2025-11-16;10;693
7;2025-11-16;11;885
7;2025-11-16;12;1009
7;2025-11-16;13;1052
7;2025-11-16;14;1118
7;2025-11-16;15;1073
7;2025-11-16;16;968
7;2025-11-16;17;989
7;2025-11-16;18;882
7;2025-11-16;19;732
7;2025-11-16;20;615
7;2025-11-16;21;485
7;2025-11-16;22;278
7;2025-11-16;23;164
7;2025-11-17;0;67
7;2025-11-17;1;13
7;2025-11-17;2;0
7;2025-11-17;3;0
7;2025-11-17;4;2
7;2025-11-17;5;199
7;2025-11-17;6;729
7;2025-11-17;7;1686
7;2025-11-17;8;2529
7;2025-11-17;9;1902
7;2025-11-17;10;1625
7;2025-11-17;11;1458
7;2025-11-17;12;1566
7;2025-11-17;13;1560
7;2025-11-17;14;1640
7;2025-11-17;15;1784
7;2025-11-17;16;1915
7;2025-11-17;17;2389
7;2025-11-17;18;2577
7;2025-11-17;19;1755
7;2025-11-17;20;1103
7;2025-11-17;21;626
7;2025-11-17;22;320
7;2025-11-17;23;186
7;2025-11-18;0;59
7;2025-11-18;1;13
7;2025-11-18;2;0
7;2025-11-18;3;0
7;2025-11-18;4;2
7;2025-11-18;5;202
7;2025-11-18;6;736
7;2025-11-18;7;1707
7;2025-11-18;8;2558
7;2025-11-18;9;1927
7;2025-11-18;10;1680
7;2025-11-18;11;1534
7;2025-11-18;12;1627
7;2025-11-18;13;1611
7;2025-11-18;14;1691
7;2025-11-18;15;1829
7;2025-11-18;16;1951
7;2025-11-18;17;2408
7;2025-11-18;18;2605
7;2025-11-18;19;1799
7;2025-11-18;20;1121
7;2025-11-18;21;669
7;2025-11-18;22;336
7;2025-11-18;23;190
7;2025-11-19;0;61
7;2025-11-19;1;12
7;2025-11-19;2;0
7;2025-11-19;3;0
7;2025-11-19;4;2
7;2025-11-19;5;198
7;2025-11-19;6;727
7;2025-11-19;7;1677
7;2025-11-19;8;2570
7;2025-11-19;9;1951
7;2025-11-19;10;1700
7;2025-11-19;11;1519
7;2025-11-19;12;1614
7;2025-11-19;13;1591
7;2025-11-19;14;1688
7;2025-11-19;15;1840
7;2025-11-19;16;1946
7;2025-11-19;17;2452
7;2025-11-19;18;2590
7;2025-11-19;19;1755
7;2025-11-19;20;1125
7;2025-11-19;21;662
7;2025-11-19;22;341
7;2025-11-19;23;202
7;2025-11-20;0;66
7;2025-11-20;1;13
7;2025-11-20;2;0
7;2025-11-20;3;0
7;2025-11-20;4;2
7;2025-11-20;5;194
7;2025-11-20;6;731
7;2025-11-20;7;1680
7;2025-11-20;8;2542
7;2025-11-20;9;1912
7;2025-11-20;10;1651
7;2025-11-20;11;1516
7;2025-11-20;12;1597
7;2025-11-20;13;1585
7;2025-11-20;14;1709
7;2025-11-20;15;1791
7;2025-11-20;16;1935
7;2025-11-20;17;2408
7;2025-11-20;18;2652
7;2025-11-20;19;1755
7;2025-11-20;20;1101
7;2025-11-20;21;670
7;2025-11-20;22;337
7;2025-11-20;23;198
7;2025-11-21;0;65
7;2025-11-21;1;13
7;2025-11-21;2;0
7;2025-11-21;3;0
7;2025-11-21;4;2
7;2025-11-21;5;192
7;2025-11-21;6;697
7;2025-11-21;7;1648
7;2025-11-21;8;2464
7;2025-11-21;9;1880
7;2025-11-21;10;1638
7;2025-11-21;11;1538
7;2025-11-21;12;1634
7;2025-11-21;13;1670
7;2025-11-21;14;1750
7;2025-11-21;15;1872
7;2025-11-21;16;2043
7;2025-11-21;17;2387
7;2025-11-21;18;2348
7;2025-11-21;19;1659
7;2025-11-21;20;1094
7;2025-11-21;21;657
7;2025-11-21;22;357
7;2025-11-21;23;216
7;2025-11-22;0;110
7;2025-11-22;1;25
7;2025-11-22;2;0
7;2025-11-22;3;0
7;2025-11-22;4;1
7;2025-11-22;5;56
7;2025-11-22;6;312
7;2025-11-22;7;461
7;2025-11-22;8;783
7;2025-11-22;9;862
7;2025-11-22;10;945
7;2025-11-22;11;1103
7;2025-11-22;12;1309
7;2025-11-22;13;1323
7;2025-11-22;14;1338
7;2025-11-22;15;1241
7;2025-11-22;16;1220
7;2025-11-22;17;1179
7;2025-11-22;18;1074
7;2025-11-22;19;1021
7;2025-11-22;20;793
7;2025-11-22;21;616
7;2025-11-22;22;332
7;2025-11-22;23;225
7;2025-11-23;0;103
7;2025-11-23;1;22
7;2025-11-23;2;1
7;2025-11-23;3;1
7;2025-11-23;4;0
7;2025-11-23;5;37
7;2025-11-23;6;195
7;2025-11-23;7;292
7;2025-11-23;8;513
7;2025-11-23;9;655
7;2025-11-23;10;693
7;2025-11-23;11;886
7;2025-11-23;12;1010
7;2025-11-23;13;1053
7;2025-11-23;14;1119
7;2025-11-23;15;1074
7;2025-11-23;16;969
7;2025-11-23;17;990
7;2025-11-23;18;883
7;2025-11-23;19;732
7;2025-11-23;20;615
7;2025-11-23;21;486
7;2025-11-23;22;278
7;2025-11-23;23;164
7;2025-11-24;0;67
7;2025-11-24;1;13
7;2025-11-24;2;0
7;2025-11-24;3;0
7;2025-11-24;4;2
7;2025-11-24;5;199
7;2025-11-24;6;728
7;2025-11-24;7;1684
7;2025-11-24;8;2527
7;2025-11-24;9;1901
7;2025-11-24;10;1624
7;2025-11-24;11;1457
7;2025-11-24;12;1565
7;2025-11-24;13;1559
7;2025-11-24;14;1639
7;2025-11-24;15;1783
7;2025-11-24;16;1913
7;2025-11-24;17;2387
7;2025-11-24;18;2574
7;2025-11-24;19;1753
7;2025-11-24;20;1102
7;2025-11-24;21;626
7;2025-11-24;22;319
7;2025-11-24;23;186
7;2025-11-25;0;58
7;2025-11-25;1;13
7;2025-11-25;2;0
7;2025-11-25;3;0
7;2025-11-25;4;2
7;2025-11-25;5;202
7;2025-11-25;6;735
7;2025-11-25;7;1706
7;2025-11-25;8;2556
7;2025-11-25;9;1925
7;2025-11-25;10;1679
7;2025-11-25;11;1532
7;2025-11-25;12;1626
7;2025-11-25;13;1609
7;2025-11-25;14;1690
7;2025-11-25;15;1828
7;2025-11-25;16;1949
7;2025-11-25;17;2406
7;2025-11-25;18;2602
7;2025-11-25;19;1797
7;2025-11-25;20;1120
7;2025-11-25;21;668
7;2025-11-25;22;336
7;2025-11-25;23;189
7;2025-11-26;0;61
7;2025-11-26;1;12
7;2025-11-26;2;0
7;2025-11-26;3;0
7;2025-11-26;4;2
7;2025-11-26;5;198
7;2025-11-26;6;727
7;2025-11-26;7;1675
7;2025-11-26;8;2567
7;2025-11-26;9;1949
7;2025-11-26;10;1699
7;2025-11-26;11;1518
7;2025-11-26;12;1613
7;2025-11-26;13;1590
7;2025-11-26;14;1686
7;2025-11-26;15;1838
7;2025-11-26;16;1945
7;2025-11-26;17;2450
7;2025-11-26;18;2588
7;2025-11-26;19;1753
7;2025-11-26;20;1124
7;2025-11-26;21;662
7;2025-11-26;22;340
7;2025-11-26;23;202
7;2025-11-27;0;66
7;2025-11-27;1;13
7;2025-11-27;2;0
7;2025-11-27;3;0
7;2025-11-27;4;2
7;2025-11-27;5;194
7;2025-11-27;6;730
7;2025-11-27;7;1679
7;2025-11-27;8;2540
7;2025-11-27;9;1910
7;2025-11-27;10;1649
7;2025-11-27;11;1515
7;2025-11-27;12;1596
7;2025-11-27;13;1584
7;2025-11-27;14;1707
7;2025-11-27;15;1790
7;2025-11-27;16;1933
7;2025-11-27;17;2406
7;2025-11-27;18;2650
7;2025-11-27;19;1754
7;2025-11-27;20;1100
7;2025-11-27;21;669
7;2025-11-27;22;337
7;2025-11-27;23;198
7;2025-11-28;0;65
7;2025-11-28;1;13
7;2025-11-28;2;0
7;2025-11-28;3;0
7;2025-11-28;4;2
7;2025-11-28;5;192
7;2025-11-28;6;697
7;2025-11-28;7;1646
7;2025-11-28;8;2462
7;2025-11-28;9;1878
7;2025-11-28;10;1636
7;2025-11-28;11;1536
7;2025-11-28;12;1633
7;2025-11-28;13;1669
7;2025-11-28;14;1749
7;2025-11-28;15;1870
7;2025-11-28;16;2042
7;2025-11-28;17;2385
7;2025-11-28;18;2346
7;2025-11-28;19;1658
7;2025-11-28;20;1093
7;2025-11-28;21;656
7;2025-11-28;22;357
7;2025-11-28;23;216
7;2025-11-29;0;110
7;2025-11-29;1;25
7;2025-11-29;2;0
7;2025-11-29;3;0
7;2025-11-29;4;1
7;2025-11-29;5;56
7;2025-11-29;6;311
7;2025-11-29;7;460
7;2025-11-29;8;781
7;2025-11-29;9;860
7;2025-11-29;10;943
7;2025-11-29;11;1100
7;2025-11-29;12;1305
7;2025-11-29;13;1319
7;2025-11-29;14;1334
7;2025-11-29;15;1238
7;2025-11-29;16;1217
7;2025-11-29;17;1176
7;2025-11-29;18;1071
7;2025-11-29;19;1018
7;2025-11-29;20;790
7;2025-11-29;21;615
7;2025-11-29;22;331
7;2025-11-29;23;224
7;2025-11-30;0;103
7;2025-11-30;1;22
7;2025-11-30;2;1
7;2025-11-30;3;1
7;2025-11-30;4;0
7;2025-11-30;5;37
7;2025-11-30;6;196
7;2025-11-30;7;292
7;2025-11-30;8;514
7;2025-11-30;9;655
7;2025-11-30;10;694
7;2025-11-30;11;887
7;2025-11-30;12;1011
7;2025-11-30;13;1054
7;2025-11-30;14;1120
7;2025-11-30;15;1075
7;2025-11-30;16;970
7;2025-11-30;17;991
7;2025-11-30;18;884
7;2025-11-30;19;733
7;2025-11-30;20;616
7;2025-11-30;21;486
7;2025-11-30;22;279
7;2025-11-30;23;164
7;2025-12-01;0;66
7;2025-12-01;1;13
7;2025-12-01;2;0
7;2025-12-01;3;0
7;2025-12-01;4;2
7;2025-12-01;5;199
7;2025-12-01;6;727
7;2025-12-01;7;1683
7;2025-12-01;8;2525
7;2025-12-01;9;1899
7;2025-12-01;10;1623
7;2025-12-01;11;1456
7;2025-12-01;12;1564
7;2025-12-01;13;1558
7;2025-12-01;14;1638
7;2025-12-01;15;1781
7;2025-12-01;16;1912
7;2025-12-01;17;2385
7;2025-12-01;18;2572
7;2025-12-01;19;1752
7;2025-12-01;20;1102
7;2025-12-01;21;625
7;2025-12-01;22;319
7;2025-12-01;23;186
7;2025-12-02;0;58
7;2025-12-02;1;13
7;2025-12-02;2;0
7;2025-12-02;3;0
7;2025-12-02;4;2
7;2025-12-02;5;202
7;2025-12-02;6;734
7;2025-12-02;7;1704
7;2025-12-02;8;2554
7;2025-12-02;9;1923
7;2025-12-02;10;1678
7;2025-12-02;11;1531
7;2025-12-02;12;1625
7;2025-12-02;13;1608
7;2025-12-02;14;1689
7;2025-12-02;15;1826
7;2025-12-02;16;1948
7;2025-12-02;17;2404
7;2025-12-02;18;2600
7;2025-12-02;19;1796
7;2025-12-02;20;1119
7;2025-12-02;21;668
7;2025-12-02;22;335
7;2025-12-02;23;189
7;2025-12-03;0;61
7;2025-12-03;1;11
7;2025-12-03;2;0
7;2025-12-03;3;0
7;2025-12-03;4;2
7;2025-12-03;5;198
7;2025-12-03;6;726
7;2025-12-03;7;1674
7;2025-12-03;8;2565
7;2025-12-03;9;1948
7;2025-12-03;10;1697
7;2025-12-03;11;1517
7;2025-12-03;12;1611
7;2025-12-03;13;1588
7;2025-12-03;14;1685
7;2025-12-03;15;1837
7;2025-12-03;16;1943
7;2025-12-03;17;2448
7;2025-12-03;18;2586
7;2025-12-03;19;1752
7;2025-12-03;20;1124
7;2025-12-03;21;661
7;2025-12-03;22;340
7;2025-12-03;23;202
7;2025-12-04;0;66
7;2025-12-04;1;13
7;2025-12-04;2;0
7;2025-12-04;3;0
7;2025-12-04;4;2
7;2025-12-04;5;194
7;2025-12-04;6;729
7;2025-12-04;7;1677
7;2025-12-04;8;2538
7;2025-12-04;9;1909
7;2025-12-04;10;1648
7;2025-12-04;11;1514
7;2025-12-04;12;1594
7;2025-12-04;13;1582
7;2025-12-04;14;1706
7;2025-12-04;15;1788
7;2025-12-04;16;1931
7;2025-12-04;17;2404
7;2025-12-04;18;2648
7;2025-12-04;19;1753
7;2025-12-04;20;1099
7;2025-12-04;21;669
7;2025-12-04;22;337
7;2025-12-04;23;198
7;2025-12-05;0;65
7;2025-12-05;1;13
7;2025-12-05;2;0
7;2025-12-05;3;0
7;2025-12-05;4;2
7;2025-12-05;5;192
7;2025-12-05;6;696
7;2025-12-05;7;1645
7;2025-12-05;8;2460
7;2025-12-05;9;1877
7;2025-12-05;10;1635
7;2025-12-05;11;1535
7;2025-12-05;12;1632
7;2025-12-05;13;1667
7;2025-12-05;14;1748
7;2025-12-05;15;1869
7;2025-12-05;16;2040
7;2025-12-05;17;2384
7;2025-12-05;18;2344
7;2025-12-05;19;1657
7;2025-12-05;20;1092
7;2025-12-05;21;656
7;2025-12-05;22;357
7;2025-12-05;23;215
7;2025-12-06;0;110
7;2025-12-06;1;25
7;2025-12-06;2;0
7;2025-12-06;3;0
7;2025-12-06;4;1
7;2025-12-06;5;56
7;2025-12-06;6;310
7;2025-12-06;7;458
7;2025-12-06;8;779
7;2025-12-06;9;858
7;2025-12-06;10;941
7;2025-12-06;11;1097
7;2025-12-06;12;1302
7;2025-12-06;13;1316
7;2025-12-06;14;1331
7;2025-12-06;15;1235
7;2025-12-06;16;1214
7;2025-12-06;17;1173
7;2025-12-06;18;1069
7;2025-12-06;19;1016
7;2025-12-06;20;789
7;2025-12-06;21;613
7;2025-12-06;22;330
7;2025-12-06;23;224
7;2025-12-07;0;103
7;2025-12-07;1;22
7;2025-12-07;2;1
7;2025-12-07;3;1
7;2025-12-07;4;0
7;2025-12-07;5;37
7;2025-12-07;6;196
7;2025-12-07;7;292
7;2025-12-07;8;514
7;2025-12-07;9;656
7;2025-12-07;10;694
7;2025-12-07;11;888
7;2025-12-07;12;1011
7;2025-12-07;13;1055
7;2025-12-07;14;1121
7;2025-12-07;15;1076
7;2025-12-07;16;971
7;2025-12-07;17;991
7;2025-12-07;18;884
7;2025-12-07;19;734
7;2025-12-07;20;616
7;2025-12-07;21;487
7;2025-12-07;22;279
7;2025-12-07;23;164
7;2025-12-08;0;66
7;2025-12-08;1;13
7;2025-12-08;2;0
7;2025-12-08;3;0
7;2025-12-08;4;2
7;2025-12-08;5;199
7;2025-12-08;6;727
7;2025-12-08;7;1682
7;2025-12-08;8;2523
7;2025-12-08;9;1898
7;2025-12-08;10;1621
7;2025-12-08;11;1454
7;2025-12-08;12;1563
7;2025-12-08;13;1557
7;2025-12-08;14;1636
7;2025-12-08;15;1780
7;2025-12-08;16;1910
7;2025-12-08;17;2383
7;2025-12-08;18;2570
7;2025-12-08;19;1751
7;2025-12-08;20;1101
7;2025-12-08;21;625
7;2025-12-08;22;319
7;2025-12-08;23;186
7;2025-12-09;0;58
7;2025-12-09;1;13
7;2025-12-09;2;0
7;2025-12-09;3;0
7;2025-12-09;4;2
7;2025-12-09;5;201
7;2025-12-09;6;734
7;2025-12-09;7;1703
7;2025-12-09;8;2552
7;2025-12-09;9;1922
7;2025-12-09;10;1676
7;2025-12-09;11;1530
7;2025-12-09;12;1624
7;2025-12-09;13;1607
7;2025-12-09;14;1687
7;2025-12-09;15;1825
7;2025-12-09;16;1946
7;2025-12-09;17;2402
7;2025-12-09;18;2598
7;2025-12-09;19;1795
7;2025-12-09;20;1118
7;2025-12-09;21;667
7;2025-12-09;22;335
7;2025-12-09;23;189
7;2025-12-10;0;61
7;2025-12-10;1;11
7;2025-12-10;2;0
7;2025-12-10;3;0
7;2025-12-10;4;2
7;2025-12-10;5;198
7;2025-12-10;6;726
7;2025-12-10;7;1673
7;2025-12-10;8;2563
7;2025-12-10;9;1946
7;2025-12-10;10;1696
7;2025-12-10;11;1516
7;2025-12-10;12;1610
7;2025-12-10;13;1587
7;2025-12-10;14;1684
7;2025-12-10;15;1835
7;2025-12-10;16;1942
7;2025-12-10;17;2446
7;2025-12-10;18;2584
7;2025-12-10;19;1751
7;2025-12-10;20;1123
7;2025-12-10;21;661
7;2025-12-10;22;340
7;2025-12-10;23;201
7;2025-12-11;0;66
7;2025-12-11;1;13
7;2025-12-11;2;0
7;2025-12-11;3;0
7;2025-12-11;4;2
7;2025-12-11;5;194
7;2025-12-11;6;729
7;2025-12-11;7;1676
7;2025-12-11;8;2536
7;2025-12-11;9;1907
7;2025-12-11;10;1647
7;2025-12-11;11;1513
7;2025-12-11;12;1593
7;2025-12-11;13;1581
7;2025-12-11;14;1705
7;2025-12-11;15;1787
7;2025-12-11;16;1930
7;2025-12-11;17;2402
7;2025-12-11;18;2646
7;2025-12-11;19;1751
7;2025-12-11;20;1099
7;2025-12-11;21;668
7;2025-12-11;22;336
7;2025-12-11;23;198
7;2025-12-12;0;65
7;2025-12-12;1;13
7;2025-12-12;2;0
7;2025-12-12;3;0
7;2025-12-12;4;2
7;2025-12-12;5;192
7;2025-12-12;6;696
7;2025-12-12;7;1644
7;2025-12-12;8;2458
7;2025-12-12;9;1875
7;2025-12-12;10;1634
7;2025-12-12;11;1534
7;2025-12-12;12;1631
7;2025-12-12;13;1666
7;2025-12-12;14;1746
7;2025-12-12;15;1867
7;2025-12-12;16;2039
7;2025-12-12;17;2382
7;2025-12-12;18;2343
7;2025-12-12;19;1655
7;2025-12-12;20;1091
7;2025-12-12;21;655
7;2025-12-12;22;356
7;2025-12-12;23;215
7;2025-12-13;0;109
7;2025-12-13;1;24
7;2025-12-13;2;0
7;2025-12-13;3;0
7;2025-12-13;4;1
7;2025-12-13;5;56
7;2025-12-13;6;310
7;2025-12-13;7;457
7;2025-12-13;8;777
7;2025-12-13;9;856
7;2025-12-13;10;939
7;2025-12-13;11;1095
7;2025-12-13;12;1299
7;2025-12-13;13;1313
7;2025-12-13;14;1328
7;2025-12-13;15;1232
7;2025-12-13;16;1212
7;2025-12-13;17;1171
7;2025-12-13;18;1067
7;2025-12-13;19;1014
7;2025-12-13;20;787
7;2025-12-13;21;612
7;2025-12-13;22;329
7;2025-12-13;23;223
7;2025-12-14;0;103
7;2025-12-14;1;22
7;2025-12-14;2;1
7;2025-12-14;3;1
7;2025-12-14;4;0
7;2025-12-14;5;37
7;2025-12-14;6;196
7;2025-12-14;7;292
7;2025-12-14;8;515
7;2025-12-14;9;656
7;2025-12-14;10;695
7;2025-12-14;11;888
7;2025-12-14;12;1012
7;2025-12-14;13;1056
7;2025-12-14;14;1122
7;2025-12-14;15;1076
7;2025-12-14;16;972
7;2025-12-14;17;992
7;2025-12-14;18;885
7;2025-12-14;19;734
7;2025-12-14;20;617
7;2025-12-14;21;487
7;2025-12-14;22;279
7;2025-12-14;23;164
7;2025-12-15;0;66
7;2025-12-15;1;13
7;2025-12-15;2;0
7;2025-12-15;3;0
7;2025-12-15;4;2
7;2025-12-15;5;199
7;2025-12-15;6;726
7;2025-12-15;7;1680
7;2025-12-15;8;2521
7;2025-12-15;9;1896
7;2025-12-15;10;1620
7;2025-12-15;11;1453
7;2025-12-15;12;1562
7;2025-12-15;13;1556
7;2025-12-15;14;1635
7;2025-12-15;15;1779
7;2025-12-15;16;1909
7;2025-12-15;17;2381
7;2025-12-15;18;2569
7;2025-12-15;19;1749
7;2025-12-15;20;1100
7;2025-12-15;21;624
7;2025-12-15;22;319
7;2025-12-15;23;186
7;2025-12-16;0;58
7;2025-12-16;1;13
7;2025-12-16;2;0
7;2025-12-16;3;0
7;2025-12-16;4;2
7;2025-12-16;5;201
7;2025-12-16;6;733
7;2025-12-16;7;1702
7;2025-12-16;8;2550
7;2025-12-16;9;1921
7;2025-12-16;10;1675
7;2025-12-16;11;1529
7;2025-12-16;12;1623
7;2025-12-16;13;1606
7;2025-12-16;14;1686
7;2025-12-16;15;1824
7;2025-12-16;16;1945
7;2025-12-16;17;2400
7;2025-12-16;18;2596
7;2025-12-16;19;1793
7;2025-12-16;20;1117
7;2025-12-16;21;667
7;2025-12-16;22;335
7;2025-12-16;23;189
7;2025-12-17;0;61
7;2025-12-17;1;11
7;2025-12-17;2;0
7;2025-12-17;3;0
7;2025-12-17;4;2
7;2025-12-17;5;198
7;2025-12-17;6;725
7;2025-12-17;7;1672
7;2025-12-17;8;2562
7;2025-12-17;9;1945
7;2025-12-17;10;1695
7;2025-12-17;11;1515
7;2025-12-17;12;1609
7;2025-12-17;13;1586
7;2025-12-17;14;1683
7;2025-12-17;15;1834
7;2025-12-17;16;1940
7;2025-12-17;17;2445
7;2025-12-17;18;2582
7;2025-12-17;19;1749
7;2025-12-17;20;1122
7;2025-12-17;21;660
7;2025-12-17;22;339
7;2025-12-17;23;201
7;2025-12-18;0;66
7;2025-12-18;1;13
7;2025-12-18;2;0
7;2025-12-18;3;0
7;2025-12-18;4;2
7;2025-12-18;5;194
7;2025-12-18;6;728
7;2025-12-18;7;1675
7;2025-12-18;8;2534
7;2025-12-18;9;1906
7;2025-12-18;10;1646
7;2025-12-18;11;1512
7;2025-12-18;12;1592
7;2025-12-18;13;1580
7;2025-12-18;14;1703
7;2025-12-18;15;1786
7;2025-12-18;16;1929
7;2025-12-18;17;2400
7;2025-12-18;18;2644
7;2025-12-18;19;1750
7;2025-12-18;20;1098
7;2025-12-18;21;668
7;2025-12-18;22;336
7;2025-12-18;23;198
7;2025-12-19;0;65
7;2025-12-19;1;13
7;2025-12-19;2;0
7;2025-12-19;3;0
7;2025-12-19;4;2
7;2025-12-19;5;192
7;2025-12-19;6;695
7;2025-12-19;7;1643
7;2025-12-19;8;2456
7;2025-12-19;9;1874
7;2025-12-19;10;1633
7;2025-12-19;11;1533
7;2025-12-19;12;1629
7;2025-12-19;13;1665
7;2025-12-19;14;1745
7;2025-12-19;15;1866
7;2025-12-19;16;2037
7;2025-12-19;17;2380
7;2025-12-19;18;2341
7;2025-12-19;19;1654
7;2025-12-19;20;1090
7;2025-12-19;21;655
7;2025-12-19;22;356
7;2025-12-19;23;215
7;2025-12-20;0;109
7;2025-12-20;1;24
7;2025-12-20;2;0
7;2025-12-20;3;0
7;2025-12-20;4;1
7;2025-12-20;5;56
7;2025-12-20;6;309
7;2025-12-20;7;457
7;2025-12-20;8;776
7;2025-12-20;9;854
7;2025-12-20;10;937
7;2025-12-20;11;1093
7;2025-12-20;12;1297
7;2025-12-20;13;1311
7;2025-12-20;14;1325
7;2025-12-20;15;1230
7;2025-12-20;16;1209
7;2025-12-20;17;1168
7;2025-12-20;18;1064
7;2025-12-20;19;1012
7;2025-12-20;20;785
7;2025-12-20;21;611
7;2025-12-20;22;328
7;2025-12-20;23;223
7;2025-12-21;0;103
7;2025-12-21;1;22
7;2025-12-21;2;1
7;2025-12-21;3;1
7;2025-12-21;4;0
7;2025-12-21;5;37
7;2025-12-21;6;196
7;2025-12-21;7;293
7;2025-12-21;8;515
7;2025-12-21;9;657
7;2025-12-21;10;695
7;2025-12-21;11;889
7;2025-12-21;12;1013
7;2025-12-21;13;1056
7;2025-12-21;14;1123
7;2025-12-21;15;1077
7;2025-12-21;16;972
7;2025-12-21;17;993
7;2025-12-21;18;886
7;2025-12-21;19;735
7;2025-12-21;20;617
7;2025-12-21;21;487
7;2025-12-21;22;279
7;2025-12-21;23;164
7;2025-12-22;0;66
7;2025-12-22;1;13
7;2025-12-22;2;0
7;2025-12-22;3;0
7;2025-12-22;4;2
7;2025-12-22;5;199
7;2025-12-22;6;726
7;2025-12-22;7;1679
7;2025-12-22;8;2520
7;2025-12-22;9;1895
7;2025-12-22;10;1619
7;2025-12-22;11;1452
7;2025-12-22;12;1561
7;2025-12-22;13;1555
7;2025-12-22;14;1634
7;2025-12-22;15;1777
7;2025-12-22;16;1908
7;2025-12-22;17;2379
7;2025-12-22;18;2567
7;2025-12-22;19;1748
7;2025-12-22;20;1099
7;2025-12-22;21;624
7;2025-12-22;22;318
7;2025-12-22;23;186
7;2025-12-23;0;58
7;2025-12-23;1;13
7;2025-12-23;2;0
7;2025-12-23;3;0
7;2025-12-23;4;2
7;2025-12-23;5;201
7;2025-12-23;6;733
7;2025-12-23;7;1701
7;2025-12-23;8;2549
7;2025-12-23;9;1919
7;2025-12-23;10;1674
7;2025-12-23;11;1528
7;2025-12-23;12;1621
7;2025-12-23;13;1605
7;2025-12-23;14;1685
7;2025-12-23;15;1822
7;2025-12-23;16;1943
7;2025-12-23;17;2399
7;2025-12-23;18;2595
7;2025-12-23;19;1792
7;2025-12-23;20;1117
7;2025-12-23;21;666
7;2025-12-23;22;335
7;2025-12-23;23;189
7;2025-12-24;0;61
7;2025-12-24;1;11
7;2025-12-24;2;0
7;2025-12-24;3;0
7;2025-12-24;4;2
7;2025-12-24;5;198
7;2025-12-24;6;725
7;2025-12-24;7;1670
7;2025-12-24;8;2560
7;2025-12-24;9;1944
7;2025-12-24;10;1694
7;2025-12-24;11;1514
7;2025-12-24;12;1608
7;2025-12-24;13;1585
7;2025-12-24;14;1681
7;2025-12-24;15;1833
7;2025-12-24;16;1939
7;2025-12-24;17;2443
7;2025-12-24;18;2581
7;2025-12-24;19;1748
7;2025-12-24;20;1121
7;2025-12-24;21;660
7;2025-12-24;22;339
7;2025-12-24;23;201
7;2025-12-25;0;66
7;2025-12-25;1;13
7;2025-12-25;2;0
7;2025-12-25;3;0
7;2025-12-25;4;2
7;2025-12-25;5;193
7;2025-12-25;6;728
7;2025-12-25;7;1674
7;2025-12-25;8;2533
7;2025-12-25;9;1905
7;2025-12-25;10;1644
7;2025-12-25;11;1511
7;2025-12-25;12;1591
7;2025-12-25;13;1579
7;2025-12-25;14;1702
7;2025-12-25;15;1785
7;2025-12-25;16;1927
7;2025-12-25;17;2399
7;2025-12-25;18;2642
7;2025-12-25;19;1749
7;2025-12-25;20;1097
7;2025-12-25;21;667
7;2025-12-25;22;336
7;2025-12-25;23;198
7;2025-12-26;0;65
7;2025-12-26;1;13
7;2025-12-26;2;0
7;2025-12-26;3;0
7;2025-12-26;4;2
7;2025-12-26;5;192
7;2025-12-26;6;695
7;2025-12-26;7;1641
7;2025-12-26;8;2455
7;2025-12-26;9;1873
7;2025-12-26;10;1632
7;2025-12-26;11;1532
7;2025-12-26;12;1628
7;2025-12-26;13;1664
7;2025-12-26;14;1744
7;2025-12-26;15;1865
7;2025-12-26;16;2036
7;2025-12-26;17;2379
7;2025-12-26;18;2340
7;2025-12-26;19;1653
7;2025-12-26;20;1090
7;2025-12-26;21;655
7;2025-12-26;22;356
7;2025-12-26;23;215
7;2025-12-27;0;109
7;2025-12-27;1;24
7;2025-12-27;2;0
7;2025-12-27;3;0
7;2025-12-27;4;1
7;2025-12-27;5;56
7;2025-12-27;6;308
7;2025-12-27;7;456
7;2025-12-27;8;774
7;2025-12-27;9;853
7;2025-12-27;10;935
7;2025-12-27;11;1091
7;2025-12-27;12;1295
7;2025-12-27;13;1308
7;2025-12-27;14;1323
7;2025-12-27;15;1228
7;2025-12-27;16;1207
7;2025-12-27;17;1166
7;2025-12-27;18;1063
7;2025-12-27;19;1010
7;2025-12-27;20;784
7;2025-12-27;21;610
7;2025-12-27;22;328
7;2025-12-27;23;222
7;2025-12-28;0;103
7;2025-12-28;1;22
7;2025-12-28;2;1
7;2025-12-28;3;1
7;2025-12-28;4;0
7;2025-12-28;5;37
7;2025-12-28;6;196
7;2025-12-28;7;293
7;2025-12-28;8;515
7;2025-12-28;9;657
7;2025-12-28;10;696
7;2025-12-28;11;890
7;2025-12-28;12;1014
7;2025-12-28;13;1057
7;2025-12-28;14;1124
7;2025-12-28;15;1078
7;2025-12-28;16;973
7;2025-12-28;17;994
7;2025-12-28;18;886
7;2025-12-28;19;735
7;2025-12-28;20;617
7;2025-12-28;21;488
7;2025-12-28;22;279
7;2025-12-28;23;164
7;2025-12-29;0;66
7;2025-12-29;1;13
7;2025-12-29;2;0
7;2025-12-29;3;0
7;2025-12-29;4;2
7;2025-12-29;5;199
7;2025-12-29;6;725
7;2025-12-29;7;1678
7;2025-12-29;8;2518
7;2025-12-29;9;1894
7;2025-12-29;10;1618
7;2025-12-29;11;1452
7;2025-12-29;12;1560
7;2025-12-29;13;1554
7;2025-12-29;14;1633
7;2025-12-29;15;1776
7;2025-12-29;16;1906
7;2025-12-29;17;2378
7;2025-12-29;18;2565
7;2025-12-29;19;1747
7;2025-12-29;20;1098
7;2025-12-29;21;623
7;2025-12-29;22;318
7;2025-12-29;23;186
7;2025-12-30;0;58
7;2025-12-30;1;13
7;2025-12-30;2;0
7;2025-12-30;3;0
7;2025-12-30;4;2
7;2025-12-30;5;201
7;2025-12-30;6;732
7;2025-12-30;7;1699
7;2025-12-30;8;2547
7;2025-12-30;9;1918
7;2025-12-30;10;1673
7;2025-12-30;11;1527
7;2025-12-30;12;1620
7;2025-12-30;13;1604
7;2025-12-30;14;1684
7;2025-12-30;15;1821
7;2025-12-30;16;1942
7;2025-12-30;17;2397
7;2025-12-30;18;2593
7;2025-12-30;19;1791
7;2025-12-30;20;1116
7;2025-12-30;21;666
7;2025-12-30;22;335
7;2025-12-30;23;189
7;2025-12-31;0;100
7;2025-12-31;1;22
7;2025-12-31;2;1
7;2025-12-31;3;1
7;2025-12-31;4;0
7;2025-12-31;5;38
7;2025-12-31;6;201
7;2025-12-31;7;296
7;2025-12-31;8;518
7;2025-12-31;9;654
7;2025-12-31;10;688
7;2025-12-31;11;876
7;2025-12-31;12;1000
7;2025-12-31;13;1056
7;2025-12-31;14;1113
7;2025-12-31;15;1066
7;2025-12-31;16;971
7;2025-12-31;17;967
7;2025-12-31;18;886
7;2025-12-31;19;750
7;2025-12-31;20;617
7;2025-12-31;21;488
7;2025-12-31;22;287
7;2025-12-31;23;166
11;2025-11-01;0;69
11;2025-11-01;1;2
11;2025-11-01;2;0
11;2025-11-01;3;0
11;2025-11-01;4;2
11;2025-11-01;5;293
11;2025-11-01;6;1319
11;2025-11-01;7;2431
11;2025-11-01;8;3225
11;2025-11-01;9;2470
11;2025-11-01;10;1921
11;2025-11-01;11;1872
11;2025-11-01;12;1892
11;2025-11-01;13;2044
11;2025-11-01;14;2012
11;2025-11-01;15;2123
11;2025-11-01;16;2334
11;2025-11-01;17;2875
11;2025-11-01;18;3016
11;2025-11-01;19;2232
11;2025-11-01;20;1468
11;2025-11-01;21;884
11;2025-11-01;22;445
11;2025-11-01;23;242
11;2025-11-02;0;103
11;2025-11-02;1;12
11;2025-11-02;2;1
11;2025-11-02;3;1
11;2025-11-02;4;3
11;2025-11-02;5;125
11;2025-11-02;6;463
11;2025-11-02;7;484
11;2025-11-02;8;616
11;2025-11-02;9;854
11;2025-11-02;10;948
11;2025-11-02;11;1365
11;2025-11-02;12;1495
11;2025-11-02;13;1452
11;2025-11-02;14;1539
11;2025-11-02;15;1571
11;2025-11-02;16;1483
11;2025-11-02;17;1541
11;2025-11-02;18;1230
11;2025-11-02;19;1019
11;2025-11-02;20;828
11;2025-11-02;21;617
11;2025-11-02;22;351
11;2025-11-02;23;246
11;2025-11-03;0;100
11;2025-11-03;1;12
11;2025-11-03;2;1
11;2025-11-03;3;1
11;2025-11-03;4;3
11;2025-11-03;5;130
11;2025-11-03;6;466
11;2025-11-03;7;479
11;2025-11-03;8;606
11;2025-11-03;9;824
11;2025-11-03;10;909
11;2025-11-03;11;1317
11;2025-11-03;12;1445
11;2025-11-03;13;1402
11;2025-11-03;14;1504
11;2025-11-03;15;1539
11;2025-11-03;16;1454
11;2025-11-03;17;1490
11;2025-11-03;18;1215
11;2025-11-03;19;1030
11;2025-11-03;20;836
11;2025-11-03;21;625
11;2025-11-03;22;355
11;2025-11-03;23;251
11;2025-11-04;0;100
11;2025-11-04;1;12
11;2025-11-04;2;1
11;2025-11-04;3;1
11;2025-11-04;4;3
11;2025-11-04;5;130
11;2025-11-04;6;466
11;2025-11-04;7;479
11;2025-11-04;8;606
11;2025-11-04;9;824
11;2025-11-04;10;910
11;2025-11-04;11;1318
11;2025-11-04;12;1445
11;2025-11-04;13;1403
11;2025-11-04;14;1505
11;2025-11-04;15;1540
11;2025-11-04;16;1455
11;2025-11-04;17;1491
11;2025-11-04;18;1216
11;2025-11-04;19;1030
11;2025-11-04;20;836
11;2025-11-04;21;626
11;2025-11-04;22;355
11;2025-11-04;23;251
11;2025-11-05;0;66
11;2025-11-05;1;2
11;2025-11-05;2;0
11;2025-11-05;3;0
11;2025-11-05;4;2
11;2025-11-05;5;290
11;2025-11-05;6;1283
11;2025-11-05;7;2412
11;2025-11-05;8;3202
11;2025-11-05;9;2410
11;2025-11-05;10;1883
11;2025-11-05;11;1862
11;2025-11-05;12;1900
11;2025-11-05;13;2044
11;2025-11-05;14;1994
11;2025-11-05;15;2081
11;2025-11-05;16;2245
11;2025-11-05;17;2816
11;2025-11-05;18;3006
11;2025-11-05;19;2230
11;2025-11-05;20;1472
11;2025-11-05;21;883
11;2025-11-05;22;438
11;2025-11-05;23;243
11;2025-11-06;0;69
11;2025-11-06;1;2
11;2025-11-06;2;0
11;2025-11-06;3;0
11;2025-11-06;4;2
11;2025-11-06;5;291
11;2025-11-06;6;1294
11;2025-11-06;7;2376
11;2025-11-06;8;3125
11;2025-11-06;9;2449
11;2025-11-06;10;1940
11;2025-11-06;11;1844
11;2025-11-06;12;1907
11;2025-11-06;13;2046
11;2025-11-06;14;2000
11;2025-11-06;15;2085
11;2025-11-06;16;2287
11;2025-11-06;17;2815
11;2025-11-06;18;3023
11;2025-11-06;19;2212
11;2025-11-06;20;1454
11;2025-11-06;21;895
11;2025-11-06;22;448
11;2025-11-06;23;243
11;2025-11-07;0;73
11;2025-11-07;1;2
11;2025-11-07;2;0
11;2025-11-07;3;0
11;2025-11-07;4;2
11;2025-11-07;5;289
11;2025-11-07;6;1290
11;2025-11-07;7;2338
11;2025-11-07;8;3111
11;2025-11-07;9;2387
11;2025-11-07;10;1900
11;2025-11-07;11;1853
11;2025-11-07;12;1877
11;2025-11-07;13;2012
11;2025-11-07;14;2035
11;2025-11-07;15;2182
11;2025-11-07;16;2403
11;2025-11-07;17;2880
11;2025-11-07;18;2747
11;2025-11-07;19;2109
11;2025-11-07;20;1429
11;2025-11-07;21;880
11;2025-11-07;22;456
11;2025-11-07;23;270
11;2025-11-08;0;102
11;2025-11-08;1;3
11;2025-11-08;2;0
11;2025-11-08;3;0
11;2025-11-08;4;4
11;2025-11-08;5;195
11;2025-11-08;6;737
11;2025-11-08;7;700
11;2025-11-08;8;994
11;2025-11-08;9;1153
11;2025-11-08;10;1276
11;2025-11-08;11;1672
11;2025-11-08;12;1870
11;2025-11-08;13;1782
11;2025-11-08;14;1860
11;2025-11-08;15;1808
11;2025-11-08;16;1790
11;2025-11-08;17;1819
11;2025-11-08;18;1526
11;2025-11-08;19;1406
11;2025-11-08;20;1052
11;2025-11-08;21;741
11;2025-11-08;22;438
11;2025-11-08;23;303
11;2025-11-09;0;104
11;2025-11-09;1;12
11;2025-11-09;2;1
11;2025-11-09;3;1
11;2025-11-09;4;3
11;2025-11-09;5;126
11;2025-11-09;6;465
11;2025-11-09;7;486
11;2025-11-09;8;618
11;2025-11-09;9;857
11;2025-11-09;10;951
11;2025-11-09;11;1370
11;2025-11-09;12;1500
11;2025-11-09;13;1457
11;2025-11-09;14;1545
11;2025-11-09;15;1576
11;2025-11-09;16;1488
11;2025-11-09;17;1547
11;2025-11-09;18;1234
11;2025-11-09;19;1023
11;2025-11-09;20;831
11;2025-11-09;21;619
11;2025-11-09;22;353
11;2025-11-09;23;247
11;2025-11-10;0;72
11;2025-11-10;1;5
11;2025-11-10;2;0
11;2025-11-10;3;0
11;2025-11-10;4;2
11;2025-11-10;5;291
11;2025-11-10;6;1320
11;2025-11-10;7;2391
11;2025-11-10;8;3172
11;2025-11-10;9;2432
11;2025-11-10;10;1871
11;2025-11-10;11;1852
11;2025-11-10;12;1825
11;2025-11-10;13;1986
11;2025-11-10;14;1957
11;2025-11-10;15;2071
11;2025-11-10;16;2299
11;2025-11-10;17;2829
11;2025-11-10;18;3043
11;2025-11-10;19;2248
11;2025-11-10;20;1460
11;2025-11-10;21;859
11;2025-11-10;22;430
11;2025-11-10;23;226
11;2025-11-11;0;67
11;2025-11-11;1;3
11;2025-11-11;2;0
11;2025-11-11;3;0
11;2025-11-11;4;2
11;2025-11-11;5;287
11;2025-11-11;6;1323
11;2025-11-11;7;2418
11;2025-11-11;8;3219
11;2025-11-11;9;2455
11;2025-11-11;10;1894
11;2025-11-11;11;1841
11;2025-11-11;12;1855
11;2025-11-11;13;2032
11;2025-11-11;14;2008
11;2025-11-11;15;2100
11;2025-11-11;16;2308
11;2025-11-11;17;2860
11;2025-11-11;18;3031
11;2025-11-11;19;2227
11;2025-11-11;20;1456
11;2025-11-11;21;880
11;2025-11-11;22;436
11;2025-11-11;23;232
11;2025-11-12;0;66
11;2025-11-12;1;2
11;2025-11-12;2;0
11;2025-11-12;3;0
11;2025-11-12;4;2
11;2025-11-12;5;290
11;2025-11-12;6;1283
11;2025-11-12;7;2412
11;2025-11-12;8;3202
11;2025-11-12;9;2410
11;2025-11-12;10;1883
11;2025-11-12;11;1862
11;2025-11-12;12;1900
11;2025-11-12;13;2044
11;2025-11-12;14;1994
11;2025-11-12;15;2082
11;2025-11-12;16;2245
11;2025-11-12;17;2816
11;2025-11-12;18;3006
11;2025-11-12;19;2230
11;2025-11-12;20;1472
11;2025-11-12;21;883
11;2025-11-12;22;438
11;2025-11-12;23;243
11;2025-11-13;0;69
11;2025-11-13;1;2
11;2025-11-13;2;0
11;2025-11-13;3;0
11;2025-11-13;4;2
11;2025-11-13;5;291
11;2025-11-13;6;1294
11;2025-11-13;7;2376
11;2025-11-13;8;3126
11;2025-11-13;9;2449
11;2025-11-13;10;1940
11;2025-11-13;11;1844
11;2025-11-13;12;1907
11;2025-11-13;13;2046
11;2025-11-13;14;2000
11;2025-11-13;15;2085
11;2025-11-13;16;2287
11;2025-11-13;17;2815
11;2025-11-13;18;3024
11;2025-11-13;19;2212
11;2025-11-13;20;1454
11;2025-11-13;21;895
11;2025-11-13;22;448
11;2025-11-13;23;243
11;2025-11-14;0;73
11;2025-11-14;1;2
11;2025-11-14;2;0
11;2025-11-14;3;0
11;2025-11-14;4;2
11;2025-11-14;5;289
11;2025-11-14;6;1290
11;2025-11-14;7;2338
11;2025-11-14;8;3111
11;2025-11-14;9;2387
11;2025-11-14;10;1901
11;2025-11-14;11;1853
11;2025-11-14;12;1877
11;2025-11-14;13;2012
11;2025-11-14;14;2035
11;2025-11-14;15;2182
11;2025-11-14;16;2403
11;2025-11-14;17;2880
11;2025-11-14;18;2747
11;2025-11-14;19;2109
11;2025-11-14;20;1429
11;2025-11-14;21;880
11;2025-11-14;22;456
11;2025-11-14;23;270
11;2025-11-15;0;102
11;2025-11-15;1;3
11;2025-11-15;2;0
11;2025-11-15;3;0
11;2025-11-15;4;4
11;2025-11-15;5;195
11;2025-11-15;6;737
11;2025-11-15;7;701
11;2025-11-15;8;995
11;2025-11-15;9;1153
11;2025-11-15;10;1277
11;2025-11-15;11;1673
11;2025-11-15;12;1871
11;2025-11-15;13;1783
11;2025-11-15;14;1861
11;2025-11-15;15;1809
11;2025-11-15;16;1791
11;2025-11-15;17;1820
11;2025-11-15;18;1526
11;2025-11-15;19;1407
11;2025-11-15;20;1053
11;2025-11-15;21;741
11;2025-11-15;22;438
11;2025-11-15;23;304
11;2025-11-16;0;104
11;2025-11-16;1;12
11;2025-11-16;2;1
11;2025-11-16;3;1
11;2025-11-16;4;3
11;2025-11-16;5;126
11;2025-11-16;6;466
11;2025-11-16;7;487
11;2025-11-16;8;620
11;2025-11-16;9;859
11;2025-11-16;10;954
11;2025-11-16;11;1374
11;2025-11-16;12;1504
11;2025-11-16;13;1461
11;2025-11-16;14;1549
11;2025-11-16;15;1581
11;2025-11-16;16;1493
11;2025-11-16;17;1551
11;2025-11-16;18;1238
11;2025-11-16;19;1026
11;2025-11-16;20;834
11;2025-11-16;21;621
11;2025-11-16;22;354
11;2025-11-16;23;248
11;2025-11-17;0;72
11;2025-11-17;1;5
11;2025-11-17;2;0
11;2025-11-17;3;0
11;2025-11-17;4;2
11;2025-11-17;5;291
11;2025-11-17;6;1320
11;2025-11-17;7;2391
11;2025-11-17;8;3172
11;2025-11-17;9;2432
11;2025-11-17;10;1871
11;2025-11-17;11;1852
11;2025-11-17;12;1825
11;2025-11-17;13;1986
11;2025-11-17;14;1958
11;2025-11-17;15;2071
11;2025-11-17;16;2299
11;2025-11-17;17;2829
11;2025-11-17;18;3043
11;2025-11-17;19;2248
11;2025-11-17;20;1460
11;2025-11-17;21;859
11;2025-11-17;22;430
11;2025-11-17;23;226
11;2025-11-18;0;67
11;2025-11-18;1;3
11;2025-11-18;2;0
11;2025-11-18;3;0
11;2025-11-18;4;2
11;2025-11-18;5;287
11;2025-11-18;6;1323
11;2025-11-18;7;2418
11;2025-11-18;8;3219
11;2025-11-18;9;2455
11;2025-11-18;10;1894
11;2025-11-18;11;1841
11;2025-11-18;12;1855
11;2025-11-18;13;2032
11;2025-11-18;14;2008
11;2025-11-18;15;2100
11;2025-11-18;16;2308
11;2025-11-18;17;2860
11;2025-11-18;18;3031
11;2025-11-18;19;2227
11;2025-11-18;20;1456
11;2025-11-18;21;880
11;2025-11-18;22;437
11;2025-11-18;23;232
11;2025-11-19;0;66
11;2025-11-19;1;2
11;2025-11-19;2;0
11;2025-11-19;3;0
11;2025-11-19;4;2
11;2025-11-19;5;290
11;2025-11-19;6;1283
11;2025-11-19;7;2412
11;2025-11-19;8;3202
11;2025-11-19;9;2411
11;2025-11-19;10;1883
11;2025-11-19;11;1862
11;2025-11-19;12;1900
11;2025-11-19;13;2044
11;2025-11-19;14;1994
11;2025-11-19;15;2082
11;2025-11-19;16;2245
11;2025-11-19;17;2816
11;2025-11-19;18;3006
11;2025-11-19;19;2230
11;2025-11-19;20;1472
11;2025-11-19;21;883
11;2025-11-19;22;438
11;2025-11-19;23;243
11;2025-11-20;0;69
11;2025-11-20;1;2
11;2025-11-20;2;0
11;2025-11-20;3;0
11;2025-11-20;4;2
11;2025-11-20;5;291
11;2025-11-20;6;1294
11;2025-11-20;7;2376
11;2025-11-20;8;3126
11;2025-11-20;9;2449
11;2025-11-20;10;1940
11;2025-11-20;11;1844
11;2025-11-20;12;1907
11;2025-11-20;13;2046
11;2025-11-20;14;2000
11;2025-11-20;15;2085
11;2025-11-20;16;2287
11;2025-11-20;17;2815
11;2025-11-20;18;3024
11;2025-11-20;19;2212
11;2025-11-20;20;1454
11;2025-11-20;21;895
11;2025-11-20;22;448
11;2025-11-20;23;243
11;2025-11-21;0;73
11;2025-11-21;1;2
11;2025-11-21;2;0
11;2025-11-21;3;0
11;2025-11-21;4;2
11;2025-11-21;5;289
11;2025-11-21;6;1290
11;2025-11-21;7;2338
11;2025-11-21;8;3111
11;2025-11-21;9;2387
11;2025-11-21;10;1901
11;2025-11-21;11;1853
11;2025-11-21;12;1877
11;2025-11-21;13;2012
11;2025-11-21;14;2035
11;2025-11-21;15;2182
11;2025-11-21;16;2403
11;2025-11-21;17;2880
11;2025-11-21;18;2747
11;2025-11-21;19;2109
11;2025-11-21;20;1429
11;2025-11-21;21;880
11;2025-11-21;22;456
11;2025-11-21;23;270
11;2025-11-22;0;102
11;2025-11-22;1;3
11;2025-11-22;2;0
11;2025-11-22;3;0
11;2025-11-22;4;4
11;2025-11-22;5;195
11;2025-11-22;6;737
11;2025-11-22;7;701
11;2025-11-22;8;995
11;2025-11-22;9;1154
11;2025-11-22;10;1277
11;2025-11-22;11;1673
11;2025-11-22;12;1872
11;2025-11-22;13;1784
11;2025-11-22;14;1862
11;2025-11-22;15;1810
11;2025-11-22;16;1792
11;2025-11-22;17;1821
11;2025-11-22;18;1527
11;2025-11-22;19;1407
11;2025-11-22;20;1053
11;2025-11-22;21;742
11;2025-11-22;22;438
11;2025-11-22;23;304
11;2025-11-23;0;104
11;2025-11-23;1;12
11;2025-11-23;2;1
11;2025-11-23;3;1
11;2025-11-23;4;3
11;2025-11-23;5;126
11;2025-11-23;6;467
11;2025-11-23;7;489
11;2025-11-23;8;621
11;2025-11-23;9;862
11;2025-11-23;10;957
11;2025-11-23;11;1378
11;2025-11-23;12;1508
11;2025-11-23;13;1465
11;2025-11-23;14;1554
11;2025-11-23;15;1585
11;2025-11-23;16;1497
11;2025-11-23;17;1556
11;2025-11-23;18;1241
11;2025-11-23;19;1029
11;2025-11-23;20;836
11;2025-11-23;21;623
11;2025-11-23;22;355
11;2025-11-23;23;248
11;2025-11-24;0;72
11;2025-11-24;1;5
11;2025-11-24;2;0
11;2025-11-24;3;0
11;2025-11-24;4;2
11;2025-11-24;5;291
11;2025-11-24;6;1320
11;2025-11-24;7;2391
11;2025-11-24;8;3172
11;2025-11-24;9;2432
11;2025-11-24;10;1871
11;2025-11-24;11;1852
11;2025-11-24;12;1825
11;2025-11-24;13;1986
11;2025-11-24;14;1958
11;2025-11-24;15;2071
11;2025-11-24;16;2299
11;2025-11-24;17;2829
11;2025-11-24;18;3043
11;2025-11-24;19;2248
11;2025-11-24;20;1460
11;2025-11-24;21;859
11;2025-11-24;22;430
11;2025-11-24;23;226
11;2025-11-25;0;67
11;2025-11-25;1;3
11;2025-11-25;2;0
11;2025-11-25;3;0
11;2025-11-25;4;2
11;2025-11-25;5;287
11;2025-11-25;6;1323
11;2025-11-25;7;2418
11;2025-11-25;8;3219
11;2025-11-25;9;2455
11;2025-11-25;10;1894
11;2025-11-25;11;1841
11;2025-11-25;12;1855
11;2025-11-25;13;2032
11;2025-11-25;14;2008
11;2025-11-25;15;2100
11;2025-11-25;16;2308
11;2025-11-25;17;2860
11;2025-11-25;18;3031
11;2025-11-25;19;2227
11;2025-11-25;20;1456
11;2025-11-25;21;880
11;2025-11-25;22;437
11;2025-11-25;23;232
11;2025-11-26;0;66
11;2025-11-26;1;2
11;2025-11-26;2;0
11;2025-11-26;3;0
11;2025-11-26;4;2
11;2025-11-26;5;290
11;2025-11-26;6;1283
11;2025-11-26;7;2412
11;2025-11-26;8;3202
11;2025-11-26;9;2411
11;2025-11-26;10;1883
11;2025-11-26;11;1862
11;2025-11-26;12;1900
11;2025-11-26;13;2044
11;2025-11-26;14;1994
11;2025-11-26;15;2082
11;2025-11-26;16;2245
11;2025-11-26;17;2816
11;2025-11-26;18;3006
11;2025-11-26;19;2230
11;2025-11-26;20;1472
11;2025-11-26;21;883
11;2025-11-26;22;438
11;2025-11-26;23;243
11;2025-11-27;0;69
11;2025-11-27;1;2
11;2025-11-27;2;0
11;2025-11-27;3;0
11;2025-11-27;4;2
11;2025-11-27;5;291
11;2025-11-27;6;1294
11;2025-11-27;7;2376
11;2025-11-27;8;3126
11;2025-11-27;9;2449
11;2025-11-27;10;1940
11;2025-11-27;11;1844
11;2025-11-27;12;1907
11;2025-11-27;13;2046
11;2025-11-27;14;2000
11;2025-11-27;15;2085
11;2025-11-27;16;2287
11;2025-11-27;17;2815
11;2025-11-27;18;3024
11;2025-11-27;19;2212
11;2025-11-27;20;1454
11;2025-11-27;21;895
11;2025-11-27;22;448
11;2025-11-27;23;243
11;2025-11-28;0;73
11;2025-11-28;1;2
11;2025-11-28;2;0
11;2025-11-28;3;0
11;2025-11-28;4;2
11;2025-11-28;5;289
11;2025-11-28;6;1290
11;2025-11-28;7;2338
11;2025-11-28;8;3111
11;2025-11-28;9;2387
11;2025-11-28;10;1901
11;2025-11-28;11;1853
11;2025-11-28;12;1877
11;2025-11-28;13;2012
11;2025-11-28;14;2035
11;2025-11-28;15;2182
11;2025-11-28;16;2403
11;2025-11-28;17;2880
11;2025-11-28;18;2747
11;2025-11-28;19;2109
11;2025-11-28;20;1429
11;2025-11-28;21;880
11;2025-11-28;22;456
11;2025-11-28;23;270
11;2025-11-29;0;102
11;2025-11-29;1;3
11;2025-11-29;2;0
11;2025-11-29;3;0
11;2025-11-29;4;4
11;2025-11-29;5;195
11;2025-11-29;6;738
11;2025-11-29;7;701
11;2025-11-29;8;996
11;2025-11-29;9;1154
11;2025-11-29;10;1278
11;2025-11-29;11;1674
11;2025-11-29;12;1873
11;2025-11-29;13;1784
11;2025-11-29;14;1862
11;2025-11-29;15;1811
11;2025-11-29;16;1792
11;2025-11-29;17;1821
11;2025-11-29;18;1528
11;2025-11-29;19;1408
11;2025-11-29;20;1054
11;2025-11-29;21;742
11;2025-11-29;22;438
11;2025-11-29;23;304
11;2025-11-30;0;105
11;2025-11-30;1;12
11;2025-11-30;2;1
11;2025-11-30;3;1
11;2025-11-30;4;3
11;2025-11-30;5;127
11;2025-11-30;6;468
11;2025-11-30;7;490
11;2025-11-30;8;623
11;2025-11-30;9;864
11;2025-11-30;10;959
11;2025-11-30;11;1381
11;2025-11-30;12;1512
11;2025-11-30;13;1469
11;2025-11-30;14;1558
11;2025-11-30;15;1589
11;2025-11-30;16;1500
11;2025-11-30;17;1560
11;2025-11-30;18;1244
11;2025-11-30;19;1032
11;2025-11-30;20;838
11;2025-11-30;21;624
11;2025-11-30;22;356
11;2025-11-30;23;249
11;2025-12-01;0;72
11;2025-12-01;1;5
11;2025-12-01;2;0
11;2025-12-01;3;0
11;2025-12-01;4;2
11;2025-12-01;5;291
11;2025-12-01;6;1320
11;2025-12-01;7;2391
11;2025-12-01;8;3172
11;2025-12-01;9;2432
11;2025-12-01;10;1871
11;2025-12-01;11;1852
11;2025-12-01;12;1825
11;2025-12-01;13;1986
11;2025-12-01;14;1958
11;2025-12-01;15;2071
11;2025-12-01;16;2299
11;2025-12-01;17;2829
11;2025-12-01;18;3043
11;2025-12-01;19;2248
11;2025-12-01;20;1460
11;2025-12-01;21;859
11;2025-12-01;22;430
11;2025-12-01;23;226
11;2025-12-02;0;67
11;2025-12-02;1;3
11;2025-12-02;2;0
11;2025-12-02;3;0
11;2025-12-02;4;2
11;2025-12-02;5;287
11;2025-12-02;6;1323
11;2025-12-02;7;2418
11;2025-12-02;8;3219
11;2025-12-02;9;2455
11;2025-12-02;10;1894
11;2025-12-02;11;1841
11;2025-12-02;12;1855
11;2025-12-02;13;2032
11;2025-12-02;14;2008
11;2025-12-02;15;2100
11;2025-12-02;16;2308
11;2025-12-02;17;2860
11;2025-12-02;18;3031
11;2025-12-02;19;2227
11;2025-12-02;20;1456
11;2025-12-02;21;880
11;2025-12-02;22;437
11;2025-12-02;23;232
11;2025-12-03;0;66
11;2025-12-03;1;2
11;2025-12-03;2;0
11;2025-12-03;3;0
11;2025-12-03;4;2
11;2025-12-03;5;290
11;2025-12-03;6;1283
11;2025-12-03;7;2412
11;2025-12-03;8;3202
11;2025-12-03;9;2410
11;2025-12-03;10;1883
11;2025-12-03;11;1862
11;2025-12-03;12;1900
11;2025-12-03;13;2044
11;2025-12-03;14;1994
11;2025-12-03;15;2082
11;2025-12-03;16;2245
11;2025-12-03;17;2816
11;2025-12-03;18;3006
11;2025-12-03;19;2230
11;2025-12-03;20;1472
11;2025-12-03;21;883
11;2025-12-03;22;438
11;2025-12-03;23;243
11;2025-12-04;0;69
11;2025-12-04;1;2
11;2025-12-04;2;0
11;2025-12-04;3;0
11;2025-12-04;4;2
11;2025-12-04;5;291
11;2025-12-04;6;1294
11;2025-12-04;7;2376
11;2025-12-04;8;3126
11;2025-12-04;9;2449
11;2025-12-04;10;1940
11;2025-12-04;11;1844
11;2025-12-04;12;1907
11;2025-12-04;13;2046
11;2025-12-04;14;2000
11;2025-12-04;15;2085
11;2025-12-04;16;2287
11;2025-12-04;17;2815
11;2025-12-04;18;3024
11;2025-12-04;19;2212
11;2025-12-04;20;1454
11;2025-12-04;21;895
11;2025-12-04;22;448
11;2025-12-04;23;243
11;2025-12-05;0;73
11;2025-12-05;1;2
11;2025-12-05;2;0
11;2025-12-05;3;0
11;2025-12-05;4;2
11;2025-12-05;5;289
11;2025-12-05;6;1290
11;2025-12-05;7;2338
11;2025-12-05;8;3111
11;2025-12-05;9;2387
11;2025-12-05;10;1901
11;2025-12-05;11;1853
11;2025-12-05;12;1877
11;2025-12-05;13;2012
11;2025-12-05;14;2035
11;2025-12-05;15;2182
11;2025-12-05;16;2403
11;2025-12-05;17;2880
11;2025-12-05;18;2747
11;2025-12-05;19;2109
11;2025-12-05;20;1429
11;2025-12-05;21;880
11;2025-12-05;22;456
11;2025-12-05;23;270
11;2025-12-06;0;102
11;2025-12-06;1;3
11;2025-12-06;2;0
11;2025-12-06;3;0
11;2025-12-06;4;4
11;2025-12-06;5;195
11;2025-12-06;6;738
11;2025-12-06;7;701
11;2025-12-06;8;996
11;2025-12-06;9;1154
11;2025-12-06;10;1278
11;2025-12-06;11;1675
11;2025-12-06;12;1873
11;2025-12-06;13;1785
11;2025-12-06;14;1863
11;2025-12-06;15;1811
11;2025-12-06;16;1793
11;2025-12-06;17;1822
11;2025-12-06;18;1528
11;2025-12-06;19;1408
11;2025-12-06;20;1054
11;2025-12-06;21;742
11;2025-12-06;22;439
11;2025-12-06;23;304
11;2025-12-07;0;105
11;2025-12-07;1;12
11;2025-12-07;2;1
11;2025-12-07;3;1
11;2025-12-07;4;3
11;2025-12-07;5;127
11;2025-12-07;6;470
11;2025-12-07;7;491
11;2025-12-07;8;624
11;2025-12-07;9;866
11;2025-12-07;10;961
11;2025-12-07;11;1384
11;2025-12-07;12;1516
11;2025-12-07;13;1472
11;2025-12-07;14;1561
11;2025-12-07;15;1593
11;2025-12-07;16;1504
11;2025-12-07;17;1563
11;2025-12-07;18;1247
11;2025-12-07;19;1034
11;2025-12-07;20;840
11;2025-12-07;21;626
11;2025-12-07;22;356
11;2025-12-07;23;250
11;2025-12-08;0;72
11;2025-12-08;1;5
11;2025-12-08;2;0
11;2025-12-08;3;0
11;2025-12-08;4;2
11;2025-12-08;5;291
11;2025-12-08;6;1320
11;2025-12-08;7;2391
11;2025-12-08;8;3172
11;2025-12-08;9;2432
11;2025-12-08;10;1871
11;2025-12-08;11;1852
11;2025-12-08;12;1825
11;2025-12-08;13;1986
11;2025-12-08;14;1957
11;2025-12-08;15;2071
11;2025-12-08;16;2299
11;2025-12-08;17;2829
11;2025-12-08;18;3043
11;2025-12-08;19;2248
11;2025-12-08;20;1460
11;2025-12-08;21;859
11;2025-12-08;22;430
11;2025-12-08;23;226
11;2025-12-09;0;67
11;2025-12-09;1;3
11;2025-12-09;2;0
11;2025-12-09;3;0
11;2025-12-09;4;2
11;2025-12-09;5;287
11;2025-12-09;6;1323
11;2025-12-09;7;2418
11;2025-12-09;8;3219
11;2025-12-09;9;2455
11;2025-12-09;10;1894
11;2025-12-09;11;1841
11;2025-12-09;12;1855
11;2025-12-09;13;2032
11;2025-12-09;14;2008
11;2025-12-09;15;2100
11;2025-12-09;16;2308
11;2025-12-09;17;2860
11;2025-12-09;18;3031
11;2025-12-09;19;2227
11;2025-12-09;20;1456
11;2025-12-09;21;880
11;2025-12-09;22;436
11;2025-12-09;23;232
11;2025-12-10;0;66
11;2025-12-10;1;2
11;2025-12-10;2;0
11;2025-12-10;3;0
11;2025-12-10;4;2
11;2025-12-10;5;290
11;2025-12-10;6;1283
11;2025-12-10;7;2412
11;2025-12-10;8;3202
11;2025-12-10;9;2410
11;2025-12-10;10;1883
11;2025-12-10;11;1862
11;2025-12-10;12;1900
11;2025-12-10;13;2044
11;2025-12-10;14;1994
11;2025-12-10;15;2082
11;2025-12-10;16;2245
11;2025-12-10;17;2816
11;2025-12-10;18;3006
11;2025-12-10;19;2230
11;2025-12-10;20;1472
11;2025-12-10;21;883
11;2025-12-10;22;438
11;2025-12-10;23;243
11;2025-12-11;0;69
11;2025-12-11;1;2
11;2025-12-11;2;0
11;2025-12-11;3;0
11;2025-12-11;4;2
11;2025-12-11;5;291
11;2025-12-11;6;1294
11;2025-12-11;7;2376
11;2025-12-11;8;3125
11;2025-12-11;9;2449
11;2025-12-11;10;1940
11;2025-12-11;11;1844
11;2025-12-11;12;1907
11;2025-12-11;13;2046
11;2025-12-11;14;2000
11;2025-12-11;15;2085
11;2025-12-11;16;2287
11;2025-12-11;17;2815
11;2025-12-11;18;3023
11;2025-12-11;19;2212
11;2025-12-11;20;1454
11;2025-12-11;21;895
11;2025-12-11;22;448
11;2025-12-11;23;243
11;2025-12-12;0;73
11;2025-12-12;1;2
11;2025-12-12;2;0
11;2025-12-12;3;0
11;2025-12-12;4;2
11;2025-12-12;5;289
11;2025-12-12;6;1290
11;2025-12-12;7;2338
11;2025-12-12;8;3111
11;2025-12-12;9;2387
11;2025-12-12;10;1900
11;2025-12-12;11;1853
11;2025-12-12;12;1877
11;2025-12-12;13;2012
11;2025-12-12;14;2035
11;2025-12-12;15;2182
11;2025-12-12;16;2403
11;2025-12-12;17;2880
11;2025-12-12;18;2747
11;2025-12-12;19;2109
11;2025-12-12;20;1429
11;2025-12-12;21;880
11;2025-12-12;22;456
11;2025-12-12;23;270
11;2025-12-13;0;102
11;2025-12-13;1;3
11;2025-12-13;2;0
11;2025-12-13;3;0
11;2025-12-13;4;4
11;2025-12-13;5;195
11;2025-12-13;6;738
11;2025-12-13;7;702
11;2025-12-13;8;996
11;2025-12-13;9;1155
11;2025-12-13;10;1279
11;2025-12-13;11;1675
11;2025-12-13;12;1874
11;2025-12-13;13;1785
11;2025-12-13;14;1863
11;2025-12-13;15;1812
11;2025-12-13;16;1793
11;2025-12-13;17;1822
11;2025-12-13;18;1528
11;2025-12-13;19;1408
11;2025-12-13;20;1054
11;2025-12-13;21;742
11;2025-12-13;22;439
11;2025-12-13;23;304
11;2025-12-14;0;105
11;2025-12-14;1;12
11;2025-12-14;2;1
11;2025-12-14;3;1
11;2025-12-14;4;3
11;2025-12-14;5;127
11;2025-12-14;6;470
11;2025-12-14;7;492
11;2025-12-14;8;626
11;2025-12-14;9;868
11;2025-12-14;10;963
11;2025-12-14;11;1387
11;2025-12-14;12;1519
11;2025-12-14;13;1475
11;2025-12-14;14;1564
11;2025-12-14;15;1596
11;2025-12-14;16;1507
11;2025-12-14;17;1566
11;2025-12-14;18;1250
11;2025-12-14;19;1036
11;2025-12-14;20;842
11;2025-12-14;21;627
11;2025-12-14;22;357
11;2025-12-14;23;250
11;2025-12-15;0;72
11;2025-12-15;1;5
11;2025-12-15;2;0
11;2025-12-15;3;0
11;2025-12-15;4;2
11;2025-12-15;5;291
11;2025-12-15;6;1320
11;2025-12-15;7;2391
11;2025-12-15;8;3172
11;2025-12-15;9;2432
11;2025-12-15;10;1870
11;2025-12-15;11;1852
11;2025-12-15;12;1825
11;2025-12-15;13;1986
11;2025-12-15;14;1957
11;2025-12-15;15;2071
11;2025-12-15;16;2298
11;2025-12-15;17;2829
11;2025-12-15;18;3042
11;2025-12-15;19;2248
11;2025-12-15;20;1460
11;2025-12-15;21;859
11;2025-12-15;22;430
11;2025-12-15;23;226
11;2025-12-16;0;67
11;2025-12-16;1;3
11;2025-12-16;2;0
11;2025-12-16;3;0
11;2025-12-16;4;2
11;2025-12-16;5;287
11;2025-12-16;6;1323
11;2025-12-16;7;2418
11;2025-12-16;8;3219
11;2025-12-16;9;2455
11;2025-12-16;10;1894
11;2025-12-16;11;1841
11;2025-12-16;12;1855
11;2025-12-16;13;2032
11;2025-12-16;14;2008
11;2025-12-16;15;2100
11;2025-12-16;16;2308
11;2025-12-16;17;2860
11;2025-12-16;18;3031
11;2025-12-16;19;2227
11;2025-12-16;20;1456
11;2025-12-16;21;880
11;2025-12-16;22;436
11;2025-12-16;23;232
11;2025-12-17;0;66
11;2025-12-17;1;2
11;2025-12-17;2;0
11;2025-12-17;3;0
11;2025-12-17;4;2
11;2025-12-17;5;290
11;2025-12-17;6;1283
11;2025-12-17;7;2412
11;2025-12-17;8;3202
11;2025-12-17;9;2410
11;2025-12-17;10;1882
11;2025-12-17;11;1862
11;2025-12-17;12;1900
11;2025-12-17;13;2044
11;2025-12-17;14;1994
11;2025-12-17;15;2081
11;2025-12-17;16;2245
11;2025-12-17;17;2816
11;2025-12-17;18;3006
11;2025-12-17;19;2230
11;2025-12-17;20;1472
11;2025-12-17;21;883
11;2025-12-17;22;438
11;2025-12-17;23;243
11;2025-12-18;0;69
11;2025-12-18;1;2
11;2025-12-18;2;0
11;2025-12-18;3;0
11;2025-12-18;4;2
11;2025-12-18;5;291
11;2025-12-18;6;1294
11;2025-12-18;7;2375
11;2025-12-18;8;3125
11;2025-12-18;9;2449
11;2025-12-18;10;1940
11;2025-12-18;11;1844
11;2025-12-18;12;1907
11;2025-12-18;13;2046
11;2025-12-18;14;2000
11;2025-12-18;15;2085
11;2025-12-18;16;2287
11;2025-12-18;17;2815
11;2025-12-18;18;3023
11;2025-12-18;19;2212
11;2025-12-18;20;1454
11;2025-12-18;21;895
11;2025-12-18;22;448
11;2025-12-18;23;243
11;2025-12-19;0;73
11;2025-12-19;1;2
11;2025-12-19;2;0
11;2025-12-19;3;0
11;2025-12-19;4;2
11;2025-12-19;5;289
11;2025-12-19;6;1290
11;2025-12-19;7;2338
11;2025-12-19;8;3111
11;2025-12-19;9;2387
11;2025-12-19;10;1900
11;2025-12-19;11;1853
11;2025-12-19;12;1877
11;2025-12-19;13;2012
11;2025-12-19;14;2035
11;2025-12-19;15;2181
11;2025-12-19;16;2403
11;2025-12-19;17;2880
11;2025-12-19;18;2747
11;2025-12-19;19;2109
11;2025-12-19;20;1429
11;2025-12-19;21;880
11;2025-12-19;22;456
11;2025-12-19;23;270
11;2025-12-20;0;102
11;2025-12-20;1;3
11;2025-12-20;2;0
11;2025-12-20;3;0
11;2025-12-20;4;4
11;2025-12-20;5;195
11;2025-12-20;6;738
11;2025-12-20;7;702
11;2025-12-20;8;996
11;2025-12-20;9;1155
11;2025-12-20;10;1279
11;2025-12-20;11;1675
11;2025-12-20;12;1874
11;2025-12-20;13;1786
11;2025-12-20;14;1864
11;2025-12-20;15;1812
11;2025-12-20;16;1794
11;2025-12-20;17;1822
11;2025-12-20;18;1529
11;2025-12-20;19;1409
11;2025-12-20;20;1054
11;2025-12-20;21;742
11;2025-12-20;22;439
11;2025-12-20;23;304
11;2025-12-21;0;105
11;2025-12-21;1;12
11;2025-12-21;2;1
11;2025-12-21;3;1
11;2025-12-21;4;3
11;2025-12-21;5;127
11;2025-12-21;6;471
11;2025-12-21;7;493
11;2025-12-21;8;627
11;2025-12-21;9;869
11;2025-12-21;10;965
11;2025-12-21;11;1390
11;2025-12-21;12;1521
11;2025-12-21;13;1478
11;2025-12-21;14;1567
11;2025-12-21;15;1599
11;2025-12-21;16;1510
11;2025-12-21;17;1569
11;2025-12-21;18;1252
11;2025-12-21;19;1038
11;2025-12-21;20;844
11;2025-12-21;21;628
11;2025-12-21;22;358
11;2025-12-21;23;251
11;2025-12-22;0;72
11;2025-12-22;1;5
11;2025-12-22;2;0
11;2025-12-22;3;0
11;2025-12-22;4;2
11;2025-12-22;5;291
11;2025-12-22;6;1320
11;2025-12-22;7;2391
11;2025-12-22;8;3172
11;2025-12-22;9;2432
11;2025-12-22;10;1870
11;2025-12-22;11;1852
11;2025-12-22;12;1825
11;2025-12-22;13;1986
11;2025-12-22;14;1957
11;2025-12-22;15;2071
11;2025-12-22;16;2298
11;2025-12-22;17;2829
11;2025-12-22;18;3042
11;2025-12-22;19;2248
11;2025-12-22;20;1460
11;2025-12-22;21;859
11;2025-12-22;22;430
11;2025-12-22;23;226
11;2025-12-23;0;67
11;2025-12-23;1;3
11;2025-12-23;2;0
11;2025-12-23;3;0
11;2025-12-23;4;2
11;2025-12-23;5;287
11;2025-12-23;6;1323
11;2025-12-23;7;2418
11;2025-12-23;8;3219
11;2025-12-23;9;2455
11;2025-12-23;10;1894
11;2025-12-23;11;1841
11;2025-12-23;12;1854
11;2025-12-23;13;2031
11;2025-12-23;14;2008
11;2025-12-23;15;2100
11;2025-12-23;16;2308
11;2025-12-23;17;2860
11;2025-12-23;18;3031
11;2025-12-23;19;2227
11;2025-12-23;20;1456
11;2025-12-23;21;879
11;2025-12-23;22;436
11;2025-12-23;23;232
11;2025-12-24;0;66
11;2025-12-24;1;2
11;2025-12-24;2;0
11;2025-12-24;3;0
11;2025-12-24;4;2
11;2025-12-24;5;290
11;2025-12-24;6;1283
11;2025-12-24;7;2412
11;2025-12-24;8;3202
11;2025-12-24;9;2410
11;2025-12-24;10;1882
11;2025-12-24;11;1862
11;2025-12-24;12;1900
11;2025-12-24;13;2044
11;2025-12-24;14;1994
11;2025-12-24;15;2081
11;2025-12-24;16;2244
11;2025-12-24;17;2816
11;2025-12-24;18;3006
11;2025-12-24;19;2230
11;2025-12-24;20;1472
11;2025-12-24;21;883
11;2025-12-24;22;438
11;2025-12-24;23;243
11;2025-12-25;0;69
11;2025-12-25;1;2
11;2025-12-25;2;0
11;2025-12-25;3;0
11;2025-12-25;4;2
11;2025-12-25;5;291
11;2025-12-25;6;1294
11;2025-12-25;7;2375
11;2025-12-25;8;3125
11;2025-12-25;9;2449
11;2025-12-25;10;1940
11;2025-12-25;11;1844
11;2025-12-25;12;1906
11;2025-12-25;13;2046
11;2025-12-25;14;2000
11;2025-12-25;15;2085
11;2025-12-25;16;2287
11;2025-12-25;17;2815
11;2025-12-25;18;3023
11;2025-12-25;19;2212
11;2025-12-25;20;1454
11;2025-12-25;21;895
11;2025-12-25;22;448
11;2025-12-25;23;243
11;2025-12-26;0;73
11;2025-12-26;1;2
11;2025-12-26;2;0
11;2025-12-26;3;0
11;2025-12-26;4;2
11;2025-12-26;5;289
11;2025-12-26;6;1289
11;2025-12-26;7;2338
11;2025-12-26;8;3111
11;2025-12-26;9;2387
11;2025-12-26;10;1900
11;2025-12-26;11;1853
11;2025-12-26;12;1877
11;2025-12-26;13;2012
11;2025-12-26;14;2035
11;2025-12-26;15;2181
11;2025-12-26;16;2403
11;2025-12-26;17;2880
11;2025-12-26;18;2746
11;2025-12-26;19;2109
11;2025-12-26;20;1429
11;2025-12-26;21;880
11;2025-12-26;22;456
11;2025-12-26;23;270
11;2025-12-27;0;102
11;2025-12-27;1;3
11;2025-12-27;2;0
11;2025-12-27;3;0
11;2025-12-27;4;4
11;2025-12-27;5;195
11;2025-12-27;6;738
11;2025-12-27;7;702
11;2025-12-27;8;996
11;2025-12-27;9;1155
11;2025-12-27;10;1279
11;2025-12-27;11;1676
11;2025-12-27;12;1874
11;2025-12-27;13;1786
11;2025-12-27;14;1864
11;2025-12-27;15;1812
11;2025-12-27;16;1794
11;2025-12-27;17;1823
11;2025-12-27;18;1529
11;2025-12-27;19;1409
11;2025-12-27;20;1055
11;2025-12-27;21;742
11;2025-12-27;22;439
11;2025-12-27;23;304
11;2025-12-28;0;105
11;2025-12-28;1;12
11;2025-12-28;2;1
11;2025-12-28;3;1
11;2025-12-28;4;3
11;2025-12-28;5;128
11;2025-12-28;6;472
11;2025-12-28;7;494
11;2025-12-28;8;628
11;2025-12-28;9;871
11;2025-12-28;10;967
11;2025-12-28;11;1392
11;2025-12-28;12;1524
11;2025-12-28;13;1480
11;2025-12-28;14;1570
11;2025-12-28;15;1602
11;2025-12-28;16;1512
11;2025-12-28;17;1572
11;2025-12-28;18;1254
11;2025-12-28;19;1040
11;2025-12-28;20;845
11;2025-12-28;21;629
11;2025-12-28;22;358
11;2025-12-28;23;251
11;2025-12-29;0;72
11;2025-12-29;1;5
11;2025-12-29;2;0
11;2025-12-29;3;0
11;2025-12-29;4;2
11;2025-12-29;5;291
11;2025-12-29;6;1320
11;2025-12-29;7;2391
11;2025-12-29;8;3172
11;2025-12-29;9;2432
11;2025-12-29;10;1870
11;2025-12-29;11;1852
11;2025-12-29;12;1825
11;2025-12-29;13;1986
11;2025-12-29;14;1957
11;2025-12-29;15;2071
11;2025-12-29;16;2298
11;2025-12-29;17;2829
11;2025-12-29;18;3042
11;2025-12-29;19;2248
11;2025-12-29;20;1460
11;2025-12-29;21;859
11;2025-12-29;22;430
11;2025-12-29;23;226
11;2025-12-30;0;67
11;2025-12-30;1;3
11;2025-12-30;2;0
11;2025-12-30;3;0
11;2025-12-30;4;2
11;2025-12-30;5;287
11;2025-12-30;6;1323
11;2025-12-30;7;2418
11;2025-12-30;8;3218
11;2025-12-30;9;2455
11;2025-12-30;10;1894
11;2025-12-30;11;1841
11;2025-12-30;12;1854
11;2025-12-30;13;2031
11;2025-12-30;14;2008
11;2025-12-30;15;2100
11;2025-12-30;16;2308
11;2025-12-30;17;2860
11;2025-12-30;18;3031
11;2025-12-30;19;2227
11;2025-12-30;20;1456
11;2025-12-30;21;879
11;2025-12-30;22;436
11;2025-12-30;23;232
11;2025-12-31;0;102
11;2025-12-31;1;12
11;2025-12-31;2;1
11;2025-12-31;3;1
11;2025-12-31;4;3
11;2025-12-31;5;133
11;2025-12-31;6;476
11;2025-12-31;7;489
11;2025-12-31;8;618
11;2025-12-31;9;840
11;2025-12-31;10;927
11;2025-12-31;11;1343
11;2025-12-31;12;1473
11;2025-12-31;13;1430
11;2025-12-31;14;1534
11;2025-12-31;15;1570
11;2025-12-31;16;1483
11;2025-12-31;17;1520
11;2025-12-31;18;1240
11;2025-12-31;19;1050
11;2025-12-31;20;853
11;2025-12-31;21;638
11;2025-12-31;22;362
11;2025-12-31;23;256
12;2025-11-01;0;56
12;2025-11-01;1;2
12;2025-11-01;2;0
12;2025-11-01;3;0
12;2025-11-01;4;6
12;2025-11-01;5;335
12;2025-11-01;6;1407
12;2025-11-01;7;2759
12;2025-11-01;8;3660
12;2025-11-01;9;2525
12;2025-11-01;10;2080
12;2025-11-01;11;2047
12;2025-11-01;12;2099
12;2025-11-01;13;2096
12;2025-11-01;14;2095
12;2025-11-01;15;2347
12;2025-11-01;16;2856
12;2025-11-01;17;3099
12;2025-11-01;18;3158
12;2025-11-01;19;2465
12;2025-11-01;20;1559
12;2025-11-01;21;947
12;2025-11-01;22;501
12;2025-11-01;23;265
12;2025-11-02;0;83
12;2025-11-02;1;7
12;2025-11-02;2;0
12;2025-11-02;3;0
12;2025-11-02;4;2
12;2025-11-02;5;149
12;2025-11-02;6;506
12;2025-11-02;7;624
12;2025-11-02;8;703
12;2025-11-02;9;900
12;2025-11-02;10;1107
12;2025-11-02;11;1234
12;2025-11-02;12;1311
12;2025-11-02;13;1550
12;2025-11-02;14;1450
12;2025-11-02;15;1356
12;2025-11-02;16;1428
12;2025-11-02;17;1435
12;2025-11-02;18;1242
12;2025-11-02;19;993
12;2025-11-02;20;739
12;2025-11-02;21;585
12;2025-11-02;22;386
12;2025-11-02;23;207
12;2025-11-03;0;80
12;2025-11-03;1;6
12;2025-11-03;2;0
12;2025-11-03;3;0
12;2025-11-03;4;2
12;2025-11-03;5;149
12;2025-11-03;6;514
12;2025-11-03;7;623
12;2025-11-03;8;691
12;2025-11-03;9;875
12;2025-11-03;10;1067
12;2025-11-03;11;1198
12;2025-11-03;12;1280
12;2025-11-03;13;1520
12;2025-11-03;14;1423
12;2025-11-03;15;1328
12;2025-11-03;16;1396
12;2025-11-03;17;1388
12;2025-11-03;18;1233
12;2025-11-03;19;1002
12;2025-11-03;20;744
12;2025-11-03;21;588
12;2025-11-03;22;388
12;2025-11-03;23;209
12;2025-11-04;0;80
12;2025-11-04;1;6
12;2025-11-04;2;0
12;2025-11-04;3;0
12;2025-11-04;4;2
12;2025-11-04;5;149
12;2025-11-04;6;514
12;2025-11-04;7;623
12;2025-11-04;8;691
12;2025-11-04;9;875
12;2025-11-04;10;1067
12;2025-11-04;11;1198
12;2025-11-04;12;1280
12;2025-11-04;13;1520
12;2025-11-04;14;1423
12;2025-11-04;15;1328
12;2025-11-04;16;1397
12;2025-11-04;17;1388
12;2025-11-04;18;1233
12;2025-11-04;19;1002
12;2025-11-04;20;744
12;2025-11-04;21;588
12;2025-11-04;22;388
12;2025-11-04;23;209
12;2025-11-05;0;55
12;2025-11-05;1;2
12;2025-11-05;2;0
12;2025-11-05;3;0
12;2025-11-05;4;6
12;2025-11-05;5;333
12;2025-11-05;6;1405
12;2025-11-05;7;2706
12;2025-11-05;8;3573
12;2025-11-05;9;2528
12;2025-11-05;10;2082
12;2025-11-05;11;2041
12;2025-11-05;12;2078
12;2025-11-05;13;2089
12;2025-11-05;14;2083
12;2025-11-05;15;2311
12;2025-11-05;16;2802
12;2025-11-05;17;3046
12;2025-11-05;18;3147
12;2025-11-05;19;2453
12;2025-11-05;20;1533
12;2025-11-05;21;952
12;2025-11-05;22;504
12;2025-11-05;23;264
12;2025-11-06;0;54
12;2025-11-06;1;2
12;2025-11-06;2;0
12;2025-11-06;3;0
12;2025-11-06;4;6
12;2025-11-06;5;326
12;2025-11-06;6;1369
12;2025-11-06;7;2698
12;2025-11-06;8;3574
12;2025-11-06;9;2457
12;2025-11-06;10;2045
12;2025-11-06;11;2027
12;2025-11-06;12;2086
12;2025-11-06;13;2078
12;2025-11-06;14;2081
12;2025-11-06;15;2308
12;2025-11-06;16;2799
12;2025-11-06;17;3063
12;2025-11-06;18;3140
12;2025-11-06;19;2464
12;2025-11-06;20;1553
12;2025-11-06;21;932
12;2025-11-06;22;499
12;2025-11-06;23;267
12;2025-11-07;0;57
12;2025-11-07;1;3
12;2025-11-07;2;0
12;2025-11-07;3;0
12;2025-11-07;4;5
12;2025-11-07;5;323
12;2025-11-07;6;1370
12;2025-11-07;7;2668
12;2025-11-07;8;3515
12;2025-11-07;9;2427
12;2025-11-07;10;2000
12;2025-11-07;11;2010
12;2025-11-07;12;2052
12;2025-11-07;13;2069
12;2025-11-07;14;2107
12;2025-11-07;15;2370
12;2025-11-07;16;2932
12;2025-11-07;17;3019
12;2025-11-07;18;2853
12;2025-11-07;19;2319
12;2025-11-07;20;1513
12;2025-11-07;21;955
12;2025-11-07;22;516
12;2025-11-07;23;284
12;2025-11-08;0;86
12;2025-11-08;1;5
12;2025-11-08;2;0
12;2025-11-08;3;0
12;2025-11-08;4;3
12;2025-11-08;5;231
12;2025-11-08;6;798
12;2025-11-08;7;878
12;2025-11-08;8;995
12;2025-11-08;9;1190
12;2025-11-08;10;1430
12;2025-11-08;11;1512
12;2025-11-08;12;1519
12;2025-11-08;13;1763
12;2025-11-08;14;1650
12;2025-11-08;15;1549
12;2025-11-08;16;1618
12;2025-11-08;17;1545
12;2025-11-08;18;1497
12;2025-11-08;19;1387
12;2025-11-08;20;972
12;2025-11-08;21;706
12;2025-11-08;22;420
12;2025-11-08;23;290
12;2025-11-09;0;84
12;2025-11-09;1;7
12;2025-11-09;2;0
12;2025-11-09;3;0
12;2025-11-09;4;2
12;2025-11-09;5;149
12;2025-11-09;6;506
12;2025-11-09;7;625
12;2025-11-09;8;704
12;2025-11-09;9;900
12;2025-11-09;10;1108
12;2025-11-09;11;1235
12;2025-11-09;12;1312
12;2025-11-09;13;1552
12;2025-11-09;14;1452
12;2025-11-09;15;1357
12;2025-11-09;16;1429
12;2025-11-09;17;1436
12;2025-11-09;18;1243
12;2025-11-09;19;994
12;2025-11-09;20;740
12;2025-11-09;21;586
12;2025-11-09;22;386
12;2025-11-09;23;207
12;2025-11-10;0;61
12;2025-11-10;1;3
12;2025-11-10;2;0
12;2025-11-10;3;0
12;2025-11-10;4;6
12;2025-11-10;5;332
12;2025-11-10;6;1389
12;2025-11-10;7;2712
12;2025-11-10;8;3585
12;2025-11-10;9;2490
12;2025-11-10;10;2015
12;2025-11-10;11;1966
12;2025-11-10;12;2053
12;2025-11-10;13;2038
12;2025-11-10;14;2023
12;2025-11-10;15;2285
12;2025-11-10;16;2769
12;2025-11-10;17;3042
12;2025-11-10;18;3168
12;2025-11-10;19;2438
12;2025-11-10;20;1555
12;2025-11-10;21;921
12;2025-11-10;22;476
12;2025-11-10;23;251
12;2025-11-11;0;53
12;2025-11-11;1;2
12;2025-11-11;2;0
12;2025-11-11;3;0
12;2025-11-11;4;6
12;2025-11-11;5;336
12;2025-11-11;6;1402
12;2025-11-11;7;2758
12;2025-11-11;8;3696
12;2025-11-11;9;2528
12;2025-11-11;10;2092
12;2025-11-11;11;2050
12;2025-11-11;12;2079
12;2025-11-11;13;2099
12;2025-11-11;14;2081
12;2025-11-11;15;2295
12;2025-11-11;16;2815
12;2025-11-11;17;3085
12;2025-11-11;18;3186
12;2025-11-11;19;2488
12;2025-11-11;20;1547
12;2025-11-11;21;927
12;2025-11-11;22;491
12;2025-11-11;23;254
12;2025-11-12;0;55
12;2025-11-12;1;2
12;2025-11-12;2;0
12;2025-11-12;3;0
12;2025-11-12;4;6
12;2025-11-12;5;333
12;2025-11-12;6;1403
12;2025-11-12;7;2703
12;2025-11-12;8;3570
12;2025-11-12;9;2525
12;2025-11-12;10;2080
12;2025-11-12;11;2039
12;2025-11-12;12;2076
12;2025-11-12;13;2087
12;2025-11-12;14;2081
12;2025-11-12;15;2308
12;2025-11-12;16;2800
12;2025-11-12;17;3043
12;2025-11-12;18;3144
12;2025-11-12;19;2451
12;2025-11-12;20;1531
12;2025-11-12;21;951
12;2025-11-12;22;503
12;2025-11-12;23;264
12;2025-11-13;0;54
12;2025-11-13;1;2
12;2025-11-13;2;0
12;2025-11-13;3;0
12;2025-11-13;4;6
12;2025-11-13;5;326
12;2025-11-13;6;1368
12;2025-11-13;7;2695
12;2025-11-13;8;3571
12;2025-11-13;9;2455
12;2025-11-13;10;2043
12;2025-11-13;11;2025
12;2025-11-13;12;2084
12;2025-11-13;13;2076
12;2025-11-13;14;2079
12;2025-11-13;15;2306
12;2025-11-13;16;2796
12;2025-11-13;17;3060
12;2025-11-13;18;3137
12;2025-11-13;19;2462
12;2025-11-13;20;1551
12;2025-11-13;21;931
12;2025-11-13;22;498
12;2025-11-13;23;267
12;2025-11-14;0;57
12;2025-11-14;1;3
12;2025-11-14;2;0
12;2025-11-14;3;0
12;2025-11-14;4;5
12;2025-11-14;5;323
12;2025-11-14;6;1368
12;2025-11-14;7;2666
12;2025-11-14;8;3511
12;2025-11-14;9;2424
12;2025-11-14;10;1998
12;2025-11-14;11;2008
12;2025-11-14;12;2050
12;2025-11-14;13;2067
12;2025-11-14;14;2105
12;2025-11-14;15;2367
12;2025-11-14;16;2929
12;2025-11-14;17;3016
12;2025-11-14;18;2851
12;2025-11-14;19;2317
12;2025-11-14;20;1512
12;2025-11-14;21;954
12;2025-11-14;22;516
12;2025-11-14;23;283
12;2025-11-15;0;86
12;2025-11-15;1;5
12;2025-11-15;2;0
12;2025-11-15;3;0
12;2025-11-15;4;3
12;2025-11-15;5;230
12;2025-11-15;6;797
12;2025-11-15;7;877
12;2025-11-15;8;994
12;2025-11-15;9;1189
12;2025-11-15;10;1428
12;2025-11-15;11;1511
12;2025-11-15;12;1518
12;2025-11-15;13;1761
12;2025-11-15;14;1649
12;2025-11-15;15;1548
12;2025-11-15;16;1617
12;2025-11-15;17;1544
12;2025-11-15;18;1496
12;2025-11-15;19;1386
12;2025-11-15;20;971
12;2025-11-15;21;705
12;2025-11-15;22;420
12;2025-11-15;23;289
12;2025-11-16;0;84
12;2025-11-16;1;7
12;2025-11-16;2;0
12;2025-11-16;3;0
12;2025-11-16;4;2
12;2025-11-16;5;149
12;2025-11-16;6;507
12;2025-11-16;7;625
12;2025-11-16;8;705
12;2025-11-16;9;901
12;2025-11-16;10;1109
12;2025-11-16;11;1236
12;2025-11-16;12;1314
12;2025-11-16;13;1553
12;2025-11-16;14;1453
12;2025-11-16;15;1358
12;2025-11-16;16;1430
12;2025-11-16;17;1437
12;2025-11-16;18;1244
12;2025-11-16;19;995
12;2025-11-16;20;741
12;2025-11-16;21;586
12;2025-11-16;22;387
12;2025-11-16;23;207
12;2025-11-17;0;61
12;2025-11-17;1;3
12;2025-11-17;2;0
12;2025-11-17;3;0
12;2025-11-17;4;6
12;2025-11-17;5;331
12;2025-11-17;6;1387
12;2025-11-17;7;2710
12;2025-11-17;8;3582
12;2025-11-17;9;2487
12;2025-11-17;10;2014
12;2025-11-17;11;1964
12;2025-11-17;12;2051
12;2025-11-17;13;2036
12;2025-11-17;14;2022
12;2025-11-17;15;2283
12;2025-11-17;16;2767
12;2025-11-17;17;3040
12;2025-11-17;18;3165
12;2025-11-17;19;2436
12;2025-11-17;20;1554
12;2025-11-17;21;921
12;2025-11-17;22;475
12;2025-11-17;23;251
12;2025-11-18;0;52
12;2025-11-18;1;2
12;2025-11-18;2;0
12;2025-11-18;3;0
12;2025-11-18;4;6
12;2025-11-18;5;336
12;2025-11-18;6;1401
12;2025-11-18;7;2756
12;2025-11-18;8;3692
12;2025-11-18;9;2525
12;2025-11-18;10;2090
12;2025-11-18;11;2048
12;2025-11-18;12;2077
12;2025-11-18;13;2097
12;2025-11-18;14;2080
12;2025-11-18;15;2293
12;2025-11-18;16;2813
12;2025-11-18;17;3082
12;2025-11-18;18;3183
12;2025-11-18;19;2486
12;2025-11-18;20;1545
12;2025-11-18;21;926
12;2025-11-18;22;491
12;2025-11-18;23;253
12;2025-11-19;0;55
12;2025-11-19;1;2
12;2025-11-19;2;0
12;2025-11-19;3;0
12;2025-11-19;4;6
12;2025-11-19;5;333
12;2025-11-19;6;1402
12;2025-11-19;7;2701
12;2025-11-19;8;3567
12;2025-11-19;9;2523
12;2025-11-19;10;2078
12;2025-11-19;11;2037
12;2025-11-19;12;2074
12;2025-11-19;13;2086
12;2025-11-19;14;2079
12;2025-11-19;15;2306
12;2025-11-19;16;2797
12;2025-11-19;17;3041
12;2025-11-19;18;3141
12;2025-11-19;19;2448
12;2025-11-19;20;1530
12;2025-11-19;21;950
12;2025-11-19;22;503
12;2025-11-19;23;264
12;2025-11-20;0;54
12;2025-11-20;1;2
12;2025-11-20;2;0
12;2025-11-20;3;0
12;2025-11-20;4;6
12;2025-11-20;5;325
12;2025-11-20;6;1367
12;2025-11-20;7;2693
12;2025-11-20;8;3568
12;2025-11-20;9;2452
12;2025-11-20;10;2041
12;2025-11-20;11;2024
12;2025-11-20;12;2082
12;2025-11-20;13;2074
12;2025-11-20;14;2077
12;2025-11-20;15;2304
12;2025-11-20;16;2794
12;2025-11-20;17;3057
12;2025-11-20;18;3134
12;2025-11-20;19;2460
12;2025-11-20;20;1550
12;2025-11-20;21;930
12;2025-11-20;22;498
12;2025-11-20;23;267
12;2025-11-21;0;57
12;2025-11-21;1;3
12;2025-11-21;2;0
12;2025-11-21;3;0
12;2025-11-21;4;5
12;2025-11-21;5;323
12;2025-11-21;6;1367
12;2025-11-21;7;2664
12;2025-11-21;8;3508
12;2025-11-21;9;2422
12;2025-11-21;10;1997
12;2025-11-21;11;2007
12;2025-11-21;12;2048
12;2025-11-21;13;2065
12;2025-11-21;14;2103
12;2025-11-21;15;2365
12;2025-11-21;16;2927
12;2025-11-21;17;3014
12;2025-11-21;18;2848
12;2025-11-21;19;2315
12;2025-11-21;20;1510
12;2025-11-21;21;953
12;2025-11-21;22;515
12;2025-11-21;23;283
12;2025-11-22;0;85
12;2025-11-22;1;5
12;2025-11-22;2;0
12;2025-11-22;3;0
12;2025-11-22;4;3
12;2025-11-22;5;230
12;2025-11-22;6;796
12;2025-11-22;7;876
12;2025-11-22;8;993
12;2025-11-22;9;1188
12;2025-11-22;10;1427
12;2025-11-22;11;1510
12;2025-11-22;12;1516
12;2025-11-22;13;1760
12;2025-11-22;14;1648
12;2025-11-22;15;1547
12;2025-11-22;16;1615
12;2025-11-22;17;1542
12;2025-11-22;18;1495
12;2025-11-22;19;1384
12;2025-11-22;20;970
12;2025-11-22;21;705
12;2025-11-22;22;420
12;2025-11-22;23;289
12;2025-11-23;0;84
12;2025-11-23;1;7
12;2025-11-23;2;0
12;2025-11-23;3;0
12;2025-11-23;4;2
12;2025-11-23;5;150
12;2025-11-23;6;507
12;2025-11-23;7;626
12;2025-11-23;8;705
12;2025-11-23;9;902
12;2025-11-23;10;1110
12;2025-11-23;11;1237
12;2025-11-23;12;1315
12;2025-11-23;13;1554
12;2025-11-23;14;1454
12;2025-11-23;15;1359
12;2025-11-23;16;1431
12;2025-11-23;17;1438
12;2025-11-23;18;1245
12;2025-11-23;19;996
12;2025-11-23;20;741
12;2025-11-23;21;587
12;2025-11-23;22;387
12;2025-11-23;23;207
12;2025-11-24;0;61
12;2025-11-24;1;3
12;2025-11-24;2;0
12;2025-11-24;3;0
12;2025-11-24;4;6
12;2025-11-24;5;331
12;2025-11-24;6;1386
12;2025-11-24;7;2707
12;2025-11-24;8;3579
12;2025-11-24;9;2485
12;2025-11-24;10;2012
12;2025-11-24;11;1962
12;2025-11-24;12;2049
12;2025-11-24;13;2034
12;2025-11-24;14;2020
12;2025-11-24;15;2281
12;2025-11-24;16;2764
12;2025-11-24;17;3037
12;2025-11-24;18;3162
12;2025-11-24;19;2434
12;2025-11-24;20;1552
12;2025-11-24;21;920
12;2025-11-24;22;475
12;2025-11-24;23;251
12;2025-11-25;0;52
12;2025-11-25;1;2
12;2025-11-25;2;0
12;2025-11-25;3;0
12;2025-11-25;4;6
12;2025-11-25;5;336
12;2025-11-25;6;1400
12;2025-11-25;7;2753
12;2025-11-25;8;3689
12;2025-11-25;9;2523
12;2025-11-25;10;2088
12;2025-11-25;11;2046
12;2025-11-25;12;2075
12;2025-11-25;13;2095
12;2025-11-25;14;2078
12;2025-11-25;15;2291
12;2025-11-25;16;2811
12;2025-11-25;17;3080
12;2025-11-25;18;3181
12;2025-11-25;19;2484
12;2025-11-25;20;1544
12;2025-11-25;21;925
12;2025-11-25;22;491
12;2025-11-25;23;253
12;2025-11-26;0;55
12;2025-11-26;1;2
12;2025-11-26;2;0
12;2025-11-26;3;0
12;2025-11-26;4;6
12;2025-11-26;5;332
12;2025-11-26;6;1401
12;2025-11-26;7;2698
12;2025-11-26;8;3564
12;2025-11-26;9;2521
12;2025-11-26;10;2077
12;2025-11-26;11;2036
12;2025-11-26;12;2073
12;2025-11-26;13;2084
12;2025-11-26;14;2077
12;2025-11-26;15;2305
12;2025-11-26;16;2795
12;2025-11-26;17;3038
12;2025-11-26;18;3139
12;2025-11-26;19;2446
12;2025-11-26;20;1529
12;2025-11-26;21;949
12;2025-11-26;22;502
12;2025-11-26;23;263
12;2025-11-27;0;54
12;2025-11-27;1;2
12;2025-11-27;2;0
12;2025-11-27;3;0
12;2025-11-27;4;6
12;2025-11-27;5;325
12;2025-11-27;6;1366
12;2025-11-27;7;2691
12;2025-11-27;8;3565
12;2025-11-27;9;2450
12;2025-11-27;10;2040
12;2025-11-27;11;2022
12;2025-11-27;12;2081
12;2025-11-27;13;2072
12;2025-11-27;14;2076
12;2025-11-27;15;2302
12;2025-11-27;16;2791
12;2025-11-27;17;3055
12;2025-11-27;18;3132
12;2025-11-27;19;2458
12;2025-11-27;20;1549
12;2025-11-27;21;929
12;2025-11-27;22;497
12;2025-11-27;23;267
12;2025-11-28;0;57
12;2025-11-28;1;3
12;2025-11-28;2;0
12;2025-11-28;3;0
12;2025-11-28;4;5
12;2025-11-28;5;322
12;2025-11-28;6;1366
12;2025-11-28;7;2661
12;2025-11-28;8;3506
12;2025-11-28;9;2420
12;2025-11-28;10;1995
12;2025-11-28;11;2005
12;2025-11-28;12;2047
12;2025-11-28;13;2064
12;2025-11-28;14;2102
12;2025-11-28;15;2363
12;2025-11-28;16;2925
12;2025-11-28;17;3011
12;2025-11-28;18;2846
12;2025-11-28;19;2313
12;2025-11-28;20;1509
12;2025-11-28;21;952
12;2025-11-28;22;515
12;2025-11-28;23;283
12;2025-11-29;0;85
12;2025-11-29;1;5
12;2025-11-29;2;0
12;2025-11-29;3;0
12;2025-11-29;4;3
12;2025-11-29;5;230
12;2025-11-29;6;796
12;2025-11-29;7;876
12;2025-11-29;8;993
12;2025-11-29;9;1187
12;2025-11-29;10;1426
12;2025-11-29;11;1509
12;2025-11-29;12;1515
12;2025-11-29;13;1758
12;2025-11-29;14;1646
12;2025-11-29;15;1545
12;2025-11-29;16;1614
12;2025-11-29;17;1541
12;2025-11-29;18;1494
12;2025-11-29;19;1383
12;2025-11-29;20;970
12;2025-11-29;21;704
12;2025-11-29;22;419
12;2025-11-29;23;289
12;2025-11-30;0;84
12;2025-11-30;1;7
12;2025-11-30;2;0
12;2025-11-30;3;0
12;2025-11-30;4;2
12;2025-11-30;5;150
12;2025-11-30;6;508
12;2025-11-30;7;626
12;2025-11-30;8;706
12;2025-11-30;9;902
12;2025-11-30;10;1110
12;2025-11-30;11;1238
12;2025-11-30;12;1316
12;2025-11-30;13;1555
12;2025-11-30;14;1455
12;2025-11-30;15;1360
12;2025-11-30;16;1432
12;2025-11-30;17;1439
12;2025-11-30;18;1246
12;2025-11-30;19;997
12;2025-11-30;20;742
12;2025-11-30;21;587
12;2025-11-30;22;387
12;2025-11-30;23;207
12;2025-12-01;0;61
12;2025-12-01;1;3
12;2025-12-01;2;0
12;2025-12-01;3;0
12;2025-12-01;4;6
12;2025-12-01;5;331
12;2025-12-01;6;1385
12;2025-12-01;7;2705
12;2025-12-01;8;3576
12;2025-12-01;9;2484
12;2025-12-01;10;2010
12;2025-12-01;11;1961
12;2025-12-01;12;2048
12;2025-12-01;13;2033
12;2025-12-01;14;2018
12;2025-12-01;15;2279
12;2025-12-01;16;2762
12;2025-12-01;17;3035
12;2025-12-01;18;3160
12;2025-12-01;19;2432
12;2025-12-01;20;1551
12;2025-12-01;21;919
12;2025-12-01;22;475
12;2025-12-01;23;251
12;2025-12-02;0;52
12;2025-12-02;1;2
12;2025-12-02;2;0
12;2025-12-02;3;0
12;2025-12-02;4;6
12;2025-12-02;5;335
12;2025-12-02;6;1399
12;2025-12-02;7;2751
12;2025-12-02;8;3687
12;2025-12-02;9;2521
12;2025-12-02;10;2086
12;2025-12-02;11;2045
12;2025-12-02;12;2074
12;2025-12-02;13;2093
12;2025-12-02;14;2076
12;2025-12-02;15;2290
12;2025-12-02;16;2808
12;2025-12-02;17;3078
12;2025-12-02;18;3178
12;2025-12-02;19;2482
12;2025-12-02;20;1543
12;2025-12-02;21;925
12;2025-12-02;22;490
12;2025-12-02;23;253
12;2025-12-03;0;55
12;2025-12-03;1;2
12;2025-12-03;2;0
12;2025-12-03;3;0
12;2025-12-03;4;6
12;2025-12-03;5;332
12;2025-12-03;6;1400
12;2025-12-03;7;2696
12;2025-12-03;8;3561
12;2025-12-03;9;2519
12;2025-12-03;10;2075
12;2025-12-03;11;2034
12;2025-12-03;12;2071
12;2025-12-03;13;2082
12;2025-12-03;14;2075
12;2025-12-03;15;2303
12;2025-12-03;16;2793
12;2025-12-03;17;3036
12;2025-12-03;18;3136
12;2025-12-03;19;2445
12;2025-12-03;20;1528
12;2025-12-03;21;948
12;2025-12-03;22;502
12;2025-12-03;23;263
12;2025-12-04;0;54
12;2025-12-04;1;2
12;2025-12-04;2;0
12;2025-12-04;3;0
12;2025-12-04;4;6
12;2025-12-04;5;325
12;2025-12-04;6;1364
12;2025-12-04;7;2689
12;2025-12-04;8;3562
12;2025-12-04;9;2449
12;2025-12-04;10;2038
12;2025-12-04;11;2021
12;2025-12-04;12;2079
12;2025-12-04;13;2071
12;2025-12-04;14;2074
12;2025-12-04;15;2301
12;2025-12-04;16;2789
12;2025-12-04;17;3053
12;2025-12-04;18;3130
12;2025-12-04;19;2456
12;2025-12-04;20;1548
12;2025-12-04;21;929
12;2025-12-04;22;497
12;2025-12-04;23;266
12;2025-12-05;0;57
12;2025-12-05;1;3
12;2025-12-05;2;0
12;2025-12-05;3;0
12;2025-12-05;4;5
12;2025-12-05;5;322
12;2025-12-05;6;1365
12;2025-12-05;7;2660
12;2025-12-05;8;3503
12;2025-12-05;9;2419
12;2025-12-05;10;1994
12;2025-12-05;11;2004
12;2025-12-05;12;2045
12;2025-12-05;13;2062
12;2025-12-05;14;2100
12;2025-12-05;15;2362
12;2025-12-05;16;2922
12;2025-12-05;17;3009
12;2025-12-05;18;2844
12;2025-12-05;19;2311
12;2025-12-05;20;1508
12;2025-12-05;21;952
12;2025-12-05;22;514
12;2025-12-05;23;283
12;2025-12-06;0;85
12;2025-12-06;1;5
12;2025-12-06;2;0
12;2025-12-06;3;0
12;2025-12-06;4;3
12;2025-12-06;5;230
12;2025-12-06;6;795
12;2025-12-06;7;875
12;2025-12-06;8;992
12;2025-12-06;9;1186
12;2025-12-06;10;1425
12;2025-12-06;11;1507
12;2025-12-06;12;1514
12;2025-12-06;13;1757
12;2025-12-06;14;1645
12;2025-12-06;15;1544
12;2025-12-06;16;1613
12;2025-12-06;17;1540
12;2025-12-06;18;1492
12;2025-12-06;19;1382
12;2025-12-06;20;969
12;2025-12-06;21;704
12;2025-12-06;22;419
12;2025-12-06;23;289
12;2025-12-07;0;84
12;2025-12-07;1;7
12;2025-12-07;2;0
12;2025-12-07;3;0
12;2025-12-07;4;2
12;2025-12-07;5;150
12;2025-12-07;6;508
12;2025-12-07;7;627
12;2025-12-07;8;706
12;2025-12-07;9;903
12;2025-12-07;10;1111
12;2025-12-07;11;1239
12;2025-12-07;12;1316
12;2025-12-07;13;1556
12;2025-12-07;14;1456
12;2025-12-07;15;1361
12;2025-12-07;16;1433
12;2025-12-07;17;1440
12;2025-12-07;18;1247
12;2025-12-07;19;997
12;2025-12-07;20;742
12;2025-12-07;21;587
12;2025-12-07;22;388
12;2025-12-07;23;208
12;2025-12-08;0;61
12;2025-12-08;1;3
12;2025-12-08;2;0
12;2025-12-08;3;0
12;2025-12-08;4;6
12;2025-12-08;5;331
12;2025-12-08;6;1384
12;2025-12-08;7;2703
12;2025-12-08;8;3574
12;2025-12-08;9;2482
12;2025-12-08;10;2009
12;2025-12-08;11;1960
12;2025-12-08;12;2046
12;2025-12-08;13;2031
12;2025-12-08;14;2017
12;2025-12-08;15;2278
12;2025-12-08;16;2760
12;2025-12-08;17;3033
12;2025-12-08;18;3158
12;2025-12-08;19;2430
12;2025-12-08;20;1550
12;2025-12-08;21;918
12;2025-12-08;22;474
12;2025-12-08;23;251
12;2025-12-09;0;52
12;2025-12-09;1;2
12;2025-12-09;2;0
12;2025-12-09;3;0
12;2025-12-09;4;6
12;2025-12-09;5;335
12;2025-12-09;6;1398
12;2025-12-09;7;2749
12;2025-12-09;8;3684
12;2025-12-09;9;2520
12;2025-12-09;10;2085
12;2025-12-09;11;2043
12;2025-12-09;12;2072
12;2025-12-09;13;2092
12;2025-12-09;14;2075
12;2025-12-09;15;2288
12;2025-12-09;16;2807
12;2025-12-09;17;3075
12;2025-12-09;18;3176
12;2025-12-09;19;2480
12;2025-12-09;20;1542
12;2025-12-09;21;924
12;2025-12-09;22;490
12;2025-12-09;23;253
12;2025-12-10;0;55
12;2025-12-10;1;2
12;2025-12-10;2;0
12;2025-12-10;3;0
12;2025-12-10;4;6
12;2025-12-10;5;332
12;2025-12-10;6;1399
12;2025-12-10;7;2695
12;2025-12-10;8;3559
12;2025-12-10;9;2518
12;2025-12-10;10;2074
12;2025-12-10;11;2033
12;2025-12-10;12;2070
12;2025-12-10;13;2081
12;2025-12-10;14;2074
12;2025-12-10;15;2301
12;2025-12-10;16;2791
12;2025-12-10;17;3034
12;2025-12-10;18;3134
12;2025-12-10;19;2443
12;2025-12-10;20;1526
12;2025-12-10;21;948
12;2025-12-10;22;501
12;2025-12-10;23;263
12;2025-12-11;0;54
12;2025-12-11;1;2
12;2025-12-11;2;0
12;2025-12-11;3;0
12;2025-12-11;4;6
12;2025-12-11;5;325
12;2025-12-11;6;1364
12;2025-12-11;7;2687
12;2025-12-11;8;3560
12;2025-12-11;9;2447
12;2025-12-11;10;2037
12;2025-12-11;11;2019
12;2025-12-11;12;2078
12;2025-12-11;13;2069
12;2025-12-11;14;2073
12;2025-12-11;15;2299
12;2025-12-11;16;2787
12;2025-12-11;17;3051
12;2025-12-11;18;3127
12;2025-12-11;19;2454
12;2025-12-11;20;1547
12;2025-12-11;21;928
12;2025-12-11;22;497
12;2025-12-11;23;266
12;2025-12-12;0;57
12;2025-12-12;1;3
12;2025-12-12;2;0
12;2025-12-12;3;0
12;2025-12-12;4;5
12;2025-12-12;5;322
12;2025-12-12;6;1364
12;2025-12-12;7;2658
12;2025-12-12;8;3501
12;2025-12-12;9;2417
12;2025-12-12;10;1992
12;2025-12-12;11;2002
12;2025-12-12;12;2044
12;2025-12-12;13;2061
12;2025-12-12;14;2099
12;2025-12-12;15;2360
12;2025-12-12;16;2920
12;2025-12-12;17;3007
12;2025-12-12;18;2842
12;2025-12-12;19;2310
12;2025-12-12;20;1507
12;2025-12-12;21;951
12;2025-12-12;22;514
12;2025-12-12;23;283
12;2025-12-13;0;85
12;2025-12-13;1;5
12;2025-12-13;2;0
12;2025-12-13;3;0
12;2025-12-13;4;3
12;2025-12-13;5;230
12;2025-12-13;6;794
12;2025-12-13;7;875
12;2025-12-13;8;991
12;2025-12-13;9;1185
12;2025-12-13;10;1424
12;2025-12-13;11;1506
12;2025-12-13;12;1513
12;2025-12-13;13;1756
12;2025-12-13;14;1644
12;2025-12-13;15;1543
12;2025-12-13;16;1612
12;2025-12-13;17;1539
12;2025-12-13;18;1491
12;2025-12-13;19;1381
12;2025-12-13;20;968
12;2025-12-13;21;703
12;2025-12-13;22;419
12;2025-12-13;23;289
12;2025-12-14;0;84
12;2025-12-14;1;7
12;2025-12-14;2;0
12;2025-12-14;3;0
12;2025-12-14;4;2
12;2025-12-14;5;150
12;2025-12-14;6;508
12;2025-12-14;7;627
12;2025-12-14;8;707
12;2025-12-14;9;904
12;2025-12-14;10;1112
12;2025-12-14;11;1240
12;2025-12-14;12;1317
12;2025-12-14;13;1557
12;2025-12-14;14;1457
12;2025-12-14;15;1362
12;2025-12-14;16;1434
12;2025-12-14;17;1441
12;2025-12-14;18;1247
12;2025-12-14;19;998
12;2025-12-14;20;743
12;2025-12-14;21;588
12;2025-12-14;22;388
12;2025-12-14;23;208
12;2025-12-15;0;61
12;2025-12-15;1;3
12;2025-12-15;2;0
12;2025-12-15;3;0
12;2025-12-15;4;6
12;2025-12-15;5;330
12;2025-12-15;6;1383
12;2025-12-15;7;2702
12;2025-12-15;8;3571
12;2025-12-15;9;2480
12;2025-12-15;10;2008
12;2025-12-15;11;1958
12;2025-12-15;12;2045
12;2025-12-15;13;2030
12;2025-12-15;14;2016
12;2025-12-15;15;2276
12;2025-12-15;16;2758
12;2025-12-15;17;3031
12;2025-12-15;18;3156
12;2025-12-15;19;2429
12;2025-12-15;20;1549
12;2025-12-15;21;918
12;2025-12-15;22;474
12;2025-12-15;23;250
12;2025-12-16;0;52
12;2025-12-16;1;2
12;2025-12-16;2;0
12;2025-12-16;3;0
12;2025-12-16;4;6
12;2025-12-16;5;335
12;2025-12-16;6;1397
12;2025-12-16;7;2748
12;2025-12-16;8;3682
12;2025-12-16;9;2518
12;2025-12-16;10;2084
12;2025-12-16;11;2042
12;2025-12-16;12;2071
12;2025-12-16;13;2091
12;2025-12-16;14;2073
12;2025-12-16;15;2287
12;2025-12-16;16;2805
12;2025-12-16;17;3073
12;2025-12-16;18;3174
12;2025-12-16;19;2479
12;2025-12-16;20;1541
12;2025-12-16;21;923
12;2025-12-16;22;489
12;2025-12-16;23;253
12;2025-12-17;0;55
12;2025-12-17;1;2
12;2025-12-17;2;0
12;2025-12-17;3;0
12;2025-12-17;4;6
12;2025-12-17;5;332
12;2025-12-17;6;1398
12;2025-12-17;7;2693
12;2025-12-17;8;3557
12;2025-12-17;9;2516
12;2025-12-17;10;2072
12;2025-12-17;11;2031
12;2025-12-17;12;2069
12;2025-12-17;13;2080
12;2025-12-17;14;2073
12;2025-12-17;15;2300
12;2025-12-17;16;2789
12;2025-12-17;17;3032
12;2025-12-17;18;3132
12;2025-12-17;19;2441
12;2025-12-17;20;1526
12;2025-12-17;21;947
12;2025-12-17;22;501
12;2025-12-17;23;263
12;2025-12-18;0;54
12;2025-12-18;1;2
12;2025-12-18;2;0
12;2025-12-18;3;0
12;2025-12-18;4;6
12;2025-12-18;5;324
12;2025-12-18;6;1363
12;2025-12-18;7;2685
12;2025-12-18;8;3558
12;2025-12-18;9;2445
12;2025-12-18;10;2036
12;2025-12-18;11;2018
12;2025-12-18;12;2076
12;2025-12-18;13;2068
12;2025-12-18;14;2072
12;2025-12-18;15;2298
12;2025-12-18;16;2786
12;2025-12-18;17;3049
12;2025-12-18;18;3126
12;2025-12-18;19;2453
12;2025-12-18;20;1546
12;2025-12-18;21;927
12;2025-12-18;22;496
12;2025-12-18;23;266
12;2025-12-19;0;57
12;2025-12-19;1;3
12;2025-12-19;2;0
12;2025-12-19;3;0
12;2025-12-19;4;5
12;2025-12-19;5;322
12;2025-12-19;6;1363
12;2025-12-19;7;2656
12;2025-12-19;8;3499
12;2025-12-19;9;2415
12;2025-12-19;10;1991
12;2025-12-19;11;2001
12;2025-12-19;12;2042
12;2025-12-19;13;2060
12;2025-12-19;14;2098
12;2025-12-19;15;2359
12;2025-12-19;16;2919
12;2025-12-19;17;3005
12;2025-12-19;18;2840
12;2025-12-19;19;2308
12;2025-12-19;20;1506
12;2025-12-19;21;950
12;2025-12-19;22;514
12;2025-12-19;23;282
12;2025-12-20;0;85
12;2025-12-20;1;5
12;2025-12-20;2;0
12;2025-12-20;3;0
12;2025-12-20;4;3
12;2025-12-20;5;230
12;2025-12-20;6;794
12;2025-12-20;7;874
12;2025-12-20;8;991
12;2025-12-20;9;1184
12;2025-12-20;10;1423
12;2025-12-20;11;1505
12;2025-12-20;12;1512
12;2025-12-20;13;1755
12;2025-12-20;14;1643
12;2025-12-20;15;1542
12;2025-12-20;16;1611
12;2025-12-20;17;1538
12;2025-12-20;18;1491
12;2025-12-20;19;1381
12;2025-12-20;20;968
12;2025-12-20;21;703
12;2025-12-20;22;418
12;2025-12-20;23;288
12;2025-12-21;0;84
12;2025-12-21;1;7
12;2025-12-21;2;0
12;2025-12-21;3;0
12;2025-12-21;4;2
12;2025-12-21;5;150
12;2025-12-21;6;508
12;2025-12-21;7;627
12;2025-12-21;8;707
12;2025-12-21;9;904
12;2025-12-21;10;1112
12;2025-12-21;11;1240
12;2025-12-21;12;1318
12;2025-12-21;13;1558
12;2025-12-21;14;1458
12;2025-12-21;15;1363
12;2025-12-21;16;1435
12;2025-12-21;17;1442
12;2025-12-21;18;1248
12;2025-12-21;19;998
12;2025-12-21;20;743
12;2025-12-21;21;588
12;2025-12-21;22;388
12;2025-12-21;23;208
12;2025-12-22;0;61
12;2025-12-22;1;3
12;2025-12-22;2;0
12;2025-12-22;3;0
12;2025-12-22;4;6
12;2025-12-22;5;330
12;2025-12-22;6;1382
12;2025-12-22;7;2700
12;2025-12-22;8;3569
12;2025-12-22;9;2479
12;2025-12-22;10;2006
12;2025-12-22;11;1957
12;2025-12-22;12;2044
12;2025-12-22;13;2029
12;2025-12-22;14;2014
12;2025-12-22;15;2275
12;2025-12-22;16;2757
12;2025-12-22;17;3029
12;2025-12-22;18;3154
12;2025-12-22;19;2427
12;2025-12-22;20;1548
12;2025-12-22;21;917
12;2025-12-22;22;474
12;2025-12-22;23;250
12;2025-12-23;0;52
12;2025-12-23;1;2
12;2025-12-23;2;0
12;2025-12-23;3;0
12;2025-12-23;4;6
12;2025-12-23;5;335
12;2025-12-23;6;1396
12;2025-12-23;7;2746
12;2025-12-23;8;3679
12;2025-12-23;9;2516
12;2025-12-23;10;2082
12;2025-12-23;11;2041
12;2025-12-23;12;2070
12;2025-12-23;13;2089
12;2025-12-23;14;2072
12;2025-12-23;15;2285
12;2025-12-23;16;2803
12;2025-12-23;17;3072
12;2025-12-23;18;3172
12;2025-12-23;19;2477
12;2025-12-23;20;1540
12;2025-12-23;21;923
12;2025-12-23;22;489
12;2025-12-23;23;252
12;2025-12-24;0;55
12;2025-12-24;1;2
12;2025-12-24;2;0
12;2025-12-24;3;0
12;2025-12-24;4;6
12;2025-12-24;5;332
12;2025-12-24;6;1397
12;2025-12-24;7;2691
12;2025-12-24;8;3555
12;2025-12-24;9;2515
12;2025-12-24;10;2071
12;2025-12-24;11;2030
12;2025-12-24;12;2067
12;2025-12-24;13;2078
12;2025-12-24;14;2071
12;2025-12-24;15;2298
12;2025-12-24;16;2787
12;2025-12-24;17;3030
12;2025-12-24;18;3131
12;2025-12-24;19;2440
12;2025-12-24;20;1525
12;2025-12-24;21;946
12;2025-12-24;22;501
12;2025-12-24;23;263
12;2025-12-25;0;54
12;2025-12-25;1;2
12;2025-12-25;2;0
12;2025-12-25;3;0
12;2025-12-25;4;6
12;2025-12-25;5;324
12;2025-12-25;6;1362
12;2025-12-25;7;2684
12;2025-12-25;8;3556
12;2025-12-25;9;2444
12;2025-12-25;10;2034
12;2025-12-25;11;2017
12;2025-12-25;12;2075
12;2025-12-25;13;2067
12;2025-12-25;14;2070
12;2025-12-25;15;2296
12;2025-12-25;16;2784
12;2025-12-25;17;3047
12;2025-12-25;18;3124
12;2025-12-25;19;2451
12;2025-12-25;20;1545
12;2025-12-25;21;927
12;2025-12-25;22;496
12;2025-12-25;23;266
12;2025-12-26;0;57
12;2025-12-26;1;3
12;2025-12-26;2;0
12;2025-12-26;3;0
12;2025-12-26;4;5
12;2025-12-26;5;322
12;2025-12-26;6;1362
12;2025-12-26;7;2655
12;2025-12-26;8;3497
12;2025-12-26;9;2414
12;2025-12-26;10;1990
12;2025-12-26;11;2000
12;2025-12-26;12;2041
12;2025-12-26;13;2058
12;2025-12-26;14;2096
12;2025-12-26;15;2357
12;2025-12-26;16;2917
12;2025-12-26;17;3004
12;2025-12-26;18;2839
12;2025-12-26;19;2307
12;2025-12-26;20;1505
12;2025-12-26;21;950
12;2025-12-26;22;513
12;2025-12-26;23;282
12;2025-12-27;0;85
12;2025-12-27;1;5
12;2025-12-27;2;0
12;2025-12-27;3;0
12;2025-12-27;4;3
12;2025-12-27;5;229
12;2025-12-27;6;793
12;2025-12-27;7;873
12;2025-12-27;8;990
12;2025-12-27;9;1184
12;2025-12-27;10;1422
12;2025-12-27;11;1505
12;2025-12-27;12;1511
12;2025-12-27;13;1754
12;2025-12-27;14;1642
12;2025-12-27;15;1541
12;2025-12-27;16;1610
12;2025-12-27;17;1537
12;2025-12-27;18;1490
12;2025-12-27;19;1380
12;2025-12-27;20;967
12;2025-12-27;21;702
12;2025-12-27;22;418
12;2025-12-27;23;288
12;2025-12-28;0;84
12;2025-12-28;1;7
12;2025-12-28;2;0
12;2025-12-28;3;0
12;2025-12-28;4;2
12;2025-12-28;5;150
12;2025-12-28;6;509
12;2025-12-28;7;628
12;2025-12-28;8;707
12;2025-12-28;9;904
12;2025-12-28;10;1113
12;2025-12-28;11;1241
12;2025-12-28;12;1318
12;2025-12-28;13;1559
12;2025-12-28;14;1458
12;2025-12-28;15;1363
12;2025-12-28;16;1435
12;2025-12-28;17;1443
12;2025-12-28;18;1249
12;2025-12-28;19;999
12;2025-12-28;20;743
12;2025-12-28;21;588
12;2025-12-28;22;388
12;2025-12-28;23;208
12;2025-12-29;0;61
12;2025-12-29;1;3
12;2025-12-29;2;0
12;2025-12-29;3;0
12;2025-12-29;4;6
12;2025-12-29;5;330
12;2025-12-29;6;1382
12;2025-12-29;7;2699
12;2025-12-29;8;3567
12;2025-12-29;9;2477
12;2025-12-29;10;2005
12;2025-12-29;11;1956
12;2025-12-29;12;2043
12;2025-12-29;13;2027
12;2025-12-29;14;2013
12;2025-12-29;15;2274
12;2025-12-29;16;2755
12;2025-12-29;17;3027
12;2025-12-29;18;3152
12;2025-12-29;19;2426
12;2025-12-29;20;1547
12;2025-12-29;21;917
12;2025-12-29;22;473
12;2025-12-29;23;250
12;2025-12-30;0;52
12;2025-12-30;1;2
12;2025-12-30;2;0
12;2025-12-30;3;0
12;2025-12-30;4;6
12;2025-12-30;5;334
12;2025-12-30;6;1395
12;2025-12-30;7;2745
12;2025-12-30;8;3677
12;2025-12-30;9;2515
12;2025-12-30;10;2081
12;2025-12-30;11;2040
12;2025-12-30;12;2068
12;2025-12-30;13;2088
12;2025-12-30;14;2071
12;2025-12-30;15;2284
12;2025-12-30;16;2802
12;2025-12-30;17;3070
12;2025-12-30;18;3170
12;2025-12-30;19;2476
12;2025-12-30;20;1539
12;2025-12-30;21;922
12;2025-12-30;22;489
12;2025-12-30;23;252
12;2025-12-31;0;80
12;2025-12-31;1;6
12;2025-12-31;2;0
12;2025-12-31;3;0
12;2025-12-31;4;2
12;2025-12-31;5;150
12;2025-12-31;6;517
12;2025-12-31;7;626
12;2025-12-31;8;695
12;2025-12-31;9;880
12;2025-12-31;10;1073
12;2025-12-31;11;1205
12;2025-12-31;12;1287
12;2025-12-31;13;1528
12;2025-12-31;14;1431
12;2025-12-31;15;1336
12;2025-12-31;16;1404
12;2025-12-31;17;1396
12;2025-12-31;18;1240
12;2025-12-31;19;1008
12;2025-12-31;20;748
12;2025-12-31;21;591
12;2025-12-31;22;390
12;2025-12-31;23;210
17;2025-11-01;0;120
17;2025-11-01;1;11
17;2025-11-01;2;0
17;2025-11-01;3;0
17;2025-11-01;4;26
17;2025-11-01;5;318
17;2025-11-01;6;1527
17;2025-11-01;7;4032
17;2025-11-01;8;5330
17;2025-11-01;9;3781
17;2025-11-01;10;2970
17;2025-11-01;11;2917
17;2025-11-01;12;2960
17;2025-11-01;13;3014
17;2025-11-01;14;3107
17;2025-11-01;15;3276
17;2025-11-01;16;3729
17;2025-11-01;17;4492
17;2025-11-01;18;4780
17;2025-11-01;19;3366
17;2025-11-01;20;2350
17;2025-11-01;21;1476
17;2025-11-01;22;787
17;2025-11-01;23;378
17;2025-11-02;0;164
17;2025-11-02;1;22
17;2025-11-02;2;1
17;2025-11-02;3;1
17;2025-11-02;4;4
17;2025-11-02;5;97
17;2025-11-02;6;395
17;2025-11-02;7;707
17;2025-11-02;8;1103
17;2025-11-02;9;1521
17;2025-11-02;10;1766
17;2025-11-02;11;2238
17;2025-11-02;12;2607
17;2025-11-02;13;2842
17;2025-11-02;14;2924
17;2025-11-02;15;2922
17;2025-11-02;16;2889
17;2025-11-02;17;2719
17;2025-11-02;18;2369
17;2025-11-02;19;1915
17;2025-11-02;20;1463
17;2025-11-02;21;1066
17;2025-11-02;22;681
17;2025-11-02;23;300
17;2025-11-03;0;160
17;2025-11-03;1;22
17;2025-11-03;2;1
17;2025-11-03;3;1
17;2025-11-03;4;4
17;2025-11-03;5;97
17;2025-11-03;6;396
17;2025-11-03;7;713
17;2025-11-03;8;1098
17;2025-11-03;9;1500
17;2025-11-03;10;1731
17;2025-11-03;11;2180
17;2025-11-03;12;2564
17;2025-11-03;13;2812
17;2025-11-03;14;2898
17;2025-11-03;15;2919
17;2025-11-03;16;2896
17;2025-11-03;17;2732
17;2025-11-03;18;2387
17;2025-11-03;19;1940
17;2025-11-03;20;1486
17;2025-11-03;21;1091
17;2025-11-03;22;705
17;2025-11-03;23;312
17;2025-11-04;0;160
17;2025-11-04;1;22
17;2025-11-04;2;1
17;2025-11-04;3;1
17;2025-11-04;4;4
17;2025-11-04;5;97
17;2025-11-04;6;396
17;2025-11-04;7;713
17;2025-11-04;8;1098
17;2025-11-04;9;1500
17;2025-11-04;10;1731
17;2025-11-04;11;2181
17;2025-11-04;12;2564
17;2025-11-04;13;2812
17;2025-11-04;14;2898
17;2025-11-04;15;2919
17;2025-11-04;16;2896
17;2025-11-04;17;2733
17;2025-11-04;18;2387
17;2025-11-04;19;1940
17;2025-11-04;20;1486
17;2025-11-04;21;1091
17;2025-11-04;22;705
17;2025-11-04;23;312
17;2025-11-05;0;119
17;2025-11-05;1;11
17;2025-11-05;2;0
17;2025-11-05;3;0
17;2025-11-05;4;26
17;2025-11-05;5;314
17;2025-11-05;6;1502
17;2025-11-05;7;3956
17;2025-11-05;8;5225
17;2025-11-05;9;3712
17;2025-11-05;10;2933
17;2025-11-05;11;2891
17;2025-11-05;12;2932
17;2025-11-05;13;3001
17;2025-11-05;14;3087
17;2025-11-05;15;3246
17;2025-11-05;16;3660
17;2025-11-05;17;4427
17;2025-11-05;18;4750
17;2025-11-05;19;3348
17;2025-11-05;20;2325
17;2025-11-05;21;1479
17;2025-11-05;22;789
17;2025-11-05;23;378
17;2025-11-06;0;126
17;2025-11-06;1;11
17;2025-11-06;2;0
17;2025-11-06;3;0
17;2025-11-06;4;26
17;2025-11-06;5;313
17;2025-11-06;6;1496
17;2025-11-06;7;3936
17;2025-11-06;8;5202
17;2025-11-06;9;3722
17;2025-11-06;10;2946
17;2025-11-06;11;2893
17;2025-11-06;12;2956
17;2025-11-06;13;3006
17;2025-11-06;14;3087
17;2025-11-06;15;3238
17;2025-11-06;16;3693
17;2025-11-06;17;4426
17;2025-11-06;18;4736
17;2025-11-06;19;3350
17;2025-11-06;20;2342
17;2025-11-06;21;1483
17;2025-11-06;22;798
17;2025-11-06;23;382
17;2025-11-07;0;130
17;2025-11-07;1;13
17;2025-11-07;2;0
17;2025-11-07;3;0
17;2025-11-07;4;25
17;2025-11-07;5;309
17;2025-11-07;6;1482
17;2025-11-07;7;3899
17;2025-11-07;8;5147
17;2025-11-07;9;3687
17;2025-11-07;10;2929
17;2025-11-07;11;2905
17;2025-11-07;12;2967
17;2025-11-07;13;3048
17;2025-11-07;14;3135
17;2025-11-07;15;3379
17;2025-11-07;16;3918
17;2025-11-07;17;4491
17;2025-11-07;18;4493
17;2025-11-07;19;3248
17;2025-11-07;20;2315
17;2025-11-07;21;1518
17;2025-11-07;22;835
17;2025-11-07;23;417
17;2025-11-08;0;194
17;2025-11-08;1;22
17;2025-11-08;2;0
17;2025-11-08;3;0
17;2025-11-08;4;5
17;2025-11-08;5;120
17;2025-11-08;6;498
17;2025-11-08;7;1072
17;2025-11-08;8;1589
17;2025-11-08;9;2020
17;2025-11-08;10;2249
17;2025-11-08;11;2691
17;2025-11-08;12;3017
17;2025-11-08;13;3196
17;2025-11-08;14;3238
17;2025-11-08;15;3270
17;2025-11-08;16;3254
17;2025-11-08;17;3047
17;2025-11-08;18;2763
17;2025-11-08;19;2270
17;2025-11-08;20;1764
17;2025-11-08;21;1290
17;2025-11-08;22;803
17;2025-11-08;23;413
17;2025-11-09;0;164
17;2025-11-09;1;22
17;2025-11-09;2;1
17;2025-11-09;3;1
17;2025-11-09;4;4
17;2025-11-09;5;97
17;2025-11-09;6;395
17;2025-11-09;7;707
17;2025-11-09;8;1103
17;2025-11-09;9;1521
17;2025-11-09;10;1766
17;2025-11-09;11;2238
17;2025-11-09;12;2607
17;2025-11-09;13;2842
17;2025-11-09;14;2925
17;2025-11-09;15;2922
17;2025-11-09;16;2889
17;2025-11-09;17;2719
17;2025-11-09;18;2369
17;2025-11-09;19;1915
17;2025-11-09;20;1463
17;2025-11-09;21;1066
17;2025-11-09;22;681
17;2025-11-09;23;300
17;2025-11-10;0;110
17;2025-11-10;1;12
17;2025-11-10;2;0
17;2025-11-10;3;0
17;2025-11-10;4;26
17;2025-11-10;5;312
17;2025-11-10;6;1503
17;2025-11-10;7;3974
17;2025-11-10;8;5280
17;2025-11-10;9;3723
17;2025-11-10;10;2892
17;2025-11-10;11;2859
17;2025-11-10;12;2896
17;2025-11-10;13;2957
17;2025-11-10;14;3026
17;2025-11-10;15;3221
17;2025-11-10;16;3665
17;2025-11-10;17;4438
17;2025-11-10;18;4789
17;2025-11-10;19;3353
17;2025-11-10;20;2317
17;2025-11-10;21;1422
17;2025-11-10;22;756
17;2025-11-10;23;351
17;2025-11-11;0;116
17;2025-11-11;1;11
17;2025-11-11;2;1
17;2025-11-11;3;0
17;2025-11-11;4;27
17;2025-11-11;5;317
17;2025-11-11;6;1525
17;2025-11-11;7;4033
17;2025-11-11;8;5342
17;2025-11-11;9;3790
17;2025-11-11;10;2960
17;2025-11-11;11;2881
17;2025-11-11;12;2941
17;2025-11-11;13;2986
17;2025-11-11;14;3098
17;2025-11-11;15;3217
17;2025-11-11;16;3661
17;2025-11-11;17;4478
17;2025-11-11;18;4807
17;2025-11-11;19;3381
17;2025-11-11;20;2348
17;2025-11-11;21;1449
17;2025-11-11;22;767
17;2025-11-11;23;364
17;2025-11-12;0;119
17;2025-11-12;1;11
17;2025-11-12;2;0
17;2025-11-12;3;0
17;2025-11-12;4;26
17;2025-11-12;5;314
17;2025-11-12;6;1501
17;2025-11-12;7;3953
17;2025-11-12;8;5223
17;2025-11-12;9;3710
17;2025-11-12;10;2931
17;2025-11-12;11;2889
17;2025-11-12;12;2930
17;2025-11-12;13;2999
17;2025-11-12;14;3085
17;2025-11-12;15;3245
17;2025-11-12;16;3658
17;2025-11-12;17;4425
17;2025-11-12;18;4747
17;2025-11-12;19;3346
17;2025-11-12;20;2323
17;2025-11-12;21;1478
17;2025-11-12;22;788
17;2025-11-12;23;378
17;2025-11-13;0;126
17;2025-11-13;1;11
17;2025-11-13;2;0
17;2025-11-13;3;0
17;2025-11-13;4;26
17;2025-11-13;5;313
17;2025-11-13;6;1496
17;2025-11-13;7;3934
17;2025-11-13;8;5200
17;2025-11-13;9;3720
17;2025-11-13;10;2945
17;2025-11-13;11;2891
17;2025-11-13;12;2955
17;2025-11-13;13;3005
17;2025-11-13;14;3086
17;2025-11-13;15;3236
17;2025-11-13;16;3691
17;2025-11-13;17;4423
17;2025-11-13;18;4734
17;2025-11-13;19;3349
17;2025-11-13;20;2341
17;2025-11-13;21;1482
17;2025-11-13;22;798
17;2025-11-13;23;382
17;2025-11-14;0;130
17;2025-11-14;1;13
17;2025-11-14;2;0
17;2025-11-14;3;0
17;2025-11-14;4;25
17;2025-11-14;5;309
17;2025-11-14;6;1481
17;2025-11-14;7;3897
17;2025-11-14;8;5144
17;2025-11-14;9;3685
17;2025-11-14;10;2927
17;2025-11-14;11;2903
17;2025-11-14;12;2966
17;2025-11-14;13;3046
17;2025-11-14;14;3133
17;2025-11-14;15;3377
17;2025-11-14;16;3916
17;2025-11-14;17;4488
17;2025-11-14;18;4491
17;2025-11-14;19;3246
17;2025-11-14;20;2314
17;2025-11-14;21;1517
17;2025-11-14;22;834
17;2025-11-14;23;417
17;2025-11-15;0;194
17;2025-11-15;1;22
17;2025-11-15;2;0
17;2025-11-15;3;0
17;2025-11-15;4;5
17;2025-11-15;5;120
17;2025-11-15;6;497
17;2025-11-15;7;1070
17;2025-11-15;8;1587
17;2025-11-15;9;2017
17;2025-11-15;10;2246
17;2025-11-15;11;2687
17;2025-11-15;12;3012
17;2025-11-15;13;3191
17;2025-11-15;14;3233
17;2025-11-15;15;3265
17;2025-11-15;16;3249
17;2025-11-15;17;3043
17;2025-11-15;18;2759
17;2025-11-15;19;2267
17;2025-11-15;20;1761
17;2025-11-15;21;1288
17;2025-11-15;22;802
17;2025-11-15;23;412
17;2025-11-16;0;164
17;2025-11-16;1;22
17;2025-11-16;2;1
17;2025-11-16;3;1
17;2025-11-16;4;4
17;2025-11-16;5;97
17;2025-11-16;6;395
17;2025-11-16;7;707
17;2025-11-16;8;1103
17;2025-11-16;9;1521
17;2025-11-16;10;1766
17;2025-11-16;11;2239
17;2025-11-16;12;2607
17;2025-11-16;13;2842
17;2025-11-16;14;2925
17;2025-11-16;15;2922
17;2025-11-16;16;2890
17;2025-11-16;17;2719
17;2025-11-16;18;2369
17;2025-11-16;19;1915
17;2025-11-16;20;1463
17;2025-11-16;21;1066
17;2025-11-16;22;681
17;2025-11-16;23;300
17;2025-11-17;0;110
17;2025-11-17;1;12
17;2025-11-17;2;0
17;2025-11-17;3;0
17;2025-11-17;4;26
17;2025-11-17;5;312
17;2025-11-17;6;1502
17;2025-11-17;7;3972
17;2025-11-17;8;5278
17;2025-11-17;9;3721
17;2025-11-17;10;2890
17;2025-11-17;11;2858
17;2025-11-17;12;2894
17;2025-11-17;13;2956
17;2025-11-17;14;3024
17;2025-11-17;15;3219
17;2025-11-17;16;3663
17;2025-11-17;17;4436
17;2025-11-17;18;4786
17;2025-11-17;19;3352
17;2025-11-17;20;2316
17;2025-11-17;21;1421
17;2025-11-17;22;756
17;2025-11-17;23;350
17;2025-11-18;0;116
17;2025-11-18;1;11
17;2025-11-18;2;1
17;2025-11-18;3;0
17;2025-11-18;4;27
17;2025-11-18;5;317
17;2025-11-18;6;1524
17;2025-11-18;7;4030
17;2025-11-18;8;5339
17;2025-11-18;9;3788
17;2025-11-18;10;2959
17;2025-11-18;11;2880
17;2025-11-18;12;2940
17;2025-11-18;13;2984
17;2025-11-18;14;3096
17;2025-11-18;15;3215
17;2025-11-18;16;3659
17;2025-11-18;17;4476
17;2025-11-18;18;4805
17;2025-11-18;19;3379
17;2025-11-18;20;2347
17;2025-11-18;21;1448
17;2025-11-18;22;766
17;2025-11-18;23;363
17;2025-11-19;0;119
17;2025-11-19;1;11
17;2025-11-19;2;0
17;2025-11-19;3;0
17;2025-11-19;4;26
17;2025-11-19;5;314
17;2025-11-19;6;1501
17;2025-11-19;7;3951
17;2025-11-19;8;5220
17;2025-11-19;9;3708
17;2025-11-19;10;2930
17;2025-11-19;11;2888
17;2025-11-19;12;2929
17;2025-11-19;13;2998
17;2025-11-19;14;3083
17;2025-11-19;15;3243
17;2025-11-19;16;3656
17;2025-11-19;17;4423
17;2025-11-19;18;4744
17;2025-11-19;19;3345
17;2025-11-19;20;2322
17;2025-11-19;21;1477
17;2025-11-19;22;788
17;2025-11-19;23;378
17;2025-11-20;0;126
17;2025-11-20;1;11
17;2025-11-20;2;0
17;2025-11-20;3;0
17;2025-11-20;4;26
17;2025-11-20;5;313
17;2025-11-20;6;1495
17;2025-11-20;7;3931
17;2025-11-20;8;5197
17;2025-11-20;9;3718
17;2025-11-20;10;2943
17;2025-11-20;11;2890
17;2025-11-20;12;2953
17;2025-11-20;13;3003
17;2025-11-20;14;3084
17;2025-11-20;15;3235
17;2025-11-20;16;3689
17;2025-11-20;17;4421
17;2025-11-20;18;4731
17;2025-11-20;19;3347
17;2025-11-20;20;2340
17;2025-11-20;21;1482
17;2025-11-20;22;797
17;2025-11-20;23;382
17;2025-11-21;0;130
17;2025-11-21;1;13
17;2025-11-21;2;0
17;2025-11-21;3;0
17;2025-11-21;4;25
17;2025-11-21;5;309
17;2025-11-21;6;1480
17;2025-11-21;7;3895
17;2025-11-21;8;5142
17;2025-11-21;9;3683
17;2025-11-21;10;2926
17;2025-11-21;11;2902
17;2025-11-21;12;2964
17;2025-11-21;13;3044
17;2025-11-21;14;3131
17;2025-11-21;15;3375
17;2025-11-21;16;3914
17;2025-11-21;17;4486
17;2025-11-21;18;4489
17;2025-11-21;19;3245
17;2025-11-21;20;2313
17;2025-11-21;21;1516
17;2025-11-21;22;834
17;2025-11-21;23;417
17;2025-11-22;0;193
17;2025-11-22;1;22
17;2025-11-22;2;0
17;2025-11-22;3;0
17;2025-11-22;4;5
17;2025-11-22;5;120
17;2025-11-22;6;496
17;2025-11-22;7;1069
17;2025-11-22;8;1584
17;2025-11-22;9;2014
17;2025-11-22;10;2242
17;2025-11-22;11;2683
17;2025-11-22;12;3008
17;2025-11-22;13;3186
17;2025-11-22;14;3228
17;2025-11-22;15;3261
17;2025-11-22;16;3244
17;2025-11-22;17;3038
17;2025-11-22;18;2755
17;2025-11-22;19;2264
17;2025-11-22;20;1759
17;2025-11-22;21;1286
17;2025-11-22;22;800
17;2025-11-22;23;412
17;2025-11-23;0;164
17;2025-11-23;1;22
17;2025-11-23;2;1
17;2025-11-23;3;1
17;2025-11-23;4;4
17;2025-11-23;5;97
17;2025-11-23;6;395
17;2025-11-23;7;707
17;2025-11-23;8;1103
17;2025-11-23;9;1521
17;2025-11-23;10;1766
17;2025-11-23;11;2239
17;2025-11-23;12;2607
17;2025-11-23;13;2843
17;2025-11-23;14;2925
17;2025-11-23;15;2922
17;2025-11-23;16;2890
17;2025-11-23;17;2719
17;2025-11-23;18;2369
17;2025-11-23;19;1915
17;2025-11-23;20;1463
17;2025-11-23;21;1066
17;2025-11-23;22;681
17;2025-11-23;23;300
17;2025-11-24;0;110
17;2025-11-24;1;12
17;2025-11-24;2;0
17;2025-11-24;3;0
17;2025-11-24;4;26
17;2025-11-24;5;312
17;2025-11-24;6;1501
17;2025-11-24;7;3970
17;2025-11-24;8;5275
17;2025-11-24;9;3719
17;2025-11-24;10;2889
17;2025-11-24;11;2856
17;2025-11-24;12;2893
17;2025-11-24;13;2954
17;2025-11-24;14;3023
17;2025-11-24;15;3217
17;2025-11-24;16;3661
17;2025-11-24;17;4434
17;2025-11-24;18;4784
17;2025-11-24;19;3350
17;2025-11-24;20;2315
17;2025-11-24;21;1420
17;2025-11-24;22;755
17;2025-11-24;23;350
17;2025-11-25;0;116
17;2025-11-25;1;11
17;2025-11-25;2;1
17;2025-11-25;3;0
17;2025-11-25;4;27
17;2025-11-25;5;317
17;2025-11-25;6;1523
17;2025-11-25;7;4028
17;2025-11-25;8;5337
17;2025-11-25;9;3786
17;2025-11-25;10;2957
17;2025-11-25;11;2878
17;2025-11-25;12;2938
17;2025-11-25;13;2983
17;2025-11-25;14;3094
17;2025-11-25;15;3214
17;2025-11-25;16;3657
17;2025-11-25;17;4474
17;2025-11-25;18;4802
17;2025-11-25;19;3378
17;2025-11-25;20;2346
17;2025-11-25;21;1448
17;2025-11-25;22;766
17;2025-11-25;23;363
17;2025-11-26;0;119
17;2025-11-26;1;11
17;2025-11-26;2;0
17;2025-11-26;3;0
17;2025-11-26;4;26
17;2025-11-26;5;314
17;2025-11-26;6;1500
17;2025-11-26;7;3949
17;2025-11-26;8;5217
17;2025-11-26;9;3706
17;2025-11-26;10;2928
17;2025-11-26;11;2886
17;2025-11-26;12;2927
17;2025-11-26;13;2996
17;2025-11-26;14;3082
17;2025-11-26;15;3241
17;2025-11-26;16;3654
17;2025-11-26;17;4420
17;2025-11-26;18;4742
17;2025-11-26;19;3343
17;2025-11-26;20;2321
17;2025-11-26;21;1477
17;2025-11-26;22;787
17;2025-11-26;23;377
17;2025-11-27;0;126
17;2025-11-27;1;11
17;2025-11-27;2;0
17;2025-11-27;3;0
17;2025-11-27;4;25
17;2025-11-27;5;313
17;2025-11-27;6;1494
17;2025-11-27;7;3930
17;2025-11-27;8;5194
17;2025-11-27;9;3716
17;2025-11-27;10;2942
17;2025-11-27;11;2888
17;2025-11-27;12;2952
17;2025-11-27;13;3002
17;2025-11-27;14;3083
17;2025-11-27;15;3233
17;2025-11-27;16;3687
17;2025-11-27;17;4419
17;2025-11-27;18;4729
17;2025-11-27;19;3345
17;2025-11-27;20;2339
17;2025-11-27;21;1481
17;2025-11-27;22;797
17;2025-11-27;23;381
17;2025-11-28;0;130
17;2025-11-28;1;13
17;2025-11-28;2;0
17;2025-11-28;3;0
17;2025-11-28;4;25
17;2025-11-28;5;309
17;2025-11-28;6;1480
17;2025-11-28;7;3893
17;2025-11-28;8;5139
17;2025-11-28;9;3681
17;2025-11-28;10;2924
17;2025-11-28;11;2900
17;2025-11-28;12;2963
17;2025-11-28;13;3043
17;2025-11-28;14;3130
17;2025-11-28;15;3373
17;2025-11-28;16;3912
17;2025-11-28;17;4484
17;2025-11-28;18;4486
17;2025-11-28;19;3243
17;2025-11-28;20;2311
17;2025-11-28;21;1515
17;2025-11-28;22;833
17;2025-11-28;23;416
17;2025-11-29;0;193
17;2025-11-29;1;22
17;2025-11-29;2;0
17;2025-11-29;3;0
17;2025-11-29;4;5
17;2025-11-29;5;120
17;2025-11-29;6;496
17;2025-11-29;7;1067
17;2025-11-29;8;1582
17;2025-11-29;9;2012
17;2025-11-29;10;2239
17;2025-11-29;11;2680
17;2025-11-29;12;3004
17;2025-11-29;13;3182
17;2025-11-29;14;3224
17;2025-11-29;15;3256
17;2025-11-29;16;3240
17;2025-11-29;17;3034
17;2025-11-29;18;2751
17;2025-11-29;19;2260
17;2025-11-29;20;1756
17;2025-11-29;21;1284
17;2025-11-29;22;799
17;2025-11-29;23;411
17;2025-11-30;0;164
17;2025-11-30;1;22
17;2025-11-30;2;1
17;2025-11-30;3;1
17;2025-11-30;4;4
17;2025-11-30;5;97
17;2025-11-30;6;395
17;2025-11-30;7;707
17;2025-11-30;8;1103
17;2025-11-30;9;1521
17;2025-11-30;10;1766
17;2025-11-30;11;2239
17;2025-11-30;12;2607
17;2025-11-30;13;2843
17;2025-11-30;14;2925
17;2025-11-30;15;2922
17;2025-11-30;16;2890
17;2025-11-30;17;2719
17;2025-11-30;18;2369
17;2025-11-30;19;1915
17;2025-11-30;20;1463
17;2025-11-30;21;1066
17;2025-11-30;22;681
17;2025-11-30;23;300
17;2025-12-01;0;110
17;2025-12-01;1;12
17;2025-12-01;2;0
17;2025-12-01;3;0
17;2025-12-01;4;26
17;2025-12-01;5;312
17;2025-12-01;6;1500
17;2025-12-01;7;3968
17;2025-12-01;8;5272
17;2025-12-01;9;3717
17;2025-12-01;10;2887
17;2025-12-01;11;2855
17;2025-12-01;12;2891
17;2025-12-01;13;2953
17;2025-12-01;14;3021
17;2025-12-01;15;3216
17;2025-12-01;16;3659
17;2025-12-01;17;4432
17;2025-12-01;18;4781
17;2025-12-01;19;3348
17;2025-12-01;20;2314
17;2025-12-01;21;1419
17;2025-12-01;22;755
17;2025-12-01;23;350
17;2025-12-02;0;115
17;2025-12-02;1;11
17;2025-12-02;2;1
17;2025-12-02;3;0
17;2025-12-02;4;27
17;2025-12-02;5;316
17;2025-12-02;6;1523
17;2025-12-02;7;4027
17;2025-12-02;8;5334
17;2025-12-02;9;3784
17;2025-12-02;10;2956
17;2025-12-02;11;2877
17;2025-12-02;12;2937
17;2025-12-02;13;2981
17;2025-12-02;14;3093
17;2025-12-02;15;3212
17;2025-12-02;16;3656
17;2025-12-02;17;4472
17;2025-12-02;18;4800
17;2025-12-02;19;3376
17;2025-12-02;20;2345
17;2025-12-02;21;1447
17;2025-12-02;22;766
17;2025-12-02;23;363
17;2025-12-03;0;119
17;2025-12-03;1;11
17;2025-12-03;2;0
17;2025-12-03;3;0
17;2025-12-03;4;26
17;2025-12-03;5;314
17;2025-12-03;6;1499
17;2025-12-03;7;3948
17;2025-12-03;8;5215
17;2025-12-03;9;3704
17;2025-12-03;10;2927
17;2025-12-03;11;2885
17;2025-12-03;12;2926
17;2025-12-03;13;2995
17;2025-12-03;14;3080
17;2025-12-03;15;3240
17;2025-12-03;16;3652
17;2025-12-03;17;4418
17;2025-12-03;18;4740
17;2025-12-03;19;3341
17;2025-12-03;20;2320
17;2025-12-03;21;1476
17;2025-12-03;22;787
17;2025-12-03;23;377
17;2025-12-04;0;126
17;2025-12-04;1;11
17;2025-12-04;2;0
17;2025-12-04;3;0
17;2025-12-04;4;25
17;2025-12-04;5;312
17;2025-12-04;6;1493
17;2025-12-04;7;3928
17;2025-12-04;8;5192
17;2025-12-04;9;3714
17;2025-12-04;10;2940
17;2025-12-04;11;2887
17;2025-12-04;12;2950
17;2025-12-04;13;3000
17;2025-12-04;14;3081
17;2025-12-04;15;3232
17;2025-12-04;16;3686
17;2025-12-04;17;4417
17;2025-12-04;18;4727
17;2025-12-04;19;3344
17;2025-12-04;20;2338
17;2025-12-04;21;1480
17;2025-12-04;22;797
17;2025-12-04;23;381
17;2025-12-05;0;130
17;2025-12-05;1;13
17;2025-12-05;2;0
17;2025-12-05;3;0
17;2025-12-05;4;25
17;2025-12-05;5;309
17;2025-12-05;6;1479
17;2025-12-05;7;3892
17;2025-12-05;8;5137
17;2025-12-05;9;3679
17;2025-12-05;10;2923
17;2025-12-05;11;2899
17;2025-12-05;12;2961
17;2025-12-05;13;3042
17;2025-12-05;14;3128
17;2025-12-05;15;3372
17;2025-12-05;16;3910
17;2025-12-05;17;4482
17;2025-12-05;18;4484
17;2025-12-05;19;3241
17;2025-12-05;20;2310
17;2025-12-05;21;1515
17;2025-12-05;22;833
17;2025-12-05;23;416
17;2025-12-06;0;193
17;2025-12-06;1;22
17;2025-12-06;2;0
17;2025-12-06;3;0
17;2025-12-06;4;5
17;2025-12-06;5;120
17;2025-12-06;6;495
17;2025-12-06;7;1066
17;2025-12-06;8;1580
17;2025-12-06;9;2009
17;2025-12-06;10;2237
17;2025-12-06;11;2676
17;2025-12-06;12;3000
17;2025-12-06;13;3178
17;2025-12-06;14;3220
17;2025-12-06;15;3252
17;2025-12-06;16;3236
17;2025-12-06;17;3030
17;2025-12-06;18;2748
17;2025-12-06;19;2258
17;2025-12-06;20;1754
17;2025-12-06;21;1282
17;2025-12-06;22;798
17;2025-12-06;23;411
17;2025-12-07;0;164
17;2025-12-07;1;22
17;2025-12-07;2;1
17;2025-12-07;3;1
17;2025-12-07;4;4
17;2025-12-07;5;97
17;2025-12-07;6;395
17;2025-12-07;7;707
17;2025-12-07;8;1103
17;2025-12-07;9;1521
17;2025-12-07;10;1766
17;2025-12-07;11;2239
17;2025-12-07;12;2607
17;2025-12-07;13;2843
17;2025-12-07;14;2925
17;2025-12-07;15;2922
17;2025-12-07;16;2890
17;2025-12-07;17;2719
17;2025-12-07;18;2369
17;2025-12-07;19;1915
17;2025-12-07;20;1463
17;2025-12-07;21;1066
17;2025-12-07;22;681
17;2025-12-07;23;300
17;2025-12-08;0;110
17;2025-12-08;1;12
17;2025-12-08;2;0
17;2025-12-08;3;0
17;2025-12-08;4;26
17;2025-12-08;5;311
17;2025-12-08;6;1500
17;2025-12-08;7;3966
17;2025-12-08;8;5270
17;2025-12-08;9;3715
17;2025-12-08;10;2886
17;2025-12-08;11;2854
17;2025-12-08;12;2890
17;2025-12-08;13;2952
17;2025-12-08;14;3020
17;2025-12-08;15;3214
17;2025-12-08;16;3658
17;2025-12-08;17;4430
17;2025-12-08;18;4779
17;2025-12-08;19;3347
17;2025-12-08;20;2313
17;2025-12-08;21;1419
17;2025-12-08;22;755
17;2025-12-08;23;350
17;2025-12-09;0;115
17;2025-12-09;1;11
17;2025-12-09;2;1
17;2025-12-09;3;0
17;2025-12-09;4;27
17;2025-12-09;5;316
17;2025-12-09;6;1522
17;2025-12-09;7;4025
17;2025-12-09;8;5332
17;2025-12-09;9;3782
17;2025-12-09;10;2955
17;2025-12-09;11;2876
17;2025-12-09;12;2936
17;2025-12-09;13;2980
17;2025-12-09;14;3092
17;2025-12-09;15;3211
17;2025-12-09;16;3654
17;2025-12-09;17;4470
17;2025-12-09;18;4798
17;2025-12-09;19;3374
17;2025-12-09;20;2344
17;2025-12-09;21;1446
17;2025-12-09;22;765
17;2025-12-09;23;363
17;2025-12-10;0;119
17;2025-12-10;1;11
17;2025-12-10;2;0
17;2025-12-10;3;0
17;2025-12-10;4;26
17;2025-12-10;5;314
17;2025-12-10;6;1498
17;2025-12-10;7;3946
17;2025-12-10;8;5213
17;2025-12-10;9;3703
17;2025-12-10;10;2926
17;2025-12-10;11;2884
17;2025-12-10;12;2925
17;2025-12-10;13;2994
17;2025-12-10;14;3079
17;2025-12-10;15;3238
17;2025-12-10;16;3651
17;2025-12-10;17;4416
17;2025-12-10;18;4738
17;2025-12-10;19;3340
17;2025-12-10;20;2319
17;2025-12-10;21;1475
17;2025-12-10;22;787
17;2025-12-10;23;377
17;2025-12-11;0;126
17;2025-12-11;1;11
17;2025-12-11;2;0
17;2025-12-11;3;0
17;2025-12-11;4;25
17;2025-12-11;5;312
17;2025-12-11;6;1493
17;2025-12-11;7;3926
17;2025-12-11;8;5190
17;2025-12-11;9;3713
17;2025-12-11;10;2939
17;2025-12-11;11;2886
17;2025-12-11;12;2949
17;2025-12-11;13;2999
17;2025-12-11;14;3080
17;2025-12-11;15;3230
17;2025-12-11;16;3684
17;2025-12-11;17;4415
17;2025-12-11;18;4725
17;2025-12-11;19;3342
17;2025-12-11;20;2337
17;2025-12-11;21;1479
17;2025-12-11;22;796
17;2025-12-11;23;381
17;2025-12-12;0;130
17;2025-12-12;1;13
17;2025-12-12;2;0
17;2025-12-12;3;0
17;2025-12-12;4;25
17;2025-12-12;5;308
17;2025-12-12;6;1478
17;2025-12-12;7;3890
17;2025-12-12;8;5135
17;2025-12-12;9;3678
17;2025-12-12;10;2922
17;2025-12-12;11;2898
17;2025-12-12;12;2960
17;2025-12-12;13;3040
17;2025-12-12;14;3127
17;2025-12-12;15;3370
17;2025-12-12;16;3908
17;2025-12-12;17;4480
17;2025-12-12;18;4482
17;2025-12-12;19;3240
17;2025-12-12;20;2309
17;2025-12-12;21;1514
17;2025-12-12;22;833
17;2025-12-12;23;416
17;2025-12-13;0;192
17;2025-12-13;1;22
17;2025-12-13;2;0
17;2025-12-13;3;0
17;2025-12-13;4;5
17;2025-12-13;5;120
17;2025-12-13;6;495
17;2025-12-13;7;1065
17;2025-12-13;8;1579
17;2025-12-13;9;2007
17;2025-12-13;10;2234
17;2025-12-13;11;2673
17;2025-12-13;12;2997
17;2025-12-13;13;3174
17;2025-12-13;14;3216
17;2025-12-13;15;3248
17;2025-12-13;16;3232
17;2025-12-13;17;3027
17;2025-12-13;18;2745
17;2025-12-13;19;2255
17;2025-12-13;20;1752
17;2025-12-13;21;1281
17;2025-12-13;22;797
17;2025-12-13;23;410
17;2025-12-14;0;164
17;2025-12-14;1;22
17;2025-12-14;2;1
17;2025-12-14;3;1
17;2025-12-14;4;4
17;2025-12-14;5;97
17;2025-12-14;6;395
17;2025-12-14;7;707
17;2025-12-14;8;1103
17;2025-12-14;9;1521
17;2025-12-14;10;1766
17;2025-12-14;11;2239
17;2025-12-14;12;2607
17;2025-12-14;13;2843
17;2025-12-14;14;2925
17;2025-12-14;15;2922
17;2025-12-14;16;2890
17;2025-12-14;17;2719
17;2025-12-14;18;2369
17;2025-12-14;19;1915
17;2025-12-14;20;1463
17;2025-12-14;21;1066
17;2025-12-14;22;681
17;2025-12-14;23;300
17;2025-12-15;0;110
17;2025-12-15;1;12
17;2025-12-15;2;0
17;2025-12-15;3;0
17;2025-12-15;4;26
17;2025-12-15;5;311
17;2025-12-15;6;1499
17;2025-12-15;7;3964
17;2025-12-15;8;5268
17;2025-12-15;9;3714
17;2025-12-15;10;2885
17;2025-12-15;11;2852
17;2025-12-15;12;2889
17;2025-12-15;13;2950
17;2025-12-15;14;3018
17;2025-12-15;15;3213
17;2025-12-15;16;3656
17;2025-12-15;17;4428
17;2025-12-15;18;4777
17;2025-12-15;19;3345
17;2025-12-15;20;2312
17;2025-12-15;21;1418
17;2025-12-15;22;754
17;2025-12-15;23;350
17;2025-12-16;0;115
17;2025-12-16;1;11
17;2025-12-16;2;1
17;2025-12-16;3;0
17;2025-12-16;4;27
17;2025-12-16;5;316
17;2025-12-16;6;1521
17;2025-12-16;7;4023
17;2025-12-16;8;5330
17;2025-12-16;9;3781
17;2025-12-16;10;2953
17;2025-12-16;11;2875
17;2025-12-16;12;2934
17;2025-12-16;13;2979
17;2025-12-16;14;3090
17;2025-12-16;15;3209
17;2025-12-16;16;3652
17;2025-12-16;17;4468
17;2025-12-16;18;4796
17;2025-12-16;19;3373
17;2025-12-16;20;2343
17;2025-12-16;21;1446
17;2025-12-16;22;765
17;2025-12-16;23;363
17;2025-12-17;0;119
17;2025-12-17;1;11
17;2025-12-17;2;0
17;2025-12-17;3;0
17;2025-12-17;4;26
17;2025-12-17;5;313
17;2025-12-17;6;1498
17;2025-12-17;7;3944
17;2025-12-17;8;5210
17;2025-12-17;9;3701
17;2025-12-17;10;2924
17;2025-12-17;11;2883
17;2025-12-17;12;2923
17;2025-12-17;13;2992
17;2025-12-17;14;3078
17;2025-12-17;15;3237
17;2025-12-17;16;3649
17;2025-12-17;17;4415
17;2025-12-17;18;4736
17;2025-12-17;19;3339
17;2025-12-17;20;2318
17;2025-12-17;21;1475
17;2025-12-17;22;786
17;2025-12-17;23;377
17;2025-12-18;0;126
17;2025-12-18;1;11
17;2025-12-18;2;0
17;2025-12-18;3;0
17;2025-12-18;4;25
17;2025-12-18;5;312
17;2025-12-18;6;1492
17;2025-12-18;7;3924
17;2025-12-18;8;5188
17;2025-12-18;9;3711
17;2025-12-18;10;2938
17;2025-12-18;11;2885
17;2025-12-18;12;2948
17;2025-12-18;13;2998
17;2025-12-18;14;3079
17;2025-12-18;15;3229
17;2025-12-18;16;3683
17;2025-12-18;17;4413
17;2025-12-18;18;4723
17;2025-12-18;19;3341
17;2025-12-18;20;2336
17;2025-12-18;21;1479
17;2025-12-18;22;796
17;2025-12-18;23;381
17;2025-12-19;0;130
17;2025-12-19;1;13
17;2025-12-19;2;0
17;2025-12-19;3;0
17;2025-12-19;4;25
17;2025-12-19;5;308
17;2025-12-19;6;1478
17;2025-12-19;7;3888
17;2025-12-19;8;5133
17;2025-12-19;9;3676
17;2025-12-19;10;2920
17;2025-12-19;11;2896
17;2025-12-19;12;2959
17;2025-12-19;13;3039
17;2025-12-19;14;3126
17;2025-12-19;15;3369
17;2025-12-19;16;3907
17;2025-12-19;17;4478
17;2025-12-19;18;4481
17;2025-12-19;19;3239
17;2025-12-19;20;2308
17;2025-12-19;21;1513
17;2025-12-19;22;832
17;2025-12-19;23;416
17;2025-12-20;0;192
17;2025-12-20;1;22
17;2025-12-20;2;0
17;2025-12-20;3;0
17;2025-12-20;4;5
17;2025-12-20;5;119
17;2025-12-20;6;494
17;2025-12-20;7;1063
17;2025-12-20;8;1577
17;2025-12-20;9;2005
17;2025-12-20;10;2232
17;2025-12-20;11;2670
17;2025-12-20;12;2993
17;2025-12-20;13;3171
17;2025-12-20;14;3212
17;2025-12-20;15;3245
17;2025-12-20;16;3228
17;2025-12-20;17;3023
17;2025-12-20;18;2742
17;2025-12-20;19;2252
17;2025-12-20;20;1750
17;2025-12-20;21;1279
17;2025-12-20;22;796
17;2025-12-20;23;410
17;2025-12-21;0;164
17;2025-12-21;1;22
17;2025-12-21;2;1
17;2025-12-21;3;1
17;2025-12-21;4;4
17;2025-12-21;5;97
17;2025-12-21;6;395
17;2025-12-21;7;707
17;2025-12-21;8;1103
17;2025-12-21;9;1521
17;2025-12-21;10;1766
17;2025-12-21;11;2239
17;2025-12-21;12;2607
17;2025-12-21;13;2843
17;2025-12-21;14;2925
17;2025-12-21;15;2922
17;2025-12-21;16;2890
17;2025-12-21;17;2719
17;2025-12-21;18;2369
17;2025-12-21;19;1915
17;2025-12-21;20;1463
17;2025-12-21;21;1066
17;2025-12-21;22;681
17;2025-12-21;23;300
17;2025-12-22;0;110
17;2025-12-22;1;12
17;2025-12-22;2;0
17;2025-12-22;3;0
17;2025-12-22;4;26
17;2025-12-22;5;311
17;2025-12-22;6;1499
17;2025-12-22;7;3963
17;2025-12-22;8;5266
17;2025-12-22;9;3712
17;2025-12-22;10;2884
17;2025-12-22;11;2851
17;2025-12-22;12;2888
17;2025-12-22;13;2949
17;2025-12-22;14;3017
17;2025-12-22;15;3212
17;2025-12-22;16;3655
17;2025-12-22;17;4426
17;2025-12-22;18;4775
17;2025-12-22;19;3344
17;2025-12-22;20;2311
17;2025-12-22;21;1418
17;2025-12-22;22;754
17;2025-12-22;23;350
17;2025-12-23;0;115
17;2025-12-23;1;11
17;2025-12-23;2;1
17;2025-12-23;3;0
17;2025-12-23;4;27
17;2025-12-23;5;316
17;2025-12-23;6;1521
17;2025-12-23;7;4022
17;2025-12-23;8;5328
17;2025-12-23;9;3779
17;2025-12-23;10;2952
17;2025-12-23;11;2873
17;2025-12-23;12;2933
17;2025-12-23;13;2978
17;2025-12-23;14;3089
17;2025-12-23;15;3208
17;2025-12-23;16;3651
17;2025-12-23;17;4466
17;2025-12-23;18;4794
17;2025-12-23;19;3372
17;2025-12-23;20;2342
17;2025-12-23;21;1445
17;2025-12-23;22;765
17;2025-12-23;23;363
17;2025-12-24;0;119
17;2025-12-24;1;11
17;2025-12-24;2;0
17;2025-12-24;3;0
17;2025-12-24;4;26
17;2025-12-24;5;313
17;2025-12-24;6;1497
17;2025-12-24;7;3943
17;2025-12-24;8;5208
17;2025-12-24;9;3700
17;2025-12-24;10;2923
17;2025-12-24;11;2881
17;2025-12-24;12;2922
17;2025-12-24;13;2991
17;2025-12-24;14;3076
17;2025-12-24;15;3236
17;2025-12-24;16;3648
17;2025-12-24;17;4413
17;2025-12-24;18;4734
17;2025-12-24;19;3337
17;2025-12-24;20;2317
17;2025-12-24;21;1474
17;2025-12-24;22;786
17;2025-12-24;23;377
17;2025-12-25;0;126
17;2025-12-25;1;11
17;2025-12-25;2;0
17;2025-12-25;3;0
17;2025-12-25;4;25
17;2025-12-25;5;312
17;2025-12-25;6;1492
17;2025-12-25;7;3923
17;2025-12-25;8;5186
17;2025-12-25;9;3710
17;2025-12-25;10;2937
17;2025-12-25;11;2884
17;2025-12-25;12;2947
17;2025-12-25;13;2997
17;2025-12-25;14;3077
17;2025-12-25;15;3228
17;2025-12-25;16;3681
17;2025-12-25;17;4412
17;2025-12-25;18;4721
17;2025-12-25;19;3340
17;2025-12-25;20;2335
17;2025-12-25;21;1478
17;2025-12-25;22;796
17;2025-12-25;23;381
17;2025-12-26;0;130
17;2025-12-26;1;13
17;2025-12-26;2;0
17;2025-12-26;3;0
17;2025-12-26;4;25
17;2025-12-26;5;308
17;2025-12-26;6;1477
17;2025-12-26;7;3887
17;2025-12-26;8;5131
17;2025-12-26;9;3675
17;2025-12-26;10;2919
17;2025-12-26;11;2895
17;2025-12-26;12;2958
17;2025-12-26;13;3038
17;2025-12-26;14;3124
17;2025-12-26;15;3368
17;2025-12-26;16;3905
17;2025-12-26;17;4476
17;2025-12-26;18;4479
17;2025-12-26;19;3238
17;2025-12-26;20;2308
17;2025-12-26;21;1513
17;2025-12-26;22;832
17;2025-12-26;23;416
17;2025-12-27;0;192
17;2025-12-27;1;22
17;2025-12-27;2;0
17;2025-12-27;3;0
17;2025-12-27;4;5
17;2025-12-27;5;119
17;2025-12-27;6;494
17;2025-12-27;7;1062
17;2025-12-27;8;1575
17;2025-12-27;9;2003
17;2025-12-27;10;2229
17;2025-12-27;11;2668
17;2025-12-27;12;2990
17;2025-12-27;13;3168
17;2025-12-27;14;3209
17;2025-12-27;15;3241
17;2025-12-27;16;3225
17;2025-12-27;17;3020
17;2025-12-27;18;2739
17;2025-12-27;19;2250
17;2025-12-27;20;1748
17;2025-12-27;21;1278
17;2025-12-27;22;796
17;2025-12-27;23;409
17;2025-12-28;0;164
17;2025-12-28;1;22
17;2025-12-28;2;1
17;2025-12-28;3;1
17;2025-12-28;4;4
17;2025-12-28;5;97
17;2025-12-28;6;395
17;2025-12-28;7;707
17;2025-12-28;8;1103
17;2025-12-28;9;1521
17;2025-12-28;10;1766
17;2025-12-28;11;2239
17;2025-12-28;12;2607
17;2025-12-28;13;2842
17;2025-12-28;14;2925
17;2025-12-28;15;2922
17;2025-12-28;16;2890
17;2025-12-28;17;2719
17;2025-12-28;18;2369
17;2025-12-28;19;1915
17;2025-12-28;20;1463
17;2025-12-28;21;1066
17;2025-12-28;22;681
17;2025-12-28;23;300
17;2025-12-29;0;110
17;2025-12-29;1;12
17;2025-12-29;2;0
17;2025-12-29;3;0
17;2025-12-29;4;26
17;2025-12-29;5;311
17;2025-12-29;6;1498
17;2025-12-29;7;3961
17;2025-12-29;8;5264
17;2025-12-29;9;3711
17;2025-12-29;10;2883
17;2025-12-29;11;2850
17;2025-12-29;12;2887
17;2025-12-29;13;2948
17;2025-12-29;14;3016
17;2025-12-29;15;3211
17;2025-12-29;16;3653
17;2025-12-29;17;4424
17;2025-12-29;18;4774
17;2025-12-29;19;3343
17;2025-12-29;20;2310
17;2025-12-29;21;1417
17;2025-12-29;22;754
17;2025-12-29;23;350
17;2025-12-30;0;115
17;2025-12-30;1;11
17;2025-12-30;2;1
17;2025-12-30;3;0
17;2025-12-30;4;27
17;2025-12-30;5;316
17;2025-12-30;6;1520
17;2025-12-30;7;4020
17;2025-12-30;8;5326
17;2025-12-30;9;3778
17;2025-12-30;10;2951
17;2025-12-30;11;2872
17;2025-12-30;12;2932
17;2025-12-30;13;2977
17;2025-12-30;14;3088
17;2025-12-30;15;3207
17;2025-12-30;16;3650
17;2025-12-30;17;4464
17;2025-12-30;18;4792
17;2025-12-30;19;3370
17;2025-12-30;20;2341
17;2025-12-30;21;1444
17;2025-12-30;22;765
17;2025-12-30;23;362
17;2025-12-31;0;160
17;2025-12-31;1;22
17;2025-12-31;2;1
17;2025-12-31;3;1
17;2025-12-31;4;4
17;2025-12-31;5;97
17;2025-12-31;6;396
17;2025-12-31;7;713
17;2025-12-31;8;1098
17;2025-12-31;9;1501
17;2025-12-31;10;1731
17;2025-12-31;11;2181
17;2025-12-31;12;2565
17;2025-12-31;13;2813
17;2025-12-31;14;2898
17;2025-12-31;15;2919
17;2025-12-31;16;2896
17;2025-12-31;17;2733
17;2025-12-31;18;2388
17;2025-12-31;19;1940
17;2025-12-31;20;1486
17;2025-12-31;21;1091
17;2025-12-31;22;705
17;2025-12-31;23;312
25;2025-11-01;0;2
25;2025-11-01;1;0
25;2025-11-01;2;0
25;2025-11-01;3;0
25;2025-11-01;4;0
25;2025-11-01;5;6
25;2025-11-01;6;177
25;2025-11-01;7;530
25;2025-11-01;8;895
25;2025-11-01;9;470
25;2025-11-01;10;364
25;2025-11-01;11;415
25;2025-11-01;12;402
25;2025-11-01;13;510
25;2025-11-01;14;443
25;2025-11-01;15;531
25;2025-11-01;16;669
25;2025-11-01;17;731
25;2025-11-01;18;749
25;2025-11-01;19;499
25;2025-11-01;20;311
25;2025-11-01;21;208
25;2025-11-01;22;115
25;2025-11-01;23;9
25;2025-11-02;0;14
25;2025-11-02;1;0
25;2025-11-02;2;0
25;2025-11-02;3;0
25;2025-11-02;4;0
25;2025-11-02;5;3
25;2025-11-02;6;49
25;2025-11-02;7;90
25;2025-11-02;8;172
25;2025-11-02;9;192
25;2025-11-02;10;203
25;2025-11-02;11;272
25;2025-11-02;12;315
25;2025-11-02;13;412
25;2025-11-02;14;463
25;2025-11-02;15;527
25;2025-11-02;16;459
25;2025-11-02;17;421
25;2025-11-02;18;369
25;2025-11-02;19;298
25;2025-11-02;20;211
25;2025-11-02;21;167
25;2025-11-02;22;101
25;2025-11-02;23;38
25;2025-11-03;0;13
25;2025-11-03;1;0
25;2025-11-03;2;0
25;2025-11-03;3;0
25;2025-11-03;4;0
25;2025-11-03;5;2
25;2025-11-03;6;46
25;2025-11-03;7;88
25;2025-11-03;8;166
25;2025-11-03;9;184
25;2025-11-03;10;197
25;2025-11-03;11;257
25;2025-11-03;12;302
25;2025-11-03;13;392
25;2025-11-03;14;445
25;2025-11-03;15;511
25;2025-11-03;16;448
25;2025-11-03;17;413
25;2025-11-03;18;358
25;2025-11-03;19;293
25;2025-11-03;20;214
25;2025-11-03;21;168
25;2025-11-03;22;102
25;2025-11-03;23;39
25;2025-11-04;0;13
25;2025-11-04;1;0
25;2025-11-04;2;0
25;2025-11-04;3;0
25;2025-11-04;4;0
25;2025-11-04;5;2
25;2025-11-04;6;46
25;2025-11-04;7;88
25;2025-11-04;8;166
25;2025-11-04;9;184
25;2025-11-04;10;197
25;2025-11-04;11;257
25;2025-11-04;12;302
25;2025-11-04;13;392
25;2025-11-04;14;445
25;2025-11-04;15;511
25;2025-11-04;16;448
25;2025-11-04;17;413
25;2025-11-04;18;358
25;2025-11-04;19;293
25;2025-11-04;20;214
25;2025-11-04;21;168
25;2025-11-04;22;102
25;2025-11-04;23;39
25;2025-11-05;0;2
25;2025-11-05;1;0
25;2025-11-05;2;0
25;2025-11-05;3;0
25;2025-11-05;4;0
25;2025-11-05;5;6
25;2025-11-05;6;176
25;2025-11-05;7;520
25;2025-11-05;8;888
25;2025-11-05;9;468
25;2025-11-05;10;359
25;2025-11-05;11;414
25;2025-11-05;12;408
25;2025-11-05;13;521
25;2025-11-05;14;437
25;2025-11-05;15;524
25;2025-11-05;16;651
25;2025-11-05;17;722
25;2025-11-05;18;756
25;2025-11-05;19;496
25;2025-11-05;20;319
25;2025-11-05;21;209
25;2025-11-05;22;114
25;2025-11-05;23;8
25;2025-11-06;0;1
25;2025-11-06;1;0
25;2025-11-06;2;0
25;2025-11-06;3;0
25;2025-11-06;4;0
25;2025-11-06;5;6
25;2025-11-06;6;171
25;2025-11-06;7;513
25;2025-11-06;8;879
25;2025-11-06;9;454
25;2025-11-06;10;361
25;2025-11-06;11;402
25;2025-11-06;12;394
25;2025-11-06;13;498
25;2025-11-06;14;445
25;2025-11-06;15;532
25;2025-11-06;16;647
25;2025-11-06;17;720
25;2025-11-06;18;737
25;2025-11-06;19;495
25;2025-11-06;20;305
25;2025-11-06;21;208
25;2025-11-06;22;114
25;2025-11-06;23;10
25;2025-11-07;0;2
25;2025-11-07;1;0
25;2025-11-07;2;0
25;2025-11-07;3;0
25;2025-11-07;4;0
25;2025-11-07;5;5
25;2025-11-07;6;171
25;2025-11-07;7;510
25;2025-11-07;8;849
25;2025-11-07;9;450
25;2025-11-07;10;355
25;2025-11-07;11;414
25;2025-11-07;12;407
25;2025-11-07;13;511
25;2025-11-07;14;466
25;2025-11-07;15;558
25;2025-11-07;16;691
25;2025-11-07;17;736
25;2025-11-07;18;685
25;2025-11-07;19;480
25;2025-11-07;20;304
25;2025-11-07;21;212
25;2025-11-07;22;123
25;2025-11-07;23;12
25;2025-11-08;0;3
25;2025-11-08;1;0
25;2025-11-08;2;0
25;2025-11-08;3;0
25;2025-11-08;4;0
25;2025-11-08;5;3
25;2025-11-08;6;64
25;2025-11-08;7;130
25;2025-11-08;8;292
25;2025-11-08;9;265
25;2025-11-08;10;266
25;2025-11-08;11;364
25;2025-11-08;12;374
25;2025-11-08;13;532
25;2025-11-08;14;545
25;2025-11-08;15;634
25;2025-11-08;16;569
25;2025-11-08;17;477
25;2025-11-08;18;441
25;2025-11-08;19;395
25;2025-11-08;20;246
25;2025-11-08;21;202
25;2025-11-08;22;129
25;2025-11-08;23;51
25;2025-11-09;0;14
25;2025-11-09;1;0
25;2025-11-09;2;0
25;2025-11-09;3;0
25;2025-11-09;4;0
25;2025-11-09;5;3
25;2025-11-09;6;49
25;2025-11-09;7;90
25;2025-11-09;8;172
25;2025-11-09;9;192
25;2025-11-09;10;203
25;2025-11-09;11;272
25;2025-11-09;12;315
25;2025-11-09;13;412
25;2025-11-09;14;463
25;2025-11-09;15;527
25;2025-11-09;16;458
25;2025-11-09;17;421
25;2025-11-09;18;369
25;2025-11-09;19;298
25;2025-11-09;20;211
25;2025-11-09;21;166
25;2025-11-09;22;101
25;2025-11-09;23;38
25;2025-11-10;0;6
25;2025-11-10;1;0
25;2025-11-10;2;0
25;2025-11-10;3;0
25;2025-11-10;4;0
25;2025-11-10;5;5
25;2025-11-10;6;172
25;2025-11-10;7;522
25;2025-11-10;8;884
25;2025-11-10;9;463
25;2025-11-10;10;345
25;2025-11-10;11;398
25;2025-11-10;12;386
25;2025-11-10;13;506
25;2025-11-10;14;420
25;2025-11-10;15;506
25;2025-11-10;16;661
25;2025-11-10;17;720
25;2025-11-10;18;757
25;2025-11-10;19;491
25;2025-11-10;20;300
25;2025-11-10;21;203
25;2025-11-10;22;110
25;2025-11-10;23;11
25;2025-11-11;0;2
25;2025-11-11;1;0
25;2025-11-11;2;0
25;2025-11-11;3;0
25;2025-11-11;4;0
25;2025-11-11;5;5
25;2025-11-11;6;174
25;2025-11-11;7;525
25;2025-11-11;8;883
25;2025-11-11;9;473
25;2025-11-11;10;367
25;2025-11-11;11;416
25;2025-11-11;12;384
25;2025-11-11;13;480
25;2025-11-11;14;430
25;2025-11-11;15;518
25;2025-11-11;16;649
25;2025-11-11;17;706
25;2025-11-11;18;740
25;2025-11-11;19;500
25;2025-11-11;20;305
25;2025-11-11;21;203
25;2025-11-11;22;110
25;2025-11-11;23;10
25;2025-11-12;0;2
25;2025-11-12;1;0
25;2025-11-12;2;0
25;2025-11-12;3;0
25;2025-11-12;4;0
25;2025-11-12;5;6
25;2025-11-12;6;176
25;2025-11-12;7;519
25;2025-11-12;8;886
25;2025-11-12;9;467
25;2025-11-12;10;358
25;2025-11-12;11;413
25;2025-11-12;12;407
25;2025-11-12;13;520
25;2025-11-12;14;436
25;2025-11-12;15;523
25;2025-11-12;16;649
25;2025-11-12;17;720
25;2025-11-12;18;755
25;2025-11-12;19;495
25;2025-11-12;20;318
25;2025-11-12;21;209
25;2025-11-12;22;114
25;2025-11-12;23;8
25;2025-11-13;0;1
25;2025-11-13;1;0
25;2025-11-13;2;0
25;2025-11-13;3;0
25;2025-11-13;4;0
25;2025-11-13;5;6
25;2025-11-13;6;170
25;2025-11-13;7;512
25;2025-11-13;8;877
25;2025-11-13;9;453
25;2025-11-13;10;361
25;2025-11-13;11;401
25;2025-11-13;12;393
25;2025-11-13;13;496
25;2025-11-13;14;444
25;2025-11-13;15;531
25;2025-11-13;16;646
25;2025-11-13;17;718
25;2025-11-13;18;735
25;2025-11-13;19;494
25;2025-11-13;20;304
25;2025-11-13;21;208
25;2025-11-13;22;114
25;2025-11-13;23;10
25;2025-11-14;0;2
25;2025-11-14;1;0
25;2025-11-14;2;0
25;2025-11-14;3;0
25;2025-11-14;4;0
25;2025-11-14;5;5
25;2025-11-14;6;170
25;2025-11-14;7;509
25;2025-11-14;8;847
25;2025-11-14;9;449
25;2025-11-14;10;354
25;2025-11-14;11;413
25;2025-11-14;12;406
25;2025-11-14;13;510
25;2025-11-14;14;465
25;2025-11-14;15;557
25;2025-11-14;16;689
25;2025-11-14;17;734
25;2025-11-14;18;683
25;2025-11-14;19;479
25;2025-11-14;20;303
25;2025-11-14;21;211
25;2025-11-14;22;122
25;2025-11-14;23;12
25;2025-11-15;0;3
25;2025-11-15;1;0
25;2025-11-15;2;0
25;2025-11-15;3;0
25;2025-11-15;4;0
25;2025-11-15;5;3
25;2025-11-15;6;64
25;2025-11-15;7;129
25;2025-11-15;8;292
25;2025-11-15;9;264
25;2025-11-15;10;266
25;2025-11-15;11;364
25;2025-11-15;12;373
25;2025-11-15;13;531
25;2025-11-15;14;544
25;2025-11-15;15;632
25;2025-11-15;16;568
25;2025-11-15;17;476
25;2025-11-15;18;440
25;2025-11-15;19;394
25;2025-11-15;20;245
25;2025-11-15;21;202
25;2025-11-15;22;129
25;2025-11-15;23;50
25;2025-11-16;0;14
25;2025-11-16;1;0
25;2025-11-16;2;0
25;2025-11-16;3;0
25;2025-11-16;4;0
25;2025-11-16;5;3
25;2025-11-16;6;49
25;2025-11-16;7;90
25;2025-11-16;8;172
25;2025-11-16;9;192
25;2025-11-16;10;203
25;2025-11-16;11;272
25;2025-11-16;12;315
25;2025-11-16;13;412
25;2025-11-16;14;463
25;2025-11-16;15;527
25;2025-11-16;16;458
25;2025-11-16;17;421
25;2025-11-16;18;368
25;2025-11-16;19;298
25;2025-11-16;20;211
25;2025-11-16;21;166
25;2025-11-16;22;101
25;2025-11-16;23;38
25;2025-11-17;0;6
25;2025-11-17;1;0
25;2025-11-17;2;0
25;2025-11-17;3;0
25;2025-11-17;4;0
25;2025-11-17;5;5
25;2025-11-17;6;171
25;2025-11-17;7;521
25;2025-11-17;8;883
25;2025-11-17;9;462
25;2025-11-17;10;344
25;2025-11-17;11;397
25;2025-11-17;12;386
25;2025-11-17;13;505
25;2025-11-17;14;419
25;2025-11-17;15;505
25;2025-11-17;16;659
25;2025-11-17;17;719
25;2025-11-17;18;756
25;2025-11-17;19;490
25;2025-11-17;20;300
25;2025-11-17;21;202
25;2025-11-17;22;109
25;2025-11-17;23;11
25;2025-11-18;0;2
25;2025-11-18;1;0
25;2025-11-18;2;0
25;2025-11-18;3;0
25;2025-11-18;4;0
25;2025-11-18;5;5
25;2025-11-18;6;173
25;2025-11-18;7;524
25;2025-11-18;8;881
25;2025-11-18;9;472
25;2025-11-18;10;366
25;2025-11-18;11;415
25;2025-11-18;12;383
25;2025-11-18;13;479
25;2025-11-18;14;430
25;2025-11-18;15;517
25;2025-11-18;16;648
25;2025-11-18;17;705
25;2025-11-18;18;738
25;2025-11-18;19;499
25;2025-11-18;20;305
25;2025-11-18;21;203
25;2025-11-18;22;110
25;2025-11-18;23;10
25;2025-11-19;0;2
25;2025-11-19;1;0
25;2025-11-19;2;0
25;2025-11-19;3;0
25;2025-11-19;4;0
25;2025-11-19;5;6
25;2025-11-19;6;175
25;2025-11-19;7;518
25;2025-11-19;8;885
25;2025-11-19;9;466
25;2025-11-19;10;357
25;2025-11-19;11;412
25;2025-11-19;12;406
25;2025-11-19;13;519
25;2025-11-19;14;435
25;2025-11-19;15;521
25;2025-11-19;16;648
25;2025-11-19;17;719
25;2025-11-19;18;753
25;2025-11-19;19;494
25;2025-11-19;20;317
25;2025-11-19;21;208
25;2025-11-19;22;113
25;2025-11-19;23;8
25;2025-11-20;0;1
25;2025-11-20;1;0
25;2025-11-20;2;0
25;2025-11-20;3;0
25;2025-11-20;4;0
25;2025-11-20;5;6
25;2025-11-20;6;170
25;2025-11-20;7;510
25;2025-11-20;8;875
25;2025-11-20;9;452
25;2025-11-20;10;360
25;2025-11-20;11;400
25;2025-11-20;12;393
25;2025-11-20;13;495
25;2025-11-20;14;443
25;2025-11-20;15;530
25;2025-11-20;16;644
25;2025-11-20;17;717
25;2025-11-20;18;734
25;2025-11-20;19;493
25;2025-11-20;20;303
25;2025-11-20;21;207
25;2025-11-20;22;114
25;2025-11-20;23;10
25;2025-11-21;0;2
25;2025-11-21;1;0
25;2025-11-21;2;0
25;2025-11-21;3;0
25;2025-11-21;4;0
25;2025-11-21;5;5
25;2025-11-21;6;170
25;2025-11-21;7;508
25;2025-11-21;8;845
25;2025-11-21;9;448
25;2025-11-21;10;353
25;2025-11-21;11;412
25;2025-11-21;12;405
25;2025-11-21;13;509
25;2025-11-21;14;464
25;2025-11-21;15;556
25;2025-11-21;16;688
25;2025-11-21;17;733
25;2025-11-21;18;682
25;2025-11-21;19;478
25;2025-11-21;20;303
25;2025-11-21;21;211
25;2025-11-21;22;122
25;2025-11-21;23;12
25;2025-11-22;0;3
25;2025-11-22;1;0
25;2025-11-22;2;0
25;2025-11-22;3;0
25;2025-11-22;4;0
25;2025-11-22;5;3
25;2025-11-22;6;64
25;2025-11-22;7;129
25;2025-11-22;8;291
25;2025-11-22;9;264
25;2025-11-22;10;265
25;2025-11-22;11;363
25;2025-11-22;12;372
25;2025-11-22;13;530
25;2025-11-22;14;542
25;2025-11-22;15;631
25;2025-11-22;16;566
25;2025-11-22;17;475
25;2025-11-22;18;439
25;2025-11-22;19;393
25;2025-11-22;20;245
25;2025-11-22;21;201
25;2025-11-22;22;128
25;2025-11-22;23;50
25;2025-11-23;0;14
25;2025-11-23;1;0
25;2025-11-23;2;0
25;2025-11-23;3;0
25;2025-11-23;4;0
25;2025-11-23;5;3
25;2025-11-23;6;49
25;2025-11-23;7;90
25;2025-11-23;8;172
25;2025-11-23;9;192
25;2025-11-23;10;203
25;2025-11-23;11;272
25;2025-11-23;12;315
25;2025-11-23;13;412
25;2025-11-23;14;463
25;2025-11-23;15;527
25;2025-11-23;16;458
25;2025-11-23;17;421
25;2025-11-23;18;368
25;2025-11-23;19;298
25;2025-11-23;20;211
25;2025-11-23;21;166
25;2025-11-23;22;101
25;2025-11-23;23;38
25;2025-11-24;0;6
25;2025-11-24;1;0
25;2025-11-24;2;0
25;2025-11-24;3;0
25;2025-11-24;4;0
25;2025-11-24;5;5
25;2025-11-24;6;171
25;2025-11-24;7;520
25;2025-11-24;8;881
25;2025-11-24;9;461
25;2025-11-24;10;343
25;2025-11-24;11;396
25;2025-11-24;12;385
25;2025-11-24;13;504
25;2025-11-24;14;418
25;2025-11-24;15;504
25;2025-11-24;16;658
25;2025-11-24;17;717
25;2025-11-24;18;754
25;2025-11-24;19;489
25;2025-11-24;20;299
25;2025-11-24;21;202
25;2025-11-24;22;109
25;2025-11-24;23;11
25;2025-11-25;0;2
25;2025-11-25;1;0
25;2025-11-25;2;0
25;2025-11-25;3;0
25;2025-11-25;4;0
25;2025-11-25;5;5
25;2025-11-25;6;173
25;2025-11-25;7;523
25;2025-11-25;8;879
25;2025-11-25;9;471
25;2025-11-25;10;365
25;2025-11-25;11;414
25;2025-11-25;12;382
25;2025-11-25;13;478
25;2025-11-25;14;429
25;2025-11-25;15;516
25;2025-11-25;16;646
25;2025-11-25;17;704
25;2025-11-25;18;737
25;2025-11-25;19;497
25;2025-11-25;20;304
25;2025-11-25;21;202
25;2025-11-25;22;110
25;2025-11-25;23;10
25;2025-11-26;0;2
25;2025-11-26;1;0
25;2025-11-26;2;0
25;2025-11-26;3;0
25;2025-11-26;4;0
25;2025-11-26;5;6
25;2025-11-26;6;175
25;2025-11-26;7;517
25;2025-11-26;8;883
25;2025-11-26;9;465
25;2025-11-26;10;357
25;2025-11-26;11;411
25;2025-11-26;12;405
25;2025-11-26;13;518
25;2025-11-26;14;434
25;2025-11-26;15;520
25;2025-11-26;16;646
25;2025-11-26;17;718
25;2025-11-26;18;752
25;2025-11-26;19;493
25;2025-11-26;20;317
25;2025-11-26;21;208
25;2025-11-26;22;113
25;2025-11-26;23;8
25;2025-11-27;0;1
25;2025-11-27;1;0
25;2025-11-27;2;0
25;2025-11-27;3;0
25;2025-11-27;4;0
25;2025-11-27;5;6
25;2025-11-27;6;170
25;2025-11-27;7;509
25;2025-11-27;8;874
25;2025-11-27;9;451
25;2025-11-27;10;359
25;2025-11-27;11;399
25;2025-11-27;12;392
25;2025-11-27;13;494
25;2025-11-27;14;442
25;2025-11-27;15;529
25;2025-11-27;16;643
25;2025-11-27;17;716
25;2025-11-27;18;732
25;2025-11-27;19;492
25;2025-11-27;20;303
25;2025-11-27;21;207
25;2025-11-27;22;114
25;2025-11-27;23;10
25;2025-11-28;0;2
25;2025-11-28;1;0
25;2025-11-28;2;0
25;2025-11-28;3;0
25;2025-11-28;4;0
25;2025-11-28;5;5
25;2025-11-28;6;169
25;2025-11-28;7;507
25;2025-11-28;8;844
25;2025-11-28;9;448
25;2025-11-28;10;352
25;2025-11-28;11;411
25;2025-11-28;12;404
25;2025-11-28;13;508
25;2025-11-28;14;463
25;2025-11-28;15;555
25;2025-11-28;16;686
25;2025-11-28;17;731
25;2025-11-28;18;681
25;2025-11-28;19;477
25;2025-11-28;20;302
25;2025-11-28;21;210
25;2025-11-28;22;122
25;2025-11-28;23;12
25;2025-11-29;0;3
25;2025-11-29;1;0
25;2025-11-29;2;0
25;2025-11-29;3;0
25;2025-11-29;4;0
25;2025-11-29;5;3
25;2025-11-29;6;64
25;2025-11-29;7;129
25;2025-11-29;8;291
25;2025-11-29;9;263
25;2025-11-29;10;265
25;2025-11-29;11;362
25;2025-11-29;12;371
25;2025-11-29;13;529
25;2025-11-29;14;541
25;2025-11-29;15;629
25;2025-11-29;16;565
25;2025-11-29;17;474
25;2025-11-29;18;438
25;2025-11-29;19;392
25;2025-11-29;20;244
25;2025-11-29;21;201
25;2025-11-29;22;128
25;2025-11-29;23;50
25;2025-11-30;0;14
25;2025-11-30;1;0
25;2025-11-30;2;0
25;2025-11-30;3;0
25;2025-11-30;4;0
25;2025-11-30;5;3
25;2025-11-30;6;49
25;2025-11-30;7;90
25;2025-11-30;8;172
25;2025-11-30;9;192
25;2025-11-30;10;203
25;2025-11-30;11;271
25;2025-11-30;12;315
25;2025-11-30;13;412
25;2025-11-30;14;463
25;2025-11-30;15;527
25;2025-11-30;16;458
25;2025-11-30;17;420
25;2025-11-30;18;368
25;2025-11-30;19;298
25;2025-11-30;20;211
25;2025-11-30;21;166
25;2025-11-30;22;101
25;2025-11-30;23;38
25;2025-12-01;0;6
25;2025-12-01;1;0
25;2025-12-01;2;0
25;2025-12-01;3;0
25;2025-12-01;4;0
25;2025-12-01;5;5
25;2025-12-01;6;171
25;2025-12-01;7;519
25;2025-12-01;8;879
25;2025-12-01;9;460
25;2025-12-01;10;343
25;2025-12-01;11;395
25;2025-12-01;12;384
25;2025-12-01;13;503
25;2025-12-01;14;417
25;2025-12-01;15;503
25;2025-12-01;16;657
25;2025-12-01;17;716
25;2025-12-01;18;753
25;2025-12-01;19;488
25;2025-12-01;20;298
25;2025-12-01;21;201
25;2025-12-01;22;109
25;2025-12-01;23;11
25;2025-12-02;0;2
25;2025-12-02;1;0
25;2025-12-02;2;0
25;2025-12-02;3;0
25;2025-12-02;4;0
25;2025-12-02;5;5
25;2025-12-02;6;173
25;2025-12-02;7;522
25;2025-12-02;8;878
25;2025-12-02;9;470
25;2025-12-02;10;364
25;2025-12-02;11;413
25;2025-12-02;12;382
25;2025-12-02;13;478
25;2025-12-02;14;428
25;2025-12-02;15;515
25;2025-12-02;16;645
25;2025-12-02;17;702
25;2025-12-02;18;735
25;2025-12-02;19;497
25;2025-12-02;20;304
25;2025-12-02;21;202
25;2025-12-02;22;109
25;2025-12-02;23;10
25;2025-12-03;0;2
25;2025-12-03;1;0
25;2025-12-03;2;0
25;2025-12-03;3;0
25;2025-12-03;4;0
25;2025-12-03;5;6
25;2025-12-03;6;175
25;2025-12-03;7;516
25;2025-12-03;8;881
25;2025-12-03;9;464
25;2025-12-03;10;356
25;2025-12-03;11;411
25;2025-12-03;12;404
25;2025-12-03;13;517
25;2025-12-03;14;433
25;2025-12-03;15;519
25;2025-12-03;16;645
25;2025-12-03;17;716
25;2025-12-03;18;750
25;2025-12-03;19;492
25;2025-12-03;20;316
25;2025-12-03;21;208
25;2025-12-03;22;113
25;2025-12-03;23;8
25;2025-12-04;0;1
25;2025-12-04;1;0
25;2025-12-04;2;0
25;2025-12-04;3;0
25;2025-12-04;4;0
25;2025-12-04;5;6
25;2025-12-04;6;169
25;2025-12-04;7;509
25;2025-12-04;8;872
25;2025-12-04;9;450
25;2025-12-04;10;358
25;2025-12-04;11;399
25;2025-12-04;12;391
25;2025-12-04;13;494
25;2025-12-04;14;441
25;2025-12-04;15;528
25;2025-12-04;16;642
25;2025-12-04;17;714
25;2025-12-04;18;731
25;2025-12-04;19;491
25;2025-12-04;20;302
25;2025-12-04;21;207
25;2025-12-04;22;114
25;2025-12-04;23;10
25;2025-12-05;0;2
25;2025-12-05;1;0
25;2025-12-05;2;0
25;2025-12-05;3;0
25;2025-12-05;4;0
25;2025-12-05;5;5
25;2025-12-05;6;169
25;2025-12-05;7;506
25;2025-12-05;8;842
25;2025-12-05;9;447
25;2025-12-05;10;352
25;2025-12-05;11;411
25;2025-12-05;12;404
25;2025-12-05;13;507
25;2025-12-05;14;462
25;2025-12-05;15;554
25;2025-12-05;16;685
25;2025-12-05;17;730
25;2025-12-05;18;679
25;2025-12-05;19;476
25;2025-12-05;20;302
25;2025-12-05;21;210
25;2025-12-05;22;122
25;2025-12-05;23;12
25;2025-12-06;0;3
25;2025-12-06;1;0
25;2025-12-06;2;0
25;2025-12-06;3;0
25;2025-12-06;4;0
25;2025-12-06;5;3
25;2025-12-06;6;63
25;2025-12-06;7;129
25;2025-12-06;8;290
25;2025-12-06;9;263
25;2025-12-06;10;264
25;2025-12-06;11;361
25;2025-12-06;12;371
25;2025-12-06;13;528
25;2025-12-06;14;540
25;2025-12-06;15;628
25;2025-12-06;16;564
25;2025-12-06;17;473
25;2025-12-06;18;437
25;2025-12-06;19;392
25;2025-12-06;20;244
25;2025-12-06;21;200
25;2025-12-06;22;128
25;2025-12-06;23;50
25;2025-12-07;0;14
25;2025-12-07;1;0
25;2025-12-07;2;0
25;2025-12-07;3;0
25;2025-12-07;4;0
25;2025-12-07;5;3
25;2025-12-07;6;49
25;2025-12-07;7;90
25;2025-12-07;8;172
25;2025-12-07;9;192
25;2025-12-07;10;203
25;2025-12-07;11;271
25;2025-12-07;12;315
25;2025-12-07;13;412
25;2025-12-07;14;463
25;2025-12-07;15;526
25;2025-12-07;16;458
25;2025-12-07;17;420
25;2025-12-07;18;368
25;2025-12-07;19;298
25;2025-12-07;20;211
25;2025-12-07;21;166
25;2025-12-07;22;101
25;2025-12-07;23;38
25;2025-12-08;0;6
25;2025-12-08;1;0
25;2025-12-08;2;0
25;2025-12-08;3;0
25;2025-12-08;4;0
25;2025-12-08;5;5
25;2025-12-08;6;170
25;2025-12-08;7;518
25;2025-12-08;8;877
25;2025-12-08;9;459
25;2025-12-08;10;342
25;2025-12-08;11;395
25;2025-12-08;12;383
25;2025-12-08;13;502
25;2025-12-08;14;417
25;2025-12-08;15;502
25;2025-12-08;16;656
25;2025-12-08;17;715
25;2025-12-08;18;751
25;2025-12-08;19;488
25;2025-12-08;20;298
25;2025-12-08;21;201
25;2025-12-08;22;109
25;2025-12-08;23;10
25;2025-12-09;0;2
25;2025-12-09;1;0
25;2025-12-09;2;0
25;2025-12-09;3;0
25;2025-12-09;4;0
25;2025-12-09;5;5
25;2025-12-09;6;172
25;2025-12-09;7;521
25;2025-12-09;8;876
25;2025-12-09;9;469
25;2025-12-09;10;364
25;2025-12-09;11;412
25;2025-12-09;12;381
25;2025-12-09;13;477
25;2025-12-09;14;427
25;2025-12-09;15;514
25;2025-12-09;16;644
25;2025-12-09;17;701
25;2025-12-09;18;734
25;2025-12-09;19;496
25;2025-12-09;20;303
25;2025-12-09;21;202
25;2025-12-09;22;109
25;2025-12-09;23;10
25;2025-12-10;0;2
25;2025-12-10;1;0
25;2025-12-10;2;0
25;2025-12-10;3;0
25;2025-12-10;4;0
25;2025-12-10;5;6
25;2025-12-10;6;174
25;2025-12-10;7;515
25;2025-12-10;8;880
25;2025-12-10;9;463
25;2025-12-10;10;355
25;2025-12-10;11;410
25;2025-12-10;12;404
25;2025-12-10;13;516
25;2025-12-10;14;433
25;2025-12-10;15;518
25;2025-12-10;16;644
25;2025-12-10;17;715
25;2025-12-10;18;749
25;2025-12-10;19;491
25;2025-12-10;20;316
25;2025-12-10;21;207
25;2025-12-10;22;113
25;2025-12-10;23;8
25;2025-12-11;0;1
25;2025-12-11;1;0
25;2025-12-11;2;0
25;2025-12-11;3;0
25;2025-12-11;4;0
25;2025-12-11;5;6
25;2025-12-11;6;169
25;2025-12-11;7;508
25;2025-12-11;8;871
25;2025-12-11;9;450
25;2025-12-11;10;358
25;2025-12-11;11;398
25;2025-12-11;12;390
25;2025-12-11;13;493
25;2025-12-11;14;441
25;2025-12-11;15;527
25;2025-12-11;16;641
25;2025-12-11;17;713
25;2025-12-11;18;730
25;2025-12-11;19;490
25;2025-12-11;20;302
25;2025-12-11;21;206
25;2025-12-11;22;113
25;2025-12-11;23;10
25;2025-12-12;0;2
25;2025-12-12;1;0
25;2025-12-12;2;0
25;2025-12-12;3;0
25;2025-12-12;4;0
25;2025-12-12;5;5
25;2025-12-12;6;169
25;2025-12-12;7;505
25;2025-12-12;8;841
25;2025-12-12;9;446
25;2025-12-12;10;351
25;2025-12-12;11;410
25;2025-12-12;12;403
25;2025-12-12;13;506
25;2025-12-12;14;461
25;2025-12-12;15;553
25;2025-12-12;16;684
25;2025-12-12;17;729
25;2025-12-12;18;678
25;2025-12-12;19;475
25;2025-12-12;20;301
25;2025-12-12;21;210
25;2025-12-12;22;121
25;2025-12-12;23;12
25;2025-12-13;0;3
25;2025-12-13;1;0
25;2025-12-13;2;0
25;2025-12-13;3;0
25;2025-12-13;4;0
25;2025-12-13;5;3
25;2025-12-13;6;63
25;2025-12-13;7;128
25;2025-12-13;8;289
25;2025-12-13;9;262
25;2025-12-13;10;264
25;2025-12-13;11;361
25;2025-12-13;12;370
25;2025-12-13;13;527
25;2025-12-13;14;539
25;2025-12-13;15;627
25;2025-12-13;16;563
25;2025-12-13;17;472
25;2025-12-13;18;436
25;2025-12-13;19;391
25;2025-12-13;20;243
25;2025-12-13;21;200
25;2025-12-13;22;127
25;2025-12-13;23;50
25;2025-12-14;0;14
25;2025-12-14;1;0
25;2025-12-14;2;0
25;2025-12-14;3;0
25;2025-12-14;4;0
25;2025-12-14;5;3
25;2025-12-14;6;49
25;2025-12-14;7;90
25;2025-12-14;8;172
25;2025-12-14;9;192
25;2025-12-14;10;203
25;2025-12-14;11;271
25;2025-12-14;12;315
25;2025-12-14;13;412
25;2025-12-14;14;463
25;2025-12-14;15;526
25;2025-12-14;16;458
25;2025-12-14;17;420
25;2025-12-14;18;368
25;2025-12-14;19;298
25;2025-12-14;20;211
25;2025-12-14;21;166
25;2025-12-14;22;101
25;2025-12-14;23;38
25;2025-12-15;0;6
25;2025-12-15;1;0
25;2025-12-15;2;0
25;2025-12-15;3;0
25;2025-12-15;4;0
25;2025-12-15;5;5
25;2025-12-15;6;170
25;2025-12-15;7;517
25;2025-12-15;8;876
25;2025-12-15;9;458
25;2025-12-15;10;342
25;2025-12-15;11;394
25;2025-12-15;12;383
25;2025-12-15;13;501
25;2025-12-15;14;416
25;2025-12-15;15;501
25;2025-12-15;16;655
25;2025-12-15;17;714
25;2025-12-15;18;750
25;2025-12-15;19;487
25;2025-12-15;20;297
25;2025-12-15;21;201
25;2025-12-15;22;109
25;2025-12-15;23;10
25;2025-12-16;0;2
25;2025-12-16;1;0
25;2025-12-16;2;0
25;2025-12-16;3;0
25;2025-12-16;4;0
25;2025-12-16;5;5
25;2025-12-16;6;172
25;2025-12-16;7;520
25;2025-12-16;8;875
25;2025-12-16;9;469
25;2025-12-16;10;363
25;2025-12-16;11;412
25;2025-12-16;12;380
25;2025-12-16;13;476
25;2025-12-16;14;426
25;2025-12-16;15;513
25;2025-12-16;16;643
25;2025-12-16;17;700
25;2025-12-16;18;733
25;2025-12-16;19;495
25;2025-12-16;20;303
25;2025-12-16;21;201
25;2025-12-16;22;109
25;2025-12-16;23;10
25;2025-12-17;0;2
25;2025-12-17;1;0
25;2025-12-17;2;0
25;2025-12-17;3;0
25;2025-12-17;4;0
25;2025-12-17;5;6
25;2025-12-17;6;174
25;2025-12-17;7;514
25;2025-12-17;8;878
25;2025-12-17;9;462
25;2025-12-17;10;355
25;2025-12-17;11;409
25;2025-12-17;12;403
25;2025-12-17;13;515
25;2025-12-17;14;432
25;2025-12-17;15;518
25;2025-12-17;16;643
25;2025-12-17;17;714
25;2025-12-17;18;748
25;2025-12-17;19;491
25;2025-12-17;20;315
25;2025-12-17;21;207
25;2025-12-17;22;113
25;2025-12-17;23;8
25;2025-12-18;0;1
25;2025-12-18;1;0
25;2025-12-18;2;0
25;2025-12-18;3;0
25;2025-12-18;4;0
25;2025-12-18;5;6
25;2025-12-18;6;169
25;2025-12-18;7;507
25;2025-12-18;8;869
25;2025-12-18;9;449
25;2025-12-18;10;357
25;2025-12-18;11;397
25;2025-12-18;12;390
25;2025-12-18;13;492
25;2025-12-18;14;440
25;2025-12-18;15;526
25;2025-12-18;16;640
25;2025-12-18;17;712
25;2025-12-18;18;728
25;2025-12-18;19;489
25;2025-12-18;20;301
25;2025-12-18;21;206
25;2025-12-18;22;113
25;2025-12-18;23;10
25;2025-12-19;0;2
25;2025-12-19;1;0
25;2025-12-19;2;0
25;2025-12-19;3;0
25;2025-12-19;4;0
25;2025-12-19;5;5
25;2025-12-19;6;169
25;2025-12-19;7;505
25;2025-12-19;8;839
25;2025-12-19;9;445
25;2025-12-19;10;350
25;2025-12-19;11;409
25;2025-12-19;12;402
25;2025-12-19;13;505
25;2025-12-19;14;461
25;2025-12-19;15;552
25;2025-12-19;16;683
25;2025-12-19;17;727
25;2025-12-19;18;677
25;2025-12-19;19;474
25;2025-12-19;20;301
25;2025-12-19;21;209
25;2025-12-19;22;121
25;2025-12-19;23;12
25;2025-12-20;0;3
25;2025-12-20;1;0
25;2025-12-20;2;0
25;2025-12-20;3;0
25;2025-12-20;4;0
25;2025-12-20;5;3
25;2025-12-20;6;63
25;2025-12-20;7;128
25;2025-12-20;8;289
25;2025-12-20;9;262
25;2025-12-20;10;263
25;2025-12-20;11;360
25;2025-12-20;12;369
25;2025-12-20;13;526
25;2025-12-20;14;538
25;2025-12-20;15;626
25;2025-12-20;16;562
25;2025-12-20;17;471
25;2025-12-20;18;435
25;2025-12-20;19;390
25;2025-12-20;20;243
25;2025-12-20;21;200
25;2025-12-20;22;127
25;2025-12-20;23;50
25;2025-12-21;0;14
25;2025-12-21;1;0
25;2025-12-21;2;0
25;2025-12-21;3;0
25;2025-12-21;4;0
25;2025-12-21;5;3
25;2025-12-21;6;49
25;2025-12-21;7;90
25;2025-12-21;8;172
25;2025-12-21;9;192
25;2025-12-21;10;203
25;2025-12-21;11;271
25;2025-12-21;12;315
25;2025-12-21;13;412
25;2025-12-21;14;462
25;2025-12-21;15;526
25;2025-12-21;16;458
25;2025-12-21;17;420
25;2025-12-21;18;368
25;2025-12-21;19;298
25;2025-12-21;20;211
25;2025-12-21;21;166
25;2025-12-21;22;101
25;2025-12-21;23;38
25;2025-12-22;0;6
25;2025-12-22;1;0
25;2025-12-22;2;0
25;2025-12-22;3;0
25;2025-12-22;4;0
25;2025-12-22;5;5
25;2025-12-22;6;170
25;2025-12-22;7;516
25;2025-12-22;8;875
25;2025-12-22;9;458
25;2025-12-22;10;341
25;2025-12-22;11;394
25;2025-12-22;12;382
25;2025-12-22;13;500
25;2025-12-22;14;415
25;2025-12-22;15;500
25;2025-12-22;16;653
25;2025-12-22;17;712
25;2025-12-22;18;749
25;2025-12-22;19;486
25;2025-12-22;20;297
25;2025-12-22;21;200
25;2025-12-22;22;108
25;2025-12-22;23;10
25;2025-12-23;0;2
25;2025-12-23;1;0
25;2025-12-23;2;0
25;2025-12-23;3;0
25;2025-12-23;4;0
25;2025-12-23;5;5
25;2025-12-23;6;172
25;2025-12-23;7;520
25;2025-12-23;8;873
25;2025-12-23;9;468
25;2025-12-23;10;362
25;2025-12-23;11;411
25;2025-12-23;12;380
25;2025-12-23;13;475
25;2025-12-23;14;426
25;2025-12-23;15;512
25;2025-12-23;16;642
25;2025-12-23;17;699
25;2025-12-23;18;732
25;2025-12-23;19;494
25;2025-12-23;20;302
25;2025-12-23;21;201
25;2025-12-23;22;109
25;2025-12-23;23;10
25;2025-12-24;0;2
25;2025-12-24;1;0
25;2025-12-24;2;0
25;2025-12-24;3;0
25;2025-12-24;4;0
25;2025-12-24;5;6
25;2025-12-24;6;174
25;2025-12-24;7;514
25;2025-12-24;8;877
25;2025-12-24;9;461
25;2025-12-24;10;354
25;2025-12-24;11;409
25;2025-12-24;12;402
25;2025-12-24;13;514
25;2025-12-24;14;431
25;2025-12-24;15;517
25;2025-12-24;16;642
25;2025-12-24;17;713
25;2025-12-24;18;747
25;2025-12-24;19;490
25;2025-12-24;20;315
25;2025-12-24;21;207
25;2025-12-24;22;112
25;2025-12-24;23;8
25;2025-12-25;0;1
25;2025-12-25;1;0
25;2025-12-25;2;0
25;2025-12-25;3;0
25;2025-12-25;4;0
25;2025-12-25;5;6
25;2025-12-25;6;168
25;2025-12-25;7;506
25;2025-12-25;8;868
25;2025-12-25;9;448
25;2025-12-25;10;357
25;2025-12-25;11;397
25;2025-12-25;12;389
25;2025-12-25;13;491
25;2025-12-25;14;439
25;2025-12-25;15;525
25;2025-12-25;16;639
25;2025-12-25;17;711
25;2025-12-25;18;727
25;2025-12-25;19;488
25;2025-12-25;20;301
25;2025-12-25;21;206
25;2025-12-25;22;113
25;2025-12-25;23;10
25;2025-12-26;0;2
25;2025-12-26;1;0
25;2025-12-26;2;0
25;2025-12-26;3;0
25;2025-12-26;4;0
25;2025-12-26;5;5
25;2025-12-26;6;168
25;2025-12-26;7;504
25;2025-12-26;8;838
25;2025-12-26;9;445
25;2025-12-26;10;350
25;2025-12-26;11;409
25;2025-12-26;12;402
25;2025-12-26;13;505
25;2025-12-26;14;460
25;2025-12-26;15;551
25;2025-12-26;16;682
25;2025-12-26;17;726
25;2025-12-26;18;676
25;2025-12-26;19;474
25;2025-12-26;20;300
25;2025-12-26;21;209
25;2025-12-26;22;121
25;2025-12-26;23;12
25;2025-12-27;0;3
25;2025-12-27;1;0
25;2025-12-27;2;0
25;2025-12-27;3;0
25;2025-12-27;4;0
25;2025-12-27;5;3
25;2025-12-27;6;63
25;2025-12-27;7;128
25;2025-12-27;8;289
25;2025-12-27;9;261
25;2025-12-27;10;263
25;2025-12-27;11;360
25;2025-12-27;12;369
25;2025-12-27;13;525
25;2025-12-27;14;538
25;2025-12-27;15;625
25;2025-12-27;16;561
25;2025-12-27;17;471
25;2025-12-27;18;435
25;2025-12-27;19;390
25;2025-12-27;20;242
25;2025-12-27;21;199
25;2025-12-27;22;127
25;2025-12-27;23;50
25;2025-12-28;0;14
25;2025-12-28;1;0
25;2025-12-28;2;0
25;2025-12-28;3;0
25;2025-12-28;4;0
25;2025-12-28;5;3
25;2025-12-28;6;49
25;2025-12-28;7;90
25;2025-12-28;8;172
25;2025-12-28;9;192
25;2025-12-28;10;203
25;2025-12-28;11;271
25;2025-12-28;12;315
25;2025-12-28;13;412
25;2025-12-28;14;462
25;2025-12-28;15;526
25;2025-12-28;16;458
25;2025-12-28;17;420
25;2025-12-28;18;368
25;2025-12-28;19;298
25;2025-12-28;20;211
25;2025-12-28;21;166
25;2025-12-28;22;101
25;2025-12-28;23;38
25;2025-12-29;0;6
25;2025-12-29;1;0
25;2025-12-29;2;0
25;2025-12-29;3;0
25;2025-12-29;4;0
25;2025-12-29;5;5
25;2025-12-29;6;170
25;2025-12-29;7;516
25;2025-12-29;8;873
25;2025-12-29;9;457
25;2025-12-29;10;341
25;2025-12-29;11;393
25;2025-12-29;12;382
25;2025-12-29;13;499
25;2025-12-29;14;415
25;2025-12-29;15;499
25;2025-12-29;16;653
25;2025-12-29;17;711
25;2025-12-29;18;748
25;2025-12-29;19;485
25;2025-12-29;20;296
25;2025-12-29;21;200
25;2025-12-29;22;108
25;2025-12-29;23;10
25;2025-12-30;0;2
25;2025-12-30;1;0
25;2025-12-30;2;0
25;2025-12-30;3;0
25;2025-12-30;4;0
25;2025-12-30;5;5
25;2025-12-30;6;171
25;2025-12-30;7;519
25;2025-12-30;8;872
25;2025-12-30;9;467
25;2025-12-30;10;362
25;2025-12-30;11;411
25;2025-12-30;12;379
25;2025-12-30;13;475
25;2025-12-30;14;425
25;2025-12-30;15;512
25;2025-12-30;16;641
25;2025-12-30;17;698
25;2025-12-30;18;731
25;2025-12-30;19;493
25;2025-12-30;20;302
25;2025-12-30;21;201
25;2025-12-30;22;109
25;2025-12-30;23;10
25;2025-12-31;0;13
25;2025-12-31;1;0
25;2025-12-31;2;0
25;2025-12-31;3;0
25;2025-12-31;4;0
25;2025-12-31;5;2
25;2025-12-31;6;46
25;2025-12-31;7;88
25;2025-12-31;8;165
25;2025-12-31;9;184
25;2025-12-31;10;196
25;2025-12-31;11;256
25;2025-12-31;12;301
25;2025-12-31;13;392
25;2025-12-31;14;444
25;2025-12-31;15;510
25;2025-12-31;16;447
25;2025-12-31;17;412
25;2025-12-31;18;358
25;2025-12-31;19;293
25;2025-12-31;20;214
25;2025-12-31;21;168
25;2025-12-31;22;101
25;2025-12-31;23;39
26;2025-11-01;0;31
26;2025-11-01;1;2
26;2025-11-01;2;0
26;2025-11-01;3;1
26;2025-11-01;4;3
26;2025-11-01;5;90
26;2025-11-01;6;505
26;2025-11-01;7;1102
26;2025-11-01;8;2208
26;2025-11-01;9;1485
26;2025-11-01;10;1237
26;2025-11-01;11;1117
26;2025-11-01;12;1165
26;2025-11-01;13;1198
26;2025-11-01;14;1264
26;2025-11-01;15;1365
26;2025-11-01;16;1547
26;2025-11-01;17;1716
26;2025-11-01;18;1804
26;2025-11-01;19;1247
26;2025-11-01;20;771
26;2025-11-01;21;479
26;2025-11-01;22;233
26;2025-11-01;23;126
26;2025-11-02;0;45
26;2025-11-02;1;5
26;2025-11-02;2;1
26;2025-11-02;3;1
26;2025-11-02;4;1
26;2025-11-02;5;30
26;2025-11-02;6;160
26;2025-11-02;7;239
26;2025-11-02;8;360
26;2025-11-02;9;500
26;2025-11-02;10;557
26;2025-11-02;11;760
26;2025-11-02;12;782
26;2025-11-02;13;839
26;2025-11-02;14;820
26;2025-11-02;15;754
26;2025-11-02;16;734
26;2025-11-02;17;733
26;2025-11-02;18;665
26;2025-11-02;19;532
26;2025-11-02;20;389
26;2025-11-02;21;273
26;2025-11-02;22;185
26;2025-11-02;23;101
26;2025-11-03;0;43
26;2025-11-03;1;5
26;2025-11-03;2;1
26;2025-11-03;3;1
26;2025-11-03;4;2
26;2025-11-03;5;31
26;2025-11-03;6;165
26;2025-11-03;7;237
26;2025-11-03;8;347
26;2025-11-03;9;480
26;2025-11-03;10;536
26;2025-11-03;11;729
26;2025-11-03;12;756
26;2025-11-03;13;811
26;2025-11-03;14;788
26;2025-11-03;15;734
26;2025-11-03;16;712
26;2025-11-03;17;710
26;2025-11-03;18;652
26;2025-11-03;19;538
26;2025-11-03;20;389
26;2025-11-03;21;271
26;2025-11-03;22;185
26;2025-11-03;23;102
26;2025-11-04;0;43
26;2025-11-04;1;5
26;2025-11-04;2;1
26;2025-11-04;3;1
26;2025-11-04;4;2
26;2025-11-04;5;31
26;2025-11-04;6;165
26;2025-11-04;7;237
26;2025-11-04;8;347
26;2025-11-04;9;480
26;2025-11-04;10;536
26;2025-11-04;11;729
26;2025-11-04;12;756
26;2025-11-04;13;811
26;2025-11-04;14;788
26;2025-11-04;15;734
26;2025-11-04;16;712
26;2025-11-04;17;710
26;2025-11-04;18;652
26;2025-11-04;19;538
26;2025-11-04;20;389
26;2025-11-04;21;271
26;2025-11-04;22;185
26;2025-11-04;23;102
26;2025-11-05;0;30
26;2025-11-05;1;1
26;2025-11-05;2;0
26;2025-11-05;3;0
26;2025-11-05;4;5
26;2025-11-05;5;89
26;2025-11-05;6;496
26;2025-11-05;7;1078
26;2025-11-05;8;2179
26;2025-11-05;9;1472
26;2025-11-05;10;1229
26;2025-11-05;11;1105
26;2025-11-05;12;1156
26;2025-11-05;13;1186
26;2025-11-05;14;1275
26;2025-11-05;15;1345
26;2025-11-05;16;1504
26;2025-11-05;17;1668
26;2025-11-05;18;1788
26;2025-11-05;19;1231
26;2025-11-05;20;760
26;2025-11-05;21;486
26;2025-11-05;22;234
26;2025-11-05;23;125
26;2025-11-06;0;33
26;2025-11-06;1;1
26;2025-11-06;2;0
26;2025-11-06;3;0
26;2025-11-06;4;2
26;2025-11-06;5;88
26;2025-11-06;6;493
26;2025-11-06;7;1072
26;2025-11-06;8;2146
26;2025-11-06;9;1457
26;2025-11-06;10;1198
26;2025-11-06;11;1119
26;2025-11-06;12;1143
26;2025-11-06;13;1169
26;2025-11-06;14;1238
26;2025-11-06;15;1337
26;2025-11-06;16;1504
26;2025-11-06;17;1677
26;2025-11-06;18;1807
26;2025-11-06;19;1239
26;2025-11-06;20;760
26;2025-11-06;21;475
26;2025-11-06;22;232
26;2025-11-06;23;127
26;2025-11-07;0;32
26;2025-11-07;1;2
26;2025-11-07;2;0
26;2025-11-07;3;0
26;2025-11-07;4;2
26;2025-11-07;5;86
26;2025-11-07;6;494
26;2025-11-07;7;1056
26;2025-11-07;8;2100
26;2025-11-07;9;1419
26;2025-11-07;10;1206
26;2025-11-07;11;1087
26;2025-11-07;12;1145
26;2025-11-07;13;1190
26;2025-11-07;14;1247
26;2025-11-07;15;1366
26;2025-11-07;16;1575
26;2025-11-07;17;1685
26;2025-11-07;18;1589
26;2025-11-07;19;1158
26;2025-11-07;20;745
26;2025-11-07;21;470
26;2025-11-07;22;233
26;2025-11-07;23;142
26;2025-11-08;0;45
26;2025-11-08;1;2
26;2025-11-08;2;0
26;2025-11-08;3;0
26;2025-11-08;4;2
26;2025-11-08;5;46
26;2025-11-08;6;261
26;2025-11-08;7;364
26;2025-11-08;8;603
26;2025-11-08;9;698
26;2025-11-08;10;836
26;2025-11-08;11;1012
26;2025-11-08;12;1087
26;2025-11-08;13;1055
26;2025-11-08;14;1078
26;2025-11-08;15;973
26;2025-11-08;16;1017
26;2025-11-08;17;926
26;2025-11-08;18;878
26;2025-11-08;19;792
26;2025-11-08;20;542
26;2025-11-08;21;367
26;2025-11-08;22;221
26;2025-11-08;23;148
26;2025-11-09;0;45
26;2025-11-09;1;5
26;2025-11-09;2;1
26;2025-11-09;3;1
26;2025-11-09;4;1
26;2025-11-09;5;30
26;2025-11-09;6;160
26;2025-11-09;7;240
26;2025-11-09;8;360
26;2025-11-09;9;501
26;2025-11-09;10;558
26;2025-11-09;11;761
26;2025-11-09;12;783
26;2025-11-09;13;840
26;2025-11-09;14;821
26;2025-11-09;15;755
26;2025-11-09;16;735
26;2025-11-09;17;734
26;2025-11-09;18;666
26;2025-11-09;19;532
26;2025-11-09;20;389
26;2025-11-09;21;273
26;2025-11-09;22;185
26;2025-11-09;23;101
26;2025-11-10;0;30
26;2025-11-10;1;2
26;2025-11-10;2;0
26;2025-11-10;3;0
26;2025-11-10;4;3
26;2025-11-10;5;88
26;2025-11-10;6;500
26;2025-11-10;7;1093
26;2025-11-10;8;2157
26;2025-11-10;9;1462
26;2025-11-10;10;1222
26;2025-11-10;11;1088
26;2025-11-10;12;1132
26;2025-11-10;13;1185
26;2025-11-10;14;1227
26;2025-11-10;15;1332
26;2025-11-10;16;1508
26;2025-11-10;17;1685
26;2025-11-10;18;1830
26;2025-11-10;19;1245
26;2025-11-10;20;766
26;2025-11-10;21;463
26;2025-11-10;22;222
26;2025-11-10;23;114
26;2025-11-11;0;30
26;2025-11-11;1;2
26;2025-11-11;2;0
26;2025-11-11;3;2
26;2025-11-11;4;3
26;2025-11-11;5;89
26;2025-11-11;6;503
26;2025-11-11;7;1101
26;2025-11-11;8;2216
26;2025-11-11;9;1483
26;2025-11-11;10;1227
26;2025-11-11;11;1112
26;2025-11-11;12;1164
26;2025-11-11;13;1184
26;2025-11-11;14;1245
26;2025-11-11;15;1337
26;2025-11-11;16;1529
26;2025-11-11;17;1725
26;2025-11-11;18;1830
26;2025-11-11;19;1280
26;2025-11-11;20;775
26;2025-11-11;21;474
26;2025-11-11;22;230
26;2025-11-11;23;121
26;2025-11-12;0;30
26;2025-11-12;1;1
26;2025-11-12;2;0
26;2025-11-12;3;0
26;2025-11-12;4;5
26;2025-11-12;5;89
26;2025-11-12;6;495
26;2025-11-12;7;1077
26;2025-11-12;8;2177
26;2025-11-12;9;1471
26;2025-11-12;10;1228
26;2025-11-12;11;1104
26;2025-11-12;12;1155
26;2025-11-12;13;1185
26;2025-11-12;14;1274
26;2025-11-12;15;1344
26;2025-11-12;16;1502
26;2025-11-12;17;1667
26;2025-11-12;18;1786
26;2025-11-12;19;1229
26;2025-11-12;20;759
26;2025-11-12;21;485
26;2025-11-12;22;233
26;2025-11-12;23;125
26;2025-11-13;0;33
26;2025-11-13;1;1
26;2025-11-13;2;0
26;2025-11-13;3;0
26;2025-11-13;4;2
26;2025-11-13;5;88
26;2025-11-13;6;492
26;2025-11-13;7;1071
26;2025-11-13;8;2144
26;2025-11-13;9;1455
26;2025-11-13;10;1197
26;2025-11-13;11;1118
26;2025-11-13;12;1142
26;2025-11-13;13;1168
26;2025-11-13;14;1236
26;2025-11-13;15;1336
26;2025-11-13;16;1502
26;2025-11-13;17;1676
26;2025-11-13;18;1805
26;2025-11-13;19;1238
26;2025-11-13;20;759
26;2025-11-13;21;474
26;2025-11-13;22;231
26;2025-11-13;23;127
26;2025-11-14;0;32
26;2025-11-14;1;2
26;2025-11-14;2;0
26;2025-11-14;3;0
26;2025-11-14;4;2
26;2025-11-14;5;86
26;2025-11-14;6;494
26;2025-11-14;7;1055
26;2025-11-14;8;2098
26;2025-11-14;9;1418
26;2025-11-14;10;1205
26;2025-11-14;11;1086
26;2025-11-14;12;1144
26;2025-11-14;13;1189
26;2025-11-14;14;1245
26;2025-11-14;15;1364
26;2025-11-14;16;1574
26;2025-11-14;17;1683
26;2025-11-14;18;1587
26;2025-11-14;19;1156
26;2025-11-14;20;744
26;2025-11-14;21;470
26;2025-11-14;22;232
26;2025-11-14;23;142
26;2025-11-15;0;45
26;2025-11-15;1;2
26;2025-11-15;2;0
26;2025-11-15;3;0
26;2025-11-15;4;2
26;2025-11-15;5;45
26;2025-11-15;6;261
26;2025-11-15;7;364
26;2025-11-15;8;602
26;2025-11-15;9;697
26;2025-11-15;10;834
26;2025-11-15;11;1010
26;2025-11-15;12;1086
26;2025-11-15;13;1053
26;2025-11-15;14;1076
26;2025-11-15;15;972
26;2025-11-15;16;1016
26;2025-11-15;17;925
26;2025-11-15;18;876
26;2025-11-15;19;791
26;2025-11-15;20;541
26;2025-11-15;21;366
26;2025-11-15;22;220
26;2025-11-15;23;147
26;2025-11-16;0;46
26;2025-11-16;1;5
26;2025-11-16;2;1
26;2025-11-16;3;1
26;2025-11-16;4;1
26;2025-11-16;5;30
26;2025-11-16;6;160
26;2025-11-16;7;240
26;2025-11-16;8;361
26;2025-11-16;9;501
26;2025-11-16;10;558
26;2025-11-16;11;762
26;2025-11-16;12;784
26;2025-11-16;13;841
26;2025-11-16;14;822
26;2025-11-16;15;756
26;2025-11-16;16;736
26;2025-11-16;17;735
26;2025-11-16;18;667
26;2025-11-16;19;533
26;2025-11-16;20;390
26;2025-11-16;21;273
26;2025-11-16;22;185
26;2025-11-16;23;101
26;2025-11-17;0;30
26;2025-11-17;1;2
26;2025-11-17;2;0
26;2025-11-17;3;0
26;2025-11-17;4;3
26;2025-11-17;5;88
26;2025-11-17;6;500
26;2025-11-17;7;1092
26;2025-11-17;8;2155
26;2025-11-17;9;1460
26;2025-11-17;10;1220
26;2025-11-17;11;1087
26;2025-11-17;12;1131
26;2025-11-17;13;1184
26;2025-11-17;14;1226
26;2025-11-17;15;1331
26;2025-11-17;16;1506
26;2025-11-17;17;1684
26;2025-11-17;18;1828
26;2025-11-17;19;1244
26;2025-11-17;20;765
26;2025-11-17;21;462
26;2025-11-17;22;222
26;2025-11-17;23;114
26;2025-11-18;0;30
26;2025-11-18;1;2
26;2025-11-18;2;0
26;2025-11-18;3;2
26;2025-11-18;4;3
26;2025-11-18;5;89
26;2025-11-18;6;503
26;2025-11-18;7;1100
26;2025-11-18;8;2214
26;2025-11-18;9;1482
26;2025-11-18;10;1226
26;2025-11-18;11;1111
26;2025-11-18;12;1163
26;2025-11-18;13;1183
26;2025-11-18;14;1243
26;2025-11-18;15;1336
26;2025-11-18;16;1527
26;2025-11-18;17;1723
26;2025-11-18;18;1828
26;2025-11-18;19;1279
26;2025-11-18;20;775
26;2025-11-18;21;473
26;2025-11-18;22;230
26;2025-11-18;23;121
26;2025-11-19;0;30
26;2025-11-19;1;1
26;2025-11-19;2;0
26;2025-11-19;3;0
26;2025-11-19;4;5
26;2025-11-19;5;89
26;2025-11-19;6;495
26;2025-11-19;7;1076
26;2025-11-19;8;2175
26;2025-11-19;9;1469
26;2025-11-19;10;1227
26;2025-11-19;11;1103
26;2025-11-19;12;1154
26;2025-11-19;13;1183
26;2025-11-19;14;1273
26;2025-11-19;15;1342
26;2025-11-19;16;1501
26;2025-11-19;17;1665
26;2025-11-19;18;1784
26;2025-11-19;19;1228
26;2025-11-19;20;758
26;2025-11-19;21;485
26;2025-11-19;22;233
26;2025-11-19;23;125
26;2025-11-20;0;33
26;2025-11-20;1;1
26;2025-11-20;2;0
26;2025-11-20;3;0
26;2025-11-20;4;2
26;2025-11-20;5;87
26;2025-11-20;6;492
26;2025-11-20;7;1070
26;2025-11-20;8;2142
26;2025-11-20;9;1454
26;2025-11-20;10;1196
26;2025-11-20;11;1117
26;2025-11-20;12;1140
26;2025-11-20;13;1167
26;2025-11-20;14;1235
26;2025-11-20;15;1335
26;2025-11-20;16;1501
26;2025-11-20;17;1674
26;2025-11-20;18;1804
26;2025-11-20;19;1237
26;2025-11-20;20;759
26;2025-11-20;21;474
26;2025-11-20;22;231
26;2025-11-20;23;127
26;2025-11-21;0;32
26;2025-11-21;1;2
26;2025-11-21;2;0
26;2025-11-21;3;0
26;2025-11-21;4;2
26;2025-11-21;5;86
26;2025-11-21;6;493
26;2025-11-21;7;1054
26;2025-11-21;8;2096
26;2025-11-21;9;1416
26;2025-11-21;10;1204
26;2025-11-21;11;1085
26;2025-11-21;12;1143
26;2025-11-21;13;1187
26;2025-11-21;14;1244
26;2025-11-21;15;1363
26;2025-11-21;16;1572
26;2025-11-21;17;1682
26;2025-11-21;18;1586
26;2025-11-21;19;1155
26;2025-11-21;20;743
26;2025-11-21;21;469
26;2025-11-21;22;232
26;2025-11-21;23;142
26;2025-11-22;0;44
26;2025-11-22;1;2
26;2025-11-22;2;0
26;2025-11-22;3;0
26;2025-11-22;4;2
26;2025-11-22;5;45
26;2025-11-22;6;260
26;2025-11-22;7;363
26;2025-11-22;8;601
26;2025-11-22;9;697
26;2025-11-22;10;833
26;2025-11-22;11;1009
26;2025-11-22;12;1084
26;2025-11-22;13;1052
26;2025-11-22;14;1075
26;2025-11-22;15;971
26;2025-11-22;16;1015
26;2025-11-22;17;924
26;2025-11-22;18;875
26;2025-11-22;19;790
26;2025-11-22;20;541
26;2025-11-22;21;366
26;2025-11-22;22;220
26;2025-11-22;23;147
26;2025-11-23;0;46
26;2025-11-23;1;5
26;2025-11-23;2;1
26;2025-11-23;3;1
26;2025-11-23;4;1
26;2025-11-23;5;30
26;2025-11-23;6;160
26;2025-11-23;7;240
26;2025-11-23;8;361
26;2025-11-23;9;502
26;2025-11-23;10;559
26;2025-11-23;11;762
26;2025-11-23;12;785
26;2025-11-23;13;842
26;2025-11-23;14;823
26;2025-11-23;15;757
26;2025-11-23;16;737
26;2025-11-23;17;736
26;2025-11-23;18;667
26;2025-11-23;19;533
26;2025-11-23;20;390
26;2025-11-23;21;274
26;2025-11-23;22;186
26;2025-11-23;23;101
26;2025-11-24;0;30
26;2025-11-24;1;2
26;2025-11-24;2;0
26;2025-11-24;3;0
26;2025-11-24;4;3
26;2025-11-24;5;88
26;2025-11-24;6;499
26;2025-11-24;7;1091
26;2025-11-24;8;2153
26;2025-11-24;9;1459
26;2025-11-24;10;1219
26;2025-11-24;11;1086
26;2025-11-24;12;1130
26;2025-11-24;13;1183
26;2025-11-24;14;1224
26;2025-11-24;15;1330
26;2025-11-24;16;1505
26;2025-11-24;17;1682
26;2025-11-24;18;1826
26;2025-11-24;19;1243
26;2025-11-24;20;764
26;2025-11-24;21;462
26;2025-11-24;22;222
26;2025-11-24;23;114
26;2025-11-25;0;30
26;2025-11-25;1;2
26;2025-11-25;2;0
26;2025-11-25;3;2
26;2025-11-25;4;3
26;2025-11-25;5;89
26;2025-11-25;6;502
26;2025-11-25;7;1099
26;2025-11-25;8;2212
26;2025-11-25;9;1481
26;2025-11-25;10;1225
26;2025-11-25;11;1110
26;2025-11-25;12;1162
26;2025-11-25;13;1182
26;2025-11-25;14;1242
26;2025-11-25;15;1335
26;2025-11-25;16;1526
26;2025-11-25;17;1722
26;2025-11-25;18;1826
26;2025-11-25;19;1278
26;2025-11-25;20;774
26;2025-11-25;21;473
26;2025-11-25;22;229
26;2025-11-25;23;121
26;2025-11-26;0;30
26;2025-11-26;1;1
26;2025-11-26;2;0
26;2025-11-26;3;0
26;2025-11-26;4;5
26;2025-11-26;5;89
26;2025-11-26;6;494
26;2025-11-26;7;1075
26;2025-11-26;8;2173
26;2025-11-26;9;1468
26;2025-11-26;10;1226
26;2025-11-26;11;1102
26;2025-11-26;12;1153
26;2025-11-26;13;1182
26;2025-11-26;14;1272
26;2025-11-26;15;1341
26;2025-11-26;16;1499
26;2025-11-26;17;1664
26;2025-11-26;18;1783
26;2025-11-26;19;1227
26;2025-11-26;20;758
26;2025-11-26;21;484
26;2025-11-26;22;233
26;2025-11-26;23;125
26;2025-11-27;0;33
26;2025-11-27;1;1
26;2025-11-27;2;0
26;2025-11-27;3;0
26;2025-11-27;4;2
26;2025-11-27;5;87
26;2025-11-27;6;491
26;2025-11-27;7;1069
26;2025-11-27;8;2140
26;2025-11-27;9;1453
26;2025-11-27;10;1195
26;2025-11-27;11;1116
26;2025-11-27;12;1139
26;2025-11-27;13;1165
26;2025-11-27;14;1234
26;2025-11-27;15;1334
26;2025-11-27;16;1500
26;2025-11-27;17;1673
26;2025-11-27;18;1802
26;2025-11-27;19;1236
26;2025-11-27;20;758
26;2025-11-27;21;473
26;2025-11-27;22;231
26;2025-11-27;23;127
26;2025-11-28;0;32
26;2025-11-28;1;2
26;2025-11-28;2;0
26;2025-11-28;3;0
26;2025-11-28;4;2
26;2025-11-28;5;86
26;2025-11-28;6;493
26;2025-11-28;7;1053
26;2025-11-28;8;2094
26;2025-11-28;9;1415
26;2025-11-28;10;1203
26;2025-11-28;11;1084
26;2025-11-28;12;1142
26;2025-11-28;13;1186
26;2025-11-28;14;1243
26;2025-11-28;15;1362
26;2025-11-28;16;1571
26;2025-11-28;17;1680
26;2025-11-28;18;1584
26;2025-11-28;19;1154
26;2025-11-28;20;743
26;2025-11-28;21;469
26;2025-11-28;22;232
26;2025-11-28;23;142
26;2025-11-29;0;44
26;2025-11-29;1;2
26;2025-11-29;2;0
26;2025-11-29;3;0
26;2025-11-29;4;2
26;2025-11-29;5;45
26;2025-11-29;6;260
26;2025-11-29;7;363
26;2025-11-29;8;600
26;2025-11-29;9;696
26;2025-11-29;10;832
26;2025-11-29;11;1008
26;2025-11-29;12;1083
26;2025-11-29;13;1050
26;2025-11-29;14;1074
26;2025-11-29;15;970
26;2025-11-29;16;1013
26;2025-11-29;17;922
26;2025-11-29;18;874
26;2025-11-29;19;789
26;2025-11-29;20;540
26;2025-11-29;21;365
26;2025-11-29;22;220
26;2025-11-29;23;147
26;2025-11-30;0;46
26;2025-11-30;1;5
26;2025-11-30;2;1
26;2025-11-30;3;1
26;2025-11-30;4;1
26;2025-11-30;5;30
26;2025-11-30;6;161
26;2025-11-30;7;240
26;2025-11-30;8;361
26;2025-11-30;9;502
26;2025-11-30;10;560
26;2025-11-30;11;763
26;2025-11-30;12;786
26;2025-11-30;13;843
26;2025-11-30;14;824
26;2025-11-30;15;758
26;2025-11-30;16;738
26;2025-11-30;17;736
26;2025-11-30;18;668
26;2025-11-30;19;534
26;2025-11-30;20;390
26;2025-11-30;21;274
26;2025-11-30;22;186
26;2025-11-30;23;101
26;2025-12-01;0;30
26;2025-12-01;1;2
26;2025-12-01;2;0
26;2025-12-01;3;0
26;2025-12-01;4;3
26;2025-12-01;5;88
26;2025-12-01;6;499
26;2025-12-01;7;1090
26;2025-12-01;8;2151
26;2025-12-01;9;1458
26;2025-12-01;10;1218
26;2025-12-01;11;1085
26;2025-12-01;12;1129
26;2025-12-01;13;1182
26;2025-12-01;14;1223
26;2025-12-01;15;1328
26;2025-12-01;16;1504
26;2025-12-01;17;1681
26;2025-12-01;18;1824
26;2025-12-01;19;1242
26;2025-12-01;20;764
26;2025-12-01;21;461
26;2025-12-01;22;222
26;2025-12-01;23;114
26;2025-12-02;0;30
26;2025-12-02;1;2
26;2025-12-02;2;0
26;2025-12-02;3;2
26;2025-12-02;4;3
26;2025-12-02;5;89
26;2025-12-02;6;502
26;2025-12-02;7;1098
26;2025-12-02;8;2210
26;2025-12-02;9;1479
26;2025-12-02;10;1224
26;2025-12-02;11;1109
26;2025-12-02;12;1161
26;2025-12-02;13;1181
26;2025-12-02;14;1241
26;2025-12-02;15;1333
26;2025-12-02;16;1524
26;2025-12-02;17;1720
26;2025-12-02;18;1825
26;2025-12-02;19;1277
26;2025-12-02;20;773
26;2025-12-02;21;472
26;2025-12-02;22;229
26;2025-12-02;23;121
26;2025-12-03;0;30
26;2025-12-03;1;1
26;2025-12-03;2;0
26;2025-12-03;3;0
26;2025-12-03;4;5
26;2025-12-03;5;89
26;2025-12-03;6;494
26;2025-12-03;7;1074
26;2025-12-03;8;2171
26;2025-12-03;9;1467
26;2025-12-03;10;1224
26;2025-12-03;11;1101
26;2025-12-03;12;1152
26;2025-12-03;13;1181
26;2025-12-03;14;1271
26;2025-12-03;15;1340
26;2025-12-03;16;1498
26;2025-12-03;17;1662
26;2025-12-03;18;1781
26;2025-12-03;19;1226
26;2025-12-03;20;757
26;2025-12-03;21;484
26;2025-12-03;22;233
26;2025-12-03;23;125
26;2025-12-04;0;33
26;2025-12-04;1;1
26;2025-12-04;2;0
26;2025-12-04;3;0
26;2025-12-04;4;2
26;2025-12-04;5;87
26;2025-12-04;6;491
26;2025-12-04;7;1068
26;2025-12-04;8;2138
26;2025-12-04;9;1451
26;2025-12-04;10;1194
26;2025-12-04;11;1115
26;2025-12-04;12;1138
26;2025-12-04;13;1164
26;2025-12-04;14;1233
26;2025-12-04;15;1333
26;2025-12-04;16;1498
26;2025-12-04;17;1671
26;2025-12-04;18;1800
26;2025-12-04;19;1235
26;2025-12-04;20;757
26;2025-12-04;21;473
26;2025-12-04;22;231
26;2025-12-04;23;127
26;2025-12-05;0;32
26;2025-12-05;1;2
26;2025-12-05;2;0
26;2025-12-05;3;0
26;2025-12-05;4;2
26;2025-12-05;5;86
26;2025-12-05;6;493
26;2025-12-05;7;1052
26;2025-12-05;8;2092
26;2025-12-05;9;1414
26;2025-12-05;10;1202
26;2025-12-05;11;1083
26;2025-12-05;12;1141
26;2025-12-05;13;1185
26;2025-12-05;14;1242
26;2025-12-05;15;1361
26;2025-12-05;16;1569
26;2025-12-05;17;1679
26;2025-12-05;18;1583
26;2025-12-05;19;1153
26;2025-12-05;20;742
26;2025-12-05;21;469
26;2025-12-05;22;232
26;2025-12-05;23;142
26;2025-12-06;0;44
26;2025-12-06;1;2
26;2025-12-06;2;0
26;2025-12-06;3;0
26;2025-12-06;4;2
26;2025-12-06;5;45
26;2025-12-06;6;260
26;2025-12-06;7;362
26;2025-12-06;8;600
26;2025-12-06;9;695
26;2025-12-06;10;831
26;2025-12-06;11;1007
26;2025-12-06;12;1082
26;2025-12-06;13;1049
26;2025-12-06;14;1072
26;2025-12-06;15;968
26;2025-12-06;16;1012
26;2025-12-06;17;921
26;2025-12-06;18;873
26;2025-12-06;19;788
26;2025-12-06;20;539
26;2025-12-06;21;365
26;2025-12-06;22;219
26;2025-12-06;23;147
26;2025-12-07;0;46
26;2025-12-07;1;5
26;2025-12-07;2;1
26;2025-12-07;3;1
26;2025-12-07;4;1
26;2025-12-07;5;30
26;2025-12-07;6;161
26;2025-12-07;7;241
26;2025-12-07;8;362
26;2025-12-07;9;503
26;2025-12-07;10;560
26;2025-12-07;11;764
26;2025-12-07;12;787
26;2025-12-07;13;844
26;2025-12-07;14;825
26;2025-12-07;15;758
26;2025-12-07;16;738
26;2025-12-07;17;737
26;2025-12-07;18;669
26;2025-12-07;19;534
26;2025-12-07;20;391
26;2025-12-07;21;274
26;2025-12-07;22;186
26;2025-12-07;23;102
26;2025-12-08;0;29
26;2025-12-08;1;2
26;2025-12-08;2;0
26;2025-12-08;3;0
26;2025-12-08;4;3
26;2025-12-08;5;88
26;2025-12-08;6;499
26;2025-12-08;7;1089
26;2025-12-08;8;2149
26;2025-12-08;9;1456
26;2025-12-08;10;1217
26;2025-12-08;11;1084
26;2025-12-08;12;1128
26;2025-12-08;13;1181
26;2025-12-08;14;1222
26;2025-12-08;15;1327
26;2025-12-08;16;1502
26;2025-12-08;17;1679
26;2025-12-08;18;1823
26;2025-12-08;19;1241
26;2025-12-08;20;763
26;2025-12-08;21;461
26;2025-12-08;22;222
26;2025-12-08;23;113
26;2025-12-09;0;30
26;2025-12-09;1;2
26;2025-12-09;2;0
26;2025-12-09;3;2
26;2025-12-09;4;3
26;2025-12-09;5;89
26;2025-12-09;6;501
26;2025-12-09;7;1097
26;2025-12-09;8;2208
26;2025-12-09;9;1478
26;2025-12-09;10;1223
26;2025-12-09;11;1108
26;2025-12-09;12;1160
26;2025-12-09;13;1180
26;2025-12-09;14;1240
26;2025-12-09;15;1332
26;2025-12-09;16;1523
26;2025-12-09;17;1719
26;2025-12-09;18;1823
26;2025-12-09;19;1276
26;2025-12-09;20;773
26;2025-12-09;21;472
26;2025-12-09;22;229
26;2025-12-09;23;121
26;2025-12-10;0;30
26;2025-12-10;1;1
26;2025-12-10;2;0
26;2025-12-10;3;0
26;2025-12-10;4;5
26;2025-12-10;5;89
26;2025-12-10;6;493
26;2025-12-10;7;1073
26;2025-12-10;8;2170
26;2025-12-10;9;1465
26;2025-12-10;10;1223
26;2025-12-10;11;1100
26;2025-12-10;12;1151
26;2025-12-10;13;1180
26;2025-12-10;14;1269
26;2025-12-10;15;1339
26;2025-12-10;16;1497
26;2025-12-10;17;1661
26;2025-12-10;18;1780
26;2025-12-10;19;1225
26;2025-12-10;20;756
26;2025-12-10;21;484
26;2025-12-10;22;232
26;2025-12-10;23;125
26;2025-12-11;0;33
26;2025-12-11;1;1
26;2025-12-11;2;0
26;2025-12-11;3;0
26;2025-12-11;4;2
26;2025-12-11;5;87
26;2025-12-11;6;490
26;2025-12-11;7;1068
26;2025-12-11;8;2137
26;2025-12-11;9;1450
26;2025-12-11;10;1193
26;2025-12-11;11;1114
26;2025-12-11;12;1138
26;2025-12-11;13;1163
26;2025-12-11;14;1232
26;2025-12-11;15;1331
26;2025-12-11;16;1497
26;2025-12-11;17;1670
26;2025-12-11;18;1799
26;2025-12-11;19;1234
26;2025-12-11;20;757
26;2025-12-11;21;473
26;2025-12-11;22;230
26;2025-12-11;23;127
26;2025-12-12;0;32
26;2025-12-12;1;2
26;2025-12-12;2;0
26;2025-12-12;3;0
26;2025-12-12;4;2
26;2025-12-12;5;86
26;2025-12-12;6;492
26;2025-12-12;7;1051
26;2025-12-12;8;2091
26;2025-12-12;9;1413
26;2025-12-12;10;1201
26;2025-12-12;11;1082
26;2025-12-12;12;1140
26;2025-12-12;13;1184
26;2025-12-12;14;1241
26;2025-12-12;15;1360
26;2025-12-12;16;1568
26;2025-12-12;17;1678
26;2025-12-12;18;1581
26;2025-12-12;19;1152
26;2025-12-12;20;741
26;2025-12-12;21;468
26;2025-12-12;22;232
26;2025-12-12;23;141
26;2025-12-13;0;44
26;2025-12-13;1;2
26;2025-12-13;2;0
26;2025-12-13;3;0
26;2025-12-13;4;2
26;2025-12-13;5;45
26;2025-12-13;6;260
26;2025-12-13;7;362
26;2025-12-13;8;599
26;2025-12-13;9;694
26;2025-12-13;10;830
26;2025-12-13;11;1005
26;2025-12-13;12;1081
26;2025-12-13;13;1048
26;2025-12-13;14;1071
26;2025-12-13;15;967
26;2025-12-13;16;1011
26;2025-12-13;17;920
26;2025-12-13;18;872
26;2025-12-13;19;787
26;2025-12-13;20;539
26;2025-12-13;21;364
26;2025-12-13;22;219
26;2025-12-13;23;147
26;2025-12-14;0;46
26;2025-12-14;1;5
26;2025-12-14;2;1
26;2025-12-14;3;1
26;2025-12-14;4;1
26;2025-12-14;5;30
26;2025-12-14;6;161
26;2025-12-14;7;241
26;2025-12-14;8;362
26;2025-12-14;9;503
26;2025-12-14;10;561
26;2025-12-14;11;764
26;2025-12-14;12;787
26;2025-12-14;13;844
26;2025-12-14;14;825
26;2025-12-14;15;759
26;2025-12-14;16;739
26;2025-12-14;17;738
26;2025-12-14;18;669
26;2025-12-14;19;535
26;2025-12-14;20;391
26;2025-12-14;21;274
26;2025-12-14;22;186
26;2025-12-14;23;102
26;2025-12-15;0;29
26;2025-12-15;1;2
26;2025-12-15;2;0
26;2025-12-15;3;0
26;2025-12-15;4;3
26;2025-12-15;5;88
26;2025-12-15;6;498
26;2025-12-15;7;1088
26;2025-12-15;8;2147
26;2025-12-15;9;1455
26;2025-12-15;10;1216
26;2025-12-15;11;1083
26;2025-12-15;12;1127
26;2025-12-15;13;1180
26;2025-12-15;14;1221
26;2025-12-15;15;1326
26;2025-12-15;16;1501
26;2025-12-15;17;1678
26;2025-12-15;18;1822
26;2025-12-15;19;1240
26;2025-12-15;20;762
26;2025-12-15;21;460
26;2025-12-15;22;221
26;2025-12-15;23;113
26;2025-12-16;0;30
26;2025-12-16;1;2
26;2025-12-16;2;0
26;2025-12-16;3;2
26;2025-12-16;4;3
26;2025-12-16;5;89
26;2025-12-16;6;501
26;2025-12-16;7;1096
26;2025-12-16;8;2206
26;2025-12-16;9;1477
26;2025-12-16;10;1222
26;2025-12-16;11;1107
26;2025-12-16;12;1159
26;2025-12-16;13;1179
26;2025-12-16;14;1239
26;2025-12-16;15;1331
26;2025-12-16;16;1522
26;2025-12-16;17;1717
26;2025-12-16;18;1822
26;2025-12-16;19;1275
26;2025-12-16;20;772
26;2025-12-16;21;471
26;2025-12-16;22;229
26;2025-12-16;23;121
26;2025-12-17;0;30
26;2025-12-17;1;1
26;2025-12-17;2;0
26;2025-12-17;3;0
26;2025-12-17;4;5
26;2025-12-17;5;89
26;2025-12-17;6;493
26;2025-12-17;7;1072
26;2025-12-17;8;2168
26;2025-12-17;9;1464
26;2025-12-17;10;1222
26;2025-12-17;11;1099
26;2025-12-17;12;1150
26;2025-12-17;13;1179
26;2025-12-17;14;1268
26;2025-12-17;15;1338
26;2025-12-17;16;1496
26;2025-12-17;17;1660
26;2025-12-17;18;1778
26;2025-12-17;19;1224
26;2025-12-17;20;756
26;2025-12-17;21;483
26;2025-12-17;22;232
26;2025-12-17;23;125
26;2025-12-18;0;33
26;2025-12-18;1;1
26;2025-12-18;2;0
26;2025-12-18;3;0
26;2025-12-18;4;2
26;2025-12-18;5;87
26;2025-12-18;6;490
26;2025-12-18;7;1067
26;2025-12-18;8;2135
26;2025-12-18;9;1449
26;2025-12-18;10;1192
26;2025-12-18;11;1114
26;2025-12-18;12;1137
26;2025-12-18;13;1163
26;2025-12-18;14;1231
26;2025-12-18;15;1330
26;2025-12-18;16;1496
26;2025-12-18;17;1669
26;2025-12-18;18;1798
26;2025-12-18;19;1233
26;2025-12-18;20;756
26;2025-12-18;21;472
26;2025-12-18;22;230
26;2025-12-18;23;127
26;2025-12-19;0;32
26;2025-12-19;1;2
26;2025-12-19;2;0
26;2025-12-19;3;0
26;2025-12-19;4;2
26;2025-12-19;5;86
26;2025-12-19;6;492
26;2025-12-19;7;1050
26;2025-12-19;8;2089
26;2025-12-19;9;1412
26;2025-12-19;10;1200
26;2025-12-19;11;1082
26;2025-12-19;12;1139
26;2025-12-19;13;1183
26;2025-12-19;14;1240
26;2025-12-19;15;1359
26;2025-12-19;16;1567
26;2025-12-19;17;1676
26;2025-12-19;18;1580
26;2025-12-19;19;1151
26;2025-12-19;20;741
26;2025-12-19;21;468
26;2025-12-19;22;231
26;2025-12-19;23;141
26;2025-12-20;0;44
26;2025-12-20;1;2
26;2025-12-20;2;0
26;2025-12-20;3;0
26;2025-12-20;4;2
26;2025-12-20;5;45
26;2025-12-20;6;259
26;2025-12-20;7;362
26;2025-12-20;8;598
26;2025-12-20;9;693
26;2025-12-20;10;830
26;2025-12-20;11;1004
26;2025-12-20;12;1080
26;2025-12-20;13;1047
26;2025-12-20;14;1070
26;2025-12-20;15;966
26;2025-12-20;16;1010
26;2025-12-20;17;919
26;2025-12-20;18;871
26;2025-12-20;19;786
26;2025-12-20;20;538
26;2025-12-20;21;364
26;2025-12-20;22;219
26;2025-12-20;23;147
26;2025-12-21;0;46
26;2025-12-21;1;5
26;2025-12-21;2;1
26;2025-12-21;3;1
26;2025-12-21;4;1
26;2025-12-21;5;30
26;2025-12-21;6;161
26;2025-12-21;7;241
26;2025-12-21;8;362
26;2025-12-21;9;503
26;2025-12-21;10;561
26;2025-12-21;11;765
26;2025-12-21;12;788
26;2025-12-21;13;845
26;2025-12-21;14;826
26;2025-12-21;15;759
26;2025-12-21;16;739
26;2025-12-21;17;738
26;2025-12-21;18;670
26;2025-12-21;19;535
26;2025-12-21;20;391
26;2025-12-21;21;275
26;2025-12-21;22;186
26;2025-12-21;23;102
26;2025-12-22;0;29
26;2025-12-22;1;2
26;2025-12-22;2;0
26;2025-12-22;3;0
26;2025-12-22;4;3
26;2025-12-22;5;88
26;2025-12-22;6;498
26;2025-12-22;7;1087
26;2025-12-22;8;2146
26;2025-12-22;9;1454
26;2025-12-22;10;1215
26;2025-12-22;11;1082
26;2025-12-22;12;1126
26;2025-12-22;13;1179
26;2025-12-22;14;1220
26;2025-12-22;15;1325
26;2025-12-22;16;1500
26;2025-12-22;17;1677
26;2025-12-22;18;1820
26;2025-12-22;19;1239
26;2025-12-22;20;762
26;2025-12-22;21;460
26;2025-12-22;22;221
26;2025-12-22;23;113
26;2025-12-23;0;30
26;2025-12-23;1;2
26;2025-12-23;2;0
26;2025-12-23;3;2
26;2025-12-23;4;3
26;2025-12-23;5;89
26;2025-12-23;6;501
26;2025-12-23;7;1096
26;2025-12-23;8;2205
26;2025-12-23;9;1476
26;2025-12-23;10;1221
26;2025-12-23;11;1106
26;2025-12-23;12;1158
26;2025-12-23;13;1178
26;2025-12-23;14;1238
26;2025-12-23;15;1330
26;2025-12-23;16;1521
26;2025-12-23;17;1716
26;2025-12-23;18;1820
26;2025-12-23;19;1274
26;2025-12-23;20;771
26;2025-12-23;21;471
26;2025-12-23;22;229
26;2025-12-23;23;121
26;2025-12-24;0;30
26;2025-12-24;1;1
26;2025-12-24;2;0
26;2025-12-24;3;0
26;2025-12-24;4;5
26;2025-12-24;5;89
26;2025-12-24;6;493
26;2025-12-24;7;1071
26;2025-12-24;8;2166
26;2025-12-24;9;1463
26;2025-12-24;10;1222
26;2025-12-24;11;1098
26;2025-12-24;12;1149
26;2025-12-24;13;1179
26;2025-12-24;14;1268
26;2025-12-24;15;1337
26;2025-12-24;16;1495
26;2025-12-24;17;1658
26;2025-12-24;18;1777
26;2025-12-24;19;1223
26;2025-12-24;20;755
26;2025-12-24;21;483
26;2025-12-24;22;232
26;2025-12-24;23;125
26;2025-12-25;0;33
26;2025-12-25;1;1
26;2025-12-25;2;0
26;2025-12-25;3;0
26;2025-12-25;4;2
26;2025-12-25;5;87
26;2025-12-25;6;490
26;2025-12-25;7;1066
26;2025-12-25;8;2134
26;2025-12-25;9;1448
26;2025-12-25;10;1191
26;2025-12-25;11;1113
26;2025-12-25;12;1136
26;2025-12-25;13;1162
26;2025-12-25;14;1230
26;2025-12-25;15;1329
26;2025-12-25;16;1495
26;2025-12-25;17;1667
26;2025-12-25;18;1796
26;2025-12-25;19;1232
26;2025-12-25;20;755
26;2025-12-25;21;472
26;2025-12-25;22;230
26;2025-12-25;23;127
26;2025-12-26;0;32
26;2025-12-26;1;2
26;2025-12-26;2;0
26;2025-12-26;3;0
26;2025-12-26;4;2
26;2025-12-26;5;86
26;2025-12-26;6;491
26;2025-12-26;7;1049
26;2025-12-26;8;2088
26;2025-12-26;9;1410
26;2025-12-26;10;1199
26;2025-12-26;11;1081
26;2025-12-26;12;1138
26;2025-12-26;13;1183
26;2025-12-26;14;1239
26;2025-12-26;15;1358
26;2025-12-26;16;1566
26;2025-12-26;17;1675
26;2025-12-26;18;1579
26;2025-12-26;19;1151
26;2025-12-26;20;740
26;2025-12-26;21;468
26;2025-12-26;22;231
26;2025-12-26;23;141
26;2025-12-27;0;44
26;2025-12-27;1;2
26;2025-12-27;2;0
26;2025-12-27;3;0
26;2025-12-27;4;2
26;2025-12-27;5;45
26;2025-12-27;6;259
26;2025-12-27;7;361
26;2025-12-27;8;598
26;2025-12-27;9;693
26;2025-12-27;10;829
26;2025-12-27;11;1003
26;2025-12-27;12;1078
26;2025-12-27;13;1046
26;2025-12-27;14;1069
26;2025-12-27;15;965
26;2025-12-27;16;1009
26;2025-12-27;17;919
26;2025-12-27;18;870
26;2025-12-27;19;786
26;2025-12-27;20;538
26;2025-12-27;21;363
26;2025-12-27;22;219
26;2025-12-27;23;146
26;2025-12-28;0;46
26;2025-12-28;1;5
26;2025-12-28;2;1
26;2025-12-28;3;1
26;2025-12-28;4;1
26;2025-12-28;5;30
26;2025-12-28;6;161
26;2025-12-28;7;241
26;2025-12-28;8;362
26;2025-12-28;9;504
26;2025-12-28;10;561
26;2025-12-28;11;765
26;2025-12-28;12;788
26;2025-12-28;13;845
26;2025-12-28;14;826
26;2025-12-28;15;760
26;2025-12-28;16;740
26;2025-12-28;17;739
26;2025-12-28;18;670
26;2025-12-28;19;536
26;2025-12-28;20;392
26;2025-12-28;21;275
26;2025-12-28;22;186
26;2025-12-28;23;102
26;2025-12-29;0;29
26;2025-12-29;1;2
26;2025-12-29;2;0
26;2025-12-29;3;0
26;2025-12-29;4;3
26;2025-12-29;5;88
26;2025-12-29;6;497
26;2025-12-29;7;1086
26;2025-12-29;8;2144
26;2025-12-29;9;1453
26;2025-12-29;10;1214
26;2025-12-29;11;1082
26;2025-12-29;12;1125
26;2025-12-29;13;1178
26;2025-12-29;14;1220
26;2025-12-29;15;1324
26;2025-12-29;16;1499
26;2025-12-29;17;1676
26;2025-12-29;18;1819
26;2025-12-29;19;1238
26;2025-12-29;20;761
26;2025-12-29;21;460
26;2025-12-29;22;221
26;2025-12-29;23;113
26;2025-12-30;0;30
26;2025-12-30;1;2
26;2025-12-30;2;0
26;2025-12-30;3;2
26;2025-12-30;4;3
26;2025-12-30;5;89
26;2025-12-30;6;500
26;2025-12-30;7;1095
26;2025-12-30;8;2203
26;2025-12-30;9;1475
26;2025-12-30;10;1220
26;2025-12-30;11;1105
26;2025-12-30;12;1158
26;2025-12-30;13;1178
26;2025-12-30;14;1237
26;2025-12-30;15;1329
26;2025-12-30;16;1520
26;2025-12-30;17;1715
26;2025-12-30;18;1819
26;2025-12-30;19;1273
26;2025-12-30;20;771
26;2025-12-30;21;471
26;2025-12-30;22;229
26;2025-12-30;23;120
26;2025-12-31;0;44
26;2025-12-31;1;5
26;2025-12-31;2;1
26;2025-12-31;3;1
26;2025-12-31;4;2
26;2025-12-31;5;31
26;2025-12-31;6;167
26;2025-12-31;7;239
26;2025-12-31;8;350
26;2025-12-31;9;484
26;2025-12-31;10;540
26;2025-12-31;11;734
26;2025-12-31;12;761
26;2025-12-31;13;817
26;2025-12-31;14;794
26;2025-12-31;15;740
26;2025-12-31;16;717
26;2025-12-31;17;715
26;2025-12-31;18;657
26;2025-12-31;19;542
26;2025-12-31;20;392
26;2025-12-31;21;273
26;2025-12-31;22;187
26;2025-12-31;23;103
28;2025-11-01;0;1
28;2025-11-01;1;0
28;2025-11-01;2;0
28;2025-11-01;3;0
28;2025-11-01;4;2
28;2025-11-01;5;79
28;2025-11-01;6;271
28;2025-11-01;7;811
28;2025-11-01;8;1265
28;2025-11-01;9;872
28;2025-11-01;10;649
28;2025-11-01;11;578
28;2025-11-01;12;709
28;2025-11-01;13;727
28;2025-11-01;14;676
28;2025-11-01;15;705
28;2025-11-01;16;886
28;2025-11-01;17;1008
28;2025-11-01;18;955
28;2025-11-01;19;721
28;2025-11-01;20;510
28;2025-11-01;21;321
28;2025-11-01;22;136
28;2025-11-01;23;19
28;2025-11-02;0;5
28;2025-11-02;1;3
28;2025-11-02;2;1
28;2025-11-02;3;1
28;2025-11-02;4;0
28;2025-11-02;5;29
28;2025-11-02;6;78
28;2025-11-02;7;146
28;2025-11-02;8;234
28;2025-11-02;9;320
28;2025-11-02;10;361
28;2025-11-02;11;397
28;2025-11-02;12;440
28;2025-11-02;13;510
28;2025-11-02;14;489
28;2025-11-02;15;486
28;2025-11-02;16;454
28;2025-11-02;17;459
28;2025-11-02;18;398
28;2025-11-02;19;347
28;2025-11-02;20;281
28;2025-11-02;21;233
28;2025-11-02;22;112
28;2025-11-02;23;15
28;2025-11-03;0;5
28;2025-11-03;1;2
28;2025-11-03;2;1
28;2025-11-03;3;1
28;2025-11-03;4;0
28;2025-11-03;5;28
28;2025-11-03;6;77
28;2025-11-03;7;146
28;2025-11-03;8;226
28;2025-11-03;9;308
28;2025-11-03;10;350
28;2025-11-03;11;382
28;2025-11-03;12;427
28;2025-11-03;13;496
28;2025-11-03;14;478
28;2025-11-03;15;474
28;2025-11-03;16;443
28;2025-11-03;17;452
28;2025-11-03;18;390
28;2025-11-03;19;340
28;2025-11-03;20;278
28;2025-11-03;21;230
28;2025-11-03;22;112
28;2025-11-03;23;16
28;2025-11-04;0;5
28;2025-11-04;1;2
28;2025-11-04;2;1
28;2025-11-04;3;1
28;2025-11-04;4;0
28;2025-11-04;5;28
28;2025-11-04;6;77
28;2025-11-04;7;146
28;2025-11-04;8;226
28;2025-11-04;9;308
28;2025-11-04;10;350
28;2025-11-04;11;381
28;2025-11-04;12;427
28;2025-11-04;13;496
28;2025-11-04;14;477
28;2025-11-04;15;474
28;2025-11-04;16;443
28;2025-11-04;17;452
28;2025-11-04;18;390
28;2025-11-04;19;340
28;2025-11-04;20;278
28;2025-11-04;21;230
28;2025-11-04;22;112
28;2025-11-04;23;16
28;2025-11-05;0;2
28;2025-11-05;1;0
28;2025-11-05;2;0
28;2025-11-05;3;0
28;2025-11-05;4;2
28;2025-11-05;5;80
28;2025-11-05;6;269
28;2025-11-05;7;791
28;2025-11-05;8;1246
28;2025-11-05;9;852
28;2025-11-05;10;640
28;2025-11-05;11;588
28;2025-11-05;12;701
28;2025-11-05;13;721
28;2025-11-05;14;671
28;2025-11-05;15;705
28;2025-11-05;16;870
28;2025-11-05;17;994
28;2025-11-05;18;947
28;2025-11-05;19;719
28;2025-11-05;20;503
28;2025-11-05;21;320
28;2025-11-05;22;137
28;2025-11-05;23;19
28;2025-11-06;0;2
28;2025-11-06;1;0
28;2025-11-06;2;0
28;2025-11-06;3;0
28;2025-11-06;4;2
28;2025-11-06;5;77
28;2025-11-06;6;269
28;2025-11-06;7;802
28;2025-11-06;8;1250
28;2025-11-06;9;861
28;2025-11-06;10;638
28;2025-11-06;11;566
28;2025-11-06;12;707
28;2025-11-06;13;720
28;2025-11-06;14;670
28;2025-11-06;15;699
28;2025-11-06;16;860
28;2025-11-06;17;992
28;2025-11-06;18;970
28;2025-11-06;19;722
28;2025-11-06;20;514
28;2025-11-06;21;323
28;2025-11-06;22;138
28;2025-11-06;23;19
28;2025-11-07;0;1
28;2025-11-07;1;0
28;2025-11-07;2;0
28;2025-11-07;3;0
28;2025-11-07;4;2
28;2025-11-07;5;76
28;2025-11-07;6;260
28;2025-11-07;7;781
28;2025-11-07;8;1201
28;2025-11-07;9;837
28;2025-11-07;10;631
28;2025-11-07;11;562
28;2025-11-07;12;698
28;2025-11-07;13;711
28;2025-11-07;14;682
28;2025-11-07;15;704
28;2025-11-07;16;907
28;2025-11-07;17;989
28;2025-11-07;18;878
28;2025-11-07;19;669
28;2025-11-07;20;484
28;2025-11-07;21;315
28;2025-11-07;22;138
28;2025-11-07;23;20
28;2025-11-08;0;1
28;2025-11-08;1;0
28;2025-11-08;2;0
28;2025-11-08;3;0
28;2025-11-08;4;1
28;2025-11-08;5;36
28;2025-11-08;6;99
28;2025-11-08;7;217
28;2025-11-08;8;381
28;2025-11-08;9;464
28;2025-11-08;10;485
28;2025-11-08;11;501
28;2025-11-08;12;590
28;2025-11-08;13;602
28;2025-11-08;14;597
28;2025-11-08;15;588
28;2025-11-08;16;565
28;2025-11-08;17;572
28;2025-11-08;18;496
28;2025-11-08;19;404
28;2025-11-08;20;305
28;2025-11-08;21;271
28;2025-11-08;22;132
28;2025-11-08;23;24
28;2025-11-09;0;5
28;2025-11-09;1;3
28;2025-11-09;2;1
28;2025-11-09;3;1
28;2025-11-09;4;0
28;2025-11-09;5;29
28;2025-11-09;6;78
28;2025-11-09;7;146
28;2025-11-09;8;234
28;2025-11-09;9;320
28;2025-11-09;10;361
28;2025-11-09;11;397
28;2025-11-09;12;439
28;2025-11-09;13;509
28;2025-11-09;14;488
28;2025-11-09;15;485
28;2025-11-09;16;453
28;2025-11-09;17;458
28;2025-11-09;18;397
28;2025-11-09;19;347
28;2025-11-09;20;280
28;2025-11-09;21;233
28;2025-11-09;22;112
28;2025-11-09;23;15
28;2025-11-10;0;1
28;2025-11-10;1;0
28;2025-11-10;2;0
28;2025-11-10;3;0
28;2025-11-10;4;2
28;2025-11-10;5;78
28;2025-11-10;6;268
28;2025-11-10;7;793
28;2025-11-10;8;1235
28;2025-11-10;9;860
28;2025-11-10;10;627
28;2025-11-10;11;556
28;2025-11-10;12;687
28;2025-11-10;13;700
28;2025-11-10;14;651
28;2025-11-10;15;680
28;2025-11-10;16;877
28;2025-11-10;17;983
28;2025-11-10;18;951
28;2025-11-10;19;717
28;2025-11-10;20;494
28;2025-11-10;21;310
28;2025-11-10;22;128
28;2025-11-10;23;17
28;2025-11-11;0;2
28;2025-11-11;1;1
28;2025-11-11;2;0
28;2025-11-11;3;0
28;2025-11-11;4;2
28;2025-11-11;5;76
28;2025-11-11;6;264
28;2025-11-11;7;800
28;2025-11-11;8;1249
28;2025-11-11;9;871
28;2025-11-11;10;661
28;2025-11-11;11;571
28;2025-11-11;12;697
28;2025-11-11;13;728
28;2025-11-11;14;669
28;2025-11-11;15;691
28;2025-11-11;16;853
28;2025-11-11;17;987
28;2025-11-11;18;943
28;2025-11-11;19;718
28;2025-11-11;20;515
28;2025-11-11;21;319
28;2025-11-11;22;131
28;2025-11-11;23;20
28;2025-11-12;0;2
28;2025-11-12;1;0
28;2025-11-12;2;0
28;2025-11-12;3;0
28;2025-11-12;4;2
28;2025-11-12;5;80
28;2025-11-12;6;269
28;2025-11-12;7;789
28;2025-11-12;8;1243
28;2025-11-12;9;850
28;2025-11-12;10;639
28;2025-11-12;11;586
28;2025-11-12;12;699
28;2025-11-12;13;719
28;2025-11-12;14;669
28;2025-11-12;15;703
28;2025-11-12;16;868
28;2025-11-12;17;991
28;2025-11-12;18;944
28;2025-11-12;19;717
28;2025-11-12;20;502
28;2025-11-12;21;320
28;2025-11-12;22;136
28;2025-11-12;23;19
28;2025-11-13;0;2
28;2025-11-13;1;0
28;2025-11-13;2;0
28;2025-11-13;3;0
28;2025-11-13;4;2
28;2025-11-13;5;77
28;2025-11-13;6;268
28;2025-11-13;7;800
28;2025-11-13;8;1247
28;2025-11-13;9;859
28;2025-11-13;10;636
28;2025-11-13;11;565
28;2025-11-13;12;705
28;2025-11-13;13;718
28;2025-11-13;14;668
28;2025-11-13;15;697
28;2025-11-13;16;858
28;2025-11-13;17;989
28;2025-11-13;18;967
28;2025-11-13;19;720
28;2025-11-13;20;513
28;2025-11-13;21;323
28;2025-11-13;22;138
28;2025-11-13;23;19
28;2025-11-14;0;1
28;2025-11-14;1;0
28;2025-11-14;2;0
28;2025-11-14;3;0
28;2025-11-14;4;2
28;2025-11-14;5;75
28;2025-11-14;6;259
28;2025-11-14;7;779
28;2025-11-14;8;1198
28;2025-11-14;9;835
28;2025-11-14;10;629
28;2025-11-14;11;561
28;2025-11-14;12;696
28;2025-11-14;13;709
28;2025-11-14;14;681
28;2025-11-14;15;702
28;2025-11-14;16;905
28;2025-11-14;17;986
28;2025-11-14;18;875
28;2025-11-14;19;667
28;2025-11-14;20;482
28;2025-11-14;21;314
28;2025-11-14;22;138
28;2025-11-14;23;20
28;2025-11-15;0;1
28;2025-11-15;1;0
28;2025-11-15;2;0
28;2025-11-15;3;0
28;2025-11-15;4;1
28;2025-11-15;5;36
28;2025-11-15;6;99
28;2025-11-15;7;217
28;2025-11-15;8;380
28;2025-11-15;9;463
28;2025-11-15;10;484
28;2025-11-15;11;499
28;2025-11-15;12;588
28;2025-11-15;13;601
28;2025-11-15;14;596
28;2025-11-15;15;587
28;2025-11-15;16;564
28;2025-11-15;17;570
28;2025-11-15;18;495
28;2025-11-15;19;403
28;2025-11-15;20;304
28;2025-11-15;21;270
28;2025-11-15;22;132
28;2025-11-15;23;24
28;2025-11-16;0;5
28;2025-11-16;1;3
28;2025-11-16;2;1
28;2025-11-16;3;1
28;2025-11-16;4;0
28;2025-11-16;5;29
28;2025-11-16;6;78
28;2025-11-16;7;146
28;2025-11-16;8;233
28;2025-11-16;9;319
28;2025-11-16;10;360
28;2025-11-16;11;396
28;2025-11-16;12;438
28;2025-11-16;13;508
28;2025-11-16;14;487
28;2025-11-16;15;484
28;2025-11-16;16;453
28;2025-11-16;17;457
28;2025-11-16;18;397
28;2025-11-16;19;346
28;2025-11-16;20;280
28;2025-11-16;21;233
28;2025-11-16;22;112
28;2025-11-16;23;15
28;2025-11-17;0;1
28;2025-11-17;1;0
28;2025-11-17;2;0
28;2025-11-17;3;0
28;2025-11-17;4;2
28;2025-11-17;5;77
28;2025-11-17;6;267
28;2025-11-17;7;791
28;2025-11-17;8;1231
28;2025-11-17;9;858
28;2025-11-17;10;625
28;2025-11-17;11;555
28;2025-11-17;12;685
28;2025-11-17;13;698
28;2025-11-17;14;649
28;2025-11-17;15;678
28;2025-11-17;16;875
28;2025-11-17;17;980
28;2025-11-17;18;948
28;2025-11-17;19;715
28;2025-11-17;20;493
28;2025-11-17;21;309
28;2025-11-17;22;128
28;2025-11-17;23;17
28;2025-11-18;0;2
28;2025-11-18;1;1
28;2025-11-18;2;0
28;2025-11-18;3;0
28;2025-11-18;4;2
28;2025-11-18;5;75
28;2025-11-18;6;263
28;2025-11-18;7;798
28;2025-11-18;8;1246
28;2025-11-18;9;868
28;2025-11-18;10;659
28;2025-11-18;11;570
28;2025-11-18;12;695
28;2025-11-18;13;726
28;2025-11-18;14;667
28;2025-11-18;15;689
28;2025-11-18;16;851
28;2025-11-18;17;984
28;2025-11-18;18;941
28;2025-11-18;19;716
28;2025-11-18;20;513
28;2025-11-18;21;318
28;2025-11-18;22;130
28;2025-11-18;23;20
28;2025-11-19;0;2
28;2025-11-19;1;0
28;2025-11-19;2;0
28;2025-11-19;3;0
28;2025-11-19;4;2
28;2025-11-19;5;79
28;2025-11-19;6;268
28;2025-11-19;7;787
28;2025-11-19;8;1240
28;2025-11-19;9;848
28;2025-11-19;10;637
28;2025-11-19;11;585
28;2025-11-19;12;697
28;2025-11-19;13;718
28;2025-11-19;14;667
28;2025-11-19;15;702
28;2025-11-19;16;866
28;2025-11-19;17;988
28;2025-11-19;18;942
28;2025-11-19;19;716
28;2025-11-19;20;500
28;2025-11-19;21;319
28;2025-11-19;22;136
28;2025-11-19;23;19
28;2025-11-20;0;2
28;2025-11-20;1;0
28;2025-11-20;2;0
28;2025-11-20;3;0
28;2025-11-20;4;2
28;2025-11-20;5;77
28;2025-11-20;6;267
28;2025-11-20;7;798
28;2025-11-20;8;1243
28;2025-11-20;9;857
28;2025-11-20;10;635
28;2025-11-20;11;563
28;2025-11-20;12;703
28;2025-11-20;13;717
28;2025-11-20;14;667
28;2025-11-20;15;695
28;2025-11-20;16;856
28;2025-11-20;17;987
28;2025-11-20;18;965
28;2025-11-20;19;719
28;2025-11-20;20;511
28;2025-11-20;21;322
28;2025-11-20;22;137
28;2025-11-20;23;19
28;2025-11-21;0;1
28;2025-11-21;1;0
28;2025-11-21;2;0
28;2025-11-21;3;0
28;2025-11-21;4;2
28;2025-11-21;5;75
28;2025-11-21;6;259
28;2025-11-21;7;777
28;2025-11-21;8;1195
28;2025-11-21;9;833
28;2025-11-21;10;627
28;2025-11-21;11;559
28;2025-11-21;12;694
28;2025-11-21;13;708
28;2025-11-21;14;679
28;2025-11-21;15;700
28;2025-11-21;16;902
28;2025-11-21;17;984
28;2025-11-21;18;873
28;2025-11-21;19;665
28;2025-11-21;20;481
28;2025-11-21;21;313
28;2025-11-21;22;138
28;2025-11-21;23;20
28;2025-11-22;0;1
28;2025-11-22;1;0
28;2025-11-22;2;0
28;2025-11-22;3;0
28;2025-11-22;4;1
28;2025-11-22;5;36
28;2025-11-22;6;99
28;2025-11-22;7;216
28;2025-11-22;8;379
28;2025-11-22;9;462
28;2025-11-22;10;483
28;2025-11-22;11;498
28;2025-11-22;12;587
28;2025-11-22;13;600
28;2025-11-22;14;595
28;2025-11-22;15;586
28;2025-11-22;16;563
28;2025-11-22;17;569
28;2025-11-22;18;494
28;2025-11-22;19;402
28;2025-11-22;20;303
28;2025-11-22;21;269
28;2025-11-22;22;132
28;2025-11-22;23;24
28;2025-11-23;0;5
28;2025-11-23;1;3
28;2025-11-23;2;1
28;2025-11-23;3;1
28;2025-11-23;4;0
28;2025-11-23;5;29
28;2025-11-23;6;77
28;2025-11-23;7;146
28;2025-11-23;8;233
28;2025-11-23;9;319
28;2025-11-23;10;359
28;2025-11-23;11;395
28;2025-11-23;12;438
28;2025-11-23;13;507
28;2025-11-23;14;487
28;2025-11-23;15;483
28;2025-11-23;16;452
28;2025-11-23;17;457
28;2025-11-23;18;396
28;2025-11-23;19;345
28;2025-11-23;20;279
28;2025-11-23;21;232
28;2025-11-23;22;111
28;2025-11-23;23;15
28;2025-11-24;0;1
28;2025-11-24;1;0
28;2025-11-24;2;0
28;2025-11-24;3;0
28;2025-11-24;4;2
28;2025-11-24;5;77
28;2025-11-24;6;266
28;2025-11-24;7;789
28;2025-11-24;8;1228
28;2025-11-24;9;856
28;2025-11-24;10;624
28;2025-11-24;11;553
28;2025-11-24;12;684
28;2025-11-24;13;696
28;2025-11-24;14;647
28;2025-11-24;15;677
28;2025-11-24;16;872
28;2025-11-24;17;978
28;2025-11-24;18;946
28;2025-11-24;19;713
28;2025-11-24;20;492
28;2025-11-24;21;308
28;2025-11-24;22;128
28;2025-11-24;23;17
28;2025-11-25;0;2
28;2025-11-25;1;1
28;2025-11-25;2;0
28;2025-11-25;3;0
28;2025-11-25;4;2
28;2025-11-25;5;75
28;2025-11-25;6;263
28;2025-11-25;7;796
28;2025-11-25;8;1243
28;2025-11-25;9;866
28;2025-11-25;10;658
28;2025-11-25;11;568
28;2025-11-25;12;693
28;2025-11-25;13;724
28;2025-11-25;14;666
28;2025-11-25;15;687
28;2025-11-25;16;849
28;2025-11-25;17;982
28;2025-11-25;18;939
28;2025-11-25;19;715
28;2025-11-25;20;512
28;2025-11-25;21;317
28;2025-11-25;22;130
28;2025-11-25;23;20
28;2025-11-26;0;2
28;2025-11-26;1;0
28;2025-11-26;2;0
28;2025-11-26;3;0
28;2025-11-26;4;2
28;2025-11-26;5;79
28;2025-11-26;6;267
28;2025-11-26;7;785
28;2025-11-26;8;1237
28;2025-11-26;9;846
28;2025-11-26;10;635
28;2025-11-26;11;583
28;2025-11-26;12;695
28;2025-11-26;13;716
28;2025-11-26;14;666
28;2025-11-26;15;700
28;2025-11-26;16;864
28;2025-11-26;17;986
28;2025-11-26;18;940
28;2025-11-26;19;714
28;2025-11-26;20;499
28;2025-11-26;21;318
28;2025-11-26;22;136
28;2025-11-26;23;19
28;2025-11-27;0;2
28;2025-11-27;1;0
28;2025-11-27;2;0
28;2025-11-27;3;0
28;2025-11-27;4;2
28;2025-11-27;5;76
28;2025-11-27;6;267
28;2025-11-27;7;796
28;2025-11-27;8;1240
28;2025-11-27;9;855
28;2025-11-27;10;633
28;2025-11-27;11;562
28;2025-11-27;12;702
28;2025-11-27;13;715
28;2025-11-27;14;665
28;2025-11-27;15;693
28;2025-11-27;16;854
28;2025-11-27;17;984
28;2025-11-27;18;963
28;2025-11-27;19;717
28;2025-11-27;20;510
28;2025-11-27;21;321
28;2025-11-27;22;137
28;2025-11-27;23;19
28;2025-11-28;0;1
28;2025-11-28;1;0
28;2025-11-28;2;0
28;2025-11-28;3;0
28;2025-11-28;4;2
28;2025-11-28;5;75
28;2025-11-28;6;258
28;2025-11-28;7;775
28;2025-11-28;8;1192
28;2025-11-28;9;831
28;2025-11-28;10;626
28;2025-11-28;11;558
28;2025-11-28;12;692
28;2025-11-28;13;706
28;2025-11-28;14;677
28;2025-11-28;15;699
28;2025-11-28;16;900
28;2025-11-28;17;982
28;2025-11-28;18;871
28;2025-11-28;19;664
28;2025-11-28;20;480
28;2025-11-28;21;313
28;2025-11-28;22;137
28;2025-11-28;23;20
28;2025-11-29;0;1
28;2025-11-29;1;0
28;2025-11-29;2;0
28;2025-11-29;3;0
28;2025-11-29;4;1
28;2025-11-29;5;35
28;2025-11-29;6;99
28;2025-11-29;7;216
28;2025-11-29;8;378
28;2025-11-29;9;461
28;2025-11-29;10;482
28;2025-11-29;11;497
28;2025-11-29;12;586
28;2025-11-29;13;598
28;2025-11-29;14;593
28;2025-11-29;15;584
28;2025-11-29;16;562
28;2025-11-29;17;568
28;2025-11-29;18;493
28;2025-11-29;19;402
28;2025-11-29;20;303
28;2025-11-29;21;269
28;2025-11-29;22;131
28;2025-11-29;23;24
28;2025-11-30;0;5
28;2025-11-30;1;2
28;2025-11-30;2;1
28;2025-11-30;3;1
28;2025-11-30;4;0
28;2025-11-30;5;29
28;2025-11-30;6;77
28;2025-11-30;7;145
28;2025-11-30;8;233
28;2025-11-30;9;318
28;2025-11-30;10;359
28;2025-11-30;11;395
28;2025-11-30;12;437
28;2025-11-30;13;507
28;2025-11-30;14;486
28;2025-11-30;15;482
28;2025-11-30;16;451
28;2025-11-30;17;456
28;2025-11-30;18;395
28;2025-11-30;19;345
28;2025-11-30;20;279
28;2025-11-30;21;232
28;2025-11-30;22;111
28;2025-11-30;23;15
28;2025-12-01;0;1
28;2025-12-01;1;0
28;2025-12-01;2;0
28;2025-12-01;3;0
28;2025-12-01;4;2
28;2025-12-01;5;77
28;2025-12-01;6;266
28;2025-12-01;7;787
28;2025-12-01;8;1226
28;2025-12-01;9;854
28;2025-12-01;10;622
28;2025-12-01;11;552
28;2025-12-01;12;682
28;2025-12-01;13;695
28;2025-12-01;14;646
28;2025-12-01;15;675
28;2025-12-01;16;870
28;2025-12-01;17;976
28;2025-12-01;18;944
28;2025-12-01;19;711
28;2025-12-01;20;491
28;2025-12-01;21;308
28;2025-12-01;22;127
28;2025-12-01;23;17
28;2025-12-02;0;2
28;2025-12-02;1;1
28;2025-12-02;2;0
28;2025-12-02;3;0
28;2025-12-02;4;2
28;2025-12-02;5;75
28;2025-12-02;6;262
28;2025-12-02;7;794
28;2025-12-02;8;1240
28;2025-12-02;9;864
28;2025-12-02;10;656
28;2025-12-02;11;567
28;2025-12-02;12;692
28;2025-12-02;13;723
28;2025-12-02;14;664
28;2025-12-02;15;686
28;2025-12-02;16;847
28;2025-12-02;17;980
28;2025-12-02;18;937
28;2025-12-02;19;713
28;2025-12-02;20;511
28;2025-12-02;21;316
28;2025-12-02;22;130
28;2025-12-02;23;19
28;2025-12-03;0;2
28;2025-12-03;1;0
28;2025-12-03;2;0
28;2025-12-03;3;0
28;2025-12-03;4;2
28;2025-12-03;5;79
28;2025-12-03;6;267
28;2025-12-03;7;783
28;2025-12-03;8;1234
28;2025-12-03;9;844
28;2025-12-03;10;634
28;2025-12-03;11;582
28;2025-12-03;12;694
28;2025-12-03;13;714
28;2025-12-03;14;664
28;2025-12-03;15;698
28;2025-12-03;16;862
28;2025-12-03;17;984
28;2025-12-03;18;938
28;2025-12-03;19;712
28;2025-12-03;20;498
28;2025-12-03;21;317
28;2025-12-03;22;135
28;2025-12-03;23;19
28;2025-12-04;0;2
28;2025-12-04;1;0
28;2025-12-04;2;0
28;2025-12-04;3;0
28;2025-12-04;4;2
28;2025-12-04;5;76
28;2025-12-04;6;266
28;2025-12-04;7;794
28;2025-12-04;8;1238
28;2025-12-04;9;853
28;2025-12-04;10;632
28;2025-12-04;11;561
28;2025-12-04;12;700
28;2025-12-04;13;713
28;2025-12-04;14;664
28;2025-12-04;15;692
28;2025-12-04;16;852
28;2025-12-04;17;982
28;2025-12-04;18;961
28;2025-12-04;19;715
28;2025-12-04;20;509
28;2025-12-04;21;320
28;2025-12-04;22;137
28;2025-12-04;23;19
28;2025-12-05;0;1
28;2025-12-05;1;0
28;2025-12-05;2;0
28;2025-12-05;3;0
28;2025-12-05;4;2
28;2025-12-05;5;75
28;2025-12-05;6;257
28;2025-12-05;7;773
28;2025-12-05;8;1189
28;2025-12-05;9;829
28;2025-12-05;10;625
28;2025-12-05;11;557
28;2025-12-05;12;691
28;2025-12-05;13;704
28;2025-12-05;14;676
28;2025-12-05;15;697
28;2025-12-05;16;898
28;2025-12-05;17;979
28;2025-12-05;18;869
28;2025-12-05;19;662
28;2025-12-05;20;479
28;2025-12-05;21;312
28;2025-12-05;22;137
28;2025-12-05;23;20
28;2025-12-06;0;1
28;2025-12-06;1;0
28;2025-12-06;2;0
28;2025-12-06;3;0
28;2025-12-06;4;1
28;2025-12-06;5;35
28;2025-12-06;6;99
28;2025-12-06;7;215
28;2025-12-06;8;378
28;2025-12-06;9;460
28;2025-12-06;10;481
28;2025-12-06;11;496
28;2025-12-06;12;585
28;2025-12-06;13;597
28;2025-12-06;14;592
28;2025-12-06;15;583
28;2025-12-06;16;561
28;2025-12-06;17;567
28;2025-12-06;18;492
28;2025-12-06;19;401
28;2025-12-06;20;302
28;2025-12-06;21;268
28;2025-12-06;22;131
28;2025-12-06;23;24
28;2025-12-07;0;5
28;2025-12-07;1;2
28;2025-12-07;2;1
28;2025-12-07;3;1
28;2025-12-07;4;0
28;2025-12-07;5;29
28;2025-12-07;6;77
28;2025-12-07;7;145
28;2025-12-07;8;232
28;2025-12-07;9;318
28;2025-12-07;10;358
28;2025-12-07;11;394
28;2025-12-07;12;437
28;2025-12-07;13;506
28;2025-12-07;14;485
28;2025-12-07;15;482
28;2025-12-07;16;451
28;2025-12-07;17;455
28;2025-12-07;18;395
28;2025-12-07;19;344
28;2025-12-07;20;279
28;2025-12-07;21;232
28;2025-12-07;22;111
28;2025-12-07;23;15
28;2025-12-08;0;1
28;2025-12-08;1;0
28;2025-12-08;2;0
28;2025-12-08;3;0
28;2025-12-08;4;2
28;2025-12-08;5;77
28;2025-12-08;6;265
28;2025-12-08;7;786
28;2025-12-08;8;1223
28;2025-12-08;9;852
28;2025-12-08;10;621
28;2025-12-08;11;551
28;2025-12-08;12;681
28;2025-12-08;13;693
28;2025-12-08;14;644
28;2025-12-08;15;674
28;2025-12-08;16;869
28;2025-12-08;17;973
28;2025-12-08;18;942
28;2025-12-08;19;710
28;2025-12-08;20;490
28;2025-12-08;21;307
28;2025-12-08;22;127
28;2025-12-08;23;17
28;2025-12-09;0;2
28;2025-12-09;1;0
28;2025-12-09;2;0
28;2025-12-09;3;0
28;2025-12-09;4;2
28;2025-12-09;5;75
28;2025-12-09;6;262
28;2025-12-09;7;793
28;2025-12-09;8;1237
28;2025-12-09;9;862
28;2025-12-09;10;655
28;2025-12-09;11;566
28;2025-12-09;12;690
28;2025-12-09;13;721
28;2025-12-09;14;663
28;2025-12-09;15;685
28;2025-12-09;16;845
28;2025-12-09;17;978
28;2025-12-09;18;935
28;2025-12-09;19;712
28;2025-12-09;20;510
28;2025-12-09;21;316
28;2025-12-09;22;129
28;2025-12-09;23;19
28;2025-12-10;0;2
28;2025-12-10;1;0
28;2025-12-10;2;0
28;2025-12-10;3;0
28;2025-12-10;4;2
28;2025-12-10;5;79
28;2025-12-10;6;266
28;2025-12-10;7;782
28;2025-12-10;8;1231
28;2025-12-10;9;842
28;2025-12-10;10;633
28;2025-12-10;11;581
28;2025-12-10;12;692
28;2025-12-10;13;713
28;2025-12-10;14;663
28;2025-12-10;15;697
28;2025-12-10;16;860
28;2025-12-10;17;982
28;2025-12-10;18;936
28;2025-12-10;19;711
28;2025-12-10;20;497
28;2025-12-10;21;317
28;2025-12-10;22;135
28;2025-12-10;23;19
28;2025-12-11;0;2
28;2025-12-11;1;0
28;2025-12-11;2;0
28;2025-12-11;3;0
28;2025-12-11;4;2
28;2025-12-11;5;76
28;2025-12-11;6;266
28;2025-12-11;7;793
28;2025-12-11;8;1235
28;2025-12-11;9;851
28;2025-12-11;10;631
28;2025-12-11;11;560
28;2025-12-11;12;699
28;2025-12-11;13;712
28;2025-12-11;14;662
28;2025-12-11;15;690
28;2025-12-11;16;850
28;2025-12-11;17;980
28;2025-12-11;18;959
28;2025-12-11;19;714
28;2025-12-11;20;508
28;2025-12-11;21;320
28;2025-12-11;22;136
28;2025-12-11;23;19
28;2025-12-12;0;1
28;2025-12-12;1;0
28;2025-12-12;2;0
28;2025-12-12;3;0
28;2025-12-12;4;2
28;2025-12-12;5;75
28;2025-12-12;6;257
28;2025-12-12;7;772
28;2025-12-12;8;1187
28;2025-12-12;9;827
28;2025-12-12;10;623
28;2025-12-12;11;556
28;2025-12-12;12;689
28;2025-12-12;13;703
28;2025-12-12;14;675
28;2025-12-12;15;696
28;2025-12-12;16;897
28;2025-12-12;17;977
28;2025-12-12;18;867
28;2025-12-12;19;661
28;2025-12-12;20;478
28;2025-12-12;21;311
28;2025-12-12;22;137
28;2025-12-12;23;20
28;2025-12-13;0;1
28;2025-12-13;1;0
28;2025-12-13;2;0
28;2025-12-13;3;0
28;2025-12-13;4;1
28;2025-12-13;5;35
28;2025-12-13;6;99
28;2025-12-13;7;215
28;2025-12-13;8;377
28;2025-12-13;9;459
28;2025-12-13;10;480
28;2025-12-13;11;496
28;2025-12-13;12;584
28;2025-12-13;13;596
28;2025-12-13;14;591
28;2025-12-13;15;582
28;2025-12-13;16;560
28;2025-12-13;17;566
28;2025-12-13;18;491
28;2025-12-13;19;400
28;2025-12-13;20;302
28;2025-12-13;21;268
28;2025-12-13;22;131
28;2025-12-13;23;24
28;2025-12-14;0;5
28;2025-12-14;1;2
28;2025-12-14;2;1
28;2025-12-14;3;1
28;2025-12-14;4;0
28;2025-12-14;5;29
28;2025-12-14;6;77
28;2025-12-14;7;145
28;2025-12-14;8;232
28;2025-12-14;9;318
28;2025-12-14;10;358
28;2025-12-14;11;394
28;2025-12-14;12;436
28;2025-12-14;13;505
28;2025-12-14;14;485
28;2025-12-14;15;481
28;2025-12-14;16;450
28;2025-12-14;17;455
28;2025-12-14;18;394
28;2025-12-14;19;344
28;2025-12-14;20;278
28;2025-12-14;21;231
28;2025-12-14;22;111
28;2025-12-14;23;15
28;2025-12-15;0;1
28;2025-12-15;1;0
28;2025-12-15;2;0
28;2025-12-15;3;0
28;2025-12-15;4;2
28;2025-12-15;5;77
28;2025-12-15;6;265
28;2025-12-15;7;784
28;2025-12-15;8;1221
28;2025-12-15;9;851
28;2025-12-15;10;620
28;2025-12-15;11;550
28;2025-12-15;12;679
28;2025-12-15;13;692
28;2025-12-15;14;643
28;2025-12-15;15;672
28;2025-12-15;16;867
28;2025-12-15;17;972
28;2025-12-15;18;940
28;2025-12-15;19;709
28;2025-12-15;20;489
28;2025-12-15;21;306
28;2025-12-15;22;127
28;2025-12-15;23;17
28;2025-12-16;0;2
28;2025-12-16;1;0
28;2025-12-16;2;0
28;2025-12-16;3;0
28;2025-12-16;4;2
28;2025-12-16;5;75
28;2025-12-16;6;261
28;2025-12-16;7;791
28;2025-12-16;8;1235
28;2025-12-16;9;861
28;2025-12-16;10;654
28;2025-12-16;11;565
28;2025-12-16;12;689
28;2025-12-16;13;720
28;2025-12-16;14;662
28;2025-12-16;15;683
28;2025-12-16;16;844
28;2025-12-16;17;976
28;2025-12-16;18;933
28;2025-12-16;19;710
28;2025-12-16;20;509
28;2025-12-16;21;315
28;2025-12-16;22;129
28;2025-12-16;23;19
28;2025-12-17;0;2
28;2025-12-17;1;0
28;2025-12-17;2;0
28;2025-12-17;3;0
28;2025-12-17;4;2
28;2025-12-17;5;79
28;2025-12-17;6;266
28;2025-12-17;7;780
28;2025-12-17;8;1229
28;2025-12-17;9;840
28;2025-12-17;10;632
28;2025-12-17;11;580
28;2025-12-17;12;691
28;2025-12-17;13;711
28;2025-12-17;14;662
28;2025-12-17;15;696
28;2025-12-17;16;858
28;2025-12-17;17;980
28;2025-12-17;18;934
28;2025-12-17;19;709
28;2025-12-17;20;496
28;2025-12-17;21;316
28;2025-12-17;22;135
28;2025-12-17;23;19
28;2025-12-18;0;2
28;2025-12-18;1;0
28;2025-12-18;2;0
28;2025-12-18;3;0
28;2025-12-18;4;2
28;2025-12-18;5;76
28;2025-12-18;6;265
28;2025-12-18;7;791
28;2025-12-18;8;1233
28;2025-12-18;9;850
28;2025-12-18;10;630
28;2025-12-18;11;559
28;2025-12-18;12;697
28;2025-12-18;13;711
28;2025-12-18;14;661
28;2025-12-18;15;689
28;2025-12-18;16;848
28;2025-12-18;17;979
28;2025-12-18;18;957
28;2025-12-18;19;713
28;2025-12-18;20;507
28;2025-12-18;21;319
28;2025-12-18;22;136
28;2025-12-18;23;19
28;2025-12-19;0;1
28;2025-12-19;1;0
28;2025-12-19;2;0
28;2025-12-19;3;0
28;2025-12-19;4;2
28;2025-12-19;5;75
28;2025-12-19;6;256
28;2025-12-19;7;770
28;2025-12-19;8;1185
28;2025-12-19;9;826
28;2025-12-19;10;622
28;2025-12-19;11;555
28;2025-12-19;12;688
28;2025-12-19;13;702
28;2025-12-19;14;673
28;2025-12-19;15;695
28;2025-12-19;16;895
28;2025-12-19;17;976
28;2025-12-19;18;866
28;2025-12-19;19;660
28;2025-12-19;20;477
28;2025-12-19;21;311
28;2025-12-19;22;137
28;2025-12-19;23;20
28;2025-12-20;0;1
28;2025-12-20;1;0
28;2025-12-20;2;0
28;2025-12-20;3;0
28;2025-12-20;4;1
28;2025-12-20;5;35
28;2025-12-20;6;98
28;2025-12-20;7;215
28;2025-12-20;8;377
28;2025-12-20;9;458
28;2025-12-20;10;479
28;2025-12-20;11;495
28;2025-12-20;12;583
28;2025-12-20;13;595
28;2025-12-20;14;590
28;2025-12-20;15;581
28;2025-12-20;16;559
28;2025-12-20;17;565
28;2025-12-20;18;490
28;2025-12-20;19;399
28;2025-12-20;20;301
28;2025-12-20;21;268
28;2025-12-20;22;131
28;2025-12-20;23;24
28;2025-12-21;0;5
28;2025-12-21;1;2
28;2025-12-21;2;1
28;2025-12-21;3;1
28;2025-12-21;4;0
28;2025-12-21;5;29
28;2025-12-21;6;77
28;2025-12-21;7;145
28;2025-12-21;8;232
28;2025-12-21;9;317
28;2025-12-21;10;358
28;2025-12-21;11;393
28;2025-12-21;12;436
28;2025-12-21;13;505
28;2025-12-21;14;484
28;2025-12-21;15;481
28;2025-12-21;16;450
28;2025-12-21;17;454
28;2025-12-21;18;394
28;2025-12-21;19;344
28;2025-12-21;20;278
28;2025-12-21;21;231
28;2025-12-21;22;111
28;2025-12-21;23;15
28;2025-12-22;0;1
28;2025-12-22;1;0
28;2025-12-22;2;0
28;2025-12-22;3;0
28;2025-12-22;4;2
28;2025-12-22;5;77
28;2025-12-22;6;264
28;2025-12-22;7;783
28;2025-12-22;8;1218
28;2025-12-22;9;849
28;2025-12-22;10;619
28;2025-12-22;11;549
28;2025-12-22;12;678
28;2025-12-22;13;691
28;2025-12-22;14;642
28;2025-12-22;15;671
28;2025-12-22;16;865
28;2025-12-22;17;970
28;2025-12-22;18;938
28;2025-12-22;19;707
28;2025-12-22;20;488
28;2025-12-22;21;306
28;2025-12-22;22;127
28;2025-12-22;23;17
28;2025-12-23;0;2
28;2025-12-23;1;0
28;2025-12-23;2;0
28;2025-12-23;3;0
28;2025-12-23;4;2
28;2025-12-23;5;75
28;2025-12-23;6;261
28;2025-12-23;7;790
28;2025-12-23;8;1233
28;2025-12-23;9;859
28;2025-12-23;10;653
28;2025-12-23;11;564
28;2025-12-23;12;688
28;2025-12-23;13;719
28;2025-12-23;14;661
28;2025-12-23;15;682
28;2025-12-23;16;842
28;2025-12-23;17;974
28;2025-12-23;18;931
28;2025-12-23;19;709
28;2025-12-23;20;508
28;2025-12-23;21;315
28;2025-12-23;22;129
28;2025-12-23;23;19
28;2025-12-24;0;2
28;2025-12-24;1;0
28;2025-12-24;2;0
28;2025-12-24;3;0
28;2025-12-24;4;2
28;2025-12-24;5;79
28;2025-12-24;6;265
28;2025-12-24;7;779
28;2025-12-24;8;1227
28;2025-12-24;9;839
28;2025-12-24;10;630
28;2025-12-24;11;579
28;2025-12-24;12;690
28;2025-12-24;13;710
28;2025-12-24;14;661
28;2025-12-24;15;694
28;2025-12-24;16;857
28;2025-12-24;17;978
28;2025-12-24;18;932
28;2025-12-24;19;708
28;2025-12-24;20;495
28;2025-12-24;21;315
28;2025-12-24;22;134
28;2025-12-24;23;19
28;2025-12-25;0;2
28;2025-12-25;1;0
28;2025-12-25;2;0
28;2025-12-25;3;0
28;2025-12-25;4;2
28;2025-12-25;5;76
28;2025-12-25;6;265
28;2025-12-25;7;790
28;2025-12-25;8;1231
28;2025-12-25;9;848
28;2025-12-25;10;628
28;2025-12-25;11;558
28;2025-12-25;12;696
28;2025-12-25;13;709
28;2025-12-25;14;660
28;2025-12-25;15;688
28;2025-12-25;16;847
28;2025-12-25;17;977
28;2025-12-25;18;955
28;2025-12-25;19;711
28;2025-12-25;20;506
28;2025-12-25;21;318
28;2025-12-25;22;136
28;2025-12-25;23;19
28;2025-12-26;0;1
28;2025-12-26;1;0
28;2025-12-26;2;0
28;2025-12-26;3;0
28;2025-12-26;4;2
28;2025-12-26;5;74
28;2025-12-26;6;256
28;2025-12-26;7;769
28;2025-12-26;8;1183
28;2025-12-26;9;824
28;2025-12-26;10;621
28;2025-12-26;11;554
28;2025-12-26;12;687
28;2025-12-26;13;700
28;2025-12-26;14;672
28;2025-12-26;15;693
28;2025-12-26;16;893
28;2025-12-26;17;974
28;2025-12-26;18;864
28;2025-12-26;19;659
28;2025-12-26;20;476
28;2025-12-26;21;310
28;2025-12-26;22;136
28;2025-12-26;23;20
28;2025-12-27;0;1
28;2025-12-27;1;0
28;2025-12-27;2;0
28;2025-12-27;3;0
28;2025-12-27;4;1
28;2025-12-27;5;35
28;2025-12-27;6;98
28;2025-12-27;7;214
28;2025-12-27;8;376
28;2025-12-27;9;458
28;2025-12-27;10;479
28;2025-12-27;11;494
28;2025-12-27;12;582
28;2025-12-27;13;594
28;2025-12-27;14;590
28;2025-12-27;15;581
28;2025-12-27;16;558
28;2025-12-27;17;564
28;2025-12-27;18;489
28;2025-12-27;19;399
28;2025-12-27;20;301
28;2025-12-27;21;267
28;2025-12-27;22;130
28;2025-12-27;23;24
28;2025-12-28;0;5
28;2025-12-28;1;2
28;2025-12-28;2;1
28;2025-12-28;3;1
28;2025-12-28;4;0
28;2025-12-28;5;29
28;2025-12-28;6;77
28;2025-12-28;7;145
28;2025-12-28;8;232
28;2025-12-28;9;317
28;2025-12-28;10;357
28;2025-12-28;11;393
28;2025-12-28;12;435
28;2025-12-28;13;504
28;2025-12-28;14;484
28;2025-12-28;15;480
28;2025-12-28;16;449
28;2025-12-28;17;454
28;2025-12-28;18;394
28;2025-12-28;19;343
28;2025-12-28;20;278
28;2025-12-28;21;231
28;2025-12-28;22;111
28;2025-12-28;23;15
28;2025-12-29;0;1
28;2025-12-29;1;0
28;2025-12-29;2;0
28;2025-12-29;3;0
28;2025-12-29;4;2
28;2025-12-29;5;76
28;2025-12-29;6;264
28;2025-12-29;7;782
28;2025-12-29;8;1216
28;2025-12-29;9;848
28;2025-12-29;10;618
28;2025-12-29;11;548
28;2025-12-29;12;677
28;2025-12-29;13;689
28;2025-12-29;14;641
28;2025-12-29;15;670
28;2025-12-29;16;864
28;2025-12-29;17;968
28;2025-12-29;18;937
28;2025-12-29;19;706
28;2025-12-29;20;487
28;2025-12-29;21;305
28;2025-12-29;22;126
28;2025-12-29;23;17
28;2025-12-30;0;2
28;2025-12-30;1;0
28;2025-12-30;2;0
28;2025-12-30;3;0
28;2025-12-30;4;2
28;2025-12-30;5;74
28;2025-12-30;6;260
28;2025-12-30;7;788
28;2025-12-30;8;1231
28;2025-12-30;9;858
28;2025-12-30;10;651
28;2025-12-30;11;563
28;2025-12-30;12;687
28;2025-12-30;13;717
28;2025-12-30;14;659
28;2025-12-30;15;681
28;2025-12-30;16;841
28;2025-12-30;17;972
28;2025-12-30;18;930
28;2025-12-30;19;708
28;2025-12-30;20;507
28;2025-12-30;21;314
28;2025-12-30;22;129
28;2025-12-30;23;19
28;2025-12-31;0;5
28;2025-12-31;1;2
28;2025-12-31;2;1
28;2025-12-31;3;1
28;2025-12-31;4;0
28;2025-12-31;5;28
28;2025-12-31;6;76
28;2025-12-31;7;144
28;2025-12-31;8;223
28;2025-12-31;9;304
28;2025-12-31;10;346
28;2025-12-31;11;377
28;2025-12-31;12;422
28;2025-12-31;13;490
28;2025-12-31;14;472
28;2025-12-31;15;469
28;2025-12-31;16;438
28;2025-12-31;17;447
28;2025-12-31;18;385
28;2025-12-31;19;336
28;2025-12-31;20;275
28;2025-12-31;21;228
28;2025-12-31;22;111
28;2025-12-31;23;15
50;2025-11-01;0;35
50;2025-11-01;1;3
50;2025-11-01;2;0
50;2025-11-01;3;0
50;2025-11-01;4;3
50;2025-11-01;5;71
50;2025-11-01;6;558
50;2025-11-01;7;1779
50;2025-11-01;8;2777
50;2025-11-01;9;2190
50;2025-11-01;10;1679
50;2025-11-01;11;1600
50;2025-11-01;12;1499
50;2025-11-01;13;1517
50;2025-11-01;14;1452
50;2025-11-01;15;1715
50;2025-11-01;16;1800
50;2025-11-01;17;2379
50;2025-11-01;18;2426
50;2025-11-01;19;1458
50;2025-11-01;20;917
50;2025-11-01;21;622
50;2025-11-01;22;288
50;2025-11-01;23;150
50;2025-11-02;0;40
50;2025-11-02;1;6
50;2025-11-02;2;1
50;2025-11-02;3;1
50;2025-11-02;4;1
50;2025-11-02;5;20
50;2025-11-02;6;100
50;2025-11-02;7;189
50;2025-11-02;8;287
50;2025-11-02;9;360
50;2025-11-02;10;396
50;2025-11-02;11;555
50;2025-11-02;12;580
50;2025-11-02;13;642
50;2025-11-02;14;704
50;2025-11-02;15;626
50;2025-11-02;16;639
50;2025-11-02;17;625
50;2025-11-02;18;518
50;2025-11-02;19;469
50;2025-11-02;20;370
50;2025-11-02;21;277
50;2025-11-02;22;192
50;2025-11-02;23;93
50;2025-11-03;0;40
50;2025-11-03;1;6
50;2025-11-03;2;1
50;2025-11-03;3;1
50;2025-11-03;4;1
50;2025-11-03;5;21
50;2025-11-03;6;106
50;2025-11-03;7;201
50;2025-11-03;8;294
50;2025-11-03;9;364
50;2025-11-03;10;392
50;2025-11-03;11;557
50;2025-11-03;12;587
50;2025-11-03;13;650
50;2025-11-03;14;701
50;2025-11-03;15;632
50;2025-11-03;16;635
50;2025-11-03;17;626
50;2025-11-03;18;517
50;2025-11-03;19;478
50;2025-11-03;20;375
50;2025-11-03;21;279
50;2025-11-03;22;197
50;2025-11-03;23;98
50;2025-11-04;0;40
50;2025-11-04;1;6
50;2025-11-04;2;1
50;2025-11-04;3;1
50;2025-11-04;4;1
50;2025-11-04;5;21
50;2025-11-04;6;106
50;2025-11-04;7;201
50;2025-11-04;8;294
50;2025-11-04;9;364
50;2025-11-04;10;392
50;2025-11-04;11;556
50;2025-11-04;12;587
50;2025-11-04;13;649
50;2025-11-04;14;701
50;2025-11-04;15;632
50;2025-11-04;16;635
50;2025-11-04;17;626
50;2025-11-04;18;517
50;2025-11-04;19;478
50;2025-11-04;20;375
50;2025-11-04;21;278
50;2025-11-04;22;197
50;2025-11-04;23;98
50;2025-11-05;0;35
50;2025-11-05;1;4
50;2025-11-05;2;0
50;2025-11-05;3;0
50;2025-11-05;4;3
50;2025-11-05;5;71
50;2025-11-05;6;548
50;2025-11-05;7;1743
50;2025-11-05;8;2721
50;2025-11-05;9;2145
50;2025-11-05;10;1649
50;2025-11-05;11;1574
50;2025-11-05;12;1476
50;2025-11-05;13;1505
50;2025-11-05;14;1451
50;2025-11-05;15;1693
50;2025-11-05;16;1761
50;2025-11-05;17;2378
50;2025-11-05;18;2421
50;2025-11-05;19;1472
50;2025-11-05;20;902
50;2025-11-05;21;619
50;2025-11-05;22;287
50;2025-11-05;23;146
50;2025-11-06;0;38
50;2025-11-06;1;3
50;2025-11-06;2;0
50;2025-11-06;3;0
50;2025-11-06;4;2
50;2025-11-06;5;71
50;2025-11-06;6;540
50;2025-11-06;7;1726
50;2025-11-06;8;2678
50;2025-11-06;9;2127
50;2025-11-06;10;1646
50;2025-11-06;11;1559
50;2025-11-06;12;1472
50;2025-11-06;13;1480
50;2025-11-06;14;1415
50;2025-11-06;15;1645
50;2025-11-06;16;1751
50;2025-11-06;17;2329
50;2025-11-06;18;2416
50;2025-11-06;19;1442
50;2025-11-06;20;923
50;2025-11-06;21;631
50;2025-11-06;22;287
50;2025-11-06;23;153
50;2025-11-07;0;38
50;2025-11-07;1;3
50;2025-11-07;2;0
50;2025-11-07;3;0
50;2025-11-07;4;3
50;2025-11-07;5;68
50;2025-11-07;6;542
50;2025-11-07;7;1701
50;2025-11-07;8;2662
50;2025-11-07;9;2094
50;2025-11-07;10;1596
50;2025-11-07;11;1584
50;2025-11-07;12;1497
50;2025-11-07;13;1507
50;2025-11-07;14;1436
50;2025-11-07;15;1730
50;2025-11-07;16;1905
50;2025-11-07;17;2243
50;2025-11-07;18;2080
50;2025-11-07;19;1324
50;2025-11-07;20;859
50;2025-11-07;21;588
50;2025-11-07;22;293
50;2025-11-07;23;162
50;2025-11-08;0;59
50;2025-11-08;1;4
50;2025-11-08;2;0
50;2025-11-08;3;0
50;2025-11-08;4;1
50;2025-11-08;5;28
50;2025-11-08;6;142
50;2025-11-08;7;313
50;2025-11-08;8;471
50;2025-11-08;9;562
50;2025-11-08;10;493
50;2025-11-08;11;648
50;2025-11-08;12;718
50;2025-11-08;13;726
50;2025-11-08;14;747
50;2025-11-08;15;720
50;2025-11-08;16;700
50;2025-11-08;17;677
50;2025-11-08;18;556
50;2025-11-08;19;491
50;2025-11-08;20;376
50;2025-11-08;21;298
50;2025-11-08;22;183
50;2025-11-08;23;110
50;2025-11-09;0;40
50;2025-11-09;1;6
50;2025-11-09;2;1
50;2025-11-09;3;1
50;2025-11-09;4;1
50;2025-11-09;5;20
50;2025-11-09;6;100
50;2025-11-09;7;188
50;2025-11-09;8;287
50;2025-11-09;9;359
50;2025-11-09;10;395
50;2025-11-09;11;554
50;2025-11-09;12;579
50;2025-11-09;13;641
50;2025-11-09;14;702
50;2025-11-09;15;625
50;2025-11-09;16;638
50;2025-11-09;17;624
50;2025-11-09;18;517
50;2025-11-09;19;469
50;2025-11-09;20;369
50;2025-11-09;21;276
50;2025-11-09;22;191
50;2025-11-09;23;93
50;2025-11-10;0;32
50;2025-11-10;1;4
50;2025-11-10;2;0
50;2025-11-10;3;0
50;2025-11-10;4;3
50;2025-11-10;5;69
50;2025-11-10;6;537
50;2025-11-10;7;1753
50;2025-11-10;8;2747
50;2025-11-10;9;2168
50;2025-11-10;10;1657
50;2025-11-10;11;1564
50;2025-11-10;12;1439
50;2025-11-10;13;1476
50;2025-11-10;14;1411
50;2025-11-10;15;1663
50;2025-11-10;16;1710
50;2025-11-10;17;2349
50;2025-11-10;18;2448
50;2025-11-10;19;1461
50;2025-11-10;20;904
50;2025-11-10;21;605
50;2025-11-10;22;275
50;2025-11-10;23;139
50;2025-11-11;0;35
50;2025-11-11;1;3
50;2025-11-11;2;0
50;2025-11-11;3;0
50;2025-11-11;4;2
50;2025-11-11;5;69
50;2025-11-11;6;567
50;2025-11-11;7;1782
50;2025-11-11;8;2783
50;2025-11-11;9;2199
50;2025-11-11;10;1683
50;2025-11-11;11;1586
50;2025-11-11;12;1499
50;2025-11-11;13;1511
50;2025-11-11;14;1442
50;2025-11-11;15;1694
50;2025-11-11;16;1735
50;2025-11-11;17;2389
50;2025-11-11;18;2493
50;2025-11-11;19;1472
50;2025-11-11;20;930
50;2025-11-11;21;619
50;2025-11-11;22;283
50;2025-11-11;23;142
50;2025-11-12;0;35
50;2025-11-12;1;4
50;2025-11-12;2;0
50;2025-11-12;3;0
50;2025-11-12;4;3
50;2025-11-12;5;71
50;2025-11-12;6;547
50;2025-11-12;7;1740
50;2025-11-12;8;2717
50;2025-11-12;9;2142
50;2025-11-12;10;1647
50;2025-11-12;11;1572
50;2025-11-12;12;1473
50;2025-11-12;13;1502
50;2025-11-12;14;1449
50;2025-11-12;15;1690
50;2025-11-12;16;1759
50;2025-11-12;17;2374
50;2025-11-12;18;2417
50;2025-11-12;19;1470
50;2025-11-12;20;901
50;2025-11-12;21;618
50;2025-11-12;22;287
50;2025-11-12;23;145
50;2025-11-13;0;37
50;2025-11-13;1;3
50;2025-11-13;2;0
50;2025-11-13;3;0
50;2025-11-13;4;2
50;2025-11-13;5;71
50;2025-11-13;6;539
50;2025-11-13;7;1724
50;2025-11-13;8;2674
50;2025-11-13;9;2124
50;2025-11-13;10;1644
50;2025-11-13;11;1557
50;2025-11-13;12;1469
50;2025-11-13;13;1478
50;2025-11-13;14;1413
50;2025-11-13;15;1643
50;2025-11-13;16;1748
50;2025-11-13;17;2325
50;2025-11-13;18;2413
50;2025-11-13;19;1440
50;2025-11-13;20;921
50;2025-11-13;21;630
50;2025-11-13;22;286
50;2025-11-13;23;153
50;2025-11-14;0;38
50;2025-11-14;1;3
50;2025-11-14;2;0
50;2025-11-14;3;0
50;2025-11-14;4;3
50;2025-11-14;5;68
50;2025-11-14;6;542
50;2025-11-14;7;1698
50;2025-11-14;8;2658
50;2025-11-14;9;2091
50;2025-11-14;10;1594
50;2025-11-14;11;1582
50;2025-11-14;12;1495
50;2025-11-14;13;1505
50;2025-11-14;14;1434
50;2025-11-14;15;1728
50;2025-11-14;16;1903
50;2025-11-14;17;2239
50;2025-11-14;18;2077
50;2025-11-14;19;1322
50;2025-11-14;20;857
50;2025-11-14;21;587
50;2025-11-14;22;292
50;2025-11-14;23;162
50;2025-11-15;0;59
50;2025-11-15;1;4
50;2025-11-15;2;0
50;2025-11-15;3;0
50;2025-11-15;4;1
50;2025-11-15;5;27
50;2025-11-15;6;142
50;2025-11-15;7;313
50;2025-11-15;8;471
50;2025-11-15;9;561
50;2025-11-15;10;492
50;2025-11-15;11;647
50;2025-11-15;12;717
50;2025-11-15;13;725
50;2025-11-15;14;746
50;2025-11-15;15;719
50;2025-11-15;16;699
50;2025-11-15;17;676
50;2025-11-15;18;555
50;2025-11-15;19;490
50;2025-11-15;20;375
50;2025-11-15;21;298
50;2025-11-15;22;182
50;2025-11-15;23;110
50;2025-11-16;0;40
50;2025-11-16;1;6
50;2025-11-16;2;1
50;2025-11-16;3;1
50;2025-11-16;4;1
50;2025-11-16;5;20
50;2025-11-16;6;99
50;2025-11-16;7;188
50;2025-11-16;8;286
50;2025-11-16;9;359
50;2025-11-16;10;395
50;2025-11-16;11;553
50;2025-11-16;12;578
50;2025-11-16;13;640
50;2025-11-16;14;701
50;2025-11-16;15;624
50;2025-11-16;16;637
50;2025-11-16;17;623
50;2025-11-16;18;516
50;2025-11-16;19;468
50;2025-11-16;20;368
50;2025-11-16;21;276
50;2025-11-16;22;191
50;2025-11-16;23;93
50;2025-11-17;0;32
50;2025-11-17;1;4
50;2025-11-17;2;0
50;2025-11-17;3;0
50;2025-11-17;4;3
50;2025-11-17;5;69
50;2025-11-17;6;537
50;2025-11-17;7;1750
50;2025-11-17;8;2744
50;2025-11-17;9;2165
50;2025-11-17;10;1654
50;2025-11-17;11;1562
50;2025-11-17;12;1437
50;2025-11-17;13;1474
50;2025-11-17;14;1409
50;2025-11-17;15;1661
50;2025-11-17;16;1708
50;2025-11-17;17;2345
50;2025-11-17;18;2445
50;2025-11-17;19;1459
50;2025-11-17;20;903
50;2025-11-17;21;604
50;2025-11-17;22;275
50;2025-11-17;23;139
50;2025-11-18;0;35
50;2025-11-18;1;3
50;2025-11-18;2;0
50;2025-11-18;3;0
50;2025-11-18;4;2
50;2025-11-18;5;69
50;2025-11-18;6;566
50;2025-11-18;7;1780
50;2025-11-18;8;2779
50;2025-11-18;9;2196
50;2025-11-18;10;1681
50;2025-11-18;11;1584
50;2025-11-18;12;1496
50;2025-11-18;13;1509
50;2025-11-18;14;1440
50;2025-11-18;15;1692
50;2025-11-18;16;1733
50;2025-11-18;17;2385
50;2025-11-18;18;2490
50;2025-11-18;19;1470
50;2025-11-18;20;928
50;2025-11-18;21;618
50;2025-11-18;22;282
50;2025-11-18;23;142
50;2025-11-19;0;35
50;2025-11-19;1;4
50;2025-11-19;2;0
50;2025-11-19;3;0
50;2025-11-19;4;3
50;2025-11-19;5;71
50;2025-11-19;6;546
50;2025-11-19;7;1738
50;2025-11-19;8;2713
50;2025-11-19;9;2139
50;2025-11-19;10;1644
50;2025-11-19;11;1569
50;2025-11-19;12;1471
50;2025-11-19;13;1500
50;2025-11-19;14;1447
50;2025-11-19;15;1688
50;2025-11-19;16;1756
50;2025-11-19;17;2371
50;2025-11-19;18;2414
50;2025-11-19;19;1468
50;2025-11-19;20;900
50;2025-11-19;21;617
50;2025-11-19;22;286
50;2025-11-19;23;145
50;2025-11-20;0;37
50;2025-11-20;1;3
50;2025-11-20;2;0
50;2025-11-20;3;0
50;2025-11-20;4;2
50;2025-11-20;5;71
50;2025-11-20;6;538
50;2025-11-20;7;1721
50;2025-11-20;8;2671
50;2025-11-20;9;2121
50;2025-11-20;10;1641
50;2025-11-20;11;1554
50;2025-11-20;12;1467
50;2025-11-20;13;1476
50;2025-11-20;14;1411
50;2025-11-20;15;1640
50;2025-11-20;16;1746
50;2025-11-20;17;2322
50;2025-11-20;18;2409
50;2025-11-20;19;1438
50;2025-11-20;20;920
50;2025-11-20;21;629
50;2025-11-20;22;286
50;2025-11-20;23;153
50;2025-11-21;0;38
50;2025-11-21;1;3
50;2025-11-21;2;0
50;2025-11-21;3;0
50;2025-11-21;4;3
50;2025-11-21;5;68
50;2025-11-21;6;541
50;2025-11-21;7;1696
50;2025-11-21;8;2655
50;2025-11-21;9;2088
50;2025-11-21;10;1591
50;2025-11-21;11;1580
50;2025-11-21;12;1493
50;2025-11-21;13;1503
50;2025-11-21;14;1432
50;2025-11-21;15;1725
50;2025-11-21;16;1900
50;2025-11-21;17;2236
50;2025-11-21;18;2074
50;2025-11-21;19;1320
50;2025-11-21;20;856
50;2025-11-21;21;586
50;2025-11-21;22;292
50;2025-11-21;23;161
50;2025-11-22;0;59
50;2025-11-22;1;4
50;2025-11-22;2;0
50;2025-11-22;3;0
50;2025-11-22;4;1
50;2025-11-22;5;27
50;2025-11-22;6;142
50;2025-11-22;7;313
50;2025-11-22;8;470
50;2025-11-22;9;561
50;2025-11-22;10;492
50;2025-11-22;11;646
50;2025-11-22;12;716
50;2025-11-22;13;724
50;2025-11-22;14;745
50;2025-11-22;15;718
50;2025-11-22;16;699
50;2025-11-22;17;675
50;2025-11-22;18;554
50;2025-11-22;19;490
50;2025-11-22;20;375
50;2025-11-22;21;297
50;2025-11-22;22;182
50;2025-11-22;23;110
50;2025-11-23;0;40
50;2025-11-23;1;6
50;2025-11-23;2;1
50;2025-11-23;3;1
50;2025-11-23;4;1
50;2025-11-23;5;20
50;2025-11-23;6;99
50;2025-11-23;7;188
50;2025-11-23;8;286
50;2025-11-23;9;358
50;2025-11-23;10;394
50;2025-11-23;11;552
50;2025-11-23;12;577
50;2025-11-23;13;639
50;2025-11-23;14;700
50;2025-11-23;15;624
50;2025-11-23;16;636
50;2025-11-23;17;622
50;2025-11-23;18;516
50;2025-11-23;19;467
50;2025-11-23;20;368
50;2025-11-23;21;275
50;2025-11-23;22;191
50;2025-11-23;23;93
50;2025-11-24;0;32
50;2025-11-24;1;4
50;2025-11-24;2;0
50;2025-11-24;3;0
50;2025-11-24;4;3
50;2025-11-24;5;69
50;2025-11-24;6;536
50;2025-11-24;7;1748
50;2025-11-24;8;2740
50;2025-11-24;9;2162
50;2025-11-24;10;1652
50;2025-11-24;11;1560
50;2025-11-24;12;1435
50;2025-11-24;13;1472
50;2025-11-24;14;1407
50;2025-11-24;15;1658
50;2025-11-24;16;1706
50;2025-11-24;17;2342
50;2025-11-24;18;2442
50;2025-11-24;19;1457
50;2025-11-24;20;902
50;2025-11-24;21;603
50;2025-11-24;22;274
50;2025-11-24;23;138
50;2025-11-25;0;35
50;2025-11-25;1;3
50;2025-11-25;2;0
50;2025-11-25;3;0
50;2025-11-25;4;2
50;2025-11-25;5;69
50;2025-11-25;6;566
50;2025-11-25;7;1777
50;2025-11-25;8;2776
50;2025-11-25;9;2193
50;2025-11-25;10;1679
50;2025-11-25;11;1582
50;2025-11-25;12;1494
50;2025-11-25;13;1507
50;2025-11-25;14;1438
50;2025-11-25;15;1690
50;2025-11-25;16;1730
50;2025-11-25;17;2382
50;2025-11-25;18;2487
50;2025-11-25;19;1468
50;2025-11-25;20;927
50;2025-11-25;21;617
50;2025-11-25;22;282
50;2025-11-25;23;142
50;2025-11-26;0;34
50;2025-11-26;1;4
50;2025-11-26;2;0
50;2025-11-26;3;0
50;2025-11-26;4;3
50;2025-11-26;5;71
50;2025-11-26;6;546
50;2025-11-26;7;1735
50;2025-11-26;8;2709
50;2025-11-26;9;2136
50;2025-11-26;10;1642
50;2025-11-26;11;1567
50;2025-11-26;12;1469
50;2025-11-26;13;1498
50;2025-11-26;14;1445
50;2025-11-26;15;1686
50;2025-11-26;16;1754
50;2025-11-26;17;2368
50;2025-11-26;18;2411
50;2025-11-26;19;1466
50;2025-11-26;20;899
50;2025-11-26;21;617
50;2025-11-26;22;286
50;2025-11-26;23;145
50;2025-11-27;0;37
50;2025-11-27;1;3
50;2025-11-27;2;0
50;2025-11-27;3;0
50;2025-11-27;4;2
50;2025-11-27;5;70
50;2025-11-27;6;538
50;2025-11-27;7;1719
50;2025-11-27;8;2667
50;2025-11-27;9;2118
50;2025-11-27;10;1639
50;2025-11-27;11;1552
50;2025-11-27;12;1465
50;2025-11-27;13;1474
50;2025-11-27;14;1409
50;2025-11-27;15;1638
50;2025-11-27;16;1744
50;2025-11-27;17;2319
50;2025-11-27;18;2406
50;2025-11-27;19;1436
50;2025-11-27;20;919
50;2025-11-27;21;628
50;2025-11-27;22;286
50;2025-11-27;23;153
50;2025-11-28;0;38
50;2025-11-28;1;3
50;2025-11-28;2;0
50;2025-11-28;3;0
50;2025-11-28;4;3
50;2025-11-28;5;68
50;2025-11-28;6;540
50;2025-11-28;7;1694
50;2025-11-28;8;2651
50;2025-11-28;9;2086
50;2025-11-28;10;1589
50;2025-11-28;11;1578
50;2025-11-28;12;1491
50;2025-11-28;13;1501
50;2025-11-28;14;1430
50;2025-11-28;15;1723
50;2025-11-28;16;1898
50;2025-11-28;17;2234
50;2025-11-28;18;2071
50;2025-11-28;19;1319
50;2025-11-28;20;855
50;2025-11-28;21;585
50;2025-11-28;22;292
50;2025-11-28;23;161
50;2025-11-29;0;59
50;2025-11-29;1;4
50;2025-11-29;2;0
50;2025-11-29;3;0
50;2025-11-29;4;1
50;2025-11-29;5;27
50;2025-11-29;6;141
50;2025-11-29;7;312
50;2025-11-29;8;470
50;2025-11-29;9;560
50;2025-11-29;10;491
50;2025-11-29;11;645
50;2025-11-29;12;715
50;2025-11-29;13;724
50;2025-11-29;14;744
50;2025-11-29;15;717
50;2025-11-29;16;698
50;2025-11-29;17;674
50;2025-11-29;18;554
50;2025-11-29;19;489
50;2025-11-29;20;375
50;2025-11-29;21;297
50;2025-11-29;22;182
50;2025-11-29;23;110
50;2025-11-30;0;40
50;2025-11-30;1;6
50;2025-11-30;2;1
50;2025-11-30;3;1
50;2025-11-30;4;1
50;2025-11-30;5;20
50;2025-11-30;6;99
50;2025-11-30;7;187
50;2025-11-30;8;286
50;2025-11-30;9;358
50;2025-11-30;10;394
50;2025-11-30;11;552
50;2025-11-30;12;577
50;2025-11-30;13;638
50;2025-11-30;14;700
50;2025-11-30;15;623
50;2025-11-30;16;635
50;2025-11-30;17;621
50;2025-11-30;18;515
50;2025-11-30;19;467
50;2025-11-30;20;368
50;2025-11-30;21;275
50;2025-11-30;22;191
50;2025-11-30;23;93
50;2025-12-01;0;32
50;2025-12-01;1;4
50;2025-12-01;2;0
50;2025-12-01;3;0
50;2025-12-01;4;3
50;2025-12-01;5;69
50;2025-12-01;6;535
50;2025-12-01;7;1746
50;2025-12-01;8;2737
50;2025-12-01;9;2160
50;2025-12-01;10;1650
50;2025-12-01;11;1558
50;2025-12-01;12;1433
50;2025-12-01;13;1470
50;2025-12-01;14;1405
50;2025-12-01;15;1656
50;2025-12-01;16;1703
50;2025-12-01;17;2339
50;2025-12-01;18;2439
50;2025-12-01;19;1455
50;2025-12-01;20;901
50;2025-12-01;21;602
50;2025-12-01;22;274
50;2025-12-01;23;138
50;2025-12-02;0;35
50;2025-12-02;1;3
50;2025-12-02;2;0
50;2025-12-02;3;0
50;2025-12-02;4;2
50;2025-12-02;5;69
50;2025-12-02;6;565
50;2025-12-02;7;1775
50;2025-12-02;8;2772
50;2025-12-02;9;2191
50;2025-12-02;10;1677
50;2025-12-02;11;1580
50;2025-12-02;12;1493
50;2025-12-02;13;1505
50;2025-12-02;14;1436
50;2025-12-02;15;1687
50;2025-12-02;16;1728
50;2025-12-02;17;2379
50;2025-12-02;18;2484
50;2025-12-02;19;1466
50;2025-12-02;20;926
50;2025-12-02;21;616
50;2025-12-02;22;282
50;2025-12-02;23;141
50;2025-12-03;0;34
50;2025-12-03;1;4
50;2025-12-03;2;0
50;2025-12-03;3;0
50;2025-12-03;4;3
50;2025-12-03;5;71
50;2025-12-03;6;545
50;2025-12-03;7;1733
50;2025-12-03;8;2706
50;2025-12-03;9;2133
50;2025-12-03;10;1640
50;2025-12-03;11;1565
50;2025-12-03;12;1468
50;2025-12-03;13;1496
50;2025-12-03;14;1443
50;2025-12-03;15;1684
50;2025-12-03;16;1752
50;2025-12-03;17;2365
50;2025-12-03;18;2408
50;2025-12-03;19;1464
50;2025-12-03;20;897
50;2025-12-03;21;616
50;2025-12-03;22;286
50;2025-12-03;23;145
50;2025-12-04;0;37
50;2025-12-04;1;3
50;2025-12-04;2;0
50;2025-12-04;3;0
50;2025-12-04;4;2
50;2025-12-04;5;70
50;2025-12-04;6;537
50;2025-12-04;7;1717
50;2025-12-04;8;2664
50;2025-12-04;9;2116
50;2025-12-04;10;1637
50;2025-12-04;11;1550
50;2025-12-04;12;1464
50;2025-12-04;13;1472
50;2025-12-04;14;1408
50;2025-12-04;15;1636
50;2025-12-04;16;1741
50;2025-12-04;17;2316
50;2025-12-04;18;2403
50;2025-12-04;19;1434
50;2025-12-04;20;918
50;2025-12-04;21;628
50;2025-12-04;22;285
50;2025-12-04;23;153
50;2025-12-05;0;38
50;2025-12-05;1;3
50;2025-12-05;2;0
50;2025-12-05;3;0
50;2025-12-05;4;3
50;2025-12-05;5;68
50;2025-12-05;6;540
50;2025-12-05;7;1692
50;2025-12-05;8;2648
50;2025-12-05;9;2083
50;2025-12-05;10;1587
50;2025-12-05;11;1576
50;2025-12-05;12;1489
50;2025-12-05;13;1499
50;2025-12-05;14;1428
50;2025-12-05;15;1721
50;2025-12-05;16;1895
50;2025-12-05;17;2231
50;2025-12-05;18;2069
50;2025-12-05;19;1317
50;2025-12-05;20;854
50;2025-12-05;21;585
50;2025-12-05;22;291
50;2025-12-05;23;161
50;2025-12-06;0;59
50;2025-12-06;1;4
50;2025-12-06;2;0
50;2025-12-06;3;0
50;2025-12-06;4;1
50;2025-12-06;5;27
50;2025-12-06;6;141
50;2025-12-06;7;312
50;2025-12-06;8;469
50;2025-12-06;9;560
50;2025-12-06;10;491
50;2025-12-06;11;645
50;2025-12-06;12;714
50;2025-12-06;13;723
50;2025-12-06;14;743
50;2025-12-06;15;717
50;2025-12-06;16;697
50;2025-12-06;17;674
50;2025-12-06;18;553
50;2025-12-06;19;489
50;2025-12-06;20;374
50;2025-12-06;21;297
50;2025-12-06;22;182
50;2025-12-06;23;110
50;2025-12-07;0;40
50;2025-12-07;1;6
50;2025-12-07;2;1
50;2025-12-07;3;1
50;2025-12-07;4;1
50;2025-12-07;5;20
50;2025-12-07;6;99
50;2025-12-07;7;187
50;2025-12-07;8;286
50;2025-12-07;9;357
50;2025-12-07;10;394
50;2025-12-07;11;551
50;2025-12-07;12;576
50;2025-12-07;13;638
50;2025-12-07;14;699
50;2025-12-07;15;622
50;2025-12-07;16;635
50;2025-12-07;17;621
50;2025-12-07;18;515
50;2025-12-07;19;466
50;2025-12-07;20;367
50;2025-12-07;21;275
50;2025-12-07;22;191
50;2025-12-07;23;93
50;2025-12-08;0;32
50;2025-12-08;1;4
50;2025-12-08;2;0
50;2025-12-08;3;0
50;2025-12-08;4;3
50;2025-12-08;5;69
50;2025-12-08;6;535
50;2025-12-08;7;1744
50;2025-12-08;8;2733
50;2025-12-08;9;2157
50;2025-12-08;10;1648
50;2025-12-08;11;1556
50;2025-12-08;12;1431
50;2025-12-08;13;1468
50;2025-12-08;14;1404
50;2025-12-08;15;1654
50;2025-12-08;16;1701
50;2025-12-08;17;2336
50;2025-12-08;18;2436
50;2025-12-08;19;1454
50;2025-12-08;20;899
50;2025-12-08;21;602
50;2025-12-08;22;274
50;2025-12-08;23;138
50;2025-12-09;0;35
50;2025-12-09;1;3
50;2025-12-09;2;0
50;2025-12-09;3;0
50;2025-12-09;4;2
50;2025-12-09;5;69
50;2025-12-09;6;564
50;2025-12-09;7;1773
50;2025-12-09;8;2769
50;2025-12-09;9;2188
50;2025-12-09;10;1675
50;2025-12-09;11;1578
50;2025-12-09;12;1491
50;2025-12-09;13;1504
50;2025-12-09;14;1434
50;2025-12-09;15;1685
50;2025-12-09;16;1726
50;2025-12-09;17;2376
50;2025-12-09;18;2481
50;2025-12-09;19;1464
50;2025-12-09;20;925
50;2025-12-09;21;615
50;2025-12-09;22;281
50;2025-12-09;23;141
50;2025-12-10;0;34
50;2025-12-10;1;4
50;2025-12-10;2;0
50;2025-12-10;3;0
50;2025-12-10;4;3
50;2025-12-10;5;70
50;2025-12-10;6;544
50;2025-12-10;7;1731
50;2025-12-10;8;2703
50;2025-12-10;9;2131
50;2025-12-10;10;1638
50;2025-12-10;11;1564
50;2025-12-10;12;1466
50;2025-12-10;13;1495
50;2025-12-10;14;1442
50;2025-12-10;15;1682
50;2025-12-10;16;1750
50;2025-12-10;17;2362
50;2025-12-10;18;2405
50;2025-12-10;19;1462
50;2025-12-10;20;896
50;2025-12-10;21;615
50;2025-12-10;22;285
50;2025-12-10;23;145
50;2025-12-11;0;37
50;2025-12-11;1;3
50;2025-12-11;2;0
50;2025-12-11;3;0
50;2025-12-11;4;2
50;2025-12-11;5;70
50;2025-12-11;6;536
50;2025-12-11;7;1715
50;2025-12-11;8;2661
50;2025-12-11;9;2113
50;2025-12-11;10;1635
50;2025-12-11;11;1549
50;2025-12-11;12;1462
50;2025-12-11;13;1471
50;2025-12-11;14;1406
50;2025-12-11;15;1634
50;2025-12-11;16;1739
50;2025-12-11;17;2314
50;2025-12-11;18;2401
50;2025-12-11;19;1433
50;2025-12-11;20;917
50;2025-12-11;21;627
50;2025-12-11;22;285
50;2025-12-11;23;152
50;2025-12-12;0;38
50;2025-12-12;1;3
50;2025-12-12;2;0
50;2025-12-12;3;0
50;2025-12-12;4;3
50;2025-12-12;5;68
50;2025-12-12;6;539
50;2025-12-12;7;1690
50;2025-12-12;8;2645
50;2025-12-12;9;2081
50;2025-12-12;10;1586
50;2025-12-12;11;1574
50;2025-12-12;12;1488
50;2025-12-12;13;1498
50;2025-12-12;14;1426
50;2025-12-12;15;1719
50;2025-12-12;16;1893
50;2025-12-12;17;2228
50;2025-12-12;18;2066
50;2025-12-12;19;1316
50;2025-12-12;20;853
50;2025-12-12;21;584
50;2025-12-12;22;291
50;2025-12-12;23;161
50;2025-12-13;0;59
50;2025-12-13;1;4
50;2025-12-13;2;0
50;2025-12-13;3;0
50;2025-12-13;4;1
50;2025-12-13;5;27
50;2025-12-13;6;141
50;2025-12-13;7;312
50;2025-12-13;8;469
50;2025-12-13;9;559
50;2025-12-13;10;490
50;2025-12-13;11;644
50;2025-12-13;12;714
50;2025-12-13;13;723
50;2025-12-13;14;743
50;2025-12-13;15;716
50;2025-12-13;16;697
50;2025-12-13;17;673
50;2025-12-13;18;553
50;2025-12-13;19;488
50;2025-12-13;20;374
50;2025-12-13;21;296
50;2025-12-13;22;182
50;2025-12-13;23;109
50;2025-12-14;0;40
50;2025-12-14;1;6
50;2025-12-14;2;1
50;2025-12-14;3;1
50;2025-12-14;4;1
50;2025-12-14;5;20
50;2025-12-14;6;99
50;2025-12-14;7;187
50;2025-12-14;8;285
50;2025-12-14;9;357
50;2025-12-14;10;393
50;2025-12-14;11;551
50;2025-12-14;12;576
50;2025-12-14;13;637
50;2025-12-14;14;699
50;2025-12-14;15;622
50;2025-12-14;16;634
50;2025-12-14;17;620
50;2025-12-14;18;514
50;2025-12-14;19;466
50;2025-12-14;20;367
50;2025-12-14;21;275
50;2025-12-14;22;190
50;2025-12-14;23;93
50;2025-12-15;0;32
50;2025-12-15;1;4
50;2025-12-15;2;0
50;2025-12-15;3;0
50;2025-12-15;4;3
50;2025-12-15;5;69
50;2025-12-15;6;534
50;2025-12-15;7;1742
50;2025-12-15;8;2730
50;2025-12-15;9;2155
50;2025-12-15;10;1646
50;2025-12-15;11;1555
50;2025-12-15;12;1430
50;2025-12-15;13;1466
50;2025-12-15;14;1402
50;2025-12-15;15;1653
50;2025-12-15;16;1700
50;2025-12-15;17;2334
50;2025-12-15;18;2433
50;2025-12-15;19;1452
50;2025-12-15;20;898
50;2025-12-15;21;601
50;2025-12-15;22;273
50;2025-12-15;23;138
50;2025-12-16;0;35
50;2025-12-16;1;3
50;2025-12-16;2;0
50;2025-12-16;3;0
50;2025-12-16;4;2
50;2025-12-16;5;69
50;2025-12-16;6;564
50;2025-12-16;7;1771
50;2025-12-16;8;2766
50;2025-12-16;9;2186
50;2025-12-16;10;1673
50;2025-12-16;11;1576
50;2025-12-16;12;1489
50;2025-12-16;13;1502
50;2025-12-16;14;1433
50;2025-12-16;15;1684
50;2025-12-16;16;1724
50;2025-12-16;17;2374
50;2025-12-16;18;2478
50;2025-12-16;19;1463
50;2025-12-16;20;924
50;2025-12-16;21;615
50;2025-12-16;22;281
50;2025-12-16;23;141
50;2025-12-17;0;34
50;2025-12-17;1;4
50;2025-12-17;2;0
50;2025-12-17;3;0
50;2025-12-17;4;3
50;2025-12-17;5;70
50;2025-12-17;6;544
50;2025-12-17;7;1729
50;2025-12-17;8;2700
50;2025-12-17;9;2129
50;2025-12-17;10;1637
50;2025-12-17;11;1562
50;2025-12-17;12;1464
50;2025-12-17;13;1493
50;2025-12-17;14;1440
50;2025-12-17;15;1680
50;2025-12-17;16;1748
50;2025-12-17;17;2360
50;2025-12-17;18;2403
50;2025-12-17;19;1461
50;2025-12-17;20;895
50;2025-12-17;21;614
50;2025-12-17;22;285
50;2025-12-17;23;144
50;2025-12-18;0;37
50;2025-12-18;1;3
50;2025-12-18;2;0
50;2025-12-18;3;0
50;2025-12-18;4;2
50;2025-12-18;5;70
50;2025-12-18;6;536
50;2025-12-18;7;1713
50;2025-12-18;8;2658
50;2025-12-18;9;2111
50;2025-12-18;10;1634
50;2025-12-18;11;1547
50;2025-12-18;12;1460
50;2025-12-18;13;1469
50;2025-12-18;14;1405
50;2025-12-18;15;1633
50;2025-12-18;16;1738
50;2025-12-18;17;2311
50;2025-12-18;18;2398
50;2025-12-18;19;1431
50;2025-12-18;20;916
50;2025-12-18;21;626
50;2025-12-18;22;285
50;2025-12-18;23;152
50;2025-12-19;0;38
50;2025-12-19;1;3
50;2025-12-19;2;0
50;2025-12-19;3;0
50;2025-12-19;4;3
50;2025-12-19;5;68
50;2025-12-19;6;538
50;2025-12-19;7;1688
50;2025-12-19;8;2642
50;2025-12-19;9;2079
50;2025-12-19;10;1584
50;2025-12-19;11;1572
50;2025-12-19;12;1486
50;2025-12-19;13;1496
50;2025-12-19;14;1425
50;2025-12-19;15;1717
50;2025-12-19;16;1891
50;2025-12-19;17;2226
50;2025-12-19;18;2064
50;2025-12-19;19;1314
50;2025-12-19;20;852
50;2025-12-19;21;583
50;2025-12-19;22;291
50;2025-12-19;23;161
50;2025-12-20;0;59
50;2025-12-20;1;4
50;2025-12-20;2;0
50;2025-12-20;3;0
50;2025-12-20;4;1
50;2025-12-20;5;27
50;2025-12-20;6;141
50;2025-12-20;7;312
50;2025-12-20;8;469
50;2025-12-20;9;559
50;2025-12-20;10;490
50;2025-12-20;11;644
50;2025-12-20;12;713
50;2025-12-20;13;722
50;2025-12-20;14;743
50;2025-12-20;15;716
50;2025-12-20;16;696
50;2025-12-20;17;673
50;2025-12-20;18;552
50;2025-12-20;19;488
50;2025-12-20;20;374
50;2025-12-20;21;296
50;2025-12-20;22;181
50;2025-12-20;23;109
50;2025-12-21;0;40
50;2025-12-21;1;6
50;2025-12-21;2;1
50;2025-12-21;3;1
50;2025-12-21;4;1
50;2025-12-21;5;20
50;2025-12-21;6;99
50;2025-12-21;7;187
50;2025-12-21;8;285
50;2025-12-21;9;357
50;2025-12-21;10;393
50;2025-12-21;11;550
50;2025-12-21;12;576
50;2025-12-21;13;637
50;2025-12-21;14;698
50;2025-12-21;15;622
50;2025-12-21;16;634
50;2025-12-21;17;620
50;2025-12-21;18;514
50;2025-12-21;19;466
50;2025-12-21;20;367
50;2025-12-21;21;275
50;2025-12-21;22;190
50;2025-12-21;23;93
50;2025-12-22;0;32
50;2025-12-22;1;4
50;2025-12-22;2;0
50;2025-12-22;3;0
50;2025-12-22;4;3
50;2025-12-22;5;69
50;2025-12-22;6;533
50;2025-12-22;7;1740
50;2025-12-22;8;2727
50;2025-12-22;9;2153
50;2025-12-22;10;1645
50;2025-12-22;11;1553
50;2025-12-22;12;1428
50;2025-12-22;13;1465
50;2025-12-22;14;1401
50;2025-12-22;15;1651
50;2025-12-22;16;1698
50;2025-12-22;17;2331
50;2025-12-22;18;2431
50;2025-12-22;19;1451
50;2025-12-22;20;898
50;2025-12-22;21;600
50;2025-12-22;22;273
50;2025-12-22;23;138
50;2025-12-23;0;35
50;2025-12-23;1;3
50;2025-12-23;2;0
50;2025-12-23;3;0
50;2025-12-23;4;2
50;2025-12-23;5;69
50;2025-12-23;6;563
50;2025-12-23;7;1769
50;2025-12-23;8;2763
50;2025-12-23;9;2183
50;2025-12-23;10;1671
50;2025-12-23;11;1574
50;2025-12-23;12;1488
50;2025-12-23;13;1500
50;2025-12-23;14;1431
50;2025-12-23;15;1682
50;2025-12-23;16;1722
50;2025-12-23;17;2371
50;2025-12-23;18;2475
50;2025-12-23;19;1461
50;2025-12-23;20;923
50;2025-12-23;21;614
50;2025-12-23;22;281
50;2025-12-23;23;141
50;2025-12-24;0;34
50;2025-12-24;1;4
50;2025-12-24;2;0
50;2025-12-24;3;0
50;2025-12-24;4;3
50;2025-12-24;5;70
50;2025-12-24;6;543
50;2025-12-24;7;1728
50;2025-12-24;8;2697
50;2025-12-24;9;2127
50;2025-12-24;10;1635
50;2025-12-24;11;1560
50;2025-12-24;12;1463
50;2025-12-24;13;1492
50;2025-12-24;14;1438
50;2025-12-24;15;1678
50;2025-12-24;16;1746
50;2025-12-24;17;2357
50;2025-12-24;18;2400
50;2025-12-24;19;1459
50;2025-12-24;20;894
50;2025-12-24;21;614
50;2025-12-24;22;285
50;2025-12-24;23;144
50;2025-12-25;0;37
50;2025-12-25;1;3
50;2025-12-25;2;0
50;2025-12-25;3;0
50;2025-12-25;4;2
50;2025-12-25;5;70
50;2025-12-25;6;535
50;2025-12-25;7;1712
50;2025-12-25;8;2656
50;2025-12-25;9;2109
50;2025-12-25;10;1632
50;2025-12-25;11;1545
50;2025-12-25;12;1459
50;2025-12-25;13;1468
50;2025-12-25;14;1403
50;2025-12-25;15;1631
50;2025-12-25;16;1736
50;2025-12-25;17;2309
50;2025-12-25;18;2396
50;2025-12-25;19;1430
50;2025-12-25;20;915
50;2025-12-25;21;626
50;2025-12-25;22;284
50;2025-12-25;23;152
50;2025-12-26;0;38
50;2025-12-26;1;3
50;2025-12-26;2;0
50;2025-12-26;3;0
50;2025-12-26;4;3
50;2025-12-26;5;67
50;2025-12-26;6;538
50;2025-12-26;7;1687
50;2025-12-26;8;2640
50;2025-12-26;9;2077
50;2025-12-26;10;1582
50;2025-12-26;11;1571
50;2025-12-26;12;1485
50;2025-12-26;13;1494
50;2025-12-26;14;1423
50;2025-12-26;15;1715
50;2025-12-26;16;1889
50;2025-12-26;17;2224
50;2025-12-26;18;2062
50;2025-12-26;19;1313
50;2025-12-26;20;851
50;2025-12-26;21;583
50;2025-12-26;22;290
50;2025-12-26;23;161
50;2025-12-27;0;59
50;2025-12-27;1;4
50;2025-12-27;2;0
50;2025-12-27;3;0
50;2025-12-27;4;1
50;2025-12-27;5;27
50;2025-12-27;6;141
50;2025-12-27;7;311
50;2025-12-27;8;468
50;2025-12-27;9;559
50;2025-12-27;10;490
50;2025-12-27;11;644
50;2025-12-27;12;713
50;2025-12-27;13;722
50;2025-12-27;14;742
50;2025-12-27;15;715
50;2025-12-27;16;696
50;2025-12-27;17;673
50;2025-12-27;18;552
50;2025-12-27;19;488
50;2025-12-27;20;374
50;2025-12-27;21;296
50;2025-12-27;22;181
50;2025-12-27;23;109
50;2025-12-28;0;40
50;2025-12-28;1;6
50;2025-12-28;2;1
50;2025-12-28;3;1
50;2025-12-28;4;1
50;2025-12-28;5;20
50;2025-12-28;6;99
50;2025-12-28;7;187
50;2025-12-28;8;285
50;2025-12-28;9;357
50;2025-12-28;10;393
50;2025-12-28;11;550
50;2025-12-28;12;575
50;2025-12-28;13;637
50;2025-12-28;14;698
50;2025-12-28;15;621
50;2025-12-28;16;634
50;2025-12-28;17;620
50;2025-12-28;18;514
50;2025-12-28;19;466
50;2025-12-28;20;367
50;2025-12-28;21;274
50;2025-12-28;22;190
50;2025-12-28;23;93
50;2025-12-29;0;32
50;2025-12-29;1;4
50;2025-12-29;2;0
50;2025-12-29;3;0
50;2025-12-29;4;3
50;2025-12-29;5;69
50;2025-12-29;6;533
50;2025-12-29;7;1738
50;2025-12-29;8;2725
50;2025-12-29;9;2150
50;2025-12-29;10;1643
50;2025-12-29;11;1551
50;2025-12-29;12;1427
50;2025-12-29;13;1463
50;2025-12-29;14;1399
50;2025-12-29;15;1649
50;2025-12-29;16;1696
50;2025-12-29;17;2329
50;2025-12-29;18;2428
50;2025-12-29;19;1449
50;2025-12-29;20;897
50;2025-12-29;21;600
50;2025-12-29;22;273
50;2025-12-29;23;138
50;2025-12-30;0;35
50;2025-12-30;1;3
50;2025-12-30;2;0
50;2025-12-30;3;0
50;2025-12-30;4;2
50;2025-12-30;5;69
50;2025-12-30;6;562
50;2025-12-30;7;1767
50;2025-12-30;8;2760
50;2025-12-30;9;2181
50;2025-12-30;10;1670
50;2025-12-30;11;1573
50;2025-12-30;12;1486
50;2025-12-30;13;1499
50;2025-12-30;14;1430
50;2025-12-30;15;1680
50;2025-12-30;16;1721
50;2025-12-30;17;2369
50;2025-12-30;18;2473
50;2025-12-30;19;1460
50;2025-12-30;20;922
50;2025-12-30;21;613
50;2025-12-30;22;280
50;2025-12-30;23;141
50;2025-12-31;0;40
50;2025-12-31;1;6
50;2025-12-31;2;1
50;2025-12-31;3;1
50;2025-12-31;4;1
50;2025-12-31;5;21
50;2025-12-31;6;105
50;2025-12-31;7;200
50;2025-12-31;8;292
50;2025-12-31;9;361
50;2025-12-31;10;389
50;2025-12-31;11;552
50;2025-12-31;12;582
50;2025-12-31;13;645
50;2025-12-31;14;696
50;2025-12-31;15;627
50;2025-12-31;16;630
50;2025-12-31;17;621
50;2025-12-31;18;513
50;2025-12-31;19;475
50;2025-12-31;20;372
50;2025-12-31;21;276
50;2025-12-31;22;195
50;2025-12-31;23;97
