route;date;hour;prediction
1;2025-11-01;0;4
1;2025-11-01;1;0
1;2025-11-01;2;0
1;2025-11-01;3;0
1;2025-11-01;4;8
1;2025-11-01;5;135
1;2025-11-01;6;552
1;2025-11-01;7;1533
1;2025-11-01;8;1932
1;2025-11-01;9;1489
1;2025-11-01;10;1329
1;2025-11-01;11;1381
1;2025-11-01;12;1402
1;2025-11-01;13;1446
1;2025-11-01;14;1385
1;2025-11-01;15;1552
1;2025-11-01;16;1556
1;2025-11-01;17;1797
1;2025-11-01;18;1798
1;2025-11-01;19;1374
1;2025-11-01;20;891
1;2025-11-01;21;497
1;2025-11-01;22;241
1;2025-11-01;23;52
1;2025-11-02;0;2
1;2025-11-02;1;0
1;2025-11-02;2;0
1;2025-11-02;3;0
1;2025-11-02;4;0
1;2025-11-02;5;26
1;2025-11-02;6;130
1;2025-11-02;7;250
1;2025-11-02;8;358
1;2025-11-02;9;589
1;2025-11-02;10;683
1;2025-11-02;11;672
1;2025-11-02;12;830
1;2025-11-02;13;871
1;2025-11-02;14;779
1;2025-11-02;15;713
1;2025-11-02;16;648
1;2025-11-02;17;595
1;2025-11-02;18;546
1;2025-11-02;19;462
1;2025-11-02;20;344
1;2025-11-02;21;261
1;2025-11-02;22;106
1;2025-11-02;23;34
1;2025-11-03;0;1
1;2025-11-03;1;0
1;2025-11-03;2;0
1;2025-11-03;3;0
1;2025-11-03;4;0
1;2025-11-03;5;26
1;2025-11-03;6;127
1;2025-11-03;7;245
1;2025-11-03;8;349
1;2025-11-03;9;571
1;2025-11-03;10;664
1;2025-11-03;11;640
1;2025-11-03;12;798
1;2025-11-03;13;846
1;2025-11-03;14;759
1;2025-11-03;15;702
1;2025-11-03;16;640
1;2025-11-03;17;586
1;2025-11-03;18;531
1;2025-11-03;19;454
1;2025-11-03;20;336
1;2025-11-03;21;260
1;2025-11-03;22;107
1;2025-11-03;23;34
1;2025-11-04;0;1
1;2025-11-04;1;0
1;2025-11-04;2;0
1;2025-11-04;3;0
1;2025-11-04;4;0
1;2025-11-04;5;26
1;2025-11-04;6;127
1;2025-11-04;7;245
1;2025-11-04;8;349
1;2025-11-04;9;571
1;2025-11-04;10;663
1;2025-11-04;11;640
1;2025-11-04;12;798
1;2025-11-04;13;846
1;2025-11-04;14;759
1;2025-11-04;15;702
1;2025-11-04;16;640
1;2025-11-04;17;586
1;2025-11-04;18;531
1;2025-11-04;19;454
1;2025-11-04;20;336
1;2025-11-04;21;260
1;2025-11-04;22;107
1;2025-11-04;23;34
1;2025-11-05;0;4
1;2025-11-05;1;0
1;2025-11-05;2;0
1;2025-11-05;3;0
1;2025-11-05;4;8
1;2025-11-05;5;134
1;2025-11-05;6;547
1;2025-11-05;7;1499
1;2025-11-05;8;1913
1;2025-11-05;9;1472
1;2025-11-05;10;1310
1;2025-11-05;11;1354
1;2025-11-05;12;1386
1;2025-11-05;13;1435
1;2025-11-05;14;1372
1;2025-11-05;15;1536
1;2025-11-05;16;1523
1;2025-11-05;17;1777
1;2025-11-05;18;1783
1;2025-11-05;19;1365
1;2025-11-05;20;882
1;2025-11-05;21;490
1;2025-11-05;22;242
1;2025-11-05;23;50
1;2025-11-06;0;5
1;2025-11-06;1;0
1;2025-11-06;2;0
1;2025-11-06;3;0
1;2025-11-06;4;8
1;2025-11-06;5;128
1;2025-11-06;6;535
1;2025-11-06;7;1496
1;2025-11-06;8;1895
1;2025-11-06;9;1471
1;2025-11-06;10;1324
1;2025-11-06;11;1362
1;2025-11-06;12;1391
1;2025-11-06;13;1431
1;2025-11-06;14;1382
1;2025-11-06;15;1534
1;2025-11-06;16;1532
1;2025-11-06;17;1767
1;2025-11-06;18;1771
1;2025-11-06;19;1351
1;2025-11-06;20;880
1;2025-11-06;21;496
1;2025-11-06;22;239
1;2025-11-06;23;55
1;2025-11-07;0;5
1;2025-11-07;1;0
1;2025-11-07;2;0
1;2025-11-07;3;0
1;2025-11-07;4;7
1;2025-11-07;5;132
1;2025-11-07;6;530
1;2025-11-07;7;1496
1;2025-11-07;8;1860
1;2025-11-07;9;1445
1;2025-11-07;10;1306
1;2025-11-07;11;1377
1;2025-11-07;12;1383
1;2025-11-07;13;1437
1;2025-11-07;14;1374
1;2025-11-07;15;1532
1;2025-11-07;16;1562
1;2025-11-07;17;1743
1;2025-11-07;18;1660
1;2025-11-07;19;1268
1;2025-11-07;20;843
1;2025-11-07;21;497
1;2025-11-07;22;241
1;2025-11-07;23;55
1;2025-11-08;0;8
1;2025-11-08;1;0
1;2025-11-08;2;0
1;2025-11-08;3;0
1;2025-11-08;4;0
1;2025-11-08;5;32
1;2025-11-08;6;177
1;2025-11-08;7;356
1;2025-11-08;8;485
1;2025-11-08;9;765
1;2025-11-08;10;878
1;2025-11-08;11;823
1;2025-11-08;12;1035
1;2025-11-08;13;1063
1;2025-11-08;14;995
1;2025-11-08;15;872
1;2025-11-08;16;796
1;2025-11-08;17;734
1;2025-11-08;18;660
1;2025-11-08;19;598
1;2025-11-08;20;440
1;2025-11-08;21;318
1;2025-11-08;22;145
1;2025-11-08;23;37
1;2025-11-09;0;2
1;2025-11-09;1;0
1;2025-11-09;2;0
1;2025-11-09;3;0
1;2025-11-09;4;0
1;2025-11-09;5;26
1;2025-11-09;6;130
1;2025-11-09;7;250
1;2025-11-09;8;357
1;2025-11-09;9;588
1;2025-11-09;10;682
1;2025-11-09;11;671
1;2025-11-09;12;829
1;2025-11-09;13;870
1;2025-11-09;14;778
1;2025-11-09;15;712
1;2025-11-09;16;647
1;2025-11-09;17;594
1;2025-11-09;18;545
1;2025-11-09;19;461
1;2025-11-09;20;343
1;2025-11-09;21;261
1;2025-11-09;22;106
1;2025-11-09;23;34
1;2025-11-10;0;2
1;2025-11-10;1;0
1;2025-11-10;2;0
1;2025-11-10;3;0
1;2025-11-10;4;8
1;2025-11-10;5;132
1;2025-11-10;6;547
1;2025-11-10;7;1503
1;2025-11-10;8;1898
1;2025-11-10;9;1445
1;2025-11-10;10;1278
1;2025-11-10;11;1328
1;2025-11-10;12;1375
1;2025-11-10;13;1393
1;2025-11-10;14;1346
1;2025-11-10;15;1521
1;2025-11-10;16;1539
1;2025-11-10;17;1777
1;2025-11-10;18;1820
1;2025-11-10;19;1389
1;2025-11-10;20;880
1;2025-11-10;21;482
1;2025-11-10;22;227
1;2025-11-10;23;47
1;2025-11-11;0;4
1;2025-11-11;1;0
1;2025-11-11;2;0
1;2025-11-11;3;1
1;2025-11-11;4;8
1;2025-11-11;5;134
1;2025-11-11;6;552
1;2025-11-11;7;1545
1;2025-11-11;8;1924
1;2025-11-11;9;1494
1;2025-11-11;10;1341
1;2025-11-11;11;1372
1;2025-11-11;12;1390
1;2025-11-11;13;1433
1;2025-11-11;14;1368
1;2025-11-11;15;1516
1;2025-11-11;16;1526
1;2025-11-11;17;1773
1;2025-11-11;18;1792
1;2025-11-11;19;1387
1;2025-11-11;20;899
1;2025-11-11;21;492
1;2025-11-11;22;239
1;2025-11-11;23;49
1;2025-11-12;0;4
1;2025-11-12;1;0
1;2025-11-12;2;0
1;2025-11-12;3;0
1;2025-11-12;4;8
1;2025-11-12;5;134
1;2025-11-12;6;547
1;2025-11-12;7;1497
1;2025-11-12;8;1910
1;2025-11-12;9;1469
1;2025-11-12;10;1308
1;2025-11-12;11;1352
1;2025-11-12;12;1384
1;2025-11-12;13;1433
1;2025-11-12;14;1370
1;2025-11-12;15;1534
1;2025-11-12;16;1520
1;2025-11-12;17;1774
1;2025-11-12;18;1780
1;2025-11-12;19;1363
1;2025-11-12;20;881
1;2025-11-12;21;489
1;2025-11-12;22;242
1;2025-11-12;23;49
1;2025-11-13;0;5
1;2025-11-13;1;0
1;2025-11-13;2;0
1;2025-11-13;3;0
1;2025-11-13;4;8
1;2025-11-13;5;128
1;2025-11-13;6;534
1;2025-11-13;7;1494
1;2025-11-13;8;1892
1;2025-11-13;9;1469
1;2025-11-13;10;1321
1;2025-11-13;11;1360
1;2025-11-13;12;1389
1;2025-11-13;13;1429
1;2025-11-13;14;1380
1;2025-11-13;15;1531
1;2025-11-13;16;1530
1;2025-11-13;17;1764
1;2025-11-13;18;1768
1;2025-11-13;19;1349
1;2025-11-13;20;879
1;2025-11-13;21;495
1;2025-11-13;22;238
1;2025-11-13;23;55
1;2025-11-14;0;5
1;2025-11-14;1;0
1;2025-11-14;2;0
1;2025-11-14;3;0
1;2025-11-14;4;7
1;2025-11-14;5;132
1;2025-11-14;6;529
1;2025-11-14;7;1494
1;2025-11-14;8;1857
1;2025-11-14;9;1442
1;2025-11-14;10;1304
1;2025-11-14;11;1375
1;2025-11-14;12;1381
1;2025-11-14;13;1435
1;2025-11-14;14;1372
1;2025-11-14;15;1529
1;2025-11-14;16;1560
1;2025-11-14;17;1741
1;2025-11-14;18;1657
1;2025-11-14;19;1266
1;2025-11-14;20;842
1;2025-11-14;21;497
1;2025-11-14;22;241
1;2025-11-14;23;55
1;2025-11-15;0;8
1;2025-11-15;1;0
1;2025-11-15;2;0
1;2025-11-15;3;0
1;2025-11-15;4;0
1;2025-11-15;5;32
1;2025-11-15;6;177
1;2025-11-15;7;355
1;2025-11-15;8;483
1;2025-11-15;9;762
1;2025-11-15;10;875
1;2025-11-15;11;820
1;2025-11-15;12;1031
1;2025-11-15;13;1059
1;2025-11-15;14;992
1;2025-11-15;15;868
1;2025-11-15;16;793
1;2025-11-15;17;731
1;2025-11-15;18;657
1;2025-11-15;19;596
1;2025-11-15;20;438
1;2025-11-15;21;316
1;2025-11-15;22;144
1;2025-11-15;23;37
1;2025-11-16;0;2
1;2025-11-16;1;0
1;2025-11-16;2;0
1;2025-11-16;3;0
1;2025-11-16;4;0
1;2025-11-16;5;26
1;2025-11-16;6;130
1;2025-11-16;7;250
1;2025-11-16;8;357
1;2025-11-16;9;587
1;2025-11-16;10;681
1;2025-11-16;11;670
1;2025-11-16;12;828
1;2025-11-16;13;869
1;2025-11-16;14;777
1;2025-11-16;15;711
1;2025-11-16;16;646
1;2025-11-16;17;593
1;2025-11-16;18;544
1;2025-11-16;19;461
1;2025-11-16;20;343
1;2025-11-16;21;260
1;2025-11-16;22;106
1;2025-11-16;23;34
1;2025-11-17;0;2
1;2025-11-17;1;0
1;2025-11-17;2;0
1;2025-11-17;3;0
1;2025-11-17;4;8
1;2025-11-17;5;132
1;2025-11-17;6;546
1;2025-11-17;7;1501
1;2025-11-17;8;1896
1;2025-11-17;9;1443
1;2025-11-17;10;1276
1;2025-11-17;11;1326
1;2025-11-17;12;1373
1;2025-11-17;13;1391
1;2025-11-17;14;1344
1;2025-11-17;15;1519
1;2025-11-17;16;1536
1;2025-11-17;17;1775
1;2025-11-17;18;1818
1;2025-11-17;19;1387
1;2025-11-17;20;879
1;2025-11-17;21;481
1;2025-11-17;22;226
1;2025-11-17;23;47
1;2025-11-18;0;4
1;2025-11-18;1;0
1;2025-11-18;2;0
1;2025-11-18;3;1
1;2025-11-18;4;8
1;2025-11-18;5;134
1;2025-11-18;6;552
1;2025-11-18;7;1543
1;2025-11-18;8;1921
1;2025-11-18;9;1492
1;2025-11-18;10;1339
1;2025-11-18;11;1370
1;2025-11-18;12;1388
1;2025-11-18;13;1430
1;2025-11-18;14;1366
1;2025-11-18;15;1514
1;2025-11-18;16;1524
1;2025-11-18;17;1770
1;2025-11-18;18;1790
1;2025-11-18;19;1385
1;2025-11-18;20;898
1;2025-11-18;21;492
1;2025-11-18;22;238
1;2025-11-18;23;49
1;2025-11-19;0;4
1;2025-11-19;1;0
1;2025-11-19;2;0
1;2025-11-19;3;0
1;2025-11-19;4;8
1;2025-11-19;5;134
1;2025-11-19;6;546
1;2025-11-19;7;1495
1;2025-11-19;8;1908
1;2025-11-19;9;1467
1;2025-11-19;10;1306
1;2025-11-19;11;1350
1;2025-11-19;12;1382
1;2025-11-19;13;1431
1;2025-11-19;14;1368
1;2025-11-19;15;1531
1;2025-11-19;16;1518
1;2025-11-19;17;1772
1;2025-11-19;18;1778
1;2025-11-19;19;1361
1;2025-11-19;20;879
1;2025-11-19;21;488
1;2025-11-19;22;241
1;2025-11-19;23;49
1;2025-11-20;0;5
1;2025-11-20;1;0
1;2025-11-20;2;0
1;2025-11-20;3;0
1;2025-11-20;4;8
1;2025-11-20;5;128
1;2025-11-20;6;533
1;2025-11-20;7;1492
1;2025-11-20;8;1890
1;2025-11-20;9;1467
1;2025-11-20;10;1320
1;2025-11-20;11;1358
1;2025-11-20;12;1387
1;2025-11-20;13;1427
1;2025-11-20;14;1378
1;2025-11-20;15;1529
1;2025-11-20;16;1528
1;2025-11-20;17;1762
1;2025-11-20;18;1765
1;2025-11-20;19;1347
1;2025-11-20;20;878
1;2025-11-20;21;494
1;2025-11-20;22;238
1;2025-11-20;23;55
1;2025-11-21;0;5
1;2025-11-21;1;0
1;2025-11-21;2;0
1;2025-11-21;3;0
1;2025-11-21;4;7
1;2025-11-21;5;132
1;2025-11-21;6;528
1;2025-11-21;7;1492
1;2025-11-21;8;1855
1;2025-11-21;9;1440
1;2025-11-21;10;1302
1;2025-11-21;11;1373
1;2025-11-21;12;1379
1;2025-11-21;13;1433
1;2025-11-21;14;1370
1;2025-11-21;15;1527
1;2025-11-21;16;1557
1;2025-11-21;17;1738
1;2025-11-21;18;1655
1;2025-11-21;19;1264
1;2025-11-21;20;841
1;2025-11-21;21;496
1;2025-11-21;22;240
1;2025-11-21;23;55
1;2025-11-22;0;8
1;2025-11-22;1;0
1;2025-11-22;2;0
1;2025-11-22;3;0
1;2025-11-22;4;0
1;2025-11-22;5;32
1;2025-11-22;6;176
1;2025-11-22;7;353
1;2025-11-22;8;482
1;2025-11-22;9;760
1;2025-11-22;10;872
1;2025-11-22;11;817
1;2025-11-22;12;1027
1;2025-11-22;13;1055
1;2025-11-22;14;988
1;2025-11-22;15;865
1;2025-11-22;16;790
1;2025-11-22;17;729
1;2025-11-22;18;655
1;2025-11-22;19;594
1;2025-11-22;20;436
1;2025-11-22;21;315
1;2025-11-22;22;144
1;2025-11-22;23;37
1;2025-11-23;0;2
1;2025-11-23;1;0
1;2025-11-23;2;0
1;2025-11-23;3;0
1;2025-11-23;4;0
1;2025-11-23;5;26
1;2025-11-23;6;129
1;2025-11-23;7;250
1;2025-11-23;8;356
1;2025-11-23;9;587
1;2025-11-23;10;681
1;2025-11-23;11;669
1;2025-11-23;12;827
1;2025-11-23;13;868
1;2025-11-23;14;776
1;2025-11-23;15;711
1;2025-11-23;16;645
1;2025-11-23;17;593
1;2025-11-23;18;543
1;2025-11-23;19;460
1;2025-11-23;20;343
1;2025-11-23;21;260
1;2025-11-23;22;106
1;2025-11-23;23;34
1;2025-11-24;0;2
1;2025-11-24;1;0
1;2025-11-24;2;0
1;2025-11-24;3;0
1;2025-11-24;4;8
1;2025-11-24;5;131
1;2025-11-24;6;545
1;2025-11-24;7;1499
1;2025-11-24;8;1893
1;2025-11-24;9;1441
1;2025-11-24;10;1274
1;2025-11-24;11;1324
1;2025-11-24;12;1371
1;2025-11-24;13;1389
1;2025-11-24;14;1342
1;2025-11-24;15;1517
1;2025-11-24;16;1534
1;2025-11-24;17;1772
1;2025-11-24;18;1815
1;2025-11-24;19;1385
1;2025-11-24;20;877
1;2025-11-24;21;481
1;2025-11-24;22;226
1;2025-11-24;23;47
1;2025-11-25;0;4
1;2025-11-25;1;0
1;2025-11-25;2;0
1;2025-11-25;3;1
1;2025-11-25;4;8
1;2025-11-25;5;134
1;2025-11-25;6;551
1;2025-11-25;7;1541
1;2025-11-25;8;1918
1;2025-11-25;9;1490
1;2025-11-25;10;1337
1;2025-11-25;11;1368
1;2025-11-25;12;1386
1;2025-11-25;13;1428
1;2025-11-25;14;1364
1;2025-11-25;15;1512
1;2025-11-25;16;1522
1;2025-11-25;17;1768
1;2025-11-25;18;1787
1;2025-11-25;19;1383
1;2025-11-25;20;897
1;2025-11-25;21;491
1;2025-11-25;22;238
1;2025-11-25;23;49
1;2025-11-26;0;4
1;2025-11-26;1;0
1;2025-11-26;2;0
1;2025-11-26;3;0
1;2025-11-26;4;8
1;2025-11-26;5;133
1;2025-11-26;6;545
1;2025-11-26;7;1493
1;2025-11-26;8;1905
1;2025-11-26;9;1465
1;2025-11-26;10;1304
1;2025-11-26;11;1348
1;2025-11-26;12;1380
1;2025-11-26;13;1429
1;2025-11-26;14;1366
1;2025-11-26;15;1529
1;2025-11-26;16;1516
1;2025-11-26;17;1769
1;2025-11-26;18;1775
1;2025-11-26;19;1359
1;2025-11-26;20;878
1;2025-11-26;21;487
1;2025-11-26;22;241
1;2025-11-26;23;49
1;2025-11-27;0;5
1;2025-11-27;1;0
1;2025-11-27;2;0
1;2025-11-27;3;0
1;2025-11-27;4;8
1;2025-11-27;5;128
1;2025-11-27;6;533
1;2025-11-27;7;1490
1;2025-11-27;8;1887
1;2025-11-27;9;1465
1;2025-11-27;10;1318
1;2025-11-27;11;1356
1;2025-11-27;12;1385
1;2025-11-27;13;1425
1;2025-11-27;14;1376
1;2025-11-27;15;1527
1;2025-11-27;16;1526
1;2025-11-27;17;1759
1;2025-11-27;18;1763
1;2025-11-27;19;1345
1;2025-11-27;20;876
1;2025-11-27;21;494
1;2025-11-27;22;238
1;2025-11-27;23;55
1;2025-11-28;0;5
1;2025-11-28;1;0
1;2025-11-28;2;0
1;2025-11-28;3;0
1;2025-11-28;4;7
1;2025-11-28;5;132
1;2025-11-28;6;527
1;2025-11-28;7;1490
1;2025-11-28;8;1852
1;2025-11-28;9;1438
1;2025-11-28;10;1300
1;2025-11-28;11;1372
1;2025-11-28;12;1377
1;2025-11-28;13;1431
1;2025-11-28;14;1368
1;2025-11-28;15;1525
1;2025-11-28;16;1555
1;2025-11-28;17;1736
1;2025-11-28;18;1653
1;2025-11-28;19;1263
1;2025-11-28;20;839
1;2025-11-28;21;495
1;2025-11-28;22;240
1;2025-11-28;23;55
1;2025-11-29;0;8
1;2025-11-29;1;0
1;2025-11-29;2;0
1;2025-11-29;3;0
1;2025-11-29;4;0
1;2025-11-29;5;32
1;2025-11-29;6;175
1;2025-11-29;7;352
1;2025-11-29;8;480
1;2025-11-29;9;757
1;2025-11-29;10;869
1;2025-11-29;11;814
1;2025-11-29;12;1024
1;2025-11-29;13;1052
1;2025-11-29;14;985
1;2025-11-29;15;863
1;2025-11-29;16;788
1;2025-11-29;17;726
1;2025-11-29;18;653
1;2025-11-29;19;592
1;2025-11-29;20;435
1;2025-11-29;21;314
1;2025-11-29;22;143
1;2025-11-29;23;36
1;2025-11-30;0;2
1;2025-11-30;1;0
1;2025-11-30;2;0
1;2025-11-30;3;0
1;2025-11-30;4;0
1;2025-11-30;5;25
1;2025-11-30;6;129
1;2025-11-30;7;249
1;2025-11-30;8;356
1;2025-11-30;9;586
1;2025-11-30;10;680
1;2025-11-30;11;668
1;2025-11-30;12;826
1;2025-11-30;13;867
1;2025-11-30;14;775
1;2025-11-30;15;710
1;2025-11-30;16;645
1;2025-11-30;17;592
1;2025-11-30;18;543
1;2025-11-30;19;459
1;2025-11-30;20;342
1;2025-11-30;21;260
1;2025-11-30;22;106
1;2025-11-30;23;34
1;2025-12-01;0;2
1;2025-12-01;1;0
1;2025-12-01;2;0
1;2025-12-01;3;0
1;2025-12-01;4;8
1;2025-12-01;5;131
1;2025-12-01;6;544
1;2025-12-01;7;1497
1;2025-12-01;8;1890
1;2025-12-01;9;1439
1;2025-12-01;10;1272
1;2025-12-01;11;1323
1;2025-12-01;12;1369
1;2025-12-01;13;1387
1;2025-12-01;14;1340
1;2025-12-01;15;1515
1;2025-12-01;16;1532
1;2025-12-01;17;1770
1;2025-12-01;18;1813
1;2025-12-01;19;1383
1;2025-12-01;20;876
1;2025-12-01;21;480
1;2025-12-01;22;226
1;2025-12-01;23;47
1;2025-12-02;0;4
1;2025-12-02;1;0
1;2025-12-02;2;0
1;2025-12-02;3;1
1;2025-12-02;4;8
1;2025-12-02;5;133
1;2025-12-02;6;550
1;2025-12-02;7;1539
1;2025-12-02;8;1916
1;2025-12-02;9;1488
1;2025-12-02;10;1335
1;2025-12-02;11;1367
1;2025-12-02;12;1385
1;2025-12-02;13;1427
1;2025-12-02;14;1362
1;2025-12-02;15;1510
1;2025-12-02;16;1520
1;2025-12-02;17;1765
1;2025-12-02;18;1785
1;2025-12-02;19;1382
1;2025-12-02;20;895
1;2025-12-02;21;490
1;2025-12-02;22;238
1;2025-12-02;23;49
1;2025-12-03;0;4
1;2025-12-03;1;0
1;2025-12-03;2;0
1;2025-12-03;3;0
1;2025-12-03;4;8
1;2025-12-03;5;133
1;2025-12-03;6;544
1;2025-12-03;7;1491
1;2025-12-03;8;1903
1;2025-12-03;9;1463
1;2025-12-03;10;1302
1;2025-12-03;11;1346
1;2025-12-03;12;1378
1;2025-12-03;13;1427
1;2025-12-03;14;1364
1;2025-12-03;15;1527
1;2025-12-03;16;1514
1;2025-12-03;17;1767
1;2025-12-03;18;1773
1;2025-12-03;19;1358
1;2025-12-03;20;877
1;2025-12-03;21;487
1;2025-12-03;22;241
1;2025-12-03;23;49
1;2025-12-04;0;5
1;2025-12-04;1;0
1;2025-12-04;2;0
1;2025-12-04;3;0
1;2025-12-04;4;8
1;2025-12-04;5;128
1;2025-12-04;6;532
1;2025-12-04;7;1488
1;2025-12-04;8;1885
1;2025-12-04;9;1463
1;2025-12-04;10;1316
1;2025-12-04;11;1354
1;2025-12-04;12;1383
1;2025-12-04;13;1424
1;2025-12-04;14;1375
1;2025-12-04;15;1525
1;2025-12-04;16;1524
1;2025-12-04;17;1757
1;2025-12-04;18;1761
1;2025-12-04;19;1344
1;2025-12-04;20;875
1;2025-12-04;21;493
1;2025-12-04;22;237
1;2025-12-04;23;54
1;2025-12-05;0;5
1;2025-12-05;1;0
1;2025-12-05;2;0
1;2025-12-05;3;0
1;2025-12-05;4;7
1;2025-12-05;5;132
1;2025-12-05;6;527
1;2025-12-05;7;1488
1;2025-12-05;8;1850
1;2025-12-05;9;1437
1;2025-12-05;10;1299
1;2025-12-05;11;1370
1;2025-12-05;12;1375
1;2025-12-05;13;1429
1;2025-12-05;14;1366
1;2025-12-05;15;1523
1;2025-12-05;16;1553
1;2025-12-05;17;1734
1;2025-12-05;18;1650
1;2025-12-05;19;1261
1;2025-12-05;20;838
1;2025-12-05;21;495
1;2025-12-05;22;240
1;2025-12-05;23;55
1;2025-12-06;0;8
1;2025-12-06;1;0
1;2025-12-06;2;0
1;2025-12-06;3;0
1;2025-12-06;4;0
1;2025-12-06;5;32
1;2025-12-06;6;175
1;2025-12-06;7;351
1;2025-12-06;8;479
1;2025-12-06;9;755
1;2025-12-06;10;866
1;2025-12-06;11;811
1;2025-12-06;12;1021
1;2025-12-06;13;1048
1;2025-12-06;14;982
1;2025-12-06;15;860
1;2025-12-06;16;785
1;2025-12-06;17;724
1;2025-12-06;18;651
1;2025-12-06;19;590
1;2025-12-06;20;434
1;2025-12-06;21;313
1;2025-12-06;22;143
1;2025-12-06;23;36
1;2025-12-07;0;2
1;2025-12-07;1;0
1;2025-12-07;2;0
1;2025-12-07;3;0
1;2025-12-07;4;0
1;2025-12-07;5;25
1;2025-12-07;6;129
1;2025-12-07;7;249
1;2025-12-07;8;355
1;2025-12-07;9;585
1;2025-12-07;10;679
1;2025-12-07;11;668
1;2025-12-07;12;825
1;2025-12-07;13;866
1;2025-12-07;14;775
1;2025-12-07;15;709
1;2025-12-07;16;644
1;2025-12-07;17;591
1;2025-12-07;18;542
1;2025-12-07;19;459
1;2025-12-07;20;342
1;2025-12-07;21;260
1;2025-12-07;22;105
1;2025-12-07;23;34
1;2025-12-08;0;2
1;2025-12-08;1;0
1;2025-12-08;2;0
1;2025-12-08;3;0
1;2025-12-08;4;8
1;2025-12-08;5;131
1;2025-12-08;6;544
1;2025-12-08;7;1495
1;2025-12-08;8;1888
1;2025-12-08;9;1437
1;2025-12-08;10;1271
1;2025-12-08;11;1321
1;2025-12-08;12;1367
1;2025-12-08;13;1386
1;2025-12-08;14;1338
1;2025-12-08;15;1513
1;2025-12-08;16;1530
1;2025-12-08;17;1768
1;2025-12-08;18;1810
1;2025-12-08;19;1382
1;2025-12-08;20;875
1;2025-12-08;21;479
1;2025-12-08;22;225
1;2025-12-08;23;47
1;2025-12-09;0;4
1;2025-12-09;1;0
1;2025-12-09;2;0
1;2025-12-09;3;1
1;2025-12-09;4;8
1;2025-12-09;5;133
1;2025-12-09;6;549
1;2025-12-09;7;1537
1;2025-12-09;8;1913
1;2025-12-09;9;1486
1;2025-12-09;10;1333
1;2025-12-09;11;1365
1;2025-12-09;12;1383
1;2025-12-09;13;1425
1;2025-12-09;14;1360
1;2025-12-09;15;1508
1;2025-12-09;16;1518
1;2025-12-09;17;1763
1;2025-12-09;18;1783
1;2025-12-09;19;1380
1;2025-12-09;20;894
1;2025-12-09;21;490
1;2025-12-09;22;237
1;2025-12-09;23;49
1;2025-12-10;0;4
1;2025-12-10;1;0
1;2025-12-10;2;0
1;2025-12-10;3;0
1;2025-12-10;4;8
1;2025-12-10;5;133
1;2025-12-10;6;544
1;2025-12-10;7;1489
1;2025-12-10;8;1900
1;2025-12-10;9;1462
1;2025-12-10;10;1301
1;2025-12-10;11;1344
1;2025-12-10;12;1376
1;2025-12-10;13;1426
1;2025-12-10;14;1363
1;2025-12-10;15;1526
1;2025-12-10;16;1512
1;2025-12-10;17;1765
1;2025-12-10;18;1771
1;2025-12-10;19;1356
1;2025-12-10;20;876
1;2025-12-10;21;486
1;2025-12-10;22;240
1;2025-12-10;23;49
1;2025-12-11;0;5
1;2025-12-11;1;0
1;2025-12-11;2;0
1;2025-12-11;3;0
1;2025-12-11;4;8
1;2025-12-11;5;128
1;2025-12-11;6;531
1;2025-12-11;7;1486
1;2025-12-11;8;1883
1;2025-12-11;9;1461
1;2025-12-11;10;1314
1;2025-12-11;11;1353
1;2025-12-11;12;1382
1;2025-12-11;13;1422
1;2025-12-11;14;1373
1;2025-12-11;15;1523
1;2025-12-11;16;1522
1;2025-12-11;17;1755
1;2025-12-11;18;1759
1;2025-12-11;19;1342
1;2025-12-11;20;874
1;2025-12-11;21;492
1;2025-12-11;22;237
1;2025-12-11;23;54
1;2025-12-12;0;5
1;2025-12-12;1;0
1;2025-12-12;2;0
1;2025-12-12;3;0
1;2025-12-12;4;7
1;2025-12-12;5;132
1;2025-12-12;6;526
1;2025-12-12;7;1486
1;2025-12-12;8;1848
1;2025-12-12;9;1435
1;2025-12-12;10;1297
1;2025-12-12;11;1368
1;2025-12-12;12;1374
1;2025-12-12;13;1428
1;2025-12-12;14;1364
1;2025-12-12;15;1521
1;2025-12-12;16;1552
1;2025-12-12;17;1732
1;2025-12-12;18;1648
1;2025-12-12;19;1260
1;2025-12-12;20;837
1;2025-12-12;21;494
1;2025-12-12;22;240
1;2025-12-12;23;55
1;2025-12-13;0;8
1;2025-12-13;1;0
1;2025-12-13;2;0
1;2025-12-13;3;0
1;2025-12-13;4;0
1;2025-12-13;5;32
1;2025-12-13;6;174
1;2025-12-13;7;350
1;2025-12-13;8;477
1;2025-12-13;9;752
1;2025-12-13;10;864
1;2025-12-13;11;809
1;2025-12-13;12;1018
1;2025-12-13;13;1045
1;2025-12-13;14;979
1;2025-12-13;15;857
1;2025-12-13;16;783
1;2025-12-13;17;722
1;2025-12-13;18;649
1;2025-12-13;19;588
1;2025-12-13;20;432
1;2025-12-13;21;312
1;2025-12-13;22;142
1;2025-12-13;23;36
1;2025-12-14;0;2
1;2025-12-14;1;0
1;2025-12-14;2;0
1;2025-12-14;3;0
1;2025-12-14;4;0
1;2025-12-14;5;25
1;2025-12-14;6;129
1;2025-12-14;7;249
1;2025-12-14;8;355
1;2025-12-14;9;585
1;2025-12-14;10;679
1;2025-12-14;11;667
1;2025-12-14;12;824
1;2025-12-14;13;865
1;2025-12-14;14;774
1;2025-12-14;15;708
1;2025-12-14;16;643
1;2025-12-14;17;591
1;2025-12-14;18;542
1;2025-12-14;19;459
1;2025-12-14;20;341
1;2025-12-14;21;259
1;2025-12-14;22;105
1;2025-12-14;23;34
1;2025-12-15;0;2
1;2025-12-15;1;0
1;2025-12-15;2;0
1;2025-12-15;3;0
1;2025-12-15;4;8
1;2025-12-15;5;131
1;2025-12-15;6;543
1;2025-12-15;7;1493
1;2025-12-15;8;1886
1;2025-12-15;9;1435
1;2025-12-15;10;1269
1;2025-12-15;11;1319
1;2025-12-15;12;1366
1;2025-12-15;13;1384
1;2025-12-15;14;1337
1;2025-12-15;15;1511
1;2025-12-15;16;1528
1;2025-12-15;17;1766
1;2025-12-15;18;1808
1;2025-12-15;19;1380
1;2025-12-15;20;874
1;2025-12-15;21;479
1;2025-12-15;22;225
1;2025-12-15;23;47
1;2025-12-16;0;4
1;2025-12-16;1;0
1;2025-12-16;2;0
1;2025-12-16;3;1
1;2025-12-16;4;8
1;2025-12-16;5;133
1;2025-12-16;6;549
1;2025-12-16;7;1535
1;2025-12-16;8;1911
1;2025-12-16;9;1485
1;2025-12-16;10;1332
1;2025-12-16;11;1363
1;2025-12-16;12;1381
1;2025-12-16;13;1423
1;2025-12-16;14;1359
1;2025-12-16;15;1506
1;2025-12-16;16;1516
1;2025-12-16;17;1761
1;2025-12-16;18;1781
1;2025-12-16;19;1378
1;2025-12-16;20;893
1;2025-12-16;21;489
1;2025-12-16;22;237
1;2025-12-16;23;49
1;2025-12-17;0;4
1;2025-12-17;1;0
1;2025-12-17;2;0
1;2025-12-17;3;0
1;2025-12-17;4;8
1;2025-12-17;5;133
1;2025-12-17;6;543
1;2025-12-17;7;1487
1;2025-12-17;8;1898
1;2025-12-17;9;1460
1;2025-12-17;10;1299
1;2025-12-17;11;1343
1;2025-12-17;12;1375
1;2025-12-17;13;1424
1;2025-12-17;14;1361
1;2025-12-17;15;1524
1;2025-12-17;16;1511
1;2025-12-17;17;1763
1;2025-12-17;18;1769
1;2025-12-17;19;1354
1;2025-12-17;20;875
1;2025-12-17;21;486
1;2025-12-17;22;240
1;2025-12-17;23;49
1;2025-12-18;0;5
1;2025-12-18;1;0
1;2025-12-18;2;0
1;2025-12-18;3;0
1;2025-12-18;4;8
1;2025-12-18;5;127
1;2025-12-18;6;531
1;2025-12-18;7;1485
1;2025-12-18;8;1880
1;2025-12-18;9;1460
1;2025-12-18;10;1313
1;2025-12-18;11;1351
1;2025-12-18;12;1380
1;2025-12-18;13;1420
1;2025-12-18;14;1371
1;2025-12-18;15;1522
1;2025-12-18;16;1520
1;2025-12-18;17;1753
1;2025-12-18;18;1757
1;2025-12-18;19;1340
1;2025-12-18;20;873
1;2025-12-18;21;492
1;2025-12-18;22;237
1;2025-12-18;23;54
1;2025-12-19;0;5
1;2025-12-19;1;0
1;2025-12-19;2;0
1;2025-12-19;3;0
1;2025-12-19;4;7
1;2025-12-19;5;131
1;2025-12-19;6;525
1;2025-12-19;7;1484
1;2025-12-19;8;1846
1;2025-12-19;9;1433
1;2025-12-19;10;1296
1;2025-12-19;11;1367
1;2025-12-19;12;1372
1;2025-12-19;13;1426
1;2025-12-19;14;1363
1;2025-12-19;15;1520
1;2025-12-19;16;1550
1;2025-12-19;17;1730
1;2025-12-19;18;1647
1;2025-12-19;19;1258
1;2025-12-19;20;836
1;2025-12-19;21;494
1;2025-12-19;22;239
1;2025-12-19;23;55
1;2025-12-20;0;8
1;2025-12-20;1;0
1;2025-12-20;2;0
1;2025-12-20;3;0
1;2025-12-20;4;0
1;2025-12-20;5;32
1;2025-12-20;6;174
1;2025-12-20;7;349
1;2025-12-20;8;476
1;2025-12-20;9;750
1;2025-12-20;10;861
1;2025-12-20;11;807
1;2025-12-20;12;1015
1;2025-12-20;13;1042
1;2025-12-20;14;976
1;2025-12-20;15;855
1;2025-12-20;16;781
1;2025-12-20;17;720
1;2025-12-20;18;647
1;2025-12-20;19;587
1;2025-12-20;20;431
1;2025-12-20;21;311
1;2025-12-20;22;142
1;2025-12-20;23;36
1;2025-12-21;0;2
1;2025-12-21;1;0
1;2025-12-21;2;0
1;2025-12-21;3;0
1;2025-12-21;4;0
1;2025-12-21;5;25
1;2025-12-21;6;129
1;2025-12-21;7;248
1;2025-12-21;8;355
1;2025-12-21;9;584
1;2025-12-21;10;678
1;2025-12-21;11;666
1;2025-12-21;12;824
1;2025-12-21;13;864
1;2025-12-21;14;773
1;2025-12-21;15;708
1;2025-12-21;16;643
1;2025-12-21;17;590
1;2025-12-21;18;541
1;2025-12-21;19;458
1;2025-12-21;20;341
1;2025-12-21;21;259
1;2025-12-21;22;105
1;2025-12-21;23;34
1;2025-12-22;0;2
1;2025-12-22;1;0
1;2025-12-22;2;0
1;2025-12-22;3;0
1;2025-12-22;4;8
1;2025-12-22;5;131
1;2025-12-22;6;542
1;2025-12-22;7;1491
1;2025-12-22;8;1884
1;2025-12-22;9;1434
1;2025-12-22;10;1268
1;2025-12-22;11;1318
1;2025-12-22;12;1364
1;2025-12-22;13;1382
1;2025-12-22;14;1335
1;2025-12-22;15;1509
1;2025-12-22;16;1527
1;2025-12-22;17;1764
1;2025-12-22;18;1806
1;2025-12-22;19;1379
1;2025-12-22;20;873
1;2025-12-22;21;478
1;2025-12-22;22;225
1;2025-12-22;23;47
1;2025-12-23;0;4
1;2025-12-23;1;0
1;2025-12-23;2;0
1;2025-12-23;3;1
1;2025-12-23;4;8
1;2025-12-23;5;133
1;2025-12-23;6;548
1;2025-12-23;7;1533
1;2025-12-23;8;1909
1;2025-12-23;9;1483
1;2025-12-23;10;1330
1;2025-12-23;11;1362
1;2025-12-23;12;1380
1;2025-12-23;13;1422
1;2025-12-23;14;1357
1;2025-12-23;15;1505
1;2025-12-23;16;1515
1;2025-12-23;17;1759
1;2025-12-23;18;1779
1;2025-12-23;19;1377
1;2025-12-23;20;892
1;2025-12-23;21;489
1;2025-12-23;22;237
1;2025-12-23;23;49
1;2025-12-24;0;4
1;2025-12-24;1;0
1;2025-12-24;2;0
1;2025-12-24;3;0
1;2025-12-24;4;8
1;2025-12-24;5;133
1;2025-12-24;6;543
1;2025-12-24;7;1486
1;2025-12-24;8;1896
1;2025-12-24;9;1458
1;2025-12-24;10;1298
1;2025-12-24;11;1341
1;2025-12-24;12;1373
1;2025-12-24;13;1422
1;2025-12-24;14;1360
1;2025-12-24;15;1522
1;2025-12-24;16;1509
1;2025-12-24;17;1761
1;2025-12-24;18;1767
1;2025-12-24;19;1353
1;2025-12-24;20;874
1;2025-12-24;21;485
1;2025-12-24;22;240
1;2025-12-24;23;49
1;2025-12-25;0;5
1;2025-12-25;1;0
1;2025-12-25;2;0
1;2025-12-25;3;0
1;2025-12-25;4;8
1;2025-12-25;5;127
1;2025-12-25;6;530
1;2025-12-25;7;1483
1;2025-12-25;8;1878
1;2025-12-25;9;1458
1;2025-12-25;10;1312
1;2025-12-25;11;1350
1;2025-12-25;12;1379
1;2025-12-25;13;1419
1;2025-12-25;14;1370
1;2025-12-25;15;1520
1;2025-12-25;16;1518
1;2025-12-25;17;1751
1;2025-12-25;18;1755
1;2025-12-25;19;1339
1;2025-12-25;20;872
1;2025-12-25;21;491
1;2025-12-25;22;236
1;2025-12-25;23;54
1;2025-12-26;0;5
1;2025-12-26;1;0
1;2025-12-26;2;0
1;2025-12-26;3;0
1;2025-12-26;4;7
1;2025-12-26;5;131
1;2025-12-26;6;525
1;2025-12-26;7;1483
1;2025-12-26;8;1844
1;2025-12-26;9;1432
1;2025-12-26;10;1294
1;2025-12-26;11;1365
1;2025-12-26;12;1371
1;2025-12-26;13;1424
1;2025-12-26;14;1362
1;2025-12-26;15;1518
1;2025-12-26;16;1548
1;2025-12-26;17;1728
1;2025-12-26;18;1645
1;2025-12-26;19;1257
1;2025-12-26;20;836
1;2025-12-26;21;493
1;2025-12-26;22;239
1;2025-12-26;23;55
1;2025-12-27;0;8
1;2025-12-27;1;0
1;2025-12-27;2;0
1;2025-12-27;3;0
1;2025-12-27;4;0
1;2025-12-27;5;32
1;2025-12-27;6;173
1;2025-12-27;7;348
1;2025-12-27;8;475
1;2025-12-27;9;748
1;2025-12-27;10;859
1;2025-12-27;11;804
1;2025-12-27;12;1012
1;2025-12-27;13;1039
1;2025-12-27;14;974
1;2025-12-27;15;853
1;2025-12-27;16;779
1;2025-12-27;17;718
1;2025-12-27;18;645
1;2025-12-27;19;585
1;2025-12-27;20;430
1;2025-12-27;21;311
1;2025-12-27;22;141
1;2025-12-27;23;36
1;2025-12-28;0;2
1;2025-12-28;1;0
1;2025-12-28;2;0
1;2025-12-28;3;0
1;2025-12-28;4;0
1;2025-12-28;5;25
1;2025-12-28;6;129
1;2025-12-28;7;248
1;2025-12-28;8;354
1;2025-12-28;9;584
1;2025-12-28;10;677
1;2025-12-28;11;666
1;2025-12-28;12;823
1;2025-12-28;13;863
1;2025-12-28;14;772
1;2025-12-28;15;707
1;2025-12-28;16;642
1;2025-12-28;17;590
1;2025-12-28;18;541
1;2025-12-28;19;458
1;2025-12-28;20;341
1;2025-12-28;21;259
1;2025-12-28;22;105
1;2025-12-28;23;34
1;2025-12-29;0;2
1;2025-12-29;1;0
1;2025-12-29;2;0
1;2025-12-29;3;0
1;2025-12-29;4;8
1;2025-12-29;5;131
1;2025-12-29;6;542
1;2025-12-29;7;1490
1;2025-12-29;8;1882
1;2025-12-29;9;1432
1;2025-12-29;10;1267
1;2025-12-29;11;1316
1;2025-12-29;12;1363
1;2025-12-29;13;1381
1;2025-12-29;14;1334
1;2025-12-29;15;1508
1;2025-12-29;16;1525
1;2025-12-29;17;1762
1;2025-12-29;18;1804
1;2025-12-29;19;1377
1;2025-12-29;20;872
1;2025-12-29;21;478
1;2025-12-29;22;225
1;2025-12-29;23;47
1;2025-12-30;0;4
1;2025-12-30;1;0
1;2025-12-30;2;0
1;2025-12-30;3;1
1;2025-12-30;4;8
1;2025-12-30;5;133
1;2025-12-30;6;548
1;2025-12-30;7;1532
1;2025-12-30;8;1907
1;2025-12-30;9;1481
1;2025-12-30;10;1329
1;2025-12-30;11;1360
1;2025-12-30;12;1378
1;2025-12-30;13;1420
1;2025-12-30;14;1356
1;2025-12-30;15;1503
1;2025-12-30;16;1513
1;2025-12-30;17;1757
1;2025-12-30;18;1777
1;2025-12-30;19;1375
1;2025-12-30;20;891
1;2025-12-30;21;488
1;2025-12-30;22;237
1;2025-12-30;23;49
1;2025-12-31;0;1
1;2025-12-31;1;0
1;2025-12-31;2;0
1;2025-12-31;3;0
1;2025-12-31;4;0
1;2025-12-31;5;25
1;2025-12-31;6;126
1;2025-12-31;7;243
1;2025-12-31;8;346
1;2025-12-31;9;566
1;2025-12-31;10;658
1;2025-12-31;11;634
1;2025-12-31;12;791
1;2025-12-31;13;839
1;2025-12-31;14;752
1;2025-12-31;15;696
1;2025-12-31;16;634
1;2025-12-31;17;581
1;2025-12-31;18;526
1;2025-12-31;19;450
1;2025-12-31;20;333
1;2025-12-31;21;258
1;2025-12-31;22;106
1;2025-12-31;23;34
5;2025-11-01;0;0
5;2025-11-01;1;0
5;2025-11-01;2;0
5;2025-11-01;3;0
5;2025-11-01;4;0
5;2025-11-01;5;0
5;2025-11-01;6;0
5;2025-11-01;7;0
5;2025-11-01;8;0
5;2025-11-01;9;0
5;2025-11-01;10;0
5;2025-11-01;11;0
5;2025-11-01;12;0
5;2025-11-01;13;0
5;2025-11-01;14;0
5;2025-11-01;15;0
5;2025-11-01;16;0
5;2025-11-01;17;0
5;2025-11-01;18;0
5;2025-11-01;19;0
5;2025-11-01;20;0
5;2025-11-01;21;0
5;2025-11-01;22;0
5;2025-11-01;23;0
5;2025-11-02;0;0
5;2025-11-02;1;0
5;2025-11-02;2;0
5;2025-11-02;3;0
5;2025-11-02;4;0
5;2025-11-02;5;0
5;2025-11-02;6;0
5;2025-11-02;7;0
5;2025-11-02;8;0
5;2025-11-02;9;0
5;2025-11-02;10;0
5;2025-11-02;11;0
5;2025-11-02;12;0
5;2025-11-02;13;0
5;2025-11-02;14;0
5;2025-11-02;15;0
5;2025-11-02;16;0
5;2025-11-02;17;0
5;2025-11-02;18;0
5;2025-11-02;19;0
5;2025-11-02;20;0
5;2025-11-02;21;0
5;2025-11-02;22;0
5;2025-11-02;23;0
5;2025-11-03;0;0
5;2025-11-03;1;0
5;2025-11-03;2;0
5;2025-11-03;3;0
5;2025-11-03;4;0
5;2025-11-03;5;0
5;2025-11-03;6;0
5;2025-11-03;7;0
5;2025-11-03;8;0
5;2025-11-03;9;0
5;2025-11-03;10;0
5;2025-11-03;11;0
5;2025-11-03;12;0
5;2025-11-03;13;0
5;2025-11-03;14;0
5;2025-11-03;15;0
5;2025-11-03;16;0
5;2025-11-03;17;0
5;2025-11-03;18;0
5;2025-11-03;19;0
5;2025-11-03;20;0
5;2025-11-03;21;0
5;2025-11-03;22;0
5;2025-11-03;23;0
5;2025-11-04;0;0
5;2025-11-04;1;0
5;2025-11-04;2;0
5;2025-11-04;3;0
5;2025-11-04;4;0
5;2025-11-04;5;0
5;2025-11-04;6;0
5;2025-11-04;7;0
5;2025-11-04;8;0
5;2025-11-04;9;0
5;2025-11-04;10;0
5;2025-11-04;11;0
5;2025-11-04;12;0
5;2025-11-04;13;0
5;2025-11-04;14;0
5;2025-11-04;15;0
5;2025-11-04;16;0
5;2025-11-04;17;0
5;2025-11-04;18;0
5;2025-11-04;19;0
5;2025-11-04;20;0
5;2025-11-04;21;0
5;2025-11-04;22;0
5;2025-11-04;23;0
5;2025-11-05;0;0
5;2025-11-05;1;0
5;2025-11-05;2;0
5;2025-11-05;3;0
5;2025-11-05;4;0
5;2025-11-05;5;0
5;2025-11-05;6;0
5;2025-11-05;7;0
5;2025-11-05;8;0
5;2025-11-05;9;0
5;2025-11-05;10;0
5;2025-11-05;11;0
5;2025-11-05;12;0
5;2025-11-05;13;0
5;2025-11-05;14;0
5;2025-11-05;15;0
5;2025-11-05;16;0
5;2025-11-05;17;0
5;2025-11-05;18;0
5;2025-11-05;19;0
5;2025-11-05;20;0
5;2025-11-05;21;0
5;2025-11-05;22;0
5;2025-11-05;23;0
5;2025-11-06;0;0
5;2025-11-06;1;0
5;2025-11-06;2;0
5;2025-11-06;3;0
5;2025-11-06;4;0
5;2025-11-06;5;0
5;2025-11-06;6;0
5;2025-11-06;7;0
5;2025-11-06;8;0
5;2025-11-06;9;0
5;2025-11-06;10;0
5;2025-11-06;11;0
5;2025-11-06;12;0
5;2025-11-06;13;0
5;2025-11-06;14;0
5;2025-11-06;15;0
5;2025-11-06;16;0
5;2025-11-06;17;0
5;2025-11-06;18;0
5;2025-11-06;19;0
5;2025-11-06;20;0
5;2025-11-06;21;0
5;2025-11-06;22;0
5;2025-11-06;23;0
5;2025-11-07;0;0
5;2025-11-07;1;0
5;2025-11-07;2;0
5;2025-11-07;3;0
5;2025-11-07;4;0
5;2025-11-07;5;0
5;2025-11-07;6;0
5;2025-11-07;7;0
5;2025-11-07;8;0
5;2025-11-07;9;0
5;2025-11-07;10;0
5;2025-11-07;11;0
5;2025-11-07;12;0
5;2025-11-07;13;0
5;2025-11-07;14;0
5;2025-11-07;15;0
5;2025-11-07;16;0
5;2025-11-07;17;0
5;2025-11-07;18;0
5;2025-11-07;19;0
5;2025-11-07;20;0
5;2025-11-07;21;0
5;2025-11-07;22;0
5;2025-11-07;23;0
5;2025-11-08;0;0
5;2025-11-08;1;0
5;2025-11-08;2;0
5;2025-11-08;3;0
5;2025-11-08;4;0
5;2025-11-08;5;0
5;2025-11-08;6;0
5;2025-11-08;7;0
5;2025-11-08;8;0
5;2025-11-08;9;0
5;2025-11-08;10;0
5;2025-11-08;11;0
5;2025-11-08;12;0
5;2025-11-08;13;0
5;2025-11-08;14;0
5;2025-11-08;15;0
5;2025-11-08;16;0
5;2025-11-08;17;0
5;2025-11-08;18;0
5;2025-11-08;19;0
5;2025-11-08;20;0
5;2025-11-08;21;0
5;2025-11-08;22;0
5;2025-11-08;23;0
5;2025-11-09;0;0
5;2025-11-09;1;0
5;2025-11-09;2;0
5;2025-11-09;3;0
5;2025-11-09;4;0
5;2025-11-09;5;0
5;2025-11-09;6;0
5;2025-11-09;7;0
5;2025-11-09;8;0
5;2025-11-09;9;0
5;2025-11-09;10;0
5;2025-11-09;11;0
5;2025-11-09;12;0
5;2025-11-09;13;0
5;2025-11-09;14;0
5;2025-11-09;15;0
5;2025-11-09;16;0
5;2025-11-09;17;0
5;2025-11-09;18;0
5;2025-11-09;19;0
5;2025-11-09;20;0
5;2025-11-09;21;0
5;2025-11-09;22;0
5;2025-11-09;23;0
5;2025-11-10;0;0
5;2025-11-10;1;0
5;2025-11-10;2;0
5;2025-11-10;3;0
5;2025-11-10;4;0
5;2025-11-10;5;0
5;2025-11-10;6;0
5;2025-11-10;7;0
5;2025-11-10;8;0
5;2025-11-10;9;0
5;2025-11-10;10;0
5;2025-11-10;11;0
5;2025-11-10;12;0
5;2025-11-10;13;0
5;2025-11-10;14;0
5;2025-11-10;15;0
5;2025-11-10;16;0
5;2025-11-10;17;0
5;2025-11-10;18;0
5;2025-11-10;19;0
5;2025-11-10;20;0
5;2025-11-10;21;0
5;2025-11-10;22;0
5;2025-11-10;23;0
5;2025-11-11;0;0
5;2025-11-11;1;0
5;2025-11-11;2;0
5;2025-11-11;3;0
5;2025-11-11;4;0
5;2025-11-11;5;0
5;2025-11-11;6;0
5;2025-11-11;7;0
5;2025-11-11;8;0
5;2025-11-11;9;0
5;2025-11-11;10;0
5;2025-11-11;11;0
5;2025-11-11;12;0
5;2025-11-11;13;0
5;2025-11-11;14;0
5;2025-11-11;15;0
5;2025-11-11;16;0
5;2025-11-11;17;0
5;2025-11-11;18;0
5;2025-11-11;19;0
5;2025-11-11;20;0
5;2025-11-11;21;0
5;2025-11-11;22;0
5;2025-11-11;23;0
5;2025-11-12;0;0
5;2025-11-12;1;0
5;2025-11-12;2;0
5;2025-11-12;3;0
5;2025-11-12;4;0
5;2025-11-12;5;0
5;2025-11-12;6;0
5;2025-11-12;7;0
5;2025-11-12;8;0
5;2025-11-12;9;0
5;2025-11-12;10;0
5;2025-11-12;11;0
5;2025-11-12;12;0
5;2025-11-12;13;0
5;2025-11-12;14;0
5;2025-11-12;15;0
5;2025-11-12;16;0
5;2025-11-12;17;0
5;2025-11-12;18;0
5;2025-11-12;19;0
5;2025-11-12;20;0
5;2025-11-12;21;0
5;2025-11-12;22;0
5;2025-11-12;23;0
5;2025-11-13;0;0
5;2025-11-13;1;0
5;2025-11-13;2;0
5;2025-11-13;3;0
5;2025-11-13;4;0
5;2025-11-13;5;0
5;2025-11-13;6;0
5;2025-11-13;7;0
5;2025-11-13;8;0
5;2025-11-13;9;0
5;2025-11-13;10;0
5;2025-11-13;11;0
5;2025-11-13;12;0
5;2025-11-13;13;0
5;2025-11-13;14;0
5;2025-11-13;15;0
5;2025-11-13;16;0
5;2025-11-13;17;0
5;2025-11-13;18;0
5;2025-11-13;19;0
5;2025-11-13;20;0
5;2025-11-13;21;0
5;2025-11-13;22;0
5;2025-11-13;23;0
5;2025-11-14;0;0
5;2025-11-14;1;0
5;2025-11-14;2;0
5;2025-11-14;3;0
5;2025-11-14;4;0
5;2025-11-14;5;0
5;2025-11-14;6;0
5;2025-11-14;7;0
5;2025-11-14;8;0
5;2025-11-14;9;0
5;2025-11-14;10;0
5;2025-11-14;11;0
5;2025-11-14;12;0
5;2025-11-14;13;0
5;2025-11-14;14;0
5;2025-11-14;15;0
5;2025-11-14;16;0
5;2025-11-14;17;0
5;2025-11-14;18;0
5;2025-11-14;19;0
5;2025-11-14;20;0
5;2025-11-14;21;0
5;2025-11-14;22;0
5;2025-11-14;23;0
5;2025-11-15;0;0
5;2025-11-15;1;0
5;2025-11-15;2;0
5;2025-11-15;3;0
5;2025-11-15;4;0
5;2025-11-15;5;0
5;2025-11-15;6;0
5;2025-11-15;7;0
5;2025-11-15;8;0
5;2025-11-15;9;0
5;2025-11-15;10;0
5;2025-11-15;11;0
5;2025-11-15;12;0
5;2025-11-15;13;0
5;2025-11-15;14;0
5;2025-11-15;15;0
5;2025-11-15;16;0
5;2025-11-15;17;0
5;2025-11-15;18;0
5;2025-11-15;19;0
5;2025-11-15;20;0
5;2025-11-15;21;0
5;2025-11-15;22;0
5;2025-11-15;23;0
5;2025-11-16;0;0
5;2025-11-16;1;0
5;2025-11-16;2;0
5;2025-11-16;3;0
5;2025-11-16;4;0
5;2025-11-16;5;0
5;2025-11-16;6;0
5;2025-11-16;7;0
5;2025-11-16;8;0
5;2025-11-16;9;0
5;2025-11-16;10;0
5;2025-11-16;11;0
5;2025-11-16;12;0
5;2025-11-16;13;0
5;2025-11-16;14;0
5;2025-11-16;15;0
5;2025-11-16;16;0
5;2025-11-16;17;0
5;2025-11-16;18;0
5;2025-11-16;19;0
5;2025-11-16;20;0
5;2025-11-16;21;0
5;2025-11-16;22;0
5;2025-11-16;23;0
5;2025-11-17;0;0
5;2025-11-17;1;0
5;2025-11-17;2;0
5;2025-11-17;3;0
5;2025-11-17;4;0
5;2025-11-17;5;0
5;2025-11-17;6;0
5;2025-11-17;7;0
5;2025-11-17;8;0
5;2025-11-17;9;0
5;2025-11-17;10;0
5;2025-11-17;11;0
5;2025-11-17;12;0
5;2025-11-17;13;0
5;2025-11-17;14;0
5;2025-11-17;15;0
5;2025-11-17;16;0
5;2025-11-17;17;0
5;2025-11-17;18;0
5;2025-11-17;19;0
5;2025-11-17;20;0
5;2025-11-17;21;0
5;2025-11-17;22;0
5;2025-11-17;23;0
5;2025-11-18;0;0
5;2025-11-18;1;0
5;2025-11-18;2;0
5;2025-11-18;3;0
5;2025-11-18;4;0
5;2025-11-18;5;0
5;2025-11-18;6;0
5;2025-11-18;7;0
5;2025-11-18;8;0
5;2025-11-18;9;0
5;2025-11-18;10;0
5;2025-11-18;11;0
5;2025-11-18;12;0
5;2025-11-18;13;0
5;2025-11-18;14;0
5;2025-11-18;15;0
5;2025-11-18;16;0
5;2025-11-18;17;0
5;2025-11-18;18;0
5;2025-11-18;19;0
5;2025-11-18;20;0
5;2025-11-18;21;0
5;2025-11-18;22;0
5;2025-11-18;23;0
5;2025-11-19;0;0
5;2025-11-19;1;0
5;2025-11-19;2;0
5;2025-11-19;3;0
5;2025-11-19;4;0
5;2025-11-19;5;0
5;2025-11-19;6;0
5;2025-11-19;7;0
5;2025-11-19;8;0
5;2025-11-19;9;0
5;2025-11-19;10;0
5;2025-11-19;11;0
5;2025-11-19;12;0
5;2025-11-19;13;0
5;2025-11-19;14;0
5;2025-11-19;15;0
5;2025-11-19;16;0
5;2025-11-19;17;0
5;2025-11-19;18;0
5;2025-11-19;19;0
5;2025-11-19;20;0
5;2025-11-19;21;0
5;2025-11-19;22;0
5;2025-11-19;23;0
5;2025-11-20;0;0
5;2025-11-20;1;0
5;2025-11-20;2;0
5;2025-11-20;3;0
5;2025-11-20;4;0
5;2025-11-20;5;0
5;2025-11-20;6;0
5;2025-11-20;7;0
5;2025-11-20;8;0
5;2025-11-20;9;0
5;2025-11-20;10;0
5;2025-11-20;11;0
5;2025-11-20;12;0
5;2025-11-20;13;0
5;2025-11-20;14;0
5;2025-11-20;15;0
5;2025-11-20;16;0
5;2025-11-20;17;0
5;2025-11-20;18;0
5;2025-11-20;19;0
5;2025-11-20;20;0
5;2025-11-20;21;0
5;2025-11-20;22;0
5;2025-11-20;23;0
5;2025-11-21;0;0
5;2025-11-21;1;0
5;2025-11-21;2;0
5;2025-11-21;3;0
5;2025-11-21;4;0
5;2025-11-21;5;0
5;2025-11-21;6;0
5;2025-11-21;7;0
5;2025-11-21;8;0
5;2025-11-21;9;0
5;2025-11-21;10;0
5;2025-11-21;11;0
5;2025-11-21;12;0
5;2025-11-21;13;0
5;2025-11-21;14;0
5;2025-11-21;15;0
5;2025-11-21;16;0
5;2025-11-21;17;0
5;2025-11-21;18;0
5;2025-11-21;19;0
5;2025-11-21;20;0
5;2025-11-21;21;0
5;2025-11-21;22;0
5;2025-11-21;23;0
5;2025-11-22;0;0
5;2025-11-22;1;0
5;2025-11-22;2;0
5;2025-11-22;3;0
5;2025-11-22;4;0
5;2025-11-22;5;0
5;2025-11-22;6;0
5;2025-11-22;7;0
5;2025-11-22;8;0
5;2025-11-22;9;0
5;2025-11-22;10;0
5;2025-11-22;11;0
5;2025-11-22;12;0
5;2025-11-22;13;0
5;2025-11-22;14;0
5;2025-11-22;15;0
5;2025-11-22;16;0
5;2025-11-22;17;0
5;2025-11-22;18;0
5;2025-11-22;19;0
5;2025-11-22;20;0
5;2025-11-22;21;0
5;2025-11-22;22;0
5;2025-11-22;23;0
5;2025-11-23;0;0
5;2025-11-23;1;0
5;2025-11-23;2;0
5;2025-11-23;3;0
5;2025-11-23;4;0
5;2025-11-23;5;0
5;2025-11-23;6;0
5;2025-11-23;7;0
5;2025-11-23;8;0
5;2025-11-23;9;0
5;2025-11-23;10;0
5;2025-11-23;11;0
5;2025-11-23;12;0
5;2025-11-23;13;0
5;2025-11-23;14;0
5;2025-11-23;15;0
5;2025-11-23;16;0
5;2025-11-23;17;0
5;2025-11-23;18;0
5;2025-11-23;19;0
5;2025-11-23;20;0
5;2025-11-23;21;0
5;2025-11-23;22;0
5;2025-11-23;23;0
5;2025-11-24;0;0
5;2025-11-24;1;0
5;2025-11-24;2;0
5;2025-11-24;3;0
5;2025-11-24;4;0
5;2025-11-24;5;0
5;2025-11-24;6;0
5;2025-11-24;7;0
5;2025-11-24;8;0
5;2025-11-24;9;0
5;2025-11-24;10;0
5;2025-11-24;11;0
5;2025-11-24;12;0
5;2025-11-24;13;0
5;2025-11-24;14;0
5;2025-11-24;15;0
5;2025-11-24;16;0
5;2025-11-24;17;0
5;2025-11-24;18;0
5;2025-11-24;19;0
5;2025-11-24;20;0
5;2025-11-24;21;0
5;2025-11-24;22;0
5;2025-11-24;23;0
5;2025-11-25;0;0
5;2025-11-25;1;0
5;2025-11-25;2;0
5;2025-11-25;3;0
5;2025-11-25;4;0
5;2025-11-25;5;0
5;2025-11-25;6;0
5;2025-11-25;7;0
5;2025-11-25;8;0
5;2025-11-25;9;0
5;2025-11-25;10;0
5;2025-11-25;11;0
5;2025-11-25;12;0
5;2025-11-25;13;0
5;2025-11-25;14;0
5;2025-11-25;15;0
5;2025-11-25;16;0
5;2025-11-25;17;0
5;2025-11-25;18;0
5;2025-11-25;19;0
5;2025-11-25;20;0
5;2025-11-25;21;0
5;2025-11-25;22;0
5;2025-11-25;23;0
5;2025-11-26;0;0
5;2025-11-26;1;0
5;2025-11-26;2;0
5;2025-11-26;3;0
5;2025-11-26;4;0
5;2025-11-26;5;0
5;2025-11-26;6;0
5;2025-11-26;7;0
5;2025-11-26;8;0
5;2025-11-26;9;0
5;2025-11-26;10;0
5;2025-11-26;11;0
5;2025-11-26;12;0
5;2025-11-26;13;0
5;2025-11-26;14;0
5;2025-11-26;15;0
5;2025-11-26;16;0
5;2025-11-26;17;0
5;2025-11-26;18;0
5;2025-11-26;19;0
5;2025-11-26;20;0
5;2025-11-26;21;0
5;2025-11-26;22;0
5;2025-11-26;23;0
5;2025-11-27;0;0
5;2025-11-27;1;0
5;2025-11-27;2;0
5;2025-11-27;3;0
5;2025-11-27;4;0
5;2025-11-27;5;0
5;2025-11-27;6;0
5;2025-11-27;7;0
5;2025-11-27;8;0
5;2025-11-27;9;0
5;2025-11-27;10;0
5;2025-11-27;11;0
5;2025-11-27;12;0
5;2025-11-27;13;0
5;2025-11-27;14;0
5;2025-11-27;15;0
5;2025-11-27;16;0
5;2025-11-27;17;0
5;2025-11-27;18;0
5;2025-11-27;19;0
5;2025-11-27;20;0
5;2025-11-27;21;0
5;2025-11-27;22;0
5;2025-11-27;23;0
5;2025-11-28;0;0
5;2025-11-28;1;0
5;2025-11-28;2;0
5;2025-11-28;3;0
5;2025-11-28;4;0
5;2025-11-28;5;0
5;2025-11-28;6;0
5;2025-11-28;7;0
5;2025-11-28;8;0
5;2025-11-28;9;0
5;2025-11-28;10;0
5;2025-11-28;11;0
5;2025-11-28;12;0
5;2025-11-28;13;0
5;2025-11-28;14;0
5;2025-11-28;15;0
5;2025-11-28;16;0
5;2025-11-28;17;0
5;2025-11-28;18;0
5;2025-11-28;19;0
5;2025-11-28;20;0
5;2025-11-28;21;0
5;2025-11-28;22;0
5;2025-11-28;23;0
5;2025-11-29;0;0
5;2025-11-29;1;0
5;2025-11-29;2;0
5;2025-11-29;3;0
5;2025-11-29;4;0
5;2025-11-29;5;0
5;2025-11-29;6;0
5;2025-11-29;7;0
5;2025-11-29;8;0
5;2025-11-29;9;0
5;2025-11-29;10;0
5;2025-11-29;11;0
5;2025-11-29;12;0
5;2025-11-29;13;0
5;2025-11-29;14;0
5;2025-11-29;15;0
5;2025-11-29;16;0
5;2025-11-29;17;0
5;2025-11-29;18;0
5;2025-11-29;19;0
5;2025-11-29;20;0
5;2025-11-29;21;0
5;2025-11-29;22;0
5;2025-11-29;23;0
5;2025-11-30;0;0
5;2025-11-30;1;0
5;2025-11-30;2;0
5;2025-11-30;3;0
5;2025-11-30;4;0
5;2025-11-30;5;0
5;2025-11-30;6;0
5;2025-11-30;7;0
5;2025-11-30;8;0
5;2025-11-30;9;0
5;2025-11-30;10;0
5;2025-11-30;11;0
5;2025-11-30;12;0
5;2025-11-30;13;0
5;2025-11-30;14;0
5;2025-11-30;15;0
5;2025-11-30;16;0
5;2025-11-30;17;0
5;2025-11-30;18;0
5;2025-11-30;19;0
5;2025-11-30;20;0
5;2025-11-30;21;0
5;2025-11-30;22;0
5;2025-11-30;23;0
5;2025-12-01;0;0
5;2025-12-01;1;0
5;2025-12-01;2;0
5;2025-12-01;3;0
5;2025-12-01;4;0
5;2025-12-01;5;0
5;2025-12-01;6;0
5;2025-12-01;7;0
5;2025-12-01;8;0
5;2025-12-01;9;0
5;2025-12-01;10;0
5;2025-12-01;11;0
5;2025-12-01;12;0
5;2025-12-01;13;0
5;2025-12-01;14;0
5;2025-12-01;15;0
5;2025-12-01;16;0
5;2025-12-01;17;0
5;2025-12-01;18;0
5;2025-12-01;19;0
5;2025-12-01;20;0
5;2025-12-01;21;0
5;2025-12-01;22;0
5;2025-12-01;23;0
5;2025-12-02;0;0
5;2025-12-02;1;0
5;2025-12-02;2;0
5;2025-12-02;3;0
5;2025-12-02;4;0
5;2025-12-02;5;0
5;2025-12-02;6;0
5;2025-12-02;7;0
5;2025-12-02;8;0
5;2025-12-02;9;0
5;2025-12-02;10;0
5;2025-12-02;11;0
5;2025-12-02;12;0
5;2025-12-02;13;0
5;2025-12-02;14;0
5;2025-12-02;15;0
5;2025-12-02;16;0
5;2025-12-02;17;0
5;2025-12-02;18;0
5;2025-12-02;19;0
5;2025-12-02;20;0
5;2025-12-02;21;0
5;2025-12-02;22;0
5;2025-12-02;23;0
5;2025-12-03;0;0
5;2025-12-03;1;0
5;2025-12-03;2;0
5;2025-12-03;3;0
5;2025-12-03;4;0
5;2025-12-03;5;0
5;2025-12-03;6;0
5;2025-12-03;7;0
5;2025-12-03;8;0
5;2025-12-03;9;0
5;2025-12-03;10;0
5;2025-12-03;11;0
5;2025-12-03;12;0
5;2025-12-03;13;0
5;2025-12-03;14;0
5;2025-12-03;15;0
5;2025-12-03;16;0
5;2025-12-03;17;0
5;2025-12-03;18;0
5;2025-12-03;19;0
5;2025-12-03;20;0
5;2025-12-03;21;0
5;2025-12-03;22;0
5;2025-12-03;23;0
5;2025-12-04;0;0
5;2025-12-04;1;0
5;2025-12-04;2;0
5;2025-12-04;3;0
5;2025-12-04;4;0
5;2025-12-04;5;0
5;2025-12-04;6;0
5;2025-12-04;7;0
5;2025-12-04;8;0
5;2025-12-04;9;0
5;2025-12-04;10;0
5;2025-12-04;11;0
5;2025-12-04;12;0
5;2025-12-04;13;0
5;2025-12-04;14;0
5;2025-12-04;15;0
5;2025-12-04;16;0
5;2025-12-04;17;0
5;2025-12-04;18;0
5;2025-12-04;19;0
5;2025-12-04;20;0
5;2025-12-04;21;0
5;2025-12-04;22;0
5;2025-12-04;23;0
5;2025-12-05;0;0
5;2025-12-05;1;0
5;2025-12-05;2;0
5;2025-12-05;3;0
5;2025-12-05;4;0
5;2025-12-05;5;0
5;2025-12-05;6;0
5;2025-12-05;7;0
5;2025-12-05;8;0
5;2025-12-05;9;0
5;2025-12-05;10;0
5;2025-12-05;11;0
5;2025-12-05;12;0
5;2025-12-05;13;0
5;2025-12-05;14;0
5;2025-12-05;15;0
5;2025-12-05;16;0
5;2025-12-05;17;0
5;2025-12-05;18;0
5;2025-12-05;19;0
5;2025-12-05;20;0
5;2025-12-05;21;0
5;2025-12-05;22;0
5;2025-12-05;23;0
5;2025-12-06;0;0
5;2025-12-06;1;0
5;2025-12-06;2;0
5;2025-12-06;3;0
5;2025-12-06;4;0
5;2025-12-06;5;0
5;2025-12-06;6;0
5;2025-12-06;7;0
5;2025-12-06;8;0
5;2025-12-06;9;0
5;2025-12-06;10;0
5;2025-12-06;11;0
5;2025-12-06;12;0
5;2025-12-06;13;0
5;2025-12-06;14;0
5;2025-12-06;15;0
5;2025-12-06;16;0
5;2025-12-06;17;0
5;2025-12-06;18;0
5;2025-12-06;19;0
5;2025-12-06;20;0
5;2025-12-06;21;0
5;2025-12-06;22;0
5;2025-12-06;23;0
5;2025-12-07;0;0
5;2025-12-07;1;0
5;2025-12-07;2;0
5;2025-12-07;3;0
5;2025-12-07;4;0
5;2025-12-07;5;0
5;2025-12-07;6;0
5;2025-12-07;7;0
5;2025-12-07;8;0
5;2025-12-07;9;0
5;2025-12-07;10;0
5;2025-12-07;11;0
5;2025-12-07;12;0
5;2025-12-07;13;0
5;2025-12-07;14;0
5;2025-12-07;15;0
5;2025-12-07;16;0
5;2025-12-07;17;0
5;2025-12-07;18;0
5;2025-12-07;19;0
5;2025-12-07;20;0
5;2025-12-07;21;0
5;2025-12-07;22;0
5;2025-12-07;23;0
5;2025-12-08;0;0
5;2025-12-08;1;0
5;2025-12-08;2;0
5;2025-12-08;3;0
5;2025-12-08;4;0
5;2025-12-08;5;0
5;2025-12-08;6;0
5;2025-12-08;7;0
5;2025-12-08;8;0
5;2025-12-08;9;0
5;2025-12-08;10;0
5;2025-12-08;11;0
5;2025-12-08;12;0
5;2025-12-08;13;0
5;2025-12-08;14;0
5;2025-12-08;15;0
5;2025-12-08;16;0
5;2025-12-08;17;0
5;2025-12-08;18;0
5;2025-12-08;19;0
5;2025-12-08;20;0
5;2025-12-08;21;0
5;2025-12-08;22;0
5;2025-12-08;23;0
5;2025-12-09;0;0
5;2025-12-09;1;0
5;2025-12-09;2;0
5;2025-12-09;3;0
5;2025-12-09;4;0
5;2025-12-09;5;0
5;2025-12-09;6;0
5;2025-12-09;7;0
5;2025-12-09;8;0
5;2025-12-09;9;0
5;2025-12-09;10;0
5;2025-12-09;11;0
5;2025-12-09;12;0
5;2025-12-09;13;0
5;2025-12-09;14;0
5;2025-12-09;15;0
5;2025-12-09;16;0
5;2025-12-09;17;0
5;2025-12-09;18;0
5;2025-12-09;19;0
5;2025-12-09;20;0
5;2025-12-09;21;0
5;2025-12-09;22;0
5;2025-12-09;23;0
5;2025-12-10;0;0
5;2025-12-10;1;0
5;2025-12-10;2;0
5;2025-12-10;3;0
5;2025-12-10;4;0
5;2025-12-10;5;0
5;2025-12-10;6;0
5;2025-12-10;7;0
5;2025-12-10;8;0
5;2025-12-10;9;0
5;2025-12-10;10;0
5;2025-12-10;11;0
5;2025-12-10;12;0
5;2025-12-10;13;0
5;2025-12-10;14;0
5;2025-12-10;15;0
5;2025-12-10;16;0
5;2025-12-10;17;0
5;2025-12-10;18;0
5;2025-12-10;19;0
5;2025-12-10;20;0
5;2025-12-10;21;0
5;2025-12-10;22;0
5;2025-12-10;23;0
5;2025-12-11;0;0
5;2025-12-11;1;0
5;2025-12-11;2;0
5;2025-12-11;3;0
5;2025-12-11;4;0
5;2025-12-11;5;0
5;2025-12-11;6;0
5;2025-12-11;7;0
5;2025-12-11;8;0
5;2025-12-11;9;0
5;2025-12-11;10;0
5;2025-12-11;11;0
5;2025-12-11;12;0
5;2025-12-11;13;0
5;2025-12-11;14;0
5;2025-12-11;15;0
5;2025-12-11;16;0
5;2025-12-11;17;0
5;2025-12-11;18;0
5;2025-12-11;19;0
5;2025-12-11;20;0
5;2025-12-11;21;0
5;2025-12-11;22;0
5;2025-12-11;23;0
5;2025-12-12;0;0
5;2025-12-12;1;0
5;2025-12-12;2;0
5;2025-12-12;3;0
5;2025-12-12;4;0
5;2025-12-12;5;0
5;2025-12-12;6;0
5;2025-12-12;7;0
5;2025-12-12;8;0
5;2025-12-12;9;0
5;2025-12-12;10;0
5;2025-12-12;11;0
5;2025-12-12;12;0
5;2025-12-12;13;0
5;2025-12-12;14;0
5;2025-12-12;15;0
5;2025-12-12;16;0
5;2025-12-12;17;0
5;2025-12-12;18;0
5;2025-12-12;19;0
5;2025-12-12;20;0
5;2025-12-12;21;0
5;2025-12-12;22;0
5;2025-12-12;23;0
5;2025-12-13;0;0
5;2025-12-13;1;0
5;2025-12-13;2;0
5;2025-12-13;3;0
5;2025-12-13;4;0
5;2025-12-13;5;0
5;2025-12-13;6;0
5;2025-12-13;7;0
5;2025-12-13;8;0
5;2025-12-13;9;0
5;2025-12-13;10;0
5;2025-12-13;11;0
5;2025-12-13;12;0
5;2025-12-13;13;0
5;2025-12-13;14;0
5;2025-12-13;15;0
5;2025-12-13;16;0
5;2025-12-13;17;0
5;2025-12-13;18;0
5;2025-12-13;19;0
5;2025-12-13;20;0
5;2025-12-13;21;0
5;2025-12-13;22;0
5;2025-12-13;23;0
5;2025-12-14;0;0
5;2025-12-14;1;0
5;2025-12-14;2;0
5;2025-12-14;3;0
5;2025-12-14;4;0
5;2025-12-14;5;0
5;2025-12-14;6;0
5;2025-12-14;7;0
5;2025-12-14;8;0
5;2025-12-14;9;0
5;2025-12-14;10;0
5;2025-12-14;11;0
5;2025-12-14;12;0
5;2025-12-14;13;0
5;2025-12-14;14;0
5;2025-12-14;15;0
5;2025-12-14;16;0
5;2025-12-14;17;0
5;2025-12-14;18;0
5;2025-12-14;19;0
5;2025-12-14;20;0
5;2025-12-14;21;0
5;2025-12-14;22;0
5;2025-12-14;23;0
5;2025-12-15;0;0
5;2025-12-15;1;0
5;2025-12-15;2;0
5;2025-12-15;3;0
5;2025-12-15;4;0
5;2025-12-15;5;0
5;2025-12-15;6;0
5;2025-12-15;7;0
5;2025-12-15;8;0
5;2025-12-15;9;0
5;2025-12-15;10;0
5;2025-12-15;11;0
5;2025-12-15;12;0
5;2025-12-15;13;0
5;2025-12-15;14;0
5;2025-12-15;15;0
5;2025-12-15;16;0
5;2025-12-15;17;0
5;2025-12-15;18;0
5;2025-12-15;19;0
5;2025-12-15;20;0
5;2025-12-15;21;0
5;2025-12-15;22;0
5;2025-12-15;23;0
5;2025-12-16;0;0
5;2025-12-16;1;0
5;2025-12-16;2;0
5;2025-12-16;3;0
5;2025-12-16;4;0
5;2025-12-16;5;0
5;2025-12-16;6;0
5;2025-12-16;7;0
5;2025-12-16;8;0
5;2025-12-16;9;0
5;2025-12-16;10;0
5;2025-12-16;11;0
5;2025-12-16;12;0
5;2025-12-16;13;0
5;2025-12-16;14;0
5;2025-12-16;15;0
5;2025-12-16;16;0
5;2025-12-16;17;0
5;2025-12-16;18;0
5;2025-12-16;19;0
5;2025-12-16;20;0
5;2025-12-16;21;0
5;2025-12-16;22;0
5;2025-12-16;23;0
5;2025-12-17;0;0
5;2025-12-17;1;0
5;2025-12-17;2;0
5;2025-12-17;3;0
5;2025-12-17;4;0
5;2025-12-17;5;0
5;2025-12-17;6;0
5;2025-12-17;7;0
5;2025-12-17;8;0
5;2025-12-17;9;0
5;2025-12-17;10;0
5;2025-12-17;11;0
5;2025-12-17;12;0
5;2025-12-17;13;0
5;2025-12-17;14;0
5;2025-12-17;15;0
5;2025-12-17;16;0
5;2025-12-17;17;0
5;2025-12-17;18;0
5;2025-12-17;19;0
5;2025-12-17;20;0
5;2025-12-17;21;0
5;2025-12-17;22;0
5;2025-12-17;23;0
5;2025-12-18;0;0
5;2025-12-18;1;0
5;2025-12-18;2;0
5;2025-12-18;3;0
5;2025-12-18;4;0
5;2025-12-18;5;0
5;2025-12-18;6;0
5;2025-12-18;7;0
5;2025-12-18;8;0
5;2025-12-18;9;0
5;2025-12-18;10;0
5;2025-12-18;11;0
5;2025-12-18;12;0
5;2025-12-18;13;0
5;2025-12-18;14;0
5;2025-12-18;15;0
5;2025-12-18;16;0
5;2025-12-18;17;0
5;2025-12-18;18;0
5;2025-12-18;19;0
5;2025-12-18;20;0
5;2025-12-18;21;0
5;2025-12-18;22;0
5;2025-12-18;23;0
5;2025-12-19;0;0
5;2025-12-19;1;0
5;2025-12-19;2;0
5;2025-12-19;3;0
5;2025-12-19;4;0
5;2025-12-19;5;0
5;2025-12-19;6;0
5;2025-12-19;7;0
5;2025-12-19;8;0
5;2025-12-19;9;0
5;2025-12-19;10;0
5;2025-12-19;11;0
5;2025-12-19;12;0
5;2025-12-19;13;0
5;2025-12-19;14;0
5;2025-12-19;15;0
5;2025-12-19;16;0
5;2025-12-19;17;0
5;2025-12-19;18;0
5;2025-12-19;19;0
5;2025-12-19;20;0
5;2025-12-19;21;0
5;2025-12-19;22;0
5;2025-12-19;23;0
5;2025-12-20;0;0
5;2025-12-20;1;0
5;2025-12-20;2;0
5;2025-12-20;3;0
5;2025-12-20;4;0
5;2025-12-20;5;0
5;2025-12-20;6;0
5;2025-12-20;7;0
5;2025-12-20;8;0
5;2025-12-20;9;0
5;2025-12-20;10;0
5;2025-12-20;11;0
5;2025-12-20;12;0
5;2025-12-20;13;0
5;2025-12-20;14;0
5;2025-12-20;15;0
5;2025-12-20;16;0
5;2025-12-20;17;0
5;2025-12-20;18;0
5;2025-12-20;19;0
5;2025-12-20;20;0
5;2025-12-20;21;0
5;2025-12-20;22;0
5;2025-12-20;23;0
5;2025-12-21;0;0
5;2025-12-21;1;0
5;2025-12-21;2;0
5;2025-12-21;3;0
5;2025-12-21;4;0
5;2025-12-21;5;0
5;2025-12-21;6;0
5;2025-12-21;7;0
5;2025-12-21;8;0
5;2025-12-21;9;0
5;2025-12-21;10;0
5;2025-12-21;11;0
5;2025-12-21;12;0
5;2025-12-21;13;0
5;2025-12-21;14;0
5;2025-12-21;15;0
5;2025-12-21;16;0
5;2025-12-21;17;0
5;2025-12-21;18;0
5;2025-12-21;19;0
5;2025-12-21;20;0
5;2025-12-21;21;0
5;2025-12-21;22;0
5;2025-12-21;23;0
5;2025-12-22;0;0
5;2025-12-22;1;0
5;2025-12-22;2;0
5;2025-12-22;3;0
5;2025-12-22;4;0
5;2025-12-22;5;0
5;2025-12-22;6;0
5;2025-12-22;7;0
5;2025-12-22;8;0
5;2025-12-22;9;0
5;2025-12-22;10;0
5;2025-12-22;11;0
5;2025-12-22;12;0
5;2025-12-22;13;0
5;2025-12-22;14;0
5;2025-12-22;15;0
5;2025-12-22;16;0
5;2025-12-22;17;0
5;2025-12-22;18;0
5;2025-12-22;19;0
5;2025-12-22;20;0
5;2025-12-22;21;0
5;2025-12-22;22;0
5;2025-12-22;23;0
5;2025-12-23;0;0
5;2025-12-23;1;0
5;2025-12-23;2;0
5;2025-12-23;3;0
5;2025-12-23;4;0
5;2025-12-23;5;0
5;2025-12-23;6;0
5;2025-12-23;7;0
5;2025-12-23;8;0
5;2025-12-23;9;0
5;2025-12-23;10;0
5;2025-12-23;11;0
5;2025-12-23;12;0
5;2025-12-23;13;0
5;2025-12-23;14;0
5;2025-12-23;15;0
5;2025-12-23;16;0
5;2025-12-23;17;0
5;2025-12-23;18;0
5;2025-12-23;19;0
5;2025-12-23;20;0
5;2025-12-23;21;0
5;2025-12-23;22;0
5;2025-12-23;23;0
5;2025-12-24;0;0
5;2025-12-24;1;0
5;2025-12-24;2;0
5;2025-12-24;3;0
5;2025-12-24;4;0
5;2025-12-24;5;0
5;2025-12-24;6;0
5;2025-12-24;7;0
5;2025-12-24;8;0
5;2025-12-24;9;0
5;2025-12-24;10;0
5;2025-12-24;11;0
5;2025-12-24;12;0
5;2025-12-24;13;0
5;2025-12-24;14;0
5;2025-12-24;15;0
5;2025-12-24;16;0
5;2025-12-24;17;0
5;2025-12-24;18;0
5;2025-12-24;19;0
5;2025-12-24;20;0
5;2025-12-24;21;0
5;2025-12-24;22;0
5;2025-12-24;23;0
5;2025-12-25;0;0
5;2025-12-25;1;0
5;2025-12-25;2;0
5;2025-12-25;3;0
5;2025-12-25;4;0
5;2025-12-25;5;0
5;2025-12-25;6;0
5;2025-12-25;7;0
5;2025-12-25;8;0
5;2025-12-25;9;0
5;2025-12-25;10;0
5;2025-12-25;11;0
5;2025-12-25;12;0
5;2025-12-25;13;0
5;2025-12-25;14;0
5;2025-12-25;15;0
5;2025-12-25;16;0
5;2025-12-25;17;0
5;2025-12-25;18;0
5;2025-12-25;19;0
5;2025-12-25;20;0
5;2025-12-25;21;0
5;2025-12-25;22;0
5;2025-12-25;23;0
5;2025-12-26;0;0
5;2025-12-26;1;0
5;2025-12-26;2;0
5;2025-12-26;3;0
5;2025-12-26;4;0
5;2025-12-26;5;0
5;2025-12-26;6;0
5;2025-12-26;7;0
5;2025-12-26;8;0
5;2025-12-26;9;0
5;2025-12-26;10;0
5;2025-12-26;11;0
5;2025-12-26;12;0
5;2025-12-26;13;0
5;2025-12-26;14;0
5;2025-12-26;15;0
5;2025-12-26;16;0
5;2025-12-26;17;0
5;2025-12-26;18;0
5;2025-12-26;19;0
5;2025-12-26;20;0
5;2025-12-26;21;0
5;2025-12-26;22;0
5;2025-12-26;23;0
5;2025-12-27;0;0
5;2025-12-27;1;0
5;2025-12-27;2;0
5;2025-12-27;3;0
5;2025-12-27;4;0
5;2025-12-27;5;0
5;2025-12-27;6;0
5;2025-12-27;7;0
5;2025-12-27;8;0
5;2025-12-27;9;0
5;2025-12-27;10;0
5;2025-12-27;11;0
5;2025-12-27;12;0
5;2025-12-27;13;0
5;2025-12-27;14;0
5;2025-12-27;15;0
5;2025-12-27;16;0
5;2025-12-27;17;0
5;2025-12-27;18;0
5;2025-12-27;19;0
5;2025-12-27;20;0
5;2025-12-27;21;0
5;2025-12-27;22;0
5;2025-12-27;23;0
5;2025-12-28;0;0
5;2025-12-28;1;0
5;2025-12-28;2;0
5;2025-12-28;3;0
5;2025-12-28;4;0
5;2025-12-28;5;0
5;2025-12-28;6;0
5;2025-12-28;7;0
5;2025-12-28;8;0
5;2025-12-28;9;0
5;2025-12-28;10;0
5;2025-12-28;11;0
5;2025-12-28;12;0
5;2025-12-28;13;0
5;2025-12-28;14;0
5;2025-12-28;15;0
5;2025-12-28;16;0
5;2025-12-28;17;0
5;2025-12-28;18;0
5;2025-12-28;19;0
5;2025-12-28;20;0
5;2025-12-28;21;0
5;2025-12-28;22;0
5;2025-12-28;23;0
5;2025-12-29;0;0
5;2025-12-29;1;0
5;2025-12-29;2;0
5;2025-12-29;3;0
5;2025-12-29;4;0
5;2025-12-29;5;0
5;2025-12-29;6;0
5;2025-12-29;7;0
5;2025-12-29;8;0
5;2025-12-29;9;0
5;2025-12-29;10;0
5;2025-12-29;11;0
5;2025-12-29;12;0
5;2025-12-29;13;0
5;2025-12-29;14;0
5;2025-12-29;15;0
5;2025-12-29;16;0
5;2025-12-29;17;0
5;2025-12-29;18;0
5;2025-12-29;19;0
5;2025-12-29;20;0
5;2025-12-29;21;0
5;2025-12-29;22;0
5;2025-12-29;23;0
5;2025-12-30;0;0
5;2025-12-30;1;0
5;2025-12-30;2;0
5;2025-12-30;3;0
5;2025-12-30;4;0
5;2025-12-30;5;0
5;2025-12-30;6;0
5;2025-12-30;7;0
5;2025-12-30;8;0
5;2025-12-30;9;0
5;2025-12-30;10;0
5;2025-12-30;11;0
5;2025-12-30;12;0
5;2025-12-30;13;0
5;2025-12-30;14;0
5;2025-12-30;15;0
5;2025-12-30;16;0
5;2025-12-30;17;0
5;2025-12-30;18;0
5;2025-12-30;19;0
5;2025-12-30;20;0
5;2025-12-30;21;0
5;2025-12-30;22;0
5;2025-12-30;23;0
5;2025-12-31;0;0
5;2025-12-31;1;0
5;2025-12-31;2;0
5;2025-12-31;3;0
5;2025-12-31;4;0
5;2025-12-31;5;0
5;2025-12-31;6;0
5;2025-12-31;7;0
5;2025-12-31;8;0
5;2025-12-31;9;0
5;2025-12-31;10;0
5;2025-12-31;11;0
5;2025-12-31;12;0
5;2025-12-31;13;0
5;2025-12-31;14;0
5;2025-12-31;15;0
5;2025-12-31;16;0
5;2025-12-31;17;0
5;2025-12-31;18;0
5;2025-12-31;19;0
5;2025-12-31;20;0
5;2025-12-31;21;0
5;2025-12-31;22;0
5;2025-12-31;23;0
7;2025-11-01;0;66
7;2025-11-01;1;13
7;2025-11-01;2;0
7;2025-11-01;3;0
7;2025-11-01;4;2
7;2025-11-01;5;205
7;2025-11-01;6;754
7;2025-11-01;7;1737
7;2025-11-01;8;2631
7;2025-11-01;9;1979
7;2025-11-01;10;1718
7;2025-11-01;11;1556
7;2025-11-01;12;1662
7;2025-11-01;13;1654
7;2025-11-01;14;1741
7;2025-11-01;15;1876
7;2025-11-01;16;2014
7;2025-11-01;17;2493
7;2025-11-01;18;2646
7;2025-11-01;19;1799
7;2025-11-01;20;1138
7;2025-11-01;21;667
7;2025-11-01;22;343
7;2025-11-01;23;204
7;2025-11-02;0;97
7;2025-11-02;1;21
7;2025-11-02;2;1
7;2025-11-02;3;1
7;2025-11-02;4;0
7;2025-11-02;5;34
7;2025-11-02;6;193
7;2025-11-02;7;301
7;2025-11-02;8;503
7;2025-11-02;9;634
7;2025-11-02;10;714
7;2025-11-02;11;889
7;2025-11-02;12;1007
7;2025-11-02;13;1041
7;2025-11-02;14;1121
7;2025-11-02;15;1042
7;2025-11-02;16;953
7;2025-11-02;17;991
7;2025-11-02;18;857
7;2025-11-02;19;727
7;2025-11-02;20;616
7;2025-11-02;21;487
7;2025-11-02;22;278
7;2025-11-02;23;161
7;2025-11-03;0;95
7;2025-11-03;1;21
7;2025-11-03;2;1
7;2025-11-03;3;1
7;2025-11-03;4;0
7;2025-11-03;5;35
7;2025-11-03;6;198
7;2025-11-03;7;304
7;2025-11-03;8;505
7;2025-11-03;9;631
7;2025-11-03;10;706
7;2025-11-03;11;873
7;2025-11-03;12;991
7;2025-11-03;13;1037
7;2025-11-03;14;1109
7;2025-11-03;15;1031
7;2025-11-03;16;952
7;2025-11-03;17;960
7;2025-11-03;18;857
7;2025-11-03;19;743
7;2025-11-03;20;615
7;2025-11-03;21;486
7;2025-11-03;22;286
7;2025-11-03;23;162
7;2025-11-04;0;95
7;2025-11-04;1;21
7;2025-11-04;2;1
7;2025-11-04;3;1
7;2025-11-04;4;0
7;2025-11-04;5;35
7;2025-11-04;6;198
7;2025-11-04;7;304
7;2025-11-04;8;505
7;2025-11-04;9;631
7;2025-11-04;10;706
7;2025-11-04;11;873
7;2025-11-04;12;991
7;2025-11-04;13;1037
7;2025-11-04;14;1109
7;2025-11-04;15;1031
7;2025-11-04;16;953
7;2025-11-04;17;960
7;2025-11-04;18;857
7;2025-11-04;19;743
7;2025-11-04;20;615
7;2025-11-04;21;486
7;2025-11-04;22;286
7;2025-11-04;23;162
7;2025-11-05;0;64
7;2025-11-05;1;12
7;2025-11-05;2;0
7;2025-11-05;3;0
7;2025-11-05;4;2
7;2025-11-05;5;203
7;2025-11-05;6;746
7;2025-11-05;7;1703
7;2025-11-05;8;2633
7;2025-11-05;9;1991
7;2025-11-05;10;1735
7;2025-11-05;11;1545
7;2025-11-05;12;1650
7;2025-11-05;13;1626
7;2025-11-05;14;1717
7;2025-11-05;15;1876
7;2025-11-05;16;1984
7;2025-11-05;17;2500
7;2025-11-05;18;2643
7;2025-11-05;19;1783
7;2025-11-05;20;1144
7;2025-11-05;21;670
7;2025-11-05;22;345
7;2025-11-05;23;206
7;2025-11-06;0;69
7;2025-11-06;1;14
7;2025-11-06;2;0
7;2025-11-06;3;0
7;2025-11-06;4;2
7;2025-11-06;5;198
7;2025-11-06;6;747
7;2025-11-06;7;1706
7;2025-11-06;8;2602
7;2025-11-06;9;1948
7;2025-11-06;10;1682
7;2025-11-06;11;1539
7;2025-11-06;12;1631
7;2025-11-06;13;1617
7;2025-11-06;14;1738
7;2025-11-06;15;1824
7;2025-11-06;16;1970
7;2025-11-06;17;2456
7;2025-11-06;18;2711
7;2025-11-06;19;1784
7;2025-11-06;20;1119
7;2025-11-06;21;678
7;2025-11-06;22;341
7;2025-11-06;23;201
7;2025-11-07;0;68
7;2025-11-07;1;13
7;2025-11-07;2;0
7;2025-11-07;3;0
7;2025-11-07;4;2
7;2025-11-07;5;197
7;2025-11-07;6;713
7;2025-11-07;7;1674
7;2025-11-07;8;2524
7;2025-11-07;9;1917
7;2025-11-07;10;1668
7;2025-11-07;11;1560
7;2025-11-07;12;1667
7;2025-11-07;13;1703
7;2025-11-07;14;1779
7;2025-11-07;15;1908
7;2025-11-07;16;2085
7;2025-11-07;17;2435
7;2025-11-07;18;2394
7;2025-11-07;19;1686
7;2025-11-07;20;1111
7;2025-11-07;21;663
7;2025-11-07;22;362
7;2025-11-07;23;220
7;2025-11-08;0;106
7;2025-11-08;1;25
7;2025-11-08;2;0
7;2025-11-08;3;0
7;2025-11-08;4;0
7;2025-11-08;5;56
7;2025-11-08;6;298
7;2025-11-08;7;480
7;2025-11-08;8;756
7;2025-11-08;9;887
7;2025-11-08;10;947
7;2025-11-08;11;1131
7;2025-11-08;12;1290
7;2025-11-08;13;1299
7;2025-11-08;14;1343
7;2025-11-08;15;1259
7;2025-11-08;16;1209
7;2025-11-08;17;1159
7;2025-11-08;18;1091
7;2025-11-08;19;1053
7;2025-11-08;20;786
7;2025-11-08;21;625
7;2025-11-08;22;330
7;2025-11-08;23;221
7;2025-11-09;0;97
7;2025-11-09;1;21
7;2025-11-09;2;1
7;2025-11-09;3;1
7;2025-11-09;4;0
7;2025-11-09;5;34
7;2025-11-09;6;193
7;2025-11-09;7;302
7;2025-11-09;8;504
7;2025-11-09;9;635
7;2025-11-09;10;715
7;2025-11-09;11;890
7;2025-11-09;12;1008
7;2025-11-09;13;1043
7;2025-11-09;14;1122
7;2025-11-09;15;1044
7;2025-11-09;16;955
7;2025-11-09;17;993
7;2025-11-09;18;858
7;2025-11-09;19;728
7;2025-11-09;20;617
7;2025-11-09;21;487
7;2025-11-09;22;279
7;2025-11-09;23;161
7;2025-11-10;0;69
7;2025-11-10;1;14
7;2025-11-10;2;0
7;2025-11-10;3;0
7;2025-11-10;4;2
7;2025-11-10;5;203
7;2025-11-10;6;744
7;2025-11-10;7;1706
7;2025-11-10;8;2585
7;2025-11-10;9;1935
7;2025-11-10;10;1651
7;2025-11-10;11;1476
7;2025-11-10;12;1598
7;2025-11-10;13;1592
7;2025-11-10;14;1666
7;2025-11-10;15;1813
7;2025-11-10;16;1948
7;2025-11-10;17;2427
7;2025-11-10;18;2622
7;2025-11-10;19;1780
7;2025-11-10;20;1117
7;2025-11-10;21;633
7;2025-11-10;22;323
7;2025-11-10;23;189
7;2025-11-11;0;61
7;2025-11-11;1;13
7;2025-11-11;2;0
7;2025-11-11;3;0
7;2025-11-11;4;2
7;2025-11-11;5;206
7;2025-11-11;6;751
7;2025-11-11;7;1729
7;2025-11-11;8;2611
7;2025-11-11;9;1958
7;2025-11-11;10;1706
7;2025-11-11;11;1556
7;2025-11-11;12;1664
7;2025-11-11;13;1643
7;2025-11-11;14;1717
7;2025-11-11;15;1857
7;2025-11-11;16;1986
7;2025-11-11;17;2451
7;2025-11-11;18;2650
7;2025-11-11;19;1823
7;2025-11-11;20;1138
7;2025-11-11;21;677
7;2025-11-11;22;340
7;2025-11-11;23;192
7;2025-11-12;0;63
7;2025-11-12;1;12
7;2025-11-12;2;0
7;2025-11-12;3;0
7;2025-11-12;4;2
7;2025-11-12;5;202
7;2025-11-12;6;744
7;2025-11-12;7;1700
7;2025-11-12;8;2628
7;2025-11-12;9;1987
7;2025-11-12;10;1732
7;2025-11-12;11;1542
7;2025-11-12;12;1647
7;2025-11-12;13;1623
7;2025-11-12;14;1714
7;2025-11-12;15;1873
7;2025-11-12;16;1980
7;2025-11-12;17;2496
7;2025-11-12;18;2638
7;2025-11-12;19;1780
7;2025-11-12;20;1142
7;2025-11-12;21;669
7;2025-11-12;22;344
7;2025-11-12;23;205
7;2025-11-13;0;69
7;2025-11-13;1;14
7;2025-11-13;2;0
7;2025-11-13;3;0
7;2025-11-13;4;2
7;2025-11-13;5;198
7;2025-11-13;6;746
7;2025-11-13;7;1703
7;2025-11-13;8;2597
7;2025-11-13;9;1944
7;2025-11-13;10;1679
7;2025-11-13;11;1536
7;2025-11-13;12;1628
7;2025-11-13;13;1614
7;2025-11-13;14;1735
7;2025-11-13;15;1820
7;2025-11-13;16;1967
7;2025-11-13;17;2451
7;2025-11-13;18;2706
7;2025-11-13;19;1781
7;2025-11-13;20;1117
7;2025-11-13;21;677
7;2025-11-13;22;340
7;2025-11-13;23;201
7;2025-11-14;0;68
7;2025-11-14;1;13
7;2025-11-14;2;0
7;2025-11-14;3;0
7;2025-11-14;4;2
7;2025-11-14;5;196
7;2025-11-14;6;711
7;2025-11-14;7;1671
7;2025-11-14;8;2520
7;2025-11-14;9;1914
7;2025-11-14;10;1665
7;2025-11-14;11;1557
7;2025-11-14;12;1664
7;2025-11-14;13;1700
7;2025-11-14;14;1775
7;2025-11-14;15;1904
7;2025-11-14;16;2081
7;2025-11-14;17;2430
7;2025-11-14;18;2389
7;2025-11-14;19;1683
7;2025-11-14;20;1109
7;2025-11-14;21;661
7;2025-11-14;22;361
7;2025-11-14;23;219
7;2025-11-15;0;105
7;2025-11-15;1;25
7;2025-11-15;2;0
7;2025-11-15;3;0
7;2025-11-15;4;0
7;2025-11-15;5;56
7;2025-11-15;6;297
7;2025-11-15;7;480
7;2025-11-15;8;755
7;2025-11-15;9;886
7;2025-11-15;10;946
7;2025-11-15;11;1129
7;2025-11-15;12;1288
7;2025-11-15;13;1297
7;2025-11-15;14;1342
7;2025-11-15;15;1257
7;2025-11-15;16;1208
7;2025-11-15;17;1157
7;2025-11-15;18;1090
7;2025-11-15;19;1051
7;2025-11-15;20;785
7;2025-11-15;21;624
7;2025-11-15;22;330
7;2025-11-15;23;221
7;2025-11-16;0;97
7;2025-11-16;1;21
7;2025-11-16;2;1
7;2025-11-16;3;1
7;2025-11-16;4;0
7;2025-11-16;5;34
7;2025-11-16;6;193
7;2025-11-16;7;302
7;2025-11-16;8;505
7;2025-11-16;9;635
7;2025-11-16;10;716
7;2025-11-16;11;891
7;2025-11-16;12;1009
7;2025-11-16;13;1044
7;2025-11-16;14;1124
7;2025-11-16;15;1045
7;2025-11-16;16;956
7;2025-11-16;17;994
7;2025-11-16;18;859
7;2025-11-16;19;729
7;2025-11-16;20;618
7;2025-11-16;21;488
7;2025-11-16;22;279
7;2025-11-16;23;161
7;2025-11-17;0;69
7;2025-11-17;1;14
7;2025-11-17;2;0
7;2025-11-17;3;0
7;2025-11-17;4;2
7;2025-11-17;5;203
7;2025-11-17;6;743
7;2025-11-17;7;1703
7;2025-11-17;8;2580
7;2025-11-17;9;1932
7;2025-11-17;10;1648
7;2025-11-17;11;1473
7;2025-11-17;12;1595
7;2025-11-17;13;1589
7;2025-11-17;14;1663
7;2025-11-17;15;1810
7;2025-11-17;16;1944
7;2025-11-17;17;2423
7;2025-11-17;18;2618
7;2025-11-17;19;1777
7;2025-11-17;20;1115
7;2025-11-17;21;632
7;2025-11-17;22;322
7;2025-11-17;23;189
7;2025-11-18;0;61
7;2025-11-18;1;13
7;2025-11-18;2;0
7;2025-11-18;3;0
7;2025-11-18;4;2
7;2025-11-18;5;206
7;2025-11-18;6;749
7;2025-11-18;7;1726
7;2025-11-18;8;2606
7;2025-11-18;9;1955
7;2025-11-18;10;1703
7;2025-11-18;11;1553
7;2025-11-18;12;1661
7;2025-11-18;13;1640
7;2025-11-18;14;1714
7;2025-11-18;15;1853
7;2025-11-18;16;1982
7;2025-11-18;17;2446
7;2025-11-18;18;2645
7;2025-11-18;19;1820
7;2025-11-18;20;1136
7;2025-11-18;21;676
7;2025-11-18;22;340
7;2025-11-18;23;192
7;2025-11-19;0;63
7;2025-11-19;1;12
7;2025-11-19;2;0
7;2025-11-19;3;0
7;2025-11-19;4;2
7;2025-11-19;5;202
7;2025-11-19;6;743
7;2025-11-19;7;1697
7;2025-11-19;8;2623
7;2025-11-19;9;1984
7;2025-11-19;10;1729
7;2025-11-19;11;1539
7;2025-11-19;12;1644
7;2025-11-19;13;1620
7;2025-11-19;14;1711
7;2025-11-19;15;1869
7;2025-11-19;16;1976
7;2025-11-19;17;2491
7;2025-11-19;18;2633
7;2025-11-19;19;1777
7;2025-11-19;20;1140
7;2025-11-19;21;668
7;2025-11-19;22;344
7;2025-11-19;23;205
7;2025-11-20;0;69
7;2025-11-20;1;14
7;2025-11-20;2;0
7;2025-11-20;3;0
7;2025-11-20;4;2
7;2025-11-20;5;198
7;2025-11-20;6;744
7;2025-11-20;7;1700
7;2025-11-20;8;2592
7;2025-11-20;9;1941
7;2025-11-20;10;1676
7;2025-11-20;11;1533
7;2025-11-20;12;1625
7;2025-11-20;13;1611
7;2025-11-20;14;1732
7;2025-11-20;15;1817
7;2025-11-20;16;1963
7;2025-11-20;17;2447
7;2025-11-20;18;2701
7;2025-11-20;19;1778
7;2025-11-20;20;1115
7;2025-11-20;21;675
7;2025-11-20;22;339
7;2025-11-20;23;200
7;2025-11-21;0;68
7;2025-11-21;1;13
7;2025-11-21;2;0
7;2025-11-21;3;0
7;2025-11-21;4;2
7;2025-11-21;5;196
7;2025-11-21;6;710
7;2025-11-21;7;1668
7;2025-11-21;8;2515
7;2025-11-21;9;1911
7;2025-11-21;10;1662
7;2025-11-21;11;1555
7;2025-11-21;12;1661
7;2025-11-21;13;1697
7;2025-11-21;14;1772
7;2025-11-21;15;1901
7;2025-11-21;16;2077
7;2025-11-21;17;2426
7;2025-11-21;18;2385
7;2025-11-21;19;1680
7;2025-11-21;20;1107
7;2025-11-21;21;660
7;2025-11-21;22;360
7;2025-11-21;23;219
7;2025-11-22;0;105
7;2025-11-22;1;25
7;2025-11-22;2;0
7;2025-11-22;3;0
7;2025-11-22;4;0
7;2025-11-22;5;56
7;2025-11-22;6;297
7;2025-11-22;7;479
7;2025-11-22;8;754
7;2025-11-22;9;885
7;2025-11-22;10;944
7;2025-11-22;11;1127
7;2025-11-22;12;1287
7;2025-11-22;13;1295
7;2025-11-22;14;1340
7;2025-11-22;15;1256
7;2025-11-22;16;1206
7;2025-11-22;17;1156
7;2025-11-22;18;1088
7;2025-11-22;19;1050
7;2025-11-22;20;784
7;2025-11-22;21;623
7;2025-11-22;22;329
7;2025-11-22;23;221
7;2025-11-23;0;97
7;2025-11-23;1;21
7;2025-11-23;2;1
7;2025-11-23;3;1
7;2025-11-23;4;0
7;2025-11-23;5;34
7;2025-11-23;6;193
7;2025-11-23;7;302
7;2025-11-23;8;505
7;2025-11-23;9;636
7;2025-11-23;10;717
7;2025-11-23;11;892
7;2025-11-23;12;1011
7;2025-11-23;13;1046
7;2025-11-23;14;1125
7;2025-11-23;15;1046
7;2025-11-23;16;958
7;2025-11-23;17;996
7;2025-11-23;18;860
7;2025-11-23;19;730
7;2025-11-23;20;619
7;2025-11-23;21;489
7;2025-11-23;22;279
7;2025-11-23;23;161
7;2025-11-24;0;69
7;2025-11-24;1;14
7;2025-11-24;2;0
7;2025-11-24;3;0
7;2025-11-24;4;2
7;2025-11-24;5;203
7;2025-11-24;6;741
7;2025-11-24;7;1700
7;2025-11-24;8;2576
7;2025-11-24;9;1928
7;2025-11-24;10;1645
7;2025-11-24;11;1470
7;2025-11-24;12;1592
7;2025-11-24;13;1587
7;2025-11-24;14;1660
7;2025-11-24;15;1806
7;2025-11-24;16;1941
7;2025-11-24;17;2419
7;2025-11-24;18;2613
7;2025-11-24;19;1774
7;2025-11-24;20;1113
7;2025-11-24;21;630
7;2025-11-24;22;322
7;2025-11-24;23;189
7;2025-11-25;0;61
7;2025-11-25;1;13
7;2025-11-25;2;0
7;2025-11-25;3;0
7;2025-11-25;4;2
7;2025-11-25;5;206
7;2025-11-25;6;748
7;2025-11-25;7;1723
7;2025-11-25;8;2602
7;2025-11-25;9;1951
7;2025-11-25;10;1700
7;2025-11-25;11;1550
7;2025-11-25;12;1658
7;2025-11-25;13;1637
7;2025-11-25;14;1711
7;2025-11-25;15;1850
7;2025-11-25;16;1979
7;2025-11-25;17;2442
7;2025-11-25;18;2641
7;2025-11-25;19;1817
7;2025-11-25;20;1134
7;2025-11-25;21;675
7;2025-11-25;22;339
7;2025-11-25;23;192
7;2025-11-26;0;63
7;2025-11-26;1;12
7;2025-11-26;2;0
7;2025-11-26;3;0
7;2025-11-26;4;2
7;2025-11-26;5;202
7;2025-11-26;6;742
7;2025-11-26;7;1694
7;2025-11-26;8;2619
7;2025-11-26;9;1981
7;2025-11-26;10;1726
7;2025-11-26;11;1537
7;2025-11-26;12;1642
7;2025-11-26;13;1617
7;2025-11-26;14;1708
7;2025-11-26;15;1866
7;2025-11-26;16;1973
7;2025-11-26;17;2487
7;2025-11-26;18;2629
7;2025-11-26;19;1774
7;2025-11-26;20;1138
7;2025-11-26;21;666
7;2025-11-26;22;343
7;2025-11-26;23;205
7;2025-11-27;0;68
7;2025-11-27;1;13
7;2025-11-27;2;0
7;2025-11-27;3;0
7;2025-11-27;4;2
7;2025-11-27;5;197
7;2025-11-27;6;743
7;2025-11-27;7;1697
7;2025-11-27;8;2588
7;2025-11-27;9;1937
7;2025-11-27;10;1673
7;2025-11-27;11;1531
7;2025-11-27;12;1622
7;2025-11-27;13;1609
7;2025-11-27;14;1729
7;2025-11-27;15;1814
7;2025-11-27;16;1960
7;2025-11-27;17;2443
7;2025-11-27;18;2697
7;2025-11-27;19;1775
7;2025-11-27;20;1113
7;2025-11-27;21;674
7;2025-11-27;22;339
7;2025-11-27;23;200
7;2025-11-28;0;68
7;2025-11-28;1;13
7;2025-11-28;2;0
7;2025-11-28;3;0
7;2025-11-28;4;2
7;2025-11-28;5;196
7;2025-11-28;6;709
7;2025-11-28;7;1665
7;2025-11-28;8;2511
7;2025-11-28;9;1908
7;2025-11-28;10;1659
7;2025-11-28;11;1552
7;2025-11-28;12;1658
7;2025-11-28;13;1694
7;2025-11-28;14;1769
7;2025-11-28;15;1898
7;2025-11-28;16;2074
7;2025-11-28;17;2422
7;2025-11-28;18;2381
7;2025-11-28;19;1678
7;2025-11-28;20;1105
7;2025-11-28;21;659
7;2025-11-28;22;360
7;2025-11-28;23;218
7;2025-11-29;0;105
7;2025-11-29;1;25
7;2025-11-29;2;0
7;2025-11-29;3;0
7;2025-11-29;4;0
7;2025-11-29;5;56
7;2025-11-29;6;296
7;2025-11-29;7;478
7;2025-11-29;8;753
7;2025-11-29;9;884
7;2025-11-29;10;943
7;2025-11-29;11;1126
7;2025-11-29;12;1285
7;2025-11-29;13;1294
7;2025-11-29;14;1338
7;2025-11-29;15;1254
7;2025-11-29;16;1205
7;2025-11-29;17;1154
7;2025-11-29;18;1087
7;2025-11-29;19;1048
7;2025-11-29;20;783
7;2025-11-29;21;623
7;2025-11-29;22;329
7;2025-11-29;23;220
7;2025-11-30;0;97
7;2025-11-30;1;21
7;2025-11-30;2;1
7;2025-11-30;3;1
7;2025-11-30;4;0
7;2025-11-30;5;34
7;2025-11-30;6;194
7;2025-11-30;7;303
7;2025-11-30;8;506
7;2025-11-30;9;637
7;2025-11-30;10;718
7;2025-11-30;11;893
7;2025-11-30;12;1012
7;2025-11-30;13;1047
7;2025-11-30;14;1127
7;2025-11-30;15;1048
7;2025-11-30;16;959
7;2025-11-30;17;997
7;2025-11-30;18;861
7;2025-11-30;19;731
7;2025-11-30;20;620
7;2025-11-30;21;489
7;2025-11-30;22;280
7;2025-11-30;23;162
7;2025-12-01;0;69
7;2025-12-01;1;14
7;2025-12-01;2;0
7;2025-12-01;3;0
7;2025-12-01;4;2
7;2025-12-01;5;202
7;2025-12-01;6;740
7;2025-12-01;7;1698
7;2025-12-01;8;2571
7;2025-12-01;9;1925
7;2025-12-01;10;1642
7;2025-12-01;11;1468
7;2025-12-01;12;1590
7;2025-12-01;13;1584
7;2025-12-01;14;1658
7;2025-12-01;15;1804
7;2025-12-01;16;1938
7;2025-12-01;17;2415
7;2025-12-01;18;2609
7;2025-12-01;19;1771
7;2025-12-01;20;1112
7;2025-12-01;21;629
7;2025-12-01;22;321
7;2025-12-01;23;188
7;2025-12-02;0;61
7;2025-12-02;1;13
7;2025-12-02;2;0
7;2025-12-02;3;0
7;2025-12-02;4;2
7;2025-12-02;5;205
7;2025-12-02;6;747
7;2025-12-02;7;1720
7;2025-12-02;8;2598
7;2025-12-02;9;1948
7;2025-12-02;10;1698
7;2025-12-02;11;1548
7;2025-12-02;12;1656
7;2025-12-02;13;1635
7;2025-12-02;14;1708
7;2025-12-02;15;1847
7;2025-12-02;16;1976
7;2025-12-02;17;2438
7;2025-12-02;18;2636
7;2025-12-02;19;1814
7;2025-12-02;20;1132
7;2025-12-02;21;674
7;2025-12-02;22;339
7;2025-12-02;23;191
7;2025-12-03;0;63
7;2025-12-03;1;12
7;2025-12-03;2;0
7;2025-12-03;3;0
7;2025-12-03;4;2
7;2025-12-03;5;201
7;2025-12-03;6;741
7;2025-12-03;7;1691
7;2025-12-03;8;2615
7;2025-12-03;9;1977
7;2025-12-03;10;1724
7;2025-12-03;11;1534
7;2025-12-03;12;1639
7;2025-12-03;13;1615
7;2025-12-03;14;1705
7;2025-12-03;15;1863
7;2025-12-03;16;1970
7;2025-12-03;17;2483
7;2025-12-03;18;2625
7;2025-12-03;19;1771
7;2025-12-03;20;1136
7;2025-12-03;21;665
7;2025-12-03;22;342
7;2025-12-03;23;204
7;2025-12-04;0;68
7;2025-12-04;1;13
7;2025-12-04;2;0
7;2025-12-04;3;0
7;2025-12-04;4;2
7;2025-12-04;5;197
7;2025-12-04;6;742
7;2025-12-04;7;1695
7;2025-12-04;8;2584
7;2025-12-04;9;1934
7;2025-12-04;10;1671
7;2025-12-04;11;1528
7;2025-12-04;12;1620
7;2025-12-04;13;1606
7;2025-12-04;14;1726
7;2025-12-04;15;1811
7;2025-12-04;16;1957
7;2025-12-04;17;2439
7;2025-12-04;18;2693
7;2025-12-04;19;1772
7;2025-12-04;20;1111
7;2025-12-04;21;673
7;2025-12-04;22;338
7;2025-12-04;23;200
7;2025-12-05;0;68
7;2025-12-05;1;13
7;2025-12-05;2;0
7;2025-12-05;3;0
7;2025-12-05;4;2
7;2025-12-05;5;195
7;2025-12-05;6;708
7;2025-12-05;7;1662
7;2025-12-05;8;2507
7;2025-12-05;9;1905
7;2025-12-05;10;1657
7;2025-12-05;11;1550
7;2025-12-05;12;1656
7;2025-12-05;13;1692
7;2025-12-05;14;1766
7;2025-12-05;15;1895
7;2025-12-05;16;2070
7;2025-12-05;17;2418
7;2025-12-05;18;2377
7;2025-12-05;19;1675
7;2025-12-05;20;1104
7;2025-12-05;21;658
7;2025-12-05;22;359
7;2025-12-05;23;218
7;2025-12-06;0;105
7;2025-12-06;1;25
7;2025-12-06;2;0
7;2025-12-06;3;0
7;2025-12-06;4;0
7;2025-12-06;5;56
7;2025-12-06;6;296
7;2025-12-06;7;478
7;2025-12-06;8;752
7;2025-12-06;9;883
7;2025-12-06;10;942
7;2025-12-06;11;1125
7;2025-12-06;12;1283
7;2025-12-06;13;1292
7;2025-12-06;14;1336
7;2025-12-06;15;1253
7;2025-12-06;16;1203
7;2025-12-06;17;1153
7;2025-12-06;18;1086
7;2025-12-06;19;1047
7;2025-12-06;20;782
7;2025-12-06;21;622
7;2025-12-06;22;328
7;2025-12-06;23;220
7;2025-12-07;0;98
7;2025-12-07;1;21
7;2025-12-07;2;1
7;2025-12-07;3;1
7;2025-12-07;4;0
7;2025-12-07;5;34
7;2025-12-07;6;194
7;2025-12-07;7;303
7;2025-12-07;8;506
7;2025-12-07;9;638
7;2025-12-07;10;718
7;2025-12-07;11;894
7;2025-12-07;12;1013
7;2025-12-07;13;1048
7;2025-12-07;14;1128
7;2025-12-07;15;1049
7;2025-12-07;16;960
7;2025-12-07;17;998
7;2025-12-07;18;862
7;2025-12-07;19;732
7;2025-12-07;20;620
7;2025-12-07;21;490
7;2025-12-07;22;280
7;2025-12-07;23;162
7;2025-12-08;0;69
7;2025-12-08;1;14
7;2025-12-08;2;0
7;2025-12-08;3;0
7;2025-12-08;4;2
7;2025-12-08;5;202
7;2025-12-08;6;739
7;2025-12-08;7;1695
7;2025-12-08;8;2568
7;2025-12-08;9;1922
7;2025-12-08;10;1640
7;2025-12-08;11;1466
7;2025-12-08;12;1587
7;2025-12-08;13;1582
7;2025-12-08;14;1655
7;2025-12-08;15;1801
7;2025-12-08;16;1935
7;2025-12-08;17;2411
7;2025-12-08;18;2605
7;2025-12-08;19;1768
7;2025-12-08;20;1110
7;2025-12-08;21;628
7;2025-12-08;22;321
7;2025-12-08;23;188
7;2025-12-09;0;61
7;2025-12-09;1;13
7;2025-12-09;2;0
7;2025-12-09;3;0
7;2025-12-09;4;2
7;2025-12-09;5;205
7;2025-12-09;6;746
7;2025-12-09;7;1718
7;2025-12-09;8;2594
7;2025-12-09;9;1945
7;2025-12-09;10;1695
7;2025-12-09;11;1546
7;2025-12-09;12;1653
7;2025-12-09;13;1632
7;2025-12-09;14;1705
7;2025-12-09;15;1844
7;2025-12-09;16;1973
7;2025-12-09;17;2434
7;2025-12-09;18;2633
7;2025-12-09;19;1811
7;2025-12-09;20;1130
7;2025-12-09;21;673
7;2025-12-09;22;338
7;2025-12-09;23;191
7;2025-12-10;0;63
7;2025-12-10;1;12
7;2025-12-10;2;0
7;2025-12-10;3;0
7;2025-12-10;4;2
7;2025-12-10;5;201
7;2025-12-10;6;739
7;2025-12-10;7;1689
7;2025-12-10;8;2611
7;2025-12-10;9;1975
7;2025-12-10;10;1721
7;2025-12-10;11;1532
7;2025-12-10;12;1637
7;2025-12-10;13;1612
7;2025-12-10;14;1703
7;2025-12-10;15;1860
7;2025-12-10;16;1967
7;2025-12-10;17;2480
7;2025-12-10;18;2621
7;2025-12-10;19;1768
7;2025-12-10;20;1134
7;2025-12-10;21;664
7;2025-12-10;22;342
7;2025-12-10;23;204
7;2025-12-11;0;68
7;2025-12-11;1;13
7;2025-12-11;2;0
7;2025-12-11;3;0
7;2025-12-11;4;2
7;2025-12-11;5;197
7;2025-12-11;6;741
7;2025-12-11;7;1692
7;2025-12-11;8;2580
7;2025-12-11;9;1932
7;2025-12-11;10;1668
7;2025-12-11;11;1526
7;2025-12-11;12;1617
7;2025-12-11;13;1604
7;2025-12-11;14;1724
7;2025-12-11;15;1809
7;2025-12-11;16;1954
7;2025-12-11;17;2435
7;2025-12-11;18;2689
7;2025-12-11;19;1770
7;2025-12-11;20;1110
7;2025-12-11;21;672
7;2025-12-11;22;338
7;2025-12-11;23;199
7;2025-12-12;0;68
7;2025-12-12;1;13
7;2025-12-12;2;0
7;2025-12-12;3;0
7;2025-12-12;4;2
7;2025-12-12;5;195
7;2025-12-12;6;707
7;2025-12-12;7;1660
7;2025-12-12;8;2504
7;2025-12-12;9;1902
7;2025-12-12;10;1654
7;2025-12-12;11;1547
7;2025-12-12;12;1653
7;2025-12-12;13;1689
7;2025-12-12;14;1764
7;2025-12-12;15;1892
7;2025-12-12;16;2067
7;2025-12-12;17;2415
7;2025-12-12;18;2374
7;2025-12-12;19;1673
7;2025-12-12;20;1102
7;2025-12-12;21;657
7;2025-12-12;22;359
7;2025-12-12;23;218
7;2025-12-13;0;105
7;2025-12-13;1;25
7;2025-12-13;2;0
7;2025-12-13;3;0
7;2025-12-13;4;0
7;2025-12-13;5;55
7;2025-12-13;6;296
7;2025-12-13;7;477
7;2025-12-13;8;751
7;2025-12-13;9;882
7;2025-12-13;10;941
7;2025-12-13;11;1123
7;2025-12-13;12;1282
7;2025-12-13;13;1291
7;2025-12-13;14;1335
7;2025-12-13;15;1251
7;2025-12-13;16;1202
7;2025-12-13;17;1152
7;2025-12-13;18;1084
7;2025-12-13;19;1046
7;2025-12-13;20;781
7;2025-12-13;21;621
7;2025-12-13;22;328
7;2025-12-13;23;220
7;2025-12-14;0;98
7;2025-12-14;1;21
7;2025-12-14;2;1
7;2025-12-14;3;1
7;2025-12-14;4;0
7;2025-12-14;5;34
7;2025-12-14;6;194
7;2025-12-14;7;303
7;2025-12-14;8;507
7;2025-12-14;9;639
7;2025-12-14;10;719
7;2025-12-14;11;895
7;2025-12-14;12;1014
7;2025-12-14;13;1049
7;2025-12-14;14;1129
7;2025-12-14;15;1050
7;2025-12-14;16;961
7;2025-12-14;17;999
7;2025-12-14;18;863
7;2025-12-14;19;733
7;2025-12-14;20;621
7;2025-12-14;21;490
7;2025-12-14;22;280
7;2025-12-14;23;162
7;2025-12-15;0;69
7;2025-12-15;1;14
7;2025-12-15;2;0
7;2025-12-15;3;0
7;2025-12-15;4;2
7;2025-12-15;5;202
7;2025-12-15;6;738
7;2025-12-15;7;1693
7;2025-12-15;8;2564
7;2025-12-15;9;1920
7;2025-12-15;10;1637
7;2025-12-15;11;1464
7;2025-12-15;12;1585
7;2025-12-15;13;1580
7;2025-12-15;14;1653
7;2025-12-15;15;1798
7;2025-12-15;16;1932
7;2025-12-15;17;2407
7;2025-12-15;18;2601
7;2025-12-15;19;1766
7;2025-12-15;20;1108
7;2025-12-15;21;627
7;2025-12-15;22;320
7;2025-12-15;23;188
7;2025-12-16;0;61
7;2025-12-16;1;13
7;2025-12-16;2;0
7;2025-12-16;3;0
7;2025-12-16;4;2
7;2025-12-16;5;205
7;2025-12-16;6;745
7;2025-12-16;7;1715
7;2025-12-16;8;2590
7;2025-12-16;9;1942
7;2025-12-16;10;1693
7;2025-12-16;11;1543
7;2025-12-16;12;1651
7;2025-12-16;13;1630
7;2025-12-16;14;1703
7;2025-12-16;15;1842
7;2025-12-16;16;1970
7;2025-12-16;17;2431
7;2025-12-16;18;2629
7;2025-12-16;19;1809
7;2025-12-16;20;1129
7;2025-12-16;21;672
7;2025-12-16;22;338
7;2025-12-16;23;191
7;2025-12-17;0;63
7;2025-12-17;1;12
7;2025-12-17;2;0
7;2025-12-17;3;0
7;2025-12-17;4;2
7;2025-12-17;5;201
7;2025-12-17;6;738
7;2025-12-17;7;1687
7;2025-12-17;8;2607
7;2025-12-17;9;1972
7;2025-12-17;10;1719
7;2025-12-17;11;1530
7;2025-12-17;12;1634
7;2025-12-17;13;1610
7;2025-12-17;14;1700
7;2025-12-17;15;1858
7;2025-12-17;16;1964
7;2025-12-17;17;2476
7;2025-12-17;18;2617
7;2025-12-17;19;1766
7;2025-12-17;20;1132
7;2025-12-17;21;663
7;2025-12-17;22;341
7;2025-12-17;23;204
7;2025-12-18;0;68
7;2025-12-18;1;13
7;2025-12-18;2;0
7;2025-12-18;3;0
7;2025-12-18;4;2
7;2025-12-18;5;196
7;2025-12-18;6;740
7;2025-12-18;7;1690
7;2025-12-18;8;2576
7;2025-12-18;9;1929
7;2025-12-18;10;1666
7;2025-12-18;11;1524
7;2025-12-18;12;1615
7;2025-12-18;13;1601
7;2025-12-18;14;1721
7;2025-12-18;15;1806
7;2025-12-18;16;1951
7;2025-12-18;17;2432
7;2025-12-18;18;2685
7;2025-12-18;19;1767
7;2025-12-18;20;1108
7;2025-12-18;21;671
7;2025-12-18;22;337
7;2025-12-18;23;199
7;2025-12-19;0;67
7;2025-12-19;1;13
7;2025-12-19;2;0
7;2025-12-19;3;0
7;2025-12-19;4;2
7;2025-12-19;5;195
7;2025-12-19;6;706
7;2025-12-19;7;1658
7;2025-12-19;8;2500
7;2025-12-19;9;1899
7;2025-12-19;10;1652
7;2025-12-19;11;1545
7;2025-12-19;12;1651
7;2025-12-19;13;1687
7;2025-12-19;14;1761
7;2025-12-19;15;1890
7;2025-12-19;16;2065
7;2025-12-19;17;2411
7;2025-12-19;18;2371
7;2025-12-19;19;1670
7;2025-12-19;20;1101
7;2025-12-19;21;656
7;2025-12-19;22;358
7;2025-12-19;23;217
7;2025-12-20;0;105
7;2025-12-20;1;25
7;2025-12-20;2;0
7;2025-12-20;3;0
7;2025-12-20;4;0
7;2025-12-20;5;55
7;2025-12-20;6;295
7;2025-12-20;7;477
7;2025-12-20;8;750
7;2025-12-20;9;881
7;2025-12-20;10;940
7;2025-12-20;11;1122
7;2025-12-20;12;1281
7;2025-12-20;13;1289
7;2025-12-20;14;1333
7;2025-12-20;15;1250
7;2025-12-20;16;1200
7;2025-12-20;17;1150
7;2025-12-20;18;1083
7;2025-12-20;19;1045
7;2025-12-20;20;780
7;2025-12-20;21;620
7;2025-12-20;22;328
7;2025-12-20;23;219
7;2025-12-21;0;98
7;2025-12-21;1;21
7;2025-12-21;2;1
7;2025-12-21;3;1
7;2025-12-21;4;0
7;2025-12-21;5;35
7;2025-12-21;6;194
7;2025-12-21;7;304
7;2025-12-21;8;507
7;2025-12-21;9;639
7;2025-12-21;10;720
7;2025-12-21;11;896
7;2025-12-21;12;1015
7;2025-12-21;13;1050
7;2025-12-21;14;1130
7;2025-12-21;15;1051
7;2025-12-21;16;962
7;2025-12-21;17;1000
7;2025-12-21;18;864
7;2025-12-21;19;734
7;2025-12-21;20;622
7;2025-12-21;21;491
7;2025-12-21;22;281
7;2025-12-21;23;162
7;2025-12-22;0;69
7;2025-12-22;1;14
7;2025-12-22;2;0
7;2025-12-22;3;0
7;2025-12-22;4;2
7;2025-12-22;5;201
7;2025-12-22;6;737
7;2025-12-22;7;1690
7;2025-12-22;8;2560
7;2025-12-22;9;1917
7;2025-12-22;10;1635
7;2025-12-22;11;1462
7;2025-12-22;12;1583
7;2025-12-22;13;1577
7;2025-12-22;14;1650
7;2025-12-22;15;1796
7;2025-12-22;16;1929
7;2025-12-22;17;2404
7;2025-12-22;18;2598
7;2025-12-22;19;1763
7;2025-12-22;20;1107
7;2025-12-22;21;627
7;2025-12-22;22;320
7;2025-12-22;23;187
7;2025-12-23;0;60
7;2025-12-23;1;13
7;2025-12-23;2;0
7;2025-12-23;3;0
7;2025-12-23;4;2
7;2025-12-23;5;204
7;2025-12-23;6;744
7;2025-12-23;7;1713
7;2025-12-23;8;2587
7;2025-12-23;9;1940
7;2025-12-23;10;1690
7;2025-12-23;11;1541
7;2025-12-23;12;1649
7;2025-12-23;13;1628
7;2025-12-23;14;1701
7;2025-12-23;15;1839
7;2025-12-23;16;1967
7;2025-12-23;17;2428
7;2025-12-23;18;2625
7;2025-12-23;19;1806
7;2025-12-23;20;1127
7;2025-12-23;21;671
7;2025-12-23;22;337
7;2025-12-23;23;191
7;2025-12-24;0;63
7;2025-12-24;1;12
7;2025-12-24;2;0
7;2025-12-24;3;0
7;2025-12-24;4;2
7;2025-12-24;5;201
7;2025-12-24;6;737
7;2025-12-24;7;1684
7;2025-12-24;8;2604
7;2025-12-24;9;1969
7;2025-12-24;10;1716
7;2025-12-24;11;1528
7;2025-12-24;12;1632
7;2025-12-24;13;1608
7;2025-12-24;14;1698
7;2025-12-24;15;1855
7;2025-12-24;16;1962
7;2025-12-24;17;2473
7;2025-12-24;18;2614
7;2025-12-24;19;1763
7;2025-12-24;20;1131
7;2025-12-24;21;663
7;2025-12-24;22;341
7;2025-12-24;23;204
7;2025-12-25;0;68
7;2025-12-25;1;13
7;2025-12-25;2;0
7;2025-12-25;3;0
7;2025-12-25;4;2
7;2025-12-25;5;196
7;2025-12-25;6;739
7;2025-12-25;7;1688
7;2025-12-25;8;2573
7;2025-12-25;9;1926
7;2025-12-25;10;1664
7;2025-12-25;11;1522
7;2025-12-25;12;1613
7;2025-12-25;13;1599
7;2025-12-25;14;1719
7;2025-12-25;15;1804
7;2025-12-25;16;1948
7;2025-12-25;17;2429
7;2025-12-25;18;2681
7;2025-12-25;19;1765
7;2025-12-25;20;1107
7;2025-12-25;21;670
7;2025-12-25;22;337
7;2025-12-25;23;199
7;2025-12-26;0;67
7;2025-12-26;1;13
7;2025-12-26;2;0
7;2025-12-26;3;0
7;2025-12-26;4;2
7;2025-12-26;5;195
7;2025-12-26;6;705
7;2025-12-26;7;1655
7;2025-12-26;8;2497
7;2025-12-26;9;1897
7;2025-12-26;10;1650
7;2025-12-26;11;1543
7;2025-12-26;12;1649
7;2025-12-26;13;1684
7;2025-12-26;14;1759
7;2025-12-26;15;1887
7;2025-12-26;16;2062
7;2025-12-26;17;2408
7;2025-12-26;18;2368
7;2025-12-26;19;1668
7;2025-12-26;20;1099
7;2025-12-26;21;655
7;2025-12-26;22;358
7;2025-12-26;23;217
7;2025-12-27;0;105
7;2025-12-27;1;25
7;2025-12-27;2;0
7;2025-12-27;3;0
7;2025-12-27;4;0
7;2025-12-27;5;55
7;2025-12-27;6;295
7;2025-12-27;7;476
7;2025-12-27;8;749
7;2025-12-27;9;880
7;2025-12-27;10;939
7;2025-12-27;11;1121
7;2025-12-27;12;1279
7;2025-12-27;13;1288
7;2025-12-27;14;1332
7;2025-12-27;15;1249
7;2025-12-27;16;1199
7;2025-12-27;17;1149
7;2025-12-27;18;1082
7;2025-12-27;19;1044
7;2025-12-27;20;780
7;2025-12-27;21;620
7;2025-12-27;22;327
7;2025-12-27;23;219
7;2025-12-28;0;98
7;2025-12-28;1;21
7;2025-12-28;2;1
7;2025-12-28;3;1
7;2025-12-28;4;0
7;2025-12-28;5;35
7;2025-12-28;6;195
7;2025-12-28;7;304
7;2025-12-28;8;508
7;2025-12-28;9;640
7;2025-12-28;10;721
7;2025-12-28;11;897
7;2025-12-28;12;1016
7;2025-12-28;13;1051
7;2025-12-28;14;1132
7;2025-12-28;15;1052
7;2025-12-28;16;963
7;2025-12-28;17;1001
7;2025-12-28;18;865
7;2025-12-28;19;735
7;2025-12-28;20;622
7;2025-12-28;21;491
7;2025-12-28;22;281
7;2025-12-28;23;162
7;2025-12-29;0;69
7;2025-12-29;1;14
7;2025-12-29;2;0
7;2025-12-29;3;0
7;2025-12-29;4;2
7;2025-12-29;5;201
7;2025-12-29;6;736
7;2025-12-29;7;1688
7;2025-12-29;8;2557
7;2025-12-29;9;1914
7;2025-12-29;10;1633
7;2025-12-29;11;1460
7;2025-12-29;12;1581
7;2025-12-29;13;1575
7;2025-12-29;14;1648
7;2025-12-29;15;1793
7;2025-12-29;16;1927
7;2025-12-29;17;2401
7;2025-12-29;18;2594
7;2025-12-29;19;1761
7;2025-12-29;20;1105
7;2025-12-29;21;626
7;2025-12-29;22;319
7;2025-12-29;23;187
7;2025-12-30;0;60
7;2025-12-30;1;13
7;2025-12-30;2;0
7;2025-12-30;3;0
7;2025-12-30;4;2
7;2025-12-30;5;204
7;2025-12-30;6;743
7;2025-12-30;7;1711
7;2025-12-30;8;2583
7;2025-12-30;9;1937
7;2025-12-30;10;1688
7;2025-12-30;11;1539
7;2025-12-30;12;1647
7;2025-12-30;13;1626
7;2025-12-30;14;1698
7;2025-12-30;15;1837
7;2025-12-30;16;1965
7;2025-12-30;17;2425
7;2025-12-30;18;2622
7;2025-12-30;19;1804
7;2025-12-30;20;1126
7;2025-12-30;21;670
7;2025-12-30;22;337
7;2025-12-30;23;190
7;2025-12-31;0;96
7;2025-12-31;1;21
7;2025-12-31;2;1
7;2025-12-31;3;1
7;2025-12-31;4;0
7;2025-12-31;5;35
7;2025-12-31;6;200
7;2025-12-31;7;307
7;2025-12-31;8;510
7;2025-12-31;9;637
7;2025-12-31;10;712
7;2025-12-31;11;882
7;2025-12-31;12;1001
7;2025-12-31;13;1047
7;2025-12-31;14;1120
7;2025-12-31;15;1041
7;2025-12-31;16;962
7;2025-12-31;17;970
7;2025-12-31;18;866
7;2025-12-31;19;750
7;2025-12-31;20;621
7;2025-12-31;21;491
7;2025-12-31;22;289
7;2025-12-31;23;164
11;2025-11-01;0;70
11;2025-11-01;1;2
11;2025-11-01;2;0
11;2025-11-01;3;0
11;2025-11-01;4;1
11;2025-11-01;5;295
11;2025-11-01;6;1326
11;2025-11-01;7;2448
11;2025-11-01;8;3249
11;2025-11-01;9;2490
11;2025-11-01;10;1933
11;2025-11-01;11;1894
11;2025-11-01;12;1904
11;2025-11-01;13;2055
11;2025-11-01;14;2033
11;2025-11-01;15;2146
11;2025-11-01;16;2348
11;2025-11-01;17;2899
11;2025-11-01;18;3035
11;2025-11-01;19;2251
11;2025-11-01;20;1475
11;2025-11-01;21;888
11;2025-11-01;22;449
11;2025-11-01;23;243
11;2025-11-02;0;101
11;2025-11-02;1;11
11;2025-11-02;2;1
11;2025-11-02;3;1
11;2025-11-02;4;3
11;2025-11-02;5;121
11;2025-11-02;6;469
11;2025-11-02;7;499
11;2025-11-02;8;629
11;2025-11-02;9;862
11;2025-11-02;10;965
11;2025-11-02;11;1357
11;2025-11-02;12;1523
11;2025-11-02;13;1475
11;2025-11-02;14;1548
11;2025-11-02;15;1583
11;2025-11-02;16;1502
11;2025-11-02;17;1560
11;2025-11-02;18;1259
11;2025-11-02;19;1034
11;2025-11-02;20;839
11;2025-11-02;21;617
11;2025-11-02;22;349
11;2025-11-02;23;244
11;2025-11-03;0;97
11;2025-11-03;1;11
11;2025-11-03;2;1
11;2025-11-03;3;1
11;2025-11-03;4;3
11;2025-11-03;5;126
11;2025-11-03;6;472
11;2025-11-03;7;495
11;2025-11-03;8;619
11;2025-11-03;9;834
11;2025-11-03;10;927
11;2025-11-03;11;1313
11;2025-11-03;12;1473
11;2025-11-03;13;1421
11;2025-11-03;14;1514
11;2025-11-03;15;1552
11;2025-11-03;16;1475
11;2025-11-03;17;1503
11;2025-11-03;18;1243
11;2025-11-03;19;1045
11;2025-11-03;20;846
11;2025-11-03;21;626
11;2025-11-03;22;353
11;2025-11-03;23;248
11;2025-11-04;0;97
11;2025-11-04;1;11
11;2025-11-04;2;1
11;2025-11-04;3;1
11;2025-11-04;4;3
11;2025-11-04;5;126
11;2025-11-04;6;472
11;2025-11-04;7;495
11;2025-11-04;8;619
11;2025-11-04;9;834
11;2025-11-04;10;927
11;2025-11-04;11;1313
11;2025-11-04;12;1473
11;2025-11-04;13;1421
11;2025-11-04;14;1515
11;2025-11-04;15;1552
11;2025-11-04;16;1475
11;2025-11-04;17;1503
11;2025-11-04;18;1244
11;2025-11-04;19;1045
11;2025-11-04;20;846
11;2025-11-04;21;626
11;2025-11-04;22;353
11;2025-11-04;23;248
11;2025-11-05;0;67
11;2025-11-05;1;1
11;2025-11-05;2;0
11;2025-11-05;3;0
11;2025-11-05;4;1
11;2025-11-05;5;293
11;2025-11-05;6;1293
11;2025-11-05;7;2436
11;2025-11-05;8;3233
11;2025-11-05;9;2436
11;2025-11-05;10;1898
11;2025-11-05;11;1887
11;2025-11-05;12;1915
11;2025-11-05;13;2059
11;2025-11-05;14;2018
11;2025-11-05;15;2106
11;2025-11-05;16;2262
11;2025-11-05;17;2843
11;2025-11-05;18;3030
11;2025-11-05;19;2254
11;2025-11-05;20;1481
11;2025-11-05;21;888
11;2025-11-05;22;440
11;2025-11-05;23;245
11;2025-11-06;0;69
11;2025-11-06;1;2
11;2025-11-06;2;0
11;2025-11-06;3;0
11;2025-11-06;4;2
11;2025-11-06;5;293
11;2025-11-06;6;1306
11;2025-11-06;7;2400
11;2025-11-06;8;3158
11;2025-11-06;9;2475
11;2025-11-06;10;1959
11;2025-11-06;11;1869
11;2025-11-06;12;1922
11;2025-11-06;13;2057
11;2025-11-06;14;2021
11;2025-11-06;15;2112
11;2025-11-06;16;2301
11;2025-11-06;17;2844
11;2025-11-06;18;3047
11;2025-11-06;19;2234
11;2025-11-06;20;1464
11;2025-11-06;21;904
11;2025-11-06;22;451
11;2025-11-06;23;244
11;2025-11-07;0;74
11;2025-11-07;1;2
11;2025-11-07;2;0
11;2025-11-07;3;0
11;2025-11-07;4;2
11;2025-11-07;5;291
11;2025-11-07;6;1301
11;2025-11-07;7;2363
11;2025-11-07;8;3145
11;2025-11-07;9;2411
11;2025-11-07;10;1918
11;2025-11-07;11;1879
11;2025-11-07;12;1890
11;2025-11-07;13;2026
11;2025-11-07;14;2061
11;2025-11-07;15;2210
11;2025-11-07;16;2424
11;2025-11-07;17;2911
11;2025-11-07;18;2770
11;2025-11-07;19;2130
11;2025-11-07;20;1437
11;2025-11-07;21;883
11;2025-11-07;22;459
11;2025-11-07;23;271
11;2025-11-08;0;103
11;2025-11-08;1;3
11;2025-11-08;2;0
11;2025-11-08;3;0
11;2025-11-08;4;4
11;2025-11-08;5;203
11;2025-11-08;6;760
11;2025-11-08;7;725
11;2025-11-08;8;1029
11;2025-11-08;9;1179
11;2025-11-08;10;1291
11;2025-11-08;11;1681
11;2025-11-08;12;1900
11;2025-11-08;13;1821
11;2025-11-08;14;1862
11;2025-11-08;15;1795
11;2025-11-08;16;1814
11;2025-11-08;17;1839
11;2025-11-08;18;1565
11;2025-11-08;19;1426
11;2025-11-08;20;1082
11;2025-11-08;21;754
11;2025-11-08;22;441
11;2025-11-08;23;312
11;2025-11-09;0;101
11;2025-11-09;1;11
11;2025-11-09;2;1
11;2025-11-09;3;1
11;2025-11-09;4;3
11;2025-11-09;5;121
11;2025-11-09;6;470
11;2025-11-09;7;500
11;2025-11-09;8;630
11;2025-11-09;9;863
11;2025-11-09;10;966
11;2025-11-09;11;1359
11;2025-11-09;12;1525
11;2025-11-09;13;1477
11;2025-11-09;14;1551
11;2025-11-09;15;1585
11;2025-11-09;16;1504
11;2025-11-09;17;1563
11;2025-11-09;18;1261
11;2025-11-09;19;1035
11;2025-11-09;20;840
11;2025-11-09;21;618
11;2025-11-09;22;350
11;2025-11-09;23;244
11;2025-11-10;0;73
11;2025-11-10;1;4
11;2025-11-10;2;0
11;2025-11-10;3;0
11;2025-11-10;4;2
11;2025-11-10;5;293
11;2025-11-10;6;1328
11;2025-11-10;7;2411
11;2025-11-10;8;3200
11;2025-11-10;9;2451
11;2025-11-10;10;1884
11;2025-11-10;11;1873
11;2025-11-10;12;1835
11;2025-11-10;13;1997
11;2025-11-10;14;1979
11;2025-11-10;15;2092
11;2025-11-10;16;2313
11;2025-11-10;17;2853
11;2025-11-10;18;3061
11;2025-11-10;19;2267
11;2025-11-10;20;1467
11;2025-11-10;21;863
11;2025-11-10;22;434
11;2025-11-10;23;227
11;2025-11-11;0;68
11;2025-11-11;1;3
11;2025-11-11;2;0
11;2025-11-11;3;0
11;2025-11-11;4;1
11;2025-11-11;5;289
11;2025-11-11;6;1332
11;2025-11-11;7;2438
11;2025-11-11;8;3244
11;2025-11-11;9;2477
11;2025-11-11;10;1910
11;2025-11-11;11;1864
11;2025-11-11;12;1868
11;2025-11-11;13;2044
11;2025-11-11;14;2032
11;2025-11-11;15;2125
11;2025-11-11;16;2322
11;2025-11-11;17;2884
11;2025-11-11;18;3049
11;2025-11-11;19;2244
11;2025-11-11;20;1462
11;2025-11-11;21;883
11;2025-11-11;22;440
11;2025-11-11;23;232
11;2025-11-12;0;67
11;2025-11-12;1;1
11;2025-11-12;2;0
11;2025-11-12;3;0
11;2025-11-12;4;1
11;2025-11-12;5;292
11;2025-11-12;6;1293
11;2025-11-12;7;2435
11;2025-11-12;8;3231
11;2025-11-12;9;2435
11;2025-11-12;10;1897
11;2025-11-12;11;1886
11;2025-11-12;12;1914
11;2025-11-12;13;2058
11;2025-11-12;14;2017
11;2025-11-12;15;2105
11;2025-11-12;16;2261
11;2025-11-12;17;2842
11;2025-11-12;18;3028
11;2025-11-12;19;2252
11;2025-11-12;20;1480
11;2025-11-12;21;888
11;2025-11-12;22;440
11;2025-11-12;23;245
11;2025-11-13;0;69
11;2025-11-13;1;2
11;2025-11-13;2;0
11;2025-11-13;3;0
11;2025-11-13;4;2
11;2025-11-13;5;293
11;2025-11-13;6;1305
11;2025-11-13;7;2399
11;2025-11-13;8;3156
11;2025-11-13;9;2474
11;2025-11-13;10;1958
11;2025-11-13;11;1868
11;2025-11-13;12;1921
11;2025-11-13;13;2056
11;2025-11-13;14;2020
11;2025-11-13;15;2111
11;2025-11-13;16;2300
11;2025-11-13;17;2843
11;2025-11-13;18;3046
11;2025-11-13;19;2233
11;2025-11-13;20;1463
11;2025-11-13;21;903
11;2025-11-13;22;451
11;2025-11-13;23;244
11;2025-11-14;0;74
11;2025-11-14;1;2
11;2025-11-14;2;0
11;2025-11-14;3;0
11;2025-11-14;4;2
11;2025-11-14;5;291
11;2025-11-14;6;1300
11;2025-11-14;7;2362
11;2025-11-14;8;3144
11;2025-11-14;9;2410
11;2025-11-14;10;1917
11;2025-11-14;11;1878
11;2025-11-14;12;1889
11;2025-11-14;13;2025
11;2025-11-14;14;2060
11;2025-11-14;15;2209
11;2025-11-14;16;2423
11;2025-11-14;17;2910
11;2025-11-14;18;2769
11;2025-11-14;19;2129
11;2025-11-14;20;1436
11;2025-11-14;21;882
11;2025-11-14;22;459
11;2025-11-14;23;271
11;2025-11-15;0;103
11;2025-11-15;1;3
11;2025-11-15;2;0
11;2025-11-15;3;0
11;2025-11-15;4;4
11;2025-11-15;5;203
11;2025-11-15;6;759
11;2025-11-15;7;725
11;2025-11-15;8;1028
11;2025-11-15;9;1178
11;2025-11-15;10;1290
11;2025-11-15;11;1679
11;2025-11-15;12;1899
11;2025-11-15;13;1820
11;2025-11-15;14;1861
11;2025-11-15;15;1794
11;2025-11-15;16;1813
11;2025-11-15;17;1838
11;2025-11-15;18;1565
11;2025-11-15;19;1425
11;2025-11-15;20;1082
11;2025-11-15;21;753
11;2025-11-15;22;440
11;2025-11-15;23;311
11;2025-11-16;0;101
11;2025-11-16;1;11
11;2025-11-16;2;1
11;2025-11-16;3;1
11;2025-11-16;4;3
11;2025-11-16;5;121
11;2025-11-16;6;470
11;2025-11-16;7;501
11;2025-11-16;8;631
11;2025-11-16;9;864
11;2025-11-16;10;967
11;2025-11-16;11;1361
11;2025-11-16;12;1527
11;2025-11-16;13;1479
11;2025-11-16;14;1553
11;2025-11-16;15;1587
11;2025-11-16;16;1506
11;2025-11-16;17;1565
11;2025-11-16;18;1263
11;2025-11-16;19;1037
11;2025-11-16;20;841
11;2025-11-16;21;618
11;2025-11-16;22;350
11;2025-11-16;23;244
11;2025-11-17;0;73
11;2025-11-17;1;4
11;2025-11-17;2;0
11;2025-11-17;3;0
11;2025-11-17;4;2
11;2025-11-17;5;293
11;2025-11-17;6;1327
11;2025-11-17;7;2410
11;2025-11-17;8;3198
11;2025-11-17;9;2450
11;2025-11-17;10;1884
11;2025-11-17;11;1873
11;2025-11-17;12;1834
11;2025-11-17;13;1996
11;2025-11-17;14;1978
11;2025-11-17;15;2091
11;2025-11-17;16;2312
11;2025-11-17;17;2852
11;2025-11-17;18;3059
11;2025-11-17;19;2266
11;2025-11-17;20;1467
11;2025-11-17;21;863
11;2025-11-17;22;433
11;2025-11-17;23;227
11;2025-11-18;0;68
11;2025-11-18;1;3
11;2025-11-18;2;0
11;2025-11-18;3;0
11;2025-11-18;4;1
11;2025-11-18;5;289
11;2025-11-18;6;1331
11;2025-11-18;7;2436
11;2025-11-18;8;3243
11;2025-11-18;9;2476
11;2025-11-18;10;1909
11;2025-11-18;11;1863
11;2025-11-18;12;1867
11;2025-11-18;13;2043
11;2025-11-18;14;2031
11;2025-11-18;15;2124
11;2025-11-18;16;2321
11;2025-11-18;17;2882
11;2025-11-18;18;3048
11;2025-11-18;19;2243
11;2025-11-18;20;1462
11;2025-11-18;21;883
11;2025-11-18;22;440
11;2025-11-18;23;232
11;2025-11-19;0;67
11;2025-11-19;1;1
11;2025-11-19;2;0
11;2025-11-19;3;0
11;2025-11-19;4;1
11;2025-11-19;5;292
11;2025-11-19;6;1292
11;2025-11-19;7;2434
11;2025-11-19;8;3230
11;2025-11-19;9;2434
11;2025-11-19;10;1896
11;2025-11-19;11;1885
11;2025-11-19;12;1913
11;2025-11-19;13;2057
11;2025-11-19;14;2016
11;2025-11-19;15;2104
11;2025-11-19;16;2260
11;2025-11-19;17;2840
11;2025-11-19;18;3027
11;2025-11-19;19;2251
11;2025-11-19;20;1480
11;2025-11-19;21;887
11;2025-11-19;22;440
11;2025-11-19;23;244
11;2025-11-20;0;69
11;2025-11-20;1;2
11;2025-11-20;2;0
11;2025-11-20;3;0
11;2025-11-20;4;2
11;2025-11-20;5;293
11;2025-11-20;6;1304
11;2025-11-20;7;2398
11;2025-11-20;8;3155
11;2025-11-20;9;2472
11;2025-11-20;10;1958
11;2025-11-20;11;1868
11;2025-11-20;12;1920
11;2025-11-20;13;2055
11;2025-11-20;14;2019
11;2025-11-20;15;2110
11;2025-11-20;16;2299
11;2025-11-20;17;2841
11;2025-11-20;18;3045
11;2025-11-20;19;2232
11;2025-11-20;20;1462
11;2025-11-20;21;903
11;2025-11-20;22;451
11;2025-11-20;23;244
11;2025-11-21;0;74
11;2025-11-21;1;2
11;2025-11-21;2;0
11;2025-11-21;3;0
11;2025-11-21;4;2
11;2025-11-21;5;291
11;2025-11-21;6;1300
11;2025-11-21;7;2361
11;2025-11-21;8;3142
11;2025-11-21;9;2409
11;2025-11-21;10;1916
11;2025-11-21;11;1877
11;2025-11-21;12;1888
11;2025-11-21;13;2024
11;2025-11-21;14;2059
11;2025-11-21;15;2208
11;2025-11-21;16;2422
11;2025-11-21;17;2909
11;2025-11-21;18;2768
11;2025-11-21;19;2128
11;2025-11-21;20;1435
11;2025-11-21;21;882
11;2025-11-21;22;459
11;2025-11-21;23;270
11;2025-11-22;0;102
11;2025-11-22;1;3
11;2025-11-22;2;0
11;2025-11-22;3;0
11;2025-11-22;4;4
11;2025-11-22;5;203
11;2025-11-22;6;759
11;2025-11-22;7;724
11;2025-11-22;8;1028
11;2025-11-22;9;1177
11;2025-11-22;10;1289
11;2025-11-22;11;1679
11;2025-11-22;12;1898
11;2025-11-22;13;1819
11;2025-11-22;14;1860
11;2025-11-22;15;1793
11;2025-11-22;16;1812
11;2025-11-22;17;1837
11;2025-11-22;18;1564
11;2025-11-22;19;1424
11;2025-11-22;20;1081
11;2025-11-22;21;753
11;2025-11-22;22;440
11;2025-11-22;23;311
11;2025-11-23;0;101
11;2025-11-23;1;11
11;2025-11-23;2;1
11;2025-11-23;3;1
11;2025-11-23;4;3
11;2025-11-23;5;121
11;2025-11-23;6;471
11;2025-11-23;7;501
11;2025-11-23;8;632
11;2025-11-23;9;866
11;2025-11-23;10;969
11;2025-11-23;11;1363
11;2025-11-23;12;1529
11;2025-11-23;13;1481
11;2025-11-23;14;1555
11;2025-11-23;15;1589
11;2025-11-23;16;1508
11;2025-11-23;17;1567
11;2025-11-23;18;1265
11;2025-11-23;19;1038
11;2025-11-23;20;843
11;2025-11-23;21;619
11;2025-11-23;22;351
11;2025-11-23;23;245
11;2025-11-24;0;73
11;2025-11-24;1;4
11;2025-11-24;2;0
11;2025-11-24;3;0
11;2025-11-24;4;2
11;2025-11-24;5;293
11;2025-11-24;6;1327
11;2025-11-24;7;2409
11;2025-11-24;8;3197
11;2025-11-24;9;2449
11;2025-11-24;10;1883
11;2025-11-24;11;1872
11;2025-11-24;12;1833
11;2025-11-24;13;1995
11;2025-11-24;14;1977
11;2025-11-24;15;2090
11;2025-11-24;16;2311
11;2025-11-24;17;2851
11;2025-11-24;18;3058
11;2025-11-24;19;2265
11;2025-11-24;20;1466
11;2025-11-24;21;862
11;2025-11-24;22;433
11;2025-11-24;23;227
11;2025-11-25;0;68
11;2025-11-25;1;3
11;2025-11-25;2;0
11;2025-11-25;3;0
11;2025-11-25;4;1
11;2025-11-25;5;288
11;2025-11-25;6;1331
11;2025-11-25;7;2435
11;2025-11-25;8;3241
11;2025-11-25;9;2475
11;2025-11-25;10;1908
11;2025-11-25;11;1863
11;2025-11-25;12;1866
11;2025-11-25;13;2043
11;2025-11-25;14;2031
11;2025-11-25;15;2123
11;2025-11-25;16;2320
11;2025-11-25;17;2881
11;2025-11-25;18;3047
11;2025-11-25;19;2242
11;2025-11-25;20;1461
11;2025-11-25;21;882
11;2025-11-25;22;440
11;2025-11-25;23;232
11;2025-11-26;0;67
11;2025-11-26;1;1
11;2025-11-26;2;0
11;2025-11-26;3;0
11;2025-11-26;4;1
11;2025-11-26;5;292
11;2025-11-26;6;1292
11;2025-11-26;7;2433
11;2025-11-26;8;3228
11;2025-11-26;9;2433
11;2025-11-26;10;1895
11;2025-11-26;11;1884
11;2025-11-26;12;1913
11;2025-11-26;13;2056
11;2025-11-26;14;2015
11;2025-11-26;15;2103
11;2025-11-26;16;2259
11;2025-11-26;17;2839
11;2025-11-26;18;3026
11;2025-11-26;19;2250
11;2025-11-26;20;1479
11;2025-11-26;21;887
11;2025-11-26;22;440
11;2025-11-26;23;244
11;2025-11-27;0;69
11;2025-11-27;1;2
11;2025-11-27;2;0
11;2025-11-27;3;0
11;2025-11-27;4;2
11;2025-11-27;5;293
11;2025-11-27;6;1304
11;2025-11-27;7;2397
11;2025-11-27;8;3153
11;2025-11-27;9;2471
11;2025-11-27;10;1957
11;2025-11-27;11;1867
11;2025-11-27;12;1919
11;2025-11-27;13;2055
11;2025-11-27;14;2018
11;2025-11-27;15;2109
11;2025-11-27;16;2298
11;2025-11-27;17;2840
11;2025-11-27;18;3043
11;2025-11-27;19;2231
11;2025-11-27;20;1462
11;2025-11-27;21;903
11;2025-11-27;22;451
11;2025-11-27;23;244
11;2025-11-28;0;74
11;2025-11-28;1;2
11;2025-11-28;2;0
11;2025-11-28;3;0
11;2025-11-28;4;2
11;2025-11-28;5;291
11;2025-11-28;6;1299
11;2025-11-28;7;2360
11;2025-11-28;8;3141
11;2025-11-28;9;2408
11;2025-11-28;10;1915
11;2025-11-28;11;1877
11;2025-11-28;12;1887
11;2025-11-28;13;2023
11;2025-11-28;14;2058
11;2025-11-28;15;2207
11;2025-11-28;16;2421
11;2025-11-28;17;2908
11;2025-11-28;18;2767
11;2025-11-28;19;2127
11;2025-11-28;20;1435
11;2025-11-28;21;881
11;2025-11-28;22;459
11;2025-11-28;23;270
11;2025-11-29;0;102
11;2025-11-29;1;3
11;2025-11-29;2;0
11;2025-11-29;3;0
11;2025-11-29;4;4
11;2025-11-29;5;203
11;2025-11-29;6;758
11;2025-11-29;7;724
11;2025-11-29;8;1027
11;2025-11-29;9;1177
11;2025-11-29;10;1289
11;2025-11-29;11;1678
11;2025-11-29;12;1897
11;2025-11-29;13;1818
11;2025-11-29;14;1859
11;2025-11-29;15;1792
11;2025-11-29;16;1811
11;2025-11-29;17;1836
11;2025-11-29;18;1563
11;2025-11-29;19;1423
11;2025-11-29;20;1080
11;2025-11-29;21;752
11;2025-11-29;22;440
11;2025-11-29;23;311
11;2025-11-30;0;101
11;2025-11-30;1;11
11;2025-11-30;2;1
11;2025-11-30;3;1
11;2025-11-30;4;3
11;2025-11-30;5;122
11;2025-11-30;6;472
11;2025-11-30;7;502
11;2025-11-30;8;633
11;2025-11-30;9;867
11;2025-11-30;10;970
11;2025-11-30;11;1365
11;2025-11-30;12;1531
11;2025-11-30;13;1483
11;2025-11-30;14;1557
11;2025-11-30;15;1591
11;2025-11-30;16;1510
11;2025-11-30;17;1569
11;2025-11-30;18;1266
11;2025-11-30;19;1040
11;2025-11-30;20;844
11;2025-11-30;21;620
11;2025-11-30;22;351
11;2025-11-30;23;245
11;2025-12-01;0;73
11;2025-12-01;1;4
11;2025-12-01;2;0
11;2025-12-01;3;0
11;2025-12-01;4;2
11;2025-12-01;5;293
11;2025-12-01;6;1326
11;2025-12-01;7;2408
11;2025-12-01;8;3195
11;2025-12-01;9;2448
11;2025-12-01;10;1882
11;2025-12-01;11;1871
11;2025-12-01;12;1833
11;2025-12-01;13;1994
11;2025-12-01;14;1976
11;2025-12-01;15;2089
11;2025-12-01;16;2310
11;2025-12-01;17;2850
11;2025-12-01;18;3057
11;2025-12-01;19;2264
11;2025-12-01;20;1465
11;2025-12-01;21;862
11;2025-12-01;22;433
11;2025-12-01;23;227
11;2025-12-02;0;68
11;2025-12-02;1;3
11;2025-12-02;2;0
11;2025-12-02;3;0
11;2025-12-02;4;1
11;2025-12-02;5;288
11;2025-12-02;6;1330
11;2025-12-02;7;2434
11;2025-12-02;8;3240
11;2025-12-02;9;2474
11;2025-12-02;10;1908
11;2025-12-02;11;1862
11;2025-12-02;12;1865
11;2025-12-02;13;2042
11;2025-12-02;14;2030
11;2025-12-02;15;2122
11;2025-12-02;16;2319
11;2025-12-02;17;2880
11;2025-12-02;18;3046
11;2025-12-02;19;2241
11;2025-12-02;20;1461
11;2025-12-02;21;882
11;2025-12-02;22;439
11;2025-12-02;23;232
11;2025-12-03;0;67
11;2025-12-03;1;1
11;2025-12-03;2;0
11;2025-12-03;3;0
11;2025-12-03;4;1
11;2025-12-03;5;292
11;2025-12-03;6;1291
11;2025-12-03;7;2432
11;2025-12-03;8;3227
11;2025-12-03;9;2432
11;2025-12-03;10;1895
11;2025-12-03;11;1884
11;2025-12-03;12;1912
11;2025-12-03;13;2055
11;2025-12-03;14;2014
11;2025-12-03;15;2102
11;2025-12-03;16;2258
11;2025-12-03;17;2838
11;2025-12-03;18;3024
11;2025-12-03;19;2250
11;2025-12-03;20;1478
11;2025-12-03;21;887
11;2025-12-03;22;439
11;2025-12-03;23;244
11;2025-12-04;0;69
11;2025-12-04;1;2
11;2025-12-04;2;0
11;2025-12-04;3;0
11;2025-12-04;4;2
11;2025-12-04;5;292
11;2025-12-04;6;1303
11;2025-12-04;7;2396
11;2025-12-04;8;3152
11;2025-12-04;9;2470
11;2025-12-04;10;1956
11;2025-12-04;11;1866
11;2025-12-04;12;1918
11;2025-12-04;13;2054
11;2025-12-04;14;2017
11;2025-12-04;15;2108
11;2025-12-04;16;2297
11;2025-12-04;17;2839
11;2025-12-04;18;3042
11;2025-12-04;19;2230
11;2025-12-04;20;1461
11;2025-12-04;21;902
11;2025-12-04;22;451
11;2025-12-04;23;244
11;2025-12-05;0;74
11;2025-12-05;1;2
11;2025-12-05;2;0
11;2025-12-05;3;0
11;2025-12-05;4;2
11;2025-12-05;5;290
11;2025-12-05;6;1299
11;2025-12-05;7;2359
11;2025-12-05;8;3140
11;2025-12-05;9;2407
11;2025-12-05;10;1915
11;2025-12-05;11;1876
11;2025-12-05;12;1886
11;2025-12-05;13;2022
11;2025-12-05;14;2057
11;2025-12-05;15;2207
11;2025-12-05;16;2420
11;2025-12-05;17;2906
11;2025-12-05;18;2766
11;2025-12-05;19;2126
11;2025-12-05;20;1434
11;2025-12-05;21;881
11;2025-12-05;22;459
11;2025-12-05;23;270
11;2025-12-06;0;102
11;2025-12-06;1;3
11;2025-12-06;2;0
11;2025-12-06;3;0
11;2025-12-06;4;4
11;2025-12-06;5;203
11;2025-12-06;6;758
11;2025-12-06;7;723
11;2025-12-06;8;1027
11;2025-12-06;9;1176
11;2025-12-06;10;1288
11;2025-12-06;11;1677
11;2025-12-06;12;1896
11;2025-12-06;13;1817
11;2025-12-06;14;1858
11;2025-12-06;15;1791
11;2025-12-06;16;1810
11;2025-12-06;17;1835
11;2025-12-06;18;1562
11;2025-12-06;19;1422
11;2025-12-06;20;1080
11;2025-12-06;21;752
11;2025-12-06;22;440
11;2025-12-06;23;311
11;2025-12-07;0;101
11;2025-12-07;1;11
11;2025-12-07;2;1
11;2025-12-07;3;1
11;2025-12-07;4;3
11;2025-12-07;5;122
11;2025-12-07;6;472
11;2025-12-07;7;503
11;2025-12-07;8;633
11;2025-12-07;9;868
11;2025-12-07;10;971
11;2025-12-07;11;1366
11;2025-12-07;12;1533
11;2025-12-07;13;1484
11;2025-12-07;14;1559
11;2025-12-07;15;1593
11;2025-12-07;16;1512
11;2025-12-07;17;1571
11;2025-12-07;18;1268
11;2025-12-07;19;1041
11;2025-12-07;20;845
11;2025-12-07;21;621
11;2025-12-07;22;352
11;2025-12-07;23;245
11;2025-12-08;0;73
11;2025-12-08;1;4
11;2025-12-08;2;0
11;2025-12-08;3;0
11;2025-12-08;4;2
11;2025-12-08;5;293
11;2025-12-08;6;1326
11;2025-12-08;7;2407
11;2025-12-08;8;3194
11;2025-12-08;9;2447
11;2025-12-08;10;1881
11;2025-12-08;11;1870
11;2025-12-08;12;1832
11;2025-12-08;13;1994
11;2025-12-08;14;1976
11;2025-12-08;15;2088
11;2025-12-08;16;2309
11;2025-12-08;17;2849
11;2025-12-08;18;3056
11;2025-12-08;19;2263
11;2025-12-08;20;1465
11;2025-12-08;21;862
11;2025-12-08;22;433
11;2025-12-08;23;227
11;2025-12-09;0;68
11;2025-12-09;1;3
11;2025-12-09;2;0
11;2025-12-09;3;0
11;2025-12-09;4;1
11;2025-12-09;5;288
11;2025-12-09;6;1330
11;2025-12-09;7;2433
11;2025-12-09;8;3239
11;2025-12-09;9;2473
11;2025-12-09;10;1907
11;2025-12-09;11;1861
11;2025-12-09;12;1864
11;2025-12-09;13;2041
11;2025-12-09;14;2029
11;2025-12-09;15;2122
11;2025-12-09;16;2319
11;2025-12-09;17;2879
11;2025-12-09;18;3044
11;2025-12-09;19;2240
11;2025-12-09;20;1460
11;2025-12-09;21;882
11;2025-12-09;22;439
11;2025-12-09;23;232
11;2025-12-10;0;67
11;2025-12-10;1;1
11;2025-12-10;2;0
11;2025-12-10;3;0
11;2025-12-10;4;1
11;2025-12-10;5;292
11;2025-12-10;6;1291
11;2025-12-10;7;2431
11;2025-12-10;8;3226
11;2025-12-10;9;2431
11;2025-12-10;10;1894
11;2025-12-10;11;1883
11;2025-12-10;12;1911
11;2025-12-10;13;2054
11;2025-12-10;14;2013
11;2025-12-10;15;2101
11;2025-12-10;16;2257
11;2025-12-10;17;2837
11;2025-12-10;18;3023
11;2025-12-10;19;2249
11;2025-12-10;20;1478
11;2025-12-10;21;886
11;2025-12-10;22;439
11;2025-12-10;23;244
11;2025-12-11;0;69
11;2025-12-11;1;2
11;2025-12-11;2;0
11;2025-12-11;3;0
11;2025-12-11;4;2
11;2025-12-11;5;292
11;2025-12-11;6;1303
11;2025-12-11;7;2395
11;2025-12-11;8;3151
11;2025-12-11;9;2470
11;2025-12-11;10;1955
11;2025-12-11;11;1865
11;2025-12-11;12;1917
11;2025-12-11;13;2053
11;2025-12-11;14;2016
11;2025-12-11;15;2107
11;2025-12-11;16;2296
11;2025-12-11;17;2838
11;2025-12-11;18;3041
11;2025-12-11;19;2229
11;2025-12-11;20;1461
11;2025-12-11;21;902
11;2025-12-11;22;450
11;2025-12-11;23;243
11;2025-12-12;0;74
11;2025-12-12;1;2
11;2025-12-12;2;0
11;2025-12-12;3;0
11;2025-12-12;4;2
11;2025-12-12;5;290
11;2025-12-12;6;1298
11;2025-12-12;7;2358
11;2025-12-12;8;3139
11;2025-12-12;9;2406
11;2025-12-12;10;1914
11;2025-12-12;11;1875
11;2025-12-12;12;1886
11;2025-12-12;13;2022
11;2025-12-12;14;2057
11;2025-12-12;15;2206
11;2025-12-12;16;2419
11;2025-12-12;17;2905
11;2025-12-12;18;2765
11;2025-12-12;19;2125
11;2025-12-12;20;1434
11;2025-12-12;21;881
11;2025-12-12;22;458
11;2025-12-12;23;270
11;2025-12-13;0;102
11;2025-12-13;1;3
11;2025-12-13;2;0
11;2025-12-13;3;0
11;2025-12-13;4;4
11;2025-12-13;5;203
11;2025-12-13;6;757
11;2025-12-13;7;723
11;2025-12-13;8;1026
11;2025-12-13;9;1176
11;2025-12-13;10;1287
11;2025-12-13;11;1676
11;2025-12-13;12;1895
11;2025-12-13;13;1816
11;2025-12-13;14;1857
11;2025-12-13;15;1790
11;2025-12-13;16;1809
11;2025-12-13;17;1834
11;2025-12-13;18;1561
11;2025-12-13;19;1422
11;2025-12-13;20;1079
11;2025-12-13;21;752
11;2025-12-13;22;439
11;2025-12-13;23;311
11;2025-12-14;0;102
11;2025-12-14;1;11
11;2025-12-14;2;1
11;2025-12-14;3;1
11;2025-12-14;4;3
11;2025-12-14;5;122
11;2025-12-14;6;473
11;2025-12-14;7;503
11;2025-12-14;8;634
11;2025-12-14;9;869
11;2025-12-14;10;972
11;2025-12-14;11;1368
11;2025-12-14;12;1535
11;2025-12-14;13;1486
11;2025-12-14;14;1561
11;2025-12-14;15;1595
11;2025-12-14;16;1514
11;2025-12-14;17;1573
11;2025-12-14;18;1269
11;2025-12-14;19;1042
11;2025-12-14;20;846
11;2025-12-14;21;622
11;2025-12-14;22;352
11;2025-12-14;23;246
11;2025-12-15;0;73
11;2025-12-15;1;4
11;2025-12-15;2;0
11;2025-12-15;3;0
11;2025-12-15;4;2
11;2025-12-15;5;293
11;2025-12-15;6;1325
11;2025-12-15;7;2406
11;2025-12-15;8;3193
11;2025-12-15;9;2446
11;2025-12-15;10;1881
11;2025-12-15;11;1870
11;2025-12-15;12;1831
11;2025-12-15;13;1993
11;2025-12-15;14;1975
11;2025-12-15;15;2087
11;2025-12-15;16;2308
11;2025-12-15;17;2847
11;2025-12-15;18;3055
11;2025-12-15;19;2262
11;2025-12-15;20;1464
11;2025-12-15;21;861
11;2025-12-15;22;433
11;2025-12-15;23;227
11;2025-12-16;0;68
11;2025-12-16;1;3
11;2025-12-16;2;0
11;2025-12-16;3;0
11;2025-12-16;4;1
11;2025-12-16;5;288
11;2025-12-16;6;1329
11;2025-12-16;7;2433
11;2025-12-16;8;3237
11;2025-12-16;9;2472
11;2025-12-16;10;1906
11;2025-12-16;11;1860
11;2025-12-16;12;1864
11;2025-12-16;13;2040
11;2025-12-16;14;2028
11;2025-12-16;15;2121
11;2025-12-16;16;2318
11;2025-12-16;17;2878
11;2025-12-16;18;3043
11;2025-12-16;19;2240
11;2025-12-16;20;1459
11;2025-12-16;21;881
11;2025-12-16;22;439
11;2025-12-16;23;231
11;2025-12-17;0;67
11;2025-12-17;1;1
11;2025-12-17;2;0
11;2025-12-17;3;0
11;2025-12-17;4;1
11;2025-12-17;5;292
11;2025-12-17;6;1290
11;2025-12-17;7;2430
11;2025-12-17;8;3225
11;2025-12-17;9;2430
11;2025-12-17;10;1893
11;2025-12-17;11;1882
11;2025-12-17;12;1910
11;2025-12-17;13;2053
11;2025-12-17;14;2013
11;2025-12-17;15;2101
11;2025-12-17;16;2256
11;2025-12-17;17;2836
11;2025-12-17;18;3022
11;2025-12-17;19;2248
11;2025-12-17;20;1477
11;2025-12-17;21;886
11;2025-12-17;22;439
11;2025-12-17;23;244
11;2025-12-18;0;69
11;2025-12-18;1;2
11;2025-12-18;2;0
11;2025-12-18;3;0
11;2025-12-18;4;2
11;2025-12-18;5;292
11;2025-12-18;6;1302
11;2025-12-18;7;2394
11;2025-12-18;8;3150
11;2025-12-18;9;2469
11;2025-12-18;10;1954
11;2025-12-18;11;1865
11;2025-12-18;12;1917
11;2025-12-18;13;2052
11;2025-12-18;14;2016
11;2025-12-18;15;2106
11;2025-12-18;16;2295
11;2025-12-18;17;2837
11;2025-12-18;18;3040
11;2025-12-18;19;2229
11;2025-12-18;20;1460
11;2025-12-18;21;902
11;2025-12-18;22;450
11;2025-12-18;23;243
11;2025-12-19;0;74
11;2025-12-19;1;2
11;2025-12-19;2;0
11;2025-12-19;3;0
11;2025-12-19;4;2
11;2025-12-19;5;290
11;2025-12-19;6;1298
11;2025-12-19;7;2357
11;2025-12-19;8;3138
11;2025-12-19;9;2405
11;2025-12-19;10;1913
11;2025-12-19;11;1875
11;2025-12-19;12;1885
11;2025-12-19;13;2021
11;2025-12-19;14;2056
11;2025-12-19;15;2205
11;2025-12-19;16;2418
11;2025-12-19;17;2904
11;2025-12-19;18;2764
11;2025-12-19;19;2125
11;2025-12-19;20;1433
11;2025-12-19;21;880
11;2025-12-19;22;458
11;2025-12-19;23;270
11;2025-12-20;0;102
11;2025-12-20;1;3
11;2025-12-20;2;0
11;2025-12-20;3;0
11;2025-12-20;4;4
11;2025-12-20;5;203
11;2025-12-20;6;757
11;2025-12-20;7;723
11;2025-12-20;8;1026
11;2025-12-20;9;1175
11;2025-12-20;10;1287
11;2025-12-20;11;1675
11;2025-12-20;12;1894
11;2025-12-20;13;1815
11;2025-12-20;14;1856
11;2025-12-20;15;1789
11;2025-12-20;16;1809
11;2025-12-20;17;1833
11;2025-12-20;18;1560
11;2025-12-20;19;1421
11;2025-12-20;20;1079
11;2025-12-20;21;751
11;2025-12-20;22;439
11;2025-12-20;23;311
11;2025-12-21;0;102
11;2025-12-21;1;11
11;2025-12-21;2;1
11;2025-12-21;3;1
11;2025-12-21;4;3
11;2025-12-21;5;122
11;2025-12-21;6;473
11;2025-12-21;7;504
11;2025-12-21;8;635
11;2025-12-21;9;870
11;2025-12-21;10;973
11;2025-12-21;11;1369
11;2025-12-21;12;1536
11;2025-12-21;13;1488
11;2025-12-21;14;1562
11;2025-12-21;15;1597
11;2025-12-21;16;1515
11;2025-12-21;17;1574
11;2025-12-21;18;1271
11;2025-12-21;19;1043
11;2025-12-21;20;847
11;2025-12-21;21;622
11;2025-12-21;22;352
11;2025-12-21;23;246
11;2025-12-22;0;73
11;2025-12-22;1;4
11;2025-12-22;2;0
11;2025-12-22;3;0
11;2025-12-22;4;2
11;2025-12-22;5;293
11;2025-12-22;6;1325
11;2025-12-22;7;2405
11;2025-12-22;8;3192
11;2025-12-22;9;2445
11;2025-12-22;10;1880
11;2025-12-22;11;1869
11;2025-12-22;12;1831
11;2025-12-22;13;1992
11;2025-12-22;14;1974
11;2025-12-22;15;2087
11;2025-12-22;16;2307
11;2025-12-22;17;2846
11;2025-12-22;18;3054
11;2025-12-22;19;2261
11;2025-12-22;20;1464
11;2025-12-22;21;861
11;2025-12-22;22;433
11;2025-12-22;23;226
11;2025-12-23;0;68
11;2025-12-23;1;3
11;2025-12-23;2;0
11;2025-12-23;3;0
11;2025-12-23;4;1
11;2025-12-23;5;288
11;2025-12-23;6;1329
11;2025-12-23;7;2432
11;2025-12-23;8;3236
11;2025-12-23;9;2471
11;2025-12-23;10;1906
11;2025-12-23;11;1860
11;2025-12-23;12;1863
11;2025-12-23;13;2040
11;2025-12-23;14;2027
11;2025-12-23;15;2120
11;2025-12-23;16;2317
11;2025-12-23;17;2877
11;2025-12-23;18;3042
11;2025-12-23;19;2239
11;2025-12-23;20;1459
11;2025-12-23;21;881
11;2025-12-23;22;439
11;2025-12-23;23;231
11;2025-12-24;0;67
11;2025-12-24;1;1
11;2025-12-24;2;0
11;2025-12-24;3;0
11;2025-12-24;4;1
11;2025-12-24;5;292
11;2025-12-24;6;1290
11;2025-12-24;7;2429
11;2025-12-24;8;3224
11;2025-12-24;9;2429
11;2025-12-24;10;1892
11;2025-12-24;11;1882
11;2025-12-24;12;1910
11;2025-12-24;13;2053
11;2025-12-24;14;2012
11;2025-12-24;15;2100
11;2025-12-24;16;2256
11;2025-12-24;17;2835
11;2025-12-24;18;3021
11;2025-12-24;19;2247
11;2025-12-24;20;1477
11;2025-12-24;21;886
11;2025-12-24;22;439
11;2025-12-24;23;244
11;2025-12-25;0;69
11;2025-12-25;1;2
11;2025-12-25;2;0
11;2025-12-25;3;0
11;2025-12-25;4;2
11;2025-12-25;5;292
11;2025-12-25;6;1302
11;2025-12-25;7;2394
11;2025-12-25;8;3149
11;2025-12-25;9;2468
11;2025-12-25;10;1954
11;2025-12-25;11;1864
11;2025-12-25;12;1916
11;2025-12-25;13;2052
11;2025-12-25;14;2015
11;2025-12-25;15;2106
11;2025-12-25;16;2294
11;2025-12-25;17;2836
11;2025-12-25;18;3039
11;2025-12-25;19;2228
11;2025-12-25;20;1460
11;2025-12-25;21;901
11;2025-12-25;22;450
11;2025-12-25;23;243
11;2025-12-26;0;74
11;2025-12-26;1;2
11;2025-12-26;2;0
11;2025-12-26;3;0
11;2025-12-26;4;2
11;2025-12-26;5;290
11;2025-12-26;6;1297
11;2025-12-26;7;2356
11;2025-12-26;8;3137
11;2025-12-26;9;2404
11;2025-12-26;10;1913
11;2025-12-26;11;1874
11;2025-12-26;12;1884
11;2025-12-26;13;2020
11;2025-12-26;14;2055
11;2025-12-26;15;2204
11;2025-12-26;16;2417
11;2025-12-26;17;2903
11;2025-12-26;18;2763
11;2025-12-26;19;2124
11;2025-12-26;20;1433
11;2025-12-26;21;880
11;2025-12-26;22;458
11;2025-12-26;23;270
11;2025-12-27;0;102
11;2025-12-27;1;3
11;2025-12-27;2;0
11;2025-12-27;3;0
11;2025-12-27;4;4
11;2025-12-27;5;202
11;2025-12-27;6;757
11;2025-12-27;7;722
11;2025-12-27;8;1025
11;2025-12-27;9;1174
11;2025-12-27;10;1286
11;2025-12-27;11;1674
11;2025-12-27;12;1893
11;2025-12-27;13;1815
11;2025-12-27;14;1855
11;2025-12-27;15;1788
11;2025-12-27;16;1808
11;2025-12-27;17;1832
11;2025-12-27;18;1560
11;2025-12-27;19;1420
11;2025-12-27;20;1078
11;2025-12-27;21;751
11;2025-12-27;22;439
11;2025-12-27;23;311
11;2025-12-28;0;102
11;2025-12-28;1;11
11;2025-12-28;2;1
11;2025-12-28;3;1
11;2025-12-28;4;3
11;2025-12-28;5;122
11;2025-12-28;6;474
11;2025-12-28;7;504
11;2025-12-28;8;635
11;2025-12-28;9;870
11;2025-12-28;10;974
11;2025-12-28;11;1370
11;2025-12-28;12;1538
11;2025-12-28;13;1489
11;2025-12-28;14;1564
11;2025-12-28;15;1598
11;2025-12-28;16;1517
11;2025-12-28;17;1576
11;2025-12-28;18;1272
11;2025-12-28;19;1044
11;2025-12-28;20;848
11;2025-12-28;21;623
11;2025-12-28;22;353
11;2025-12-28;23;246
11;2025-12-29;0;73
11;2025-12-29;1;4
11;2025-12-29;2;0
11;2025-12-29;3;0
11;2025-12-29;4;2
11;2025-12-29;5;292
11;2025-12-29;6;1324
11;2025-12-29;7;2405
11;2025-12-29;8;3191
11;2025-12-29;9;2444
11;2025-12-29;10;1879
11;2025-12-29;11;1868
11;2025-12-29;12;1830
11;2025-12-29;13;1992
11;2025-12-29;14;1974
11;2025-12-29;15;2086
11;2025-12-29;16;2306
11;2025-12-29;17;2846
11;2025-12-29;18;3053
11;2025-12-29;19;2261
11;2025-12-29;20;1463
11;2025-12-29;21;861
11;2025-12-29;22;432
11;2025-12-29;23;226
11;2025-12-30;0;68
11;2025-12-30;1;3
11;2025-12-30;2;0
11;2025-12-30;3;0
11;2025-12-30;4;1
11;2025-12-30;5;288
11;2025-12-30;6;1329
11;2025-12-30;7;2431
11;2025-12-30;8;3235
11;2025-12-30;9;2470
11;2025-12-30;10;1905
11;2025-12-30;11;1859
11;2025-12-30;12;1863
11;2025-12-30;13;2039
11;2025-12-30;14;2027
11;2025-12-30;15;2119
11;2025-12-30;16;2316
11;2025-12-30;17;2876
11;2025-12-30;18;3041
11;2025-12-30;19;2238
11;2025-12-30;20;1458
11;2025-12-30;21;881
11;2025-12-30;22;439
11;2025-12-30;23;231
11;2025-12-31;0;98
11;2025-12-31;1;11
11;2025-12-31;2;1
11;2025-12-31;3;1
11;2025-12-31;4;3
11;2025-12-31;5;127
11;2025-12-31;6;477
11;2025-12-31;7;500
11;2025-12-31;8;625
11;2025-12-31;9;842
11;2025-12-31;10;936
11;2025-12-31;11;1326
11;2025-12-31;12;1487
11;2025-12-31;13;1435
11;2025-12-31;14;1530
11;2025-12-31;15;1568
11;2025-12-31;16;1490
11;2025-12-31;17;1518
11;2025-12-31;18;1256
11;2025-12-31;19;1056
11;2025-12-31;20;855
11;2025-12-31;21;632
11;2025-12-31;22;356
11;2025-12-31;23;251
12;2025-11-01;0;56
12;2025-11-01;1;2
12;2025-11-01;2;0
12;2025-11-01;3;0
12;2025-11-01;4;6
12;2025-11-01;5;333
12;2025-11-01;6;1407
12;2025-11-01;7;2769
12;2025-11-01;8;3672
12;2025-11-01;9;2531
12;2025-11-01;10;2091
12;2025-11-01;11;2057
12;2025-11-01;12;2114
12;2025-11-01;13;2107
12;2025-11-01;14;2095
12;2025-11-01;15;2362
12;2025-11-01;16;2862
12;2025-11-01;17;3112
12;2025-11-01;18;3183
12;2025-11-01;19;2471
12;2025-11-01;20;1560
12;2025-11-01;21;951
12;2025-11-01;22;501
12;2025-11-01;23;265
12;2025-11-02;0;82
12;2025-11-02;1;7
12;2025-11-02;2;0
12;2025-11-02;3;0
12;2025-11-02;4;2
12;2025-11-02;5;150
12;2025-11-02;6;511
12;2025-11-02;7;621
12;2025-11-02;8;712
12;2025-11-02;9;916
12;2025-11-02;10;1107
12;2025-11-02;11;1248
12;2025-11-02;12;1311
12;2025-11-02;13;1554
12;2025-11-02;14;1466
12;2025-11-02;15;1338
12;2025-11-02;16;1445
12;2025-11-02;17;1438
12;2025-11-02;18;1243
12;2025-11-02;19;992
12;2025-11-02;20;736
12;2025-11-02;21;580
12;2025-11-02;22;380
12;2025-11-02;23;210
12;2025-11-03;0;79
12;2025-11-03;1;6
12;2025-11-03;2;0
12;2025-11-03;3;0
12;2025-11-03;4;2
12;2025-11-03;5;151
12;2025-11-03;6;518
12;2025-11-03;7;620
12;2025-11-03;8;701
12;2025-11-03;9;895
12;2025-11-03;10;1068
12;2025-11-03;11;1215
12;2025-11-03;12;1282
12;2025-11-03;13;1526
12;2025-11-03;14;1441
12;2025-11-03;15;1313
12;2025-11-03;16;1412
12;2025-11-03;17;1392
12;2025-11-03;18;1236
12;2025-11-03;19;1000
12;2025-11-03;20;739
12;2025-11-03;21;582
12;2025-11-03;22;382
12;2025-11-03;23;212
12;2025-11-04;0;79
12;2025-11-04;1;6
12;2025-11-04;2;0
12;2025-11-04;3;0
12;2025-11-04;4;2
12;2025-11-04;5;151
12;2025-11-04;6;518
12;2025-11-04;7;620
12;2025-11-04;8;701
12;2025-11-04;9;895
12;2025-11-04;10;1068
12;2025-11-04;11;1215
12;2025-11-04;12;1282
12;2025-11-04;13;1526
12;2025-11-04;14;1441
12;2025-11-04;15;1313
12;2025-11-04;16;1412
12;2025-11-04;17;1392
12;2025-11-04;18;1236
12;2025-11-04;19;1000
12;2025-11-04;20;739
12;2025-11-04;21;582
12;2025-11-04;22;382
12;2025-11-04;23;212
12;2025-11-05;0;56
12;2025-11-05;1;2
12;2025-11-05;2;0
12;2025-11-05;3;0
12;2025-11-05;4;6
12;2025-11-05;5;333
12;2025-11-05;6;1410
12;2025-11-05;7;2722
12;2025-11-05;8;3595
12;2025-11-05;9;2545
12;2025-11-05;10;2097
12;2025-11-05;11;2056
12;2025-11-05;12;2098
12;2025-11-05;13;2102
12;2025-11-05;14;2085
12;2025-11-05;15;2329
12;2025-11-05;16;2817
12;2025-11-05;17;3066
12;2025-11-05;18;3177
12;2025-11-05;19;2466
12;2025-11-05;20;1535
12;2025-11-05;21;959
12;2025-11-05;22;503
12;2025-11-05;23;264
12;2025-11-06;0;55
12;2025-11-06;1;2
12;2025-11-06;2;0
12;2025-11-06;3;0
12;2025-11-06;4;6
12;2025-11-06;5;325
12;2025-11-06;6;1373
12;2025-11-06;7;2720
12;2025-11-06;8;3607
12;2025-11-06;9;2474
12;2025-11-06;10;2061
12;2025-11-06;11;2043
12;2025-11-06;12;2106
12;2025-11-06;13;2090
12;2025-11-06;14;2084
12;2025-11-06;15;2331
12;2025-11-06;16;2814
12;2025-11-06;17;3085
12;2025-11-06;18;3173
12;2025-11-06;19;2480
12;2025-11-06;20;1558
12;2025-11-06;21;937
12;2025-11-06;22;499
12;2025-11-06;23;267
12;2025-11-07;0;57
12;2025-11-07;1;2
12;2025-11-07;2;0
12;2025-11-07;3;0
12;2025-11-07;4;5
12;2025-11-07;5;322
12;2025-11-07;6;1373
12;2025-11-07;7;2688
12;2025-11-07;8;3543
12;2025-11-07;9;2443
12;2025-11-07;10;2015
12;2025-11-07;11;2026
12;2025-11-07;12;2069
12;2025-11-07;13;2082
12;2025-11-07;14;2112
12;2025-11-07;15;2391
12;2025-11-07;16;2952
12;2025-11-07;17;3041
12;2025-11-07;18;2882
12;2025-11-07;19;2334
12;2025-11-07;20;1518
12;2025-11-07;21;959
12;2025-11-07;22;517
12;2025-11-07;23;284
12;2025-11-08;0;86
12;2025-11-08;1;5
12;2025-11-08;2;0
12;2025-11-08;3;0
12;2025-11-08;4;3
12;2025-11-08;5;235
12;2025-11-08;6;827
12;2025-11-08;7;907
12;2025-11-08;8;1019
12;2025-11-08;9;1210
12;2025-11-08;10;1451
12;2025-11-08;11;1517
12;2025-11-08;12;1512
12;2025-11-08;13;1779
12;2025-11-08;14;1676
12;2025-11-08;15;1550
12;2025-11-08;16;1616
12;2025-11-08;17;1547
12;2025-11-08;18;1486
12;2025-11-08;19;1415
12;2025-11-08;20;1006
12;2025-11-08;21;710
12;2025-11-08;22;428
12;2025-11-08;23;291
12;2025-11-09;0;82
12;2025-11-09;1;7
12;2025-11-09;2;0
12;2025-11-09;3;0
12;2025-11-09;4;2
12;2025-11-09;5;151
12;2025-11-09;6;511
12;2025-11-09;7;621
12;2025-11-09;8;713
12;2025-11-09;9;917
12;2025-11-09;10;1107
12;2025-11-09;11;1249
12;2025-11-09;12;1312
12;2025-11-09;13;1555
12;2025-11-09;14;1467
12;2025-11-09;15;1339
12;2025-11-09;16;1446
12;2025-11-09;17;1439
12;2025-11-09;18;1244
12;2025-11-09;19;993
12;2025-11-09;20;736
12;2025-11-09;21;580
12;2025-11-09;22;380
12;2025-11-09;23;210
12;2025-11-10;0;62
12;2025-11-10;1;3
12;2025-11-10;2;0
12;2025-11-10;3;0
12;2025-11-10;4;6
12;2025-11-10;5;330
12;2025-11-10;6;1388
12;2025-11-10;7;2726
12;2025-11-10;8;3599
12;2025-11-10;9;2500
12;2025-11-10;10;2026
12;2025-11-10;11;1973
12;2025-11-10;12;2067
12;2025-11-10;13;2050
12;2025-11-10;14;2027
12;2025-11-10;15;2300
12;2025-11-10;16;2780
12;2025-11-10;17;3057
12;2025-11-10;18;3193
12;2025-11-10;19;2444
12;2025-11-10;20;1556
12;2025-11-10;21;927
12;2025-11-10;22;476
12;2025-11-10;23;251
12;2025-11-11;0;53
12;2025-11-11;1;2
12;2025-11-11;2;0
12;2025-11-11;3;0
12;2025-11-11;4;6
12;2025-11-11;5;334
12;2025-11-11;6;1404
12;2025-11-11;7;2771
12;2025-11-11;8;3711
12;2025-11-11;9;2540
12;2025-11-11;10;2107
12;2025-11-11;11;2065
12;2025-11-11;12;2094
12;2025-11-11;13;2111
12;2025-11-11;14;2084
12;2025-11-11;15;2312
12;2025-11-11;16;2829
12;2025-11-11;17;3102
12;2025-11-11;18;3211
12;2025-11-11;19;2497
12;2025-11-11;20;1549
12;2025-11-11;21;933
12;2025-11-11;22;492
12;2025-11-11;23;253
12;2025-11-12;0;56
12;2025-11-12;1;2
12;2025-11-12;2;0
12;2025-11-12;3;0
12;2025-11-12;4;6
12;2025-11-12;5;333
12;2025-11-12;6;1409
12;2025-11-12;7;2720
12;2025-11-12;8;3592
12;2025-11-12;9;2543
12;2025-11-12;10;2095
12;2025-11-12;11;2054
12;2025-11-12;12;2096
12;2025-11-12;13;2100
12;2025-11-12;14;2083
12;2025-11-12;15;2327
12;2025-11-12;16;2814
12;2025-11-12;17;3063
12;2025-11-12;18;3174
12;2025-11-12;19;2464
12;2025-11-12;20;1534
12;2025-11-12;21;958
12;2025-11-12;22;503
12;2025-11-12;23;264
12;2025-11-13;0;54
12;2025-11-13;1;2
12;2025-11-13;2;0
12;2025-11-13;3;0
12;2025-11-13;4;6
12;2025-11-13;5;325
12;2025-11-13;6;1372
12;2025-11-13;7;2718
12;2025-11-13;8;3604
12;2025-11-13;9;2472
12;2025-11-13;10;2059
12;2025-11-13;11;2041
12;2025-11-13;12;2104
12;2025-11-13;13;2088
12;2025-11-13;14;2082
12;2025-11-13;15;2329
12;2025-11-13;16;2811
12;2025-11-13;17;3083
12;2025-11-13;18;3170
12;2025-11-13;19;2478
12;2025-11-13;20;1557
12;2025-11-13;21;936
12;2025-11-13;22;499
12;2025-11-13;23;267
12;2025-11-14;0;57
12;2025-11-14;1;2
12;2025-11-14;2;0
12;2025-11-14;3;0
12;2025-11-14;4;5
12;2025-11-14;5;322
12;2025-11-14;6;1372
12;2025-11-14;7;2686
12;2025-11-14;8;3540
12;2025-11-14;9;2440
12;2025-11-14;10;2013
12;2025-11-14;11;2024
12;2025-11-14;12;2068
12;2025-11-14;13;2080
12;2025-11-14;14;2110
12;2025-11-14;15;2389
12;2025-11-14;16;2950
12;2025-11-14;17;3038
12;2025-11-14;18;2880
12;2025-11-14;19;2332
12;2025-11-14;20;1516
12;2025-11-14;21;958
12;2025-11-14;22;516
12;2025-11-14;23;284
12;2025-11-15;0;86
12;2025-11-15;1;5
12;2025-11-15;2;0
12;2025-11-15;3;0
12;2025-11-15;4;3
12;2025-11-15;5;235
12;2025-11-15;6;826
12;2025-11-15;7;906
12;2025-11-15;8;1017
12;2025-11-15;9;1208
12;2025-11-15;10;1449
12;2025-11-15;11;1515
12;2025-11-15;12;1510
12;2025-11-15;13;1776
12;2025-11-15;14;1674
12;2025-11-15;15;1548
12;2025-11-15;16;1614
12;2025-11-15;17;1545
12;2025-11-15;18;1484
12;2025-11-15;19;1413
12;2025-11-15;20;1004
12;2025-11-15;21;709
12;2025-11-15;22;428
12;2025-11-15;23;290
12;2025-11-16;0;82
12;2025-11-16;1;7
12;2025-11-16;2;0
12;2025-11-16;3;0
12;2025-11-16;4;2
12;2025-11-16;5;151
12;2025-11-16;6;511
12;2025-11-16;7;622
12;2025-11-16;8;713
12;2025-11-16;9;917
12;2025-11-16;10;1108
12;2025-11-16;11;1249
12;2025-11-16;12;1312
12;2025-11-16;13;1556
12;2025-11-16;14;1467
12;2025-11-16;15;1339
12;2025-11-16;16;1447
12;2025-11-16;17;1440
12;2025-11-16;18;1244
12;2025-11-16;19;993
12;2025-11-16;20;736
12;2025-11-16;21;580
12;2025-11-16;22;381
12;2025-11-16;23;211
12;2025-11-17;0;61
12;2025-11-17;1;3
12;2025-11-17;2;0
12;2025-11-17;3;0
12;2025-11-17;4;6
12;2025-11-17;5;330
12;2025-11-17;6;1387
12;2025-11-17;7;2724
12;2025-11-17;8;3596
12;2025-11-17;9;2498
12;2025-11-17;10;2024
12;2025-11-17;11;1971
12;2025-11-17;12;2065
12;2025-11-17;13;2049
12;2025-11-17;14;2026
12;2025-11-17;15;2298
12;2025-11-17;16;2778
12;2025-11-17;17;3054
12;2025-11-17;18;3190
12;2025-11-17;19;2442
12;2025-11-17;20;1555
12;2025-11-17;21;926
12;2025-11-17;22;476
12;2025-11-17;23;251
12;2025-11-18;0;53
12;2025-11-18;1;2
12;2025-11-18;2;0
12;2025-11-18;3;0
12;2025-11-18;4;6
12;2025-11-18;5;334
12;2025-11-18;6;1403
12;2025-11-18;7;2769
12;2025-11-18;8;3708
12;2025-11-18;9;2538
12;2025-11-18;10;2105
12;2025-11-18;11;2063
12;2025-11-18;12;2093
12;2025-11-18;13;2109
12;2025-11-18;14;2082
12;2025-11-18;15;2311
12;2025-11-18;16;2827
12;2025-11-18;17;3100
12;2025-11-18;18;3208
12;2025-11-18;19;2495
12;2025-11-18;20;1548
12;2025-11-18;21;932
12;2025-11-18;22;491
12;2025-11-18;23;253
12;2025-11-19;0;56
12;2025-11-19;1;2
12;2025-11-19;2;0
12;2025-11-19;3;0
12;2025-11-19;4;6
12;2025-11-19;5;332
12;2025-11-19;6;1408
12;2025-11-19;7;2717
12;2025-11-19;8;3589
12;2025-11-19;9;2541
12;2025-11-19;10;2093
12;2025-11-19;11;2052
12;2025-11-19;12;2095
12;2025-11-19;13;2099
12;2025-11-19;14;2081
12;2025-11-19;15;2325
12;2025-11-19;16;2812
12;2025-11-19;17;3061
12;2025-11-19;18;3172
12;2025-11-19;19;2462
12;2025-11-19;20;1532
12;2025-11-19;21;957
12;2025-11-19;22;502
12;2025-11-19;23;264
12;2025-11-20;0;54
12;2025-11-20;1;2
12;2025-11-20;2;0
12;2025-11-20;3;0
12;2025-11-20;4;6
12;2025-11-20;5;325
12;2025-11-20;6;1371
12;2025-11-20;7;2716
12;2025-11-20;8;3601
12;2025-11-20;9;2470
12;2025-11-20;10;2058
12;2025-11-20;11;2039
12;2025-11-20;12;2103
12;2025-11-20;13;2086
12;2025-11-20;14;2080
12;2025-11-20;15;2327
12;2025-11-20;16;2809
12;2025-11-20;17;3080
12;2025-11-20;18;3168
12;2025-11-20;19;2476
12;2025-11-20;20;1556
12;2025-11-20;21;936
12;2025-11-20;22;499
12;2025-11-20;23;267
12;2025-11-21;0;57
12;2025-11-21;1;2
12;2025-11-21;2;0
12;2025-11-21;3;0
12;2025-11-21;4;5
12;2025-11-21;5;322
12;2025-11-21;6;1371
12;2025-11-21;7;2684
12;2025-11-21;8;3537
12;2025-11-21;9;2439
12;2025-11-21;10;2011
12;2025-11-21;11;2022
12;2025-11-21;12;2066
12;2025-11-21;13;2078
12;2025-11-21;14;2108
12;2025-11-21;15;2387
12;2025-11-21;16;2947
12;2025-11-21;17;3036
12;2025-11-21;18;2878
12;2025-11-21;19;2330
12;2025-11-21;20;1515
12;2025-11-21;21;957
12;2025-11-21;22;516
12;2025-11-21;23;284
12;2025-11-22;0;86
12;2025-11-22;1;5
12;2025-11-22;2;0
12;2025-11-22;3;0
12;2025-11-22;4;3
12;2025-11-22;5;235
12;2025-11-22;6;825
12;2025-11-22;7;905
12;2025-11-22;8;1016
12;2025-11-22;9;1207
12;2025-11-22;10;1447
12;2025-11-22;11;1513
12;2025-11-22;12;1508
12;2025-11-22;13;1774
12;2025-11-22;14;1672
12;2025-11-22;15;1546
12;2025-11-22;16;1612
12;2025-11-22;17;1543
12;2025-11-22;18;1482
12;2025-11-22;19;1411
12;2025-11-22;20;1003
12;2025-11-22;21;708
12;2025-11-22;22;427
12;2025-11-22;23;290
12;2025-11-23;0;82
12;2025-11-23;1;7
12;2025-11-23;2;0
12;2025-11-23;3;0
12;2025-11-23;4;2
12;2025-11-23;5;151
12;2025-11-23;6;511
12;2025-11-23;7;622
12;2025-11-23;8;713
12;2025-11-23;9;918
12;2025-11-23;10;1108
12;2025-11-23;11;1250
12;2025-11-23;12;1313
12;2025-11-23;13;1557
12;2025-11-23;14;1468
12;2025-11-23;15;1340
12;2025-11-23;16;1447
12;2025-11-23;17;1440
12;2025-11-23;18;1245
12;2025-11-23;19;994
12;2025-11-23;20;737
12;2025-11-23;21;580
12;2025-11-23;22;381
12;2025-11-23;23;211
12;2025-11-24;0;61
12;2025-11-24;1;3
12;2025-11-24;2;0
12;2025-11-24;3;0
12;2025-11-24;4;6
12;2025-11-24;5;330
12;2025-11-24;6;1386
12;2025-11-24;7;2722
12;2025-11-24;8;3593
12;2025-11-24;9;2496
12;2025-11-24;10;2023
12;2025-11-24;11;1970
12;2025-11-24;12;2063
12;2025-11-24;13;2047
12;2025-11-24;14;2024
12;2025-11-24;15;2296
12;2025-11-24;16;2775
12;2025-11-24;17;3052
12;2025-11-24;18;3188
12;2025-11-24;19;2440
12;2025-11-24;20;1554
12;2025-11-24;21;925
12;2025-11-24;22;475
12;2025-11-24;23;251
12;2025-11-25;0;53
12;2025-11-25;1;2
12;2025-11-25;2;0
12;2025-11-25;3;0
12;2025-11-25;4;6
12;2025-11-25;5;334
12;2025-11-25;6;1401
12;2025-11-25;7;2766
12;2025-11-25;8;3705
12;2025-11-25;9;2536
12;2025-11-25;10;2103
12;2025-11-25;11;2061
12;2025-11-25;12;2091
12;2025-11-25;13;2107
12;2025-11-25;14;2080
12;2025-11-25;15;2309
12;2025-11-25;16;2825
12;2025-11-25;17;3097
12;2025-11-25;18;3206
12;2025-11-25;19;2493
12;2025-11-25;20;1547
12;2025-11-25;21;931
12;2025-11-25;22;491
12;2025-11-25;23;253
12;2025-11-26;0;56
12;2025-11-26;1;2
12;2025-11-26;2;0
12;2025-11-26;3;0
12;2025-11-26;4;6
12;2025-11-26;5;332
12;2025-11-26;6;1407
12;2025-11-26;7;2715
12;2025-11-26;8;3586
12;2025-11-26;9;2539
12;2025-11-26;10;2092
12;2025-11-26;11;2051
12;2025-11-26;12;2093
12;2025-11-26;13;2097
12;2025-11-26;14;2080
12;2025-11-26;15;2323
12;2025-11-26;16;2810
12;2025-11-26;17;3058
12;2025-11-26;18;3169
12;2025-11-26;19;2460
12;2025-11-26;20;1531
12;2025-11-26;21;956
12;2025-11-26;22;502
12;2025-11-26;23;264
12;2025-11-27;0;54
12;2025-11-27;1;2
12;2025-11-27;2;0
12;2025-11-27;3;0
12;2025-11-27;4;6
12;2025-11-27;5;324
12;2025-11-27;6;1370
12;2025-11-27;7;2714
12;2025-11-27;8;3598
12;2025-11-27;9;2468
12;2025-11-27;10;2056
12;2025-11-27;11;2038
12;2025-11-27;12;2101
12;2025-11-27;13;2085
12;2025-11-27;14;2079
12;2025-11-27;15;2325
12;2025-11-27;16;2807
12;2025-11-27;17;3078
12;2025-11-27;18;3165
12;2025-11-27;19;2474
12;2025-11-27;20;1554
12;2025-11-27;21;935
12;2025-11-27;22;498
12;2025-11-27;23;267
12;2025-11-28;0;57
12;2025-11-28;1;2
12;2025-11-28;2;0
12;2025-11-28;3;0
12;2025-11-28;4;5
12;2025-11-28;5;321
12;2025-11-28;6;1370
12;2025-11-28;7;2682
12;2025-11-28;8;3534
12;2025-11-28;9;2437
12;2025-11-28;10;2010
12;2025-11-28;11;2021
12;2025-11-28;12;2064
12;2025-11-28;13;2077
12;2025-11-28;14;2107
12;2025-11-28;15;2385
12;2025-11-28;16;2945
12;2025-11-28;17;3033
12;2025-11-28;18;2875
12;2025-11-28;19;2329
12;2025-11-28;20;1514
12;2025-11-28;21;957
12;2025-11-28;22;515
12;2025-11-28;23;283
12;2025-11-29;0;86
12;2025-11-29;1;5
12;2025-11-29;2;0
12;2025-11-29;3;0
12;2025-11-29;4;3
12;2025-11-29;5;234
12;2025-11-29;6;824
12;2025-11-29;7;904
12;2025-11-29;8;1015
12;2025-11-29;9;1206
12;2025-11-29;10;1446
12;2025-11-29;11;1511
12;2025-11-29;12;1506
12;2025-11-29;13;1772
12;2025-11-29;14;1670
12;2025-11-29;15;1544
12;2025-11-29;16;1610
12;2025-11-29;17;1542
12;2025-11-29;18;1480
12;2025-11-29;19;1410
12;2025-11-29;20;1002
12;2025-11-29;21;708
12;2025-11-29;22;426
12;2025-11-29;23;289
12;2025-11-30;0;82
12;2025-11-30;1;7
12;2025-11-30;2;0
12;2025-11-30;3;0
12;2025-11-30;4;2
12;2025-11-30;5;151
12;2025-11-30;6;512
12;2025-11-30;7;622
12;2025-11-30;8;714
12;2025-11-30;9;918
12;2025-11-30;10;1109
12;2025-11-30;11;1250
12;2025-11-30;12;1313
12;2025-11-30;13;1557
12;2025-11-30;14;1469
12;2025-11-30;15;1341
12;2025-11-30;16;1448
12;2025-11-30;17;1441
12;2025-11-30;18;1246
12;2025-11-30;19;994
12;2025-11-30;20;737
12;2025-11-30;21;581
12;2025-11-30;22;381
12;2025-11-30;23;211
12;2025-12-01;0;61
12;2025-12-01;1;3
12;2025-12-01;2;0
12;2025-12-01;3;0
12;2025-12-01;4;6
12;2025-12-01;5;329
12;2025-12-01;6;1385
12;2025-12-01;7;2720
12;2025-12-01;8;3590
12;2025-12-01;9;2494
12;2025-12-01;10;2021
12;2025-12-01;11;1968
12;2025-12-01;12;2062
12;2025-12-01;13;2045
12;2025-12-01;14;2023
12;2025-12-01;15;2294
12;2025-12-01;16;2773
12;2025-12-01;17;3050
12;2025-12-01;18;3185
12;2025-12-01;19;2438
12;2025-12-01;20;1552
12;2025-12-01;21;925
12;2025-12-01;22;475
12;2025-12-01;23;250
12;2025-12-02;0;53
12;2025-12-02;1;2
12;2025-12-02;2;0
12;2025-12-02;3;0
12;2025-12-02;4;6
12;2025-12-02;5;333
12;2025-12-02;6;1400
12;2025-12-02;7;2764
12;2025-12-02;8;3703
12;2025-12-02;9;2534
12;2025-12-02;10;2102
12;2025-12-02;11;2060
12;2025-12-02;12;2089
12;2025-12-02;13;2106
12;2025-12-02;14;2079
12;2025-12-02;15;2307
12;2025-12-02;16;2823
12;2025-12-02;17;3095
12;2025-12-02;18;3204
12;2025-12-02;19;2492
12;2025-12-02;20;1546
12;2025-12-02;21;930
12;2025-12-02;22;490
12;2025-12-02;23;253
12;2025-12-03;0;56
12;2025-12-03;1;2
12;2025-12-03;2;0
12;2025-12-03;3;0
12;2025-12-03;4;6
12;2025-12-03;5;332
12;2025-12-03;6;1406
12;2025-12-03;7;2713
12;2025-12-03;8;3584
12;2025-12-03;9;2537
12;2025-12-03;10;2090
12;2025-12-03;11;2049
12;2025-12-03;12;2091
12;2025-12-03;13;2095
12;2025-12-03;14;2078
12;2025-12-03;15;2321
12;2025-12-03;16;2808
12;2025-12-03;17;3056
12;2025-12-03;18;3167
12;2025-12-03;19;2458
12;2025-12-03;20;1530
12;2025-12-03;21;956
12;2025-12-03;22;502
12;2025-12-03;23;263
12;2025-12-04;0;54
12;2025-12-04;1;2
12;2025-12-04;2;0
12;2025-12-04;3;0
12;2025-12-04;4;6
12;2025-12-04;5;324
12;2025-12-04;6;1369
12;2025-12-04;7;2712
12;2025-12-04;8;3596
12;2025-12-04;9;2466
12;2025-12-04;10;2055
12;2025-12-04;11;2036
12;2025-12-04;12;2100
12;2025-12-04;13;2083
12;2025-12-04;14;2077
12;2025-12-04;15;2323
12;2025-12-04;16;2805
12;2025-12-04;17;3076
12;2025-12-04;18;3163
12;2025-12-04;19;2472
12;2025-12-04;20;1553
12;2025-12-04;21;934
12;2025-12-04;22;498
12;2025-12-04;23;266
12;2025-12-05;0;57
12;2025-12-05;1;2
12;2025-12-05;2;0
12;2025-12-05;3;0
12;2025-12-05;4;5
12;2025-12-05;5;321
12;2025-12-05;6;1369
12;2025-12-05;7;2680
12;2025-12-05;8;3532
12;2025-12-05;9;2435
12;2025-12-05;10;2008
12;2025-12-05;11;2019
12;2025-12-05;12;2063
12;2025-12-05;13;2075
12;2025-12-05;14;2105
12;2025-12-05;15;2383
12;2025-12-05;16;2943
12;2025-12-05;17;3031
12;2025-12-05;18;2873
12;2025-12-05;19;2327
12;2025-12-05;20;1513
12;2025-12-05;21;956
12;2025-12-05;22;515
12;2025-12-05;23;283
12;2025-12-06;0;86
12;2025-12-06;1;5
12;2025-12-06;2;0
12;2025-12-06;3;0
12;2025-12-06;4;3
12;2025-12-06;5;234
12;2025-12-06;6;823
12;2025-12-06;7;903
12;2025-12-06;8;1014
12;2025-12-06;9;1204
12;2025-12-06;10;1444
12;2025-12-06;11;1509
12;2025-12-06;12;1505
12;2025-12-06;13;1770
12;2025-12-06;14;1668
12;2025-12-06;15;1542
12;2025-12-06;16;1608
12;2025-12-06;17;1540
12;2025-12-06;18;1479
12;2025-12-06;19;1408
12;2025-12-06;20;1001
12;2025-12-06;21;707
12;2025-12-06;22;426
12;2025-12-06;23;289
12;2025-12-07;0;83
12;2025-12-07;1;7
12;2025-12-07;2;0
12;2025-12-07;3;0
12;2025-12-07;4;2
12;2025-12-07;5;151
12;2025-12-07;6;512
12;2025-12-07;7;623
12;2025-12-07;8;714
12;2025-12-07;9;919
12;2025-12-07;10;1109
12;2025-12-07;11;1251
12;2025-12-07;12;1314
12;2025-12-07;13;1558
12;2025-12-07;14;1469
12;2025-12-07;15;1341
12;2025-12-07;16;1448
12;2025-12-07;17;1441
12;2025-12-07;18;1246
12;2025-12-07;19;995
12;2025-12-07;20;737
12;2025-12-07;21;581
12;2025-12-07;22;381
12;2025-12-07;23;211
12;2025-12-08;0;61
12;2025-12-08;1;3
12;2025-12-08;2;0
12;2025-12-08;3;0
12;2025-12-08;4;6
12;2025-12-08;5;329
12;2025-12-08;6;1384
12;2025-12-08;7;2718
12;2025-12-08;8;3587
12;2025-12-08;9;2493
12;2025-12-08;10;2020
12;2025-12-08;11;1967
12;2025-12-08;12;2060
12;2025-12-08;13;2044
12;2025-12-08;14;2021
12;2025-12-08;15;2293
12;2025-12-08;16;2771
12;2025-12-08;17;3048
12;2025-12-08;18;3183
12;2025-12-08;19;2436
12;2025-12-08;20;1551
12;2025-12-08;21;924
12;2025-12-08;22;475
12;2025-12-08;23;250
12;2025-12-09;0;53
12;2025-12-09;1;2
12;2025-12-09;2;0
12;2025-12-09;3;0
12;2025-12-09;4;6
12;2025-12-09;5;333
12;2025-12-09;6;1399
12;2025-12-09;7;2762
12;2025-12-09;8;3700
12;2025-12-09;9;2532
12;2025-12-09;10;2100
12;2025-12-09;11;2058
12;2025-12-09;12;2088
12;2025-12-09;13;2104
12;2025-12-09;14;2077
12;2025-12-09;15;2305
12;2025-12-09;16;2821
12;2025-12-09;17;3093
12;2025-12-09;18;3201
12;2025-12-09;19;2490
12;2025-12-09;20;1545
12;2025-12-09;21;930
12;2025-12-09;22;490
12;2025-12-09;23;253
12;2025-12-10;0;56
12;2025-12-10;1;2
12;2025-12-10;2;0
12;2025-12-10;3;0
12;2025-12-10;4;6
12;2025-12-10;5;332
12;2025-12-10;6;1405
12;2025-12-10;7;2711
12;2025-12-10;8;3581
12;2025-12-10;9;2535
12;2025-12-10;10;2089
12;2025-12-10;11;2048
12;2025-12-10;12;2090
12;2025-12-10;13;2094
12;2025-12-10;14;2077
12;2025-12-10;15;2320
12;2025-12-10;16;2806
12;2025-12-10;17;3054
12;2025-12-10;18;3165
12;2025-12-10;19;2456
12;2025-12-10;20;1529
12;2025-12-10;21;955
12;2025-12-10;22;501
12;2025-12-10;23;263
12;2025-12-11;0;54
12;2025-12-11;1;2
12;2025-12-11;2;0
12;2025-12-11;3;0
12;2025-12-11;4;6
12;2025-12-11;5;324
12;2025-12-11;6;1368
12;2025-12-11;7;2710
12;2025-12-11;8;3593
12;2025-12-11;9;2464
12;2025-12-11;10;2053
12;2025-12-11;11;2035
12;2025-12-11;12;2098
12;2025-12-11;13;2082
12;2025-12-11;14;2076
12;2025-12-11;15;2322
12;2025-12-11;16;2803
12;2025-12-11;17;3073
12;2025-12-11;18;3161
12;2025-12-11;19;2470
12;2025-12-11;20;1552
12;2025-12-11;21;934
12;2025-12-11;22;498
12;2025-12-11;23;266
12;2025-12-12;0;57
12;2025-12-12;1;2
12;2025-12-12;2;0
12;2025-12-12;3;0
12;2025-12-12;4;5
12;2025-12-12;5;321
12;2025-12-12;6;1368
12;2025-12-12;7;2678
12;2025-12-12;8;3529
12;2025-12-12;9;2433
12;2025-12-12;10;2007
12;2025-12-12;11;2018
12;2025-12-12;12;2062
12;2025-12-12;13;2074
12;2025-12-12;14;2104
12;2025-12-12;15;2382
12;2025-12-12;16;2941
12;2025-12-12;17;3029
12;2025-12-12;18;2871
12;2025-12-12;19;2325
12;2025-12-12;20;1512
12;2025-12-12;21;955
12;2025-12-12;22;515
12;2025-12-12;23;283
12;2025-12-13;0;86
12;2025-12-13;1;5
12;2025-12-13;2;0
12;2025-12-13;3;0
12;2025-12-13;4;3
12;2025-12-13;5;234
12;2025-12-13;6;822
12;2025-12-13;7;902
12;2025-12-13;8;1013
12;2025-12-13;9;1203
12;2025-12-13;10;1443
12;2025-12-13;11;1508
12;2025-12-13;12;1503
12;2025-12-13;13;1768
12;2025-12-13;14;1666
12;2025-12-13;15;1541
12;2025-12-13;16;1606
12;2025-12-13;17;1538
12;2025-12-13;18;1477
12;2025-12-13;19;1407
12;2025-12-13;20;1000
12;2025-12-13;21;706
12;2025-12-13;22;426
12;2025-12-13;23;289
12;2025-12-14;0;83
12;2025-12-14;1;7
12;2025-12-14;2;0
12;2025-12-14;3;0
12;2025-12-14;4;2
12;2025-12-14;5;151
12;2025-12-14;6;512
12;2025-12-14;7;623
12;2025-12-14;8;714
12;2025-12-14;9;919
12;2025-12-14;10;1110
12;2025-12-14;11;1251
12;2025-12-14;12;1314
12;2025-12-14;13;1558
12;2025-12-14;14;1470
12;2025-12-14;15;1342
12;2025-12-14;16;1449
12;2025-12-14;17;1442
12;2025-12-14;18;1247
12;2025-12-14;19;995
12;2025-12-14;20;738
12;2025-12-14;21;581
12;2025-12-14;22;381
12;2025-12-14;23;211
12;2025-12-15;0;61
12;2025-12-15;1;3
12;2025-12-15;2;0
12;2025-12-15;3;0
12;2025-12-15;4;6
12;2025-12-15;5;329
12;2025-12-15;6;1383
12;2025-12-15;7;2716
12;2025-12-15;8;3585
12;2025-12-15;9;2491
12;2025-12-15;10;2018
12;2025-12-15;11;1965
12;2025-12-15;12;2059
12;2025-12-15;13;2043
12;2025-12-15;14;2020
12;2025-12-15;15;2291
12;2025-12-15;16;2769
12;2025-12-15;17;3046
12;2025-12-15;18;3181
12;2025-12-15;19;2435
12;2025-12-15;20;1550
12;2025-12-15;21;923
12;2025-12-15;22;474
12;2025-12-15;23;250
12;2025-12-16;0;53
12;2025-12-16;1;2
12;2025-12-16;2;0
12;2025-12-16;3;0
12;2025-12-16;4;6
12;2025-12-16;5;333
12;2025-12-16;6;1398
12;2025-12-16;7;2761
12;2025-12-16;8;3698
12;2025-12-16;9;2530
12;2025-12-16;10;2099
12;2025-12-16;11;2057
12;2025-12-16;12;2087
12;2025-12-16;13;2103
12;2025-12-16;14;2076
12;2025-12-16;15;2304
12;2025-12-16;16;2819
12;2025-12-16;17;3091
12;2025-12-16;18;3199
12;2025-12-16;19;2488
12;2025-12-16;20;1544
12;2025-12-16;21;929
12;2025-12-16;22;490
12;2025-12-16;23;252
12;2025-12-17;0;56
12;2025-12-17;1;2
12;2025-12-17;2;0
12;2025-12-17;3;0
12;2025-12-17;4;6
12;2025-12-17;5;331
12;2025-12-17;6;1404
12;2025-12-17;7;2710
12;2025-12-17;8;3579
12;2025-12-17;9;2533
12;2025-12-17;10;2087
12;2025-12-17;11;2046
12;2025-12-17;12;2089
12;2025-12-17;13;2093
12;2025-12-17;14;2075
12;2025-12-17;15;2318
12;2025-12-17;16;2804
12;2025-12-17;17;3052
12;2025-12-17;18;3163
12;2025-12-17;19;2455
12;2025-12-17;20;1528
12;2025-12-17;21;954
12;2025-12-17;22;501
12;2025-12-17;23;263
12;2025-12-18;0;54
12;2025-12-18;1;2
12;2025-12-18;2;0
12;2025-12-18;3;0
12;2025-12-18;4;6
12;2025-12-18;5;324
12;2025-12-18;6;1367
12;2025-12-18;7;2708
12;2025-12-18;8;3591
12;2025-12-18;9;2463
12;2025-12-18;10;2052
12;2025-12-18;11;2034
12;2025-12-18;12;2097
12;2025-12-18;13;2081
12;2025-12-18;14;2074
12;2025-12-18;15;2320
12;2025-12-18;16;2801
12;2025-12-18;17;3072
12;2025-12-18;18;3159
12;2025-12-18;19;2469
12;2025-12-18;20;1551
12;2025-12-18;21;933
12;2025-12-18;22;497
12;2025-12-18;23;266
12;2025-12-19;0;57
12;2025-12-19;1;2
12;2025-12-19;2;0
12;2025-12-19;3;0
12;2025-12-19;4;5
12;2025-12-19;5;321
12;2025-12-19;6;1367
12;2025-12-19;7;2676
12;2025-12-19;8;3527
12;2025-12-19;9;2432
12;2025-12-19;10;2006
12;2025-12-19;11;2017
12;2025-12-19;12;2060
12;2025-12-19;13;2073
12;2025-12-19;14;2102
12;2025-12-19;15;2380
12;2025-12-19;16;2939
12;2025-12-19;17;3027
12;2025-12-19;18;2870
12;2025-12-19;19;2324
12;2025-12-19;20;1511
12;2025-12-19;21;955
12;2025-12-19;22;514
12;2025-12-19;23;283
12;2025-12-20;0;86
12;2025-12-20;1;5
12;2025-12-20;2;0
12;2025-12-20;3;0
12;2025-12-20;4;3
12;2025-12-20;5;234
12;2025-12-20;6;821
12;2025-12-20;7;901
12;2025-12-20;8;1012
12;2025-12-20;9;1202
12;2025-12-20;10;1441
12;2025-12-20;11;1506
12;2025-12-20;12;1502
12;2025-12-20;13;1766
12;2025-12-20;14;1665
12;2025-12-20;15;1539
12;2025-12-20;16;1605
12;2025-12-20;17;1537
12;2025-12-20;18;1476
12;2025-12-20;19;1405
12;2025-12-20;20;999
12;2025-12-20;21;705
12;2025-12-20;22;425
12;2025-12-20;23;289
12;2025-12-21;0;83
12;2025-12-21;1;7
12;2025-12-21;2;0
12;2025-12-21;3;0
12;2025-12-21;4;2
12;2025-12-21;5;151
12;2025-12-21;6;512
12;2025-12-21;7;623
12;2025-12-21;8;714
12;2025-12-21;9;919
12;2025-12-21;10;1110
12;2025-12-21;11;1252
12;2025-12-21;12;1315
12;2025-12-21;13;1559
12;2025-12-21;14;1470
12;2025-12-21;15;1342
12;2025-12-21;16;1449
12;2025-12-21;17;1442
12;2025-12-21;18;1247
12;2025-12-21;19;995
12;2025-12-21;20;738
12;2025-12-21;21;581
12;2025-12-21;22;381
12;2025-12-21;23;211
12;2025-12-22;0;61
12;2025-12-22;1;3
12;2025-12-22;2;0
12;2025-12-22;3;0
12;2025-12-22;4;6
12;2025-12-22;5;329
12;2025-12-22;6;1382
12;2025-12-22;7;2714
12;2025-12-22;8;3583
12;2025-12-22;9;2489
12;2025-12-22;10;2017
12;2025-12-22;11;1964
12;2025-12-22;12;2058
12;2025-12-22;13;2041
12;2025-12-22;14;2019
12;2025-12-22;15;2290
12;2025-12-22;16;2768
12;2025-12-22;17;3044
12;2025-12-22;18;3179
12;2025-12-22;19;2433
12;2025-12-22;20;1549
12;2025-12-22;21;923
12;2025-12-22;22;474
12;2025-12-22;23;250
12;2025-12-23;0;53
12;2025-12-23;1;2
12;2025-12-23;2;0
12;2025-12-23;3;0
12;2025-12-23;4;6
12;2025-12-23;5;333
12;2025-12-23;6;1398
12;2025-12-23;7;2759
12;2025-12-23;8;3695
12;2025-12-23;9;2529
12;2025-12-23;10;2098
12;2025-12-23;11;2056
12;2025-12-23;12;2085
12;2025-12-23;13;2102
12;2025-12-23;14;2074
12;2025-12-23;15;2302
12;2025-12-23;16;2817
12;2025-12-23;17;3089
12;2025-12-23;18;3197
12;2025-12-23;19;2487
12;2025-12-23;20;1543
12;2025-12-23;21;929
12;2025-12-23;22;489
12;2025-12-23;23;252
12;2025-12-24;0;56
12;2025-12-24;1;2
12;2025-12-24;2;0
12;2025-12-24;3;0
12;2025-12-24;4;6
12;2025-12-24;5;331
12;2025-12-24;6;1403
12;2025-12-24;7;2708
12;2025-12-24;8;3577
12;2025-12-24;9;2532
12;2025-12-24;10;2086
12;2025-12-24;11;2045
12;2025-12-24;12;2087
12;2025-12-24;13;2091
12;2025-12-24;14;2074
12;2025-12-24;15;2317
12;2025-12-24;16;2802
12;2025-12-24;17;3050
12;2025-12-24;18;3161
12;2025-12-24;19;2453
12;2025-12-24;20;1527
12;2025-12-24;21;954
12;2025-12-24;22;501
12;2025-12-24;23;263
12;2025-12-25;0;54
12;2025-12-25;1;2
12;2025-12-25;2;0
12;2025-12-25;3;0
12;2025-12-25;4;6
12;2025-12-25;5;324
12;2025-12-25;6;1366
12;2025-12-25;7;2706
12;2025-12-25;8;3589
12;2025-12-25;9;2461
12;2025-12-25;10;2051
12;2025-12-25;11;2032
12;2025-12-25;12;2096
12;2025-12-25;13;2079
12;2025-12-25;14;2073
12;2025-12-25;15;2319
12;2025-12-25;16;2799
12;2025-12-25;17;3070
12;2025-12-25;18;3157
12;2025-12-25;19;2467
12;2025-12-25;20;1550
12;2025-12-25;21;932
12;2025-12-25;22;497
12;2025-12-25;23;266
12;2025-12-26;0;57
12;2025-12-26;1;2
12;2025-12-26;2;0
12;2025-12-26;3;0
12;2025-12-26;4;5
12;2025-12-26;5;320
12;2025-12-26;6;1366
12;2025-12-26;7;2675
12;2025-12-26;8;3525
12;2025-12-26;9;2430
12;2025-12-26;10;2004
12;2025-12-26;11;2015
12;2025-12-26;12;2059
12;2025-12-26;13;2071
12;2025-12-26;14;2101
12;2025-12-26;15;2379
12;2025-12-26;16;2937
12;2025-12-26;17;3025
12;2025-12-26;18;2868
12;2025-12-26;19;2322
12;2025-12-26;20;1510
12;2025-12-26;21;954
12;2025-12-26;22;514
12;2025-12-26;23;283
12;2025-12-27;0;86
12;2025-12-27;1;5
12;2025-12-27;2;0
12;2025-12-27;3;0
12;2025-12-27;4;3
12;2025-12-27;5;233
12;2025-12-27;6;821
12;2025-12-27;7;900
12;2025-12-27;8;1011
12;2025-12-27;9;1201
12;2025-12-27;10;1440
12;2025-12-27;11;1505
12;2025-12-27;12;1500
12;2025-12-27;13;1765
12;2025-12-27;14;1663
12;2025-12-27;15;1538
12;2025-12-27;16;1603
12;2025-12-27;17;1535
12;2025-12-27;18;1474
12;2025-12-27;19;1404
12;2025-12-27;20;998
12;2025-12-27;21;705
12;2025-12-27;22;425
12;2025-12-27;23;288
12;2025-12-28;0;83
12;2025-12-28;1;7
12;2025-12-28;2;0
12;2025-12-28;3;0
12;2025-12-28;4;2
12;2025-12-28;5;151
12;2025-12-28;6;512
12;2025-12-28;7;623
12;2025-12-28;8;715
12;2025-12-28;9;920
12;2025-12-28;10;1111
12;2025-12-28;11;1252
12;2025-12-28;12;1315
12;2025-12-28;13;1559
12;2025-12-28;14;1471
12;2025-12-28;15;1343
12;2025-12-28;16;1450
12;2025-12-28;17;1443
12;2025-12-28;18;1247
12;2025-12-28;19;996
12;2025-12-28;20;738
12;2025-12-28;21;581
12;2025-12-28;22;382
12;2025-12-28;23;211
12;2025-12-29;0;61
12;2025-12-29;1;3
12;2025-12-29;2;0
12;2025-12-29;3;0
12;2025-12-29;4;6
12;2025-12-29;5;329
12;2025-12-29;6;1381
12;2025-12-29;7;2713
12;2025-12-29;8;3581
12;2025-12-29;9;2488
12;2025-12-29;10;2016
12;2025-12-29;11;1963
12;2025-12-29;12;2057
12;2025-12-29;13;2040
12;2025-12-29;14;2017
12;2025-12-29;15;2288
12;2025-12-29;16;2766
12;2025-12-29;17;3042
12;2025-12-29;18;3177
12;2025-12-29;19;2432
12;2025-12-29;20;1548
12;2025-12-29;21;922
12;2025-12-29;22;474
12;2025-12-29;23;250
12;2025-12-30;0;53
12;2025-12-30;1;2
12;2025-12-30;2;0
12;2025-12-30;3;0
12;2025-12-30;4;6
12;2025-12-30;5;333
12;2025-12-30;6;1397
12;2025-12-30;7;2757
12;2025-12-30;8;3693
12;2025-12-30;9;2527
12;2025-12-30;10;2096
12;2025-12-30;11;2054
12;2025-12-30;12;2084
12;2025-12-30;13;2100
12;2025-12-30;14;2073
12;2025-12-30;15;2301
12;2025-12-30;16;2816
12;2025-12-30;17;3087
12;2025-12-30;18;3195
12;2025-12-30;19;2485
12;2025-12-30;20;1542
12;2025-12-30;21;928
12;2025-12-30;22;489
12;2025-12-30;23;252
12;2025-12-31;0;79
12;2025-12-31;1;6
12;2025-12-31;2;0
12;2025-12-31;3;0
12;2025-12-31;4;2
12;2025-12-31;5;151
12;2025-12-31;6;520
12;2025-12-31;7;622
12;2025-12-31;8;703
12;2025-12-31;9;898
12;2025-12-31;10;1072
12;2025-12-31;11;1219
12;2025-12-31;12;1287
12;2025-12-31;13;1531
12;2025-12-31;14;1446
12;2025-12-31;15;1317
12;2025-12-31;16;1417
12;2025-12-31;17;1397
12;2025-12-31;18;1240
12;2025-12-31;19;1003
12;2025-12-31;20;742
12;2025-12-31;21;584
12;2025-12-31;22;383
12;2025-12-31;23;213
17;2025-11-01;0;121
17;2025-11-01;1;11
17;2025-11-01;2;0
17;2025-11-01;3;0
17;2025-11-01;4;27
17;2025-11-01;5;321
17;2025-11-01;6;1538
17;2025-11-01;7;4061
17;2025-11-01;8;5369
17;2025-11-01;9;3815
17;2025-11-01;10;3000
17;2025-11-01;11;2951
17;2025-11-01;12;2999
17;2025-11-01;13;3053
17;2025-11-01;14;3146
17;2025-11-01;15;3314
17;2025-11-01;16;3760
17;2025-11-01;17;4533
17;2025-11-01;18;4827
17;2025-11-01;19;3394
17;2025-11-01;20;2361
17;2025-11-01;21;1483
17;2025-11-01;22;795
17;2025-11-01;23;379
17;2025-11-02;0;165
17;2025-11-02;1;23
17;2025-11-02;2;1
17;2025-11-02;3;1
17;2025-11-02;4;4
17;2025-11-02;5;99
17;2025-11-02;6;398
17;2025-11-02;7;713
17;2025-11-02;8;1131
17;2025-11-02;9;1557
17;2025-11-02;10;1804
17;2025-11-02;11;2268
17;2025-11-02;12;2635
17;2025-11-02;13;2875
17;2025-11-02;14;2974
17;2025-11-02;15;2983
17;2025-11-02;16;2966
17;2025-11-02;17;2791
17;2025-11-02;18;2429
17;2025-11-02;19;1954
17;2025-11-02;20;1515
17;2025-11-02;21;1096
17;2025-11-02;22;684
17;2025-11-02;23;309
17;2025-11-03;0;161
17;2025-11-03;1;22
17;2025-11-03;2;1
17;2025-11-03;3;1
17;2025-11-03;4;4
17;2025-11-03;5;99
17;2025-11-03;6;400
17;2025-11-03;7;718
17;2025-11-03;8;1127
17;2025-11-03;9;1539
17;2025-11-03;10;1772
17;2025-11-03;11;2208
17;2025-11-03;12;2591
17;2025-11-03;13;2846
17;2025-11-03;14;2947
17;2025-11-03;15;2978
17;2025-11-03;16;2970
17;2025-11-03;17;2802
17;2025-11-03;18;2443
17;2025-11-03;19;1976
17;2025-11-03;20;1535
17;2025-11-03;21;1117
17;2025-11-03;22;706
17;2025-11-03;23;319
17;2025-11-04;0;161
17;2025-11-04;1;22
17;2025-11-04;2;1
17;2025-11-04;3;1
17;2025-11-04;4;4
17;2025-11-04;5;99
17;2025-11-04;6;400
17;2025-11-04;7;718
17;2025-11-04;8;1127
17;2025-11-04;9;1539
17;2025-11-04;10;1771
17;2025-11-04;11;2208
17;2025-11-04;12;2591
17;2025-11-04;13;2846
17;2025-11-04;14;2947
17;2025-11-04;15;2978
17;2025-11-04;16;2970
17;2025-11-04;17;2802
17;2025-11-04;18;2443
17;2025-11-04;19;1976
17;2025-11-04;20;1534
17;2025-11-04;21;1117
17;2025-11-04;22;705
17;2025-11-04;23;319
17;2025-11-05;0;121
17;2025-11-05;1;10
17;2025-11-05;2;0
17;2025-11-05;3;0
17;2025-11-05;4;27
17;2025-11-05;5;318
17;2025-11-05;6;1517
17;2025-11-05;7;3996
17;2025-11-05;8;5281
17;2025-11-05;9;3755
17;2025-11-05;10;2970
17;2025-11-05;11;2931
17;2025-11-05;12;2974
17;2025-11-05;13;3045
17;2025-11-05;14;3126
17;2025-11-05;15;3288
17;2025-11-05;16;3698
17;2025-11-05;17;4477
17;2025-11-05;18;4804
17;2025-11-05;19;3379
17;2025-11-05;20;2337
17;2025-11-05;21;1486
17;2025-11-05;22;796
17;2025-11-05;23;379
17;2025-11-06;0;127
17;2025-11-06;1;11
17;2025-11-06;2;0
17;2025-11-06;3;0
17;2025-11-06;4;26
17;2025-11-06;5;316
17;2025-11-06;6;1512
17;2025-11-06;7;3981
17;2025-11-06;8;5262
17;2025-11-06;9;3767
17;2025-11-06;10;2983
17;2025-11-06;11;2932
17;2025-11-06;12;2997
17;2025-11-06;13;3047
17;2025-11-06;14;3125
17;2025-11-06;15;3279
17;2025-11-06;16;3731
17;2025-11-06;17;4477
17;2025-11-06;18;4790
17;2025-11-06;19;3385
17;2025-11-06;20;2357
17;2025-11-06;21;1491
17;2025-11-06;22;807
17;2025-11-06;23;384
17;2025-11-07;0;131
17;2025-11-07;1;13
17;2025-11-07;2;0
17;2025-11-07;3;0
17;2025-11-07;4;26
17;2025-11-07;5;313
17;2025-11-07;6;1498
17;2025-11-07;7;3942
17;2025-11-07;8;5207
17;2025-11-07;9;3732
17;2025-11-07;10;2965
17;2025-11-07;11;2942
17;2025-11-07;12;3005
17;2025-11-07;13;3088
17;2025-11-07;14;3170
17;2025-11-07;15;3417
17;2025-11-07;16;3959
17;2025-11-07;17;4540
17;2025-11-07;18;4544
17;2025-11-07;19;3282
17;2025-11-07;20;2326
17;2025-11-07;21;1525
17;2025-11-07;22;843
17;2025-11-07;23;418
17;2025-11-08;0;198
17;2025-11-08;1;22
17;2025-11-08;2;0
17;2025-11-08;3;0
17;2025-11-08;4;5
17;2025-11-08;5;124
17;2025-11-08;6;524
17;2025-11-08;7;1121
17;2025-11-08;8;1660
17;2025-11-08;9;2097
17;2025-11-08;10;2322
17;2025-11-08;11;2768
17;2025-11-08;12;3080
17;2025-11-08;13;3257
17;2025-11-08;14;3306
17;2025-11-08;15;3327
17;2025-11-08;16;3319
17;2025-11-08;17;3121
17;2025-11-08;18;2844
17;2025-11-08;19;2340
17;2025-11-08;20;1825
17;2025-11-08;21;1335
17;2025-11-08;22;827
17;2025-11-08;23;426
17;2025-11-09;0;165
17;2025-11-09;1;23
17;2025-11-09;2;1
17;2025-11-09;3;1
17;2025-11-09;4;4
17;2025-11-09;5;99
17;2025-11-09;6;398
17;2025-11-09;7;712
17;2025-11-09;8;1130
17;2025-11-09;9;1556
17;2025-11-09;10;1802
17;2025-11-09;11;2267
17;2025-11-09;12;2634
17;2025-11-09;13;2873
17;2025-11-09;14;2972
17;2025-11-09;15;2981
17;2025-11-09;16;2964
17;2025-11-09;17;2789
17;2025-11-09;18;2427
17;2025-11-09;19;1953
17;2025-11-09;20;1514
17;2025-11-09;21;1095
17;2025-11-09;22;683
17;2025-11-09;23;309
17;2025-11-10;0;111
17;2025-11-10;1;12
17;2025-11-10;2;0
17;2025-11-10;3;0
17;2025-11-10;4;26
17;2025-11-10;5;314
17;2025-11-10;6;1514
17;2025-11-10;7;4004
17;2025-11-10;8;5324
17;2025-11-10;9;3756
17;2025-11-10;10;2920
17;2025-11-10;11;2893
17;2025-11-10;12;2931
17;2025-11-10;13;2992
17;2025-11-10;14;3062
17;2025-11-10;15;3256
17;2025-11-10;16;3698
17;2025-11-10;17;4477
17;2025-11-10;18;4829
17;2025-11-10;19;3385
17;2025-11-10;20;2328
17;2025-11-10;21;1427
17;2025-11-10;22;763
17;2025-11-10;23;352
17;2025-11-11;0;116
17;2025-11-11;1;11
17;2025-11-11;2;0
17;2025-11-11;3;0
17;2025-11-11;4;27
17;2025-11-11;5;319
17;2025-11-11;6;1536
17;2025-11-11;7;4063
17;2025-11-11;8;5388
17;2025-11-11;9;3826
17;2025-11-11;10;2991
17;2025-11-11;11;2912
17;2025-11-11;12;2982
17;2025-11-11;13;3025
17;2025-11-11;14;3137
17;2025-11-11;15;3256
17;2025-11-11;16;3694
17;2025-11-11;17;4518
17;2025-11-11;18;4854
17;2025-11-11;19;3409
17;2025-11-11;20;2359
17;2025-11-11;21;1453
17;2025-11-11;22;774
17;2025-11-11;23;365
17;2025-11-12;0;120
17;2025-11-12;1;10
17;2025-11-12;2;0
17;2025-11-12;3;0
17;2025-11-12;4;27
17;2025-11-12;5;317
17;2025-11-12;6;1516
17;2025-11-12;7;3992
17;2025-11-12;8;5276
17;2025-11-12;9;3752
17;2025-11-12;10;2967
17;2025-11-12;11;2929
17;2025-11-12;12;2971
17;2025-11-12;13;3042
17;2025-11-12;14;3123
17;2025-11-12;15;3284
17;2025-11-12;16;3694
17;2025-11-12;17;4472
17;2025-11-12;18;4800
17;2025-11-12;19;3376
17;2025-11-12;20;2335
17;2025-11-12;21;1484
17;2025-11-12;22;795
17;2025-11-12;23;378
17;2025-11-13;0;127
17;2025-11-13;1;11
17;2025-11-13;2;0
17;2025-11-13;3;0
17;2025-11-13;4;26
17;2025-11-13;5;316
17;2025-11-13;6;1510
17;2025-11-13;7;3977
17;2025-11-13;8;5257
17;2025-11-13;9;3763
17;2025-11-13;10;2980
17;2025-11-13;11;2929
17;2025-11-13;12;2994
17;2025-11-13;13;3044
17;2025-11-13;14;3122
17;2025-11-13;15;3276
17;2025-11-13;16;3727
17;2025-11-13;17;4473
17;2025-11-13;18;4785
17;2025-11-13;19;3382
17;2025-11-13;20;2354
17;2025-11-13;21;1489
17;2025-11-13;22;806
17;2025-11-13;23;383
17;2025-11-14;0;131
17;2025-11-14;1;13
17;2025-11-14;2;0
17;2025-11-14;3;0
17;2025-11-14;4;25
17;2025-11-14;5;312
17;2025-11-14;6;1497
17;2025-11-14;7;3938
17;2025-11-14;8;5201
17;2025-11-14;9;3728
17;2025-11-14;10;2962
17;2025-11-14;11;2939
17;2025-11-14;12;3002
17;2025-11-14;13;3085
17;2025-11-14;14;3167
17;2025-11-14;15;3414
17;2025-11-14;16;3955
17;2025-11-14;17;4536
17;2025-11-14;18;4540
17;2025-11-14;19;3279
17;2025-11-14;20;2324
17;2025-11-14;21;1524
17;2025-11-14;22;842
17;2025-11-14;23;418
17;2025-11-15;0;198
17;2025-11-15;1;22
17;2025-11-15;2;0
17;2025-11-15;3;0
17;2025-11-15;4;5
17;2025-11-15;5;124
17;2025-11-15;6;523
17;2025-11-15;7;1119
17;2025-11-15;8;1657
17;2025-11-15;9;2093
17;2025-11-15;10;2317
17;2025-11-15;11;2762
17;2025-11-15;12;3073
17;2025-11-15;13;3250
17;2025-11-15;14;3298
17;2025-11-15;15;3320
17;2025-11-15;16;3311
17;2025-11-15;17;3114
17;2025-11-15;18;2837
17;2025-11-15;19;2335
17;2025-11-15;20;1821
17;2025-11-15;21;1332
17;2025-11-15;22;825
17;2025-11-15;23;425
17;2025-11-16;0;165
17;2025-11-16;1;23
17;2025-11-16;2;1
17;2025-11-16;3;1
17;2025-11-16;4;4
17;2025-11-16;5;99
17;2025-11-16;6;398
17;2025-11-16;7;712
17;2025-11-16;8;1130
17;2025-11-16;9;1555
17;2025-11-16;10;1801
17;2025-11-16;11;2265
17;2025-11-16;12;2632
17;2025-11-16;13;2871
17;2025-11-16;14;2971
17;2025-11-16;15;2979
17;2025-11-16;16;2963
17;2025-11-16;17;2788
17;2025-11-16;18;2426
17;2025-11-16;19;1952
17;2025-11-16;20;1513
17;2025-11-16;21;1095
17;2025-11-16;22;683
17;2025-11-16;23;308
17;2025-11-17;0;111
17;2025-11-17;1;12
17;2025-11-17;2;0
17;2025-11-17;3;0
17;2025-11-17;4;26
17;2025-11-17;5;314
17;2025-11-17;6;1512
17;2025-11-17;7;4000
17;2025-11-17;8;5319
17;2025-11-17;9;3752
17;2025-11-17;10;2917
17;2025-11-17;11;2890
17;2025-11-17;12;2929
17;2025-11-17;13;2989
17;2025-11-17;14;3059
17;2025-11-17;15;3253
17;2025-11-17;16;3695
17;2025-11-17;17;4473
17;2025-11-17;18;4825
17;2025-11-17;19;3382
17;2025-11-17;20;2326
17;2025-11-17;21;1425
17;2025-11-17;22;762
17;2025-11-17;23;351
17;2025-11-18;0;116
17;2025-11-18;1;11
17;2025-11-18;2;0
17;2025-11-18;3;0
17;2025-11-18;4;27
17;2025-11-18;5;319
17;2025-11-18;6;1535
17;2025-11-18;7;4059
17;2025-11-18;8;5383
17;2025-11-18;9;3822
17;2025-11-18;10;2989
17;2025-11-18;11;2909
17;2025-11-18;12;2979
17;2025-11-18;13;3022
17;2025-11-18;14;3134
17;2025-11-18;15;3253
17;2025-11-18;16;3690
17;2025-11-18;17;4514
17;2025-11-18;18;4850
17;2025-11-18;19;3406
17;2025-11-18;20;2357
17;2025-11-18;21;1452
17;2025-11-18;22;774
17;2025-11-18;23;364
17;2025-11-19;0;120
17;2025-11-19;1;10
17;2025-11-19;2;0
17;2025-11-19;3;0
17;2025-11-19;4;26
17;2025-11-19;5;317
17;2025-11-19;6;1514
17;2025-11-19;7;3989
17;2025-11-19;8;5271
17;2025-11-19;9;3748
17;2025-11-19;10;2964
17;2025-11-19;11;2926
17;2025-11-19;12;2968
17;2025-11-19;13;3039
17;2025-11-19;14;3120
17;2025-11-19;15;3281
17;2025-11-19;16;3691
17;2025-11-19;17;4468
17;2025-11-19;18;4795
17;2025-11-19;19;3373
17;2025-11-19;20;2333
17;2025-11-19;21;1483
17;2025-11-19;22;795
17;2025-11-19;23;378
17;2025-11-20;0;127
17;2025-11-20;1;11
17;2025-11-20;2;0
17;2025-11-20;3;0
17;2025-11-20;4;26
17;2025-11-20;5;316
17;2025-11-20;6;1509
17;2025-11-20;7;3973
17;2025-11-20;8;5252
17;2025-11-20;9;3760
17;2025-11-20;10;2977
17;2025-11-20;11;2926
17;2025-11-20;12;2991
17;2025-11-20;13;3041
17;2025-11-20;14;3119
17;2025-11-20;15;3273
17;2025-11-20;16;3724
17;2025-11-20;17;4468
17;2025-11-20;18;4781
17;2025-11-20;19;3378
17;2025-11-20;20;2352
17;2025-11-20;21;1488
17;2025-11-20;22;805
17;2025-11-20;23;383
17;2025-11-21;0;131
17;2025-11-21;1;13
17;2025-11-21;2;0
17;2025-11-21;3;0
17;2025-11-21;4;25
17;2025-11-21;5;312
17;2025-11-21;6;1496
17;2025-11-21;7;3935
17;2025-11-21;8;5197
17;2025-11-21;9;3725
17;2025-11-21;10;2959
17;2025-11-21;11;2937
17;2025-11-21;12;2999
17;2025-11-21;13;3082
17;2025-11-21;14;3164
17;2025-11-21;15;3410
17;2025-11-21;16;3952
17;2025-11-21;17;4531
17;2025-11-21;18;4536
17;2025-11-21;19;3275
17;2025-11-21;20;2322
17;2025-11-21;21;1522
17;2025-11-21;22;841
17;2025-11-21;23;417
17;2025-11-22;0;197
17;2025-11-22;1;22
17;2025-11-22;2;0
17;2025-11-22;3;0
17;2025-11-22;4;5
17;2025-11-22;5;124
17;2025-11-22;6;522
17;2025-11-22;7;1116
17;2025-11-22;8;1653
17;2025-11-22;9;2088
17;2025-11-22;10;2312
17;2025-11-22;11;2756
17;2025-11-22;12;3067
17;2025-11-22;13;3243
17;2025-11-22;14;3291
17;2025-11-22;15;3313
17;2025-11-22;16;3304
17;2025-11-22;17;3108
17;2025-11-22;18;2831
17;2025-11-22;19;2330
17;2025-11-22;20;1817
17;2025-11-22;21;1329
17;2025-11-22;22;823
17;2025-11-22;23;424
17;2025-11-23;0;165
17;2025-11-23;1;23
17;2025-11-23;2;1
17;2025-11-23;3;1
17;2025-11-23;4;4
17;2025-11-23;5;99
17;2025-11-23;6;398
17;2025-11-23;7;712
17;2025-11-23;8;1129
17;2025-11-23;9;1554
17;2025-11-23;10;1800
17;2025-11-23;11;2264
17;2025-11-23;12;2630
17;2025-11-23;13;2869
17;2025-11-23;14;2969
17;2025-11-23;15;2977
17;2025-11-23;16;2961
17;2025-11-23;17;2786
17;2025-11-23;18;2424
17;2025-11-23;19;1951
17;2025-11-23;20;1512
17;2025-11-23;21;1094
17;2025-11-23;22;682
17;2025-11-23;23;308
17;2025-11-24;0;111
17;2025-11-24;1;12
17;2025-11-24;2;0
17;2025-11-24;3;0
17;2025-11-24;4;26
17;2025-11-24;5;314
17;2025-11-24;6;1511
17;2025-11-24;7;3997
17;2025-11-24;8;5314
17;2025-11-24;9;3749
17;2025-11-24;10;2915
17;2025-11-24;11;2887
17;2025-11-24;12;2926
17;2025-11-24;13;2987
17;2025-11-24;14;3056
17;2025-11-24;15;3250
17;2025-11-24;16;3691
17;2025-11-24;17;4469
17;2025-11-24;18;4820
17;2025-11-24;19;3379
17;2025-11-24;20;2324
17;2025-11-24;21;1424
17;2025-11-24;22;761
17;2025-11-24;23;351
17;2025-11-25;0;116
17;2025-11-25;1;10
17;2025-11-25;2;0
17;2025-11-25;3;0
17;2025-11-25;4;27
17;2025-11-25;5;319
17;2025-11-25;6;1534
17;2025-11-25;7;4056
17;2025-11-25;8;5378
17;2025-11-25;9;3819
17;2025-11-25;10;2986
17;2025-11-25;11;2906
17;2025-11-25;12;2976
17;2025-11-25;13;3019
17;2025-11-25;14;3131
17;2025-11-25;15;3250
17;2025-11-25;16;3687
17;2025-11-25;17;4510
17;2025-11-25;18;4845
17;2025-11-25;19;3403
17;2025-11-25;20;2355
17;2025-11-25;21;1451
17;2025-11-25;22;773
17;2025-11-25;23;364
17;2025-11-26;0;120
17;2025-11-26;1;10
17;2025-11-26;2;0
17;2025-11-26;3;0
17;2025-11-26;4;26
17;2025-11-26;5;317
17;2025-11-26;6;1513
17;2025-11-26;7;3985
17;2025-11-26;8;5266
17;2025-11-26;9;3745
17;2025-11-26;10;2961
17;2025-11-26;11;2923
17;2025-11-26;12;2966
17;2025-11-26;13;3037
17;2025-11-26;14;3117
17;2025-11-26;15;3278
17;2025-11-26;16;3688
17;2025-11-26;17;4464
17;2025-11-26;18;4791
17;2025-11-26;19;3370
17;2025-11-26;20;2331
17;2025-11-26;21;1481
17;2025-11-26;22;794
17;2025-11-26;23;378
17;2025-11-27;0;127
17;2025-11-27;1;11
17;2025-11-27;2;0
17;2025-11-27;3;0
17;2025-11-27;4;26
17;2025-11-27;5;315
17;2025-11-27;6;1507
17;2025-11-27;7;3969
17;2025-11-27;8;5247
17;2025-11-27;9;3756
17;2025-11-27;10;2974
17;2025-11-27;11;2923
17;2025-11-27;12;2989
17;2025-11-27;13;3038
17;2025-11-27;14;3116
17;2025-11-27;15;3270
17;2025-11-27;16;3720
17;2025-11-27;17;4464
17;2025-11-27;18;4777
17;2025-11-27;19;3375
17;2025-11-27;20;2350
17;2025-11-27;21;1486
17;2025-11-27;22;805
17;2025-11-27;23;383
17;2025-11-28;0;131
17;2025-11-28;1;13
17;2025-11-28;2;0
17;2025-11-28;3;0
17;2025-11-28;4;25
17;2025-11-28;5;312
17;2025-11-28;6;1494
17;2025-11-28;7;3931
17;2025-11-28;8;5192
17;2025-11-28;9;3721
17;2025-11-28;10;2957
17;2025-11-28;11;2934
17;2025-11-28;12;2997
17;2025-11-28;13;3079
17;2025-11-28;14;3161
17;2025-11-28;15;3407
17;2025-11-28;16;3948
17;2025-11-28;17;4527
17;2025-11-28;18;4532
17;2025-11-28;19;3273
17;2025-11-28;20;2320
17;2025-11-28;21;1521
17;2025-11-28;22;840
17;2025-11-28;23;417
17;2025-11-29;0;197
17;2025-11-29;1;22
17;2025-11-29;2;0
17;2025-11-29;3;0
17;2025-11-29;4;5
17;2025-11-29;5;123
17;2025-11-29;6;521
17;2025-11-29;7;1114
17;2025-11-29;8;1650
17;2025-11-29;9;2084
17;2025-11-29;10;2308
17;2025-11-29;11;2751
17;2025-11-29;12;3061
17;2025-11-29;13;3236
17;2025-11-29;14;3285
17;2025-11-29;15;3306
17;2025-11-29;16;3298
17;2025-11-29;17;3102
17;2025-11-29;18;2826
17;2025-11-29;19;2325
17;2025-11-29;20;1814
17;2025-11-29;21;1326
17;2025-11-29;22;821
17;2025-11-29;23;423
17;2025-11-30;0;165
17;2025-11-30;1;23
17;2025-11-30;2;1
17;2025-11-30;3;1
17;2025-11-30;4;4
17;2025-11-30;5;99
17;2025-11-30;6;397
17;2025-11-30;7;711
17;2025-11-30;8;1129
17;2025-11-30;9;1554
17;2025-11-30;10;1799
17;2025-11-30;11;2263
17;2025-11-30;12;2629
17;2025-11-30;13;2868
17;2025-11-30;14;2967
17;2025-11-30;15;2976
17;2025-11-30;16;2959
17;2025-11-30;17;2784
17;2025-11-30;18;2423
17;2025-11-30;19;1949
17;2025-11-30;20;1511
17;2025-11-30;21;1093
17;2025-11-30;22;682
17;2025-11-30;23;308
17;2025-12-01;0;111
17;2025-12-01;1;12
17;2025-12-01;2;0
17;2025-12-01;3;0
17;2025-12-01;4;26
17;2025-12-01;5;313
17;2025-12-01;6;1509
17;2025-12-01;7;3993
17;2025-12-01;8;5310
17;2025-12-01;9;3746
17;2025-12-01;10;2912
17;2025-12-01;11;2885
17;2025-12-01;12;2923
17;2025-12-01;13;2984
17;2025-12-01;14;3053
17;2025-12-01;15;3247
17;2025-12-01;16;3688
17;2025-12-01;17;4465
17;2025-12-01;18;4816
17;2025-12-01;19;3376
17;2025-12-01;20;2322
17;2025-12-01;21;1423
17;2025-12-01;22;761
17;2025-12-01;23;351
17;2025-12-02;0;116
17;2025-12-02;1;10
17;2025-12-02;2;0
17;2025-12-02;3;0
17;2025-12-02;4;27
17;2025-12-02;5;318
17;2025-12-02;6;1532
17;2025-12-02;7;4052
17;2025-12-02;8;5373
17;2025-12-02;9;3816
17;2025-12-02;10;2983
17;2025-12-02;11;2904
17;2025-12-02;12;2974
17;2025-12-02;13;3017
17;2025-12-02;14;3128
17;2025-12-02;15;3247
17;2025-12-02;16;3683
17;2025-12-02;17;4506
17;2025-12-02;18;4841
17;2025-12-02;19;3400
17;2025-12-02;20;2353
17;2025-12-02;21;1449
17;2025-12-02;22;772
17;2025-12-02;23;364
17;2025-12-03;0;120
17;2025-12-03;1;10
17;2025-12-03;2;0
17;2025-12-03;3;0
17;2025-12-03;4;26
17;2025-12-03;5;317
17;2025-12-03;6;1512
17;2025-12-03;7;3982
17;2025-12-03;8;5262
17;2025-12-03;9;3741
17;2025-12-03;10;2959
17;2025-12-03;11;2921
17;2025-12-03;12;2963
17;2025-12-03;13;3034
17;2025-12-03;14;3114
17;2025-12-03;15;3275
17;2025-12-03;16;3684
17;2025-12-03;17;4460
17;2025-12-03;18;4787
17;2025-12-03;19;3367
17;2025-12-03;20;2329
17;2025-12-03;21;1480
17;2025-12-03;22;793
17;2025-12-03;23;377
17;2025-12-04;0;127
17;2025-12-04;1;11
17;2025-12-04;2;0
17;2025-12-04;3;0
17;2025-12-04;4;26
17;2025-12-04;5;315
17;2025-12-04;6;1506
17;2025-12-04;7;3966
17;2025-12-04;8;5243
17;2025-12-04;9;3753
17;2025-12-04;10;2972
17;2025-12-04;11;2921
17;2025-12-04;12;2986
17;2025-12-04;13;3036
17;2025-12-04;14;3114
17;2025-12-04;15;3267
17;2025-12-04;16;3717
17;2025-12-04;17;4461
17;2025-12-04;18;4773
17;2025-12-04;19;3373
17;2025-12-04;20;2348
17;2025-12-04;21;1485
17;2025-12-04;22;804
17;2025-12-04;23;382
17;2025-12-05;0;131
17;2025-12-05;1;13
17;2025-12-05;2;0
17;2025-12-05;3;0
17;2025-12-05;4;25
17;2025-12-05;5;311
17;2025-12-05;6;1493
17;2025-12-05;7;3928
17;2025-12-05;8;5188
17;2025-12-05;9;3718
17;2025-12-05;10;2954
17;2025-12-05;11;2932
17;2025-12-05;12;2994
17;2025-12-05;13;3077
17;2025-12-05;14;3159
17;2025-12-05;15;3405
17;2025-12-05;16;3945
17;2025-12-05;17;4524
17;2025-12-05;18;4528
17;2025-12-05;19;3270
17;2025-12-05;20;2318
17;2025-12-05;21;1520
17;2025-12-05;22;839
17;2025-12-05;23;417
17;2025-12-06;0;196
17;2025-12-06;1;22
17;2025-12-06;2;0
17;2025-12-06;3;0
17;2025-12-06;4;5
17;2025-12-06;5;123
17;2025-12-06;6;520
17;2025-12-06;7;1112
17;2025-12-06;8;1647
17;2025-12-06;9;2080
17;2025-12-06;10;2303
17;2025-12-06;11;2745
17;2025-12-06;12;3055
17;2025-12-06;13;3230
17;2025-12-06;14;3279
17;2025-12-06;15;3300
17;2025-12-06;16;3292
17;2025-12-06;17;3096
17;2025-12-06;18;2821
17;2025-12-06;19;2320
17;2025-12-06;20;1810
17;2025-12-06;21;1324
17;2025-12-06;22;820
17;2025-12-06;23;423
17;2025-12-07;0;165
17;2025-12-07;1;23
17;2025-12-07;2;1
17;2025-12-07;3;1
17;2025-12-07;4;4
17;2025-12-07;5;99
17;2025-12-07;6;397
17;2025-12-07;7;711
17;2025-12-07;8;1128
17;2025-12-07;9;1553
17;2025-12-07;10;1798
17;2025-12-07;11;2262
17;2025-12-07;12;2628
17;2025-12-07;13;2866
17;2025-12-07;14;2966
17;2025-12-07;15;2974
17;2025-12-07;16;2958
17;2025-12-07;17;2783
17;2025-12-07;18;2422
17;2025-12-07;19;1948
17;2025-12-07;20;1511
17;2025-12-07;21;1093
17;2025-12-07;22;682
17;2025-12-07;23;308
17;2025-12-08;0;111
17;2025-12-08;1;12
17;2025-12-08;2;0
17;2025-12-08;3;0
17;2025-12-08;4;26
17;2025-12-08;5;313
17;2025-12-08;6;1508
17;2025-12-08;7;3990
17;2025-12-08;8;5305
17;2025-12-08;9;3743
17;2025-12-08;10;2910
17;2025-12-08;11;2882
17;2025-12-08;12;2921
17;2025-12-08;13;2982
17;2025-12-08;14;3051
17;2025-12-08;15;3244
17;2025-12-08;16;3685
17;2025-12-08;17;4461
17;2025-12-08;18;4812
17;2025-12-08;19;3373
17;2025-12-08;20;2320
17;2025-12-08;21;1422
17;2025-12-08;22;760
17;2025-12-08;23;350
17;2025-12-09;0;116
17;2025-12-09;1;10
17;2025-12-09;2;0
17;2025-12-09;3;0
17;2025-12-09;4;27
17;2025-12-09;5;318
17;2025-12-09;6;1531
17;2025-12-09;7;4049
17;2025-12-09;8;5369
17;2025-12-09;9;3812
17;2025-12-09;10;2981
17;2025-12-09;11;2902
17;2025-12-09;12;2971
17;2025-12-09;13;3014
17;2025-12-09;14;3125
17;2025-12-09;15;3245
17;2025-12-09;16;3680
17;2025-12-09;17;4502
17;2025-12-09;18;4837
17;2025-12-09;19;3397
17;2025-12-09;20;2351
17;2025-12-09;21;1448
17;2025-12-09;22;772
17;2025-12-09;23;363
17;2025-12-10;0;120
17;2025-12-10;1;10
17;2025-12-10;2;0
17;2025-12-10;3;0
17;2025-12-10;4;26
17;2025-12-10;5;316
17;2025-12-10;6;1510
17;2025-12-10;7;3978
17;2025-12-10;8;5258
17;2025-12-10;9;3738
17;2025-12-10;10;2956
17;2025-12-10;11;2918
17;2025-12-10;12;2961
17;2025-12-10;13;3032
17;2025-12-10;14;3112
17;2025-12-10;15;3273
17;2025-12-10;16;3681
17;2025-12-10;17;4457
17;2025-12-10;18;4783
17;2025-12-10;19;3364
17;2025-12-10;20;2327
17;2025-12-10;21;1479
17;2025-12-10;22;792
17;2025-12-10;23;377
17;2025-12-11;0;127
17;2025-12-11;1;11
17;2025-12-11;2;0
17;2025-12-11;3;0
17;2025-12-11;4;26
17;2025-12-11;5;315
17;2025-12-11;6;1505
17;2025-12-11;7;3963
17;2025-12-11;8;5238
17;2025-12-11;9;3750
17;2025-12-11;10;2969
17;2025-12-11;11;2918
17;2025-12-11;12;2984
17;2025-12-11;13;3033
17;2025-12-11;14;3111
17;2025-12-11;15;3264
17;2025-12-11;16;3714
17;2025-12-11;17;4457
17;2025-12-11;18;4769
17;2025-12-11;19;3370
17;2025-12-11;20;2346
17;2025-12-11;21;1484
17;2025-12-11;22;803
17;2025-12-11;23;382
17;2025-12-12;0;131
17;2025-12-12;1;13
17;2025-12-12;2;0
17;2025-12-12;3;0
17;2025-12-12;4;25
17;2025-12-12;5;311
17;2025-12-12;6;1492
17;2025-12-12;7;3925
17;2025-12-12;8;5184
17;2025-12-12;9;3715
17;2025-12-12;10;2952
17;2025-12-12;11;2929
17;2025-12-12;12;2992
17;2025-12-12;13;3074
17;2025-12-12;14;3156
17;2025-12-12;15;3402
17;2025-12-12;16;3942
17;2025-12-12;17;4520
17;2025-12-12;18;4524
17;2025-12-12;19;3267
17;2025-12-12;20;2316
17;2025-12-12;21;1519
17;2025-12-12;22;839
17;2025-12-12;23;416
17;2025-12-13;0;196
17;2025-12-13;1;22
17;2025-12-13;2;0
17;2025-12-13;3;0
17;2025-12-13;4;5
17;2025-12-13;5;123
17;2025-12-13;6;519
17;2025-12-13;7;1110
17;2025-12-13;8;1644
17;2025-12-13;9;2077
17;2025-12-13;10;2299
17;2025-12-13;11;2741
17;2025-12-13;12;3049
17;2025-12-13;13;3224
17;2025-12-13;14;3273
17;2025-12-13;15;3294
17;2025-12-13;16;3286
17;2025-12-13;17;3090
17;2025-12-13;18;2816
17;2025-12-13;19;2316
17;2025-12-13;20;1807
17;2025-12-13;21;1321
17;2025-12-13;22;818
17;2025-12-13;23;422
17;2025-12-14;0;165
17;2025-12-14;1;23
17;2025-12-14;2;1
17;2025-12-14;3;1
17;2025-12-14;4;4
17;2025-12-14;5;99
17;2025-12-14;6;397
17;2025-12-14;7;710
17;2025-12-14;8;1127
17;2025-12-14;9;1552
17;2025-12-14;10;1798
17;2025-12-14;11;2260
17;2025-12-14;12;2626
17;2025-12-14;13;2865
17;2025-12-14;14;2964
17;2025-12-14;15;2973
17;2025-12-14;16;2956
17;2025-12-14;17;2782
17;2025-12-14;18;2420
17;2025-12-14;19;1947
17;2025-12-14;20;1510
17;2025-12-14;21;1092
17;2025-12-14;22;681
17;2025-12-14;23;308
17;2025-12-15;0;111
17;2025-12-15;1;12
17;2025-12-15;2;0
17;2025-12-15;3;0
17;2025-12-15;4;26
17;2025-12-15;5;313
17;2025-12-15;6;1507
17;2025-12-15;7;3987
17;2025-12-15;8;5301
17;2025-12-15;9;3740
17;2025-12-15;10;2907
17;2025-12-15;11;2880
17;2025-12-15;12;2919
17;2025-12-15;13;2979
17;2025-12-15;14;3049
17;2025-12-15;15;3242
17;2025-12-15;16;3682
17;2025-12-15;17;4458
17;2025-12-15;18;4808
17;2025-12-15;19;3370
17;2025-12-15;20;2318
17;2025-12-15;21;1421
17;2025-12-15;22;760
17;2025-12-15;23;350
17;2025-12-16;0;116
17;2025-12-16;1;10
17;2025-12-16;2;0
17;2025-12-16;3;0
17;2025-12-16;4;27
17;2025-12-16;5;318
17;2025-12-16;6;1530
17;2025-12-16;7;4046
17;2025-12-16;8;5365
17;2025-12-16;9;3809
17;2025-12-16;10;2979
17;2025-12-16;11;2899
17;2025-12-16;12;2969
17;2025-12-16;13;3012
17;2025-12-16;14;3123
17;2025-12-16;15;3242
17;2025-12-16;16;3677
17;2025-12-16;17;4499
17;2025-12-16;18;4833
17;2025-12-16;19;3394
17;2025-12-16;20;2349
17;2025-12-16;21;1447
17;2025-12-16;22;771
17;2025-12-16;23;363
17;2025-12-17;0;120
17;2025-12-17;1;10
17;2025-12-17;2;0
17;2025-12-17;3;0
17;2025-12-17;4;26
17;2025-12-17;5;316
17;2025-12-17;6;1509
17;2025-12-17;7;3975
17;2025-12-17;8;5254
17;2025-12-17;9;3736
17;2025-12-17;10;2954
17;2025-12-17;11;2916
17;2025-12-17;12;2958
17;2025-12-17;13;3029
17;2025-12-17;14;3109
17;2025-12-17;15;3270
17;2025-12-17;16;3679
17;2025-12-17;17;4453
17;2025-12-17;18;4779
17;2025-12-17;19;3361
17;2025-12-17;20;2325
17;2025-12-17;21;1478
17;2025-12-17;22;792
17;2025-12-17;23;377
17;2025-12-18;0;126
17;2025-12-18;1;11
17;2025-12-18;2;0
17;2025-12-18;3;0
17;2025-12-18;4;26
17;2025-12-18;5;315
17;2025-12-18;6;1504
17;2025-12-18;7;3960
17;2025-12-18;8;5234
17;2025-12-18;9;3747
17;2025-12-18;10;2967
17;2025-12-18;11;2916
17;2025-12-18;12;2982
17;2025-12-18;13;3031
17;2025-12-18;14;3109
17;2025-12-18;15;3262
17;2025-12-18;16;3712
17;2025-12-18;17;4454
17;2025-12-18;18;4765
17;2025-12-18;19;3367
17;2025-12-18;20;2344
17;2025-12-18;21;1483
17;2025-12-18;22;803
17;2025-12-18;23;382
17;2025-12-19;0;131
17;2025-12-19;1;13
17;2025-12-19;2;0
17;2025-12-19;3;0
17;2025-12-19;4;25
17;2025-12-19;5;311
17;2025-12-19;6;1491
17;2025-12-19;7;3922
17;2025-12-19;8;5180
17;2025-12-19;9;3713
17;2025-12-19;10;2950
17;2025-12-19;11;2927
17;2025-12-19;12;2989
17;2025-12-19;13;3072
17;2025-12-19;14;3154
17;2025-12-19;15;3399
17;2025-12-19;16;3939
17;2025-12-19;17;4517
17;2025-12-19;18;4521
17;2025-12-19;19;3265
17;2025-12-19;20;2314
17;2025-12-19;21;1517
17;2025-12-19;22;838
17;2025-12-19;23;416
17;2025-12-20;0;196
17;2025-12-20;1;22
17;2025-12-20;2;0
17;2025-12-20;3;0
17;2025-12-20;4;5
17;2025-12-20;5;123
17;2025-12-20;6;518
17;2025-12-20;7;1108
17;2025-12-20;8;1641
17;2025-12-20;9;2073
17;2025-12-20;10;2295
17;2025-12-20;11;2736
17;2025-12-20;12;3044
17;2025-12-20;13;3219
17;2025-12-20;14;3267
17;2025-12-20;15;3289
17;2025-12-20;16;3280
17;2025-12-20;17;3085
17;2025-12-20;18;2811
17;2025-12-20;19;2312
17;2025-12-20;20;1804
17;2025-12-20;21;1319
17;2025-12-20;22;817
17;2025-12-20;23;421
17;2025-12-21;0;165
17;2025-12-21;1;23
17;2025-12-21;2;1
17;2025-12-21;3;1
17;2025-12-21;4;4
17;2025-12-21;5;99
17;2025-12-21;6;397
17;2025-12-21;7;710
17;2025-12-21;8;1127
17;2025-12-21;9;1551
17;2025-12-21;10;1797
17;2025-12-21;11;2259
17;2025-12-21;12;2625
17;2025-12-21;13;2864
17;2025-12-21;14;2963
17;2025-12-21;15;2971
17;2025-12-21;16;2955
17;2025-12-21;17;2780
17;2025-12-21;18;2419
17;2025-12-21;19;1947
17;2025-12-21;20;1509
17;2025-12-21;21;1092
17;2025-12-21;22;681
17;2025-12-21;23;308
17;2025-12-22;0;111
17;2025-12-22;1;12
17;2025-12-22;2;0
17;2025-12-22;3;0
17;2025-12-22;4;26
17;2025-12-22;5;313
17;2025-12-22;6;1506
17;2025-12-22;7;3984
17;2025-12-22;8;5297
17;2025-12-22;9;3737
17;2025-12-22;10;2905
17;2025-12-22;11;2878
17;2025-12-22;12;2916
17;2025-12-22;13;2977
17;2025-12-22;14;3046
17;2025-12-22;15;3239
17;2025-12-22;16;3679
17;2025-12-22;17;4454
17;2025-12-22;18;4805
17;2025-12-22;19;3368
17;2025-12-22;20;2316
17;2025-12-22;21;1419
17;2025-12-22;22;759
17;2025-12-22;23;350
17;2025-12-23;0;116
17;2025-12-23;1;10
17;2025-12-23;2;0
17;2025-12-23;3;0
17;2025-12-23;4;27
17;2025-12-23;5;318
17;2025-12-23;6;1529
17;2025-12-23;7;4043
17;2025-12-23;8;5361
17;2025-12-23;9;3807
17;2025-12-23;10;2976
17;2025-12-23;11;2897
17;2025-12-23;12;2967
17;2025-12-23;13;3009
17;2025-12-23;14;3121
17;2025-12-23;15;3240
17;2025-12-23;16;3675
17;2025-12-23;17;4495
17;2025-12-23;18;4830
17;2025-12-23;19;3392
17;2025-12-23;20;2347
17;2025-12-23;21;1446
17;2025-12-23;22;770
17;2025-12-23;23;363
17;2025-12-24;0;120
17;2025-12-24;1;10
17;2025-12-24;2;0
17;2025-12-24;3;0
17;2025-12-24;4;26
17;2025-12-24;5;316
17;2025-12-24;6;1508
17;2025-12-24;7;3973
17;2025-12-24;8;5250
17;2025-12-24;9;3733
17;2025-12-24;10;2952
17;2025-12-24;11;2914
17;2025-12-24;12;2956
17;2025-12-24;13;3027
17;2025-12-24;14;3107
17;2025-12-24;15;3268
17;2025-12-24;16;3676
17;2025-12-24;17;4450
17;2025-12-24;18;4776
17;2025-12-24;19;3359
17;2025-12-24;20;2323
17;2025-12-24;21;1477
17;2025-12-24;22;791
17;2025-12-24;23;376
17;2025-12-25;0;126
17;2025-12-25;1;11
17;2025-12-25;2;0
17;2025-12-25;3;0
17;2025-12-25;4;26
17;2025-12-25;5;314
17;2025-12-25;6;1503
17;2025-12-25;7;3957
17;2025-12-25;8;5231
17;2025-12-25;9;3745
17;2025-12-25;10;2965
17;2025-12-25;11;2914
17;2025-12-25;12;2979
17;2025-12-25;13;3029
17;2025-12-25;14;3106
17;2025-12-25;15;3259
17;2025-12-25;16;3709
17;2025-12-25;17;4450
17;2025-12-25;18;4762
17;2025-12-25;19;3365
17;2025-12-25;20;2343
17;2025-12-25;21;1482
17;2025-12-25;22;802
17;2025-12-25;23;381
17;2025-12-26;0;131
17;2025-12-26;1;13
17;2025-12-26;2;0
17;2025-12-26;3;0
17;2025-12-26;4;25
17;2025-12-26;5;311
17;2025-12-26;6;1490
17;2025-12-26;7;3919
17;2025-12-26;8;5176
17;2025-12-26;9;3710
17;2025-12-26;10;2948
17;2025-12-26;11;2925
17;2025-12-26;12;2987
17;2025-12-26;13;3070
17;2025-12-26;14;3151
17;2025-12-26;15;3397
17;2025-12-26;16;3936
17;2025-12-26;17;4513
17;2025-12-26;18;4518
17;2025-12-26;19;3262
17;2025-12-26;20;2313
17;2025-12-26;21;1516
17;2025-12-26;22;838
17;2025-12-26;23;416
17;2025-12-27;0;195
17;2025-12-27;1;22
17;2025-12-27;2;0
17;2025-12-27;3;0
17;2025-12-27;4;5
17;2025-12-27;5;122
17;2025-12-27;6;517
17;2025-12-27;7;1106
17;2025-12-27;8;1639
17;2025-12-27;9;2070
17;2025-12-27;10;2292
17;2025-12-27;11;2732
17;2025-12-27;12;3039
17;2025-12-27;13;3214
17;2025-12-27;14;3262
17;2025-12-27;15;3284
17;2025-12-27;16;3275
17;2025-12-27;17;3080
17;2025-12-27;18;2806
17;2025-12-27;19;2309
17;2025-12-27;20;1801
17;2025-12-27;21;1317
17;2025-12-27;22;816
17;2025-12-27;23;420
17;2025-12-28;0;165
17;2025-12-28;1;23
17;2025-12-28;2;1
17;2025-12-28;3;1
17;2025-12-28;4;4
17;2025-12-28;5;99
17;2025-12-28;6;397
17;2025-12-28;7;710
17;2025-12-28;8;1126
17;2025-12-28;9;1551
17;2025-12-28;10;1796
17;2025-12-28;11;2258
17;2025-12-28;12;2624
17;2025-12-28;13;2862
17;2025-12-28;14;2962
17;2025-12-28;15;2970
17;2025-12-28;16;2954
17;2025-12-28;17;2779
17;2025-12-28;18;2418
17;2025-12-28;19;1946
17;2025-12-28;20;1508
17;2025-12-28;21;1091
17;2025-12-28;22;681
17;2025-12-28;23;307
17;2025-12-29;0;111
17;2025-12-29;1;12
17;2025-12-29;2;0
17;2025-12-29;3;0
17;2025-12-29;4;26
17;2025-12-29;5;313
17;2025-12-29;6;1505
17;2025-12-29;7;3981
17;2025-12-29;8;5294
17;2025-12-29;9;3734
17;2025-12-29;10;2903
17;2025-12-29;11;2876
17;2025-12-29;12;2914
17;2025-12-29;13;2975
17;2025-12-29;14;3044
17;2025-12-29;15;3237
17;2025-12-29;16;3677
17;2025-12-29;17;4451
17;2025-12-29;18;4801
17;2025-12-29;19;3366
17;2025-12-29;20;2315
17;2025-12-29;21;1418
17;2025-12-29;22;758
17;2025-12-29;23;350
17;2025-12-30;0;115
17;2025-12-30;1;10
17;2025-12-30;2;0
17;2025-12-30;3;0
17;2025-12-30;4;27
17;2025-12-30;5;317
17;2025-12-30;6;1528
17;2025-12-30;7;4040
17;2025-12-30;8;5357
17;2025-12-30;9;3804
17;2025-12-30;10;2974
17;2025-12-30;11;2895
17;2025-12-30;12;2965
17;2025-12-30;13;3007
17;2025-12-30;14;3119
17;2025-12-30;15;3237
17;2025-12-30;16;3672
17;2025-12-30;17;4492
17;2025-12-30;18;4827
17;2025-12-30;19;3390
17;2025-12-30;20;2345
17;2025-12-30;21;1445
17;2025-12-30;22;770
17;2025-12-30;23;363
17;2025-12-31;0;161
17;2025-12-31;1;22
17;2025-12-31;2;1
17;2025-12-31;3;1
17;2025-12-31;4;4
17;2025-12-31;5;99
17;2025-12-31;6;398
17;2025-12-31;7;715
17;2025-12-31;8;1122
17;2025-12-31;9;1532
17;2025-12-31;10;1764
17;2025-12-31;11;2199
17;2025-12-31;12;2580
17;2025-12-31;13;2833
17;2025-12-31;14;2934
17;2025-12-31;15;2965
17;2025-12-31;16;2957
17;2025-12-31;17;2790
17;2025-12-31;18;2433
17;2025-12-31;19;1967
17;2025-12-31;20;1528
17;2025-12-31;21;1112
17;2025-12-31;22;702
17;2025-12-31;23;318
25;2025-11-01;0;2
25;2025-11-01;1;0
25;2025-11-01;2;0
25;2025-11-01;3;0
25;2025-11-01;4;0
25;2025-11-01;5;5
25;2025-11-01;6;179
25;2025-11-01;7;543
25;2025-11-01;8;916
25;2025-11-01;9;481
25;2025-11-01;10;371
25;2025-11-01;11;426
25;2025-11-01;12;409
25;2025-11-01;13;527
25;2025-11-01;14;461
25;2025-11-01;15;546
25;2025-11-01;16;691
25;2025-11-01;17;752
25;2025-11-01;18;767
25;2025-11-01;19;505
25;2025-11-01;20;318
25;2025-11-01;21;210
25;2025-11-01;22;117
25;2025-11-01;23;9
25;2025-11-02;0;14
25;2025-11-02;1;0
25;2025-11-02;2;0
25;2025-11-02;3;0
25;2025-11-02;4;0
25;2025-11-02;5;3
25;2025-11-02;6;49
25;2025-11-02;7;94
25;2025-11-02;8;178
25;2025-11-02;9;197
25;2025-11-02;10;213
25;2025-11-02;11;279
25;2025-11-02;12;329
25;2025-11-02;13;424
25;2025-11-02;14;459
25;2025-11-02;15;548
25;2025-11-02;16;469
25;2025-11-02;17;429
25;2025-11-02;18;385
25;2025-11-02;19;325
25;2025-11-02;20;216
25;2025-11-02;21;175
25;2025-11-02;22;102
25;2025-11-02;23;38
25;2025-11-03;0;13
25;2025-11-03;1;0
25;2025-11-03;2;0
25;2025-11-03;3;0
25;2025-11-03;4;0
25;2025-11-03;5;2
25;2025-11-03;6;47
25;2025-11-03;7;92
25;2025-11-03;8;171
25;2025-11-03;9;188
25;2025-11-03;10;207
25;2025-11-03;11;264
25;2025-11-03;12;315
25;2025-11-03;13;403
25;2025-11-03;14;439
25;2025-11-03;15;533
25;2025-11-03;16;458
25;2025-11-03;17;422
25;2025-11-03;18;374
25;2025-11-03;19;319
25;2025-11-03;20;219
25;2025-11-03;21;177
25;2025-11-03;22;103
25;2025-11-03;23;39
25;2025-11-04;0;13
25;2025-11-04;1;0
25;2025-11-04;2;0
25;2025-11-04;3;0
25;2025-11-04;4;0
25;2025-11-04;5;2
25;2025-11-04;6;46
25;2025-11-04;7;92
25;2025-11-04;8;171
25;2025-11-04;9;188
25;2025-11-04;10;207
25;2025-11-04;11;264
25;2025-11-04;12;315
25;2025-11-04;13;403
25;2025-11-04;14;439
25;2025-11-04;15;532
25;2025-11-04;16;458
25;2025-11-04;17;422
25;2025-11-04;18;374
25;2025-11-04;19;319
25;2025-11-04;20;219
25;2025-11-04;21;177
25;2025-11-04;22;103
25;2025-11-04;23;39
25;2025-11-05;0;2
25;2025-11-05;1;0
25;2025-11-05;2;0
25;2025-11-05;3;0
25;2025-11-05;4;0
25;2025-11-05;5;5
25;2025-11-05;6;179
25;2025-11-05;7;534
25;2025-11-05;8;912
25;2025-11-05;9;478
25;2025-11-05;10;365
25;2025-11-05;11;424
25;2025-11-05;12;415
25;2025-11-05;13;538
25;2025-11-05;14;454
25;2025-11-05;15;538
25;2025-11-05;16;673
25;2025-11-05;17;743
25;2025-11-05;18;775
25;2025-11-05;19;502
25;2025-11-05;20;326
25;2025-11-05;21;211
25;2025-11-05;22;116
25;2025-11-05;23;8
25;2025-11-06;0;1
25;2025-11-06;1;0
25;2025-11-06;2;0
25;2025-11-06;3;0
25;2025-11-06;4;0
25;2025-11-06;5;6
25;2025-11-06;6;173
25;2025-11-06;7;527
25;2025-11-06;8;904
25;2025-11-06;9;466
25;2025-11-06;10;368
25;2025-11-06;11;413
25;2025-11-06;12;402
25;2025-11-06;13;515
25;2025-11-06;14;463
25;2025-11-06;15;549
25;2025-11-06;16;667
25;2025-11-06;17;743
25;2025-11-06;18;756
25;2025-11-06;19;502
25;2025-11-06;20;311
25;2025-11-06;21;210
25;2025-11-06;22;117
25;2025-11-06;23;10
25;2025-11-07;0;1
25;2025-11-07;1;0
25;2025-11-07;2;0
25;2025-11-07;3;0
25;2025-11-07;4;0
25;2025-11-07;5;5
25;2025-11-07;6;173
25;2025-11-07;7;524
25;2025-11-07;8;872
25;2025-11-07;9;461
25;2025-11-07;10;361
25;2025-11-07;11;425
25;2025-11-07;12;415
25;2025-11-07;13;529
25;2025-11-07;14;485
25;2025-11-07;15;575
25;2025-11-07;16;713
25;2025-11-07;17;757
25;2025-11-07;18;702
25;2025-11-07;19;485
25;2025-11-07;20;310
25;2025-11-07;21;213
25;2025-11-07;22;125
25;2025-11-07;23;12
25;2025-11-08;0;2
25;2025-11-08;1;0
25;2025-11-08;2;0
25;2025-11-08;3;0
25;2025-11-08;4;0
25;2025-11-08;5;3
25;2025-11-08;6;64
25;2025-11-08;7;135
25;2025-11-08;8;307
25;2025-11-08;9;278
25;2025-11-08;10;280
25;2025-11-08;11;382
25;2025-11-08;12;392
25;2025-11-08;13;529
25;2025-11-08;14;544
25;2025-11-08;15;633
25;2025-11-08;16;569
25;2025-11-08;17;486
25;2025-11-08;18;458
25;2025-11-08;19;413
25;2025-11-08;20;257
25;2025-11-08;21;210
25;2025-11-08;22;132
25;2025-11-08;23;52
25;2025-11-09;0;14
25;2025-11-09;1;0
25;2025-11-09;2;0
25;2025-11-09;3;0
25;2025-11-09;4;0
25;2025-11-09;5;3
25;2025-11-09;6;49
25;2025-11-09;7;93
25;2025-11-09;8;177
25;2025-11-09;9;196
25;2025-11-09;10;213
25;2025-11-09;11;279
25;2025-11-09;12;328
25;2025-11-09;13;424
25;2025-11-09;14;458
25;2025-11-09;15;547
25;2025-11-09;16;468
25;2025-11-09;17;428
25;2025-11-09;18;384
25;2025-11-09;19;324
25;2025-11-09;20;215
25;2025-11-09;21;174
25;2025-11-09;22;102
25;2025-11-09;23;38
25;2025-11-10;0;6
25;2025-11-10;1;0
25;2025-11-10;2;0
25;2025-11-10;3;0
25;2025-11-10;4;0
25;2025-11-10;5;5
25;2025-11-10;6;174
25;2025-11-10;7;536
25;2025-11-10;8;905
25;2025-11-10;9;474
25;2025-11-10;10;351
25;2025-11-10;11;408
25;2025-11-10;12;393
25;2025-11-10;13;521
25;2025-11-10;14;435
25;2025-11-10;15;521
25;2025-11-10;16;681
25;2025-11-10;17;741
25;2025-11-10;18;773
25;2025-11-10;19;497
25;2025-11-10;20;306
25;2025-11-10;21;204
25;2025-11-10;22;112
25;2025-11-10;23;10
25;2025-11-11;0;2
25;2025-11-11;1;0
25;2025-11-11;2;0
25;2025-11-11;3;0
25;2025-11-11;4;0
25;2025-11-11;5;5
25;2025-11-11;6;176
25;2025-11-11;7;538
25;2025-11-11;8;904
25;2025-11-11;9;484
25;2025-11-11;10;374
25;2025-11-11;11;426
25;2025-11-11;12;390
25;2025-11-11;13;497
25;2025-11-11;14;449
25;2025-11-11;15;533
25;2025-11-11;16;671
25;2025-11-11;17;727
25;2025-11-11;18;757
25;2025-11-11;19;504
25;2025-11-11;20;311
25;2025-11-11;21;204
25;2025-11-11;22;112
25;2025-11-11;23;9
25;2025-11-12;0;2
25;2025-11-12;1;0
25;2025-11-12;2;0
25;2025-11-12;3;0
25;2025-11-12;4;0
25;2025-11-12;5;5
25;2025-11-12;6;178
25;2025-11-12;7;532
25;2025-11-12;8;909
25;2025-11-12;9;477
25;2025-11-12;10;363
25;2025-11-12;11;423
25;2025-11-12;12;414
25;2025-11-12;13;537
25;2025-11-12;14;453
25;2025-11-12;15;536
25;2025-11-12;16;671
25;2025-11-12;17;741
25;2025-11-12;18;773
25;2025-11-12;19;500
25;2025-11-12;20;325
25;2025-11-12;21;210
25;2025-11-12;22;116
25;2025-11-12;23;8
25;2025-11-13;0;1
25;2025-11-13;1;0
25;2025-11-13;2;0
25;2025-11-13;3;0
25;2025-11-13;4;0
25;2025-11-13;5;6
25;2025-11-13;6;173
25;2025-11-13;7;525
25;2025-11-13;8;901
25;2025-11-13;9;464
25;2025-11-13;10;367
25;2025-11-13;11;412
25;2025-11-13;12;401
25;2025-11-13;13;513
25;2025-11-13;14;461
25;2025-11-13;15;547
25;2025-11-13;16;665
25;2025-11-13;17;741
25;2025-11-13;18;753
25;2025-11-13;19;500
25;2025-11-13;20;310
25;2025-11-13;21;209
25;2025-11-13;22;116
25;2025-11-13;23;10
25;2025-11-14;0;1
25;2025-11-14;1;0
25;2025-11-14;2;0
25;2025-11-14;3;0
25;2025-11-14;4;0
25;2025-11-14;5;5
25;2025-11-14;6;172
25;2025-11-14;7;523
25;2025-11-14;8;869
25;2025-11-14;9;459
25;2025-11-14;10;360
25;2025-11-14;11;424
25;2025-11-14;12;414
25;2025-11-14;13;527
25;2025-11-14;14;483
25;2025-11-14;15;574
25;2025-11-14;16;711
25;2025-11-14;17;755
25;2025-11-14;18;699
25;2025-11-14;19;483
25;2025-11-14;20;309
25;2025-11-14;21;212
25;2025-11-14;22;125
25;2025-11-14;23;12
25;2025-11-15;0;2
25;2025-11-15;1;0
25;2025-11-15;2;0
25;2025-11-15;3;0
25;2025-11-15;4;0
25;2025-11-15;5;3
25;2025-11-15;6;63
25;2025-11-15;7;135
25;2025-11-15;8;306
25;2025-11-15;9;277
25;2025-11-15;10;279
25;2025-11-15;11;381
25;2025-11-15;12;390
25;2025-11-15;13;527
25;2025-11-15;14;542
25;2025-11-15;15;631
25;2025-11-15;16;567
25;2025-11-15;17;484
25;2025-11-15;18;457
25;2025-11-15;19;412
25;2025-11-15;20;256
25;2025-11-15;21;210
25;2025-11-15;22;132
25;2025-11-15;23;52
25;2025-11-16;0;14
25;2025-11-16;1;0
25;2025-11-16;2;0
25;2025-11-16;3;0
25;2025-11-16;4;0
25;2025-11-16;5;3
25;2025-11-16;6;49
25;2025-11-16;7;93
25;2025-11-16;8;177
25;2025-11-16;9;196
25;2025-11-16;10;212
25;2025-11-16;11;278
25;2025-11-16;12;327
25;2025-11-16;13;423
25;2025-11-16;14;457
25;2025-11-16;15;546
25;2025-11-16;16;467
25;2025-11-16;17;427
25;2025-11-16;18;383
25;2025-11-16;19;323
25;2025-11-16;20;215
25;2025-11-16;21;174
25;2025-11-16;22;102
25;2025-11-16;23;38
25;2025-11-17;0;6
25;2025-11-17;1;0
25;2025-11-17;2;0
25;2025-11-17;3;0
25;2025-11-17;4;0
25;2025-11-17;5;5
25;2025-11-17;6;174
25;2025-11-17;7;534
25;2025-11-17;8;902
25;2025-11-17;9;472
25;2025-11-17;10;350
25;2025-11-17;11;407
25;2025-11-17;12;392
25;2025-11-17;13;519
25;2025-11-17;14;434
25;2025-11-17;15;519
25;2025-11-17;16;679
25;2025-11-17;17;738
25;2025-11-17;18;771
25;2025-11-17;19;495
25;2025-11-17;20;305
25;2025-11-17;21;203
25;2025-11-17;22;112
25;2025-11-17;23;10
25;2025-11-18;0;2
25;2025-11-18;1;0
25;2025-11-18;2;0
25;2025-11-18;3;0
25;2025-11-18;4;0
25;2025-11-18;5;5
25;2025-11-18;6;176
25;2025-11-18;7;536
25;2025-11-18;8;901
25;2025-11-18;9;482
25;2025-11-18;10;372
25;2025-11-18;11;424
25;2025-11-18;12;389
25;2025-11-18;13;495
25;2025-11-18;14;448
25;2025-11-18;15;531
25;2025-11-18;16;669
25;2025-11-18;17;725
25;2025-11-18;18;755
25;2025-11-18;19;502
25;2025-11-18;20;310
25;2025-11-18;21;204
25;2025-11-18;22;112
25;2025-11-18;23;9
25;2025-11-19;0;2
25;2025-11-19;1;0
25;2025-11-19;2;0
25;2025-11-19;3;0
25;2025-11-19;4;0
25;2025-11-19;5;5
25;2025-11-19;6;177
25;2025-11-19;7;530
25;2025-11-19;8;906
25;2025-11-19;9;475
25;2025-11-19;10;362
25;2025-11-19;11;421
25;2025-11-19;12;413
25;2025-11-19;13;535
25;2025-11-19;14;451
25;2025-11-19;15;534
25;2025-11-19;16;668
25;2025-11-19;17;738
25;2025-11-19;18;770
25;2025-11-19;19;499
25;2025-11-19;20;324
25;2025-11-19;21;209
25;2025-11-19;22;116
25;2025-11-19;23;8
25;2025-11-20;0;1
25;2025-11-20;1;0
25;2025-11-20;2;0
25;2025-11-20;3;0
25;2025-11-20;4;0
25;2025-11-20;5;6
25;2025-11-20;6;172
25;2025-11-20;7;524
25;2025-11-20;8;899
25;2025-11-20;9;463
25;2025-11-20;10;366
25;2025-11-20;11;410
25;2025-11-20;12;399
25;2025-11-20;13;511
25;2025-11-20;14;460
25;2025-11-20;15;545
25;2025-11-20;16;663
25;2025-11-20;17;739
25;2025-11-20;18;751
25;2025-11-20;19;499
25;2025-11-20;20;309
25;2025-11-20;21;208
25;2025-11-20;22;116
25;2025-11-20;23;9
25;2025-11-21;0;1
25;2025-11-21;1;0
25;2025-11-21;2;0
25;2025-11-21;3;0
25;2025-11-21;4;0
25;2025-11-21;5;5
25;2025-11-21;6;172
25;2025-11-21;7;521
25;2025-11-21;8;866
25;2025-11-21;9;458
25;2025-11-21;10;359
25;2025-11-21;11;423
25;2025-11-21;12;412
25;2025-11-21;13;525
25;2025-11-21;14;482
25;2025-11-21;15;572
25;2025-11-21;16;709
25;2025-11-21;17;753
25;2025-11-21;18;697
25;2025-11-21;19;481
25;2025-11-21;20;308
25;2025-11-21;21;212
25;2025-11-21;22;125
25;2025-11-21;23;11
25;2025-11-22;0;2
25;2025-11-22;1;0
25;2025-11-22;2;0
25;2025-11-22;3;0
25;2025-11-22;4;0
25;2025-11-22;5;3
25;2025-11-22;6;63
25;2025-11-22;7;134
25;2025-11-22;8;305
25;2025-11-22;9;276
25;2025-11-22;10;278
25;2025-11-22;11;379
25;2025-11-22;12;389
25;2025-11-22;13;525
25;2025-11-22;14;540
25;2025-11-22;15;629
25;2025-11-22;16;565
25;2025-11-22;17;483
25;2025-11-22;18;455
25;2025-11-22;19;410
25;2025-11-22;20;255
25;2025-11-22;21;209
25;2025-11-22;22;131
25;2025-11-22;23;52
25;2025-11-23;0;14
25;2025-11-23;1;0
25;2025-11-23;2;0
25;2025-11-23;3;0
25;2025-11-23;4;0
25;2025-11-23;5;3
25;2025-11-23;6;49
25;2025-11-23;7;93
25;2025-11-23;8;177
25;2025-11-23;9;195
25;2025-11-23;10;212
25;2025-11-23;11;278
25;2025-11-23;12;327
25;2025-11-23;13;422
25;2025-11-23;14;456
25;2025-11-23;15;545
25;2025-11-23;16;466
25;2025-11-23;17;426
25;2025-11-23;18;383
25;2025-11-23;19;323
25;2025-11-23;20;215
25;2025-11-23;21;174
25;2025-11-23;22;101
25;2025-11-23;23;38
25;2025-11-24;0;6
25;2025-11-24;1;0
25;2025-11-24;2;0
25;2025-11-24;3;0
25;2025-11-24;4;0
25;2025-11-24;5;5
25;2025-11-24;6;173
25;2025-11-24;7;532
25;2025-11-24;8;900
25;2025-11-24;9;471
25;2025-11-24;10;349
25;2025-11-24;11;406
25;2025-11-24;12;391
25;2025-11-24;13;518
25;2025-11-24;14;432
25;2025-11-24;15;518
25;2025-11-24;16;677
25;2025-11-24;17;736
25;2025-11-24;18;768
25;2025-11-24;19;494
25;2025-11-24;20;305
25;2025-11-24;21;202
25;2025-11-24;22;111
25;2025-11-24;23;10
25;2025-11-25;0;2
25;2025-11-25;1;0
25;2025-11-25;2;0
25;2025-11-25;3;0
25;2025-11-25;4;0
25;2025-11-25;5;5
25;2025-11-25;6;175
25;2025-11-25;7;535
25;2025-11-25;8;898
25;2025-11-25;9;481
25;2025-11-25;10;371
25;2025-11-25;11;423
25;2025-11-25;12;388
25;2025-11-25;13;493
25;2025-11-25;14;446
25;2025-11-25;15;529
25;2025-11-25;16;667
25;2025-11-25;17;723
25;2025-11-25;18;752
25;2025-11-25;19;501
25;2025-11-25;20;309
25;2025-11-25;21;203
25;2025-11-25;22;111
25;2025-11-25;23;9
25;2025-11-26;0;2
25;2025-11-26;1;0
25;2025-11-26;2;0
25;2025-11-26;3;0
25;2025-11-26;4;0
25;2025-11-26;5;5
25;2025-11-26;6;177
25;2025-11-26;7;529
25;2025-11-26;8;903
25;2025-11-26;9;474
25;2025-11-26;10;361
25;2025-11-26;11;420
25;2025-11-26;12;411
25;2025-11-26;13;533
25;2025-11-26;14;450
25;2025-11-26;15;532
25;2025-11-26;16;666
25;2025-11-26;17;736
25;2025-11-26;18;768
25;2025-11-26;19;497
25;2025-11-26;20;323
25;2025-11-26;21;209
25;2025-11-26;22;115
25;2025-11-26;23;8
25;2025-11-27;0;1
25;2025-11-27;1;0
25;2025-11-27;2;0
25;2025-11-27;3;0
25;2025-11-27;4;0
25;2025-11-27;5;6
25;2025-11-27;6;172
25;2025-11-27;7;522
25;2025-11-27;8;896
25;2025-11-27;9;461
25;2025-11-27;10;365
25;2025-11-27;11;409
25;2025-11-27;12;398
25;2025-11-27;13;510
25;2025-11-27;14;458
25;2025-11-27;15;543
25;2025-11-27;16;661
25;2025-11-27;17;736
25;2025-11-27;18;749
25;2025-11-27;19;497
25;2025-11-27;20;308
25;2025-11-27;21;208
25;2025-11-27;22;116
25;2025-11-27;23;9
25;2025-11-28;0;1
25;2025-11-28;1;0
25;2025-11-28;2;0
25;2025-11-28;3;0
25;2025-11-28;4;0
25;2025-11-28;5;5
25;2025-11-28;6;171
25;2025-11-28;7;519
25;2025-11-28;8;863
25;2025-11-28;9;456
25;2025-11-28;10;358
25;2025-11-28;11;421
25;2025-11-28;12;411
25;2025-11-28;13;524
25;2025-11-28;14;481
25;2025-11-28;15;570
25;2025-11-28;16;706
25;2025-11-28;17;750
25;2025-11-28;18;695
25;2025-11-28;19;480
25;2025-11-28;20;307
25;2025-11-28;21;211
25;2025-11-28;22;124
25;2025-11-28;23;11
25;2025-11-29;0;2
25;2025-11-29;1;0
25;2025-11-29;2;0
25;2025-11-29;3;0
25;2025-11-29;4;0
25;2025-11-29;5;3
25;2025-11-29;6;63
25;2025-11-29;7;134
25;2025-11-29;8;304
25;2025-11-29;9;275
25;2025-11-29;10;277
25;2025-11-29;11;378
25;2025-11-29;12;388
25;2025-11-29;13;524
25;2025-11-29;14;538
25;2025-11-29;15;627
25;2025-11-29;16;563
25;2025-11-29;17;481
25;2025-11-29;18;454
25;2025-11-29;19;409
25;2025-11-29;20;255
25;2025-11-29;21;208
25;2025-11-29;22;131
25;2025-11-29;23;51
25;2025-11-30;0;14
25;2025-11-30;1;0
25;2025-11-30;2;0
25;2025-11-30;3;0
25;2025-11-30;4;0
25;2025-11-30;5;3
25;2025-11-30;6;49
25;2025-11-30;7;93
25;2025-11-30;8;176
25;2025-11-30;9;195
25;2025-11-30;10;211
25;2025-11-30;11;277
25;2025-11-30;12;326
25;2025-11-30;13;421
25;2025-11-30;14;455
25;2025-11-30;15;544
25;2025-11-30;16;465
25;2025-11-30;17;426
25;2025-11-30;18;382
25;2025-11-30;19;322
25;2025-11-30;20;214
25;2025-11-30;21;173
25;2025-11-30;22;101
25;2025-11-30;23;38
25;2025-12-01;0;6
25;2025-12-01;1;0
25;2025-12-01;2;0
25;2025-12-01;3;0
25;2025-12-01;4;0
25;2025-12-01;5;5
25;2025-12-01;6;173
25;2025-12-01;7;531
25;2025-12-01;8;897
25;2025-12-01;9;469
25;2025-12-01;10;348
25;2025-12-01;11;405
25;2025-12-01;12;390
25;2025-12-01;13;516
25;2025-12-01;14;431
25;2025-12-01;15;516
25;2025-12-01;16;675
25;2025-12-01;17;734
25;2025-12-01;18;766
25;2025-12-01;19;492
25;2025-12-01;20;304
25;2025-12-01;21;202
25;2025-12-01;22;111
25;2025-12-01;23;10
25;2025-12-02;0;2
25;2025-12-02;1;0
25;2025-12-02;2;0
25;2025-12-02;3;0
25;2025-12-02;4;0
25;2025-12-02;5;5
25;2025-12-02;6;174
25;2025-12-02;7;533
25;2025-12-02;8;895
25;2025-12-02;9;480
25;2025-12-02;10;370
25;2025-12-02;11;422
25;2025-12-02;12;387
25;2025-12-02;13;492
25;2025-12-02;14;445
25;2025-12-02;15;528
25;2025-12-02;16;665
25;2025-12-02;17;721
25;2025-12-02;18;750
25;2025-12-02;19;499
25;2025-12-02;20;309
25;2025-12-02;21;203
25;2025-12-02;22;111
25;2025-12-02;23;9
25;2025-12-03;0;1
25;2025-12-03;1;0
25;2025-12-03;2;0
25;2025-12-03;3;0
25;2025-12-03;4;0
25;2025-12-03;5;5
25;2025-12-03;6;176
25;2025-12-03;7;527
25;2025-12-03;8;900
25;2025-12-03;9;472
25;2025-12-03;10;360
25;2025-12-03;11;419
25;2025-12-03;12;410
25;2025-12-03;13;532
25;2025-12-03;14;448
25;2025-12-03;15;531
25;2025-12-03;16;664
25;2025-12-03;17;734
25;2025-12-03;18;766
25;2025-12-03;19;496
25;2025-12-03;20;322
25;2025-12-03;21;208
25;2025-12-03;22;115
25;2025-12-03;23;8
25;2025-12-04;0;1
25;2025-12-04;1;0
25;2025-12-04;2;0
25;2025-12-04;3;0
25;2025-12-04;4;0
25;2025-12-04;5;6
25;2025-12-04;6;171
25;2025-12-04;7;521
25;2025-12-04;8;893
25;2025-12-04;9;460
25;2025-12-04;10;364
25;2025-12-04;11;408
25;2025-12-04;12;397
25;2025-12-04;13;508
25;2025-12-04;14;457
25;2025-12-04;15;542
25;2025-12-04;16;659
25;2025-12-04;17;734
25;2025-12-04;18;747
25;2025-12-04;19;496
25;2025-12-04;20;307
25;2025-12-04;21;207
25;2025-12-04;22;115
25;2025-12-04;23;9
25;2025-12-05;0;1
25;2025-12-05;1;0
25;2025-12-05;2;0
25;2025-12-05;3;0
25;2025-12-05;4;0
25;2025-12-05;5;5
25;2025-12-05;6;171
25;2025-12-05;7;518
25;2025-12-05;8;861
25;2025-12-05;9;455
25;2025-12-05;10;357
25;2025-12-05;11;420
25;2025-12-05;12;410
25;2025-12-05;13;522
25;2025-12-05;14;479
25;2025-12-05;15;568
25;2025-12-05;16;704
25;2025-12-05;17;748
25;2025-12-05;18;693
25;2025-12-05;19;479
25;2025-12-05;20;306
25;2025-12-05;21;210
25;2025-12-05;22;124
25;2025-12-05;23;11
25;2025-12-06;0;2
25;2025-12-06;1;0
25;2025-12-06;2;0
25;2025-12-06;3;0
25;2025-12-06;4;0
25;2025-12-06;5;3
25;2025-12-06;6;63
25;2025-12-06;7;133
25;2025-12-06;8;303
25;2025-12-06;9;274
25;2025-12-06;10;276
25;2025-12-06;11;377
25;2025-12-06;12;386
25;2025-12-06;13;522
25;2025-12-06;14;537
25;2025-12-06;15;625
25;2025-12-06;16;562
25;2025-12-06;17;480
25;2025-12-06;18;452
25;2025-12-06;19;408
25;2025-12-06;20;254
25;2025-12-06;21;207
25;2025-12-06;22;131
25;2025-12-06;23;51
25;2025-12-07;0;14
25;2025-12-07;1;0
25;2025-12-07;2;0
25;2025-12-07;3;0
25;2025-12-07;4;0
25;2025-12-07;5;3
25;2025-12-07;6;48
25;2025-12-07;7;93
25;2025-12-07;8;176
25;2025-12-07;9;195
25;2025-12-07;10;211
25;2025-12-07;11;277
25;2025-12-07;12;326
25;2025-12-07;13;420
25;2025-12-07;14;454
25;2025-12-07;15;543
25;2025-12-07;16;465
25;2025-12-07;17;425
25;2025-12-07;18;381
25;2025-12-07;19;322
25;2025-12-07;20;214
25;2025-12-07;21;173
25;2025-12-07;22;101
25;2025-12-07;23;38
25;2025-12-08;0;6
25;2025-12-08;1;0
25;2025-12-08;2;0
25;2025-12-08;3;0
25;2025-12-08;4;0
25;2025-12-08;5;5
25;2025-12-08;6;172
25;2025-12-08;7;529
25;2025-12-08;8;894
25;2025-12-08;9;468
25;2025-12-08;10;347
25;2025-12-08;11;404
25;2025-12-08;12;389
25;2025-12-08;13;515
25;2025-12-08;14;430
25;2025-12-08;15;515
25;2025-12-08;16;673
25;2025-12-08;17;732
25;2025-12-08;18;764
25;2025-12-08;19;491
25;2025-12-08;20;303
25;2025-12-08;21;201
25;2025-12-08;22;111
25;2025-12-08;23;10
25;2025-12-09;0;2
25;2025-12-09;1;0
25;2025-12-09;2;0
25;2025-12-09;3;0
25;2025-12-09;4;0
25;2025-12-09;5;5
25;2025-12-09;6;174
25;2025-12-09;7;532
25;2025-12-09;8;893
25;2025-12-09;9;478
25;2025-12-09;10;369
25;2025-12-09;11;421
25;2025-12-09;12;386
25;2025-12-09;13;491
25;2025-12-09;14;444
25;2025-12-09;15;526
25;2025-12-09;16;663
25;2025-12-09;17;719
25;2025-12-09;18;748
25;2025-12-09;19;498
25;2025-12-09;20;308
25;2025-12-09;21;202
25;2025-12-09;22;111
25;2025-12-09;23;9
25;2025-12-10;0;1
25;2025-12-10;1;0
25;2025-12-10;2;0
25;2025-12-10;3;0
25;2025-12-10;4;0
25;2025-12-10;5;5
25;2025-12-10;6;176
25;2025-12-10;7;526
25;2025-12-10;8;898
25;2025-12-10;9;471
25;2025-12-10;10;359
25;2025-12-10;11;418
25;2025-12-10;12;409
25;2025-12-10;13;530
25;2025-12-10;14;447
25;2025-12-10;15;529
25;2025-12-10;16;663
25;2025-12-10;17;732
25;2025-12-10;18;764
25;2025-12-10;19;494
25;2025-12-10;20;321
25;2025-12-10;21;207
25;2025-12-10;22;115
25;2025-12-10;23;8
25;2025-12-11;0;1
25;2025-12-11;1;0
25;2025-12-11;2;0
25;2025-12-11;3;0
25;2025-12-11;4;0
25;2025-12-11;5;6
25;2025-12-11;6;171
25;2025-12-11;7;519
25;2025-12-11;8;891
25;2025-12-11;9;459
25;2025-12-11;10;363
25;2025-12-11;11;407
25;2025-12-11;12;396
25;2025-12-11;13;507
25;2025-12-11;14;456
25;2025-12-11;15;540
25;2025-12-11;16;657
25;2025-12-11;17;732
25;2025-12-11;18;745
25;2025-12-11;19;494
25;2025-12-11;20;306
25;2025-12-11;21;206
25;2025-12-11;22;115
25;2025-12-11;23;9
25;2025-12-12;0;1
25;2025-12-12;1;0
25;2025-12-12;2;0
25;2025-12-12;3;0
25;2025-12-12;4;0
25;2025-12-12;5;5
25;2025-12-12;6;170
25;2025-12-12;7;516
25;2025-12-12;8;859
25;2025-12-12;9;454
25;2025-12-12;10;356
25;2025-12-12;11;419
25;2025-12-12;12;409
25;2025-12-12;13;521
25;2025-12-12;14;478
25;2025-12-12;15;567
25;2025-12-12;16;702
25;2025-12-12;17;746
25;2025-12-12;18;691
25;2025-12-12;19;477
25;2025-12-12;20;305
25;2025-12-12;21;210
25;2025-12-12;22;123
25;2025-12-12;23;11
25;2025-12-13;0;2
25;2025-12-13;1;0
25;2025-12-13;2;0
25;2025-12-13;3;0
25;2025-12-13;4;0
25;2025-12-13;5;3
25;2025-12-13;6;63
25;2025-12-13;7;133
25;2025-12-13;8;302
25;2025-12-13;9;273
25;2025-12-13;10;275
25;2025-12-13;11;376
25;2025-12-13;12;385
25;2025-12-13;13;521
25;2025-12-13;14;535
25;2025-12-13;15;623
25;2025-12-13;16;560
25;2025-12-13;17;478
25;2025-12-13;18;451
25;2025-12-13;19;406
25;2025-12-13;20;253
25;2025-12-13;21;207
25;2025-12-13;22;130
25;2025-12-13;23;51
25;2025-12-14;0;14
25;2025-12-14;1;0
25;2025-12-14;2;0
25;2025-12-14;3;0
25;2025-12-14;4;0
25;2025-12-14;5;3
25;2025-12-14;6;48
25;2025-12-14;7;92
25;2025-12-14;8;176
25;2025-12-14;9;194
25;2025-12-14;10;211
25;2025-12-14;11;276
25;2025-12-14;12;325
25;2025-12-14;13;420
25;2025-12-14;14;454
25;2025-12-14;15;542
25;2025-12-14;16;464
25;2025-12-14;17;424
25;2025-12-14;18;381
25;2025-12-14;19;321
25;2025-12-14;20;213
25;2025-12-14;21;173
25;2025-12-14;22;101
25;2025-12-14;23;38
25;2025-12-15;0;5
25;2025-12-15;1;0
25;2025-12-15;2;0
25;2025-12-15;3;0
25;2025-12-15;4;0
25;2025-12-15;5;5
25;2025-12-15;6;172
25;2025-12-15;7;528
25;2025-12-15;8;892
25;2025-12-15;9;467
25;2025-12-15;10;346
25;2025-12-15;11;402
25;2025-12-15;12;388
25;2025-12-15;13;513
25;2025-12-15;14;429
25;2025-12-15;15;513
25;2025-12-15;16;671
25;2025-12-15;17;730
25;2025-12-15;18;762
25;2025-12-15;19;489
25;2025-12-15;20;302
25;2025-12-15;21;200
25;2025-12-15;22;110
25;2025-12-15;23;10
25;2025-12-16;0;2
25;2025-12-16;1;0
25;2025-12-16;2;0
25;2025-12-16;3;0
25;2025-12-16;4;0
25;2025-12-16;5;5
25;2025-12-16;6;174
25;2025-12-16;7;530
25;2025-12-16;8;891
25;2025-12-16;9;477
25;2025-12-16;10;368
25;2025-12-16;11;420
25;2025-12-16;12;385
25;2025-12-16;13;489
25;2025-12-16;14;443
25;2025-12-16;15;525
25;2025-12-16;16;661
25;2025-12-16;17;717
25;2025-12-16;18;746
25;2025-12-16;19;496
25;2025-12-16;20;307
25;2025-12-16;21;201
25;2025-12-16;22;110
25;2025-12-16;23;9
25;2025-12-17;0;1
25;2025-12-17;1;0
25;2025-12-17;2;0
25;2025-12-17;3;0
25;2025-12-17;4;0
25;2025-12-17;5;5
25;2025-12-17;6;175
25;2025-12-17;7;524
25;2025-12-17;8;896
25;2025-12-17;9;470
25;2025-12-17;10;358
25;2025-12-17;11;417
25;2025-12-17;12;408
25;2025-12-17;13;529
25;2025-12-17;14;446
25;2025-12-17;15;528
25;2025-12-17;16;661
25;2025-12-17;17;730
25;2025-12-17;18;762
25;2025-12-17;19;493
25;2025-12-17;20;320
25;2025-12-17;21;207
25;2025-12-17;22;114
25;2025-12-17;23;8
25;2025-12-18;0;1
25;2025-12-18;1;0
25;2025-12-18;2;0
25;2025-12-18;3;0
25;2025-12-18;4;0
25;2025-12-18;5;6
25;2025-12-18;6;170
25;2025-12-18;7;518
25;2025-12-18;8;889
25;2025-12-18;9;457
25;2025-12-18;10;362
25;2025-12-18;11;406
25;2025-12-18;12;395
25;2025-12-18;13;505
25;2025-12-18;14;454
25;2025-12-18;15;539
25;2025-12-18;16;655
25;2025-12-18;17;731
25;2025-12-18;18;743
25;2025-12-18;19;493
25;2025-12-18;20;305
25;2025-12-18;21;206
25;2025-12-18;22;115
25;2025-12-18;23;9
25;2025-12-19;0;1
25;2025-12-19;1;0
25;2025-12-19;2;0
25;2025-12-19;3;0
25;2025-12-19;4;0
25;2025-12-19;5;5
25;2025-12-19;6;170
25;2025-12-19;7;515
25;2025-12-19;8;856
25;2025-12-19;9;453
25;2025-12-19;10;355
25;2025-12-19;11;418
25;2025-12-19;12;408
25;2025-12-19;13;520
25;2025-12-19;14;477
25;2025-12-19;15;565
25;2025-12-19;16;701
25;2025-12-19;17;744
25;2025-12-19;18;690
25;2025-12-19;19;476
25;2025-12-19;20;304
25;2025-12-19;21;209
25;2025-12-19;22;123
25;2025-12-19;23;11
25;2025-12-20;0;2
25;2025-12-20;1;0
25;2025-12-20;2;0
25;2025-12-20;3;0
25;2025-12-20;4;0
25;2025-12-20;5;3
25;2025-12-20;6;62
25;2025-12-20;7;133
25;2025-12-20;8;302
25;2025-12-20;9;272
25;2025-12-20;10;274
25;2025-12-20;11;375
25;2025-12-20;12;384
25;2025-12-20;13;519
25;2025-12-20;14;533
25;2025-12-20;15;621
25;2025-12-20;16;558
25;2025-12-20;17;477
25;2025-12-20;18;450
25;2025-12-20;19;405
25;2025-12-20;20;252
25;2025-12-20;21;206
25;2025-12-20;22;130
25;2025-12-20;23;51
25;2025-12-21;0;14
25;2025-12-21;1;0
25;2025-12-21;2;0
25;2025-12-21;3;0
25;2025-12-21;4;0
25;2025-12-21;5;3
25;2025-12-21;6;48
25;2025-12-21;7;92
25;2025-12-21;8;175
25;2025-12-21;9;194
25;2025-12-21;10;210
25;2025-12-21;11;276
25;2025-12-21;12;324
25;2025-12-21;13;419
25;2025-12-21;14;453
25;2025-12-21;15;541
25;2025-12-21;16;463
25;2025-12-21;17;423
25;2025-12-21;18;380
25;2025-12-21;19;320
25;2025-12-21;20;213
25;2025-12-21;21;172
25;2025-12-21;22;101
25;2025-12-21;23;38
25;2025-12-22;0;5
25;2025-12-22;1;0
25;2025-12-22;2;0
25;2025-12-22;3;0
25;2025-12-22;4;0
25;2025-12-22;5;5
25;2025-12-22;6;171
25;2025-12-22;7;527
25;2025-12-22;8;890
25;2025-12-22;9;466
25;2025-12-22;10;345
25;2025-12-22;11;402
25;2025-12-22;12;387
25;2025-12-22;13;512
25;2025-12-22;14;427
25;2025-12-22;15;512
25;2025-12-22;16;670
25;2025-12-22;17;728
25;2025-12-22;18;760
25;2025-12-22;19;488
25;2025-12-22;20;301
25;2025-12-22;21;200
25;2025-12-22;22;110
25;2025-12-22;23;10
25;2025-12-23;0;2
25;2025-12-23;1;0
25;2025-12-23;2;0
25;2025-12-23;3;0
25;2025-12-23;4;0
25;2025-12-23;5;5
25;2025-12-23;6;173
25;2025-12-23;7;529
25;2025-12-23;8;888
25;2025-12-23;9;476
25;2025-12-23;10;367
25;2025-12-23;11;419
25;2025-12-23;12;384
25;2025-12-23;13;488
25;2025-12-23;14;441
25;2025-12-23;15;524
25;2025-12-23;16;659
25;2025-12-23;17;715
25;2025-12-23;18;744
25;2025-12-23;19;495
25;2025-12-23;20;306
25;2025-12-23;21;201
25;2025-12-23;22;110
25;2025-12-23;23;9
25;2025-12-24;0;1
25;2025-12-24;1;0
25;2025-12-24;2;0
25;2025-12-24;3;0
25;2025-12-24;4;0
25;2025-12-24;5;5
25;2025-12-24;6;175
25;2025-12-24;7;523
25;2025-12-24;8;893
25;2025-12-24;9;469
25;2025-12-24;10;357
25;2025-12-24;11;416
25;2025-12-24;12;407
25;2025-12-24;13;527
25;2025-12-24;14;445
25;2025-12-24;15;526
25;2025-12-24;16;659
25;2025-12-24;17;728
25;2025-12-24;18;760
25;2025-12-24;19;492
25;2025-12-24;20;319
25;2025-12-24;21;206
25;2025-12-24;22;114
25;2025-12-24;23;8
25;2025-12-25;0;1
25;2025-12-25;1;0
25;2025-12-25;2;0
25;2025-12-25;3;0
25;2025-12-25;4;0
25;2025-12-25;5;6
25;2025-12-25;6;170
25;2025-12-25;7;517
25;2025-12-25;8;887
25;2025-12-25;9;456
25;2025-12-25;10;361
25;2025-12-25;11;405
25;2025-12-25;12;394
25;2025-12-25;13;504
25;2025-12-25;14;453
25;2025-12-25;15;537
25;2025-12-25;16;653
25;2025-12-25;17;729
25;2025-12-25;18;741
25;2025-12-25;19;492
25;2025-12-25;20;305
25;2025-12-25;21;205
25;2025-12-25;22;114
25;2025-12-25;23;9
25;2025-12-26;0;1
25;2025-12-26;1;0
25;2025-12-26;2;0
25;2025-12-26;3;0
25;2025-12-26;4;0
25;2025-12-26;5;5
25;2025-12-26;6;169
25;2025-12-26;7;514
25;2025-12-26;8;854
25;2025-12-26;9;452
25;2025-12-26;10;354
25;2025-12-26;11;417
25;2025-12-26;12;407
25;2025-12-26;13;518
25;2025-12-26;14;475
25;2025-12-26;15;564
25;2025-12-26;16;699
25;2025-12-26;17;742
25;2025-12-26;18;688
25;2025-12-26;19;475
25;2025-12-26;20;304
25;2025-12-26;21;209
25;2025-12-26;22;123
25;2025-12-26;23;11
25;2025-12-27;0;2
25;2025-12-27;1;0
25;2025-12-27;2;0
25;2025-12-27;3;0
25;2025-12-27;4;0
25;2025-12-27;5;3
25;2025-12-27;6;62
25;2025-12-27;7;132
25;2025-12-27;8;301
25;2025-12-27;9;272
25;2025-12-27;10;274
25;2025-12-27;11;374
25;2025-12-27;12;383
25;2025-12-27;13;518
25;2025-12-27;14;532
25;2025-12-27;15;620
25;2025-12-27;16;557
25;2025-12-27;17;476
25;2025-12-27;18;449
25;2025-12-27;19;404
25;2025-12-27;20;252
25;2025-12-27;21;206
25;2025-12-27;22;129
25;2025-12-27;23;51
25;2025-12-28;0;14
25;2025-12-28;1;0
25;2025-12-28;2;0
25;2025-12-28;3;0
25;2025-12-28;4;0
25;2025-12-28;5;3
25;2025-12-28;6;48
25;2025-12-28;7;92
25;2025-12-28;8;175
25;2025-12-28;9;194
25;2025-12-28;10;210
25;2025-12-28;11;275
25;2025-12-28;12;324
25;2025-12-28;13;418
25;2025-12-28;14;452
25;2025-12-28;15;540
25;2025-12-28;16;462
25;2025-12-28;17;423
25;2025-12-28;18;379
25;2025-12-28;19;320
25;2025-12-28;20;213
25;2025-12-28;21;172
25;2025-12-28;22;101
25;2025-12-28;23;37
25;2025-12-29;0;5
25;2025-12-29;1;0
25;2025-12-29;2;0
25;2025-12-29;3;0
25;2025-12-29;4;0
25;2025-12-29;5;5
25;2025-12-29;6;171
25;2025-12-29;7;525
25;2025-12-29;8;888
25;2025-12-29;9;465
25;2025-12-29;10;344
25;2025-12-29;11;401
25;2025-12-29;12;386
25;2025-12-29;13;511
25;2025-12-29;14;426
25;2025-12-29;15;511
25;2025-12-29;16;668
25;2025-12-29;17;726
25;2025-12-29;18;758
25;2025-12-29;19;487
25;2025-12-29;20;300
25;2025-12-29;21;199
25;2025-12-29;22;110
25;2025-12-29;23;10
25;2025-12-30;0;2
25;2025-12-30;1;0
25;2025-12-30;2;0
25;2025-12-30;3;0
25;2025-12-30;4;0
25;2025-12-30;5;5
25;2025-12-30;6;173
25;2025-12-30;7;528
25;2025-12-30;8;886
25;2025-12-30;9;475
25;2025-12-30;10;366
25;2025-12-30;11;418
25;2025-12-30;12;383
25;2025-12-30;13;487
25;2025-12-30;14;440
25;2025-12-30;15;522
25;2025-12-30;16;658
25;2025-12-30;17;714
25;2025-12-30;18;742
25;2025-12-30;19;494
25;2025-12-30;20;305
25;2025-12-30;21;200
25;2025-12-30;22;110
25;2025-12-30;23;9
25;2025-12-31;0;12
25;2025-12-31;1;0
25;2025-12-31;2;0
25;2025-12-31;3;0
25;2025-12-31;4;0
25;2025-12-31;5;2
25;2025-12-31;6;46
25;2025-12-31;7;91
25;2025-12-31;8;169
25;2025-12-31;9;185
25;2025-12-31;10;204
25;2025-12-31;11;260
25;2025-12-31;12;311
25;2025-12-31;13;397
25;2025-12-31;14;433
25;2025-12-31;15;525
25;2025-12-31;16;451
25;2025-12-31;17;415
25;2025-12-31;18;368
25;2025-12-31;19;314
25;2025-12-31;20;216
25;2025-12-31;21;174
25;2025-12-31;22;101
25;2025-12-31;23;38
26;2025-11-01;0;32
26;2025-11-01;1;1
26;2025-11-01;2;0
26;2025-11-01;3;0
26;2025-11-01;4;3
26;2025-11-01;5;91
26;2025-11-01;6;515
26;2025-11-01;7;1123
26;2025-11-01;8;2261
26;2025-11-01;9;1517
26;2025-11-01;10;1263
26;2025-11-01;11;1141
26;2025-11-01;12;1189
26;2025-11-01;13;1225
26;2025-11-01;14;1291
26;2025-11-01;15;1394
26;2025-11-01;16;1580
26;2025-11-01;17;1750
26;2025-11-01;18;1845
26;2025-11-01;19;1268
26;2025-11-01;20;786
26;2025-11-01;21;485
26;2025-11-01;22;236
26;2025-11-01;23;128
26;2025-11-02;0;45
26;2025-11-02;1;4
26;2025-11-02;2;1
26;2025-11-02;3;1
26;2025-11-02;4;1
26;2025-11-02;5;31
26;2025-11-02;6;155
26;2025-11-02;7;246
26;2025-11-02;8;364
26;2025-11-02;9;502
26;2025-11-02;10;566
26;2025-11-02;11;759
26;2025-11-02;12;797
26;2025-11-02;13;838
26;2025-11-02;14;830
26;2025-11-02;15;764
26;2025-11-02;16;754
26;2025-11-02;17;745
26;2025-11-02;18;677
26;2025-11-02;19;545
26;2025-11-02;20;397
26;2025-11-02;21;282
26;2025-11-02;22;188
26;2025-11-02;23;102
26;2025-11-03;0;43
26;2025-11-03;1;4
26;2025-11-03;2;1
26;2025-11-03;3;1
26;2025-11-03;4;1
26;2025-11-03;5;32
26;2025-11-03;6;160
26;2025-11-03;7;244
26;2025-11-03;8;352
26;2025-11-03;9;483
26;2025-11-03;10;546
26;2025-11-03;11;730
26;2025-11-03;12;772
26;2025-11-03;13;812
26;2025-11-03;14;796
26;2025-11-03;15;744
26;2025-11-03;16;730
26;2025-11-03;17;721
26;2025-11-03;18;664
26;2025-11-03;19;551
26;2025-11-03;20;397
26;2025-11-03;21;280
26;2025-11-03;22;188
26;2025-11-03;23;103
26;2025-11-04;0;43
26;2025-11-04;1;4
26;2025-11-04;2;1
26;2025-11-04;3;1
26;2025-11-04;4;1
26;2025-11-04;5;32
26;2025-11-04;6;160
26;2025-11-04;7;244
26;2025-11-04;8;352
26;2025-11-04;9;483
26;2025-11-04;10;546
26;2025-11-04;11;730
26;2025-11-04;12;772
26;2025-11-04;13;812
26;2025-11-04;14;796
26;2025-11-04;15;744
26;2025-11-04;16;730
26;2025-11-04;17;721
26;2025-11-04;18;664
26;2025-11-04;19;551
26;2025-11-04;20;397
26;2025-11-04;21;280
26;2025-11-04;22;188
26;2025-11-04;23;103
26;2025-11-05;0;31
26;2025-11-05;1;1
26;2025-11-05;2;0
26;2025-11-05;3;0
26;2025-11-05;4;4
26;2025-11-05;5;91
26;2025-11-05;6;507
26;2025-11-05;7;1100
26;2025-11-05;8;2238
26;2025-11-05;9;1506
26;2025-11-05;10;1257
26;2025-11-05;11;1131
26;2025-11-05;12;1181
26;2025-11-05;13;1213
26;2025-11-05;14;1304
26;2025-11-05;15;1375
26;2025-11-05;16;1540
26;2025-11-05;17;1703
26;2025-11-05;18;1829
26;2025-11-05;19;1251
26;2025-11-05;20;774
26;2025-11-05;21;492
26;2025-11-05;22;237
26;2025-11-05;23;128
26;2025-11-06;0;34
26;2025-11-06;1;1
26;2025-11-06;2;0
26;2025-11-06;3;0
26;2025-11-06;4;2
26;2025-11-06;5;89
26;2025-11-06;6;503
26;2025-11-06;7;1095
26;2025-11-06;8;2202
26;2025-11-06;9;1494
26;2025-11-06;10;1225
26;2025-11-06;11;1147
26;2025-11-06;12;1167
26;2025-11-06;13;1196
26;2025-11-06;14;1265
26;2025-11-06;15;1368
26;2025-11-06;16;1538
26;2025-11-06;17;1715
26;2025-11-06;18;1849
26;2025-11-06;19;1263
26;2025-11-06;20;776
26;2025-11-06;21;481
26;2025-11-06;22;235
26;2025-11-06;23;130
26;2025-11-07;0;32
26;2025-11-07;1;2
26;2025-11-07;2;0
26;2025-11-07;3;0
26;2025-11-07;4;2
26;2025-11-07;5;88
26;2025-11-07;6;505
26;2025-11-07;7;1079
26;2025-11-07;8;2157
26;2025-11-07;9;1452
26;2025-11-07;10;1234
26;2025-11-07;11;1113
26;2025-11-07;12;1170
26;2025-11-07;13;1217
26;2025-11-07;14;1273
26;2025-11-07;15;1395
26;2025-11-07;16;1611
26;2025-11-07;17;1721
26;2025-11-07;18;1626
26;2025-11-07;19;1179
26;2025-11-07;20;759
26;2025-11-07;21;476
26;2025-11-07;22;235
26;2025-11-07;23;145
26;2025-11-08;0;44
26;2025-11-08;1;2
26;2025-11-08;2;0
26;2025-11-08;3;0
26;2025-11-08;4;2
26;2025-11-08;5;48
26;2025-11-08;6;270
26;2025-11-08;7;378
26;2025-11-08;8;625
26;2025-11-08;9;716
26;2025-11-08;10;848
26;2025-11-08;11;1034
26;2025-11-08;12;1088
26;2025-11-08;13;1063
26;2025-11-08;14;1097
26;2025-11-08;15;992
26;2025-11-08;16;1023
26;2025-11-08;17;949
26;2025-11-08;18;895
26;2025-11-08;19;818
26;2025-11-08;20;552
26;2025-11-08;21;380
26;2025-11-08;22;223
26;2025-11-08;23;150
26;2025-11-09;0;45
26;2025-11-09;1;4
26;2025-11-09;2;1
26;2025-11-09;3;1
26;2025-11-09;4;1
26;2025-11-09;5;31
26;2025-11-09;6;155
26;2025-11-09;7;246
26;2025-11-09;8;364
26;2025-11-09;9;502
26;2025-11-09;10;566
26;2025-11-09;11;759
26;2025-11-09;12;797
26;2025-11-09;13;838
26;2025-11-09;14;830
26;2025-11-09;15;764
26;2025-11-09;16;754
26;2025-11-09;17;745
26;2025-11-09;18;677
26;2025-11-09;19;545
26;2025-11-09;20;397
26;2025-11-09;21;282
26;2025-11-09;22;188
26;2025-11-09;23;102
26;2025-11-10;0;30
26;2025-11-10;1;2
26;2025-11-10;2;0
26;2025-11-10;3;0
26;2025-11-10;4;2
26;2025-11-10;5;90
26;2025-11-10;6;510
26;2025-11-10;7;1114
26;2025-11-10;8;2204
26;2025-11-10;9;1493
26;2025-11-10;10;1246
26;2025-11-10;11;1111
26;2025-11-10;12;1153
26;2025-11-10;13;1209
26;2025-11-10;14;1252
26;2025-11-10;15;1359
26;2025-11-10;16;1540
26;2025-11-10;17;1718
26;2025-11-10;18;1870
26;2025-11-10;19;1266
26;2025-11-10;20;779
26;2025-11-10;21;469
26;2025-11-10;22;225
26;2025-11-10;23;116
26;2025-11-11;0;31
26;2025-11-11;1;1
26;2025-11-11;2;0
26;2025-11-11;3;1
26;2025-11-11;4;3
26;2025-11-11;5;90
26;2025-11-11;6;513
26;2025-11-11;7;1122
26;2025-11-11;8;2270
26;2025-11-11;9;1513
26;2025-11-11;10;1251
26;2025-11-11;11;1133
26;2025-11-11;12;1188
26;2025-11-11;13;1210
26;2025-11-11;14;1269
26;2025-11-11;15;1363
26;2025-11-11;16;1561
26;2025-11-11;17;1758
26;2025-11-11;18;1868
26;2025-11-11;19;1302
26;2025-11-11;20;789
26;2025-11-11;21;479
26;2025-11-11;22;234
26;2025-11-11;23;123
26;2025-11-12;0;31
26;2025-11-12;1;1
26;2025-11-12;2;0
26;2025-11-12;3;0
26;2025-11-12;4;4
26;2025-11-12;5;91
26;2025-11-12;6;506
26;2025-11-12;7;1098
26;2025-11-12;8;2233
26;2025-11-12;9;1503
26;2025-11-12;10;1254
26;2025-11-12;11;1128
26;2025-11-12;12;1178
26;2025-11-12;13;1210
26;2025-11-12;14;1301
26;2025-11-12;15;1372
26;2025-11-12;16;1536
26;2025-11-12;17;1700
26;2025-11-12;18;1825
26;2025-11-12;19;1248
26;2025-11-12;20;773
26;2025-11-12;21;491
26;2025-11-12;22;237
26;2025-11-12;23;127
26;2025-11-13;0;34
26;2025-11-13;1;1
26;2025-11-13;2;0
26;2025-11-13;3;0
26;2025-11-13;4;2
26;2025-11-13;5;89
26;2025-11-13;6;502
26;2025-11-13;7;1093
26;2025-11-13;8;2198
26;2025-11-13;9;1491
26;2025-11-13;10;1223
26;2025-11-13;11;1145
26;2025-11-13;12;1165
26;2025-11-13;13;1194
26;2025-11-13;14;1262
26;2025-11-13;15;1365
26;2025-11-13;16;1535
26;2025-11-13;17;1711
26;2025-11-13;18;1845
26;2025-11-13;19;1260
26;2025-11-13;20;774
26;2025-11-13;21;480
26;2025-11-13;22;235
26;2025-11-13;23;130
26;2025-11-14;0;32
26;2025-11-14;1;2
26;2025-11-14;2;0
26;2025-11-14;3;0
26;2025-11-14;4;2
26;2025-11-14;5;87
26;2025-11-14;6;504
26;2025-11-14;7;1077
26;2025-11-14;8;2152
26;2025-11-14;9;1448
26;2025-11-14;10;1232
26;2025-11-14;11;1110
26;2025-11-14;12;1168
26;2025-11-14;13;1215
26;2025-11-14;14;1270
26;2025-11-14;15;1392
26;2025-11-14;16;1607
26;2025-11-14;17;1717
26;2025-11-14;18;1622
26;2025-11-14;19;1176
26;2025-11-14;20;758
26;2025-11-14;21;475
26;2025-11-14;22;234
26;2025-11-14;23;144
26;2025-11-15;0;44
26;2025-11-15;1;2
26;2025-11-15;2;0
26;2025-11-15;3;0
26;2025-11-15;4;2
26;2025-11-15;5;48
26;2025-11-15;6;269
26;2025-11-15;7;377
26;2025-11-15;8;623
26;2025-11-15;9;715
26;2025-11-15;10;846
26;2025-11-15;11;1031
26;2025-11-15;12;1085
26;2025-11-15;13;1060
26;2025-11-15;14;1094
26;2025-11-15;15;989
26;2025-11-15;16;1021
26;2025-11-15;17;947
26;2025-11-15;18;893
26;2025-11-15;19;816
26;2025-11-15;20;551
26;2025-11-15;21;379
26;2025-11-15;22;223
26;2025-11-15;23;150
26;2025-11-16;0;45
26;2025-11-16;1;4
26;2025-11-16;2;1
26;2025-11-16;3;1
26;2025-11-16;4;1
26;2025-11-16;5;31
26;2025-11-16;6;155
26;2025-11-16;7;246
26;2025-11-16;8;364
26;2025-11-16;9;502
26;2025-11-16;10;566
26;2025-11-16;11;759
26;2025-11-16;12;797
26;2025-11-16;13;838
26;2025-11-16;14;830
26;2025-11-16;15;764
26;2025-11-16;16;754
26;2025-11-16;17;745
26;2025-11-16;18;677
26;2025-11-16;19;545
26;2025-11-16;20;397
26;2025-11-16;21;282
26;2025-11-16;22;188
26;2025-11-16;23;102
26;2025-11-17;0;30
26;2025-11-17;1;2
26;2025-11-17;2;0
26;2025-11-17;3;0
26;2025-11-17;4;2
26;2025-11-17;5;90
26;2025-11-17;6;509
26;2025-11-17;7;1112
26;2025-11-17;8;2200
26;2025-11-17;9;1490
26;2025-11-17;10;1243
26;2025-11-17;11;1108
26;2025-11-17;12;1151
26;2025-11-17;13;1207
26;2025-11-17;14;1249
26;2025-11-17;15;1357
26;2025-11-17;16;1537
26;2025-11-17;17;1715
26;2025-11-17;18;1866
26;2025-11-17;19;1263
26;2025-11-17;20;777
26;2025-11-17;21;468
26;2025-11-17;22;225
26;2025-11-17;23;115
26;2025-11-18;0;31
26;2025-11-18;1;1
26;2025-11-18;2;0
26;2025-11-18;3;1
26;2025-11-18;4;3
26;2025-11-18;5;90
26;2025-11-18;6;512
26;2025-11-18;7;1119
26;2025-11-18;8;2265
26;2025-11-18;9;1510
26;2025-11-18;10;1248
26;2025-11-18;11;1130
26;2025-11-18;12;1186
26;2025-11-18;13;1207
26;2025-11-18;14;1266
26;2025-11-18;15;1360
26;2025-11-18;16;1557
26;2025-11-18;17;1754
26;2025-11-18;18;1865
26;2025-11-18;19;1299
26;2025-11-18;20;788
26;2025-11-18;21;478
26;2025-11-18;22;233
26;2025-11-18;23;123
26;2025-11-19;0;31
26;2025-11-19;1;1
26;2025-11-19;2;0
26;2025-11-19;3;0
26;2025-11-19;4;4
26;2025-11-19;5;91
26;2025-11-19;6;505
26;2025-11-19;7;1095
26;2025-11-19;8;2229
26;2025-11-19;9;1500
26;2025-11-19;10;1251
26;2025-11-19;11;1126
26;2025-11-19;12;1176
26;2025-11-19;13;1208
26;2025-11-19;14;1299
26;2025-11-19;15;1369
26;2025-11-19;16;1533
26;2025-11-19;17;1696
26;2025-11-19;18;1822
26;2025-11-19;19;1245
26;2025-11-19;20;771
26;2025-11-19;21;490
26;2025-11-19;22;236
26;2025-11-19;23;127
26;2025-11-20;0;34
26;2025-11-20;1;1
26;2025-11-20;2;0
26;2025-11-20;3;0
26;2025-11-20;4;2
26;2025-11-20;5;89
26;2025-11-20;6;501
26;2025-11-20;7;1091
26;2025-11-20;8;2193
26;2025-11-20;9;1488
26;2025-11-20;10;1220
26;2025-11-20;11;1142
26;2025-11-20;12;1162
26;2025-11-20;13;1191
26;2025-11-20;14;1260
26;2025-11-20;15;1362
26;2025-11-20;16;1532
26;2025-11-20;17;1708
26;2025-11-20;18;1841
26;2025-11-20;19;1257
26;2025-11-20;20;773
26;2025-11-20;21;479
26;2025-11-20;22;234
26;2025-11-20;23;129
26;2025-11-21;0;32
26;2025-11-21;1;2
26;2025-11-21;2;0
26;2025-11-21;3;0
26;2025-11-21;4;2
26;2025-11-21;5;87
26;2025-11-21;6;503
26;2025-11-21;7;1075
26;2025-11-21;8;2148
26;2025-11-21;9;1445
26;2025-11-21;10;1229
26;2025-11-21;11;1108
26;2025-11-21;12;1165
26;2025-11-21;13;1212
26;2025-11-21;14;1268
26;2025-11-21;15;1389
26;2025-11-21;16;1604
26;2025-11-21;17;1713
26;2025-11-21;18;1619
26;2025-11-21;19;1174
26;2025-11-21;20;756
26;2025-11-21;21;474
26;2025-11-21;22;234
26;2025-11-21;23;144
26;2025-11-22;0;44
26;2025-11-22;1;2
26;2025-11-22;2;0
26;2025-11-22;3;0
26;2025-11-22;4;2
26;2025-11-22;5;48
26;2025-11-22;6;268
26;2025-11-22;7;376
26;2025-11-22;8;622
26;2025-11-22;9;713
26;2025-11-22;10;844
26;2025-11-22;11;1029
26;2025-11-22;12;1083
26;2025-11-22;13;1058
26;2025-11-22;14;1092
26;2025-11-22;15;987
26;2025-11-22;16;1019
26;2025-11-22;17;945
26;2025-11-22;18;891
26;2025-11-22;19;815
26;2025-11-22;20;550
26;2025-11-22;21;378
26;2025-11-22;22;222
26;2025-11-22;23;149
26;2025-11-23;0;45
26;2025-11-23;1;4
26;2025-11-23;2;1
26;2025-11-23;3;1
26;2025-11-23;4;1
26;2025-11-23;5;31
26;2025-11-23;6;155
26;2025-11-23;7;246
26;2025-11-23;8;364
26;2025-11-23;9;502
26;2025-11-23;10;566
26;2025-11-23;11;759
26;2025-11-23;12;797
26;2025-11-23;13;838
26;2025-11-23;14;830
26;2025-11-23;15;764
26;2025-11-23;16;754
26;2025-11-23;17;745
26;2025-11-23;18;677
26;2025-11-23;19;545
26;2025-11-23;20;397
26;2025-11-23;21;282
26;2025-11-23;22;187
26;2025-11-23;23;102
26;2025-11-24;0;30
26;2025-11-24;1;2
26;2025-11-24;2;0
26;2025-11-24;3;0
26;2025-11-24;4;2
26;2025-11-24;5;90
26;2025-11-24;6;508
26;2025-11-24;7;1110
26;2025-11-24;8;2195
26;2025-11-24;9;1487
26;2025-11-24;10;1241
26;2025-11-24;11;1106
26;2025-11-24;12;1148
26;2025-11-24;13;1204
26;2025-11-24;14;1247
26;2025-11-24;15;1354
26;2025-11-24;16;1534
26;2025-11-24;17;1711
26;2025-11-24;18;1863
26;2025-11-24;19;1260
26;2025-11-24;20;776
26;2025-11-24;21;467
26;2025-11-24;22;224
26;2025-11-24;23;115
26;2025-11-25;0;30
26;2025-11-25;1;1
26;2025-11-25;2;0
26;2025-11-25;3;1
26;2025-11-25;4;3
26;2025-11-25;5;90
26;2025-11-25;6;511
26;2025-11-25;7;1117
26;2025-11-25;8;2261
26;2025-11-25;9;1507
26;2025-11-25;10;1246
26;2025-11-25;11;1128
26;2025-11-25;12;1183
26;2025-11-25;13;1205
26;2025-11-25;14;1263
26;2025-11-25;15;1357
26;2025-11-25;16;1554
26;2025-11-25;17;1750
26;2025-11-25;18;1861
26;2025-11-25;19;1296
26;2025-11-25;20;786
26;2025-11-25;21;477
26;2025-11-25;22;233
26;2025-11-25;23;122
26;2025-11-26;0;31
26;2025-11-26;1;1
26;2025-11-26;2;0
26;2025-11-26;3;0
26;2025-11-26;4;4
26;2025-11-26;5;91
26;2025-11-26;6;504
26;2025-11-26;7;1093
26;2025-11-26;8;2225
26;2025-11-26;9;1497
26;2025-11-26;10;1249
26;2025-11-26;11;1124
26;2025-11-26;12;1173
26;2025-11-26;13;1205
26;2025-11-26;14;1296
26;2025-11-26;15;1366
26;2025-11-26;16;1530
26;2025-11-26;17;1693
26;2025-11-26;18;1818
26;2025-11-26;19;1243
26;2025-11-26;20;769
26;2025-11-26;21;489
26;2025-11-26;22;236
26;2025-11-26;23;127
26;2025-11-27;0;34
26;2025-11-27;1;1
26;2025-11-27;2;0
26;2025-11-27;3;0
26;2025-11-27;4;2
26;2025-11-27;5;89
26;2025-11-27;6;500
26;2025-11-27;7;1089
26;2025-11-27;8;2189
26;2025-11-27;9;1485
26;2025-11-27;10;1218
26;2025-11-27;11;1140
26;2025-11-27;12;1160
26;2025-11-27;13;1189
26;2025-11-27;14;1257
26;2025-11-27;15;1359
26;2025-11-27;16;1529
26;2025-11-27;17;1704
26;2025-11-27;18;1837
26;2025-11-27;19;1255
26;2025-11-27;20;771
26;2025-11-27;21;478
26;2025-11-27;22;234
26;2025-11-27;23;129
26;2025-11-28;0;32
26;2025-11-28;1;2
26;2025-11-28;2;0
26;2025-11-28;3;0
26;2025-11-28;4;2
26;2025-11-28;5;87
26;2025-11-28;6;502
26;2025-11-28;7;1073
26;2025-11-28;8;2144
26;2025-11-28;9;1443
26;2025-11-28;10;1227
26;2025-11-28;11;1106
26;2025-11-28;12;1163
26;2025-11-28;13;1210
26;2025-11-28;14;1265
26;2025-11-28;15;1387
26;2025-11-28;16;1601
26;2025-11-28;17;1710
26;2025-11-28;18;1616
26;2025-11-28;19;1172
26;2025-11-28;20;755
26;2025-11-28;21;473
26;2025-11-28;22;233
26;2025-11-28;23;144
26;2025-11-29;0;44
26;2025-11-29;1;2
26;2025-11-29;2;0
26;2025-11-29;3;0
26;2025-11-29;4;2
26;2025-11-29;5;48
26;2025-11-29;6;268
26;2025-11-29;7;376
26;2025-11-29;8;621
26;2025-11-29;9;712
26;2025-11-29;10;842
26;2025-11-29;11;1027
26;2025-11-29;12;1081
26;2025-11-29;13;1056
26;2025-11-29;14;1089
26;2025-11-29;15;985
26;2025-11-29;16;1017
26;2025-11-29;17;943
26;2025-11-29;18;889
26;2025-11-29;19;813
26;2025-11-29;20;549
26;2025-11-29;21;377
26;2025-11-29;22;222
26;2025-11-29;23;149
26;2025-11-30;0;45
26;2025-11-30;1;4
26;2025-11-30;2;1
26;2025-11-30;3;1
26;2025-11-30;4;1
26;2025-11-30;5;31
26;2025-11-30;6;155
26;2025-11-30;7;246
26;2025-11-30;8;364
26;2025-11-30;9;502
26;2025-11-30;10;566
26;2025-11-30;11;759
26;2025-11-30;12;797
26;2025-11-30;13;838
26;2025-11-30;14;830
26;2025-11-30;15;764
26;2025-11-30;16;754
26;2025-11-30;17;745
26;2025-11-30;18;677
26;2025-11-30;19;545
26;2025-11-30;20;397
26;2025-11-30;21;282
26;2025-11-30;22;187
26;2025-11-30;23;102
26;2025-12-01;0;30
26;2025-12-01;1;2
26;2025-12-01;2;0
26;2025-12-01;3;0
26;2025-12-01;4;2
26;2025-12-01;5;90
26;2025-12-01;6;507
26;2025-12-01;7;1107
26;2025-12-01;8;2191
26;2025-12-01;9;1484
26;2025-12-01;10;1239
26;2025-12-01;11;1104
26;2025-12-01;12;1146
26;2025-12-01;13;1202
26;2025-12-01;14;1245
26;2025-12-01;15;1351
26;2025-12-01;16;1531
26;2025-12-01;17;1708
26;2025-12-01;18;1859
26;2025-12-01;19;1258
26;2025-12-01;20;774
26;2025-12-01;21;466
26;2025-12-01;22;224
26;2025-12-01;23;115
26;2025-12-02;0;30
26;2025-12-02;1;1
26;2025-12-02;2;0
26;2025-12-02;3;1
26;2025-12-02;4;3
26;2025-12-02;5;90
26;2025-12-02;6;510
26;2025-12-02;7;1115
26;2025-12-02;8;2256
26;2025-12-02;9;1504
26;2025-12-02;10;1243
26;2025-12-02;11;1126
26;2025-12-02;12;1181
26;2025-12-02;13;1202
26;2025-12-02;14;1261
26;2025-12-02;15;1354
26;2025-12-02;16;1551
26;2025-12-02;17;1747
26;2025-12-02;18;1857
26;2025-12-02;19;1294
26;2025-12-02;20;785
26;2025-12-02;21;476
26;2025-12-02;22;232
26;2025-12-02;23;122
26;2025-12-03;0;31
26;2025-12-03;1;1
26;2025-12-03;2;0
26;2025-12-03;3;0
26;2025-12-03;4;4
26;2025-12-03;5;90
26;2025-12-03;6;503
26;2025-12-03;7;1091
26;2025-12-03;8;2221
26;2025-12-03;9;1494
26;2025-12-03;10;1247
26;2025-12-03;11;1122
26;2025-12-03;12;1171
26;2025-12-03;13;1203
26;2025-12-03;14;1294
26;2025-12-03;15;1364
26;2025-12-03;16;1527
26;2025-12-03;17;1690
26;2025-12-03;18;1815
26;2025-12-03;19;1241
26;2025-12-03;20;768
26;2025-12-03;21;488
26;2025-12-03;22;236
26;2025-12-03;23;126
26;2025-12-04;0;34
26;2025-12-04;1;1
26;2025-12-04;2;0
26;2025-12-04;3;0
26;2025-12-04;4;2
26;2025-12-04;5;88
26;2025-12-04;6;499
26;2025-12-04;7;1087
26;2025-12-04;8;2185
26;2025-12-04;9;1483
26;2025-12-04;10;1216
26;2025-12-04;11;1138
26;2025-12-04;12;1158
26;2025-12-04;13;1187
26;2025-12-04;14;1255
26;2025-12-04;15;1357
26;2025-12-04;16;1526
26;2025-12-04;17;1701
26;2025-12-04;18;1834
26;2025-12-04;19;1253
26;2025-12-04;20;770
26;2025-12-04;21;477
26;2025-12-04;22;233
26;2025-12-04;23;129
26;2025-12-05;0;32
26;2025-12-05;1;2
26;2025-12-05;2;0
26;2025-12-05;3;0
26;2025-12-05;4;2
26;2025-12-05;5;87
26;2025-12-05;6;501
26;2025-12-05;7;1071
26;2025-12-05;8;2140
26;2025-12-05;9;1440
26;2025-12-05;10;1225
26;2025-12-05;11;1104
26;2025-12-05;12;1161
26;2025-12-05;13;1207
26;2025-12-05;14;1263
26;2025-12-05;15;1384
26;2025-12-05;16;1598
26;2025-12-05;17;1707
26;2025-12-05;18;1613
26;2025-12-05;19;1170
26;2025-12-05;20;753
26;2025-12-05;21;472
26;2025-12-05;22;233
26;2025-12-05;23;144
26;2025-12-06;0;44
26;2025-12-06;1;2
26;2025-12-06;2;0
26;2025-12-06;3;0
26;2025-12-06;4;2
26;2025-12-06;5;48
26;2025-12-06;6;267
26;2025-12-06;7;375
26;2025-12-06;8;619
26;2025-12-06;9;710
26;2025-12-06;10;840
26;2025-12-06;11;1025
26;2025-12-06;12;1079
26;2025-12-06;13;1053
26;2025-12-06;14;1087
26;2025-12-06;15;983
26;2025-12-06;16;1015
26;2025-12-06;17;941
26;2025-12-06;18;887
26;2025-12-06;19;811
26;2025-12-06;20;547
26;2025-12-06;21;376
26;2025-12-06;22;222
26;2025-12-06;23;149
26;2025-12-07;0;45
26;2025-12-07;1;4
26;2025-12-07;2;1
26;2025-12-07;3;1
26;2025-12-07;4;1
26;2025-12-07;5;31
26;2025-12-07;6;155
26;2025-12-07;7;246
26;2025-12-07;8;364
26;2025-12-07;9;502
26;2025-12-07;10;566
26;2025-12-07;11;759
26;2025-12-07;12;797
26;2025-12-07;13;838
26;2025-12-07;14;830
26;2025-12-07;15;764
26;2025-12-07;16;754
26;2025-12-07;17;745
26;2025-12-07;18;677
26;2025-12-07;19;545
26;2025-12-07;20;397
26;2025-12-07;21;282
26;2025-12-07;22;187
26;2025-12-07;23;102
26;2025-12-08;0;30
26;2025-12-08;1;2
26;2025-12-08;2;0
26;2025-12-08;3;0
26;2025-12-08;4;2
26;2025-12-08;5;89
26;2025-12-08;6;506
26;2025-12-08;7;1105
26;2025-12-08;8;2187
26;2025-12-08;9;1481
26;2025-12-08;10;1236
26;2025-12-08;11;1102
26;2025-12-08;12;1144
26;2025-12-08;13;1200
26;2025-12-08;14;1242
26;2025-12-08;15;1349
26;2025-12-08;16;1528
26;2025-12-08;17;1705
26;2025-12-08;18;1856
26;2025-12-08;19;1256
26;2025-12-08;20;773
26;2025-12-08;21;465
26;2025-12-08;22;224
26;2025-12-08;23;115
26;2025-12-09;0;30
26;2025-12-09;1;1
26;2025-12-09;2;0
26;2025-12-09;3;1
26;2025-12-09;4;3
26;2025-12-09;5;90
26;2025-12-09;6;509
26;2025-12-09;7;1113
26;2025-12-09;8;2253
26;2025-12-09;9;1501
26;2025-12-09;10;1241
26;2025-12-09;11;1124
26;2025-12-09;12;1179
26;2025-12-09;13;1200
26;2025-12-09;14;1259
26;2025-12-09;15;1352
26;2025-12-09;16;1549
26;2025-12-09;17;1744
26;2025-12-09;18;1854
26;2025-12-09;19;1292
26;2025-12-09;20;783
26;2025-12-09;21;475
26;2025-12-09;22;232
26;2025-12-09;23;122
26;2025-12-10;0;31
26;2025-12-10;1;1
26;2025-12-10;2;0
26;2025-12-10;3;0
26;2025-12-10;4;4
26;2025-12-10;5;90
26;2025-12-10;6;502
26;2025-12-10;7;1089
26;2025-12-10;8;2217
26;2025-12-10;9;1491
26;2025-12-10;10;1244
26;2025-12-10;11;1120
26;2025-12-10;12;1169
26;2025-12-10;13;1201
26;2025-12-10;14;1291
26;2025-12-10;15;1361
26;2025-12-10;16;1525
26;2025-12-10;17;1687
26;2025-12-10;18;1812
26;2025-12-10;19;1238
26;2025-12-10;20;767
26;2025-12-10;21;488
26;2025-12-10;22;235
26;2025-12-10;23;126
26;2025-12-11;0;34
26;2025-12-11;1;1
26;2025-12-11;2;0
26;2025-12-11;3;0
26;2025-12-11;4;2
26;2025-12-11;5;88
26;2025-12-11;6;498
26;2025-12-11;7;1085
26;2025-12-11;8;2181
26;2025-12-11;9;1480
26;2025-12-11;10;1214
26;2025-12-11;11;1136
26;2025-12-11;12;1156
26;2025-12-11;13;1185
26;2025-12-11;14;1253
26;2025-12-11;15;1355
26;2025-12-11;16;1523
26;2025-12-11;17;1698
26;2025-12-11;18;1831
26;2025-12-11;19;1251
26;2025-12-11;20;768
26;2025-12-11;21;476
26;2025-12-11;22;233
26;2025-12-11;23;129
26;2025-12-12;0;32
26;2025-12-12;1;2
26;2025-12-12;2;0
26;2025-12-12;3;0
26;2025-12-12;4;2
26;2025-12-12;5;87
26;2025-12-12;6;500
26;2025-12-12;7;1069
26;2025-12-12;8;2136
26;2025-12-12;9;1438
26;2025-12-12;10;1223
26;2025-12-12;11;1102
26;2025-12-12;12;1159
26;2025-12-12;13;1205
26;2025-12-12;14;1261
26;2025-12-12;15;1382
26;2025-12-12;16;1595
26;2025-12-12;17;1704
26;2025-12-12;18;1610
26;2025-12-12;19;1168
26;2025-12-12;20;752
26;2025-12-12;21;471
26;2025-12-12;22;233
26;2025-12-12;23;143
26;2025-12-13;0;44
26;2025-12-13;1;2
26;2025-12-13;2;0
26;2025-12-13;3;0
26;2025-12-13;4;2
26;2025-12-13;5;48
26;2025-12-13;6;267
26;2025-12-13;7;374
26;2025-12-13;8;618
26;2025-12-13;9;709
26;2025-12-13;10;839
26;2025-12-13;11;1023
26;2025-12-13;12;1076
26;2025-12-13;13;1052
26;2025-12-13;14;1085
26;2025-12-13;15;981
26;2025-12-13;16;1013
26;2025-12-13;17;940
26;2025-12-13;18;885
26;2025-12-13;19;810
26;2025-12-13;20;546
26;2025-12-13;21;376
26;2025-12-13;22;221
26;2025-12-13;23;148
26;2025-12-14;0;45
26;2025-12-14;1;4
26;2025-12-14;2;1
26;2025-12-14;3;1
26;2025-12-14;4;1
26;2025-12-14;5;31
26;2025-12-14;6;155
26;2025-12-14;7;246
26;2025-12-14;8;364
26;2025-12-14;9;502
26;2025-12-14;10;566
26;2025-12-14;11;759
26;2025-12-14;12;797
26;2025-12-14;13;838
26;2025-12-14;14;830
26;2025-12-14;15;764
26;2025-12-14;16;754
26;2025-12-14;17;745
26;2025-12-14;18;677
26;2025-12-14;19;545
26;2025-12-14;20;397
26;2025-12-14;21;282
26;2025-12-14;22;187
26;2025-12-14;23;102
26;2025-12-15;0;30
26;2025-12-15;1;2
26;2025-12-15;2;0
26;2025-12-15;3;0
26;2025-12-15;4;2
26;2025-12-15;5;89
26;2025-12-15;6;505
26;2025-12-15;7;1104
26;2025-12-15;8;2184
26;2025-12-15;9;1479
26;2025-12-15;10;1234
26;2025-12-15;11;1100
26;2025-12-15;12;1142
26;2025-12-15;13;1198
26;2025-12-15;14;1240
26;2025-12-15;15;1347
26;2025-12-15;16;1525
26;2025-12-15;17;1702
26;2025-12-15;18;1853
26;2025-12-15;19;1253
26;2025-12-15;20;771
26;2025-12-15;21;464
26;2025-12-15;22;223
26;2025-12-15;23;114
26;2025-12-16;0;30
26;2025-12-16;1;1
26;2025-12-16;2;0
26;2025-12-16;3;1
26;2025-12-16;4;3
26;2025-12-16;5;90
26;2025-12-16;6;508
26;2025-12-16;7;1111
26;2025-12-16;8;2249
26;2025-12-16;9;1499
26;2025-12-16;10;1239
26;2025-12-16;11;1122
26;2025-12-16;12;1177
26;2025-12-16;13;1198
26;2025-12-16;14;1257
26;2025-12-16;15;1350
26;2025-12-16;16;1546
26;2025-12-16;17;1741
26;2025-12-16;18;1851
26;2025-12-16;19;1290
26;2025-12-16;20;782
26;2025-12-16;21;474
26;2025-12-16;22;231
26;2025-12-16;23;122
26;2025-12-17;0;31
26;2025-12-17;1;1
26;2025-12-17;2;0
26;2025-12-17;3;0
26;2025-12-17;4;4
26;2025-12-17;5;90
26;2025-12-17;6;502
26;2025-12-17;7;1087
26;2025-12-17;8;2213
26;2025-12-17;9;1489
26;2025-12-17;10;1242
26;2025-12-17;11;1118
26;2025-12-17;12;1167
26;2025-12-17;13;1199
26;2025-12-17;14;1289
26;2025-12-17;15;1359
26;2025-12-17;16;1522
26;2025-12-17;17;1684
26;2025-12-17;18;1809
26;2025-12-17;19;1236
26;2025-12-17;20;765
26;2025-12-17;21;487
26;2025-12-17;22;235
26;2025-12-17;23;126
26;2025-12-18;0;34
26;2025-12-18;1;1
26;2025-12-18;2;0
26;2025-12-18;3;0
26;2025-12-18;4;2
26;2025-12-18;5;88
26;2025-12-18;6;497
26;2025-12-18;7;1083
26;2025-12-18;8;2178
26;2025-12-18;9;1478
26;2025-12-18;10;1212
26;2025-12-18;11;1134
26;2025-12-18;12;1154
26;2025-12-18;13;1183
26;2025-12-18;14;1251
26;2025-12-18;15;1352
26;2025-12-18;16;1521
26;2025-12-18;17;1695
26;2025-12-18;18;1828
26;2025-12-18;19;1248
26;2025-12-18;20;767
26;2025-12-18;21;476
26;2025-12-18;22;233
26;2025-12-18;23;128
26;2025-12-19;0;32
26;2025-12-19;1;2
26;2025-12-19;2;0
26;2025-12-19;3;0
26;2025-12-19;4;2
26;2025-12-19;5;87
26;2025-12-19;6;500
26;2025-12-19;7;1067
26;2025-12-19;8;2133
26;2025-12-19;9;1435
26;2025-12-19;10;1221
26;2025-12-19;11;1100
26;2025-12-19;12;1157
26;2025-12-19;13;1203
26;2025-12-19;14;1259
26;2025-12-19;15;1380
26;2025-12-19;16;1593
26;2025-12-19;17;1701
26;2025-12-19;18;1608
26;2025-12-19;19;1166
26;2025-12-19;20;751
26;2025-12-19;21;470
26;2025-12-19;22;232
26;2025-12-19;23;143
26;2025-12-20;0;44
26;2025-12-20;1;2
26;2025-12-20;2;0
26;2025-12-20;3;0
26;2025-12-20;4;2
26;2025-12-20;5;47
26;2025-12-20;6;266
26;2025-12-20;7;374
26;2025-12-20;8;617
26;2025-12-20;9;708
26;2025-12-20;10;837
26;2025-12-20;11;1021
26;2025-12-20;12;1075
26;2025-12-20;13;1050
26;2025-12-20;14;1083
26;2025-12-20;15;979
26;2025-12-20;16;1011
26;2025-12-20;17;938
26;2025-12-20;18;884
26;2025-12-20;19;808
26;2025-12-20;20;545
26;2025-12-20;21;375
26;2025-12-20;22;221
26;2025-12-20;23;148
26;2025-12-21;0;45
26;2025-12-21;1;4
26;2025-12-21;2;1
26;2025-12-21;3;1
26;2025-12-21;4;1
26;2025-12-21;5;31
26;2025-12-21;6;155
26;2025-12-21;7;246
26;2025-12-21;8;364
26;2025-12-21;9;502
26;2025-12-21;10;566
26;2025-12-21;11;759
26;2025-12-21;12;797
26;2025-12-21;13;838
26;2025-12-21;14;830
26;2025-12-21;15;763
26;2025-12-21;16;754
26;2025-12-21;17;745
26;2025-12-21;18;677
26;2025-12-21;19;545
26;2025-12-21;20;397
26;2025-12-21;21;282
26;2025-12-21;22;187
26;2025-12-21;23;102
26;2025-12-22;0;30
26;2025-12-22;1;2
26;2025-12-22;2;0
26;2025-12-22;3;0
26;2025-12-22;4;2
26;2025-12-22;5;89
26;2025-12-22;6;505
26;2025-12-22;7;1102
26;2025-12-22;8;2180
26;2025-12-22;9;1477
26;2025-12-22;10;1232
26;2025-12-22;11;1098
26;2025-12-22;12;1140
26;2025-12-22;13;1196
26;2025-12-22;14;1238
26;2025-12-22;15;1344
26;2025-12-22;16;1523
26;2025-12-22;17;1699
26;2025-12-22;18;1850
26;2025-12-22;19;1251
26;2025-12-22;20;770
26;2025-12-22;21;463
26;2025-12-22;22;223
26;2025-12-22;23;114
26;2025-12-23;0;30
26;2025-12-23;1;1
26;2025-12-23;2;0
26;2025-12-23;3;1
26;2025-12-23;4;3
26;2025-12-23;5;89
26;2025-12-23;6;508
26;2025-12-23;7;1109
26;2025-12-23;8;2245
26;2025-12-23;9;1496
26;2025-12-23;10;1237
26;2025-12-23;11;1120
26;2025-12-23;12;1175
26;2025-12-23;13;1196
26;2025-12-23;14;1255
26;2025-12-23;15;1348
26;2025-12-23;16;1543
26;2025-12-23;17;1738
26;2025-12-23;18;1848
26;2025-12-23;19;1288
26;2025-12-23;20;781
26;2025-12-23;21;473
26;2025-12-23;22;231
26;2025-12-23;23;122
26;2025-12-24;0;31
26;2025-12-24;1;1
26;2025-12-24;2;0
26;2025-12-24;3;0
26;2025-12-24;4;4
26;2025-12-24;5;90
26;2025-12-24;6;501
26;2025-12-24;7;1086
26;2025-12-24;8;2210
26;2025-12-24;9;1486
26;2025-12-24;10;1240
26;2025-12-24;11;1116
26;2025-12-24;12;1165
26;2025-12-24;13;1197
26;2025-12-24;14;1287
26;2025-12-24;15;1357
26;2025-12-24;16;1520
26;2025-12-24;17;1681
26;2025-12-24;18;1806
26;2025-12-24;19;1234
26;2025-12-24;20;764
26;2025-12-24;21;486
26;2025-12-24;22;234
26;2025-12-24;23;126
26;2025-12-25;0;34
26;2025-12-25;1;1
26;2025-12-25;2;0
26;2025-12-25;3;0
26;2025-12-25;4;2
26;2025-12-25;5;88
26;2025-12-25;6;496
26;2025-12-25;7;1081
26;2025-12-25;8;2174
26;2025-12-25;9;1475
26;2025-12-25;10;1210
26;2025-12-25;11;1133
26;2025-12-25;12;1152
26;2025-12-25;13;1181
26;2025-12-25;14;1249
26;2025-12-25;15;1350
26;2025-12-25;16;1518
26;2025-12-25;17;1693
26;2025-12-25;18;1825
26;2025-12-25;19;1246
26;2025-12-25;20;766
26;2025-12-25;21;475
26;2025-12-25;22;232
26;2025-12-25;23;128
26;2025-12-26;0;32
26;2025-12-26;1;2
26;2025-12-26;2;0
26;2025-12-26;3;0
26;2025-12-26;4;2
26;2025-12-26;5;87
26;2025-12-26;6;499
26;2025-12-26;7;1066
26;2025-12-26;8;2130
26;2025-12-26;9;1433
26;2025-12-26;10;1219
26;2025-12-26;11;1098
26;2025-12-26;12;1155
26;2025-12-26;13;1201
26;2025-12-26;14;1257
26;2025-12-26;15;1377
26;2025-12-26;16;1590
26;2025-12-26;17;1699
26;2025-12-26;18;1605
26;2025-12-26;19;1164
26;2025-12-26;20;750
26;2025-12-26;21;470
26;2025-12-26;22;232
26;2025-12-26;23;143
26;2025-12-27;0;44
26;2025-12-27;1;2
26;2025-12-27;2;0
26;2025-12-27;3;0
26;2025-12-27;4;2
26;2025-12-27;5;47
26;2025-12-27;6;266
26;2025-12-27;7;373
26;2025-12-27;8;616
26;2025-12-27;9;706
26;2025-12-27;10;836
26;2025-12-27;11;1020
26;2025-12-27;12;1073
26;2025-12-27;13;1048
26;2025-12-27;14;1081
26;2025-12-27;15;978
26;2025-12-27;16;1009
26;2025-12-27;17;936
26;2025-12-27;18;882
26;2025-12-27;19;807
26;2025-12-27;20;545
26;2025-12-27;21;374
26;2025-12-27;22;220
26;2025-12-27;23;148
26;2025-12-28;0;45
26;2025-12-28;1;4
26;2025-12-28;2;1
26;2025-12-28;3;1
26;2025-12-28;4;1
26;2025-12-28;5;31
26;2025-12-28;6;155
26;2025-12-28;7;246
26;2025-12-28;8;364
26;2025-12-28;9;502
26;2025-12-28;10;566
26;2025-12-28;11;759
26;2025-12-28;12;797
26;2025-12-28;13;838
26;2025-12-28;14;830
26;2025-12-28;15;763
26;2025-12-28;16;754
26;2025-12-28;17;745
26;2025-12-28;18;677
26;2025-12-28;19;545
26;2025-12-28;20;397
26;2025-12-28;21;282
26;2025-12-28;22;187
26;2025-12-28;23;102
26;2025-12-29;0;30
26;2025-12-29;1;2
26;2025-12-29;2;0
26;2025-12-29;3;0
26;2025-12-29;4;2
26;2025-12-29;5;89
26;2025-12-29;6;504
26;2025-12-29;7;1100
26;2025-12-29;8;2177
26;2025-12-29;9;1474
26;2025-12-29;10;1230
26;2025-12-29;11;1097
26;2025-12-29;12;1138
26;2025-12-29;13;1194
26;2025-12-29;14;1236
26;2025-12-29;15;1342
26;2025-12-29;16;1521
26;2025-12-29;17;1697
26;2025-12-29;18;1847
26;2025-12-29;19;1250
26;2025-12-29;20;769
26;2025-12-29;21;463
26;2025-12-29;22;222
26;2025-12-29;23;114
26;2025-12-30;0;30
26;2025-12-30;1;1
26;2025-12-30;2;0
26;2025-12-30;3;1
26;2025-12-30;4;3
26;2025-12-30;5;89
26;2025-12-30;6;507
26;2025-12-30;7;1108
26;2025-12-30;8;2242
26;2025-12-30;9;1494
26;2025-12-30;10;1235
26;2025-12-30;11;1119
26;2025-12-30;12;1173
26;2025-12-30;13;1195
26;2025-12-30;14;1253
26;2025-12-30;15;1346
26;2025-12-30;16;1541
26;2025-12-30;17;1736
26;2025-12-30;18;1845
26;2025-12-30;19;1286
26;2025-12-30;20;780
26;2025-12-30;21;473
26;2025-12-30;22;231
26;2025-12-30;23;121
26;2025-12-31;0;43
26;2025-12-31;1;4
26;2025-12-31;2;1
26;2025-12-31;3;1
26;2025-12-31;4;1
26;2025-12-31;5;32
26;2025-12-31;6;160
26;2025-12-31;7;244
26;2025-12-31;8;352
26;2025-12-31;9;483
26;2025-12-31;10;545
26;2025-12-31;11;730
26;2025-12-31;12;772
26;2025-12-31;13;811
26;2025-12-31;14;795
26;2025-12-31;15;744
26;2025-12-31;16;730
26;2025-12-31;17;721
26;2025-12-31;18;663
26;2025-12-31;19;551
26;2025-12-31;20;396
26;2025-12-31;21;280
26;2025-12-31;22;188
26;2025-12-31;23;103
28;2025-11-01;0;1
28;2025-11-01;1;0
28;2025-11-01;2;0
28;2025-11-01;3;0
28;2025-11-01;4;2
28;2025-11-01;5;80
28;2025-11-01;6;276
28;2025-11-01;7;827
28;2025-11-01;8;1289
28;2025-11-01;9;890
28;2025-11-01;10;663
28;2025-11-01;11;590
28;2025-11-01;12;721
28;2025-11-01;13;744
28;2025-11-01;14;686
28;2025-11-01;15;717
28;2025-11-01;16;902
28;2025-11-01;17;1027
28;2025-11-01;18;972
28;2025-11-01;19;734
28;2025-11-01;20;517
28;2025-11-01;21;325
28;2025-11-01;22;138
28;2025-11-01;23;18
28;2025-11-02;0;4
28;2025-11-02;1;2
28;2025-11-02;2;1
28;2025-11-02;3;1
28;2025-11-02;4;0
28;2025-11-02;5;28
28;2025-11-02;6;79
28;2025-11-02;7;147
28;2025-11-02;8;241
28;2025-11-02;9;313
28;2025-11-02;10;359
28;2025-11-02;11;390
28;2025-11-02;12;448
28;2025-11-02;13;504
28;2025-11-02;14;494
28;2025-11-02;15;493
28;2025-11-02;16;464
28;2025-11-02;17;462
28;2025-11-02;18;403
28;2025-11-02;19;347
28;2025-11-02;20;279
28;2025-11-02;21;232
28;2025-11-02;22;106
28;2025-11-02;23;13
28;2025-11-03;0;4
28;2025-11-03;1;2
28;2025-11-03;2;1
28;2025-11-03;3;1
28;2025-11-03;4;0
28;2025-11-03;5;27
28;2025-11-03;6;78
28;2025-11-03;7;146
28;2025-11-03;8;232
28;2025-11-03;9;301
28;2025-11-03;10;348
28;2025-11-03;11;375
28;2025-11-03;12;435
28;2025-11-03;13;490
28;2025-11-03;14;483
28;2025-11-03;15;482
28;2025-11-03;16;454
28;2025-11-03;17;455
28;2025-11-03;18;396
28;2025-11-03;19;340
28;2025-11-03;20;277
28;2025-11-03;21;230
28;2025-11-03;22;106
28;2025-11-03;23;14
28;2025-11-04;0;4
28;2025-11-04;1;2
28;2025-11-04;2;1
28;2025-11-04;3;1
28;2025-11-04;4;0
28;2025-11-04;5;27
28;2025-11-04;6;78
28;2025-11-04;7;146
28;2025-11-04;8;232
28;2025-11-04;9;300
28;2025-11-04;10;348
28;2025-11-04;11;375
28;2025-11-04;12;435
28;2025-11-04;13;490
28;2025-11-04;14;483
28;2025-11-04;15;482
28;2025-11-04;16;453
28;2025-11-04;17;455
28;2025-11-04;18;396
28;2025-11-04;19;340
28;2025-11-04;20;277
28;2025-11-04;21;230
28;2025-11-04;22;106
28;2025-11-04;23;14
28;2025-11-05;0;1
28;2025-11-05;1;0
28;2025-11-05;2;0
28;2025-11-05;3;0
28;2025-11-05;4;2
28;2025-11-05;5;81
28;2025-11-05;6;276
28;2025-11-05;7;808
28;2025-11-05;8;1273
28;2025-11-05;9;871
28;2025-11-05;10;655
28;2025-11-05;11;602
28;2025-11-05;12;713
28;2025-11-05;13;739
28;2025-11-05;14;683
28;2025-11-05;15;718
28;2025-11-05;16;888
28;2025-11-05;17;1017
28;2025-11-05;18;966
28;2025-11-05;19;733
28;2025-11-05;20;511
28;2025-11-05;21;325
28;2025-11-05;22;139
28;2025-11-05;23;18
28;2025-11-06;0;1
28;2025-11-06;1;0
28;2025-11-06;2;0
28;2025-11-06;3;0
28;2025-11-06;4;2
28;2025-11-06;5;78
28;2025-11-06;6;275
28;2025-11-06;7;821
28;2025-11-06;8;1280
28;2025-11-06;9;882
28;2025-11-06;10;653
28;2025-11-06;11;579
28;2025-11-06;12;721
28;2025-11-06;13;738
28;2025-11-06;14;681
28;2025-11-06;15;713
28;2025-11-06;16;878
28;2025-11-06;17;1011
28;2025-11-06;18;991
28;2025-11-06;19;736
28;2025-11-06;20;524
28;2025-11-06;21;328
28;2025-11-06;22;140
28;2025-11-06;23;18
28;2025-11-07;0;1
28;2025-11-07;1;0
28;2025-11-07;2;0
28;2025-11-07;3;0
28;2025-11-07;4;2
28;2025-11-07;5;77
28;2025-11-07;6;265
28;2025-11-07;7;799
28;2025-11-07;8;1225
28;2025-11-07;9;856
28;2025-11-07;10;645
28;2025-11-07;11;574
28;2025-11-07;12;709
28;2025-11-07;13;729
28;2025-11-07;14;694
28;2025-11-07;15;717
28;2025-11-07;16;928
28;2025-11-07;17;1009
28;2025-11-07;18;895
28;2025-11-07;19;681
28;2025-11-07;20;490
28;2025-11-07;21;319
28;2025-11-07;22;141
28;2025-11-07;23;20
28;2025-11-08;0;1
28;2025-11-08;1;0
28;2025-11-08;2;0
28;2025-11-08;3;0
28;2025-11-08;4;1
28;2025-11-08;5;36
28;2025-11-08;6;100
28;2025-11-08;7;223
28;2025-11-08;8;388
28;2025-11-08;9;470
28;2025-11-08;10;492
28;2025-11-08;11;496
28;2025-11-08;12;591
28;2025-11-08;13;603
28;2025-11-08;14;612
28;2025-11-08;15;595
28;2025-11-08;16;562
28;2025-11-08;17;581
28;2025-11-08;18;505
28;2025-11-08;19;421
28;2025-11-08;20;318
28;2025-11-08;21;279
28;2025-11-08;22;135
28;2025-11-08;23;24
28;2025-11-09;0;4
28;2025-11-09;1;2
28;2025-11-09;2;1
28;2025-11-09;3;1
28;2025-11-09;4;0
28;2025-11-09;5;28
28;2025-11-09;6;79
28;2025-11-09;7;147
28;2025-11-09;8;241
28;2025-11-09;9;313
28;2025-11-09;10;358
28;2025-11-09;11;390
28;2025-11-09;12;448
28;2025-11-09;13;503
28;2025-11-09;14;493
28;2025-11-09;15;492
28;2025-11-09;16;463
28;2025-11-09;17;461
28;2025-11-09;18;403
28;2025-11-09;19;346
28;2025-11-09;20;279
28;2025-11-09;21;232
28;2025-11-09;22;106
28;2025-11-09;23;13
28;2025-11-10;0;1
28;2025-11-10;1;0
28;2025-11-10;2;0
28;2025-11-10;3;0
28;2025-11-10;4;2
28;2025-11-10;5;79
28;2025-11-10;6;274
28;2025-11-10;7;810
28;2025-11-10;8;1260
28;2025-11-10;9;879
28;2025-11-10;10;641
28;2025-11-10;11;569
28;2025-11-10;12;699
28;2025-11-10;13;715
28;2025-11-10;14;660
28;2025-11-10;15;691
28;2025-11-10;16;894
28;2025-11-10;17;1001
28;2025-11-10;18;968
28;2025-11-10;19;729
28;2025-11-10;20;502
28;2025-11-10;21;315
28;2025-11-10;22;130
28;2025-11-10;23;16
28;2025-11-11;0;1
28;2025-11-11;1;0
28;2025-11-11;2;0
28;2025-11-11;3;0
28;2025-11-11;4;2
28;2025-11-11;5;77
28;2025-11-11;6;269
28;2025-11-11;7;816
28;2025-11-11;8;1273
28;2025-11-11;9;889
28;2025-11-11;10;676
28;2025-11-11;11;584
28;2025-11-11;12;709
28;2025-11-11;13;745
28;2025-11-11;14;679
28;2025-11-11;15;704
28;2025-11-11;16;870
28;2025-11-11;17;1006
28;2025-11-11;18;961
28;2025-11-11;19;732
28;2025-11-11;20;523
28;2025-11-11;21;323
28;2025-11-11;22;132
28;2025-11-11;23;19
28;2025-11-12;0;1
28;2025-11-12;1;0
28;2025-11-12;2;0
28;2025-11-12;3;0
28;2025-11-12;4;2
28;2025-11-12;5;81
28;2025-11-12;6;275
28;2025-11-12;7;805
28;2025-11-12;8;1269
28;2025-11-12;9;868
28;2025-11-12;10;653
28;2025-11-12;11;600
28;2025-11-12;12;710
28;2025-11-12;13;736
28;2025-11-12;14;681
28;2025-11-12;15;715
28;2025-11-12;16;885
28;2025-11-12;17;1014
28;2025-11-12;18;963
28;2025-11-12;19;731
28;2025-11-12;20;509
28;2025-11-12;21;324
28;2025-11-12;22;139
28;2025-11-12;23;18
28;2025-11-13;0;1
28;2025-11-13;1;0
28;2025-11-13;2;0
28;2025-11-13;3;0
28;2025-11-13;4;2
28;2025-11-13;5;78
28;2025-11-13;6;274
28;2025-11-13;7;819
28;2025-11-13;8;1276
28;2025-11-13;9;879
28;2025-11-13;10;651
28;2025-11-13;11;577
28;2025-11-13;12;718
28;2025-11-13;13;735
28;2025-11-13;14;679
28;2025-11-13;15;711
28;2025-11-13;16;875
28;2025-11-13;17;1008
28;2025-11-13;18;988
28;2025-11-13;19;734
28;2025-11-13;20;522
28;2025-11-13;21;327
28;2025-11-13;22;140
28;2025-11-13;23;18
28;2025-11-14;0;1
28;2025-11-14;1;0
28;2025-11-14;2;0
28;2025-11-14;3;0
28;2025-11-14;4;2
28;2025-11-14;5;77
28;2025-11-14;6;265
28;2025-11-14;7;796
28;2025-11-14;8;1221
28;2025-11-14;9;853
28;2025-11-14;10;643
28;2025-11-14;11;572
28;2025-11-14;12;706
28;2025-11-14;13;726
28;2025-11-14;14;692
28;2025-11-14;15;715
28;2025-11-14;16;925
28;2025-11-14;17;1006
28;2025-11-14;18;892
28;2025-11-14;19;679
28;2025-11-14;20;489
28;2025-11-14;21;318
28;2025-11-14;22;140
28;2025-11-14;23;20
28;2025-11-15;0;1
28;2025-11-15;1;0
28;2025-11-15;2;0
28;2025-11-15;3;0
28;2025-11-15;4;1
28;2025-11-15;5;36
28;2025-11-15;6;100
28;2025-11-15;7;222
28;2025-11-15;8;387
28;2025-11-15;9;469
28;2025-11-15;10;491
28;2025-11-15;11;495
28;2025-11-15;12;590
28;2025-11-15;13;601
28;2025-11-15;14;610
28;2025-11-15;15;593
28;2025-11-15;16;561
28;2025-11-15;17;579
28;2025-11-15;18;504
28;2025-11-15;19;419
28;2025-11-15;20;317
28;2025-11-15;21;278
28;2025-11-15;22;135
28;2025-11-15;23;24
28;2025-11-16;0;4
28;2025-11-16;1;2
28;2025-11-16;2;1
28;2025-11-16;3;1
28;2025-11-16;4;0
28;2025-11-16;5;28
28;2025-11-16;6;78
28;2025-11-16;7;146
28;2025-11-16;8;241
28;2025-11-16;9;312
28;2025-11-16;10;358
28;2025-11-16;11;389
28;2025-11-16;12;447
28;2025-11-16;13;502
28;2025-11-16;14;492
28;2025-11-16;15;491
28;2025-11-16;16;463
28;2025-11-16;17;461
28;2025-11-16;18;402
28;2025-11-16;19;346
28;2025-11-16;20;278
28;2025-11-16;21;232
28;2025-11-16;22;106
28;2025-11-16;23;13
28;2025-11-17;0;1
28;2025-11-17;1;0
28;2025-11-17;2;0
28;2025-11-17;3;0
28;2025-11-17;4;2
28;2025-11-17;5;79
28;2025-11-17;6;273
28;2025-11-17;7;807
28;2025-11-17;8;1256
28;2025-11-17;9;876
28;2025-11-17;10;639
28;2025-11-17;11;567
28;2025-11-17;12;697
28;2025-11-17;13;713
28;2025-11-17;14;658
28;2025-11-17;15;689
28;2025-11-17;16;891
28;2025-11-17;17;998
28;2025-11-17;18;965
28;2025-11-17;19;727
28;2025-11-17;20;500
28;2025-11-17;21;314
28;2025-11-17;22;130
28;2025-11-17;23;16
28;2025-11-18;0;1
28;2025-11-18;1;0
28;2025-11-18;2;0
28;2025-11-18;3;0
28;2025-11-18;4;2
28;2025-11-18;5;77
28;2025-11-18;6;268
28;2025-11-18;7;813
28;2025-11-18;8;1269
28;2025-11-18;9;887
28;2025-11-18;10;674
28;2025-11-18;11;582
28;2025-11-18;12;706
28;2025-11-18;13;743
28;2025-11-18;14;677
28;2025-11-18;15;701
28;2025-11-18;16;868
28;2025-11-18;17;1003
28;2025-11-18;18;958
28;2025-11-18;19;730
28;2025-11-18;20;522
28;2025-11-18;21;322
28;2025-11-18;22;132
28;2025-11-18;23;19
28;2025-11-19;0;1
28;2025-11-19;1;0
28;2025-11-19;2;0
28;2025-11-19;3;0
28;2025-11-19;4;2
28;2025-11-19;5;81
28;2025-11-19;6;274
28;2025-11-19;7;803
28;2025-11-19;8;1265
28;2025-11-19;9;865
28;2025-11-19;10;651
28;2025-11-19;11;598
28;2025-11-19;12;708
28;2025-11-19;13;734
28;2025-11-19;14;679
28;2025-11-19;15;713
28;2025-11-19;16;882
28;2025-11-19;17;1011
28;2025-11-19;18;960
28;2025-11-19;19;729
28;2025-11-19;20;508
28;2025-11-19;21;323
28;2025-11-19;22;138
28;2025-11-19;23;18
28;2025-11-20;0;1
28;2025-11-20;1;0
28;2025-11-20;2;0
28;2025-11-20;3;0
28;2025-11-20;4;2
28;2025-11-20;5;78
28;2025-11-20;6;273
28;2025-11-20;7;816
28;2025-11-20;8;1273
28;2025-11-20;9;876
28;2025-11-20;10;649
28;2025-11-20;11;575
28;2025-11-20;12;716
28;2025-11-20;13;733
28;2025-11-20;14;677
28;2025-11-20;15;709
28;2025-11-20;16;872
28;2025-11-20;17;1005
28;2025-11-20;18;985
28;2025-11-20;19;732
28;2025-11-20;20;521
28;2025-11-20;21;326
28;2025-11-20;22;140
28;2025-11-20;23;18
28;2025-11-21;0;1
28;2025-11-21;1;0
28;2025-11-21;2;0
28;2025-11-21;3;0
28;2025-11-21;4;2
28;2025-11-21;5;77
28;2025-11-21;6;264
28;2025-11-21;7;794
28;2025-11-21;8;1218
28;2025-11-21;9;851
28;2025-11-21;10;641
28;2025-11-21;11;570
28;2025-11-21;12;704
28;2025-11-21;13;724
28;2025-11-21;14;690
28;2025-11-21;15;713
28;2025-11-21;16;923
28;2025-11-21;17;1003
28;2025-11-21;18;890
28;2025-11-21;19;677
28;2025-11-21;20;487
28;2025-11-21;21;317
28;2025-11-21;22;140
28;2025-11-21;23;20
28;2025-11-22;0;1
28;2025-11-22;1;0
28;2025-11-22;2;0
28;2025-11-22;3;0
28;2025-11-22;4;1
28;2025-11-22;5;36
28;2025-11-22;6;100
28;2025-11-22;7;221
28;2025-11-22;8;386
28;2025-11-22;9;468
28;2025-11-22;10;490
28;2025-11-22;11;493
28;2025-11-22;12;588
28;2025-11-22;13;600
28;2025-11-22;14;609
28;2025-11-22;15;592
28;2025-11-22;16;559
28;2025-11-22;17;578
28;2025-11-22;18;502
28;2025-11-22;19;418
28;2025-11-22;20;316
28;2025-11-22;21;278
28;2025-11-22;22;135
28;2025-11-22;23;24
28;2025-11-23;0;4
28;2025-11-23;1;2
28;2025-11-23;2;1
28;2025-11-23;3;1
28;2025-11-23;4;0
28;2025-11-23;5;28
28;2025-11-23;6;78
28;2025-11-23;7;146
28;2025-11-23;8;240
28;2025-11-23;9;312
28;2025-11-23;10;357
28;2025-11-23;11;389
28;2025-11-23;12;446
28;2025-11-23;13;502
28;2025-11-23;14;492
28;2025-11-23;15;491
28;2025-11-23;16;462
28;2025-11-23;17;460
28;2025-11-23;18;402
28;2025-11-23;19;345
28;2025-11-23;20;278
28;2025-11-23;21;231
28;2025-11-23;22;106
28;2025-11-23;23;13
28;2025-11-24;0;1
28;2025-11-24;1;0
28;2025-11-24;2;0
28;2025-11-24;3;0
28;2025-11-24;4;2
28;2025-11-24;5;79
28;2025-11-24;6;272
28;2025-11-24;7;805
28;2025-11-24;8;1253
28;2025-11-24;9;874
28;2025-11-24;10;637
28;2025-11-24;11;565
28;2025-11-24;12;695
28;2025-11-24;13;711
28;2025-11-24;14;656
28;2025-11-24;15;687
28;2025-11-24;16;889
28;2025-11-24;17;995
28;2025-11-24;18;962
28;2025-11-24;19;725
28;2025-11-24;20;499
28;2025-11-24;21;313
28;2025-11-24;22;130
28;2025-11-24;23;16
28;2025-11-25;0;1
28;2025-11-25;1;0
28;2025-11-25;2;0
28;2025-11-25;3;0
28;2025-11-25;4;2
28;2025-11-25;5;76
28;2025-11-25;6;268
28;2025-11-25;7;811
28;2025-11-25;8;1266
28;2025-11-25;9;884
28;2025-11-25;10;672
28;2025-11-25;11;580
28;2025-11-25;12;704
28;2025-11-25;13;741
28;2025-11-25;14;675
28;2025-11-25;15;699
28;2025-11-25;16;865
28;2025-11-25;17;1000
28;2025-11-25;18;955
28;2025-11-25;19;728
28;2025-11-25;20;520
28;2025-11-25;21;321
28;2025-11-25;22;132
28;2025-11-25;23;19
28;2025-11-26;0;1
28;2025-11-26;1;0
28;2025-11-26;2;0
28;2025-11-26;3;0
28;2025-11-26;4;2
28;2025-11-26;5;81
28;2025-11-26;6;273
28;2025-11-26;7;800
28;2025-11-26;8;1262
28;2025-11-26;9;863
28;2025-11-26;10;649
28;2025-11-26;11;596
28;2025-11-26;12;706
28;2025-11-26;13;732
28;2025-11-26;14;677
28;2025-11-26;15;711
28;2025-11-26;16;880
28;2025-11-26;17;1008
28;2025-11-26;18;957
28;2025-11-26;19;727
28;2025-11-26;20;506
28;2025-11-26;21;322
28;2025-11-26;22;138
28;2025-11-26;23;18
28;2025-11-27;0;1
28;2025-11-27;1;0
28;2025-11-27;2;0
28;2025-11-27;3;0
28;2025-11-27;4;2
28;2025-11-27;5;78
28;2025-11-27;6;272
28;2025-11-27;7;814
28;2025-11-27;8;1269
28;2025-11-27;9;874
28;2025-11-27;10;648
28;2025-11-27;11;574
28;2025-11-27;12;714
28;2025-11-27;13;731
28;2025-11-27;14;675
28;2025-11-27;15;707
28;2025-11-27;16;870
28;2025-11-27;17;1002
28;2025-11-27;18;982
28;2025-11-27;19;730
28;2025-11-27;20;519
28;2025-11-27;21;325
28;2025-11-27;22;139
28;2025-11-27;23;18
28;2025-11-28;0;1
28;2025-11-28;1;0
28;2025-11-28;2;0
28;2025-11-28;3;0
28;2025-11-28;4;2
28;2025-11-28;5;77
28;2025-11-28;6;263
28;2025-11-28;7;792
28;2025-11-28;8;1214
28;2025-11-28;9;848
28;2025-11-28;10;640
28;2025-11-28;11;569
28;2025-11-28;12;702
28;2025-11-28;13;722
28;2025-11-28;14;688
28;2025-11-28;15;711
28;2025-11-28;16;920
28;2025-11-28;17;1000
28;2025-11-28;18;887
28;2025-11-28;19;675
28;2025-11-28;20;486
28;2025-11-28;21;316
28;2025-11-28;22;139
28;2025-11-28;23;20
28;2025-11-29;0;1
28;2025-11-29;1;0
28;2025-11-29;2;0
28;2025-11-29;3;0
28;2025-11-29;4;1
28;2025-11-29;5;36
28;2025-11-29;6;100
28;2025-11-29;7;221
28;2025-11-29;8;385
28;2025-11-29;9;467
28;2025-11-29;10;488
28;2025-11-29;11;492
28;2025-11-29;12;587
28;2025-11-29;13;598
28;2025-11-29;14;607
28;2025-11-29;15;590
28;2025-11-29;16;558
28;2025-11-29;17;576
28;2025-11-29;18;501
28;2025-11-29;19;417
28;2025-11-29;20;315
28;2025-11-29;21;277
28;2025-11-29;22;134
28;2025-11-29;23;23
28;2025-11-30;0;4
28;2025-11-30;1;2
28;2025-11-30;2;1
28;2025-11-30;3;1
28;2025-11-30;4;0
28;2025-11-30;5;28
28;2025-11-30;6;78
28;2025-11-30;7;146
28;2025-11-30;8;240
28;2025-11-30;9;311
28;2025-11-30;10;357
28;2025-11-30;11;388
28;2025-11-30;12;446
28;2025-11-30;13;501
28;2025-11-30;14;491
28;2025-11-30;15;490
28;2025-11-30;16;461
28;2025-11-30;17;460
28;2025-11-30;18;401
28;2025-11-30;19;345
28;2025-11-30;20;278
28;2025-11-30;21;231
28;2025-11-30;22;105
28;2025-11-30;23;13
28;2025-12-01;0;1
28;2025-12-01;1;0
28;2025-12-01;2;0
28;2025-12-01;3;0
28;2025-12-01;4;2
28;2025-12-01;5;79
28;2025-12-01;6;271
28;2025-12-01;7;803
28;2025-12-01;8;1249
28;2025-12-01;9;871
28;2025-12-01;10;635
28;2025-12-01;11;564
28;2025-12-01;12;693
28;2025-12-01;13;709
28;2025-12-01;14;654
28;2025-12-01;15;685
28;2025-12-01;16;886
28;2025-12-01;17;992
28;2025-12-01;18;959
28;2025-12-01;19;723
28;2025-12-01;20;497
28;2025-12-01;21;312
28;2025-12-01;22;129
28;2025-12-01;23;16
28;2025-12-02;0;1
28;2025-12-02;1;0
28;2025-12-02;2;0
28;2025-12-02;3;0
28;2025-12-02;4;2
28;2025-12-02;5;76
28;2025-12-02;6;267
28;2025-12-02;7;809
28;2025-12-02;8;1262
28;2025-12-02;9;882
28;2025-12-02;10;670
28;2025-12-02;11;579
28;2025-12-02;12;702
28;2025-12-02;13;739
28;2025-12-02;14;673
28;2025-12-02;15;697
28;2025-12-02;16;863
28;2025-12-02;17;998
28;2025-12-02;18;953
28;2025-12-02;19;726
28;2025-12-02;20;519
28;2025-12-02;21;320
28;2025-12-02;22;131
28;2025-12-02;23;19
28;2025-12-03;0;1
28;2025-12-03;1;0
28;2025-12-03;2;0
28;2025-12-03;3;0
28;2025-12-03;4;2
28;2025-12-03;5;80
28;2025-12-03;6;272
28;2025-12-03;7;798
28;2025-12-03;8;1258
28;2025-12-03;9;861
28;2025-12-03;10;647
28;2025-12-03;11;594
28;2025-12-03;12;704
28;2025-12-03;13;730
28;2025-12-03;14;675
28;2025-12-03;15;709
28;2025-12-03;16;877
28;2025-12-03;17;1005
28;2025-12-03;18;955
28;2025-12-03;19;725
28;2025-12-03;20;505
28;2025-12-03;21;321
28;2025-12-03;22;138
28;2025-12-03;23;18
28;2025-12-04;0;1
28;2025-12-04;1;0
28;2025-12-04;2;0
28;2025-12-04;3;0
28;2025-12-04;4;2
28;2025-12-04;5;78
28;2025-12-04;6;272
28;2025-12-04;7;812
28;2025-12-04;8;1266
28;2025-12-04;9;872
28;2025-12-04;10;646
28;2025-12-04;11;572
28;2025-12-04;12;712
28;2025-12-04;13;729
28;2025-12-04;14;673
28;2025-12-04;15;705
28;2025-12-04;16;867
28;2025-12-04;17;999
28;2025-12-04;18;980
28;2025-12-04;19;728
28;2025-12-04;20;518
28;2025-12-04;21;324
28;2025-12-04;22;139
28;2025-12-04;23;18
28;2025-12-05;0;1
28;2025-12-05;1;0
28;2025-12-05;2;0
28;2025-12-05;3;0
28;2025-12-05;4;2
28;2025-12-05;5;76
28;2025-12-05;6;262
28;2025-12-05;7;790
28;2025-12-05;8;1211
28;2025-12-05;9;846
28;2025-12-05;10;638
28;2025-12-05;11;567
28;2025-12-05;12;700
28;2025-12-05;13;720
28;2025-12-05;14;686
28;2025-12-05;15;709
28;2025-12-05;16;918
28;2025-12-05;17;997
28;2025-12-05;18;885
28;2025-12-05;19;673
28;2025-12-05;20;485
28;2025-12-05;21;316
28;2025-12-05;22;139
28;2025-12-05;23;20
28;2025-12-06;0;1
28;2025-12-06;1;0
28;2025-12-06;2;0
28;2025-12-06;3;0
28;2025-12-06;4;1
28;2025-12-06;5;36
28;2025-12-06;6;99
28;2025-12-06;7;220
28;2025-12-06;8;385
28;2025-12-06;9;466
28;2025-12-06;10;487
28;2025-12-06;11;491
28;2025-12-06;12;585
28;2025-12-06;13;597
28;2025-12-06;14;606
28;2025-12-06;15;589
28;2025-12-06;16;557
28;2025-12-06;17;575
28;2025-12-06;18;500
28;2025-12-06;19;416
28;2025-12-06;20;315
28;2025-12-06;21;276
28;2025-12-06;22;134
28;2025-12-06;23;23
28;2025-12-07;0;4
28;2025-12-07;1;2
28;2025-12-07;2;1
28;2025-12-07;3;1
28;2025-12-07;4;0
28;2025-12-07;5;28
28;2025-12-07;6;78
28;2025-12-07;7;146
28;2025-12-07;8;240
28;2025-12-07;9;311
28;2025-12-07;10;356
28;2025-12-07;11;388
28;2025-12-07;12;445
28;2025-12-07;13;501
28;2025-12-07;14;490
28;2025-12-07;15;490
28;2025-12-07;16;461
28;2025-12-07;17;459
28;2025-12-07;18;401
28;2025-12-07;19;345
28;2025-12-07;20;277
28;2025-12-07;21;231
28;2025-12-07;22;105
28;2025-12-07;23;13
28;2025-12-08;0;1
28;2025-12-08;1;0
28;2025-12-08;2;0
28;2025-12-08;3;0
28;2025-12-08;4;2
28;2025-12-08;5;78
28;2025-12-08;6;271
28;2025-12-08;7;800
28;2025-12-08;8;1246
28;2025-12-08;9;869
28;2025-12-08;10;634
28;2025-12-08;11;562
28;2025-12-08;12;691
28;2025-12-08;13;707
28;2025-12-08;14;652
28;2025-12-08;15;683
28;2025-12-08;16;884
28;2025-12-08;17;990
28;2025-12-08;18;957
28;2025-12-08;19;721
28;2025-12-08;20;496
28;2025-12-08;21;311
28;2025-12-08;22;129
28;2025-12-08;23;16
28;2025-12-09;0;1
28;2025-12-09;1;0
28;2025-12-09;2;0
28;2025-12-09;3;0
28;2025-12-09;4;2
28;2025-12-09;5;76
28;2025-12-09;6;266
28;2025-12-09;7;806
28;2025-12-09;8;1259
28;2025-12-09;9;879
28;2025-12-09;10;668
28;2025-12-09;11;577
28;2025-12-09;12;701
28;2025-12-09;13;737
28;2025-12-09;14;672
28;2025-12-09;15;696
28;2025-12-09;16;861
28;2025-12-09;17;995
28;2025-12-09;18;950
28;2025-12-09;19;724
28;2025-12-09;20;517
28;2025-12-09;21;319
28;2025-12-09;22;131
28;2025-12-09;23;19
28;2025-12-10;0;1
28;2025-12-10;1;0
28;2025-12-10;2;0
28;2025-12-10;3;0
28;2025-12-10;4;2
28;2025-12-10;5;80
28;2025-12-10;6;272
28;2025-12-10;7;796
28;2025-12-10;8;1255
28;2025-12-10;9;858
28;2025-12-10;10;646
28;2025-12-10;11;593
28;2025-12-10;12;702
28;2025-12-10;13;728
28;2025-12-10;14;673
28;2025-12-10;15;707
28;2025-12-10;16;875
28;2025-12-10;17;1003
28;2025-12-10;18;952
28;2025-12-10;19;723
28;2025-12-10;20;504
28;2025-12-10;21;320
28;2025-12-10;22;137
28;2025-12-10;23;18
28;2025-12-11;0;1
28;2025-12-11;1;0
28;2025-12-11;2;0
28;2025-12-11;3;0
28;2025-12-11;4;2
28;2025-12-11;5;77
28;2025-12-11;6;271
28;2025-12-11;7;810
28;2025-12-11;8;1263
28;2025-12-11;9;869
28;2025-12-11;10;644
28;2025-12-11;11;571
28;2025-12-11;12;710
28;2025-12-11;13;727
28;2025-12-11;14;672
28;2025-12-11;15;703
28;2025-12-11;16;865
28;2025-12-11;17;997
28;2025-12-11;18;977
28;2025-12-11;19;726
28;2025-12-11;20;517
28;2025-12-11;21;324
28;2025-12-11;22;138
28;2025-12-11;23;18
28;2025-12-12;0;1
28;2025-12-12;1;0
28;2025-12-12;2;0
28;2025-12-12;3;0
28;2025-12-12;4;2
28;2025-12-12;5;76
28;2025-12-12;6;262
28;2025-12-12;7;788
28;2025-12-12;8;1208
28;2025-12-12;9;844
28;2025-12-12;10;636
28;2025-12-12;11;566
28;2025-12-12;12;698
28;2025-12-12;13;718
28;2025-12-12;14;684
28;2025-12-12;15;707
28;2025-12-12;16;915
28;2025-12-12;17;995
28;2025-12-12;18;883
28;2025-12-12;19;672
28;2025-12-12;20;483
28;2025-12-12;21;315
28;2025-12-12;22;139
28;2025-12-12;23;20
28;2025-12-13;0;1
28;2025-12-13;1;0
28;2025-12-13;2;0
28;2025-12-13;3;0
28;2025-12-13;4;1
28;2025-12-13;5;36
28;2025-12-13;6;99
28;2025-12-13;7;220
28;2025-12-13;8;384
28;2025-12-13;9;465
28;2025-12-13;10;486
28;2025-12-13;11;490
28;2025-12-13;12;584
28;2025-12-13;13;595
28;2025-12-13;14;604
28;2025-12-13;15;588
28;2025-12-13;16;556
28;2025-12-13;17;574
28;2025-12-13;18;499
28;2025-12-13;19;416
28;2025-12-13;20;314
28;2025-12-13;21;276
28;2025-12-13;22;134
28;2025-12-13;23;23
28;2025-12-14;0;4
28;2025-12-14;1;2
28;2025-12-14;2;1
28;2025-12-14;3;1
28;2025-12-14;4;0
28;2025-12-14;5;28
28;2025-12-14;6;78
28;2025-12-14;7;146
28;2025-12-14;8;240
28;2025-12-14;9;311
28;2025-12-14;10;356
28;2025-12-14;11;387
28;2025-12-14;12;445
28;2025-12-14;13;500
28;2025-12-14;14;490
28;2025-12-14;15;489
28;2025-12-14;16;460
28;2025-12-14;17;459
28;2025-12-14;18;400
28;2025-12-14;19;344
28;2025-12-14;20;277
28;2025-12-14;21;231
28;2025-12-14;22;105
28;2025-12-14;23;13
28;2025-12-15;0;1
28;2025-12-15;1;0
28;2025-12-15;2;0
28;2025-12-15;3;0
28;2025-12-15;4;2
28;2025-12-15;5;78
28;2025-12-15;6;270
28;2025-12-15;7;798
28;2025-12-15;8;1243
28;2025-12-15;9;867
28;2025-12-15;10;632
28;2025-12-15;11;561
28;2025-12-15;12;689
28;2025-12-15;13;705
28;2025-12-15;14;651
28;2025-12-15;15;682
28;2025-12-15;16;882
28;2025-12-15;17;987
28;2025-12-15;18;954
28;2025-12-15;19;719
28;2025-12-15;20;495
28;2025-12-15;21;310
28;2025-12-15;22;129
28;2025-12-15;23;16
28;2025-12-16;0;1
28;2025-12-16;1;0
28;2025-12-16;2;0
28;2025-12-16;3;0
28;2025-12-16;4;2
28;2025-12-16;5;76
28;2025-12-16;6;266
28;2025-12-16;7;805
28;2025-12-16;8;1256
28;2025-12-16;9;877
28;2025-12-16;10;667
28;2025-12-16;11;576
28;2025-12-16;12;699
28;2025-12-16;13;735
28;2025-12-16;14;670
28;2025-12-16;15;694
28;2025-12-16;16;859
28;2025-12-16;17;993
28;2025-12-16;18;948
28;2025-12-16;19;722
28;2025-12-16;20;516
28;2025-12-16;21;319
28;2025-12-16;22;130
28;2025-12-16;23;19
28;2025-12-17;0;1
28;2025-12-17;1;0
28;2025-12-17;2;0
28;2025-12-17;3;0
28;2025-12-17;4;2
28;2025-12-17;5;80
28;2025-12-17;6;271
28;2025-12-17;7;794
28;2025-12-17;8;1252
28;2025-12-17;9;856
28;2025-12-17;10;644
28;2025-12-17;11;591
28;2025-12-17;12;701
28;2025-12-17;13;726
28;2025-12-17;14;672
28;2025-12-17;15;706
28;2025-12-17;16;873
28;2025-12-17;17;1000
28;2025-12-17;18;950
28;2025-12-17;19;721
28;2025-12-17;20;502
28;2025-12-17;21;319
28;2025-12-17;22;137
28;2025-12-17;23;18
28;2025-12-18;0;1
28;2025-12-18;1;0
28;2025-12-18;2;0
28;2025-12-18;3;0
28;2025-12-18;4;2
28;2025-12-18;5;77
28;2025-12-18;6;270
28;2025-12-18;7;808
28;2025-12-18;8;1260
28;2025-12-18;9;867
28;2025-12-18;10;643
28;2025-12-18;11;569
28;2025-12-18;12;709
28;2025-12-18;13;726
28;2025-12-18;14;670
28;2025-12-18;15;701
28;2025-12-18;16;863
28;2025-12-18;17;994
28;2025-12-18;18;975
28;2025-12-18;19;724
28;2025-12-18;20;515
28;2025-12-18;21;323
28;2025-12-18;22;138
28;2025-12-18;23;18
28;2025-12-19;0;1
28;2025-12-19;1;0
28;2025-12-19;2;0
28;2025-12-19;3;0
28;2025-12-19;4;2
28;2025-12-19;5;76
28;2025-12-19;6;261
28;2025-12-19;7;786
28;2025-12-19;8;1205
28;2025-12-19;9;842
28;2025-12-19;10;635
28;2025-12-19;11;564
28;2025-12-19;12;697
28;2025-12-19;13;717
28;2025-12-19;14;683
28;2025-12-19;15;706
28;2025-12-19;16;913
28;2025-12-19;17;992
28;2025-12-19;18;881
28;2025-12-19;19;670
28;2025-12-19;20;482
28;2025-12-19;21;314
28;2025-12-19;22;138
28;2025-12-19;23;20
28;2025-12-20;0;1
28;2025-12-20;1;0
28;2025-12-20;2;0
28;2025-12-20;3;0
28;2025-12-20;4;1
28;2025-12-20;5;36
28;2025-12-20;6;99
28;2025-12-20;7;220
28;2025-12-20;8;383
28;2025-12-20;9;464
28;2025-12-20;10;485
28;2025-12-20;11;489
28;2025-12-20;12;583
28;2025-12-20;13;594
28;2025-12-20;14;603
28;2025-12-20;15;586
28;2025-12-20;16;555
28;2025-12-20;17;573
28;2025-12-20;18;498
28;2025-12-20;19;415
28;2025-12-20;20;313
28;2025-12-20;21;275
28;2025-12-20;22;133
28;2025-12-20;23;23
28;2025-12-21;0;4
28;2025-12-21;1;2
28;2025-12-21;2;1
28;2025-12-21;3;1
28;2025-12-21;4;0
28;2025-12-21;5;28
28;2025-12-21;6;78
28;2025-12-21;7;146
28;2025-12-21;8;239
28;2025-12-21;9;310
28;2025-12-21;10;356
28;2025-12-21;11;387
28;2025-12-21;12;444
28;2025-12-21;13;500
28;2025-12-21;14;489
28;2025-12-21;15;489
28;2025-12-21;16;460
28;2025-12-21;17;458
28;2025-12-21;18;400
28;2025-12-21;19;344
28;2025-12-21;20;277
28;2025-12-21;21;230
28;2025-12-21;22;105
28;2025-12-21;23;13
28;2025-12-22;0;1
28;2025-12-22;1;0
28;2025-12-22;2;0
28;2025-12-22;3;0
28;2025-12-22;4;2
28;2025-12-22;5;78
28;2025-12-22;6;269
28;2025-12-22;7;797
28;2025-12-22;8;1240
28;2025-12-22;9;865
28;2025-12-22;10;631
28;2025-12-22;11;559
28;2025-12-22;12;688
28;2025-12-22;13;703
28;2025-12-22;14;649
28;2025-12-22;15;680
28;2025-12-22;16;880
28;2025-12-22;17;985
28;2025-12-22;18;952
28;2025-12-22;19;718
28;2025-12-22;20;493
28;2025-12-22;21;310
28;2025-12-22;22;128
28;2025-12-22;23;16
28;2025-12-23;0;1
28;2025-12-23;1;0
28;2025-12-23;2;0
28;2025-12-23;3;0
28;2025-12-23;4;2
28;2025-12-23;5;76
28;2025-12-23;6;265
28;2025-12-23;7;803
28;2025-12-23;8;1253
28;2025-12-23;9;875
28;2025-12-23;10;665
28;2025-12-23;11;574
28;2025-12-23;12;697
28;2025-12-23;13;733
28;2025-12-23;14;668
28;2025-12-23;15;692
28;2025-12-23;16;857
28;2025-12-23;17;990
28;2025-12-23;18;946
28;2025-12-23;19;721
28;2025-12-23;20;515
28;2025-12-23;21;318
28;2025-12-23;22;130
28;2025-12-23;23;19
28;2025-12-24;0;1
28;2025-12-24;1;0
28;2025-12-24;2;0
28;2025-12-24;3;0
28;2025-12-24;4;2
28;2025-12-24;5;80
28;2025-12-24;6;271
28;2025-12-24;7;792
28;2025-12-24;8;1249
28;2025-12-24;9;854
28;2025-12-24;10;643
28;2025-12-24;11;590
28;2025-12-24;12;699
28;2025-12-24;13;725
28;2025-12-24;14;670
28;2025-12-24;15;704
28;2025-12-24;16;871
28;2025-12-24;17;998
28;2025-12-24;18;948
28;2025-12-24;19;720
28;2025-12-24;20;501
28;2025-12-24;21;319
28;2025-12-24;22;137
28;2025-12-24;23;18
28;2025-12-25;0;1
28;2025-12-25;1;0
28;2025-12-25;2;0
28;2025-12-25;3;0
28;2025-12-25;4;2
28;2025-12-25;5;77
28;2025-12-25;6;270
28;2025-12-25;7;806
28;2025-12-25;8;1257
28;2025-12-25;9;865
28;2025-12-25;10;641
28;2025-12-25;11;568
28;2025-12-25;12;707
28;2025-12-25;13;724
28;2025-12-25;14;668
28;2025-12-25;15;700
28;2025-12-25;16;861
28;2025-12-25;17;992
28;2025-12-25;18;973
28;2025-12-25;19;723
28;2025-12-25;20;514
28;2025-12-25;21;322
28;2025-12-25;22;138
28;2025-12-25;23;18
28;2025-12-26;0;1
28;2025-12-26;1;0
28;2025-12-26;2;0
28;2025-12-26;3;0
28;2025-12-26;4;2
28;2025-12-26;5;76
28;2025-12-26;6;261
28;2025-12-26;7;784
28;2025-12-26;8;1202
28;2025-12-26;9;840
28;2025-12-26;10;633
28;2025-12-26;11;563
28;2025-12-26;12;695
28;2025-12-26;13;715
28;2025-12-26;14;681
28;2025-12-26;15;704
28;2025-12-26;16;911
28;2025-12-26;17;990
28;2025-12-26;18;879
28;2025-12-26;19;668
28;2025-12-26;20;481
28;2025-12-26;21;313
28;2025-12-26;22;138
28;2025-12-26;23;19
28;2025-12-27;0;1
28;2025-12-27;1;0
28;2025-12-27;2;0
28;2025-12-27;3;0
28;2025-12-27;4;1
28;2025-12-27;5;36
28;2025-12-27;6;99
28;2025-12-27;7;219
28;2025-12-27;8;382
28;2025-12-27;9;463
28;2025-12-27;10;484
28;2025-12-27;11;488
28;2025-12-27;12;582
28;2025-12-27;13;593
28;2025-12-27;14;602
28;2025-12-27;15;585
28;2025-12-27;16;553
28;2025-12-27;17;571
28;2025-12-27;18;497
28;2025-12-27;19;414
28;2025-12-27;20;313
28;2025-12-27;21;275
28;2025-12-27;22;133
28;2025-12-27;23;23
28;2025-12-28;0;4
28;2025-12-28;1;2
28;2025-12-28;2;1
28;2025-12-28;3;1
28;2025-12-28;4;0
28;2025-12-28;5;28
28;2025-12-28;6;78
28;2025-12-28;7;145
28;2025-12-28;8;239
28;2025-12-28;9;310
28;2025-12-28;10;355
28;2025-12-28;11;387
28;2025-12-28;12;444
28;2025-12-28;13;499
28;2025-12-28;14;489
28;2025-12-28;15;488
28;2025-12-28;16;460
28;2025-12-28;17;458
28;2025-12-28;18;400
28;2025-12-28;19;344
28;2025-12-28;20;277
28;2025-12-28;21;230
28;2025-12-28;22;105
28;2025-12-28;23;13
28;2025-12-29;0;1
28;2025-12-29;1;0
28;2025-12-29;2;0
28;2025-12-29;3;0
28;2025-12-29;4;2
28;2025-12-29;5;78
28;2025-12-29;6;269
28;2025-12-29;7;795
28;2025-12-29;8;1237
28;2025-12-29;9;863
28;2025-12-29;10;629
28;2025-12-29;11;558
28;2025-12-29;12;686
28;2025-12-29;13;702
28;2025-12-29;14;648
28;2025-12-29;15;679
28;2025-12-29;16;878
28;2025-12-29;17;983
28;2025-12-29;18;950
28;2025-12-29;19;716
28;2025-12-29;20;492
28;2025-12-29;21;309
28;2025-12-29;22;128
28;2025-12-29;23;16
28;2025-12-30;0;1
28;2025-12-30;1;0
28;2025-12-30;2;0
28;2025-12-30;3;0
28;2025-12-30;4;2
28;2025-12-30;5;76
28;2025-12-30;6;264
28;2025-12-30;7;801
28;2025-12-30;8;1250
28;2025-12-30;9;873
28;2025-12-30;10;664
28;2025-12-30;11;573
28;2025-12-30;12;696
28;2025-12-30;13;732
28;2025-12-30;14;667
28;2025-12-30;15;691
28;2025-12-30;16;855
28;2025-12-30;17;988
28;2025-12-30;18;944
28;2025-12-30;19;719
28;2025-12-30;20;514
28;2025-12-30;21;317
28;2025-12-30;22;130
28;2025-12-30;23;19
28;2025-12-31;0;4
28;2025-12-31;1;2
28;2025-12-31;2;1
28;2025-12-31;3;1
28;2025-12-31;4;0
28;2025-12-31;5;27
28;2025-12-31;6;77
28;2025-12-31;7;145
28;2025-12-31;8;230
28;2025-12-31;9;298
28;2025-12-31;10;345
28;2025-12-31;11;372
28;2025-12-31;12;431
28;2025-12-31;13;486
28;2025-12-31;14;479
28;2025-12-31;15;477
28;2025-12-31;16;449
28;2025-12-31;17;451
28;2025-12-31;18;392
28;2025-12-31;19;336
28;2025-12-31;20;275
28;2025-12-31;21;228
28;2025-12-31;22;105
28;2025-12-31;23;14
50;2025-11-01;0;36
50;2025-11-01;1;4
50;2025-11-01;2;0
50;2025-11-01;3;0
50;2025-11-01;4;3
50;2025-11-01;5;72
50;2025-11-01;6;570
50;2025-11-01;7;1830
50;2025-11-01;8;2861
50;2025-11-01;9;2251
50;2025-11-01;10;1719
50;2025-11-01;11;1636
50;2025-11-01;12;1532
50;2025-11-01;13;1545
50;2025-11-01;14;1478
50;2025-11-01;15;1753
50;2025-11-01;16;1842
50;2025-11-01;17;2442
50;2025-11-01;18;2496
50;2025-11-01;19;1488
50;2025-11-01;20;928
50;2025-11-01;21;631
50;2025-11-01;22;290
50;2025-11-01;23;150
50;2025-11-02;0;40
50;2025-11-02;1;6
50;2025-11-02;2;1
50;2025-11-02;3;0
50;2025-11-02;4;1
50;2025-11-02;5;20
50;2025-11-02;6;98
50;2025-11-02;7;188
50;2025-11-02;8;294
50;2025-11-02;9;372
50;2025-11-02;10;405
50;2025-11-02;11;513
50;2025-11-02;12;567
50;2025-11-02;13;623
50;2025-11-02;14;645
50;2025-11-02;15;582
50;2025-11-02;16;585
50;2025-11-02;17;580
50;2025-11-02;18;516
50;2025-11-02;19;438
50;2025-11-02;20;358
50;2025-11-02;21;271
50;2025-11-02;22;166
50;2025-11-02;23;91
50;2025-11-03;0;39
50;2025-11-03;1;6
50;2025-11-03;2;1
50;2025-11-03;3;0
50;2025-11-03;4;1
50;2025-11-03;5;21
50;2025-11-03;6;104
50;2025-11-03;7;201
50;2025-11-03;8;299
50;2025-11-03;9;374
50;2025-11-03;10;398
50;2025-11-03;11;513
50;2025-11-03;12;572
50;2025-11-03;13;629
50;2025-11-03;14;640
50;2025-11-03;15;586
50;2025-11-03;16;578
50;2025-11-03;17;577
50;2025-11-03;18;511
50;2025-11-03;19;444
50;2025-11-03;20;362
50;2025-11-03;21;271
50;2025-11-03;22;170
50;2025-11-03;23;95
50;2025-11-04;0;39
50;2025-11-04;1;6
50;2025-11-04;2;1
50;2025-11-04;3;0
50;2025-11-04;4;1
50;2025-11-04;5;21
50;2025-11-04;6;104
50;2025-11-04;7;201
50;2025-11-04;8;299
50;2025-11-04;9;374
50;2025-11-04;10;398
50;2025-11-04;11;513
50;2025-11-04;12;572
50;2025-11-04;13;629
50;2025-11-04;14;641
50;2025-11-04;15;586
50;2025-11-04;16;578
50;2025-11-04;17;578
50;2025-11-04;18;512
50;2025-11-04;19;445
50;2025-11-04;20;362
50;2025-11-04;21;271
50;2025-11-04;22;170
50;2025-11-04;23;95
50;2025-11-05;0;35
50;2025-11-05;1;4
50;2025-11-05;2;0
50;2025-11-05;3;0
50;2025-11-05;4;3
50;2025-11-05;5;72
50;2025-11-05;6;561
50;2025-11-05;7;1795
50;2025-11-05;8;2805
50;2025-11-05;9;2208
50;2025-11-05;10;1690
50;2025-11-05;11;1611
50;2025-11-05;12;1509
50;2025-11-05;13;1534
50;2025-11-05;14;1478
50;2025-11-05;15;1733
50;2025-11-05;16;1803
50;2025-11-05;17;2448
50;2025-11-05;18;2494
50;2025-11-05;19;1503
50;2025-11-05;20;912
50;2025-11-05;21;627
50;2025-11-05;22;290
50;2025-11-05;23;144
50;2025-11-06;0;38
50;2025-11-06;1;3
50;2025-11-06;2;0
50;2025-11-06;3;0
50;2025-11-06;4;2
50;2025-11-06;5;71
50;2025-11-06;6;554
50;2025-11-06;7;1782
50;2025-11-06;8;2768
50;2025-11-06;9;2192
50;2025-11-06;10;1690
50;2025-11-06;11;1595
50;2025-11-06;12;1506
50;2025-11-06;13;1513
50;2025-11-06;14;1444
50;2025-11-06;15;1684
50;2025-11-06;16;1798
50;2025-11-06;17;2396
50;2025-11-06;18;2488
50;2025-11-06;19;1475
50;2025-11-06;20;936
50;2025-11-06;21;639
50;2025-11-06;22;289
50;2025-11-06;23;153
50;2025-11-07;0;39
50;2025-11-07;1;3
50;2025-11-07;2;0
50;2025-11-07;3;0
50;2025-11-07;4;3
50;2025-11-07;5;69
50;2025-11-07;6;556
50;2025-11-07;7;1756
50;2025-11-07;8;2751
50;2025-11-07;9;2159
50;2025-11-07;10;1636
50;2025-11-07;11;1624
50;2025-11-07;12;1532
50;2025-11-07;13;1535
50;2025-11-07;14;1463
50;2025-11-07;15;1771
50;2025-11-07;16;1954
50;2025-11-07;17;2308
50;2025-11-07;18;2141
50;2025-11-07;19;1353
50;2025-11-07;20;871
50;2025-11-07;21;595
50;2025-11-07;22;296
50;2025-11-07;23;161
50;2025-11-08;0;52
50;2025-11-08;1;4
50;2025-11-08;2;0
50;2025-11-08;3;0
50;2025-11-08;4;1
50;2025-11-08;5;25
50;2025-11-08;6;141
50;2025-11-08;7;315
50;2025-11-08;8;483
50;2025-11-08;9;520
50;2025-11-08;10;502
50;2025-11-08;11;631
50;2025-11-08;12;661
50;2025-11-08;13;696
50;2025-11-08;14;690
50;2025-11-08;15;672
50;2025-11-08;16;652
50;2025-11-08;17;652
50;2025-11-08;18;571
50;2025-11-08;19;493
50;2025-11-08;20;378
50;2025-11-08;21;294
50;2025-11-08;22;179
50;2025-11-08;23;108
50;2025-11-09;0;40
50;2025-11-09;1;6
50;2025-11-09;2;1
50;2025-11-09;3;0
50;2025-11-09;4;1
50;2025-11-09;5;20
50;2025-11-09;6;98
50;2025-11-09;7;188
50;2025-11-09;8;295
50;2025-11-09;9;373
50;2025-11-09;10;407
50;2025-11-09;11;515
50;2025-11-09;12;569
50;2025-11-09;13;625
50;2025-11-09;14;647
50;2025-11-09;15;584
50;2025-11-09;16;588
50;2025-11-09;17;582
50;2025-11-09;18;518
50;2025-11-09;19;440
50;2025-11-09;20;359
50;2025-11-09;21;272
50;2025-11-09;22;167
50;2025-11-09;23;91
50;2025-11-10;0;32
50;2025-11-10;1;4
50;2025-11-10;2;0
50;2025-11-10;3;0
50;2025-11-10;4;3
50;2025-11-10;5;70
50;2025-11-10;6;549
50;2025-11-10;7;1804
50;2025-11-10;8;2832
50;2025-11-10;9;2228
50;2025-11-10;10;1695
50;2025-11-10;11;1599
50;2025-11-10;12;1468
50;2025-11-10;13;1503
50;2025-11-10;14;1436
50;2025-11-10;15;1699
50;2025-11-10;16;1753
50;2025-11-10;17;2414
50;2025-11-10;18;2515
50;2025-11-10;19;1491
50;2025-11-10;20;915
50;2025-11-10;21;613
50;2025-11-10;22;277
50;2025-11-10;23;138
50;2025-11-11;0;35
50;2025-11-11;1;3
50;2025-11-11;2;0
50;2025-11-11;3;0
50;2025-11-11;4;2
50;2025-11-11;5;70
50;2025-11-11;6;579
50;2025-11-11;7;1831
50;2025-11-11;8;2868
50;2025-11-11;9;2260
50;2025-11-11;10;1721
50;2025-11-11;11;1620
50;2025-11-11;12;1530
50;2025-11-11;13;1539
50;2025-11-11;14;1467
50;2025-11-11;15;1731
50;2025-11-11;16;1775
50;2025-11-11;17;2448
50;2025-11-11;18;2563
50;2025-11-11;19;1502
50;2025-11-11;20;942
50;2025-11-11;21;627
50;2025-11-11;22;285
50;2025-11-11;23;141
50;2025-11-12;0;35
50;2025-11-12;1;4
50;2025-11-12;2;0
50;2025-11-12;3;0
50;2025-11-12;4;3
50;2025-11-12;5;71
50;2025-11-12;6;560
50;2025-11-12;7;1790
50;2025-11-12;8;2798
50;2025-11-12;9;2202
50;2025-11-12;10;1686
50;2025-11-12;11;1606
50;2025-11-12;12;1505
50;2025-11-12;13;1530
50;2025-11-12;14;1474
50;2025-11-12;15;1728
50;2025-11-12;16;1798
50;2025-11-12;17;2442
50;2025-11-12;18;2488
50;2025-11-12;19;1499
50;2025-11-12;20;910
50;2025-11-12;21;625
50;2025-11-12;22;289
50;2025-11-12;23;144
50;2025-11-13;0;38
50;2025-11-13;1;3
50;2025-11-13;2;0
50;2025-11-13;3;0
50;2025-11-13;4;2
50;2025-11-13;5;71
50;2025-11-13;6;552
50;2025-11-13;7;1777
50;2025-11-13;8;2761
50;2025-11-13;9;2186
50;2025-11-13;10;1686
50;2025-11-13;11;1591
50;2025-11-13;12;1502
50;2025-11-13;13;1509
50;2025-11-13;14;1440
50;2025-11-13;15;1680
50;2025-11-13;16;1793
50;2025-11-13;17;2390
50;2025-11-13;18;2482
50;2025-11-13;19;1471
50;2025-11-13;20;934
50;2025-11-13;21;637
50;2025-11-13;22;288
50;2025-11-13;23;152
50;2025-11-14;0;39
50;2025-11-14;1;3
50;2025-11-14;2;0
50;2025-11-14;3;0
50;2025-11-14;4;3
50;2025-11-14;5;69
50;2025-11-14;6;555
50;2025-11-14;7;1751
50;2025-11-14;8;2744
50;2025-11-14;9;2154
50;2025-11-14;10;1631
50;2025-11-14;11;1620
50;2025-11-14;12;1528
50;2025-11-14;13;1531
50;2025-11-14;14;1459
50;2025-11-14;15;1766
50;2025-11-14;16;1949
50;2025-11-14;17;2302
50;2025-11-14;18;2135
50;2025-11-14;19;1350
50;2025-11-14;20;868
50;2025-11-14;21;593
50;2025-11-14;22;295
50;2025-11-14;23;161
50;2025-11-15;0;52
50;2025-11-15;1;4
50;2025-11-15;2;0
50;2025-11-15;3;0
50;2025-11-15;4;1
50;2025-11-15;5;25
50;2025-11-15;6;141
50;2025-11-15;7;316
50;2025-11-15;8;484
50;2025-11-15;9;522
50;2025-11-15;10;504
50;2025-11-15;11;634
50;2025-11-15;12;663
50;2025-11-15;13;699
50;2025-11-15;14;693
50;2025-11-15;15;674
50;2025-11-15;16;654
50;2025-11-15;17;654
50;2025-11-15;18;573
50;2025-11-15;19;495
50;2025-11-15;20;379
50;2025-11-15;21;295
50;2025-11-15;22;180
50;2025-11-15;23;108
50;2025-11-16;0;40
50;2025-11-16;1;6
50;2025-11-16;2;1
50;2025-11-16;3;1
50;2025-11-16;4;1
50;2025-11-16;5;20
50;2025-11-16;6;98
50;2025-11-16;7;189
50;2025-11-16;8;297
50;2025-11-16;9;375
50;2025-11-16;10;408
50;2025-11-16;11;517
50;2025-11-16;12;572
50;2025-11-16;13;628
50;2025-11-16;14;650
50;2025-11-16;15;587
50;2025-11-16;16;590
50;2025-11-16;17;584
50;2025-11-16;18;520
50;2025-11-16;19;441
50;2025-11-16;20;360
50;2025-11-16;21;273
50;2025-11-16;22;167
50;2025-11-16;23;92
50;2025-11-17;0;32
50;2025-11-17;1;4
50;2025-11-17;2;0
50;2025-11-17;3;0
50;2025-11-17;4;3
50;2025-11-17;5;70
50;2025-11-17;6;548
50;2025-11-17;7;1799
50;2025-11-17;8;2825
50;2025-11-17;9;2222
50;2025-11-17;10;1691
50;2025-11-17;11;1595
50;2025-11-17;12;1465
50;2025-11-17;13;1499
50;2025-11-17;14;1432
50;2025-11-17;15;1694
50;2025-11-17;16;1748
50;2025-11-17;17;2408
50;2025-11-17;18;2509
50;2025-11-17;19;1487
50;2025-11-17;20;913
50;2025-11-17;21;612
50;2025-11-17;22;277
50;2025-11-17;23;138
50;2025-11-18;0;35
50;2025-11-18;1;3
50;2025-11-18;2;0
50;2025-11-18;3;0
50;2025-11-18;4;2
50;2025-11-18;5;69
50;2025-11-18;6;577
50;2025-11-18;7;1826
50;2025-11-18;8;2861
50;2025-11-18;9;2255
50;2025-11-18;10;1716
50;2025-11-18;11;1616
50;2025-11-18;12;1526
50;2025-11-18;13;1536
50;2025-11-18;14;1463
50;2025-11-18;15;1726
50;2025-11-18;16;1771
50;2025-11-18;17;2442
50;2025-11-18;18;2556
50;2025-11-18;19;1498
50;2025-11-18;20;940
50;2025-11-18;21;625
50;2025-11-18;22;284
50;2025-11-18;23;140
50;2025-11-19;0;35
50;2025-11-19;1;4
50;2025-11-19;2;0
50;2025-11-19;3;0
50;2025-11-19;4;3
50;2025-11-19;5;71
50;2025-11-19;6;558
50;2025-11-19;7;1786
50;2025-11-19;8;2791
50;2025-11-19;9;2197
50;2025-11-19;10;1682
50;2025-11-19;11;1602
50;2025-11-19;12;1501
50;2025-11-19;13;1526
50;2025-11-19;14;1470
50;2025-11-19;15;1724
50;2025-11-19;16;1794
50;2025-11-19;17;2436
50;2025-11-19;18;2481
50;2025-11-19;19;1496
50;2025-11-19;20;908
50;2025-11-19;21;624
50;2025-11-19;22;288
50;2025-11-19;23;143
50;2025-11-20;0;38
50;2025-11-20;1;3
50;2025-11-20;2;0
50;2025-11-20;3;0
50;2025-11-20;4;2
50;2025-11-20;5;71
50;2025-11-20;6;551
50;2025-11-20;7;1773
50;2025-11-20;8;2754
50;2025-11-20;9;2181
50;2025-11-20;10;1682
50;2025-11-20;11;1587
50;2025-11-20;12;1499
50;2025-11-20;13;1505
50;2025-11-20;14;1436
50;2025-11-20;15;1675
50;2025-11-20;16;1789
50;2025-11-20;17;2384
50;2025-11-20;18;2476
50;2025-11-20;19;1468
50;2025-11-20;20;932
50;2025-11-20;21;635
50;2025-11-20;22;288
50;2025-11-20;23;152
50;2025-11-21;0;39
50;2025-11-21;1;3
50;2025-11-21;2;0
50;2025-11-21;3;0
50;2025-11-21;4;3
50;2025-11-21;5;68
50;2025-11-21;6;554
50;2025-11-21;7;1747
50;2025-11-21;8;2738
50;2025-11-21;9;2148
50;2025-11-21;10;1627
50;2025-11-21;11;1616
50;2025-11-21;12;1524
50;2025-11-21;13;1528
50;2025-11-21;14;1456
50;2025-11-21;15;1762
50;2025-11-21;16;1945
50;2025-11-21;17;2296
50;2025-11-21;18;2130
50;2025-11-21;19;1347
50;2025-11-21;20;866
50;2025-11-21;21;592
50;2025-11-21;22;294
50;2025-11-21;23;160
50;2025-11-22;0;52
50;2025-11-22;1;4
50;2025-11-22;2;0
50;2025-11-22;3;0
50;2025-11-22;4;1
50;2025-11-22;5;25
50;2025-11-22;6;142
50;2025-11-22;7;318
50;2025-11-22;8;486
50;2025-11-22;9;524
50;2025-11-22;10;506
50;2025-11-22;11;636
50;2025-11-22;12;666
50;2025-11-22;13;701
50;2025-11-22;14;695
50;2025-11-22;15;676
50;2025-11-22;16;656
50;2025-11-22;17;656
50;2025-11-22;18;575
50;2025-11-22;19;497
50;2025-11-22;20;380
50;2025-11-22;21;296
50;2025-11-22;22;180
50;2025-11-22;23;108
50;2025-11-23;0;40
50;2025-11-23;1;6
50;2025-11-23;2;1
50;2025-11-23;3;1
50;2025-11-23;4;1
50;2025-11-23;5;20
50;2025-11-23;6;99
50;2025-11-23;7;190
50;2025-11-23;8;298
50;2025-11-23;9;376
50;2025-11-23;10;409
50;2025-11-23;11;518
50;2025-11-23;12;574
50;2025-11-23;13;630
50;2025-11-23;14;652
50;2025-11-23;15;589
50;2025-11-23;16;592
50;2025-11-23;17;586
50;2025-11-23;18;522
50;2025-11-23;19;443
50;2025-11-23;20;362
50;2025-11-23;21;274
50;2025-11-23;22;168
50;2025-11-23;23;92
50;2025-11-24;0;32
50;2025-11-24;1;4
50;2025-11-24;2;0
50;2025-11-24;3;0
50;2025-11-24;4;3
50;2025-11-24;5;69
50;2025-11-24;6;547
50;2025-11-24;7;1795
50;2025-11-24;8;2818
50;2025-11-24;9;2217
50;2025-11-24;10;1687
50;2025-11-24;11;1591
50;2025-11-24;12;1461
50;2025-11-24;13;1495
50;2025-11-24;14;1429
50;2025-11-24;15;1690
50;2025-11-24;16;1744
50;2025-11-24;17;2402
50;2025-11-24;18;2503
50;2025-11-24;19;1483
50;2025-11-24;20;910
50;2025-11-24;21;610
50;2025-11-24;22;276
50;2025-11-24;23;137
50;2025-11-25;0;35
50;2025-11-25;1;3
50;2025-11-25;2;0
50;2025-11-25;3;0
50;2025-11-25;4;2
50;2025-11-25;5;69
50;2025-11-25;6;576
50;2025-11-25;7;1822
50;2025-11-25;8;2854
50;2025-11-25;9;2249
50;2025-11-25;10;1712
50;2025-11-25;11;1613
50;2025-11-25;12;1523
50;2025-11-25;13;1532
50;2025-11-25;14;1460
50;2025-11-25;15;1722
50;2025-11-25;16;1766
50;2025-11-25;17;2436
50;2025-11-25;18;2550
50;2025-11-25;19;1495
50;2025-11-25;20;937
50;2025-11-25;21;623
50;2025-11-25;22;284
50;2025-11-25;23;140
50;2025-11-26;0;35
50;2025-11-26;1;4
50;2025-11-26;2;0
50;2025-11-26;3;0
50;2025-11-26;4;3
50;2025-11-26;5;71
50;2025-11-26;6;557
50;2025-11-26;7;1782
50;2025-11-26;8;2784
50;2025-11-26;9;2191
50;2025-11-26;10;1678
50;2025-11-26;11;1599
50;2025-11-26;12;1498
50;2025-11-26;13;1523
50;2025-11-26;14;1467
50;2025-11-26;15;1720
50;2025-11-26;16;1790
50;2025-11-26;17;2430
50;2025-11-26;18;2476
50;2025-11-26;19;1492
50;2025-11-26;20;905
50;2025-11-26;21;622
50;2025-11-26;22;288
50;2025-11-26;23;143
50;2025-11-27;0;38
50;2025-11-27;1;3
50;2025-11-27;2;0
50;2025-11-27;3;0
50;2025-11-27;4;2
50;2025-11-27;5;71
50;2025-11-27;6;550
50;2025-11-27;7;1769
50;2025-11-27;8;2748
50;2025-11-27;9;2176
50;2025-11-27;10;1678
50;2025-11-27;11;1583
50;2025-11-27;12;1495
50;2025-11-27;13;1502
50;2025-11-27;14;1433
50;2025-11-27;15;1672
50;2025-11-27;16;1785
50;2025-11-27;17;2379
50;2025-11-27;18;2470
50;2025-11-27;19;1464
50;2025-11-27;20;929
50;2025-11-27;21;634
50;2025-11-27;22;287
50;2025-11-27;23;152
50;2025-11-28;0;39
50;2025-11-28;1;3
50;2025-11-28;2;0
50;2025-11-28;3;0
50;2025-11-28;4;3
50;2025-11-28;5;68
50;2025-11-28;6;552
50;2025-11-28;7;1743
50;2025-11-28;8;2731
50;2025-11-28;9;2143
50;2025-11-28;10;1624
50;2025-11-28;11;1612
50;2025-11-28;12;1521
50;2025-11-28;13;1524
50;2025-11-28;14;1452
50;2025-11-28;15;1758
50;2025-11-28;16;1940
50;2025-11-28;17;2291
50;2025-11-28;18;2125
50;2025-11-28;19;1344
50;2025-11-28;20;864
50;2025-11-28;21;590
50;2025-11-28;22;293
50;2025-11-28;23;160
50;2025-11-29;0;52
50;2025-11-29;1;4
50;2025-11-29;2;0
50;2025-11-29;3;0
50;2025-11-29;4;1
50;2025-11-29;5;25
50;2025-11-29;6;142
50;2025-11-29;7;319
50;2025-11-29;8;488
50;2025-11-29;9;526
50;2025-11-29;10;507
50;2025-11-29;11;638
50;2025-11-29;12;668
50;2025-11-29;13;703
50;2025-11-29;14;698
50;2025-11-29;15;679
50;2025-11-29;16;658
50;2025-11-29;17;659
50;2025-11-29;18;577
50;2025-11-29;19;498
50;2025-11-29;20;382
50;2025-11-29;21;297
50;2025-11-29;22;181
50;2025-11-29;23;109
50;2025-11-30;0;40
50;2025-11-30;1;6
50;2025-11-30;2;1
50;2025-11-30;3;1
50;2025-11-30;4;1
50;2025-11-30;5;20
50;2025-11-30;6;99
50;2025-11-30;7;190
50;2025-11-30;8;299
50;2025-11-30;9;377
50;2025-11-30;10;411
50;2025-11-30;11;520
50;2025-11-30;12;576
50;2025-11-30;13;632
50;2025-11-30;14;654
50;2025-11-30;15;591
50;2025-11-30;16;594
50;2025-11-30;17;588
50;2025-11-30;18;524
50;2025-11-30;19;445
50;2025-11-30;20;363
50;2025-11-30;21;275
50;2025-11-30;22;169
50;2025-11-30;23;92
50;2025-12-01;0;32
50;2025-12-01;1;4
50;2025-12-01;2;0
50;2025-12-01;3;0
50;2025-12-01;4;3
50;2025-12-01;5;69
50;2025-12-01;6;545
50;2025-12-01;7;1791
50;2025-12-01;8;2812
50;2025-12-01;9;2212
50;2025-12-01;10;1683
50;2025-12-01;11;1588
50;2025-12-01;12;1458
50;2025-12-01;13;1492
50;2025-12-01;14;1426
50;2025-12-01;15;1686
50;2025-12-01;16;1740
50;2025-12-01;17;2396
50;2025-12-01;18;2497
50;2025-12-01;19;1480
50;2025-12-01;20;908
50;2025-12-01;21;609
50;2025-12-01;22;275
50;2025-12-01;23;137
50;2025-12-02;0;35
50;2025-12-02;1;3
50;2025-12-02;2;0
50;2025-12-02;3;0
50;2025-12-02;4;2
50;2025-12-02;5;69
50;2025-12-02;6;574
50;2025-12-02;7;1817
50;2025-12-02;8;2847
50;2025-12-02;9;2244
50;2025-12-02;10;1708
50;2025-12-02;11;1609
50;2025-12-02;12;1519
50;2025-12-02;13;1528
50;2025-12-02;14;1457
50;2025-12-02;15;1718
50;2025-12-02;16;1762
50;2025-12-02;17;2431
50;2025-12-02;18;2545
50;2025-12-02;19;1491
50;2025-12-02;20;935
50;2025-12-02;21;622
50;2025-12-02;22;283
50;2025-12-02;23;140
50;2025-12-03;0;35
50;2025-12-03;1;4
50;2025-12-03;2;0
50;2025-12-03;3;0
50;2025-12-03;4;3
50;2025-12-03;5;71
50;2025-12-03;6;556
50;2025-12-03;7;1778
50;2025-12-03;8;2778
50;2025-12-03;9;2186
50;2025-12-03;10;1674
50;2025-12-03;11;1595
50;2025-12-03;12;1495
50;2025-12-03;13;1519
50;2025-12-03;14;1464
50;2025-12-03;15;1716
50;2025-12-03;16;1785
50;2025-12-03;17;2425
50;2025-12-03;18;2470
50;2025-12-03;19;1489
50;2025-12-03;20;903
50;2025-12-03;21;621
50;2025-12-03;22;287
50;2025-12-03;23;143
50;2025-12-04;0;37
50;2025-12-04;1;3
50;2025-12-04;2;0
50;2025-12-04;3;0
50;2025-12-04;4;2
50;2025-12-04;5;70
50;2025-12-04;6;548
50;2025-12-04;7;1765
50;2025-12-04;8;2742
50;2025-12-04;9;2171
50;2025-12-04;10;1674
50;2025-12-04;11;1580
50;2025-12-04;12;1492
50;2025-12-04;13;1498
50;2025-12-04;14;1430
50;2025-12-04;15;1668
50;2025-12-04;16;1781
50;2025-12-04;17;2373
50;2025-12-04;18;2465
50;2025-12-04;19;1461
50;2025-12-04;20;927
50;2025-12-04;21;633
50;2025-12-04;22;286
50;2025-12-04;23;151
50;2025-12-05;0;38
50;2025-12-05;1;3
50;2025-12-05;2;0
50;2025-12-05;3;0
50;2025-12-05;4;3
50;2025-12-05;5;68
50;2025-12-05;6;551
50;2025-12-05;7;1739
50;2025-12-05;8;2725
50;2025-12-05;9;2139
50;2025-12-05;10;1620
50;2025-12-05;11;1609
50;2025-12-05;12;1517
50;2025-12-05;13;1521
50;2025-12-05;14;1449
50;2025-12-05;15;1754
50;2025-12-05;16;1936
50;2025-12-05;17;2286
50;2025-12-05;18;2120
50;2025-12-05;19;1341
50;2025-12-05;20;862
50;2025-12-05;21;589
50;2025-12-05;22;293
50;2025-12-05;23;159
50;2025-12-06;0;52
50;2025-12-06;1;4
50;2025-12-06;2;0
50;2025-12-06;3;0
50;2025-12-06;4;1
50;2025-12-06;5;25
50;2025-12-06;6;143
50;2025-12-06;7;320
50;2025-12-06;8;489
50;2025-12-06;9;527
50;2025-12-06;10;509
50;2025-12-06;11;640
50;2025-12-06;12;670
50;2025-12-06;13;706
50;2025-12-06;14;700
50;2025-12-06;15;681
50;2025-12-06;16;660
50;2025-12-06;17;661
50;2025-12-06;18;578
50;2025-12-06;19;500
50;2025-12-06;20;383
50;2025-12-06;21;298
50;2025-12-06;22;181
50;2025-12-06;23;109
50;2025-12-07;0;40
50;2025-12-07;1;6
50;2025-12-07;2;1
50;2025-12-07;3;1
50;2025-12-07;4;1
50;2025-12-07;5;20
50;2025-12-07;6;99
50;2025-12-07;7;191
50;2025-12-07;8;299
50;2025-12-07;9;378
50;2025-12-07;10;412
50;2025-12-07;11;522
50;2025-12-07;12;577
50;2025-12-07;13;634
50;2025-12-07;14;656
50;2025-12-07;15;592
50;2025-12-07;16;596
50;2025-12-07;17;590
50;2025-12-07;18;525
50;2025-12-07;19;446
50;2025-12-07;20;364
50;2025-12-07;21;276
50;2025-12-07;22;169
50;2025-12-07;23;93
50;2025-12-08;0;32
50;2025-12-08;1;4
50;2025-12-08;2;0
50;2025-12-08;3;0
50;2025-12-08;4;3
50;2025-12-08;5;69
50;2025-12-08;6;544
50;2025-12-08;7;1787
50;2025-12-08;8;2806
50;2025-12-08;9;2207
50;2025-12-08;10;1679
50;2025-12-08;11;1584
50;2025-12-08;12;1455
50;2025-12-08;13;1489
50;2025-12-08;14;1423
50;2025-12-08;15;1683
50;2025-12-08;16;1736
50;2025-12-08;17;2391
50;2025-12-08;18;2492
50;2025-12-08;19;1477
50;2025-12-08;20;906
50;2025-12-08;21;607
50;2025-12-08;22;275
50;2025-12-08;23;137
50;2025-12-09;0;35
50;2025-12-09;1;3
50;2025-12-09;2;0
50;2025-12-09;3;0
50;2025-12-09;4;2
50;2025-12-09;5;69
50;2025-12-09;6;573
50;2025-12-09;7;1814
50;2025-12-09;8;2841
50;2025-12-09;9;2239
50;2025-12-09;10;1705
50;2025-12-09;11;1605
50;2025-12-09;12;1516
50;2025-12-09;13;1525
50;2025-12-09;14;1454
50;2025-12-09;15;1715
50;2025-12-09;16;1759
50;2025-12-09;17;2425
50;2025-12-09;18;2539
50;2025-12-09;19;1488
50;2025-12-09;20;933
50;2025-12-09;21;621
50;2025-12-09;22;282
50;2025-12-09;23;139
50;2025-12-10;0;35
50;2025-12-10;1;4
50;2025-12-10;2;0
50;2025-12-10;3;0
50;2025-12-10;4;3
50;2025-12-10;5;71
50;2025-12-10;6;555
50;2025-12-10;7;1774
50;2025-12-10;8;2772
50;2025-12-10;9;2182
50;2025-12-10;10;1671
50;2025-12-10;11;1592
50;2025-12-10;12;1491
50;2025-12-10;13;1516
50;2025-12-10;14;1460
50;2025-12-10;15;1713
50;2025-12-10;16;1782
50;2025-12-10;17;2420
50;2025-12-10;18;2465
50;2025-12-10;19;1486
50;2025-12-10;20;901
50;2025-12-10;21;620
50;2025-12-10;22;286
50;2025-12-10;23;142
50;2025-12-11;0;37
50;2025-12-11;1;3
50;2025-12-11;2;0
50;2025-12-11;3;0
50;2025-12-11;4;2
50;2025-12-11;5;70
50;2025-12-11;6;547
50;2025-12-11;7;1761
50;2025-12-11;8;2736
50;2025-12-11;9;2166
50;2025-12-11;10;1671
50;2025-12-11;11;1576
50;2025-12-11;12;1489
50;2025-12-11;13;1495
50;2025-12-11;14;1427
50;2025-12-11;15;1664
50;2025-12-11;16;1777
50;2025-12-11;17;2368
50;2025-12-11;18;2460
50;2025-12-11;19;1458
50;2025-12-11;20;925
50;2025-12-11;21;631
50;2025-12-11;22;286
50;2025-12-11;23;151
50;2025-12-12;0;38
50;2025-12-12;1;3
50;2025-12-12;2;0
50;2025-12-12;3;0
50;2025-12-12;4;3
50;2025-12-12;5;68
50;2025-12-12;6;550
50;2025-12-12;7;1736
50;2025-12-12;8;2720
50;2025-12-12;9;2134
50;2025-12-12;10;1617
50;2025-12-12;11;1605
50;2025-12-12;12;1514
50;2025-12-12;13;1517
50;2025-12-12;14;1446
50;2025-12-12;15;1750
50;2025-12-12;16;1932
50;2025-12-12;17;2281
50;2025-12-12;18;2116
50;2025-12-12;19;1338
50;2025-12-12;20;860
50;2025-12-12;21;588
50;2025-12-12;22;292
50;2025-12-12;23;159
50;2025-12-13;0;53
50;2025-12-13;1;4
50;2025-12-13;2;0
50;2025-12-13;3;0
50;2025-12-13;4;1
50;2025-12-13;5;25
50;2025-12-13;6;143
50;2025-12-13;7;321
50;2025-12-13;8;491
50;2025-12-13;9;529
50;2025-12-13;10;511
50;2025-12-13;11;642
50;2025-12-13;12;672
50;2025-12-13;13;708
50;2025-12-13;14;702
50;2025-12-13;15;683
50;2025-12-13;16;662
50;2025-12-13;17;662
50;2025-12-13;18;580
50;2025-12-13;19;501
50;2025-12-13;20;384
50;2025-12-13;21;299
50;2025-12-13;22;182
50;2025-12-13;23;109
50;2025-12-14;0;41
50;2025-12-14;1;6
50;2025-12-14;2;1
50;2025-12-14;3;1
50;2025-12-14;4;1
50;2025-12-14;5;21
50;2025-12-14;6;100
50;2025-12-14;7;192
50;2025-12-14;8;300
50;2025-12-14;9;379
50;2025-12-14;10;413
50;2025-12-14;11;523
50;2025-12-14;12;579
50;2025-12-14;13;636
50;2025-12-14;14;658
50;2025-12-14;15;594
50;2025-12-14;16;598
50;2025-12-14;17;592
50;2025-12-14;18;527
50;2025-12-14;19;447
50;2025-12-14;20;365
50;2025-12-14;21;276
50;2025-12-14;22;170
50;2025-12-14;23;93
50;2025-12-15;0;32
50;2025-12-15;1;4
50;2025-12-15;2;0
50;2025-12-15;3;0
50;2025-12-15;4;3
50;2025-12-15;5;69
50;2025-12-15;6;543
50;2025-12-15;7;1783
50;2025-12-15;8;2800
50;2025-12-15;9;2203
50;2025-12-15;10;1676
50;2025-12-15;11;1581
50;2025-12-15;12;1452
50;2025-12-15;13;1486
50;2025-12-15;14;1420
50;2025-12-15;15;1679
50;2025-12-15;16;1733
50;2025-12-15;17;2387
50;2025-12-15;18;2487
50;2025-12-15;19;1474
50;2025-12-15;20;904
50;2025-12-15;21;606
50;2025-12-15;22;274
50;2025-12-15;23;136
50;2025-12-16;0;35
50;2025-12-16;1;3
50;2025-12-16;2;0
50;2025-12-16;3;0
50;2025-12-16;4;2
50;2025-12-16;5;69
50;2025-12-16;6;572
50;2025-12-16;7;1810
50;2025-12-16;8;2836
50;2025-12-16;9;2235
50;2025-12-16;10;1701
50;2025-12-16;11;1602
50;2025-12-16;12;1513
50;2025-12-16;13;1522
50;2025-12-16;14;1451
50;2025-12-16;15;1711
50;2025-12-16;16;1755
50;2025-12-16;17;2420
50;2025-12-16;18;2534
50;2025-12-16;19;1485
50;2025-12-16;20;931
50;2025-12-16;21;619
50;2025-12-16;22;282
50;2025-12-16;23;139
50;2025-12-17;0;35
50;2025-12-17;1;4
50;2025-12-17;2;0
50;2025-12-17;3;0
50;2025-12-17;4;3
50;2025-12-17;5;71
50;2025-12-17;6;554
50;2025-12-17;7;1770
50;2025-12-17;8;2767
50;2025-12-17;9;2178
50;2025-12-17;10;1667
50;2025-12-17;11;1589
50;2025-12-17;12;1488
50;2025-12-17;13;1513
50;2025-12-17;14;1458
50;2025-12-17;15;1709
50;2025-12-17;16;1778
50;2025-12-17;17;2415
50;2025-12-17;18;2460
50;2025-12-17;19;1483
50;2025-12-17;20;900
50;2025-12-17;21;618
50;2025-12-17;22;286
50;2025-12-17;23;142
50;2025-12-18;0;37
50;2025-12-18;1;3
50;2025-12-18;2;0
50;2025-12-18;3;0
50;2025-12-18;4;2
50;2025-12-18;5;70
50;2025-12-18;6;546
50;2025-12-18;7;1758
50;2025-12-18;8;2731
50;2025-12-18;9;2162
50;2025-12-18;10;1668
50;2025-12-18;11;1573
50;2025-12-18;12;1486
50;2025-12-18;13;1492
50;2025-12-18;14;1424
50;2025-12-18;15;1661
50;2025-12-18;16;1773
50;2025-12-18;17;2364
50;2025-12-18;18;2455
50;2025-12-18;19;1455
50;2025-12-18;20;924
50;2025-12-18;21;630
50;2025-12-18;22;285
50;2025-12-18;23;151
50;2025-12-19;0;38
50;2025-12-19;1;3
50;2025-12-19;2;0
50;2025-12-19;3;0
50;2025-12-19;4;3
50;2025-12-19;5;68
50;2025-12-19;6;549
50;2025-12-19;7;1732
50;2025-12-19;8;2714
50;2025-12-19;9;2130
50;2025-12-19;10;1614
50;2025-12-19;11;1602
50;2025-12-19;12;1511
50;2025-12-19;13;1514
50;2025-12-19;14;1443
50;2025-12-19;15;1747
50;2025-12-19;16;1928
50;2025-12-19;17;2277
50;2025-12-19;18;2112
50;2025-12-19;19;1335
50;2025-12-19;20;859
50;2025-12-19;21;587
50;2025-12-19;22;292
50;2025-12-19;23;159
50;2025-12-20;0;53
50;2025-12-20;1;4
50;2025-12-20;2;0
50;2025-12-20;3;0
50;2025-12-20;4;1
50;2025-12-20;5;25
50;2025-12-20;6;144
50;2025-12-20;7;321
50;2025-12-20;8;492
50;2025-12-20;9;530
50;2025-12-20;10;512
50;2025-12-20;11;644
50;2025-12-20;12;674
50;2025-12-20;13;710
50;2025-12-20;14;704
50;2025-12-20;15;685
50;2025-12-20;16;664
50;2025-12-20;17;664
50;2025-12-20;18;582
50;2025-12-20;19;503
50;2025-12-20;20;385
50;2025-12-20;21;300
50;2025-12-20;22;183
50;2025-12-20;23;110
50;2025-12-21;0;41
50;2025-12-21;1;6
50;2025-12-21;2;1
50;2025-12-21;3;1
50;2025-12-21;4;1
50;2025-12-21;5;21
50;2025-12-21;6;100
50;2025-12-21;7;192
50;2025-12-21;8;301
50;2025-12-21;9;380
50;2025-12-21;10;414
50;2025-12-21;11;525
50;2025-12-21;12;581
50;2025-12-21;13;637
50;2025-12-21;14;660
50;2025-12-21;15;596
50;2025-12-21;16;599
50;2025-12-21;17;593
50;2025-12-21;18;528
50;2025-12-21;19;449
50;2025-12-21;20;366
50;2025-12-21;21;277
50;2025-12-21;22;170
50;2025-12-21;23;93
50;2025-12-22;0;32
50;2025-12-22;1;4
50;2025-12-22;2;0
50;2025-12-22;3;0
50;2025-12-22;4;3
50;2025-12-22;5;69
50;2025-12-22;6;542
50;2025-12-22;7;1780
50;2025-12-22;8;2795
50;2025-12-22;9;2199
50;2025-12-22;10;1673
50;2025-12-22;11;1578
50;2025-12-22;12;1449
50;2025-12-22;13;1483
50;2025-12-22;14;1417
50;2025-12-22;15;1676
50;2025-12-22;16;1729
50;2025-12-22;17;2382
50;2025-12-22;18;2482
50;2025-12-22;19;1471
50;2025-12-22;20;903
50;2025-12-22;21;605
50;2025-12-22;22;274
50;2025-12-22;23;136
50;2025-12-23;0;35
50;2025-12-23;1;3
50;2025-12-23;2;0
50;2025-12-23;3;0
50;2025-12-23;4;2
50;2025-12-23;5;69
50;2025-12-23;6;571
50;2025-12-23;7;1806
50;2025-12-23;8;2830
50;2025-12-23;9;2231
50;2025-12-23;10;1698
50;2025-12-23;11;1599
50;2025-12-23;12;1510
50;2025-12-23;13;1519
50;2025-12-23;14;1448
50;2025-12-23;15;1708
50;2025-12-23;16;1752
50;2025-12-23;17;2416
50;2025-12-23;18;2530
50;2025-12-23;19;1482
50;2025-12-23;20;930
50;2025-12-23;21;618
50;2025-12-23;22;281
50;2025-12-23;23;139
50;2025-12-24;0;34
50;2025-12-24;1;4
50;2025-12-24;2;0
50;2025-12-24;3;0
50;2025-12-24;4;3
50;2025-12-24;5;70
50;2025-12-24;6;553
50;2025-12-24;7;1767
50;2025-12-24;8;2761
50;2025-12-24;9;2173
50;2025-12-24;10;1664
50;2025-12-24;11;1586
50;2025-12-24;12;1486
50;2025-12-24;13;1510
50;2025-12-24;14;1455
50;2025-12-24;15;1706
50;2025-12-24;16;1775
50;2025-12-24;17;2410
50;2025-12-24;18;2456
50;2025-12-24;19;1480
50;2025-12-24;20;898
50;2025-12-24;21;617
50;2025-12-24;22;285
50;2025-12-24;23;142
50;2025-12-25;0;37
50;2025-12-25;1;3
50;2025-12-25;2;0
50;2025-12-25;3;0
50;2025-12-25;4;2
50;2025-12-25;5;70
50;2025-12-25;6;545
50;2025-12-25;7;1755
50;2025-12-25;8;2726
50;2025-12-25;9;2158
50;2025-12-25;10;1665
50;2025-12-25;11;1570
50;2025-12-25;12;1483
50;2025-12-25;13;1490
50;2025-12-25;14;1421
50;2025-12-25;15;1658
50;2025-12-25;16;1770
50;2025-12-25;17;2359
50;2025-12-25;18;2450
50;2025-12-25;19;1452
50;2025-12-25;20;922
50;2025-12-25;21;629
50;2025-12-25;22;285
50;2025-12-25;23;150
50;2025-12-26;0;38
50;2025-12-26;1;3
50;2025-12-26;2;0
50;2025-12-26;3;0
50;2025-12-26;4;3
50;2025-12-26;5;68
50;2025-12-26;6;548
50;2025-12-26;7;1729
50;2025-12-26;8;2709
50;2025-12-26;9;2126
50;2025-12-26;10;1611
50;2025-12-26;11;1599
50;2025-12-26;12;1508
50;2025-12-26;13;1512
50;2025-12-26;14;1441
50;2025-12-26;15;1744
50;2025-12-26;16;1924
50;2025-12-26;17;2273
50;2025-12-26;18;2108
50;2025-12-26;19;1333
50;2025-12-26;20;857
50;2025-12-26;21;586
50;2025-12-26;22;291
50;2025-12-26;23;159
50;2025-12-27;0;53
50;2025-12-27;1;4
50;2025-12-27;2;0
50;2025-12-27;3;0
50;2025-12-27;4;1
50;2025-12-27;5;25
50;2025-12-27;6;144
50;2025-12-27;7;322
50;2025-12-27;8;493
50;2025-12-27;9;532
50;2025-12-27;10;513
50;2025-12-27;11;645
50;2025-12-27;12;676
50;2025-12-27;13;712
50;2025-12-27;14;706
50;2025-12-27;15;687
50;2025-12-27;16;666
50;2025-12-27;17;666
50;2025-12-27;18;583
50;2025-12-27;19;504
50;2025-12-27;20;386
50;2025-12-27;21;301
50;2025-12-27;22;183
50;2025-12-27;23;110
50;2025-12-28;0;41
50;2025-12-28;1;6
50;2025-12-28;2;1
50;2025-12-28;3;1
50;2025-12-28;4;1
50;2025-12-28;5;21
50;2025-12-28;6;100
50;2025-12-28;7;193
50;2025-12-28;8;302
50;2025-12-28;9;381
50;2025-12-28;10;415
50;2025-12-28;11;526
50;2025-12-28;12;582
50;2025-12-28;13;639
50;2025-12-28;14;662
50;2025-12-28;15;597
50;2025-12-28;16;601
50;2025-12-28;17;595
50;2025-12-28;18;530
50;2025-12-28;19;450
50;2025-12-28;20;367
50;2025-12-28;21;278
50;2025-12-28;22;171
50;2025-12-28;23;94
50;2025-12-29;0;32
50;2025-12-29;1;4
50;2025-12-29;2;0
50;2025-12-29;3;0
50;2025-12-29;4;3
50;2025-12-29;5;69
50;2025-12-29;6;541
50;2025-12-29;7;1777
50;2025-12-29;8;2790
50;2025-12-29;9;2195
50;2025-12-29;10;1670
50;2025-12-29;11;1575
50;2025-12-29;12;1446
50;2025-12-29;13;1480
50;2025-12-29;14;1414
50;2025-12-29;15;1673
50;2025-12-29;16;1726
50;2025-12-29;17;2378
50;2025-12-29;18;2478
50;2025-12-29;19;1468
50;2025-12-29;20;901
50;2025-12-29;21;604
50;2025-12-29;22;273
50;2025-12-29;23;136
50;2025-12-30;0;35
50;2025-12-30;1;3
50;2025-12-30;2;0
50;2025-12-30;3;0
50;2025-12-30;4;2
50;2025-12-30;5;69
50;2025-12-30;6;570
50;2025-12-30;7;1803
50;2025-12-30;8;2825
50;2025-12-30;9;2227
50;2025-12-30;10;1695
50;2025-12-30;11;1596
50;2025-12-30;12;1507
50;2025-12-30;13;1516
50;2025-12-30;14;1445
50;2025-12-30;15;1705
50;2025-12-30;16;1748
50;2025-12-30;17;2411
50;2025-12-30;18;2525
50;2025-12-30;19;1480
50;2025-12-30;20;928
50;2025-12-30;21;617
50;2025-12-30;22;281
50;2025-12-30;23;139
50;2025-12-31;0;40
50;2025-12-31;1;6
50;2025-12-31;2;1
50;2025-12-31;3;0
50;2025-12-31;4;1
50;2025-12-31;5;22
50;2025-12-31;6;107
50;2025-12-31;7;206
50;2025-12-31;8;307
50;2025-12-31;9;384
50;2025-12-31;10;409
50;2025-12-31;11;527
50;2025-12-31;12;587
50;2025-12-31;13;646
50;2025-12-31;14;658
50;2025-12-31;15;602
50;2025-12-31;16;594
50;2025-12-31;17;593
50;2025-12-31;18;526
50;2025-12-31;19;457
50;2025-12-31;20;372
50;2025-12-31;21;278
50;2025-12-31;22;175
50;2025-12-31;23;98
