route;date;hour;prediction
1;2025-11-01;0;4
1;2025-11-01;1;0
1;2025-11-01;2;0
1;2025-11-01;3;0
1;2025-11-01;4;8
1;2025-11-01;5;136
1;2025-11-01;6;557
1;2025-11-01;7;1547
1;2025-11-01;8;1950
1;2025-11-01;9;1502
1;2025-11-01;10;1341
1;2025-11-01;11;1393
1;2025-11-01;12;1415
1;2025-11-01;13;1459
1;2025-11-01;14;1398
1;2025-11-01;15;1565
1;2025-11-01;16;1570
1;2025-11-01;17;1813
1;2025-11-01;18;1814
1;2025-11-01;19;1386
1;2025-11-01;20;899
1;2025-11-01;21;501
1;2025-11-01;22;243
1;2025-11-01;23;52
1;2025-11-02;0;2
1;2025-11-02;1;0
1;2025-11-02;2;0
1;2025-11-02;3;0
1;2025-11-02;4;0
1;2025-11-02;5;25
1;2025-11-02;6;127
1;2025-11-02;7;244
1;2025-11-02;8;349
1;2025-11-02;9;574
1;2025-11-02;10;666
1;2025-11-02;11;655
1;2025-11-02;12;809
1;2025-11-02;13;849
1;2025-11-02;14;760
1;2025-11-02;15;695
1;2025-11-02;16;632
1;2025-11-02;17;580
1;2025-11-02;18;532
1;2025-11-02;19;450
1;2025-11-02;20;335
1;2025-11-02;21;255
1;2025-11-02;22;103
1;2025-11-02;23;34
1;2025-11-03;0;1
1;2025-11-03;1;0
1;2025-11-03;2;0
1;2025-11-03;3;0
1;2025-11-03;4;0
1;2025-11-03;5;25
1;2025-11-03;6;124
1;2025-11-03;7;239
1;2025-11-03;8;340
1;2025-11-03;9;557
1;2025-11-03;10;647
1;2025-11-03;11;624
1;2025-11-03;12;778
1;2025-11-03;13;825
1;2025-11-03;14;740
1;2025-11-03;15;685
1;2025-11-03;16;624
1;2025-11-03;17;571
1;2025-11-03;18;518
1;2025-11-03;19;443
1;2025-11-03;20;328
1;2025-11-03;21;253
1;2025-11-03;22;104
1;2025-11-03;23;33
1;2025-11-04;0;1
1;2025-11-04;1;0
1;2025-11-04;2;0
1;2025-11-04;3;0
1;2025-11-04;4;0
1;2025-11-04;5;25
1;2025-11-04;6;124
1;2025-11-04;7;239
1;2025-11-04;8;340
1;2025-11-04;9;557
1;2025-11-04;10;647
1;2025-11-04;11;624
1;2025-11-04;12;778
1;2025-11-04;13;825
1;2025-11-04;14;740
1;2025-11-04;15;684
1;2025-11-04;16;624
1;2025-11-04;17;571
1;2025-11-04;18;518
1;2025-11-04;19;443
1;2025-11-04;20;328
1;2025-11-04;21;253
1;2025-11-04;22;104
1;2025-11-04;23;33
1;2025-11-05;0;4
1;2025-11-05;1;0
1;2025-11-05;2;0
1;2025-11-05;3;0
1;2025-11-05;4;8
1;2025-11-05;5;135
1;2025-11-05;6;553
1;2025-11-05;7;1514
1;2025-11-05;8;1932
1;2025-11-05;9;1486
1;2025-11-05;10;1322
1;2025-11-05;11;1367
1;2025-11-05;12;1399
1;2025-11-05;13;1449
1;2025-11-05;14;1385
1;2025-11-05;15;1551
1;2025-11-05;16;1537
1;2025-11-05;17;1794
1;2025-11-05;18;1800
1;2025-11-05;19;1378
1;2025-11-05;20;890
1;2025-11-05;21;494
1;2025-11-05;22;244
1;2025-11-05;23;50
1;2025-11-06;0;5
1;2025-11-06;1;0
1;2025-11-06;2;0
1;2025-11-06;3;0
1;2025-11-06;4;8
1;2025-11-06;5;130
1;2025-11-06;6;541
1;2025-11-06;7;1512
1;2025-11-06;8;1916
1;2025-11-06;9;1487
1;2025-11-06;10;1338
1;2025-11-06;11;1377
1;2025-11-06;12;1406
1;2025-11-06;13;1447
1;2025-11-06;14;1397
1;2025-11-06;15;1550
1;2025-11-06;16;1549
1;2025-11-06;17;1786
1;2025-11-06;18;1790
1;2025-11-06;19;1366
1;2025-11-06;20;890
1;2025-11-06;21;501
1;2025-11-06;22;241
1;2025-11-06;23;55
1;2025-11-07;0;5
1;2025-11-07;1;0
1;2025-11-07;2;0
1;2025-11-07;3;0
1;2025-11-07;4;7
1;2025-11-07;5;133
1;2025-11-07;6;533
1;2025-11-07;7;1505
1;2025-11-07;8;1872
1;2025-11-07;9;1454
1;2025-11-07;10;1314
1;2025-11-07;11;1386
1;2025-11-07;12;1392
1;2025-11-07;13;1446
1;2025-11-07;14;1382
1;2025-11-07;15;1541
1;2025-11-07;16;1572
1;2025-11-07;17;1754
1;2025-11-07;18;1670
1;2025-11-07;19;1276
1;2025-11-07;20;848
1;2025-11-07;21;501
1;2025-11-07;22;243
1;2025-11-07;23;55
1;2025-11-08;0;8
1;2025-11-08;1;0
1;2025-11-08;2;0
1;2025-11-08;3;0
1;2025-11-08;4;0
1;2025-11-08;5;32
1;2025-11-08;6;173
1;2025-11-08;7;347
1;2025-11-08;8;473
1;2025-11-08;9;746
1;2025-11-08;10;856
1;2025-11-08;11;802
1;2025-11-08;12;1009
1;2025-11-08;13;1036
1;2025-11-08;14;970
1;2025-11-08;15;850
1;2025-11-08;16;776
1;2025-11-08;17;716
1;2025-11-08;18;643
1;2025-11-08;19;583
1;2025-11-08;20;429
1;2025-11-08;21;310
1;2025-11-08;22;141
1;2025-11-08;23;36
1;2025-11-09;0;2
1;2025-11-09;1;0
1;2025-11-09;2;0
1;2025-11-09;3;0
1;2025-11-09;4;0
1;2025-11-09;5;25
1;2025-11-09;6;126
1;2025-11-09;7;244
1;2025-11-09;8;348
1;2025-11-09;9;573
1;2025-11-09;10;665
1;2025-11-09;11;654
1;2025-11-09;12;808
1;2025-11-09;13;848
1;2025-11-09;14;759
1;2025-11-09;15;695
1;2025-11-09;16;631
1;2025-11-09;17;579
1;2025-11-09;18;531
1;2025-11-09;19;450
1;2025-11-09;20;335
1;2025-11-09;21;254
1;2025-11-09;22;103
1;2025-11-09;23;33
1;2025-11-10;0;2
1;2025-11-10;1;0
1;2025-11-10;2;0
1;2025-11-10;3;0
1;2025-11-10;4;8
1;2025-11-10;5;131
1;2025-11-10;6;545
1;2025-11-10;7;1498
1;2025-11-10;8;1893
1;2025-11-10;9;1440
1;2025-11-10;10;1274
1;2025-11-10;11;1324
1;2025-11-10;12;1371
1;2025-11-10;13;1389
1;2025-11-10;14;1341
1;2025-11-10;15;1516
1;2025-11-10;16;1534
1;2025-11-10;17;1772
1;2025-11-10;18;1815
1;2025-11-10;19;1385
1;2025-11-10;20;877
1;2025-11-10;21;481
1;2025-11-10;22;226
1;2025-11-10;23;47
1;2025-11-11;0;4
1;2025-11-11;1;0
1;2025-11-11;2;0
1;2025-11-11;3;1
1;2025-11-11;4;8
1;2025-11-11;5;134
1;2025-11-11;6;554
1;2025-11-11;7;1548
1;2025-11-11;8;1928
1;2025-11-11;9;1498
1;2025-11-11;10;1344
1;2025-11-11;11;1375
1;2025-11-11;12;1393
1;2025-11-11;13;1436
1;2025-11-11;14;1371
1;2025-11-11;15;1520
1;2025-11-11;16;1530
1;2025-11-11;17;1777
1;2025-11-11;18;1796
1;2025-11-11;19;1390
1;2025-11-11;20;901
1;2025-11-11;21;493
1;2025-11-11;22;239
1;2025-11-11;23;49
1;2025-11-12;0;4
1;2025-11-12;1;0
1;2025-11-12;2;0
1;2025-11-12;3;0
1;2025-11-12;4;8
1;2025-11-12;5;135
1;2025-11-12;6;551
1;2025-11-12;7;1510
1;2025-11-12;8;1926
1;2025-11-12;9;1482
1;2025-11-12;10;1319
1;2025-11-12;11;1363
1;2025-11-12;12;1395
1;2025-11-12;13;1445
1;2025-11-12;14;1381
1;2025-11-12;15;1546
1;2025-11-12;16;1533
1;2025-11-12;17;1789
1;2025-11-12;18;1795
1;2025-11-12;19;1375
1;2025-11-12;20;888
1;2025-11-12;21;493
1;2025-11-12;22;244
1;2025-11-12;23;50
1;2025-11-13;0;5
1;2025-11-13;1;0
1;2025-11-13;2;0
1;2025-11-13;3;0
1;2025-11-13;4;8
1;2025-11-13;5;129
1;2025-11-13;6;539
1;2025-11-13;7;1508
1;2025-11-13;8;1911
1;2025-11-13;9;1483
1;2025-11-13;10;1334
1;2025-11-13;11;1373
1;2025-11-13;12;1402
1;2025-11-13;13;1443
1;2025-11-13;14;1394
1;2025-11-13;15;1546
1;2025-11-13;16;1544
1;2025-11-13;17;1781
1;2025-11-13;18;1785
1;2025-11-13;19;1362
1;2025-11-13;20;887
1;2025-11-13;21;500
1;2025-11-13;22;240
1;2025-11-13;23;55
1;2025-11-14;0;5
1;2025-11-14;1;0
1;2025-11-14;2;0
1;2025-11-14;3;0
1;2025-11-14;4;7
1;2025-11-14;5;133
1;2025-11-14;6;532
1;2025-11-14;7;1502
1;2025-11-14;8;1868
1;2025-11-14;9;1451
1;2025-11-14;10;1311
1;2025-11-14;11;1383
1;2025-11-14;12;1389
1;2025-11-14;13;1443
1;2025-11-14;14;1379
1;2025-11-14;15;1538
1;2025-11-14;16;1568
1;2025-11-14;17;1750
1;2025-11-14;18;1666
1;2025-11-14;19;1273
1;2025-11-14;20;847
1;2025-11-14;21;500
1;2025-11-14;22;242
1;2025-11-14;23;55
1;2025-11-15;0;8
1;2025-11-15;1;0
1;2025-11-15;2;0
1;2025-11-15;3;0
1;2025-11-15;4;0
1;2025-11-15;5;31
1;2025-11-15;6;172
1;2025-11-15;7;346
1;2025-11-15;8;471
1;2025-11-15;9;743
1;2025-11-15;10;853
1;2025-11-15;11;799
1;2025-11-15;12;1005
1;2025-11-15;13;1032
1;2025-11-15;14;967
1;2025-11-15;15;847
1;2025-11-15;16;773
1;2025-11-15;17;713
1;2025-11-15;18;641
1;2025-11-15;19;581
1;2025-11-15;20;427
1;2025-11-15;21;309
1;2025-11-15;22;141
1;2025-11-15;23;36
1;2025-11-16;0;2
1;2025-11-16;1;0
1;2025-11-16;2;0
1;2025-11-16;3;0
1;2025-11-16;4;0
1;2025-11-16;5;25
1;2025-11-16;6;126
1;2025-11-16;7;244
1;2025-11-16;8;348
1;2025-11-16;9;573
1;2025-11-16;10;664
1;2025-11-16;11;653
1;2025-11-16;12;807
1;2025-11-16;13;847
1;2025-11-16;14;758
1;2025-11-16;15;694
1;2025-11-16;16;630
1;2025-11-16;17;578
1;2025-11-16;18;530
1;2025-11-16;19;449
1;2025-11-16;20;334
1;2025-11-16;21;254
1;2025-11-16;22;103
1;2025-11-16;23;33
1;2025-11-17;0;2
1;2025-11-17;1;0
1;2025-11-17;2;0
1;2025-11-17;3;0
1;2025-11-17;4;8
1;2025-11-17;5;131
1;2025-11-17;6;544
1;2025-11-17;7;1495
1;2025-11-17;8;1889
1;2025-11-17;9;1437
1;2025-11-17;10;1271
1;2025-11-17;11;1321
1;2025-11-17;12;1368
1;2025-11-17;13;1386
1;2025-11-17;14;1339
1;2025-11-17;15;1513
1;2025-11-17;16;1531
1;2025-11-17;17;1768
1;2025-11-17;18;1811
1;2025-11-17;19;1382
1;2025-11-17;20;875
1;2025-11-17;21;480
1;2025-11-17;22;225
1;2025-11-17;23;47
1;2025-11-18;0;4
1;2025-11-18;1;0
1;2025-11-18;2;0
1;2025-11-18;3;1
1;2025-11-18;4;8
1;2025-11-18;5;134
1;2025-11-18;6;552
1;2025-11-18;7;1545
1;2025-11-18;8;1923
1;2025-11-18;9;1494
1;2025-11-18;10;1341
1;2025-11-18;11;1372
1;2025-11-18;12;1390
1;2025-11-18;13;1432
1;2025-11-18;14;1368
1;2025-11-18;15;1516
1;2025-11-18;16;1526
1;2025-11-18;17;1773
1;2025-11-18;18;1792
1;2025-11-18;19;1387
1;2025-11-18;20;899
1;2025-11-18;21;492
1;2025-11-18;22;239
1;2025-11-18;23;49
1;2025-11-19;0;4
1;2025-11-19;1;0
1;2025-11-19;2;0
1;2025-11-19;3;0
1;2025-11-19;4;8
1;2025-11-19;5;135
1;2025-11-19;6;550
1;2025-11-19;7;1507
1;2025-11-19;8;1923
1;2025-11-19;9;1479
1;2025-11-19;10;1316
1;2025-11-19;11;1360
1;2025-11-19;12;1393
1;2025-11-19;13;1443
1;2025-11-19;14;1379
1;2025-11-19;15;1544
1;2025-11-19;16;1530
1;2025-11-19;17;1786
1;2025-11-19;18;1792
1;2025-11-19;19;1372
1;2025-11-19;20;886
1;2025-11-19;21;492
1;2025-11-19;22;243
1;2025-11-19;23;50
1;2025-11-20;0;5
1;2025-11-20;1;0
1;2025-11-20;2;0
1;2025-11-20;3;0
1;2025-11-20;4;8
1;2025-11-20;5;129
1;2025-11-20;6;539
1;2025-11-20;7;1506
1;2025-11-20;8;1908
1;2025-11-20;9;1481
1;2025-11-20;10;1332
1;2025-11-20;11;1371
1;2025-11-20;12;1401
1;2025-11-20;13;1441
1;2025-11-20;14;1392
1;2025-11-20;15;1544
1;2025-11-20;16;1542
1;2025-11-20;17;1779
1;2025-11-20;18;1782
1;2025-11-20;19;1360
1;2025-11-20;20;886
1;2025-11-20;21;499
1;2025-11-20;22;240
1;2025-11-20;23;55
1;2025-11-21;0;5
1;2025-11-21;1;0
1;2025-11-21;2;0
1;2025-11-21;3;0
1;2025-11-21;4;7
1;2025-11-21;5;133
1;2025-11-21;6;531
1;2025-11-21;7;1500
1;2025-11-21;8;1865
1;2025-11-21;9;1448
1;2025-11-21;10;1309
1;2025-11-21;11;1381
1;2025-11-21;12;1387
1;2025-11-21;13;1441
1;2025-11-21;14;1377
1;2025-11-21;15;1536
1;2025-11-21;16;1566
1;2025-11-21;17;1748
1;2025-11-21;18;1664
1;2025-11-21;19;1271
1;2025-11-21;20;845
1;2025-11-21;21;499
1;2025-11-21;22;242
1;2025-11-21;23;55
1;2025-11-22;0;8
1;2025-11-22;1;0
1;2025-11-22;2;0
1;2025-11-22;3;0
1;2025-11-22;4;0
1;2025-11-22;5;31
1;2025-11-22;6;172
1;2025-11-22;7;344
1;2025-11-22;8;470
1;2025-11-22;9;741
1;2025-11-22;10;850
1;2025-11-22;11;796
1;2025-11-22;12;1002
1;2025-11-22;13;1029
1;2025-11-22;14;963
1;2025-11-22;15;844
1;2025-11-22;16;771
1;2025-11-22;17;711
1;2025-11-22;18;639
1;2025-11-22;19;579
1;2025-11-22;20;426
1;2025-11-22;21;307
1;2025-11-22;22;140
1;2025-11-22;23;36
1;2025-11-23;0;2
1;2025-11-23;1;0
1;2025-11-23;2;0
1;2025-11-23;3;0
1;2025-11-23;4;0
1;2025-11-23;5;25
1;2025-11-23;6;126
1;2025-11-23;7;243
1;2025-11-23;8;347
1;2025-11-23;9;572
1;2025-11-23;10;664
1;2025-11-23;11;653
1;2025-11-23;12;806
1;2025-11-23;13;846
1;2025-11-23;14;757
1;2025-11-23;15;693
1;2025-11-23;16;629
1;2025-11-23;17;578
1;2025-11-23;18;530
1;2025-11-23;19;448
1;2025-11-23;20;334
1;2025-11-23;21;254
1;2025-11-23;22;103
1;2025-11-23;23;33
1;2025-11-24;0;2
1;2025-11-24;1;0
1;2025-11-24;2;0
1;2025-11-24;3;0
1;2025-11-24;4;8
1;2025-11-24;5;131
1;2025-11-24;6;543
1;2025-11-24;7;1494
1;2025-11-24;8;1887
1;2025-11-24;9;1436
1;2025-11-24;10;1270
1;2025-11-24;11;1320
1;2025-11-24;12;1367
1;2025-11-24;13;1385
1;2025-11-24;14;1338
1;2025-11-24;15;1512
1;2025-11-24;16;1530
1;2025-11-24;17;1767
1;2025-11-24;18;1810
1;2025-11-24;19;1381
1;2025-11-24;20;875
1;2025-11-24;21;479
1;2025-11-24;22;225
1;2025-11-24;23;47
1;2025-11-25;0;4
1;2025-11-25;1;0
1;2025-11-25;2;0
1;2025-11-25;3;1
1;2025-11-25;4;8
1;2025-11-25;5;134
1;2025-11-25;6;552
1;2025-11-25;7;1544
1;2025-11-25;8;1922
1;2025-11-25;9;1493
1;2025-11-25;10;1339
1;2025-11-25;11;1371
1;2025-11-25;12;1389
1;2025-11-25;13;1431
1;2025-11-25;14;1366
1;2025-11-25;15;1515
1;2025-11-25;16;1525
1;2025-11-25;17;1771
1;2025-11-25;18;1791
1;2025-11-25;19;1386
1;2025-11-25;20;898
1;2025-11-25;21;492
1;2025-11-25;22;238
1;2025-11-25;23;49
1;2025-11-26;0;4
1;2025-11-26;1;0
1;2025-11-26;2;0
1;2025-11-26;3;0
1;2025-11-26;4;8
1;2025-11-26;5;135
1;2025-11-26;6;550
1;2025-11-26;7;1506
1;2025-11-26;8;1922
1;2025-11-26;9;1478
1;2025-11-26;10;1316
1;2025-11-26;11;1360
1;2025-11-26;12;1392
1;2025-11-26;13;1442
1;2025-11-26;14;1378
1;2025-11-26;15;1543
1;2025-11-26;16;1530
1;2025-11-26;17;1785
1;2025-11-26;18;1791
1;2025-11-26;19;1372
1;2025-11-26;20;886
1;2025-11-26;21;492
1;2025-11-26;22;243
1;2025-11-26;23;50
1;2025-11-27;0;5
1;2025-11-27;1;0
1;2025-11-27;2;0
1;2025-11-27;3;0
1;2025-11-27;4;8
1;2025-11-27;5;129
1;2025-11-27;6;538
1;2025-11-27;7;1505
1;2025-11-27;8;1906
1;2025-11-27;9;1480
1;2025-11-27;10;1331
1;2025-11-27;11;1370
1;2025-11-27;12;1399
1;2025-11-27;13;1440
1;2025-11-27;14;1390
1;2025-11-27;15;1543
1;2025-11-27;16;1541
1;2025-11-27;17;1777
1;2025-11-27;18;1781
1;2025-11-27;19;1359
1;2025-11-27;20;885
1;2025-11-27;21;499
1;2025-11-27;22;240
1;2025-11-27;23;55
1;2025-11-28;0;5
1;2025-11-28;1;0
1;2025-11-28;2;0
1;2025-11-28;3;0
1;2025-11-28;4;7
1;2025-11-28;5;133
1;2025-11-28;6;531
1;2025-11-28;7;1499
1;2025-11-28;8;1864
1;2025-11-28;9;1447
1;2025-11-28;10;1308
1;2025-11-28;11;1380
1;2025-11-28;12;1386
1;2025-11-28;13;1440
1;2025-11-28;14;1376
1;2025-11-28;15;1535
1;2025-11-28;16;1565
1;2025-11-28;17;1747
1;2025-11-28;18;1663
1;2025-11-28;19;1271
1;2025-11-28;20;845
1;2025-11-28;21;498
1;2025-11-28;22;242
1;2025-11-28;23;55
1;2025-11-29;0;8
1;2025-11-29;1;0
1;2025-11-29;2;0
1;2025-11-29;3;0
1;2025-11-29;4;0
1;2025-11-29;5;31
1;2025-11-29;6;171
1;2025-11-29;7;343
1;2025-11-29;8;468
1;2025-11-29;9;738
1;2025-11-29;10;847
1;2025-11-29;11;794
1;2025-11-29;12;998
1;2025-11-29;13;1025
1;2025-11-29;14;960
1;2025-11-29;15;841
1;2025-11-29;16;768
1;2025-11-29;17;708
1;2025-11-29;18;637
1;2025-11-29;19;577
1;2025-11-29;20;424
1;2025-11-29;21;306
1;2025-11-29;22;140
1;2025-11-29;23;35
1;2025-11-30;0;2
1;2025-11-30;1;0
1;2025-11-30;2;0
1;2025-11-30;3;0
1;2025-11-30;4;0
1;2025-11-30;5;25
1;2025-11-30;6;126
1;2025-11-30;7;243
1;2025-11-30;8;347
1;2025-11-30;9;571
1;2025-11-30;10;663
1;2025-11-30;11;652
1;2025-11-30;12;806
1;2025-11-30;13;845
1;2025-11-30;14;756
1;2025-11-30;15;692
1;2025-11-30;16;629
1;2025-11-30;17;577
1;2025-11-30;18;529
1;2025-11-30;19;448
1;2025-11-30;20;334
1;2025-11-30;21;253
1;2025-11-30;22;103
1;2025-11-30;23;33
1;2025-12-01;0;2
1;2025-12-01;1;0
1;2025-12-01;2;0
1;2025-12-01;3;0
1;2025-12-01;4;8
1;2025-12-01;5;131
1;2025-12-01;6;543
1;2025-12-01;7;1493
1;2025-12-01;8;1886
1;2025-12-01;9;1435
1;2025-12-01;10;1269
1;2025-12-01;11;1319
1;2025-12-01;12;1366
1;2025-12-01;13;1384
1;2025-12-01;14;1337
1;2025-12-01;15;1511
1;2025-12-01;16;1528
1;2025-12-01;17;1765
1;2025-12-01;18;1808
1;2025-12-01;19;1380
1;2025-12-01;20;874
1;2025-12-01;21;479
1;2025-12-01;22;225
1;2025-12-01;23;47
1;2025-12-02;0;4
1;2025-12-02;1;0
1;2025-12-02;2;0
1;2025-12-02;3;1
1;2025-12-02;4;8
1;2025-12-02;5;134
1;2025-12-02;6;551
1;2025-12-02;7;1542
1;2025-12-02;8;1920
1;2025-12-02;9;1492
1;2025-12-02;10;1338
1;2025-12-02;11;1370
1;2025-12-02;12;1388
1;2025-12-02;13;1430
1;2025-12-02;14;1365
1;2025-12-02;15;1514
1;2025-12-02;16;1524
1;2025-12-02;17;1770
1;2025-12-02;18;1789
1;2025-12-02;19;1385
1;2025-12-02;20;898
1;2025-12-02;21;492
1;2025-12-02;22;238
1;2025-12-02;23;49
1;2025-12-03;0;4
1;2025-12-03;1;0
1;2025-12-03;2;0
1;2025-12-03;3;0
1;2025-12-03;4;8
1;2025-12-03;5;134
1;2025-12-03;6;549
1;2025-12-03;7;1504
1;2025-12-03;8;1920
1;2025-12-03;9;1477
1;2025-12-03;10;1314
1;2025-12-03;11;1358
1;2025-12-03;12;1390
1;2025-12-03;13;1440
1;2025-12-03;14;1377
1;2025-12-03;15;1541
1;2025-12-03;16;1528
1;2025-12-03;17;1783
1;2025-12-03;18;1789
1;2025-12-03;19;1370
1;2025-12-03;20;885
1;2025-12-03;21;491
1;2025-12-03;22;243
1;2025-12-03;23;50
1;2025-12-04;0;5
1;2025-12-04;1;0
1;2025-12-04;2;0
1;2025-12-04;3;0
1;2025-12-04;4;8
1;2025-12-04;5;129
1;2025-12-04;6;537
1;2025-12-04;7;1503
1;2025-12-04;8;1904
1;2025-12-04;9;1478
1;2025-12-04;10;1329
1;2025-12-04;11;1368
1;2025-12-04;12;1398
1;2025-12-04;13;1438
1;2025-12-04;14;1389
1;2025-12-04;15;1541
1;2025-12-04;16;1539
1;2025-12-04;17;1775
1;2025-12-04;18;1779
1;2025-12-04;19;1357
1;2025-12-04;20;884
1;2025-12-04;21;498
1;2025-12-04;22;240
1;2025-12-04;23;55
1;2025-12-05;0;5
1;2025-12-05;1;0
1;2025-12-05;2;0
1;2025-12-05;3;0
1;2025-12-05;4;7
1;2025-12-05;5;133
1;2025-12-05;6;530
1;2025-12-05;7;1497
1;2025-12-05;8;1861
1;2025-12-05;9;1446
1;2025-12-05;10;1307
1;2025-12-05;11;1378
1;2025-12-05;12;1384
1;2025-12-05;13;1438
1;2025-12-05;14;1375
1;2025-12-05;15;1533
1;2025-12-05;16;1563
1;2025-12-05;17;1744
1;2025-12-05;18;1661
1;2025-12-05;19;1269
1;2025-12-05;20;844
1;2025-12-05;21;498
1;2025-12-05;22;241
1;2025-12-05;23;55
1;2025-12-06;0;8
1;2025-12-06;1;0
1;2025-12-06;2;0
1;2025-12-06;3;0
1;2025-12-06;4;0
1;2025-12-06;5;31
1;2025-12-06;6;171
1;2025-12-06;7;342
1;2025-12-06;8;467
1;2025-12-06;9;736
1;2025-12-06;10;845
1;2025-12-06;11;791
1;2025-12-06;12;995
1;2025-12-06;13;1022
1;2025-12-06;14;957
1;2025-12-06;15;838
1;2025-12-06;16;766
1;2025-12-06;17;706
1;2025-12-06;18;635
1;2025-12-06;19;575
1;2025-12-06;20;423
1;2025-12-06;21;305
1;2025-12-06;22;139
1;2025-12-06;23;35
1;2025-12-07;0;2
1;2025-12-07;1;0
1;2025-12-07;2;0
1;2025-12-07;3;0
1;2025-12-07;4;0
1;2025-12-07;5;25
1;2025-12-07;6;126
1;2025-12-07;7;243
1;2025-12-07;8;347
1;2025-12-07;9;571
1;2025-12-07;10;662
1;2025-12-07;11;651
1;2025-12-07;12;805
1;2025-12-07;13;844
1;2025-12-07;14;755
1;2025-12-07;15;691
1;2025-12-07;16;628
1;2025-12-07;17;576
1;2025-12-07;18;529
1;2025-12-07;19;447
1;2025-12-07;20;333
1;2025-12-07;21;253
1;2025-12-07;22;103
1;2025-12-07;23;33
1;2025-12-08;0;2
1;2025-12-08;1;0
1;2025-12-08;2;0
1;2025-12-08;3;0
1;2025-12-08;4;8
1;2025-12-08;5;131
1;2025-12-08;6;542
1;2025-12-08;7;1491
1;2025-12-08;8;1883
1;2025-12-08;9;1433
1;2025-12-08;10;1268
1;2025-12-08;11;1318
1;2025-12-08;12;1364
1;2025-12-08;13;1382
1;2025-12-08;14;1335
1;2025-12-08;15;1509
1;2025-12-08;16;1526
1;2025-12-08;17;1763
1;2025-12-08;18;1806
1;2025-12-08;19;1378
1;2025-12-08;20;873
1;2025-12-08;21;478
1;2025-12-08;22;225
1;2025-12-08;23;47
1;2025-12-09;0;4
1;2025-12-09;1;0
1;2025-12-09;2;0
1;2025-12-09;3;1
1;2025-12-09;4;8
1;2025-12-09;5;134
1;2025-12-09;6;551
1;2025-12-09;7;1541
1;2025-12-09;8;1918
1;2025-12-09;9;1490
1;2025-12-09;10;1337
1;2025-12-09;11;1368
1;2025-12-09;12;1386
1;2025-12-09;13;1428
1;2025-12-09;14;1364
1;2025-12-09;15;1512
1;2025-12-09;16;1522
1;2025-12-09;17;1768
1;2025-12-09;18;1787
1;2025-12-09;19;1383
1;2025-12-09;20;897
1;2025-12-09;21;491
1;2025-12-09;22;238
1;2025-12-09;23;49
1;2025-12-10;0;4
1;2025-12-10;1;0
1;2025-12-10;2;0
1;2025-12-10;3;0
1;2025-12-10;4;8
1;2025-12-10;5;134
1;2025-12-10;6;549
1;2025-12-10;7;1503
1;2025-12-10;8;1917
1;2025-12-10;9;1475
1;2025-12-10;10;1312
1;2025-12-10;11;1356
1;2025-12-10;12;1389
1;2025-12-10;13;1438
1;2025-12-10;14;1375
1;2025-12-10;15;1539
1;2025-12-10;16;1526
1;2025-12-10;17;1781
1;2025-12-10;18;1787
1;2025-12-10;19;1368
1;2025-12-10;20;884
1;2025-12-10;21;491
1;2025-12-10;22;243
1;2025-12-10;23;50
1;2025-12-11;0;5
1;2025-12-11;1;0
1;2025-12-11;2;0
1;2025-12-11;3;0
1;2025-12-11;4;8
1;2025-12-11;5;129
1;2025-12-11;6;537
1;2025-12-11;7;1501
1;2025-12-11;8;1902
1;2025-12-11;9;1476
1;2025-12-11;10;1328
1;2025-12-11;11;1366
1;2025-12-11;12;1396
1;2025-12-11;13;1436
1;2025-12-11;14;1387
1;2025-12-11;15;1539
1;2025-12-11;16;1537
1;2025-12-11;17;1773
1;2025-12-11;18;1776
1;2025-12-11;19;1356
1;2025-12-11;20;883
1;2025-12-11;21;498
1;2025-12-11;22;239
1;2025-12-11;23;55
1;2025-12-12;0;5
1;2025-12-12;1;0
1;2025-12-12;2;0
1;2025-12-12;3;0
1;2025-12-12;4;7
1;2025-12-12;5;132
1;2025-12-12;6;530
1;2025-12-12;7;1496
1;2025-12-12;8;1860
1;2025-12-12;9;1445
1;2025-12-12;10;1306
1;2025-12-12;11;1378
1;2025-12-12;12;1383
1;2025-12-12;13;1438
1;2025-12-12;14;1374
1;2025-12-12;15;1532
1;2025-12-12;16;1562
1;2025-12-12;17;1744
1;2025-12-12;18;1660
1;2025-12-12;19;1268
1;2025-12-12;20;843
1;2025-12-12;21;498
1;2025-12-12;22;241
1;2025-12-12;23;55
1;2025-12-13;0;8
1;2025-12-13;1;0
1;2025-12-13;2;0
1;2025-12-13;3;0
1;2025-12-13;4;0
1;2025-12-13;5;31
1;2025-12-13;6;170
1;2025-12-13;7;341
1;2025-12-13;8;465
1;2025-12-13;9;734
1;2025-12-13;10;842
1;2025-12-13;11;789
1;2025-12-13;12;992
1;2025-12-13;13;1019
1;2025-12-13;14;954
1;2025-12-13;15;836
1;2025-12-13;16;763
1;2025-12-13;17;704
1;2025-12-13;18;633
1;2025-12-13;19;574
1;2025-12-13;20;422
1;2025-12-13;21;304
1;2025-12-13;22;139
1;2025-12-13;23;35
1;2025-12-14;0;2
1;2025-12-14;1;0
1;2025-12-14;2;0
1;2025-12-14;3;0
1;2025-12-14;4;0
1;2025-12-14;5;25
1;2025-12-14;6;126
1;2025-12-14;7;243
1;2025-12-14;8;346
1;2025-12-14;9;570
1;2025-12-14;10;662
1;2025-12-14;11;650
1;2025-12-14;12;804
1;2025-12-14;13;843
1;2025-12-14;14;755
1;2025-12-14;15;691
1;2025-12-14;16;627
1;2025-12-14;17;576
1;2025-12-14;18;528
1;2025-12-14;19;447
1;2025-12-14;20;333
1;2025-12-14;21;253
1;2025-12-14;22;103
1;2025-12-14;23;33
1;2025-12-15;0;2
1;2025-12-15;1;0
1;2025-12-15;2;0
1;2025-12-15;3;0
1;2025-12-15;4;8
1;2025-12-15;5;131
1;2025-12-15;6;542
1;2025-12-15;7;1490
1;2025-12-15;8;1882
1;2025-12-15;9;1432
1;2025-12-15;10;1267
1;2025-12-15;11;1317
1;2025-12-15;12;1363
1;2025-12-15;13;1381
1;2025-12-15;14;1334
1;2025-12-15;15;1508
1;2025-12-15;16;1526
1;2025-12-15;17;1762
1;2025-12-15;18;1805
1;2025-12-15;19;1378
1;2025-12-15;20;872
1;2025-12-15;21;478
1;2025-12-15;22;225
1;2025-12-15;23;47
1;2025-12-16;0;4
1;2025-12-16;1;0
1;2025-12-16;2;0
1;2025-12-16;3;1
1;2025-12-16;4;8
1;2025-12-16;5;133
1;2025-12-16;6;550
1;2025-12-16;7;1540
1;2025-12-16;8;1917
1;2025-12-16;9;1489
1;2025-12-16;10;1336
1;2025-12-16;11;1368
1;2025-12-16;12;1385
1;2025-12-16;13;1428
1;2025-12-16;14;1363
1;2025-12-16;15;1511
1;2025-12-16;16;1521
1;2025-12-16;17;1767
1;2025-12-16;18;1786
1;2025-12-16;19;1383
1;2025-12-16;20;896
1;2025-12-16;21;491
1;2025-12-16;22;238
1;2025-12-16;23;49
1;2025-12-17;0;4
1;2025-12-17;1;0
1;2025-12-17;2;0
1;2025-12-17;3;0
1;2025-12-17;4;8
1;2025-12-17;5;134
1;2025-12-17;6;548
1;2025-12-17;7;1502
1;2025-12-17;8;1916
1;2025-12-17;9;1474
1;2025-12-17;10;1312
1;2025-12-17;11;1356
1;2025-12-17;12;1388
1;2025-12-17;13;1438
1;2025-12-17;14;1374
1;2025-12-17;15;1538
1;2025-12-17;16;1525
1;2025-12-17;17;1780
1;2025-12-17;18;1786
1;2025-12-17;19;1367
1;2025-12-17;20;883
1;2025-12-17;21;490
1;2025-12-17;22;242
1;2025-12-17;23;50
1;2025-12-18;0;5
1;2025-12-18;1;0
1;2025-12-18;2;0
1;2025-12-18;3;0
1;2025-12-18;4;8
1;2025-12-18;5;129
1;2025-12-18;6;537
1;2025-12-18;7;1501
1;2025-12-18;8;1901
1;2025-12-18;9;1476
1;2025-12-18;10;1327
1;2025-12-18;11;1366
1;2025-12-18;12;1395
1;2025-12-18;13;1436
1;2025-12-18;14;1386
1;2025-12-18;15;1538
1;2025-12-18;16;1536
1;2025-12-18;17;1772
1;2025-12-18;18;1775
1;2025-12-18;19;1355
1;2025-12-18;20;883
1;2025-12-18;21;497
1;2025-12-18;22;239
1;2025-12-18;23;55
1;2025-12-19;0;5
1;2025-12-19;1;0
1;2025-12-19;2;0
1;2025-12-19;3;0
1;2025-12-19;4;7
1;2025-12-19;5;132
1;2025-12-19;6;529
1;2025-12-19;7;1494
1;2025-12-19;8;1858
1;2025-12-19;9;1443
1;2025-12-19;10;1304
1;2025-12-19;11;1376
1;2025-12-19;12;1381
1;2025-12-19;13;1436
1;2025-12-19;14;1372
1;2025-12-19;15;1530
1;2025-12-19;16;1560
1;2025-12-19;17;1741
1;2025-12-19;18;1658
1;2025-12-19;19;1267
1;2025-12-19;20;842
1;2025-12-19;21;497
1;2025-12-19;22;241
1;2025-12-19;23;55
1;2025-12-20;0;8
1;2025-12-20;1;0
1;2025-12-20;2;0
1;2025-12-20;3;0
1;2025-12-20;4;0
1;2025-12-20;5;31
1;2025-12-20;6;170
1;2025-12-20;7;340
1;2025-12-20;8;464
1;2025-12-20;9;732
1;2025-12-20;10;840
1;2025-12-20;11;786
1;2025-12-20;12;989
1;2025-12-20;13;1016
1;2025-12-20;14;952
1;2025-12-20;15;834
1;2025-12-20;16;761
1;2025-12-20;17;702
1;2025-12-20;18;631
1;2025-12-20;19;572
1;2025-12-20;20;420
1;2025-12-20;21;304
1;2025-12-20;22;138
1;2025-12-20;23;35
1;2025-12-21;0;2
1;2025-12-21;1;0
1;2025-12-21;2;0
1;2025-12-21;3;0
1;2025-12-21;4;0
1;2025-12-21;5;25
1;2025-12-21;6;126
1;2025-12-21;7;242
1;2025-12-21;8;346
1;2025-12-21;9;570
1;2025-12-21;10;661
1;2025-12-21;11;650
1;2025-12-21;12;803
1;2025-12-21;13;843
1;2025-12-21;14;754
1;2025-12-21;15;690
1;2025-12-21;16;627
1;2025-12-21;17;575
1;2025-12-21;18;528
1;2025-12-21;19;447
1;2025-12-21;20;333
1;2025-12-21;21;253
1;2025-12-21;22;103
1;2025-12-21;23;33
1;2025-12-22;0;2
1;2025-12-22;1;0
1;2025-12-22;2;0
1;2025-12-22;3;0
1;2025-12-22;4;8
1;2025-12-22;5;131
1;2025-12-22;6;541
1;2025-12-22;7;1489
1;2025-12-22;8;1880
1;2025-12-22;9;1431
1;2025-12-22;10;1265
1;2025-12-22;11;1315
1;2025-12-22;12;1362
1;2025-12-22;13;1380
1;2025-12-22;14;1333
1;2025-12-22;15;1506
1;2025-12-22;16;1524
1;2025-12-22;17;1760
1;2025-12-22;18;1803
1;2025-12-22;19;1376
1;2025-12-22;20;872
1;2025-12-22;21;477
1;2025-12-22;22;224
1;2025-12-22;23;47
1;2025-12-23;0;4
1;2025-12-23;1;0
1;2025-12-23;2;0
1;2025-12-23;3;1
1;2025-12-23;4;8
1;2025-12-23;5;133
1;2025-12-23;6;550
1;2025-12-23;7;1538
1;2025-12-23;8;1915
1;2025-12-23;9;1488
1;2025-12-23;10;1334
1;2025-12-23;11;1366
1;2025-12-23;12;1384
1;2025-12-23;13;1426
1;2025-12-23;14;1361
1;2025-12-23;15;1509
1;2025-12-23;16;1519
1;2025-12-23;17;1765
1;2025-12-23;18;1784
1;2025-12-23;19;1381
1;2025-12-23;20;895
1;2025-12-23;21;490
1;2025-12-23;22;238
1;2025-12-23;23;49
1;2025-12-24;0;4
1;2025-12-24;1;0
1;2025-12-24;2;0
1;2025-12-24;3;0
1;2025-12-24;4;8
1;2025-12-24;5;134
1;2025-12-24;6;548
1;2025-12-24;7;1500
1;2025-12-24;8;1914
1;2025-12-24;9;1472
1;2025-12-24;10;1310
1;2025-12-24;11;1354
1;2025-12-24;12;1386
1;2025-12-24;13;1436
1;2025-12-24;14;1373
1;2025-12-24;15;1537
1;2025-12-24;16;1523
1;2025-12-24;17;1778
1;2025-12-24;18;1784
1;2025-12-24;19;1366
1;2025-12-24;20;882
1;2025-12-24;21;490
1;2025-12-24;22;242
1;2025-12-24;23;50
1;2025-12-25;0;5
1;2025-12-25;1;0
1;2025-12-25;2;0
1;2025-12-25;3;0
1;2025-12-25;4;8
1;2025-12-25;5;129
1;2025-12-25;6;536
1;2025-12-25;7;1499
1;2025-12-25;8;1899
1;2025-12-25;9;1474
1;2025-12-25;10;1326
1;2025-12-25;11;1364
1;2025-12-25;12;1394
1;2025-12-25;13;1434
1;2025-12-25;14;1385
1;2025-12-25;15;1536
1;2025-12-25;16;1535
1;2025-12-25;17;1770
1;2025-12-25;18;1774
1;2025-12-25;19;1353
1;2025-12-25;20;882
1;2025-12-25;21;497
1;2025-12-25;22;239
1;2025-12-25;23;55
1;2025-12-26;0;5
1;2025-12-26;1;0
1;2025-12-26;2;0
1;2025-12-26;3;0
1;2025-12-26;4;7
1;2025-12-26;5;132
1;2025-12-26;6;528
1;2025-12-26;7;1493
1;2025-12-26;8;1856
1;2025-12-26;9;1442
1;2025-12-26;10;1303
1;2025-12-26;11;1375
1;2025-12-26;12;1380
1;2025-12-26;13;1434
1;2025-12-26;14;1371
1;2025-12-26;15;1528
1;2025-12-26;16;1559
1;2025-12-26;17;1740
1;2025-12-26;18;1656
1;2025-12-26;19;1265
1;2025-12-26;20;841
1;2025-12-26;21;496
1;2025-12-26;22;241
1;2025-12-26;23;55
1;2025-12-27;0;8
1;2025-12-27;1;0
1;2025-12-27;2;0
1;2025-12-27;3;0
1;2025-12-27;4;0
1;2025-12-27;5;31
1;2025-12-27;6;169
1;2025-12-27;7;339
1;2025-12-27;8;463
1;2025-12-27;9;730
1;2025-12-27;10;837
1;2025-12-27;11;784
1;2025-12-27;12;987
1;2025-12-27;13;1013
1;2025-12-27;14;949
1;2025-12-27;15;831
1;2025-12-27;16;759
1;2025-12-27;17;700
1;2025-12-27;18;629
1;2025-12-27;19;570
1;2025-12-27;20;419
1;2025-12-27;21;303
1;2025-12-27;22;138
1;2025-12-27;23;35
1;2025-12-28;0;2
1;2025-12-28;1;0
1;2025-12-28;2;0
1;2025-12-28;3;0
1;2025-12-28;4;0
1;2025-12-28;5;25
1;2025-12-28;6;125
1;2025-12-28;7;242
1;2025-12-28;8;346
1;2025-12-28;9;569
1;2025-12-28;10;660
1;2025-12-28;11;649
1;2025-12-28;12;802
1;2025-12-28;13;842
1;2025-12-28;14;753
1;2025-12-28;15;689
1;2025-12-28;16;626
1;2025-12-28;17;575
1;2025-12-28;18;527
1;2025-12-28;19;446
1;2025-12-28;20;332
1;2025-12-28;21;252
1;2025-12-28;22;103
1;2025-12-28;23;33
1;2025-12-29;0;2
1;2025-12-29;1;0
1;2025-12-29;2;0
1;2025-12-29;3;0
1;2025-12-29;4;8
1;2025-12-29;5;131
1;2025-12-29;6;541
1;2025-12-29;7;1488
1;2025-12-29;8;1880
1;2025-12-29;9;1431
1;2025-12-29;10;1265
1;2025-12-29;11;1315
1;2025-12-29;12;1362
1;2025-12-29;13;1380
1;2025-12-29;14;1333
1;2025-12-29;15;1506
1;2025-12-29;16;1524
1;2025-12-29;17;1760
1;2025-12-29;18;1803
1;2025-12-29;19;1376
1;2025-12-29;20;871
1;2025-12-29;21;477
1;2025-12-29;22;224
1;2025-12-29;23;47
1;2025-12-30;0;4
1;2025-12-30;1;0
1;2025-12-30;2;0
1;2025-12-30;3;1
1;2025-12-30;4;8
1;2025-12-30;5;133
1;2025-12-30;6;549
1;2025-12-30;7;1537
1;2025-12-30;8;1913
1;2025-12-30;9;1486
1;2025-12-30;10;1333
1;2025-12-30;11;1365
1;2025-12-30;12;1383
1;2025-12-30;13;1425
1;2025-12-30;14;1360
1;2025-12-30;15;1508
1;2025-12-30;16;1518
1;2025-12-30;17;1763
1;2025-12-30;18;1783
1;2025-12-30;19;1380
1;2025-12-30;20;894
1;2025-12-30;21;490
1;2025-12-30;22;237
1;2025-12-30;23;49
1;2025-12-31;0;1
1;2025-12-31;1;0
1;2025-12-31;2;0
1;2025-12-31;3;0
1;2025-12-31;4;0
1;2025-12-31;5;25
1;2025-12-31;6;123
1;2025-12-31;7;237
1;2025-12-31;8;337
1;2025-12-31;9;552
1;2025-12-31;10;641
1;2025-12-31;11;618
1;2025-12-31;12;771
1;2025-12-31;13;818
1;2025-12-31;14;733
1;2025-12-31;15;678
1;2025-12-31;16;618
1;2025-12-31;17;566
1;2025-12-31;18;513
1;2025-12-31;19;439
1;2025-12-31;20;325
1;2025-12-31;21;251
1;2025-12-31;22;103
1;2025-12-31;23;33
5;2025-11-01;0;0
5;2025-11-01;1;0
5;2025-11-01;2;0
5;2025-11-01;3;0
5;2025-11-01;4;0
5;2025-11-01;5;0
5;2025-11-01;6;0
5;2025-11-01;7;0
5;2025-11-01;8;0
5;2025-11-01;9;0
5;2025-11-01;10;0
5;2025-11-01;11;0
5;2025-11-01;12;0
5;2025-11-01;13;0
5;2025-11-01;14;0
5;2025-11-01;15;0
5;2025-11-01;16;0
5;2025-11-01;17;0
5;2025-11-01;18;0
5;2025-11-01;19;0
5;2025-11-01;20;0
5;2025-11-01;21;0
5;2025-11-01;22;0
5;2025-11-01;23;0
5;2025-11-02;0;0
5;2025-11-02;1;0
5;2025-11-02;2;0
5;2025-11-02;3;0
5;2025-11-02;4;0
5;2025-11-02;5;0
5;2025-11-02;6;0
5;2025-11-02;7;0
5;2025-11-02;8;0
5;2025-11-02;9;0
5;2025-11-02;10;0
5;2025-11-02;11;0
5;2025-11-02;12;0
5;2025-11-02;13;0
5;2025-11-02;14;0
5;2025-11-02;15;0
5;2025-11-02;16;0
5;2025-11-02;17;0
5;2025-11-02;18;0
5;2025-11-02;19;0
5;2025-11-02;20;0
5;2025-11-02;21;0
5;2025-11-02;22;0
5;2025-11-02;23;0
5;2025-11-03;0;0
5;2025-11-03;1;0
5;2025-11-03;2;0
5;2025-11-03;3;0
5;2025-11-03;4;0
5;2025-11-03;5;0
5;2025-11-03;6;0
5;2025-11-03;7;0
5;2025-11-03;8;0
5;2025-11-03;9;0
5;2025-11-03;10;0
5;2025-11-03;11;0
5;2025-11-03;12;0
5;2025-11-03;13;0
5;2025-11-03;14;0
5;2025-11-03;15;0
5;2025-11-03;16;0
5;2025-11-03;17;0
5;2025-11-03;18;0
5;2025-11-03;19;0
5;2025-11-03;20;0
5;2025-11-03;21;0
5;2025-11-03;22;0
5;2025-11-03;23;0
5;2025-11-04;0;0
5;2025-11-04;1;0
5;2025-11-04;2;0
5;2025-11-04;3;0
5;2025-11-04;4;0
5;2025-11-04;5;0
5;2025-11-04;6;0
5;2025-11-04;7;0
5;2025-11-04;8;0
5;2025-11-04;9;0
5;2025-11-04;10;0
5;2025-11-04;11;0
5;2025-11-04;12;0
5;2025-11-04;13;0
5;2025-11-04;14;0
5;2025-11-04;15;0
5;2025-11-04;16;0
5;2025-11-04;17;0
5;2025-11-04;18;0
5;2025-11-04;19;0
5;2025-11-04;20;0
5;2025-11-04;21;0
5;2025-11-04;22;0
5;2025-11-04;23;0
5;2025-11-05;0;0
5;2025-11-05;1;0
5;2025-11-05;2;0
5;2025-11-05;3;0
5;2025-11-05;4;0
5;2025-11-05;5;0
5;2025-11-05;6;0
5;2025-11-05;7;0
5;2025-11-05;8;0
5;2025-11-05;9;0
5;2025-11-05;10;0
5;2025-11-05;11;0
5;2025-11-05;12;0
5;2025-11-05;13;0
5;2025-11-05;14;0
5;2025-11-05;15;0
5;2025-11-05;16;0
5;2025-11-05;17;0
5;2025-11-05;18;0
5;2025-11-05;19;0
5;2025-11-05;20;0
5;2025-11-05;21;0
5;2025-11-05;22;0
5;2025-11-05;23;0
5;2025-11-06;0;0
5;2025-11-06;1;0
5;2025-11-06;2;0
5;2025-11-06;3;0
5;2025-11-06;4;0
5;2025-11-06;5;0
5;2025-11-06;6;0
5;2025-11-06;7;0
5;2025-11-06;8;0
5;2025-11-06;9;0
5;2025-11-06;10;0
5;2025-11-06;11;0
5;2025-11-06;12;0
5;2025-11-06;13;0
5;2025-11-06;14;0
5;2025-11-06;15;0
5;2025-11-06;16;0
5;2025-11-06;17;0
5;2025-11-06;18;0
5;2025-11-06;19;0
5;2025-11-06;20;0
5;2025-11-06;21;0
5;2025-11-06;22;0
5;2025-11-06;23;0
5;2025-11-07;0;0
5;2025-11-07;1;0
5;2025-11-07;2;0
5;2025-11-07;3;0
5;2025-11-07;4;0
5;2025-11-07;5;0
5;2025-11-07;6;0
5;2025-11-07;7;0
5;2025-11-07;8;0
5;2025-11-07;9;0
5;2025-11-07;10;0
5;2025-11-07;11;0
5;2025-11-07;12;0
5;2025-11-07;13;0
5;2025-11-07;14;0
5;2025-11-07;15;0
5;2025-11-07;16;0
5;2025-11-07;17;0
5;2025-11-07;18;0
5;2025-11-07;19;0
5;2025-11-07;20;0
5;2025-11-07;21;0
5;2025-11-07;22;0
5;2025-11-07;23;0
5;2025-11-08;0;0
5;2025-11-08;1;0
5;2025-11-08;2;0
5;2025-11-08;3;0
5;2025-11-08;4;0
5;2025-11-08;5;0
5;2025-11-08;6;0
5;2025-11-08;7;0
5;2025-11-08;8;0
5;2025-11-08;9;0
5;2025-11-08;10;0
5;2025-11-08;11;0
5;2025-11-08;12;0
5;2025-11-08;13;0
5;2025-11-08;14;0
5;2025-11-08;15;0
5;2025-11-08;16;0
5;2025-11-08;17;0
5;2025-11-08;18;0
5;2025-11-08;19;0
5;2025-11-08;20;0
5;2025-11-08;21;0
5;2025-11-08;22;0
5;2025-11-08;23;0
5;2025-11-09;0;0
5;2025-11-09;1;0
5;2025-11-09;2;0
5;2025-11-09;3;0
5;2025-11-09;4;0
5;2025-11-09;5;0
5;2025-11-09;6;0
5;2025-11-09;7;0
5;2025-11-09;8;0
5;2025-11-09;9;0
5;2025-11-09;10;0
5;2025-11-09;11;0
5;2025-11-09;12;0
5;2025-11-09;13;0
5;2025-11-09;14;0
5;2025-11-09;15;0
5;2025-11-09;16;0
5;2025-11-09;17;0
5;2025-11-09;18;0
5;2025-11-09;19;0
5;2025-11-09;20;0
5;2025-11-09;21;0
5;2025-11-09;22;0
5;2025-11-09;23;0
5;2025-11-10;0;0
5;2025-11-10;1;0
5;2025-11-10;2;0
5;2025-11-10;3;0
5;2025-11-10;4;0
5;2025-11-10;5;0
5;2025-11-10;6;0
5;2025-11-10;7;0
5;2025-11-10;8;0
5;2025-11-10;9;0
5;2025-11-10;10;0
5;2025-11-10;11;0
5;2025-11-10;12;0
5;2025-11-10;13;0
5;2025-11-10;14;0
5;2025-11-10;15;0
5;2025-11-10;16;0
5;2025-11-10;17;0
5;2025-11-10;18;0
5;2025-11-10;19;0
5;2025-11-10;20;0
5;2025-11-10;21;0
5;2025-11-10;22;0
5;2025-11-10;23;0
5;2025-11-11;0;0
5;2025-11-11;1;0
5;2025-11-11;2;0
5;2025-11-11;3;0
5;2025-11-11;4;0
5;2025-11-11;5;0
5;2025-11-11;6;0
5;2025-11-11;7;0
5;2025-11-11;8;0
5;2025-11-11;9;0
5;2025-11-11;10;0
5;2025-11-11;11;0
5;2025-11-11;12;0
5;2025-11-11;13;0
5;2025-11-11;14;0
5;2025-11-11;15;0
5;2025-11-11;16;0
5;2025-11-11;17;0
5;2025-11-11;18;0
5;2025-11-11;19;0
5;2025-11-11;20;0
5;2025-11-11;21;0
5;2025-11-11;22;0
5;2025-11-11;23;0
5;2025-11-12;0;0
5;2025-11-12;1;0
5;2025-11-12;2;0
5;2025-11-12;3;0
5;2025-11-12;4;0
5;2025-11-12;5;0
5;2025-11-12;6;0
5;2025-11-12;7;0
5;2025-11-12;8;0
5;2025-11-12;9;0
5;2025-11-12;10;0
5;2025-11-12;11;0
5;2025-11-12;12;0
5;2025-11-12;13;0
5;2025-11-12;14;0
5;2025-11-12;15;0
5;2025-11-12;16;0
5;2025-11-12;17;0
5;2025-11-12;18;0
5;2025-11-12;19;0
5;2025-11-12;20;0
5;2025-11-12;21;0
5;2025-11-12;22;0
5;2025-11-12;23;0
5;2025-11-13;0;0
5;2025-11-13;1;0
5;2025-11-13;2;0
5;2025-11-13;3;0
5;2025-11-13;4;0
5;2025-11-13;5;0
5;2025-11-13;6;0
5;2025-11-13;7;0
5;2025-11-13;8;0
5;2025-11-13;9;0
5;2025-11-13;10;0
5;2025-11-13;11;0
5;2025-11-13;12;0
5;2025-11-13;13;0
5;2025-11-13;14;0
5;2025-11-13;15;0
5;2025-11-13;16;0
5;2025-11-13;17;0
5;2025-11-13;18;0
5;2025-11-13;19;0
5;2025-11-13;20;0
5;2025-11-13;21;0
5;2025-11-13;22;0
5;2025-11-13;23;0
5;2025-11-14;0;0
5;2025-11-14;1;0
5;2025-11-14;2;0
5;2025-11-14;3;0
5;2025-11-14;4;0
5;2025-11-14;5;0
5;2025-11-14;6;0
5;2025-11-14;7;0
5;2025-11-14;8;0
5;2025-11-14;9;0
5;2025-11-14;10;0
5;2025-11-14;11;0
5;2025-11-14;12;0
5;2025-11-14;13;0
5;2025-11-14;14;0
5;2025-11-14;15;0
5;2025-11-14;16;0
5;2025-11-14;17;0
5;2025-11-14;18;0
5;2025-11-14;19;0
5;2025-11-14;20;0
5;2025-11-14;21;0
5;2025-11-14;22;0
5;2025-11-14;23;0
5;2025-11-15;0;0
5;2025-11-15;1;0
5;2025-11-15;2;0
5;2025-11-15;3;0
5;2025-11-15;4;0
5;2025-11-15;5;0
5;2025-11-15;6;0
5;2025-11-15;7;0
5;2025-11-15;8;0
5;2025-11-15;9;0
5;2025-11-15;10;0
5;2025-11-15;11;0
5;2025-11-15;12;0
5;2025-11-15;13;0
5;2025-11-15;14;0
5;2025-11-15;15;0
5;2025-11-15;16;0
5;2025-11-15;17;0
5;2025-11-15;18;0
5;2025-11-15;19;0
5;2025-11-15;20;0
5;2025-11-15;21;0
5;2025-11-15;22;0
5;2025-11-15;23;0
5;2025-11-16;0;0
5;2025-11-16;1;0
5;2025-11-16;2;0
5;2025-11-16;3;0
5;2025-11-16;4;0
5;2025-11-16;5;0
5;2025-11-16;6;0
5;2025-11-16;7;0
5;2025-11-16;8;0
5;2025-11-16;9;0
5;2025-11-16;10;0
5;2025-11-16;11;0
5;2025-11-16;12;0
5;2025-11-16;13;0
5;2025-11-16;14;0
5;2025-11-16;15;0
5;2025-11-16;16;0
5;2025-11-16;17;0
5;2025-11-16;18;0
5;2025-11-16;19;0
5;2025-11-16;20;0
5;2025-11-16;21;0
5;2025-11-16;22;0
5;2025-11-16;23;0
5;2025-11-17;0;0
5;2025-11-17;1;0
5;2025-11-17;2;0
5;2025-11-17;3;0
5;2025-11-17;4;0
5;2025-11-17;5;0
5;2025-11-17;6;0
5;2025-11-17;7;0
5;2025-11-17;8;0
5;2025-11-17;9;0
5;2025-11-17;10;0
5;2025-11-17;11;0
5;2025-11-17;12;0
5;2025-11-17;13;0
5;2025-11-17;14;0
5;2025-11-17;15;0
5;2025-11-17;16;0
5;2025-11-17;17;0
5;2025-11-17;18;0
5;2025-11-17;19;0
5;2025-11-17;20;0
5;2025-11-17;21;0
5;2025-11-17;22;0
5;2025-11-17;23;0
5;2025-11-18;0;0
5;2025-11-18;1;0
5;2025-11-18;2;0
5;2025-11-18;3;0
5;2025-11-18;4;0
5;2025-11-18;5;0
5;2025-11-18;6;0
5;2025-11-18;7;0
5;2025-11-18;8;0
5;2025-11-18;9;0
5;2025-11-18;10;0
5;2025-11-18;11;0
5;2025-11-18;12;0
5;2025-11-18;13;0
5;2025-11-18;14;0
5;2025-11-18;15;0
5;2025-11-18;16;0
5;2025-11-18;17;0
5;2025-11-18;18;0
5;2025-11-18;19;0
5;2025-11-18;20;0
5;2025-11-18;21;0
5;2025-11-18;22;0
5;2025-11-18;23;0
5;2025-11-19;0;0
5;2025-11-19;1;0
5;2025-11-19;2;0
5;2025-11-19;3;0
5;2025-11-19;4;0
5;2025-11-19;5;0
5;2025-11-19;6;0
5;2025-11-19;7;0
5;2025-11-19;8;0
5;2025-11-19;9;0
5;2025-11-19;10;0
5;2025-11-19;11;0
5;2025-11-19;12;0
5;2025-11-19;13;0
5;2025-11-19;14;0
5;2025-11-19;15;0
5;2025-11-19;16;0
5;2025-11-19;17;0
5;2025-11-19;18;0
5;2025-11-19;19;0
5;2025-11-19;20;0
5;2025-11-19;21;0
5;2025-11-19;22;0
5;2025-11-19;23;0
5;2025-11-20;0;0
5;2025-11-20;1;0
5;2025-11-20;2;0
5;2025-11-20;3;0
5;2025-11-20;4;0
5;2025-11-20;5;0
5;2025-11-20;6;0
5;2025-11-20;7;0
5;2025-11-20;8;0
5;2025-11-20;9;0
5;2025-11-20;10;0
5;2025-11-20;11;0
5;2025-11-20;12;0
5;2025-11-20;13;0
5;2025-11-20;14;0
5;2025-11-20;15;0
5;2025-11-20;16;0
5;2025-11-20;17;0
5;2025-11-20;18;0
5;2025-11-20;19;0
5;2025-11-20;20;0
5;2025-11-20;21;0
5;2025-11-20;22;0
5;2025-11-20;23;0
5;2025-11-21;0;0
5;2025-11-21;1;0
5;2025-11-21;2;0
5;2025-11-21;3;0
5;2025-11-21;4;0
5;2025-11-21;5;0
5;2025-11-21;6;0
5;2025-11-21;7;0
5;2025-11-21;8;0
5;2025-11-21;9;0
5;2025-11-21;10;0
5;2025-11-21;11;0
5;2025-11-21;12;0
5;2025-11-21;13;0
5;2025-11-21;14;0
5;2025-11-21;15;0
5;2025-11-21;16;0
5;2025-11-21;17;0
5;2025-11-21;18;0
5;2025-11-21;19;0
5;2025-11-21;20;0
5;2025-11-21;21;0
5;2025-11-21;22;0
5;2025-11-21;23;0
5;2025-11-22;0;0
5;2025-11-22;1;0
5;2025-11-22;2;0
5;2025-11-22;3;0
5;2025-11-22;4;0
5;2025-11-22;5;0
5;2025-11-22;6;0
5;2025-11-22;7;0
5;2025-11-22;8;0
5;2025-11-22;9;0
5;2025-11-22;10;0
5;2025-11-22;11;0
5;2025-11-22;12;0
5;2025-11-22;13;0
5;2025-11-22;14;0
5;2025-11-22;15;0
5;2025-11-22;16;0
5;2025-11-22;17;0
5;2025-11-22;18;0
5;2025-11-22;19;0
5;2025-11-22;20;0
5;2025-11-22;21;0
5;2025-11-22;22;0
5;2025-11-22;23;0
5;2025-11-23;0;0
5;2025-11-23;1;0
5;2025-11-23;2;0
5;2025-11-23;3;0
5;2025-11-23;4;0
5;2025-11-23;5;0
5;2025-11-23;6;0
5;2025-11-23;7;0
5;2025-11-23;8;0
5;2025-11-23;9;0
5;2025-11-23;10;0
5;2025-11-23;11;0
5;2025-11-23;12;0
5;2025-11-23;13;0
5;2025-11-23;14;0
5;2025-11-23;15;0
5;2025-11-23;16;0
5;2025-11-23;17;0
5;2025-11-23;18;0
5;2025-11-23;19;0
5;2025-11-23;20;0
5;2025-11-23;21;0
5;2025-11-23;22;0
5;2025-11-23;23;0
5;2025-11-24;0;0
5;2025-11-24;1;0
5;2025-11-24;2;0
5;2025-11-24;3;0
5;2025-11-24;4;0
5;2025-11-24;5;0
5;2025-11-24;6;0
5;2025-11-24;7;0
5;2025-11-24;8;0
5;2025-11-24;9;0
5;2025-11-24;10;0
5;2025-11-24;11;0
5;2025-11-24;12;0
5;2025-11-24;13;0
5;2025-11-24;14;0
5;2025-11-24;15;0
5;2025-11-24;16;0
5;2025-11-24;17;0
5;2025-11-24;18;0
5;2025-11-24;19;0
5;2025-11-24;20;0
5;2025-11-24;21;0
5;2025-11-24;22;0
5;2025-11-24;23;0
5;2025-11-25;0;0
5;2025-11-25;1;0
5;2025-11-25;2;0
5;2025-11-25;3;0
5;2025-11-25;4;0
5;2025-11-25;5;0
5;2025-11-25;6;0
5;2025-11-25;7;0
5;2025-11-25;8;0
5;2025-11-25;9;0
5;2025-11-25;10;0
5;2025-11-25;11;0
5;2025-11-25;12;0
5;2025-11-25;13;0
5;2025-11-25;14;0
5;2025-11-25;15;0
5;2025-11-25;16;0
5;2025-11-25;17;0
5;2025-11-25;18;0
5;2025-11-25;19;0
5;2025-11-25;20;0
5;2025-11-25;21;0
5;2025-11-25;22;0
5;2025-11-25;23;0
5;2025-11-26;0;0
5;2025-11-26;1;0
5;2025-11-26;2;0
5;2025-11-26;3;0
5;2025-11-26;4;0
5;2025-11-26;5;0
5;2025-11-26;6;0
5;2025-11-26;7;0
5;2025-11-26;8;0
5;2025-11-26;9;0
5;2025-11-26;10;0
5;2025-11-26;11;0
5;2025-11-26;12;0
5;2025-11-26;13;0
5;2025-11-26;14;0
5;2025-11-26;15;0
5;2025-11-26;16;0
5;2025-11-26;17;0
5;2025-11-26;18;0
5;2025-11-26;19;0
5;2025-11-26;20;0
5;2025-11-26;21;0
5;2025-11-26;22;0
5;2025-11-26;23;0
5;2025-11-27;0;0
5;2025-11-27;1;0
5;2025-11-27;2;0
5;2025-11-27;3;0
5;2025-11-27;4;0
5;2025-11-27;5;0
5;2025-11-27;6;0
5;2025-11-27;7;0
5;2025-11-27;8;0
5;2025-11-27;9;0
5;2025-11-27;10;0
5;2025-11-27;11;0
5;2025-11-27;12;0
5;2025-11-27;13;0
5;2025-11-27;14;0
5;2025-11-27;15;0
5;2025-11-27;16;0
5;2025-11-27;17;0
5;2025-11-27;18;0
5;2025-11-27;19;0
5;2025-11-27;20;0
5;2025-11-27;21;0
5;2025-11-27;22;0
5;2025-11-27;23;0
5;2025-11-28;0;0
5;2025-11-28;1;0
5;2025-11-28;2;0
5;2025-11-28;3;0
5;2025-11-28;4;0
5;2025-11-28;5;0
5;2025-11-28;6;0
5;2025-11-28;7;0
5;2025-11-28;8;0
5;2025-11-28;9;0
5;2025-11-28;10;0
5;2025-11-28;11;0
5;2025-11-28;12;0
5;2025-11-28;13;0
5;2025-11-28;14;0
5;2025-11-28;15;0
5;2025-11-28;16;0
5;2025-11-28;17;0
5;2025-11-28;18;0
5;2025-11-28;19;0
5;2025-11-28;20;0
5;2025-11-28;21;0
5;2025-11-28;22;0
5;2025-11-28;23;0
5;2025-11-29;0;0
5;2025-11-29;1;0
5;2025-11-29;2;0
5;2025-11-29;3;0
5;2025-11-29;4;0
5;2025-11-29;5;0
5;2025-11-29;6;0
5;2025-11-29;7;0
5;2025-11-29;8;0
5;2025-11-29;9;0
5;2025-11-29;10;0
5;2025-11-29;11;0
5;2025-11-29;12;0
5;2025-11-29;13;0
5;2025-11-29;14;0
5;2025-11-29;15;0
5;2025-11-29;16;0
5;2025-11-29;17;0
5;2025-11-29;18;0
5;2025-11-29;19;0
5;2025-11-29;20;0
5;2025-11-29;21;0
5;2025-11-29;22;0
5;2025-11-29;23;0
5;2025-11-30;0;0
5;2025-11-30;1;0
5;2025-11-30;2;0
5;2025-11-30;3;0
5;2025-11-30;4;0
5;2025-11-30;5;0
5;2025-11-30;6;0
5;2025-11-30;7;0
5;2025-11-30;8;0
5;2025-11-30;9;0
5;2025-11-30;10;0
5;2025-11-30;11;0
5;2025-11-30;12;0
5;2025-11-30;13;0
5;2025-11-30;14;0
5;2025-11-30;15;0
5;2025-11-30;16;0
5;2025-11-30;17;0
5;2025-11-30;18;0
5;2025-11-30;19;0
5;2025-11-30;20;0
5;2025-11-30;21;0
5;2025-11-30;22;0
5;2025-11-30;23;0
5;2025-12-01;0;0
5;2025-12-01;1;0
5;2025-12-01;2;0
5;2025-12-01;3;0
5;2025-12-01;4;0
5;2025-12-01;5;0
5;2025-12-01;6;0
5;2025-12-01;7;0
5;2025-12-01;8;0
5;2025-12-01;9;0
5;2025-12-01;10;0
5;2025-12-01;11;0
5;2025-12-01;12;0
5;2025-12-01;13;0
5;2025-12-01;14;0
5;2025-12-01;15;0
5;2025-12-01;16;0
5;2025-12-01;17;0
5;2025-12-01;18;0
5;2025-12-01;19;0
5;2025-12-01;20;0
5;2025-12-01;21;0
5;2025-12-01;22;0
5;2025-12-01;23;0
5;2025-12-02;0;0
5;2025-12-02;1;0
5;2025-12-02;2;0
5;2025-12-02;3;0
5;2025-12-02;4;0
5;2025-12-02;5;0
5;2025-12-02;6;0
5;2025-12-02;7;0
5;2025-12-02;8;0
5;2025-12-02;9;0
5;2025-12-02;10;0
5;2025-12-02;11;0
5;2025-12-02;12;0
5;2025-12-02;13;0
5;2025-12-02;14;0
5;2025-12-02;15;0
5;2025-12-02;16;0
5;2025-12-02;17;0
5;2025-12-02;18;0
5;2025-12-02;19;0
5;2025-12-02;20;0
5;2025-12-02;21;0
5;2025-12-02;22;0
5;2025-12-02;23;0
5;2025-12-03;0;0
5;2025-12-03;1;0
5;2025-12-03;2;0
5;2025-12-03;3;0
5;2025-12-03;4;0
5;2025-12-03;5;0
5;2025-12-03;6;0
5;2025-12-03;7;0
5;2025-12-03;8;0
5;2025-12-03;9;0
5;2025-12-03;10;0
5;2025-12-03;11;0
5;2025-12-03;12;0
5;2025-12-03;13;0
5;2025-12-03;14;0
5;2025-12-03;15;0
5;2025-12-03;16;0
5;2025-12-03;17;0
5;2025-12-03;18;0
5;2025-12-03;19;0
5;2025-12-03;20;0
5;2025-12-03;21;0
5;2025-12-03;22;0
5;2025-12-03;23;0
5;2025-12-04;0;0
5;2025-12-04;1;0
5;2025-12-04;2;0
5;2025-12-04;3;0
5;2025-12-04;4;0
5;2025-12-04;5;0
5;2025-12-04;6;0
5;2025-12-04;7;0
5;2025-12-04;8;0
5;2025-12-04;9;0
5;2025-12-04;10;0
5;2025-12-04;11;0
5;2025-12-04;12;0
5;2025-12-04;13;0
5;2025-12-04;14;0
5;2025-12-04;15;0
5;2025-12-04;16;0
5;2025-12-04;17;0
5;2025-12-04;18;0
5;2025-12-04;19;0
5;2025-12-04;20;0
5;2025-12-04;21;0
5;2025-12-04;22;0
5;2025-12-04;23;0
5;2025-12-05;0;0
5;2025-12-05;1;0
5;2025-12-05;2;0
5;2025-12-05;3;0
5;2025-12-05;4;0
5;2025-12-05;5;0
5;2025-12-05;6;0
5;2025-12-05;7;0
5;2025-12-05;8;0
5;2025-12-05;9;0
5;2025-12-05;10;0
5;2025-12-05;11;0
5;2025-12-05;12;0
5;2025-12-05;13;0
5;2025-12-05;14;0
5;2025-12-05;15;0
5;2025-12-05;16;0
5;2025-12-05;17;0
5;2025-12-05;18;0
5;2025-12-05;19;0
5;2025-12-05;20;0
5;2025-12-05;21;0
5;2025-12-05;22;0
5;2025-12-05;23;0
5;2025-12-06;0;0
5;2025-12-06;1;0
5;2025-12-06;2;0
5;2025-12-06;3;0
5;2025-12-06;4;0
5;2025-12-06;5;0
5;2025-12-06;6;0
5;2025-12-06;7;0
5;2025-12-06;8;0
5;2025-12-06;9;0
5;2025-12-06;10;0
5;2025-12-06;11;0
5;2025-12-06;12;0
5;2025-12-06;13;0
5;2025-12-06;14;0
5;2025-12-06;15;0
5;2025-12-06;16;0
5;2025-12-06;17;0
5;2025-12-06;18;0
5;2025-12-06;19;0
5;2025-12-06;20;0
5;2025-12-06;21;0
5;2025-12-06;22;0
5;2025-12-06;23;0
5;2025-12-07;0;0
5;2025-12-07;1;0
5;2025-12-07;2;0
5;2025-12-07;3;0
5;2025-12-07;4;0
5;2025-12-07;5;0
5;2025-12-07;6;0
5;2025-12-07;7;0
5;2025-12-07;8;0
5;2025-12-07;9;0
5;2025-12-07;10;0
5;2025-12-07;11;0
5;2025-12-07;12;0
5;2025-12-07;13;0
5;2025-12-07;14;0
5;2025-12-07;15;0
5;2025-12-07;16;0
5;2025-12-07;17;0
5;2025-12-07;18;0
5;2025-12-07;19;0
5;2025-12-07;20;0
5;2025-12-07;21;0
5;2025-12-07;22;0
5;2025-12-07;23;0
5;2025-12-08;0;0
5;2025-12-08;1;0
5;2025-12-08;2;0
5;2025-12-08;3;0
5;2025-12-08;4;0
5;2025-12-08;5;0
5;2025-12-08;6;0
5;2025-12-08;7;0
5;2025-12-08;8;0
5;2025-12-08;9;0
5;2025-12-08;10;0
5;2025-12-08;11;0
5;2025-12-08;12;0
5;2025-12-08;13;0
5;2025-12-08;14;0
5;2025-12-08;15;0
5;2025-12-08;16;0
5;2025-12-08;17;0
5;2025-12-08;18;0
5;2025-12-08;19;0
5;2025-12-08;20;0
5;2025-12-08;21;0
5;2025-12-08;22;0
5;2025-12-08;23;0
5;2025-12-09;0;0
5;2025-12-09;1;0
5;2025-12-09;2;0
5;2025-12-09;3;0
5;2025-12-09;4;0
5;2025-12-09;5;0
5;2025-12-09;6;0
5;2025-12-09;7;0
5;2025-12-09;8;0
5;2025-12-09;9;0
5;2025-12-09;10;0
5;2025-12-09;11;0
5;2025-12-09;12;0
5;2025-12-09;13;0
5;2025-12-09;14;0
5;2025-12-09;15;0
5;2025-12-09;16;0
5;2025-12-09;17;0
5;2025-12-09;18;0
5;2025-12-09;19;0
5;2025-12-09;20;0
5;2025-12-09;21;0
5;2025-12-09;22;0
5;2025-12-09;23;0
5;2025-12-10;0;0
5;2025-12-10;1;0
5;2025-12-10;2;0
5;2025-12-10;3;0
5;2025-12-10;4;0
5;2025-12-10;5;0
5;2025-12-10;6;0
5;2025-12-10;7;0
5;2025-12-10;8;0
5;2025-12-10;9;0
5;2025-12-10;10;0
5;2025-12-10;11;0
5;2025-12-10;12;0
5;2025-12-10;13;0
5;2025-12-10;14;0
5;2025-12-10;15;0
5;2025-12-10;16;0
5;2025-12-10;17;0
5;2025-12-10;18;0
5;2025-12-10;19;0
5;2025-12-10;20;0
5;2025-12-10;21;0
5;2025-12-10;22;0
5;2025-12-10;23;0
5;2025-12-11;0;0
5;2025-12-11;1;0
5;2025-12-11;2;0
5;2025-12-11;3;0
5;2025-12-11;4;0
5;2025-12-11;5;0
5;2025-12-11;6;0
5;2025-12-11;7;0
5;2025-12-11;8;0
5;2025-12-11;9;0
5;2025-12-11;10;0
5;2025-12-11;11;0
5;2025-12-11;12;0
5;2025-12-11;13;0
5;2025-12-11;14;0
5;2025-12-11;15;0
5;2025-12-11;16;0
5;2025-12-11;17;0
5;2025-12-11;18;0
5;2025-12-11;19;0
5;2025-12-11;20;0
5;2025-12-11;21;0
5;2025-12-11;22;0
5;2025-12-11;23;0
5;2025-12-12;0;0
5;2025-12-12;1;0
5;2025-12-12;2;0
5;2025-12-12;3;0
5;2025-12-12;4;0
5;2025-12-12;5;0
5;2025-12-12;6;0
5;2025-12-12;7;0
5;2025-12-12;8;0
5;2025-12-12;9;0
5;2025-12-12;10;0
5;2025-12-12;11;0
5;2025-12-12;12;0
5;2025-12-12;13;0
5;2025-12-12;14;0
5;2025-12-12;15;0
5;2025-12-12;16;0
5;2025-12-12;17;0
5;2025-12-12;18;0
5;2025-12-12;19;0
5;2025-12-12;20;0
5;2025-12-12;21;0
5;2025-12-12;22;0
5;2025-12-12;23;0
5;2025-12-13;0;0
5;2025-12-13;1;0
5;2025-12-13;2;0
5;2025-12-13;3;0
5;2025-12-13;4;0
5;2025-12-13;5;0
5;2025-12-13;6;0
5;2025-12-13;7;0
5;2025-12-13;8;0
5;2025-12-13;9;0
5;2025-12-13;10;0
5;2025-12-13;11;0
5;2025-12-13;12;0
5;2025-12-13;13;0
5;2025-12-13;14;0
5;2025-12-13;15;0
5;2025-12-13;16;0
5;2025-12-13;17;0
5;2025-12-13;18;0
5;2025-12-13;19;0
5;2025-12-13;20;0
5;2025-12-13;21;0
5;2025-12-13;22;0
5;2025-12-13;23;0
5;2025-12-14;0;0
5;2025-12-14;1;0
5;2025-12-14;2;0
5;2025-12-14;3;0
5;2025-12-14;4;0
5;2025-12-14;5;0
5;2025-12-14;6;0
5;2025-12-14;7;0
5;2025-12-14;8;0
5;2025-12-14;9;0
5;2025-12-14;10;0
5;2025-12-14;11;0
5;2025-12-14;12;0
5;2025-12-14;13;0
5;2025-12-14;14;0
5;2025-12-14;15;0
5;2025-12-14;16;0
5;2025-12-14;17;0
5;2025-12-14;18;0
5;2025-12-14;19;0
5;2025-12-14;20;0
5;2025-12-14;21;0
5;2025-12-14;22;0
5;2025-12-14;23;0
5;2025-12-15;0;0
5;2025-12-15;1;0
5;2025-12-15;2;0
5;2025-12-15;3;0
5;2025-12-15;4;0
5;2025-12-15;5;0
5;2025-12-15;6;0
5;2025-12-15;7;0
5;2025-12-15;8;0
5;2025-12-15;9;0
5;2025-12-15;10;0
5;2025-12-15;11;0
5;2025-12-15;12;0
5;2025-12-15;13;0
5;2025-12-15;14;0
5;2025-12-15;15;0
5;2025-12-15;16;0
5;2025-12-15;17;0
5;2025-12-15;18;0
5;2025-12-15;19;0
5;2025-12-15;20;0
5;2025-12-15;21;0
5;2025-12-15;22;0
5;2025-12-15;23;0
5;2025-12-16;0;0
5;2025-12-16;1;0
5;2025-12-16;2;0
5;2025-12-16;3;0
5;2025-12-16;4;0
5;2025-12-16;5;0
5;2025-12-16;6;0
5;2025-12-16;7;0
5;2025-12-16;8;0
5;2025-12-16;9;0
5;2025-12-16;10;0
5;2025-12-16;11;0
5;2025-12-16;12;0
5;2025-12-16;13;0
5;2025-12-16;14;0
5;2025-12-16;15;0
5;2025-12-16;16;0
5;2025-12-16;17;0
5;2025-12-16;18;0
5;2025-12-16;19;0
5;2025-12-16;20;0
5;2025-12-16;21;0
5;2025-12-16;22;0
5;2025-12-16;23;0
5;2025-12-17;0;0
5;2025-12-17;1;0
5;2025-12-17;2;0
5;2025-12-17;3;0
5;2025-12-17;4;0
5;2025-12-17;5;0
5;2025-12-17;6;0
5;2025-12-17;7;0
5;2025-12-17;8;0
5;2025-12-17;9;0
5;2025-12-17;10;0
5;2025-12-17;11;0
5;2025-12-17;12;0
5;2025-12-17;13;0
5;2025-12-17;14;0
5;2025-12-17;15;0
5;2025-12-17;16;0
5;2025-12-17;17;0
5;2025-12-17;18;0
5;2025-12-17;19;0
5;2025-12-17;20;0
5;2025-12-17;21;0
5;2025-12-17;22;0
5;2025-12-17;23;0
5;2025-12-18;0;0
5;2025-12-18;1;0
5;2025-12-18;2;0
5;2025-12-18;3;0
5;2025-12-18;4;0
5;2025-12-18;5;0
5;2025-12-18;6;0
5;2025-12-18;7;0
5;2025-12-18;8;0
5;2025-12-18;9;0
5;2025-12-18;10;0
5;2025-12-18;11;0
5;2025-12-18;12;0
5;2025-12-18;13;0
5;2025-12-18;14;0
5;2025-12-18;15;0
5;2025-12-18;16;0
5;2025-12-18;17;0
5;2025-12-18;18;0
5;2025-12-18;19;0
5;2025-12-18;20;0
5;2025-12-18;21;0
5;2025-12-18;22;0
5;2025-12-18;23;0
5;2025-12-19;0;0
5;2025-12-19;1;0
5;2025-12-19;2;0
5;2025-12-19;3;0
5;2025-12-19;4;0
5;2025-12-19;5;0
5;2025-12-19;6;0
5;2025-12-19;7;0
5;2025-12-19;8;0
5;2025-12-19;9;0
5;2025-12-19;10;0
5;2025-12-19;11;0
5;2025-12-19;12;0
5;2025-12-19;13;0
5;2025-12-19;14;0
5;2025-12-19;15;0
5;2025-12-19;16;0
5;2025-12-19;17;0
5;2025-12-19;18;0
5;2025-12-19;19;0
5;2025-12-19;20;0
5;2025-12-19;21;0
5;2025-12-19;22;0
5;2025-12-19;23;0
5;2025-12-20;0;0
5;2025-12-20;1;0
5;2025-12-20;2;0
5;2025-12-20;3;0
5;2025-12-20;4;0
5;2025-12-20;5;0
5;2025-12-20;6;0
5;2025-12-20;7;0
5;2025-12-20;8;0
5;2025-12-20;9;0
5;2025-12-20;10;0
5;2025-12-20;11;0
5;2025-12-20;12;0
5;2025-12-20;13;0
5;2025-12-20;14;0
5;2025-12-20;15;0
5;2025-12-20;16;0
5;2025-12-20;17;0
5;2025-12-20;18;0
5;2025-12-20;19;0
5;2025-12-20;20;0
5;2025-12-20;21;0
5;2025-12-20;22;0
5;2025-12-20;23;0
5;2025-12-21;0;0
5;2025-12-21;1;0
5;2025-12-21;2;0
5;2025-12-21;3;0
5;2025-12-21;4;0
5;2025-12-21;5;0
5;2025-12-21;6;0
5;2025-12-21;7;0
5;2025-12-21;8;0
5;2025-12-21;9;0
5;2025-12-21;10;0
5;2025-12-21;11;0
5;2025-12-21;12;0
5;2025-12-21;13;0
5;2025-12-21;14;0
5;2025-12-21;15;0
5;2025-12-21;16;0
5;2025-12-21;17;0
5;2025-12-21;18;0
5;2025-12-21;19;0
5;2025-12-21;20;0
5;2025-12-21;21;0
5;2025-12-21;22;0
5;2025-12-21;23;0
5;2025-12-22;0;0
5;2025-12-22;1;0
5;2025-12-22;2;0
5;2025-12-22;3;0
5;2025-12-22;4;0
5;2025-12-22;5;0
5;2025-12-22;6;0
5;2025-12-22;7;0
5;2025-12-22;8;0
5;2025-12-22;9;0
5;2025-12-22;10;0
5;2025-12-22;11;0
5;2025-12-22;12;0
5;2025-12-22;13;0
5;2025-12-22;14;0
5;2025-12-22;15;0
5;2025-12-22;16;0
5;2025-12-22;17;0
5;2025-12-22;18;0
5;2025-12-22;19;0
5;2025-12-22;20;0
5;2025-12-22;21;0
5;2025-12-22;22;0
5;2025-12-22;23;0
5;2025-12-23;0;0
5;2025-12-23;1;0
5;2025-12-23;2;0
5;2025-12-23;3;0
5;2025-12-23;4;0
5;2025-12-23;5;0
5;2025-12-23;6;0
5;2025-12-23;7;0
5;2025-12-23;8;0
5;2025-12-23;9;0
5;2025-12-23;10;0
5;2025-12-23;11;0
5;2025-12-23;12;0
5;2025-12-23;13;0
5;2025-12-23;14;0
5;2025-12-23;15;0
5;2025-12-23;16;0
5;2025-12-23;17;0
5;2025-12-23;18;0
5;2025-12-23;19;0
5;2025-12-23;20;0
5;2025-12-23;21;0
5;2025-12-23;22;0
5;2025-12-23;23;0
5;2025-12-24;0;0
5;2025-12-24;1;0
5;2025-12-24;2;0
5;2025-12-24;3;0
5;2025-12-24;4;0
5;2025-12-24;5;0
5;2025-12-24;6;0
5;2025-12-24;7;0
5;2025-12-24;8;0
5;2025-12-24;9;0
5;2025-12-24;10;0
5;2025-12-24;11;0
5;2025-12-24;12;0
5;2025-12-24;13;0
5;2025-12-24;14;0
5;2025-12-24;15;0
5;2025-12-24;16;0
5;2025-12-24;17;0
5;2025-12-24;18;0
5;2025-12-24;19;0
5;2025-12-24;20;0
5;2025-12-24;21;0
5;2025-12-24;22;0
5;2025-12-24;23;0
5;2025-12-25;0;0
5;2025-12-25;1;0
5;2025-12-25;2;0
5;2025-12-25;3;0
5;2025-12-25;4;0
5;2025-12-25;5;0
5;2025-12-25;6;0
5;2025-12-25;7;0
5;2025-12-25;8;0
5;2025-12-25;9;0
5;2025-12-25;10;0
5;2025-12-25;11;0
5;2025-12-25;12;0
5;2025-12-25;13;0
5;2025-12-25;14;0
5;2025-12-25;15;0
5;2025-12-25;16;0
5;2025-12-25;17;0
5;2025-12-25;18;0
5;2025-12-25;19;0
5;2025-12-25;20;0
5;2025-12-25;21;0
5;2025-12-25;22;0
5;2025-12-25;23;0
5;2025-12-26;0;0
5;2025-12-26;1;0
5;2025-12-26;2;0
5;2025-12-26;3;0
5;2025-12-26;4;0
5;2025-12-26;5;0
5;2025-12-26;6;0
5;2025-12-26;7;0
5;2025-12-26;8;0
5;2025-12-26;9;0
5;2025-12-26;10;0
5;2025-12-26;11;0
5;2025-12-26;12;0
5;2025-12-26;13;0
5;2025-12-26;14;0
5;2025-12-26;15;0
5;2025-12-26;16;0
5;2025-12-26;17;0
5;2025-12-26;18;0
5;2025-12-26;19;0
5;2025-12-26;20;0
5;2025-12-26;21;0
5;2025-12-26;22;0
5;2025-12-26;23;0
5;2025-12-27;0;0
5;2025-12-27;1;0
5;2025-12-27;2;0
5;2025-12-27;3;0
5;2025-12-27;4;0
5;2025-12-27;5;0
5;2025-12-27;6;0
5;2025-12-27;7;0
5;2025-12-27;8;0
5;2025-12-27;9;0
5;2025-12-27;10;0
5;2025-12-27;11;0
5;2025-12-27;12;0
5;2025-12-27;13;0
5;2025-12-27;14;0
5;2025-12-27;15;0
5;2025-12-27;16;0
5;2025-12-27;17;0
5;2025-12-27;18;0
5;2025-12-27;19;0
5;2025-12-27;20;0
5;2025-12-27;21;0
5;2025-12-27;22;0
5;2025-12-27;23;0
5;2025-12-28;0;0
5;2025-12-28;1;0
5;2025-12-28;2;0
5;2025-12-28;3;0
5;2025-12-28;4;0
5;2025-12-28;5;0
5;2025-12-28;6;0
5;2025-12-28;7;0
5;2025-12-28;8;0
5;2025-12-28;9;0
5;2025-12-28;10;0
5;2025-12-28;11;0
5;2025-12-28;12;0
5;2025-12-28;13;0
5;2025-12-28;14;0
5;2025-12-28;15;0
5;2025-12-28;16;0
5;2025-12-28;17;0
5;2025-12-28;18;0
5;2025-12-28;19;0
5;2025-12-28;20;0
5;2025-12-28;21;0
5;2025-12-28;22;0
5;2025-12-28;23;0
5;2025-12-29;0;0
5;2025-12-29;1;0
5;2025-12-29;2;0
5;2025-12-29;3;0
5;2025-12-29;4;0
5;2025-12-29;5;0
5;2025-12-29;6;0
5;2025-12-29;7;0
5;2025-12-29;8;0
5;2025-12-29;9;0
5;2025-12-29;10;0
5;2025-12-29;11;0
5;2025-12-29;12;0
5;2025-12-29;13;0
5;2025-12-29;14;0
5;2025-12-29;15;0
5;2025-12-29;16;0
5;2025-12-29;17;0
5;2025-12-29;18;0
5;2025-12-29;19;0
5;2025-12-29;20;0
5;2025-12-29;21;0
5;2025-12-29;22;0
5;2025-12-29;23;0
5;2025-12-30;0;0
5;2025-12-30;1;0
5;2025-12-30;2;0
5;2025-12-30;3;0
5;2025-12-30;4;0
5;2025-12-30;5;0
5;2025-12-30;6;0
5;2025-12-30;7;0
5;2025-12-30;8;0
5;2025-12-30;9;0
5;2025-12-30;10;0
5;2025-12-30;11;0
5;2025-12-30;12;0
5;2025-12-30;13;0
5;2025-12-30;14;0
5;2025-12-30;15;0
5;2025-12-30;16;0
5;2025-12-30;17;0
5;2025-12-30;18;0
5;2025-12-30;19;0
5;2025-12-30;20;0
5;2025-12-30;21;0
5;2025-12-30;22;0
5;2025-12-30;23;0
5;2025-12-31;0;0
5;2025-12-31;1;0
5;2025-12-31;2;0
5;2025-12-31;3;0
5;2025-12-31;4;0
5;2025-12-31;5;0
5;2025-12-31;6;0
5;2025-12-31;7;0
5;2025-12-31;8;0
5;2025-12-31;9;0
5;2025-12-31;10;0
5;2025-12-31;11;0
5;2025-12-31;12;0
5;2025-12-31;13;0
5;2025-12-31;14;0
5;2025-12-31;15;0
5;2025-12-31;16;0
5;2025-12-31;17;0
5;2025-12-31;18;0
5;2025-12-31;19;0
5;2025-12-31;20;0
5;2025-12-31;21;0
5;2025-12-31;22;0
5;2025-12-31;23;0
7;2025-11-01;0;64
7;2025-11-01;1;13
7;2025-11-01;2;0
7;2025-11-01;3;0
7;2025-11-01;4;2
7;2025-11-01;5;200
7;2025-11-01;6;735
7;2025-11-01;7;1693
7;2025-11-01;8;2565
7;2025-11-01;9;1930
7;2025-11-01;10;1676
7;2025-11-01;11;1517
7;2025-11-01;12;1620
7;2025-11-01;13;1612
7;2025-11-01;14;1697
7;2025-11-01;15;1829
7;2025-11-01;16;1964
7;2025-11-01;17;2431
7;2025-11-01;18;2580
7;2025-11-01;19;1754
7;2025-11-01;20;1109
7;2025-11-01;21;650
7;2025-11-01;22;335
7;2025-11-01;23;198
7;2025-11-02;0;95
7;2025-11-02;1;20
7;2025-11-02;2;1
7;2025-11-02;3;1
7;2025-11-02;4;0
7;2025-11-02;5;33
7;2025-11-02;6;188
7;2025-11-02;7;294
7;2025-11-02;8;490
7;2025-11-02;9;618
7;2025-11-02;10;696
7;2025-11-02;11;866
7;2025-11-02;12;981
7;2025-11-02;13;1015
7;2025-11-02;14;1093
7;2025-11-02;15;1016
7;2025-11-02;16;930
7;2025-11-02;17;967
7;2025-11-02;18;835
7;2025-11-02;19;709
7;2025-11-02;20;601
7;2025-11-02;21;474
7;2025-11-02;22;271
7;2025-11-02;23;157
7;2025-11-03;0;92
7;2025-11-03;1;20
7;2025-11-03;2;1
7;2025-11-03;3;1
7;2025-11-03;4;0
7;2025-11-03;5;34
7;2025-11-03;6;193
7;2025-11-03;7;296
7;2025-11-03;8;492
7;2025-11-03;9;615
7;2025-11-03;10;688
7;2025-11-03;11;851
7;2025-11-03;12;966
7;2025-11-03;13;1011
7;2025-11-03;14;1081
7;2025-11-03;15;1005
7;2025-11-03;16;929
7;2025-11-03;17;936
7;2025-11-03;18;835
7;2025-11-03;19;724
7;2025-11-03;20;600
7;2025-11-03;21;474
7;2025-11-03;22;279
7;2025-11-03;23;158
7;2025-11-04;0;93
7;2025-11-04;1;20
7;2025-11-04;2;1
7;2025-11-04;3;1
7;2025-11-04;4;0
7;2025-11-04;5;34
7;2025-11-04;6;193
7;2025-11-04;7;296
7;2025-11-04;8;493
7;2025-11-04;9;615
7;2025-11-04;10;688
7;2025-11-04;11;852
7;2025-11-04;12;966
7;2025-11-04;13;1011
7;2025-11-04;14;1081
7;2025-11-04;15;1005
7;2025-11-04;16;929
7;2025-11-04;17;936
7;2025-11-04;18;836
7;2025-11-04;19;724
7;2025-11-04;20;600
7;2025-11-04;21;474
7;2025-11-04;22;279
7;2025-11-04;23;158
7;2025-11-05;0;62
7;2025-11-05;1;11
7;2025-11-05;2;0
7;2025-11-05;3;0
7;2025-11-05;4;2
7;2025-11-05;5;198
7;2025-11-05;6;727
7;2025-11-05;7;1661
7;2025-11-05;8;2567
7;2025-11-05;9;1941
7;2025-11-05;10;1692
7;2025-11-05;11;1506
7;2025-11-05;12;1609
7;2025-11-05;13;1585
7;2025-11-05;14;1674
7;2025-11-05;15;1829
7;2025-11-05;16;1934
7;2025-11-05;17;2438
7;2025-11-05;18;2577
7;2025-11-05;19;1738
7;2025-11-05;20;1115
7;2025-11-05;21;653
7;2025-11-05;22;336
7;2025-11-05;23;201
7;2025-11-06;0;67
7;2025-11-06;1;13
7;2025-11-06;2;0
7;2025-11-06;3;0
7;2025-11-06;4;2
7;2025-11-06;5;193
7;2025-11-06;6;728
7;2025-11-06;7;1664
7;2025-11-06;8;2536
7;2025-11-06;9;1899
7;2025-11-06;10;1640
7;2025-11-06;11;1500
7;2025-11-06;12;1590
7;2025-11-06;13;1577
7;2025-11-06;14;1695
7;2025-11-06;15;1778
7;2025-11-06;16;1921
7;2025-11-06;17;2394
7;2025-11-06;18;2643
7;2025-11-06;19;1740
7;2025-11-06;20;1091
7;2025-11-06;21;661
7;2025-11-06;22;332
7;2025-11-06;23;196
7;2025-11-07;0;66
7;2025-11-07;1;13
7;2025-11-07;2;0
7;2025-11-07;3;0
7;2025-11-07;4;2
7;2025-11-07;5;192
7;2025-11-07;6;695
7;2025-11-07;7;1632
7;2025-11-07;8;2461
7;2025-11-07;9;1870
7;2025-11-07;10;1626
7;2025-11-07;11;1521
7;2025-11-07;12;1625
7;2025-11-07;13;1661
7;2025-11-07;14;1734
7;2025-11-07;15;1860
7;2025-11-07;16;2032
7;2025-11-07;17;2374
7;2025-11-07;18;2334
7;2025-11-07;19;1644
7;2025-11-07;20;1084
7;2025-11-07;21;646
7;2025-11-07;22;353
7;2025-11-07;23;214
7;2025-11-08;0;103
7;2025-11-08;1;24
7;2025-11-08;2;0
7;2025-11-08;3;0
7;2025-11-08;4;0
7;2025-11-08;5;54
7;2025-11-08;6;290
7;2025-11-08;7;468
7;2025-11-08;8;737
7;2025-11-08;9;865
7;2025-11-08;10;923
7;2025-11-08;11;1102
7;2025-11-08;12;1258
7;2025-11-08;13;1266
7;2025-11-08;14;1310
7;2025-11-08;15;1228
7;2025-11-08;16;1179
7;2025-11-08;17;1130
7;2025-11-08;18;1064
7;2025-11-08;19;1026
7;2025-11-08;20;767
7;2025-11-08;21;609
7;2025-11-08;22;322
7;2025-11-08;23;216
7;2025-11-09;0;95
7;2025-11-09;1;20
7;2025-11-09;2;1
7;2025-11-09;3;1
7;2025-11-09;4;0
7;2025-11-09;5;33
7;2025-11-09;6;188
7;2025-11-09;7;294
7;2025-11-09;8;491
7;2025-11-09;9;619
7;2025-11-09;10;697
7;2025-11-09;11;868
7;2025-11-09;12;983
7;2025-11-09;13;1017
7;2025-11-09;14;1094
7;2025-11-09;15;1017
7;2025-11-09;16;931
7;2025-11-09;17;968
7;2025-11-09;18;836
7;2025-11-09;19;710
7;2025-11-09;20;602
7;2025-11-09;21;475
7;2025-11-09;22;272
7;2025-11-09;23;157
7;2025-11-10;0;68
7;2025-11-10;1;13
7;2025-11-10;2;0
7;2025-11-10;3;0
7;2025-11-10;4;2
7;2025-11-10;5;198
7;2025-11-10;6;725
7;2025-11-10;7;1664
7;2025-11-10;8;2520
7;2025-11-10;9;1887
7;2025-11-10;10;1609
7;2025-11-10;11;1439
7;2025-11-10;12;1558
7;2025-11-10;13;1553
7;2025-11-10;14;1624
7;2025-11-10;15;1767
7;2025-11-10;16;1899
7;2025-11-10;17;2366
7;2025-11-10;18;2557
7;2025-11-10;19;1735
7;2025-11-10;20;1089
7;2025-11-10;21;617
7;2025-11-10;22;315
7;2025-11-10;23;184
7;2025-11-11;0;59
7;2025-11-11;1;13
7;2025-11-11;2;0
7;2025-11-11;3;0
7;2025-11-11;4;2
7;2025-11-11;5;201
7;2025-11-11;6;732
7;2025-11-11;7;1686
7;2025-11-11;8;2546
7;2025-11-11;9;1909
7;2025-11-11;10;1664
7;2025-11-11;11;1517
7;2025-11-11;12;1622
7;2025-11-11;13;1602
7;2025-11-11;14;1674
7;2025-11-11;15;1810
7;2025-11-11;16;1936
7;2025-11-11;17;2389
7;2025-11-11;18;2584
7;2025-11-11;19;1778
7;2025-11-11;20;1110
7;2025-11-11;21;660
7;2025-11-11;22;332
7;2025-11-11;23;188
7;2025-11-12;0;62
7;2025-11-12;1;11
7;2025-11-12;2;0
7;2025-11-12;3;0
7;2025-11-12;4;2
7;2025-11-12;5;197
7;2025-11-12;6;726
7;2025-11-12;7;1657
7;2025-11-12;8;2562
7;2025-11-12;9;1938
7;2025-11-12;10;1689
7;2025-11-12;11;1504
7;2025-11-12;12;1606
7;2025-11-12;13;1582
7;2025-11-12;14;1671
7;2025-11-12;15;1826
7;2025-11-12;16;1930
7;2025-11-12;17;2433
7;2025-11-12;18;2572
7;2025-11-12;19;1735
7;2025-11-12;20;1113
7;2025-11-12;21;652
7;2025-11-12;22;336
7;2025-11-12;23;200
7;2025-11-13;0;67
7;2025-11-13;1;13
7;2025-11-13;2;0
7;2025-11-13;3;0
7;2025-11-13;4;2
7;2025-11-13;5;193
7;2025-11-13;6;727
7;2025-11-13;7;1661
7;2025-11-13;8;2532
7;2025-11-13;9;1896
7;2025-11-13;10;1637
7;2025-11-13;11;1497
7;2025-11-13;12;1587
7;2025-11-13;13;1574
7;2025-11-13;14;1692
7;2025-11-13;15;1775
7;2025-11-13;16;1917
7;2025-11-13;17;2390
7;2025-11-13;18;2638
7;2025-11-13;19;1737
7;2025-11-13;20;1089
7;2025-11-13;21;660
7;2025-11-13;22;331
7;2025-11-13;23;196
7;2025-11-14;0;66
7;2025-11-14;1;13
7;2025-11-14;2;0
7;2025-11-14;3;0
7;2025-11-14;4;2
7;2025-11-14;5;191
7;2025-11-14;6;694
7;2025-11-14;7;1629
7;2025-11-14;8;2457
7;2025-11-14;9;1866
7;2025-11-14;10;1623
7;2025-11-14;11;1519
7;2025-11-14;12;1622
7;2025-11-14;13;1657
7;2025-11-14;14;1731
7;2025-11-14;15;1857
7;2025-11-14;16;2029
7;2025-11-14;17;2369
7;2025-11-14;18;2330
7;2025-11-14;19;1641
7;2025-11-14;20;1082
7;2025-11-14;21;645
7;2025-11-14;22;352
7;2025-11-14;23;214
7;2025-11-15;0;103
7;2025-11-15;1;24
7;2025-11-15;2;0
7;2025-11-15;3;0
7;2025-11-15;4;0
7;2025-11-15;5;54
7;2025-11-15;6;290
7;2025-11-15;7;468
7;2025-11-15;8;736
7;2025-11-15;9;864
7;2025-11-15;10;922
7;2025-11-15;11;1101
7;2025-11-15;12;1256
7;2025-11-15;13;1265
7;2025-11-15;14;1308
7;2025-11-15;15;1226
7;2025-11-15;16;1177
7;2025-11-15;17;1128
7;2025-11-15;18;1062
7;2025-11-15;19;1025
7;2025-11-15;20;766
7;2025-11-15;21;609
7;2025-11-15;22;321
7;2025-11-15;23;215
7;2025-11-16;0;95
7;2025-11-16;1;20
7;2025-11-16;2;1
7;2025-11-16;3;1
7;2025-11-16;4;0
7;2025-11-16;5;33
7;2025-11-16;6;188
7;2025-11-16;7;294
7;2025-11-16;8;492
7;2025-11-16;9;620
7;2025-11-16;10;698
7;2025-11-16;11;869
7;2025-11-16;12;984
7;2025-11-16;13;1018
7;2025-11-16;14;1096
7;2025-11-16;15;1019
7;2025-11-16;16;932
7;2025-11-16;17;969
7;2025-11-16;18;838
7;2025-11-16;19;711
7;2025-11-16;20;603
7;2025-11-16;21;476
7;2025-11-16;22;272
7;2025-11-16;23;157
7;2025-11-17;0;67
7;2025-11-17;1;13
7;2025-11-17;2;0
7;2025-11-17;3;0
7;2025-11-17;4;2
7;2025-11-17;5;198
7;2025-11-17;6;724
7;2025-11-17;7;1661
7;2025-11-17;8;2515
7;2025-11-17;9;1883
7;2025-11-17;10;1607
7;2025-11-17;11;1436
7;2025-11-17;12;1555
7;2025-11-17;13;1550
7;2025-11-17;14;1621
7;2025-11-17;15;1764
7;2025-11-17;16;1896
7;2025-11-17;17;2362
7;2025-11-17;18;2552
7;2025-11-17;19;1732
7;2025-11-17;20;1087
7;2025-11-17;21;616
7;2025-11-17;22;314
7;2025-11-17;23;184
7;2025-11-18;0;59
7;2025-11-18;1;13
7;2025-11-18;2;0
7;2025-11-18;3;0
7;2025-11-18;4;2
7;2025-11-18;5;201
7;2025-11-18;6;731
7;2025-11-18;7;1683
7;2025-11-18;8;2541
7;2025-11-18;9;1906
7;2025-11-18;10;1661
7;2025-11-18;11;1514
7;2025-11-18;12;1619
7;2025-11-18;13;1599
7;2025-11-18;14;1671
7;2025-11-18;15;1807
7;2025-11-18;16;1933
7;2025-11-18;17;2385
7;2025-11-18;18;2579
7;2025-11-18;19;1774
7;2025-11-18;20;1108
7;2025-11-18;21;659
7;2025-11-18;22;331
7;2025-11-18;23;187
7;2025-11-19;0;62
7;2025-11-19;1;11
7;2025-11-19;2;0
7;2025-11-19;3;0
7;2025-11-19;4;2
7;2025-11-19;5;197
7;2025-11-19;6;724
7;2025-11-19;7;1655
7;2025-11-19;8;2558
7;2025-11-19;9;1934
7;2025-11-19;10;1686
7;2025-11-19;11;1501
7;2025-11-19;12;1603
7;2025-11-19;13;1580
7;2025-11-19;14;1668
7;2025-11-19;15;1822
7;2025-11-19;16;1927
7;2025-11-19;17;2429
7;2025-11-19;18;2567
7;2025-11-19;19;1732
7;2025-11-19;20;1111
7;2025-11-19;21;651
7;2025-11-19;22;335
7;2025-11-19;23;200
7;2025-11-20;0;67
7;2025-11-20;1;13
7;2025-11-20;2;0
7;2025-11-20;3;0
7;2025-11-20;4;2
7;2025-11-20;5;193
7;2025-11-20;6;726
7;2025-11-20;7;1658
7;2025-11-20;8;2527
7;2025-11-20;9;1892
7;2025-11-20;10;1634
7;2025-11-20;11;1495
7;2025-11-20;12;1584
7;2025-11-20;13;1571
7;2025-11-20;14;1689
7;2025-11-20;15;1772
7;2025-11-20;16;1914
7;2025-11-20;17;2386
7;2025-11-20;18;2634
7;2025-11-20;19;1734
7;2025-11-20;20;1087
7;2025-11-20;21;658
7;2025-11-20;22;331
7;2025-11-20;23;195
7;2025-11-21;0;66
7;2025-11-21;1;13
7;2025-11-21;2;0
7;2025-11-21;3;0
7;2025-11-21;4;2
7;2025-11-21;5;191
7;2025-11-21;6;692
7;2025-11-21;7;1626
7;2025-11-21;8;2452
7;2025-11-21;9;1863
7;2025-11-21;10;1620
7;2025-11-21;11;1516
7;2025-11-21;12;1620
7;2025-11-21;13;1655
7;2025-11-21;14;1728
7;2025-11-21;15;1853
7;2025-11-21;16;2025
7;2025-11-21;17;2365
7;2025-11-21;18;2325
7;2025-11-21;19;1638
7;2025-11-21;20;1080
7;2025-11-21;21;644
7;2025-11-21;22;351
7;2025-11-21;23;213
7;2025-11-22;0;103
7;2025-11-22;1;24
7;2025-11-22;2;0
7;2025-11-22;3;0
7;2025-11-22;4;0
7;2025-11-22;5;54
7;2025-11-22;6;289
7;2025-11-22;7;467
7;2025-11-22;8;735
7;2025-11-22;9;863
7;2025-11-22;10;921
7;2025-11-22;11;1099
7;2025-11-22;12;1255
7;2025-11-22;13;1263
7;2025-11-22;14;1306
7;2025-11-22;15;1224
7;2025-11-22;16;1176
7;2025-11-22;17;1127
7;2025-11-22;18;1061
7;2025-11-22;19;1024
7;2025-11-22;20;765
7;2025-11-22;21;608
7;2025-11-22;22;321
7;2025-11-22;23;215
7;2025-11-23;0;95
7;2025-11-23;1;21
7;2025-11-23;2;1
7;2025-11-23;3;1
7;2025-11-23;4;0
7;2025-11-23;5;33
7;2025-11-23;6;189
7;2025-11-23;7;295
7;2025-11-23;8;493
7;2025-11-23;9;620
7;2025-11-23;10;699
7;2025-11-23;11;870
7;2025-11-23;12;986
7;2025-11-23;13;1020
7;2025-11-23;14;1097
7;2025-11-23;15;1020
7;2025-11-23;16;934
7;2025-11-23;17;971
7;2025-11-23;18;839
7;2025-11-23;19;712
7;2025-11-23;20;603
7;2025-11-23;21;476
7;2025-11-23;22;272
7;2025-11-23;23;157
7;2025-11-24;0;67
7;2025-11-24;1;13
7;2025-11-24;2;0
7;2025-11-24;3;0
7;2025-11-24;4;2
7;2025-11-24;5;198
7;2025-11-24;6;723
7;2025-11-24;7;1658
7;2025-11-24;8;2511
7;2025-11-24;9;1880
7;2025-11-24;10;1604
7;2025-11-24;11;1434
7;2025-11-24;12;1552
7;2025-11-24;13;1547
7;2025-11-24;14;1619
7;2025-11-24;15;1761
7;2025-11-24;16;1892
7;2025-11-24;17;2358
7;2025-11-24;18;2548
7;2025-11-24;19;1729
7;2025-11-24;20;1086
7;2025-11-24;21;615
7;2025-11-24;22;314
7;2025-11-24;23;184
7;2025-11-25;0;59
7;2025-11-25;1;13
7;2025-11-25;2;0
7;2025-11-25;3;0
7;2025-11-25;4;2
7;2025-11-25;5;200
7;2025-11-25;6;729
7;2025-11-25;7;1680
7;2025-11-25;8;2537
7;2025-11-25;9;1902
7;2025-11-25;10;1658
7;2025-11-25;11;1512
7;2025-11-25;12;1617
7;2025-11-25;13;1597
7;2025-11-25;14;1668
7;2025-11-25;15;1804
7;2025-11-25;16;1929
7;2025-11-25;17;2381
7;2025-11-25;18;2575
7;2025-11-25;19;1771
7;2025-11-25;20;1106
7;2025-11-25;21;658
7;2025-11-25;22;331
7;2025-11-25;23;187
7;2025-11-26;0;62
7;2025-11-26;1;11
7;2025-11-26;2;0
7;2025-11-26;3;0
7;2025-11-26;4;2
7;2025-11-26;5;197
7;2025-11-26;6;723
7;2025-11-26;7;1652
7;2025-11-26;8;2553
7;2025-11-26;9;1931
7;2025-11-26;10;1683
7;2025-11-26;11;1498
7;2025-11-26;12;1601
7;2025-11-26;13;1577
7;2025-11-26;14;1665
7;2025-11-26;15;1819
7;2025-11-26;16;1924
7;2025-11-26;17;2425
7;2025-11-26;18;2563
7;2025-11-26;19;1729
7;2025-11-26;20;1109
7;2025-11-26;21;650
7;2025-11-26;22;334
7;2025-11-26;23;200
7;2025-11-27;0;67
7;2025-11-27;1;13
7;2025-11-27;2;0
7;2025-11-27;3;0
7;2025-11-27;4;2
7;2025-11-27;5;192
7;2025-11-27;6;725
7;2025-11-27;7;1655
7;2025-11-27;8;2523
7;2025-11-27;9;1889
7;2025-11-27;10;1631
7;2025-11-27;11;1492
7;2025-11-27;12;1582
7;2025-11-27;13;1568
7;2025-11-27;14;1686
7;2025-11-27;15;1769
7;2025-11-27;16;1911
7;2025-11-27;17;2382
7;2025-11-27;18;2629
7;2025-11-27;19;1731
7;2025-11-27;20;1085
7;2025-11-27;21;657
7;2025-11-27;22;330
7;2025-11-27;23;195
7;2025-11-28;0;66
7;2025-11-28;1;13
7;2025-11-28;2;0
7;2025-11-28;3;0
7;2025-11-28;4;2
7;2025-11-28;5;191
7;2025-11-28;6;691
7;2025-11-28;7;1623
7;2025-11-28;8;2448
7;2025-11-28;9;1860
7;2025-11-28;10;1618
7;2025-11-28;11;1513
7;2025-11-28;12;1617
7;2025-11-28;13;1652
7;2025-11-28;14;1725
7;2025-11-28;15;1850
7;2025-11-28;16;2022
7;2025-11-28;17;2361
7;2025-11-28;18;2322
7;2025-11-28;19;1636
7;2025-11-28;20;1078
7;2025-11-28;21;643
7;2025-11-28;22;351
7;2025-11-28;23;213
7;2025-11-29;0;103
7;2025-11-29;1;24
7;2025-11-29;2;0
7;2025-11-29;3;0
7;2025-11-29;4;0
7;2025-11-29;5;54
7;2025-11-29;6;289
7;2025-11-29;7;466
7;2025-11-29;8;734
7;2025-11-29;9;862
7;2025-11-29;10;920
7;2025-11-29;11;1098
7;2025-11-29;12;1253
7;2025-11-29;13;1261
7;2025-11-29;14;1305
7;2025-11-29;15;1223
7;2025-11-29;16;1174
7;2025-11-29;17;1125
7;2025-11-29;18;1060
7;2025-11-29;19;1022
7;2025-11-29;20;764
7;2025-11-29;21;607
7;2025-11-29;22;320
7;2025-11-29;23;215
7;2025-11-30;0;95
7;2025-11-30;1;21
7;2025-11-30;2;1
7;2025-11-30;3;1
7;2025-11-30;4;0
7;2025-11-30;5;34
7;2025-11-30;6;189
7;2025-11-30;7;295
7;2025-11-30;8;493
7;2025-11-30;9;621
7;2025-11-30;10;700
7;2025-11-30;11;871
7;2025-11-30;12;987
7;2025-11-30;13;1021
7;2025-11-30;14;1099
7;2025-11-30;15;1021
7;2025-11-30;16;935
7;2025-11-30;17;972
7;2025-11-30;18;840
7;2025-11-30;19;713
7;2025-11-30;20;604
7;2025-11-30;21;477
7;2025-11-30;22;273
7;2025-11-30;23;158
7;2025-12-01;0;67
7;2025-12-01;1;13
7;2025-12-01;2;0
7;2025-12-01;3;0
7;2025-12-01;4;2
7;2025-12-01;5;197
7;2025-12-01;6;722
7;2025-12-01;7;1655
7;2025-12-01;8;2507
7;2025-12-01;9;1877
7;2025-12-01;10;1601
7;2025-12-01;11;1431
7;2025-12-01;12;1550
7;2025-12-01;13;1545
7;2025-12-01;14;1616
7;2025-12-01;15;1758
7;2025-12-01;16;1889
7;2025-12-01;17;2354
7;2025-12-01;18;2544
7;2025-12-01;19;1727
7;2025-12-01;20;1084
7;2025-12-01;21;614
7;2025-12-01;22;313
7;2025-12-01;23;183
7;2025-12-02;0;59
7;2025-12-02;1;13
7;2025-12-02;2;0
7;2025-12-02;3;0
7;2025-12-02;4;2
7;2025-12-02;5;200
7;2025-12-02;6;728
7;2025-12-02;7;1677
7;2025-12-02;8;2533
7;2025-12-02;9;1899
7;2025-12-02;10;1655
7;2025-12-02;11;1509
7;2025-12-02;12;1614
7;2025-12-02;13;1594
7;2025-12-02;14;1665
7;2025-12-02;15;1801
7;2025-12-02;16;1926
7;2025-12-02;17;2377
7;2025-12-02;18;2571
7;2025-12-02;19;1769
7;2025-12-02;20;1104
7;2025-12-02;21;657
7;2025-12-02;22;330
7;2025-12-02;23;187
7;2025-12-03;0;62
7;2025-12-03;1;11
7;2025-12-03;2;0
7;2025-12-03;3;0
7;2025-12-03;4;2
7;2025-12-03;5;196
7;2025-12-03;6;722
7;2025-12-03;7;1649
7;2025-12-03;8;2549
7;2025-12-03;9;1928
7;2025-12-03;10;1681
7;2025-12-03;11;1496
7;2025-12-03;12;1598
7;2025-12-03;13;1575
7;2025-12-03;14;1663
7;2025-12-03;15;1817
7;2025-12-03;16;1921
7;2025-12-03;17;2421
7;2025-12-03;18;2559
7;2025-12-03;19;1726
7;2025-12-03;20;1107
7;2025-12-03;21;649
7;2025-12-03;22;334
7;2025-12-03;23;199
7;2025-12-04;0;67
7;2025-12-04;1;13
7;2025-12-04;2;0
7;2025-12-04;3;0
7;2025-12-04;4;2
7;2025-12-04;5;192
7;2025-12-04;6;723
7;2025-12-04;7;1652
7;2025-12-04;8;2519
7;2025-12-04;9;1886
7;2025-12-04;10;1629
7;2025-12-04;11;1490
7;2025-12-04;12;1579
7;2025-12-04;13;1566
7;2025-12-04;14;1683
7;2025-12-04;15;1766
7;2025-12-04;16;1908
7;2025-12-04;17;2378
7;2025-12-04;18;2625
7;2025-12-04;19;1728
7;2025-12-04;20;1084
7;2025-12-04;21;656
7;2025-12-04;22;330
7;2025-12-04;23;195
7;2025-12-05;0;66
7;2025-12-05;1;13
7;2025-12-05;2;0
7;2025-12-05;3;0
7;2025-12-05;4;2
7;2025-12-05;5;191
7;2025-12-05;6;690
7;2025-12-05;7;1621
7;2025-12-05;8;2445
7;2025-12-05;9;1857
7;2025-12-05;10;1615
7;2025-12-05;11;1511
7;2025-12-05;12;1614
7;2025-12-05;13;1649
7;2025-12-05;14;1722
7;2025-12-05;15;1848
7;2025-12-05;16;2019
7;2025-12-05;17;2358
7;2025-12-05;18;2318
7;2025-12-05;19;1633
7;2025-12-05;20;1076
7;2025-12-05;21;642
7;2025-12-05;22;350
7;2025-12-05;23;213
7;2025-12-06;0;102
7;2025-12-06;1;24
7;2025-12-06;2;0
7;2025-12-06;3;0
7;2025-12-06;4;0
7;2025-12-06;5;54
7;2025-12-06;6;289
7;2025-12-06;7;466
7;2025-12-06;8;733
7;2025-12-06;9;861
7;2025-12-06;10;918
7;2025-12-06;11;1097
7;2025-12-06;12;1251
7;2025-12-06;13;1260
7;2025-12-06;14;1303
7;2025-12-06;15;1221
7;2025-12-06;16;1173
7;2025-12-06;17;1124
7;2025-12-06;18;1058
7;2025-12-06;19;1021
7;2025-12-06;20;763
7;2025-12-06;21;606
7;2025-12-06;22;320
7;2025-12-06;23;214
7;2025-12-07;0;95
7;2025-12-07;1;21
7;2025-12-07;2;1
7;2025-12-07;3;1
7;2025-12-07;4;0
7;2025-12-07;5;34
7;2025-12-07;6;189
7;2025-12-07;7;296
7;2025-12-07;8;494
7;2025-12-07;9;622
7;2025-12-07;10;700
7;2025-12-07;11;872
7;2025-12-07;12;988
7;2025-12-07;13;1022
7;2025-12-07;14;1100
7;2025-12-07;15;1023
7;2025-12-07;16;936
7;2025-12-07;17;973
7;2025-12-07;18;841
7;2025-12-07;19;714
7;2025-12-07;20;605
7;2025-12-07;21;478
7;2025-12-07;22;273
7;2025-12-07;23;158
7;2025-12-08;0;67
7;2025-12-08;1;13
7;2025-12-08;2;0
7;2025-12-08;3;0
7;2025-12-08;4;2
7;2025-12-08;5;197
7;2025-12-08;6;721
7;2025-12-08;7;1653
7;2025-12-08;8;2503
7;2025-12-08;9;1874
7;2025-12-08;10;1599
7;2025-12-08;11;1429
7;2025-12-08;12;1548
7;2025-12-08;13;1542
7;2025-12-08;14;1614
7;2025-12-08;15;1756
7;2025-12-08;16;1886
7;2025-12-08;17;2351
7;2025-12-08;18;2540
7;2025-12-08;19;1724
7;2025-12-08;20;1082
7;2025-12-08;21;613
7;2025-12-08;22;313
7;2025-12-08;23;183
7;2025-12-09;0;59
7;2025-12-09;1;13
7;2025-12-09;2;0
7;2025-12-09;3;0
7;2025-12-09;4;2
7;2025-12-09;5;200
7;2025-12-09;6;727
7;2025-12-09;7;1675
7;2025-12-09;8;2529
7;2025-12-09;9;1897
7;2025-12-09;10;1653
7;2025-12-09;11;1507
7;2025-12-09;12;1612
7;2025-12-09;13;1592
7;2025-12-09;14;1663
7;2025-12-09;15;1798
7;2025-12-09;16;1923
7;2025-12-09;17;2374
7;2025-12-09;18;2567
7;2025-12-09;19;1766
7;2025-12-09;20;1102
7;2025-12-09;21;656
7;2025-12-09;22;330
7;2025-12-09;23;186
7;2025-12-10;0;62
7;2025-12-10;1;11
7;2025-12-10;2;0
7;2025-12-10;3;0
7;2025-12-10;4;2
7;2025-12-10;5;196
7;2025-12-10;6;721
7;2025-12-10;7;1647
7;2025-12-10;8;2546
7;2025-12-10;9;1925
7;2025-12-10;10;1678
7;2025-12-10;11;1494
7;2025-12-10;12;1596
7;2025-12-10;13;1572
7;2025-12-10;14;1660
7;2025-12-10;15;1814
7;2025-12-10;16;1918
7;2025-12-10;17;2418
7;2025-12-10;18;2555
7;2025-12-10;19;1724
7;2025-12-10;20;1106
7;2025-12-10;21;648
7;2025-12-10;22;333
7;2025-12-10;23;199
7;2025-12-11;0;67
7;2025-12-11;1;13
7;2025-12-11;2;0
7;2025-12-11;3;0
7;2025-12-11;4;2
7;2025-12-11;5;192
7;2025-12-11;6;722
7;2025-12-11;7;1650
7;2025-12-11;8;2516
7;2025-12-11;9;1883
7;2025-12-11;10;1626
7;2025-12-11;11;1488
7;2025-12-11;12;1577
7;2025-12-11;13;1564
7;2025-12-11;14;1681
7;2025-12-11;15;1763
7;2025-12-11;16;1905
7;2025-12-11;17;2374
7;2025-12-11;18;2621
7;2025-12-11;19;1725
7;2025-12-11;20;1082
7;2025-12-11;21;655
7;2025-12-11;22;329
7;2025-12-11;23;194
7;2025-12-12;0;66
7;2025-12-12;1;13
7;2025-12-12;2;0
7;2025-12-12;3;0
7;2025-12-12;4;2
7;2025-12-12;5;190
7;2025-12-12;6;689
7;2025-12-12;7;1618
7;2025-12-12;8;2441
7;2025-12-12;9;1854
7;2025-12-12;10;1613
7;2025-12-12;11;1509
7;2025-12-12;12;1612
7;2025-12-12;13;1647
7;2025-12-12;14;1720
7;2025-12-12;15;1845
7;2025-12-12;16;2016
7;2025-12-12;17;2354
7;2025-12-12;18;2315
7;2025-12-12;19;1631
7;2025-12-12;20;1075
7;2025-12-12;21;641
7;2025-12-12;22;350
7;2025-12-12;23;212
7;2025-12-13;0;102
7;2025-12-13;1;24
7;2025-12-13;2;0
7;2025-12-13;3;0
7;2025-12-13;4;0
7;2025-12-13;5;54
7;2025-12-13;6;288
7;2025-12-13;7;465
7;2025-12-13;8;732
7;2025-12-13;9;860
7;2025-12-13;10;917
7;2025-12-13;11;1095
7;2025-12-13;12;1250
7;2025-12-13;13;1258
7;2025-12-13;14;1301
7;2025-12-13;15;1220
7;2025-12-13;16;1172
7;2025-12-13;17;1123
7;2025-12-13;18;1057
7;2025-12-13;19;1020
7;2025-12-13;20;762
7;2025-12-13;21;606
7;2025-12-13;22;320
7;2025-12-13;23;214
7;2025-12-14;0;95
7;2025-12-14;1;21
7;2025-12-14;2;1
7;2025-12-14;3;1
7;2025-12-14;4;0
7;2025-12-14;5;34
7;2025-12-14;6;189
7;2025-12-14;7;296
7;2025-12-14;8;494
7;2025-12-14;9;623
7;2025-12-14;10;701
7;2025-12-14;11;873
7;2025-12-14;12;989
7;2025-12-14;13;1023
7;2025-12-14;14;1101
7;2025-12-14;15;1024
7;2025-12-14;16;937
7;2025-12-14;17;974
7;2025-12-14;18;842
7;2025-12-14;19;715
7;2025-12-14;20;605
7;2025-12-14;21;478
7;2025-12-14;22;273
7;2025-12-14;23;158
7;2025-12-15;0;67
7;2025-12-15;1;13
7;2025-12-15;2;0
7;2025-12-15;3;0
7;2025-12-15;4;2
7;2025-12-15;5;197
7;2025-12-15;6;720
7;2025-12-15;7;1650
7;2025-12-15;8;2500
7;2025-12-15;9;1872
7;2025-12-15;10;1596
7;2025-12-15;11;1427
7;2025-12-15;12;1545
7;2025-12-15;13;1540
7;2025-12-15;14;1611
7;2025-12-15;15;1753
7;2025-12-15;16;1884
7;2025-12-15;17;2347
7;2025-12-15;18;2536
7;2025-12-15;19;1721
7;2025-12-15;20;1080
7;2025-12-15;21;612
7;2025-12-15;22;312
7;2025-12-15;23;183
7;2025-12-16;0;59
7;2025-12-16;1;13
7;2025-12-16;2;0
7;2025-12-16;3;0
7;2025-12-16;4;2
7;2025-12-16;5;200
7;2025-12-16;6;726
7;2025-12-16;7;1672
7;2025-12-16;8;2525
7;2025-12-16;9;1894
7;2025-12-16;10;1650
7;2025-12-16;11;1505
7;2025-12-16;12;1610
7;2025-12-16;13;1589
7;2025-12-16;14;1660
7;2025-12-16;15;1796
7;2025-12-16;16;1921
7;2025-12-16;17;2370
7;2025-12-16;18;2563
7;2025-12-16;19;1763
7;2025-12-16;20;1101
7;2025-12-16;21;655
7;2025-12-16;22;329
7;2025-12-16;23;186
7;2025-12-17;0;61
7;2025-12-17;1;11
7;2025-12-17;2;0
7;2025-12-17;3;0
7;2025-12-17;4;2
7;2025-12-17;5;196
7;2025-12-17;6;720
7;2025-12-17;7;1644
7;2025-12-17;8;2542
7;2025-12-17;9;1922
7;2025-12-17;10;1676
7;2025-12-17;11;1492
7;2025-12-17;12;1594
7;2025-12-17;13;1570
7;2025-12-17;14;1658
7;2025-12-17;15;1811
7;2025-12-17;16;1915
7;2025-12-17;17;2414
7;2025-12-17;18;2552
7;2025-12-17;19;1721
7;2025-12-17;20;1104
7;2025-12-17;21;647
7;2025-12-17;22;333
7;2025-12-17;23;199
7;2025-12-18;0;66
7;2025-12-18;1;13
7;2025-12-18;2;0
7;2025-12-18;3;0
7;2025-12-18;4;2
7;2025-12-18;5;192
7;2025-12-18;6;721
7;2025-12-18;7;1648
7;2025-12-18;8;2512
7;2025-12-18;9;1881
7;2025-12-18;10;1624
7;2025-12-18;11;1486
7;2025-12-18;12;1575
7;2025-12-18;13;1561
7;2025-12-18;14;1678
7;2025-12-18;15;1761
7;2025-12-18;16;1902
7;2025-12-18;17;2371
7;2025-12-18;18;2618
7;2025-12-18;19;1723
7;2025-12-18;20;1080
7;2025-12-18;21;654
7;2025-12-18;22;329
7;2025-12-18;23;194
7;2025-12-19;0;66
7;2025-12-19;1;13
7;2025-12-19;2;0
7;2025-12-19;3;0
7;2025-12-19;4;2
7;2025-12-19;5;190
7;2025-12-19;6;688
7;2025-12-19;7;1616
7;2025-12-19;8;2438
7;2025-12-19;9;1852
7;2025-12-19;10;1611
7;2025-12-19;11;1507
7;2025-12-19;12;1610
7;2025-12-19;13;1644
7;2025-12-19;14;1717
7;2025-12-19;15;1842
7;2025-12-19;16;2013
7;2025-12-19;17;2351
7;2025-12-19;18;2311
7;2025-12-19;19;1628
7;2025-12-19;20;1073
7;2025-12-19;21;640
7;2025-12-19;22;349
7;2025-12-19;23;212
7;2025-12-20;0;102
7;2025-12-20;1;24
7;2025-12-20;2;0
7;2025-12-20;3;0
7;2025-12-20;4;0
7;2025-12-20;5;54
7;2025-12-20;6;288
7;2025-12-20;7;465
7;2025-12-20;8;731
7;2025-12-20;9;859
7;2025-12-20;10;916
7;2025-12-20;11;1094
7;2025-12-20;12;1249
7;2025-12-20;13;1257
7;2025-12-20;14;1300
7;2025-12-20;15;1219
7;2025-12-20;16;1170
7;2025-12-20;17;1122
7;2025-12-20;18;1056
7;2025-12-20;19;1019
7;2025-12-20;20;761
7;2025-12-20;21;605
7;2025-12-20;22;319
7;2025-12-20;23;214
7;2025-12-21;0;95
7;2025-12-21;1;21
7;2025-12-21;2;1
7;2025-12-21;3;1
7;2025-12-21;4;0
7;2025-12-21;5;34
7;2025-12-21;6;190
7;2025-12-21;7;296
7;2025-12-21;8;495
7;2025-12-21;9;623
7;2025-12-21;10;702
7;2025-12-21;11;874
7;2025-12-21;12;990
7;2025-12-21;13;1024
7;2025-12-21;14;1102
7;2025-12-21;15;1025
7;2025-12-21;16;938
7;2025-12-21;17;975
7;2025-12-21;18;843
7;2025-12-21;19;715
7;2025-12-21;20;606
7;2025-12-21;21;479
7;2025-12-21;22;274
7;2025-12-21;23;158
7;2025-12-22;0;67
7;2025-12-22;1;13
7;2025-12-22;2;0
7;2025-12-22;3;0
7;2025-12-22;4;2
7;2025-12-22;5;196
7;2025-12-22;6;719
7;2025-12-22;7;1648
7;2025-12-22;8;2496
7;2025-12-22;9;1869
7;2025-12-22;10;1594
7;2025-12-22;11;1425
7;2025-12-22;12;1543
7;2025-12-22;13;1538
7;2025-12-22;14;1609
7;2025-12-22;15;1751
7;2025-12-22;16;1881
7;2025-12-22;17;2344
7;2025-12-22;18;2533
7;2025-12-22;19;1719
7;2025-12-22;20;1079
7;2025-12-22;21;611
7;2025-12-22;22;312
7;2025-12-22;23;183
7;2025-12-23;0;59
7;2025-12-23;1;13
7;2025-12-23;2;0
7;2025-12-23;3;0
7;2025-12-23;4;2
7;2025-12-23;5;199
7;2025-12-23;6;725
7;2025-12-23;7;1670
7;2025-12-23;8;2522
7;2025-12-23;9;1891
7;2025-12-23;10;1648
7;2025-12-23;11;1503
7;2025-12-23;12;1607
7;2025-12-23;13;1587
7;2025-12-23;14;1658
7;2025-12-23;15;1793
7;2025-12-23;16;1918
7;2025-12-23;17;2367
7;2025-12-23;18;2560
7;2025-12-23;19;1761
7;2025-12-23;20;1099
7;2025-12-23;21;654
7;2025-12-23;22;329
7;2025-12-23;23;186
7;2025-12-24;0;61
7;2025-12-24;1;11
7;2025-12-24;2;0
7;2025-12-24;3;0
7;2025-12-24;4;2
7;2025-12-24;5;196
7;2025-12-24;6;719
7;2025-12-24;7;1642
7;2025-12-24;8;2539
7;2025-12-24;9;1920
7;2025-12-24;10;1674
7;2025-12-24;11;1490
7;2025-12-24;12;1591
7;2025-12-24;13;1568
7;2025-12-24;14;1655
7;2025-12-24;15;1809
7;2025-12-24;16;1913
7;2025-12-24;17;2411
7;2025-12-24;18;2548
7;2025-12-24;19;1719
7;2025-12-24;20;1103
7;2025-12-24;21;646
7;2025-12-24;22;332
7;2025-12-24;23;198
7;2025-12-25;0;66
7;2025-12-25;1;13
7;2025-12-25;2;0
7;2025-12-25;3;0
7;2025-12-25;4;2
7;2025-12-25;5;191
7;2025-12-25;6;720
7;2025-12-25;7;1645
7;2025-12-25;8;2509
7;2025-12-25;9;1878
7;2025-12-25;10;1622
7;2025-12-25;11;1484
7;2025-12-25;12;1573
7;2025-12-25;13;1559
7;2025-12-25;14;1676
7;2025-12-25;15;1759
7;2025-12-25;16;1900
7;2025-12-25;17;2368
7;2025-12-25;18;2614
7;2025-12-25;19;1721
7;2025-12-25;20;1079
7;2025-12-25;21;654
7;2025-12-25;22;328
7;2025-12-25;23;194
7;2025-12-26;0;66
7;2025-12-26;1;13
7;2025-12-26;2;0
7;2025-12-26;3;0
7;2025-12-26;4;2
7;2025-12-26;5;190
7;2025-12-26;6;687
7;2025-12-26;7;1614
7;2025-12-26;8;2435
7;2025-12-26;9;1849
7;2025-12-26;10;1608
7;2025-12-26;11;1505
7;2025-12-26;12;1608
7;2025-12-26;13;1642
7;2025-12-26;14;1715
7;2025-12-26;15;1840
7;2025-12-26;16;2010
7;2025-12-26;17;2348
7;2025-12-26;18;2308
7;2025-12-26;19;1626
7;2025-12-26;20;1072
7;2025-12-26;21;639
7;2025-12-26;22;349
7;2025-12-26;23;212
7;2025-12-27;0;102
7;2025-12-27;1;24
7;2025-12-27;2;0
7;2025-12-27;3;0
7;2025-12-27;4;0
7;2025-12-27;5;54
7;2025-12-27;6;288
7;2025-12-27;7;464
7;2025-12-27;8;730
7;2025-12-27;9;858
7;2025-12-27;10;915
7;2025-12-27;11;1093
7;2025-12-27;12;1247
7;2025-12-27;13;1256
7;2025-12-27;14;1299
7;2025-12-27;15;1217
7;2025-12-27;16;1169
7;2025-12-27;17;1120
7;2025-12-27;18;1055
7;2025-12-27;19;1018
7;2025-12-27;20;760
7;2025-12-27;21;604
7;2025-12-27;22;319
7;2025-12-27;23;214
7;2025-12-28;0;95
7;2025-12-28;1;21
7;2025-12-28;2;1
7;2025-12-28;3;1
7;2025-12-28;4;0
7;2025-12-28;5;34
7;2025-12-28;6;190
7;2025-12-28;7;296
7;2025-12-28;8;495
7;2025-12-28;9;624
7;2025-12-28;10;703
7;2025-12-28;11;875
7;2025-12-28;12;991
7;2025-12-28;13;1025
7;2025-12-28;14;1103
7;2025-12-28;15;1026
7;2025-12-28;16;939
7;2025-12-28;17;976
7;2025-12-28;18;844
7;2025-12-28;19;716
7;2025-12-28;20;607
7;2025-12-28;21;479
7;2025-12-28;22;274
7;2025-12-28;23;158
7;2025-12-29;0;67
7;2025-12-29;1;13
7;2025-12-29;2;0
7;2025-12-29;3;0
7;2025-12-29;4;2
7;2025-12-29;5;196
7;2025-12-29;6;718
7;2025-12-29;7;1646
7;2025-12-29;8;2493
7;2025-12-29;9;1867
7;2025-12-29;10;1592
7;2025-12-29;11;1423
7;2025-12-29;12;1541
7;2025-12-29;13;1536
7;2025-12-29;14;1607
7;2025-12-29;15;1749
7;2025-12-29;16;1879
7;2025-12-29;17;2341
7;2025-12-29;18;2530
7;2025-12-29;19;1717
7;2025-12-29;20;1078
7;2025-12-29;21;610
7;2025-12-29;22;311
7;2025-12-29;23;182
7;2025-12-30;0;59
7;2025-12-30;1;13
7;2025-12-30;2;0
7;2025-12-30;3;0
7;2025-12-30;4;2
7;2025-12-30;5;199
7;2025-12-30;6;724
7;2025-12-30;7;1668
7;2025-12-30;8;2519
7;2025-12-30;9;1889
7;2025-12-30;10;1646
7;2025-12-30;11;1501
7;2025-12-30;12;1605
7;2025-12-30;13;1585
7;2025-12-30;14;1656
7;2025-12-30;15;1791
7;2025-12-30;16;1916
7;2025-12-30;17;2364
7;2025-12-30;18;2556
7;2025-12-30;19;1759
7;2025-12-30;20;1098
7;2025-12-30;21;653
7;2025-12-30;22;328
7;2025-12-30;23;186
7;2025-12-31;0;93
7;2025-12-31;1;21
7;2025-12-31;2;1
7;2025-12-31;3;1
7;2025-12-31;4;0
7;2025-12-31;5;35
7;2025-12-31;6;195
7;2025-12-31;7;299
7;2025-12-31;8;497
7;2025-12-31;9;621
7;2025-12-31;10;695
7;2025-12-31;11;860
7;2025-12-31;12;976
7;2025-12-31;13;1021
7;2025-12-31;14;1092
7;2025-12-31;15;1015
7;2025-12-31;16;938
7;2025-12-31;17;946
7;2025-12-31;18;844
7;2025-12-31;19;731
7;2025-12-31;20;606
7;2025-12-31;21;479
7;2025-12-31;22;282
7;2025-12-31;23;160
11;2025-11-01;0;71
11;2025-11-01;1;2
11;2025-11-01;2;0
11;2025-11-01;3;0
11;2025-11-01;4;1
11;2025-11-01;5;299
11;2025-11-01;6;1345
11;2025-11-01;7;2483
11;2025-11-01;8;3296
11;2025-11-01;9;2526
11;2025-11-01;10;1961
11;2025-11-01;11;1921
11;2025-11-01;12;1932
11;2025-11-01;13;2085
11;2025-11-01;14;2062
11;2025-11-01;15;2178
11;2025-11-01;16;2382
11;2025-11-01;17;2941
11;2025-11-01;18;3079
11;2025-11-01;19;2283
11;2025-11-01;20;1496
11;2025-11-01;21;901
11;2025-11-01;22;455
11;2025-11-01;23;246
11;2025-11-02;0;103
11;2025-11-02;1;12
11;2025-11-02;2;1
11;2025-11-02;3;1
11;2025-11-02;4;3
11;2025-11-02;5;124
11;2025-11-02;6;481
11;2025-11-02;7;512
11;2025-11-02;8;645
11;2025-11-02;9;883
11;2025-11-02;10;989
11;2025-11-02;11;1391
11;2025-11-02;12;1561
11;2025-11-02;13;1511
11;2025-11-02;14;1587
11;2025-11-02;15;1622
11;2025-11-02;16;1539
11;2025-11-02;17;1599
11;2025-11-02;18;1291
11;2025-11-02;19;1059
11;2025-11-02;20;860
11;2025-11-02;21;632
11;2025-11-02;22;358
11;2025-11-02;23;250
11;2025-11-03;0;99
11;2025-11-03;1;11
11;2025-11-03;2;1
11;2025-11-03;3;1
11;2025-11-03;4;3
11;2025-11-03;5;129
11;2025-11-03;6;484
11;2025-11-03;7;507
11;2025-11-03;8;634
11;2025-11-03;9;854
11;2025-11-03;10;949
11;2025-11-03;11;1345
11;2025-11-03;12;1508
11;2025-11-03;13;1455
11;2025-11-03;14;1551
11;2025-11-03;15;1590
11;2025-11-03;16;1511
11;2025-11-03;17;1540
11;2025-11-03;18;1274
11;2025-11-03;19;1071
11;2025-11-03;20;867
11;2025-11-03;21;641
11;2025-11-03;22;361
11;2025-11-03;23;254
11;2025-11-04;0;100
11;2025-11-04;1;11
11;2025-11-04;2;1
11;2025-11-04;3;1
11;2025-11-04;4;3
11;2025-11-04;5;129
11;2025-11-04;6;484
11;2025-11-04;7;507
11;2025-11-04;8;635
11;2025-11-04;9;855
11;2025-11-04;10;950
11;2025-11-04;11;1346
11;2025-11-04;12;1510
11;2025-11-04;13;1457
11;2025-11-04;14;1553
11;2025-11-04;15;1591
11;2025-11-04;16;1512
11;2025-11-04;17;1541
11;2025-11-04;18;1275
11;2025-11-04;19;1072
11;2025-11-04;20;868
11;2025-11-04;21;642
11;2025-11-04;22;361
11;2025-11-04;23;254
11;2025-11-05;0;68
11;2025-11-05;1;1
11;2025-11-05;2;0
11;2025-11-05;3;0
11;2025-11-05;4;1
11;2025-11-05;5;296
11;2025-11-05;6;1309
11;2025-11-05;7;2465
11;2025-11-05;8;3272
11;2025-11-05;9;2465
11;2025-11-05;10;1921
11;2025-11-05;11;1910
11;2025-11-05;12;1938
11;2025-11-05;13;2083
11;2025-11-05;14;2042
11;2025-11-05;15;2131
11;2025-11-05;16;2289
11;2025-11-05;17;2877
11;2025-11-05;18;3066
11;2025-11-05;19;2281
11;2025-11-05;20;1499
11;2025-11-05;21;899
11;2025-11-05;22;445
11;2025-11-05;23;248
11;2025-11-06;0;70
11;2025-11-06;1;2
11;2025-11-06;2;0
11;2025-11-06;3;0
11;2025-11-06;4;2
11;2025-11-06;5;297
11;2025-11-06;6;1323
11;2025-11-06;7;2432
11;2025-11-06;8;3200
11;2025-11-06;9;2508
11;2025-11-06;10;1985
11;2025-11-06;11;1894
11;2025-11-06;12;1947
11;2025-11-06;13;2085
11;2025-11-06;14;2047
11;2025-11-06;15;2140
11;2025-11-06;16;2332
11;2025-11-06;17;2882
11;2025-11-06;18;3088
11;2025-11-06;19;2264
11;2025-11-06;20;1483
11;2025-11-06;21;916
11;2025-11-06;22;457
11;2025-11-06;23;247
11;2025-11-07;0;75
11;2025-11-07;1;2
11;2025-11-07;2;0
11;2025-11-07;3;0
11;2025-11-07;4;2
11;2025-11-07;5;294
11;2025-11-07;6;1316
11;2025-11-07;7;2391
11;2025-11-07;8;3182
11;2025-11-07;9;2439
11;2025-11-07;10;1940
11;2025-11-07;11;1901
11;2025-11-07;12;1912
11;2025-11-07;13;2050
11;2025-11-07;14;2085
11;2025-11-07;15;2236
11;2025-11-07;16;2452
11;2025-11-07;17;2946
11;2025-11-07;18;2803
11;2025-11-07;19;2155
11;2025-11-07;20;1454
11;2025-11-07;21;893
11;2025-11-07;22;465
11;2025-11-07;23;274
11;2025-11-08;0;105
11;2025-11-08;1;3
11;2025-11-08;2;0
11;2025-11-08;3;0
11;2025-11-08;4;4
11;2025-11-08;5;208
11;2025-11-08;6;779
11;2025-11-08;7;743
11;2025-11-08;8;1055
11;2025-11-08;9;1208
11;2025-11-08;10;1323
11;2025-11-08;11;1723
11;2025-11-08;12;1948
11;2025-11-08;13;1867
11;2025-11-08;14;1909
11;2025-11-08;15;1840
11;2025-11-08;16;1860
11;2025-11-08;17;1885
11;2025-11-08;18;1605
11;2025-11-08;19;1461
11;2025-11-08;20;1109
11;2025-11-08;21;773
11;2025-11-08;22;452
11;2025-11-08;23;319
11;2025-11-09;0;103
11;2025-11-09;1;12
11;2025-11-09;2;1
11;2025-11-09;3;1
11;2025-11-09;4;3
11;2025-11-09;5;124
11;2025-11-09;6;481
11;2025-11-09;7;512
11;2025-11-09;8;646
11;2025-11-09;9;885
11;2025-11-09;10;990
11;2025-11-09;11;1393
11;2025-11-09;12;1563
11;2025-11-09;13;1514
11;2025-11-09;14;1589
11;2025-11-09;15;1625
11;2025-11-09;16;1542
11;2025-11-09;17;1602
11;2025-11-09;18;1293
11;2025-11-09;19;1061
11;2025-11-09;20;861
11;2025-11-09;21;633
11;2025-11-09;22;358
11;2025-11-09;23;250
11;2025-11-10;0;73
11;2025-11-10;1;4
11;2025-11-10;2;0
11;2025-11-10;3;0
11;2025-11-10;4;2
11;2025-11-10;5;292
11;2025-11-10;6;1322
11;2025-11-10;7;2401
11;2025-11-10;8;3186
11;2025-11-10;9;2440
11;2025-11-10;10;1877
11;2025-11-10;11;1866
11;2025-11-10;12;1827
11;2025-11-10;13;1989
11;2025-11-10;14;1971
11;2025-11-10;15;2083
11;2025-11-10;16;2303
11;2025-11-10;17;2841
11;2025-11-10;18;3048
11;2025-11-10;19;2257
11;2025-11-10;20;1461
11;2025-11-10;21;859
11;2025-11-10;22;432
11;2025-11-10;23;226
11;2025-11-11;0;68
11;2025-11-11;1;3
11;2025-11-11;2;0
11;2025-11-11;3;0
11;2025-11-11;4;1
11;2025-11-11;5;290
11;2025-11-11;6;1337
11;2025-11-11;7;2447
11;2025-11-11;8;3257
11;2025-11-11;9;2486
11;2025-11-11;10;1917
11;2025-11-11;11;1871
11;2025-11-11;12;1875
11;2025-11-11;13;2052
11;2025-11-11;14;2040
11;2025-11-11;15;2133
11;2025-11-11;16;2331
11;2025-11-11;17;2895
11;2025-11-11;18;3061
11;2025-11-11;19;2253
11;2025-11-11;20;1468
11;2025-11-11;21;887
11;2025-11-11;22;442
11;2025-11-11;23;233
11;2025-11-12;0;68
11;2025-11-12;1;1
11;2025-11-12;2;0
11;2025-11-12;3;0
11;2025-11-12;4;1
11;2025-11-12;5;296
11;2025-11-12;6;1307
11;2025-11-12;7;2462
11;2025-11-12;8;3267
11;2025-11-12;9;2462
11;2025-11-12;10;1918
11;2025-11-12;11;1907
11;2025-11-12;12;1936
11;2025-11-12;13;2081
11;2025-11-12;14;2039
11;2025-11-12;15;2128
11;2025-11-12;16;2286
11;2025-11-12;17;2873
11;2025-11-12;18;3062
11;2025-11-12;19;2278
11;2025-11-12;20;1497
11;2025-11-12;21;898
11;2025-11-12;22;445
11;2025-11-12;23;247
11;2025-11-13;0;70
11;2025-11-13;1;2
11;2025-11-13;2;0
11;2025-11-13;3;0
11;2025-11-13;4;2
11;2025-11-13;5;296
11;2025-11-13;6;1321
11;2025-11-13;7;2429
11;2025-11-13;8;3195
11;2025-11-13;9;2504
11;2025-11-13;10;1983
11;2025-11-13;11;1892
11;2025-11-13;12;1945
11;2025-11-13;13;2082
11;2025-11-13;14;2045
11;2025-11-13;15;2137
11;2025-11-13;16;2328
11;2025-11-13;17;2878
11;2025-11-13;18;3084
11;2025-11-13;19;2261
11;2025-11-13;20;1481
11;2025-11-13;21;915
11;2025-11-13;22;457
11;2025-11-13;23;247
11;2025-11-14;0;75
11;2025-11-14;1;2
11;2025-11-14;2;0
11;2025-11-14;3;0
11;2025-11-14;4;2
11;2025-11-14;5;294
11;2025-11-14;6;1315
11;2025-11-14;7;2389
11;2025-11-14;8;3180
11;2025-11-14;9;2437
11;2025-11-14;10;1939
11;2025-11-14;11;1900
11;2025-11-14;12;1910
11;2025-11-14;13;2048
11;2025-11-14;14;2083
11;2025-11-14;15;2234
11;2025-11-14;16;2450
11;2025-11-14;17;2943
11;2025-11-14;18;2800
11;2025-11-14;19;2153
11;2025-11-14;20;1452
11;2025-11-14;21;892
11;2025-11-14;22;464
11;2025-11-14;23;274
11;2025-11-15;0;105
11;2025-11-15;1;3
11;2025-11-15;2;0
11;2025-11-15;3;0
11;2025-11-15;4;4
11;2025-11-15;5;208
11;2025-11-15;6;778
11;2025-11-15;7;743
11;2025-11-15;8;1054
11;2025-11-15;9;1208
11;2025-11-15;10;1322
11;2025-11-15;11;1721
11;2025-11-15;12;1946
11;2025-11-15;13;1866
11;2025-11-15;14;1907
11;2025-11-15;15;1838
11;2025-11-15;16;1859
11;2025-11-15;17;1884
11;2025-11-15;18;1604
11;2025-11-15;19;1460
11;2025-11-15;20;1109
11;2025-11-15;21;772
11;2025-11-15;22;451
11;2025-11-15;23;319
11;2025-11-16;0;104
11;2025-11-16;1;12
11;2025-11-16;2;1
11;2025-11-16;3;1
11;2025-11-16;4;3
11;2025-11-16;5;124
11;2025-11-16;6;482
11;2025-11-16;7;513
11;2025-11-16;8;647
11;2025-11-16;9;886
11;2025-11-16;10;992
11;2025-11-16;11;1395
11;2025-11-16;12;1565
11;2025-11-16;13;1516
11;2025-11-16;14;1592
11;2025-11-16;15;1627
11;2025-11-16;16;1544
11;2025-11-16;17;1604
11;2025-11-16;18;1295
11;2025-11-16;19;1063
11;2025-11-16;20;863
11;2025-11-16;21;634
11;2025-11-16;22;359
11;2025-11-16;23;250
11;2025-11-17;0;73
11;2025-11-17;1;4
11;2025-11-17;2;0
11;2025-11-17;3;0
11;2025-11-17;4;2
11;2025-11-17;5;292
11;2025-11-17;6;1322
11;2025-11-17;7;2401
11;2025-11-17;8;3186
11;2025-11-17;9;2440
11;2025-11-17;10;1876
11;2025-11-17;11;1865
11;2025-11-17;12;1827
11;2025-11-17;13;1988
11;2025-11-17;14;1970
11;2025-11-17;15;2083
11;2025-11-17;16;2303
11;2025-11-17;17;2841
11;2025-11-17;18;3048
11;2025-11-17;19;2257
11;2025-11-17;20;1461
11;2025-11-17;21;859
11;2025-11-17;22;432
11;2025-11-17;23;226
11;2025-11-18;0;68
11;2025-11-18;1;3
11;2025-11-18;2;0
11;2025-11-18;3;0
11;2025-11-18;4;1
11;2025-11-18;5;290
11;2025-11-18;6;1337
11;2025-11-18;7;2446
11;2025-11-18;8;3255
11;2025-11-18;9;2485
11;2025-11-18;10;1917
11;2025-11-18;11;1871
11;2025-11-18;12;1874
11;2025-11-18;13;2052
11;2025-11-18;14;2039
11;2025-11-18;15;2132
11;2025-11-18;16;2330
11;2025-11-18;17;2894
11;2025-11-18;18;3060
11;2025-11-18;19;2252
11;2025-11-18;20;1467
11;2025-11-18;21;886
11;2025-11-18;22;441
11;2025-11-18;23;233
11;2025-11-19;0;68
11;2025-11-19;1;1
11;2025-11-19;2;0
11;2025-11-19;3;0
11;2025-11-19;4;1
11;2025-11-19;5;296
11;2025-11-19;6;1307
11;2025-11-19;7;2461
11;2025-11-19;8;3267
11;2025-11-19;9;2461
11;2025-11-19;10;1918
11;2025-11-19;11;1907
11;2025-11-19;12;1935
11;2025-11-19;13;2080
11;2025-11-19;14;2039
11;2025-11-19;15;2128
11;2025-11-19;16;2286
11;2025-11-19;17;2873
11;2025-11-19;18;3061
11;2025-11-19;19;2277
11;2025-11-19;20;1497
11;2025-11-19;21;897
11;2025-11-19;22;445
11;2025-11-19;23;247
11;2025-11-20;0;70
11;2025-11-20;1;2
11;2025-11-20;2;0
11;2025-11-20;3;0
11;2025-11-20;4;2
11;2025-11-20;5;297
11;2025-11-20;6;1321
11;2025-11-20;7;2429
11;2025-11-20;8;3196
11;2025-11-20;9;2505
11;2025-11-20;10;1983
11;2025-11-20;11;1892
11;2025-11-20;12;1945
11;2025-11-20;13;2082
11;2025-11-20;14;2045
11;2025-11-20;15;2137
11;2025-11-20;16;2329
11;2025-11-20;17;2878
11;2025-11-20;18;3085
11;2025-11-20;19;2261
11;2025-11-20;20;1482
11;2025-11-20;21;915
11;2025-11-20;22;457
11;2025-11-20;23;247
11;2025-11-21;0;75
11;2025-11-21;1;2
11;2025-11-21;2;0
11;2025-11-21;3;0
11;2025-11-21;4;2
11;2025-11-21;5;294
11;2025-11-21;6;1315
11;2025-11-21;7;2389
11;2025-11-21;8;3180
11;2025-11-21;9;2437
11;2025-11-21;10;1939
11;2025-11-21;11;1900
11;2025-11-21;12;1910
11;2025-11-21;13;2048
11;2025-11-21;14;2084
11;2025-11-21;15;2235
11;2025-11-21;16;2451
11;2025-11-21;17;2943
11;2025-11-21;18;2801
11;2025-11-21;19;2153
11;2025-11-21;20;1453
11;2025-11-21;21;892
11;2025-11-21;22;464
11;2025-11-21;23;274
11;2025-11-22;0;105
11;2025-11-22;1;3
11;2025-11-22;2;0
11;2025-11-22;3;0
11;2025-11-22;4;4
11;2025-11-22;5;208
11;2025-11-22;6;778
11;2025-11-22;7;742
11;2025-11-22;8;1054
11;2025-11-22;9;1207
11;2025-11-22;10;1322
11;2025-11-22;11;1720
11;2025-11-22;12;1945
11;2025-11-22;13;1864
11;2025-11-22;14;1906
11;2025-11-22;15;1837
11;2025-11-22;16;1858
11;2025-11-22;17;1882
11;2025-11-22;18;1603
11;2025-11-22;19;1460
11;2025-11-22;20;1108
11;2025-11-22;21;772
11;2025-11-22;22;451
11;2025-11-22;23;319
11;2025-11-23;0;104
11;2025-11-23;1;12
11;2025-11-23;2;1
11;2025-11-23;3;1
11;2025-11-23;4;3
11;2025-11-23;5;125
11;2025-11-23;6;483
11;2025-11-23;7;514
11;2025-11-23;8;648
11;2025-11-23;9;887
11;2025-11-23;10;993
11;2025-11-23;11;1397
11;2025-11-23;12;1568
11;2025-11-23;13;1518
11;2025-11-23;14;1594
11;2025-11-23;15;1629
11;2025-11-23;16;1546
11;2025-11-23;17;1606
11;2025-11-23;18;1296
11;2025-11-23;19;1064
11;2025-11-23;20;864
11;2025-11-23;21;635
11;2025-11-23;22;359
11;2025-11-23;23;251
11;2025-11-24;0;73
11;2025-11-24;1;4
11;2025-11-24;2;0
11;2025-11-24;3;0
11;2025-11-24;4;2
11;2025-11-24;5;292
11;2025-11-24;6;1323
11;2025-11-24;7;2401
11;2025-11-24;8;3186
11;2025-11-24;9;2441
11;2025-11-24;10;1877
11;2025-11-24;11;1866
11;2025-11-24;12;1828
11;2025-11-24;13;1989
11;2025-11-24;14;1971
11;2025-11-24;15;2083
11;2025-11-24;16;2303
11;2025-11-24;17;2842
11;2025-11-24;18;3048
11;2025-11-24;19;2257
11;2025-11-24;20;1461
11;2025-11-24;21;859
11;2025-11-24;22;432
11;2025-11-24;23;226
11;2025-11-25;0;68
11;2025-11-25;1;3
11;2025-11-25;2;0
11;2025-11-25;3;0
11;2025-11-25;4;1
11;2025-11-25;5;290
11;2025-11-25;6;1337
11;2025-11-25;7;2447
11;2025-11-25;8;3256
11;2025-11-25;9;2486
11;2025-11-25;10;1917
11;2025-11-25;11;1871
11;2025-11-25;12;1874
11;2025-11-25;13;2052
11;2025-11-25;14;2040
11;2025-11-25;15;2133
11;2025-11-25;16;2331
11;2025-11-25;17;2894
11;2025-11-25;18;3061
11;2025-11-25;19;2252
11;2025-11-25;20;1468
11;2025-11-25;21;886
11;2025-11-25;22;442
11;2025-11-25;23;233
11;2025-11-26;0;68
11;2025-11-26;1;1
11;2025-11-26;2;0
11;2025-11-26;3;0
11;2025-11-26;4;1
11;2025-11-26;5;296
11;2025-11-26;6;1308
11;2025-11-26;7;2463
11;2025-11-26;8;3268
11;2025-11-26;9;2463
11;2025-11-26;10;1919
11;2025-11-26;11;1908
11;2025-11-26;12;1936
11;2025-11-26;13;2081
11;2025-11-26;14;2040
11;2025-11-26;15;2129
11;2025-11-26;16;2287
11;2025-11-26;17;2874
11;2025-11-26;18;3063
11;2025-11-26;19;2278
11;2025-11-26;20;1497
11;2025-11-26;21;898
11;2025-11-26;22;445
11;2025-11-26;23;247
11;2025-11-27;0;70
11;2025-11-27;1;2
11;2025-11-27;2;0
11;2025-11-27;3;0
11;2025-11-27;4;2
11;2025-11-27;5;297
11;2025-11-27;6;1322
11;2025-11-27;7;2430
11;2025-11-27;8;3197
11;2025-11-27;9;2505
11;2025-11-27;10;1984
11;2025-11-27;11;1892
11;2025-11-27;12;1945
11;2025-11-27;13;2083
11;2025-11-27;14;2046
11;2025-11-27;15;2138
11;2025-11-27;16;2329
11;2025-11-27;17;2879
11;2025-11-27;18;3085
11;2025-11-27;19;2262
11;2025-11-27;20;1482
11;2025-11-27;21;915
11;2025-11-27;22;457
11;2025-11-27;23;247
11;2025-11-28;0;75
11;2025-11-28;1;2
11;2025-11-28;2;0
11;2025-11-28;3;0
11;2025-11-28;4;2
11;2025-11-28;5;294
11;2025-11-28;6;1316
11;2025-11-28;7;2390
11;2025-11-28;8;3181
11;2025-11-28;9;2438
11;2025-11-28;10;1940
11;2025-11-28;11;1900
11;2025-11-28;12;1911
11;2025-11-28;13;2049
11;2025-11-28;14;2084
11;2025-11-28;15;2235
11;2025-11-28;16;2451
11;2025-11-28;17;2944
11;2025-11-28;18;2802
11;2025-11-28;19;2154
11;2025-11-28;20;1453
11;2025-11-28;21;893
11;2025-11-28;22;465
11;2025-11-28;23;274
11;2025-11-29;0;105
11;2025-11-29;1;3
11;2025-11-29;2;0
11;2025-11-29;3;0
11;2025-11-29;4;4
11;2025-11-29;5;208
11;2025-11-29;6;777
11;2025-11-29;7;742
11;2025-11-29;8;1053
11;2025-11-29;9;1206
11;2025-11-29;10;1321
11;2025-11-29;11;1720
11;2025-11-29;12;1944
11;2025-11-29;13;1863
11;2025-11-29;14;1905
11;2025-11-29;15;1836
11;2025-11-29;16;1857
11;2025-11-29;17;1881
11;2025-11-29;18;1602
11;2025-11-29;19;1459
11;2025-11-29;20;1107
11;2025-11-29;21;771
11;2025-11-29;22;451
11;2025-11-29;23;319
11;2025-11-30;0;104
11;2025-11-30;1;12
11;2025-11-30;2;1
11;2025-11-30;3;1
11;2025-11-30;4;3
11;2025-11-30;5;125
11;2025-11-30;6;483
11;2025-11-30;7;514
11;2025-11-30;8;649
11;2025-11-30;9;888
11;2025-11-30;10;994
11;2025-11-30;11;1399
11;2025-11-30;12;1570
11;2025-11-30;13;1520
11;2025-11-30;14;1596
11;2025-11-30;15;1631
11;2025-11-30;16;1548
11;2025-11-30;17;1608
11;2025-11-30;18;1298
11;2025-11-30;19;1066
11;2025-11-30;20;865
11;2025-11-30;21;636
11;2025-11-30;22;360
11;2025-11-30;23;251
11;2025-12-01;0;73
11;2025-12-01;1;4
11;2025-12-01;2;0
11;2025-12-01;3;0
11;2025-12-01;4;2
11;2025-12-01;5;292
11;2025-12-01;6;1323
11;2025-12-01;7;2402
11;2025-12-01;8;3187
11;2025-12-01;9;2441
11;2025-12-01;10;1877
11;2025-12-01;11;1866
11;2025-12-01;12;1828
11;2025-12-01;13;1989
11;2025-12-01;14;1971
11;2025-12-01;15;2084
11;2025-12-01;16;2304
11;2025-12-01;17;2842
11;2025-12-01;18;3049
11;2025-12-01;19;2258
11;2025-12-01;20;1462
11;2025-12-01;21;860
11;2025-12-01;22;432
11;2025-12-01;23;226
11;2025-12-02;0;68
11;2025-12-02;1;3
11;2025-12-02;2;0
11;2025-12-02;3;0
11;2025-12-02;4;1
11;2025-12-02;5;290
11;2025-12-02;6;1337
11;2025-12-02;7;2447
11;2025-12-02;8;3257
11;2025-12-02;9;2487
11;2025-12-02;10;1918
11;2025-12-02;11;1872
11;2025-12-02;12;1875
11;2025-12-02;13;2052
11;2025-12-02;14;2040
11;2025-12-02;15;2133
11;2025-12-02;16;2331
11;2025-12-02;17;2895
11;2025-12-02;18;3061
11;2025-12-02;19;2253
11;2025-12-02;20;1468
11;2025-12-02;21;887
11;2025-12-02;22;442
11;2025-12-02;23;233
11;2025-12-03;0;68
11;2025-12-03;1;1
11;2025-12-03;2;0
11;2025-12-03;3;0
11;2025-12-03;4;1
11;2025-12-03;5;296
11;2025-12-03;6;1307
11;2025-12-03;7;2462
11;2025-12-03;8;3268
11;2025-12-03;9;2462
11;2025-12-03;10;1918
11;2025-12-03;11;1907
11;2025-12-03;12;1936
11;2025-12-03;13;2081
11;2025-12-03;14;2039
11;2025-12-03;15;2128
11;2025-12-03;16;2286
11;2025-12-03;17;2873
11;2025-12-03;18;3062
11;2025-12-03;19;2278
11;2025-12-03;20;1497
11;2025-12-03;21;898
11;2025-12-03;22;445
11;2025-12-03;23;247
11;2025-12-04;0;70
11;2025-12-04;1;2
11;2025-12-04;2;0
11;2025-12-04;3;0
11;2025-12-04;4;2
11;2025-12-04;5;296
11;2025-12-04;6;1321
11;2025-12-04;7;2429
11;2025-12-04;8;3196
11;2025-12-04;9;2504
11;2025-12-04;10;1983
11;2025-12-04;11;1892
11;2025-12-04;12;1945
11;2025-12-04;13;2082
11;2025-12-04;14;2045
11;2025-12-04;15;2137
11;2025-12-04;16;2329
11;2025-12-04;17;2878
11;2025-12-04;18;3084
11;2025-12-04;19;2261
11;2025-12-04;20;1481
11;2025-12-04;21;915
11;2025-12-04;22;457
11;2025-12-04;23;247
11;2025-12-05;0;75
11;2025-12-05;1;2
11;2025-12-05;2;0
11;2025-12-05;3;0
11;2025-12-05;4;2
11;2025-12-05;5;294
11;2025-12-05;6;1315
11;2025-12-05;7;2389
11;2025-12-05;8;3180
11;2025-12-05;9;2437
11;2025-12-05;10;1939
11;2025-12-05;11;1900
11;2025-12-05;12;1910
11;2025-12-05;13;2048
11;2025-12-05;14;2084
11;2025-12-05;15;2235
11;2025-12-05;16;2450
11;2025-12-05;17;2943
11;2025-12-05;18;2801
11;2025-12-05;19;2153
11;2025-12-05;20;1452
11;2025-12-05;21;892
11;2025-12-05;22;464
11;2025-12-05;23;274
11;2025-12-06;0;105
11;2025-12-06;1;3
11;2025-12-06;2;0
11;2025-12-06;3;0
11;2025-12-06;4;4
11;2025-12-06;5;208
11;2025-12-06;6;777
11;2025-12-06;7;742
11;2025-12-06;8;1052
11;2025-12-06;9;1206
11;2025-12-06;10;1320
11;2025-12-06;11;1719
11;2025-12-06;12;1943
11;2025-12-06;13;1862
11;2025-12-06;14;1904
11;2025-12-06;15;1835
11;2025-12-06;16;1856
11;2025-12-06;17;1880
11;2025-12-06;18;1601
11;2025-12-06;19;1458
11;2025-12-06;20;1107
11;2025-12-06;21;771
11;2025-12-06;22;450
11;2025-12-06;23;319
11;2025-12-07;0;104
11;2025-12-07;1;12
11;2025-12-07;2;1
11;2025-12-07;3;1
11;2025-12-07;4;3
11;2025-12-07;5;125
11;2025-12-07;6;484
11;2025-12-07;7;515
11;2025-12-07;8;649
11;2025-12-07;9;889
11;2025-12-07;10;995
11;2025-12-07;11;1400
11;2025-12-07;12;1571
11;2025-12-07;13;1521
11;2025-12-07;14;1598
11;2025-12-07;15;1633
11;2025-12-07;16;1550
11;2025-12-07;17;1610
11;2025-12-07;18;1300
11;2025-12-07;19;1067
11;2025-12-07;20;866
11;2025-12-07;21;636
11;2025-12-07;22;360
11;2025-12-07;23;251
11;2025-12-08;0;73
11;2025-12-08;1;4
11;2025-12-08;2;0
11;2025-12-08;3;0
11;2025-12-08;4;2
11;2025-12-08;5;292
11;2025-12-08;6;1322
11;2025-12-08;7;2401
11;2025-12-08;8;3186
11;2025-12-08;9;2440
11;2025-12-08;10;1876
11;2025-12-08;11;1865
11;2025-12-08;12;1827
11;2025-12-08;13;1988
11;2025-12-08;14;1970
11;2025-12-08;15;2083
11;2025-12-08;16;2303
11;2025-12-08;17;2841
11;2025-12-08;18;3048
11;2025-12-08;19;2257
11;2025-12-08;20;1461
11;2025-12-08;21;859
11;2025-12-08;22;432
11;2025-12-08;23;226
11;2025-12-09;0;68
11;2025-12-09;1;3
11;2025-12-09;2;0
11;2025-12-09;3;0
11;2025-12-09;4;1
11;2025-12-09;5;290
11;2025-12-09;6;1337
11;2025-12-09;7;2446
11;2025-12-09;8;3256
11;2025-12-09;9;2486
11;2025-12-09;10;1917
11;2025-12-09;11;1871
11;2025-12-09;12;1874
11;2025-12-09;13;2052
11;2025-12-09;14;2039
11;2025-12-09;15;2133
11;2025-12-09;16;2331
11;2025-12-09;17;2894
11;2025-12-09;18;3060
11;2025-12-09;19;2252
11;2025-12-09;20;1468
11;2025-12-09;21;886
11;2025-12-09;22;441
11;2025-12-09;23;233
11;2025-12-10;0;68
11;2025-12-10;1;1
11;2025-12-10;2;0
11;2025-12-10;3;0
11;2025-12-10;4;1
11;2025-12-10;5;296
11;2025-12-10;6;1307
11;2025-12-10;7;2461
11;2025-12-10;8;3266
11;2025-12-10;9;2461
11;2025-12-10;10;1917
11;2025-12-10;11;1907
11;2025-12-10;12;1935
11;2025-12-10;13;2080
11;2025-12-10;14;2039
11;2025-12-10;15;2128
11;2025-12-10;16;2285
11;2025-12-10;17;2872
11;2025-12-10;18;3061
11;2025-12-10;19;2277
11;2025-12-10;20;1496
11;2025-12-10;21;897
11;2025-12-10;22;445
11;2025-12-10;23;247
11;2025-12-11;0;70
11;2025-12-11;1;2
11;2025-12-11;2;0
11;2025-12-11;3;0
11;2025-12-11;4;2
11;2025-12-11;5;296
11;2025-12-11;6;1321
11;2025-12-11;7;2428
11;2025-12-11;8;3194
11;2025-12-11;9;2503
11;2025-12-11;10;1982
11;2025-12-11;11;1891
11;2025-12-11;12;1944
11;2025-12-11;13;2081
11;2025-12-11;14;2044
11;2025-12-11;15;2136
11;2025-12-11;16;2328
11;2025-12-11;17;2877
11;2025-12-11;18;3083
11;2025-12-11;19;2260
11;2025-12-11;20;1481
11;2025-12-11;21;914
11;2025-12-11;22;457
11;2025-12-11;23;247
11;2025-12-12;0;75
11;2025-12-12;1;2
11;2025-12-12;2;0
11;2025-12-12;3;0
11;2025-12-12;4;2
11;2025-12-12;5;294
11;2025-12-12;6;1315
11;2025-12-12;7;2389
11;2025-12-12;8;3180
11;2025-12-12;9;2437
11;2025-12-12;10;1939
11;2025-12-12;11;1900
11;2025-12-12;12;1910
11;2025-12-12;13;2048
11;2025-12-12;14;2084
11;2025-12-12;15;2235
11;2025-12-12;16;2451
11;2025-12-12;17;2944
11;2025-12-12;18;2801
11;2025-12-12;19;2153
11;2025-12-12;20;1453
11;2025-12-12;21;892
11;2025-12-12;22;464
11;2025-12-12;23;274
11;2025-12-13;0;105
11;2025-12-13;1;3
11;2025-12-13;2;0
11;2025-12-13;3;0
11;2025-12-13;4;4
11;2025-12-13;5;208
11;2025-12-13;6;776
11;2025-12-13;7;741
11;2025-12-13;8;1052
11;2025-12-13;9;1205
11;2025-12-13;10;1320
11;2025-12-13;11;1718
11;2025-12-13;12;1942
11;2025-12-13;13;1862
11;2025-12-13;14;1903
11;2025-12-13;15;1835
11;2025-12-13;16;1855
11;2025-12-13;17;1880
11;2025-12-13;18;1600
11;2025-12-13;19;1457
11;2025-12-13;20;1106
11;2025-12-13;21;770
11;2025-12-13;22;450
11;2025-12-13;23;319
11;2025-12-14;0;104
11;2025-12-14;1;12
11;2025-12-14;2;1
11;2025-12-14;3;1
11;2025-12-14;4;3
11;2025-12-14;5;125
11;2025-12-14;6;485
11;2025-12-14;7;516
11;2025-12-14;8;650
11;2025-12-14;9;890
11;2025-12-14;10;997
11;2025-12-14;11;1402
11;2025-12-14;12;1573
11;2025-12-14;13;1523
11;2025-12-14;14;1600
11;2025-12-14;15;1635
11;2025-12-14;16;1552
11;2025-12-14;17;1612
11;2025-12-14;18;1301
11;2025-12-14;19;1068
11;2025-12-14;20;867
11;2025-12-14;21;637
11;2025-12-14;22;361
11;2025-12-14;23;252
11;2025-12-15;0;73
11;2025-12-15;1;4
11;2025-12-15;2;0
11;2025-12-15;3;0
11;2025-12-15;4;2
11;2025-12-15;5;292
11;2025-12-15;6;1323
11;2025-12-15;7;2402
11;2025-12-15;8;3187
11;2025-12-15;9;2441
11;2025-12-15;10;1877
11;2025-12-15;11;1866
11;2025-12-15;12;1828
11;2025-12-15;13;1989
11;2025-12-15;14;1971
11;2025-12-15;15;2084
11;2025-12-15;16;2304
11;2025-12-15;17;2842
11;2025-12-15;18;3049
11;2025-12-15;19;2258
11;2025-12-15;20;1462
11;2025-12-15;21;860
11;2025-12-15;22;432
11;2025-12-15;23;226
11;2025-12-16;0;68
11;2025-12-16;1;3
11;2025-12-16;2;0
11;2025-12-16;3;0
11;2025-12-16;4;1
11;2025-12-16;5;290
11;2025-12-16;6;1337
11;2025-12-16;7;2447
11;2025-12-16;8;3257
11;2025-12-16;9;2487
11;2025-12-16;10;1918
11;2025-12-16;11;1872
11;2025-12-16;12;1875
11;2025-12-16;13;2053
11;2025-12-16;14;2040
11;2025-12-16;15;2134
11;2025-12-16;16;2332
11;2025-12-16;17;2895
11;2025-12-16;18;3062
11;2025-12-16;19;2253
11;2025-12-16;20;1468
11;2025-12-16;21;887
11;2025-12-16;22;442
11;2025-12-16;23;233
11;2025-12-17;0;68
11;2025-12-17;1;1
11;2025-12-17;2;0
11;2025-12-17;3;0
11;2025-12-17;4;1
11;2025-12-17;5;296
11;2025-12-17;6;1307
11;2025-12-17;7;2462
11;2025-12-17;8;3268
11;2025-12-17;9;2462
11;2025-12-17;10;1918
11;2025-12-17;11;1907
11;2025-12-17;12;1936
11;2025-12-17;13;2081
11;2025-12-17;14;2039
11;2025-12-17;15;2129
11;2025-12-17;16;2286
11;2025-12-17;17;2874
11;2025-12-17;18;3063
11;2025-12-17;19;2278
11;2025-12-17;20;1497
11;2025-12-17;21;898
11;2025-12-17;22;445
11;2025-12-17;23;247
11;2025-12-18;0;70
11;2025-12-18;1;2
11;2025-12-18;2;0
11;2025-12-18;3;0
11;2025-12-18;4;2
11;2025-12-18;5;297
11;2025-12-18;6;1321
11;2025-12-18;7;2429
11;2025-12-18;8;3196
11;2025-12-18;9;2505
11;2025-12-18;10;1983
11;2025-12-18;11;1892
11;2025-12-18;12;1945
11;2025-12-18;13;2082
11;2025-12-18;14;2045
11;2025-12-18;15;2137
11;2025-12-18;16;2329
11;2025-12-18;17;2878
11;2025-12-18;18;3084
11;2025-12-18;19;2261
11;2025-12-18;20;1481
11;2025-12-18;21;915
11;2025-12-18;22;457
11;2025-12-18;23;247
11;2025-12-19;0;75
11;2025-12-19;1;2
11;2025-12-19;2;0
11;2025-12-19;3;0
11;2025-12-19;4;2
11;2025-12-19;5;294
11;2025-12-19;6;1315
11;2025-12-19;7;2389
11;2025-12-19;8;3180
11;2025-12-19;9;2437
11;2025-12-19;10;1939
11;2025-12-19;11;1900
11;2025-12-19;12;1910
11;2025-12-19;13;2048
11;2025-12-19;14;2084
11;2025-12-19;15;2235
11;2025-12-19;16;2451
11;2025-12-19;17;2944
11;2025-12-19;18;2801
11;2025-12-19;19;2153
11;2025-12-19;20;1453
11;2025-12-19;21;892
11;2025-12-19;22;464
11;2025-12-19;23;274
11;2025-12-20;0;105
11;2025-12-20;1;3
11;2025-12-20;2;0
11;2025-12-20;3;0
11;2025-12-20;4;4
11;2025-12-20;5;208
11;2025-12-20;6;776
11;2025-12-20;7;741
11;2025-12-20;8;1051
11;2025-12-20;9;1204
11;2025-12-20;10;1319
11;2025-12-20;11;1717
11;2025-12-20;12;1941
11;2025-12-20;13;1861
11;2025-12-20;14;1903
11;2025-12-20;15;1834
11;2025-12-20;16;1854
11;2025-12-20;17;1879
11;2025-12-20;18;1600
11;2025-12-20;19;1457
11;2025-12-20;20;1106
11;2025-12-20;21;770
11;2025-12-20;22;450
11;2025-12-20;23;318
11;2025-12-21;0;104
11;2025-12-21;1;12
11;2025-12-21;2;1
11;2025-12-21;3;1
11;2025-12-21;4;3
11;2025-12-21;5;125
11;2025-12-21;6;485
11;2025-12-21;7;516
11;2025-12-21;8;651
11;2025-12-21;9;891
11;2025-12-21;10;998
11;2025-12-21;11;1403
11;2025-12-21;12;1575
11;2025-12-21;13;1525
11;2025-12-21;14;1601
11;2025-12-21;15;1637
11;2025-12-21;16;1553
11;2025-12-21;17;1614
11;2025-12-21;18;1302
11;2025-12-21;19;1069
11;2025-12-21;20;868
11;2025-12-21;21;638
11;2025-12-21;22;361
11;2025-12-21;23;252
11;2025-12-22;0;73
11;2025-12-22;1;4
11;2025-12-22;2;0
11;2025-12-22;3;0
11;2025-12-22;4;2
11;2025-12-22;5;292
11;2025-12-22;6;1322
11;2025-12-22;7;2401
11;2025-12-22;8;3186
11;2025-12-22;9;2441
11;2025-12-22;10;1877
11;2025-12-22;11;1866
11;2025-12-22;12;1828
11;2025-12-22;13;1989
11;2025-12-22;14;1971
11;2025-12-22;15;2083
11;2025-12-22;16;2303
11;2025-12-22;17;2842
11;2025-12-22;18;3048
11;2025-12-22;19;2257
11;2025-12-22;20;1461
11;2025-12-22;21;859
11;2025-12-22;22;432
11;2025-12-22;23;226
11;2025-12-23;0;68
11;2025-12-23;1;3
11;2025-12-23;2;0
11;2025-12-23;3;0
11;2025-12-23;4;1
11;2025-12-23;5;290
11;2025-12-23;6;1337
11;2025-12-23;7;2446
11;2025-12-23;8;3256
11;2025-12-23;9;2486
11;2025-12-23;10;1917
11;2025-12-23;11;1871
11;2025-12-23;12;1874
11;2025-12-23;13;2052
11;2025-12-23;14;2040
11;2025-12-23;15;2133
11;2025-12-23;16;2331
11;2025-12-23;17;2894
11;2025-12-23;18;3061
11;2025-12-23;19;2252
11;2025-12-23;20;1468
11;2025-12-23;21;886
11;2025-12-23;22;442
11;2025-12-23;23;233
11;2025-12-24;0;68
11;2025-12-24;1;1
11;2025-12-24;2;0
11;2025-12-24;3;0
11;2025-12-24;4;1
11;2025-12-24;5;296
11;2025-12-24;6;1307
11;2025-12-24;7;2463
11;2025-12-24;8;3268
11;2025-12-24;9;2463
11;2025-12-24;10;1919
11;2025-12-24;11;1908
11;2025-12-24;12;1936
11;2025-12-24;13;2081
11;2025-12-24;14;2040
11;2025-12-24;15;2129
11;2025-12-24;16;2287
11;2025-12-24;17;2874
11;2025-12-24;18;3063
11;2025-12-24;19;2278
11;2025-12-24;20;1497
11;2025-12-24;21;898
11;2025-12-24;22;445
11;2025-12-24;23;247
11;2025-12-25;0;70
11;2025-12-25;1;2
11;2025-12-25;2;0
11;2025-12-25;3;0
11;2025-12-25;4;2
11;2025-12-25;5;296
11;2025-12-25;6;1321
11;2025-12-25;7;2428
11;2025-12-25;8;3195
11;2025-12-25;9;2504
11;2025-12-25;10;1982
11;2025-12-25;11;1891
11;2025-12-25;12;1944
11;2025-12-25;13;2081
11;2025-12-25;14;2044
11;2025-12-25;15;2136
11;2025-12-25;16;2328
11;2025-12-25;17;2877
11;2025-12-25;18;3083
11;2025-12-25;19;2260
11;2025-12-25;20;1481
11;2025-12-25;21;914
11;2025-12-25;22;457
11;2025-12-25;23;247
11;2025-12-26;0;75
11;2025-12-26;1;2
11;2025-12-26;2;0
11;2025-12-26;3;0
11;2025-12-26;4;2
11;2025-12-26;5;294
11;2025-12-26;6;1315
11;2025-12-26;7;2388
11;2025-12-26;8;3179
11;2025-12-26;9;2437
11;2025-12-26;10;1939
11;2025-12-26;11;1899
11;2025-12-26;12;1910
11;2025-12-26;13;2048
11;2025-12-26;14;2083
11;2025-12-26;15;2234
11;2025-12-26;16;2450
11;2025-12-26;17;2943
11;2025-12-26;18;2800
11;2025-12-26;19;2153
11;2025-12-26;20;1452
11;2025-12-26;21;892
11;2025-12-26;22;464
11;2025-12-26;23;274
11;2025-12-27;0;105
11;2025-12-27;1;3
11;2025-12-27;2;0
11;2025-12-27;3;0
11;2025-12-27;4;4
11;2025-12-27;5;208
11;2025-12-27;6;776
11;2025-12-27;7;741
11;2025-12-27;8;1051
11;2025-12-27;9;1204
11;2025-12-27;10;1318
11;2025-12-27;11;1716
11;2025-12-27;12;1940
11;2025-12-27;13;1860
11;2025-12-27;14;1902
11;2025-12-27;15;1833
11;2025-12-27;16;1853
11;2025-12-27;17;1878
11;2025-12-27;18;1599
11;2025-12-27;19;1456
11;2025-12-27;20;1105
11;2025-12-27;21;770
11;2025-12-27;22;450
11;2025-12-27;23;318
11;2025-12-28;0;104
11;2025-12-28;1;12
11;2025-12-28;2;1
11;2025-12-28;3;1
11;2025-12-28;4;3
11;2025-12-28;5;125
11;2025-12-28;6;486
11;2025-12-28;7;517
11;2025-12-28;8;651
11;2025-12-28;9;892
11;2025-12-28;10;999
11;2025-12-28;11;1405
11;2025-12-28;12;1576
11;2025-12-28;13;1526
11;2025-12-28;14;1603
11;2025-12-28;15;1638
11;2025-12-28;16;1555
11;2025-12-28;17;1615
11;2025-12-28;18;1304
11;2025-12-28;19;1070
11;2025-12-28;20;869
11;2025-12-28;21;638
11;2025-12-28;22;362
11;2025-12-28;23;252
11;2025-12-29;0;73
11;2025-12-29;1;4
11;2025-12-29;2;0
11;2025-12-29;3;0
11;2025-12-29;4;2
11;2025-12-29;5;292
11;2025-12-29;6;1323
11;2025-12-29;7;2401
11;2025-12-29;8;3187
11;2025-12-29;9;2441
11;2025-12-29;10;1877
11;2025-12-29;11;1866
11;2025-12-29;12;1828
11;2025-12-29;13;1989
11;2025-12-29;14;1971
11;2025-12-29;15;2083
11;2025-12-29;16;2303
11;2025-12-29;17;2842
11;2025-12-29;18;3049
11;2025-12-29;19;2258
11;2025-12-29;20;1461
11;2025-12-29;21;859
11;2025-12-29;22;432
11;2025-12-29;23;226
11;2025-12-30;0;68
11;2025-12-30;1;3
11;2025-12-30;2;0
11;2025-12-30;3;0
11;2025-12-30;4;1
11;2025-12-30;5;290
11;2025-12-30;6;1337
11;2025-12-30;7;2447
11;2025-12-30;8;3256
11;2025-12-30;9;2486
11;2025-12-30;10;1917
11;2025-12-30;11;1871
11;2025-12-30;12;1875
11;2025-12-30;13;2052
11;2025-12-30;14;2040
11;2025-12-30;15;2133
11;2025-12-30;16;2331
11;2025-12-30;17;2895
11;2025-12-30;18;3061
11;2025-12-30;19;2253
11;2025-12-30;20;1468
11;2025-12-30;21;886
11;2025-12-30;22;442
11;2025-12-30;23;233
11;2025-12-31;0;100
11;2025-12-31;1;12
11;2025-12-31;2;1
11;2025-12-31;3;1
11;2025-12-31;4;3
11;2025-12-31;5;130
11;2025-12-31;6;489
11;2025-12-31;7;512
11;2025-12-31;8;641
11;2025-12-31;9;863
11;2025-12-31;10;959
11;2025-12-31;11;1359
11;2025-12-31;12;1524
11;2025-12-31;13;1471
11;2025-12-31;14;1568
11;2025-12-31;15;1607
11;2025-12-31;16;1527
11;2025-12-31;17;1556
11;2025-12-31;18;1288
11;2025-12-31;19;1082
11;2025-12-31;20;876
11;2025-12-31;21;648
11;2025-12-31;22;365
11;2025-12-31;23;257
12;2025-11-01;0;57
12;2025-11-01;1;2
12;2025-11-01;2;0
12;2025-11-01;3;0
12;2025-11-01;4;6
12;2025-11-01;5;339
12;2025-11-01;6;1430
12;2025-11-01;7;2815
12;2025-11-01;8;3733
12;2025-11-01;9;2573
12;2025-11-01;10;2126
12;2025-11-01;11;2091
12;2025-11-01;12;2149
12;2025-11-01;13;2142
12;2025-11-01;14;2129
12;2025-11-01;15;2401
12;2025-11-01;16;2910
12;2025-11-01;17;3164
12;2025-11-01;18;3236
12;2025-11-01;19;2512
12;2025-11-01;20;1586
12;2025-11-01;21;967
12;2025-11-01;22;510
12;2025-11-01;23;269
12;2025-11-02;0;84
12;2025-11-02;1;7
12;2025-11-02;2;0
12;2025-11-02;3;0
12;2025-11-02;4;2
12;2025-11-02;5;154
12;2025-11-02;6;523
12;2025-11-02;7;637
12;2025-11-02;8;730
12;2025-11-02;9;939
12;2025-11-02;10;1135
12;2025-11-02;11;1279
12;2025-11-02;12;1344
12;2025-11-02;13;1593
12;2025-11-02;14;1503
12;2025-11-02;15;1372
12;2025-11-02;16;1481
12;2025-11-02;17;1474
12;2025-11-02;18;1274
12;2025-11-02;19;1017
12;2025-11-02;20;754
12;2025-11-02;21;594
12;2025-11-02;22;390
12;2025-11-02;23;216
12;2025-11-03;0;81
12;2025-11-03;1;7
12;2025-11-03;2;0
12;2025-11-03;3;0
12;2025-11-03;4;2
12;2025-11-03;5;154
12;2025-11-03;6;530
12;2025-11-03;7;634
12;2025-11-03;8;717
12;2025-11-03;9;915
12;2025-11-03;10;1092
12;2025-11-03;11;1243
12;2025-11-03;12;1312
12;2025-11-03;13;1561
12;2025-11-03;14;1474
12;2025-11-03;15;1343
12;2025-11-03;16;1444
12;2025-11-03;17;1424
12;2025-11-03;18;1265
12;2025-11-03;19;1023
12;2025-11-03;20;756
12;2025-11-03;21;595
12;2025-11-03;22;391
12;2025-11-03;23;217
12;2025-11-04;0;81
12;2025-11-04;1;7
12;2025-11-04;2;0
12;2025-11-04;3;0
12;2025-11-04;4;2
12;2025-11-04;5;154
12;2025-11-04;6;531
12;2025-11-04;7;636
12;2025-11-04;8;718
12;2025-11-04;9;917
12;2025-11-04;10;1095
12;2025-11-04;11;1245
12;2025-11-04;12;1314
12;2025-11-04;13;1564
12;2025-11-04;14;1477
12;2025-11-04;15;1345
12;2025-11-04;16;1447
12;2025-11-04;17;1427
12;2025-11-04;18;1267
12;2025-11-04;19;1025
12;2025-11-04;20;758
12;2025-11-04;21;596
12;2025-11-04;22;391
12;2025-11-04;23;218
12;2025-11-05;0;57
12;2025-11-05;1;2
12;2025-11-05;2;0
12;2025-11-05;3;0
12;2025-11-05;4;6
12;2025-11-05;5;338
12;2025-11-05;6;1430
12;2025-11-05;7;2760
12;2025-11-05;8;3646
12;2025-11-05;9;2581
12;2025-11-05;10;2126
12;2025-11-05;11;2085
12;2025-11-05;12;2128
12;2025-11-05;13;2132
12;2025-11-05;14;2114
12;2025-11-05;15;2362
12;2025-11-05;16;2856
12;2025-11-05;17;3109
12;2025-11-05;18;3222
12;2025-11-05;19;2501
12;2025-11-05;20;1557
12;2025-11-05;21;972
12;2025-11-05;22;510
12;2025-11-05;23;268
12;2025-11-06;0;55
12;2025-11-06;1;2
12;2025-11-06;2;0
12;2025-11-06;3;0
12;2025-11-06;4;6
12;2025-11-06;5;330
12;2025-11-06;6;1392
12;2025-11-06;7;2759
12;2025-11-06;8;3658
12;2025-11-06;9;2509
12;2025-11-06;10;2090
12;2025-11-06;11;2072
12;2025-11-06;12;2136
12;2025-11-06;13;2120
12;2025-11-06;14;2114
12;2025-11-06;15;2364
12;2025-11-06;16;2854
12;2025-11-06;17;3129
12;2025-11-06;18;3218
12;2025-11-06;19;2515
12;2025-11-06;20;1580
12;2025-11-06;21;951
12;2025-11-06;22;507
12;2025-11-06;23;271
12;2025-11-07;0;58
12;2025-11-07;1;3
12;2025-11-07;2;0
12;2025-11-07;3;0
12;2025-11-07;4;6
12;2025-11-07;5;326
12;2025-11-07;6;1390
12;2025-11-07;7;2721
12;2025-11-07;8;3586
12;2025-11-07;9;2472
12;2025-11-07;10;2039
12;2025-11-07;11;2050
12;2025-11-07;12;2095
12;2025-11-07;13;2107
12;2025-11-07;14;2138
12;2025-11-07;15;2420
12;2025-11-07;16;2988
12;2025-11-07;17;3078
12;2025-11-07;18;2918
12;2025-11-07;19;2363
12;2025-11-07;20;1536
12;2025-11-07;21;971
12;2025-11-07;22;523
12;2025-11-07;23;287
12;2025-11-08;0;89
12;2025-11-08;1;5
12;2025-11-08;2;0
12;2025-11-08;3;0
12;2025-11-08;4;3
12;2025-11-08;5;241
12;2025-11-08;6;848
12;2025-11-08;7;930
12;2025-11-08;8;1044
12;2025-11-08;9;1240
12;2025-11-08;10;1487
12;2025-11-08;11;1554
12;2025-11-08;12;1550
12;2025-11-08;13;1823
12;2025-11-08;14;1718
12;2025-11-08;15;1588
12;2025-11-08;16;1656
12;2025-11-08;17;1586
12;2025-11-08;18;1523
12;2025-11-08;19;1450
12;2025-11-08;20;1031
12;2025-11-08;21;728
12;2025-11-08;22;439
12;2025-11-08;23;298
12;2025-11-09;0;84
12;2025-11-09;1;7
12;2025-11-09;2;0
12;2025-11-09;3;0
12;2025-11-09;4;2
12;2025-11-09;5;154
12;2025-11-09;6;524
12;2025-11-09;7;637
12;2025-11-09;8;730
12;2025-11-09;9;940
12;2025-11-09;10;1135
12;2025-11-09;11;1280
12;2025-11-09;12;1344
12;2025-11-09;13;1594
12;2025-11-09;14;1503
12;2025-11-09;15;1372
12;2025-11-09;16;1482
12;2025-11-09;17;1475
12;2025-11-09;18;1275
12;2025-11-09;19;1018
12;2025-11-09;20;754
12;2025-11-09;21;594
12;2025-11-09;22;390
12;2025-11-09;23;216
12;2025-11-10;0;61
12;2025-11-10;1;3
12;2025-11-10;2;0
12;2025-11-10;3;0
12;2025-11-10;4;6
12;2025-11-10;5;329
12;2025-11-10;6;1383
12;2025-11-10;7;2717
12;2025-11-10;8;3586
12;2025-11-10;9;2492
12;2025-11-10;10;2019
12;2025-11-10;11;1966
12;2025-11-10;12;2060
12;2025-11-10;13;2043
12;2025-11-10;14;2020
12;2025-11-10;15;2292
12;2025-11-10;16;2770
12;2025-11-10;17;3047
12;2025-11-10;18;3182
12;2025-11-10;19;2435
12;2025-11-10;20;1551
12;2025-11-10;21;924
12;2025-11-10;22;474
12;2025-11-10;23;250
12;2025-11-11;0;53
12;2025-11-11;1;2
12;2025-11-11;2;0
12;2025-11-11;3;0
12;2025-11-11;4;6
12;2025-11-11;5;336
12;2025-11-11;6;1412
12;2025-11-11;7;2788
12;2025-11-11;8;3734
12;2025-11-11;9;2555
12;2025-11-11;10;2119
12;2025-11-11;11;2077
12;2025-11-11;12;2107
12;2025-11-11;13;2124
12;2025-11-11;14;2096
12;2025-11-11;15;2326
12;2025-11-11;16;2847
12;2025-11-11;17;3121
12;2025-11-11;18;3230
12;2025-11-11;19;2512
12;2025-11-11;20;1559
12;2025-11-11;21;938
12;2025-11-11;22;495
12;2025-11-11;23;255
12;2025-11-12;0;57
12;2025-11-12;1;2
12;2025-11-12;2;0
12;2025-11-12;3;0
12;2025-11-12;4;6
12;2025-11-12;5;337
12;2025-11-12;6;1426
12;2025-11-12;7;2753
12;2025-11-12;8;3636
12;2025-11-12;9;2574
12;2025-11-12;10;2120
12;2025-11-12;11;2079
12;2025-11-12;12;2122
12;2025-11-12;13;2126
12;2025-11-12;14;2108
12;2025-11-12;15;2355
12;2025-11-12;16;2848
12;2025-11-12;17;3101
12;2025-11-12;18;3213
12;2025-11-12;19;2494
12;2025-11-12;20;1552
12;2025-11-12;21;969
12;2025-11-12;22;509
12;2025-11-12;23;267
12;2025-11-13;0;55
12;2025-11-13;1;2
12;2025-11-13;2;0
12;2025-11-13;3;0
12;2025-11-13;4;6
12;2025-11-13;5;329
12;2025-11-13;6;1390
12;2025-11-13;7;2754
12;2025-11-13;8;3652
12;2025-11-13;9;2505
12;2025-11-13;10;2087
12;2025-11-13;11;2068
12;2025-11-13;12;2133
12;2025-11-13;13;2116
12;2025-11-13;14;2110
12;2025-11-13;15;2360
12;2025-11-13;16;2849
12;2025-11-13;17;3124
12;2025-11-13;18;3213
12;2025-11-13;19;2511
12;2025-11-13;20;1578
12;2025-11-13;21;949
12;2025-11-13;22;506
12;2025-11-13;23;271
12;2025-11-14;0;58
12;2025-11-14;1;3
12;2025-11-14;2;0
12;2025-11-14;3;0
12;2025-11-14;4;6
12;2025-11-14;5;326
12;2025-11-14;6;1388
12;2025-11-14;7;2718
12;2025-11-14;8;3582
12;2025-11-14;9;2469
12;2025-11-14;10;2037
12;2025-11-14;11;2048
12;2025-11-14;12;2092
12;2025-11-14;13;2105
12;2025-11-14;14;2135
12;2025-11-14;15;2417
12;2025-11-14;16;2985
12;2025-11-14;17;3074
12;2025-11-14;18;2914
12;2025-11-14;19;2360
12;2025-11-14;20;1534
12;2025-11-14;21;969
12;2025-11-14;22;522
12;2025-11-14;23;287
12;2025-11-15;0;88
12;2025-11-15;1;5
12;2025-11-15;2;0
12;2025-11-15;3;0
12;2025-11-15;4;3
12;2025-11-15;5;241
12;2025-11-15;6;846
12;2025-11-15;7;929
12;2025-11-15;8;1043
12;2025-11-15;9;1239
12;2025-11-15;10;1485
12;2025-11-15;11;1552
12;2025-11-15;12;1548
12;2025-11-15;13;1821
12;2025-11-15;14;1716
12;2025-11-15;15;1586
12;2025-11-15;16;1654
12;2025-11-15;17;1584
12;2025-11-15;18;1521
12;2025-11-15;19;1448
12;2025-11-15;20;1030
12;2025-11-15;21;727
12;2025-11-15;22;438
12;2025-11-15;23;297
12;2025-11-16;0;84
12;2025-11-16;1;7
12;2025-11-16;2;0
12;2025-11-16;3;0
12;2025-11-16;4;2
12;2025-11-16;5;154
12;2025-11-16;6;524
12;2025-11-16;7;637
12;2025-11-16;8;731
12;2025-11-16;9;940
12;2025-11-16;10;1136
12;2025-11-16;11;1281
12;2025-11-16;12;1345
12;2025-11-16;13;1595
12;2025-11-16;14;1504
12;2025-11-16;15;1373
12;2025-11-16;16;1483
12;2025-11-16;17;1475
12;2025-11-16;18;1276
12;2025-11-16;19;1018
12;2025-11-16;20;755
12;2025-11-16;21;595
12;2025-11-16;22;390
12;2025-11-16;23;216
12;2025-11-17;0;61
12;2025-11-17;1;3
12;2025-11-17;2;0
12;2025-11-17;3;0
12;2025-11-17;4;6
12;2025-11-17;5;329
12;2025-11-17;6;1383
12;2025-11-17;7;2715
12;2025-11-17;8;3584
12;2025-11-17;9;2490
12;2025-11-17;10;2018
12;2025-11-17;11;1965
12;2025-11-17;12;2059
12;2025-11-17;13;2042
12;2025-11-17;14;2019
12;2025-11-17;15;2291
12;2025-11-17;16;2769
12;2025-11-17;17;3045
12;2025-11-17;18;3180
12;2025-11-17;19;2434
12;2025-11-17;20;1550
12;2025-11-17;21;923
12;2025-11-17;22;474
12;2025-11-17;23;250
12;2025-11-18;0;53
12;2025-11-18;1;2
12;2025-11-18;2;0
12;2025-11-18;3;0
12;2025-11-18;4;6
12;2025-11-18;5;336
12;2025-11-18;6;1411
12;2025-11-18;7;2785
12;2025-11-18;8;3731
12;2025-11-18;9;2553
12;2025-11-18;10;2118
12;2025-11-18;11;2075
12;2025-11-18;12;2105
12;2025-11-18;13;2122
12;2025-11-18;14;2094
12;2025-11-18;15;2325
12;2025-11-18;16;2844
12;2025-11-18;17;3118
12;2025-11-18;18;3228
12;2025-11-18;19;2511
12;2025-11-18;20;1558
12;2025-11-18;21;937
12;2025-11-18;22;494
12;2025-11-18;23;255
12;2025-11-19;0;57
12;2025-11-19;1;2
12;2025-11-19;2;0
12;2025-11-19;3;0
12;2025-11-19;4;6
12;2025-11-19;5;337
12;2025-11-19;6;1425
12;2025-11-19;7;2751
12;2025-11-19;8;3633
12;2025-11-19;9;2572
12;2025-11-19;10;2119
12;2025-11-19;11;2078
12;2025-11-19;12;2120
12;2025-11-19;13;2124
12;2025-11-19;14;2107
12;2025-11-19;15;2353
12;2025-11-19;16;2847
12;2025-11-19;17;3098
12;2025-11-19;18;3211
12;2025-11-19;19;2492
12;2025-11-19;20;1551
12;2025-11-19;21;969
12;2025-11-19;22;509
12;2025-11-19;23;267
12;2025-11-20;0;55
12;2025-11-20;1;2
12;2025-11-20;2;0
12;2025-11-20;3;0
12;2025-11-20;4;6
12;2025-11-20;5;329
12;2025-11-20;6;1390
12;2025-11-20;7;2754
12;2025-11-20;8;3652
12;2025-11-20;9;2504
12;2025-11-20;10;2087
12;2025-11-20;11;2068
12;2025-11-20;12;2132
12;2025-11-20;13;2116
12;2025-11-20;14;2110
12;2025-11-20;15;2360
12;2025-11-20;16;2848
12;2025-11-20;17;3123
12;2025-11-20;18;3212
12;2025-11-20;19;2511
12;2025-11-20;20;1577
12;2025-11-20;21;949
12;2025-11-20;22;506
12;2025-11-20;23;270
12;2025-11-21;0;58
12;2025-11-21;1;3
12;2025-11-21;2;0
12;2025-11-21;3;0
12;2025-11-21;4;6
12;2025-11-21;5;326
12;2025-11-21;6;1388
12;2025-11-21;7;2717
12;2025-11-21;8;3581
12;2025-11-21;9;2469
12;2025-11-21;10;2036
12;2025-11-21;11;2047
12;2025-11-21;12;2092
12;2025-11-21;13;2104
12;2025-11-21;14;2134
12;2025-11-21;15;2416
12;2025-11-21;16;2984
12;2025-11-21;17;3074
12;2025-11-21;18;2913
12;2025-11-21;19;2359
12;2025-11-21;20;1534
12;2025-11-21;21;969
12;2025-11-21;22;522
12;2025-11-21;23;287
12;2025-11-22;0;88
12;2025-11-22;1;5
12;2025-11-22;2;0
12;2025-11-22;3;0
12;2025-11-22;4;3
12;2025-11-22;5;240
12;2025-11-22;6;845
12;2025-11-22;7;928
12;2025-11-22;8;1041
12;2025-11-22;9;1237
12;2025-11-22;10;1484
12;2025-11-22;11;1550
12;2025-11-22;12;1546
12;2025-11-22;13;1818
12;2025-11-22;14;1714
12;2025-11-22;15;1584
12;2025-11-22;16;1652
12;2025-11-22;17;1582
12;2025-11-22;18;1519
12;2025-11-22;19;1447
12;2025-11-22;20;1028
12;2025-11-22;21;726
12;2025-11-22;22;438
12;2025-11-22;23;297
12;2025-11-23;0;85
12;2025-11-23;1;7
12;2025-11-23;2;0
12;2025-11-23;3;0
12;2025-11-23;4;2
12;2025-11-23;5;154
12;2025-11-23;6;524
12;2025-11-23;7;638
12;2025-11-23;8;731
12;2025-11-23;9;941
12;2025-11-23;10;1136
12;2025-11-23;11;1281
12;2025-11-23;12;1346
12;2025-11-23;13;1595
12;2025-11-23;14;1505
12;2025-11-23;15;1374
12;2025-11-23;16;1483
12;2025-11-23;17;1476
12;2025-11-23;18;1276
12;2025-11-23;19;1019
12;2025-11-23;20;755
12;2025-11-23;21;595
12;2025-11-23;22;390
12;2025-11-23;23;216
12;2025-11-24;0;61
12;2025-11-24;1;3
12;2025-11-24;2;0
12;2025-11-24;3;0
12;2025-11-24;4;6
12;2025-11-24;5;329
12;2025-11-24;6;1382
12;2025-11-24;7;2715
12;2025-11-24;8;3584
12;2025-11-24;9;2490
12;2025-11-24;10;2018
12;2025-11-24;11;1965
12;2025-11-24;12;2058
12;2025-11-24;13;2042
12;2025-11-24;14;2019
12;2025-11-24;15;2290
12;2025-11-24;16;2769
12;2025-11-24;17;3045
12;2025-11-24;18;3180
12;2025-11-24;19;2434
12;2025-11-24;20;1550
12;2025-11-24;21;923
12;2025-11-24;22;474
12;2025-11-24;23;250
12;2025-11-25;0;53
12;2025-11-25;1;2
12;2025-11-25;2;0
12;2025-11-25;3;0
12;2025-11-25;4;6
12;2025-11-25;5;336
12;2025-11-25;6;1411
12;2025-11-25;7;2785
12;2025-11-25;8;3730
12;2025-11-25;9;2553
12;2025-11-25;10;2117
12;2025-11-25;11;2075
12;2025-11-25;12;2105
12;2025-11-25;13;2122
12;2025-11-25;14;2094
12;2025-11-25;15;2324
12;2025-11-25;16;2844
12;2025-11-25;17;3118
12;2025-11-25;18;3228
12;2025-11-25;19;2510
12;2025-11-25;20;1557
12;2025-11-25;21;937
12;2025-11-25;22;494
12;2025-11-25;23;255
12;2025-11-26;0;57
12;2025-11-26;1;2
12;2025-11-26;2;0
12;2025-11-26;3;0
12;2025-11-26;4;6
12;2025-11-26;5;337
12;2025-11-26;6;1426
12;2025-11-26;7;2752
12;2025-11-26;8;3634
12;2025-11-26;9;2573
12;2025-11-26;10;2120
12;2025-11-26;11;2078
12;2025-11-26;12;2121
12;2025-11-26;13;2125
12;2025-11-26;14;2107
12;2025-11-26;15;2354
12;2025-11-26;16;2847
12;2025-11-26;17;3099
12;2025-11-26;18;3212
12;2025-11-26;19;2493
12;2025-11-26;20;1552
12;2025-11-26;21;969
12;2025-11-26;22;509
12;2025-11-26;23;267
12;2025-11-27;0;55
12;2025-11-27;1;2
12;2025-11-27;2;0
12;2025-11-27;3;0
12;2025-11-27;4;6
12;2025-11-27;5;329
12;2025-11-27;6;1390
12;2025-11-27;7;2753
12;2025-11-27;8;3651
12;2025-11-27;9;2504
12;2025-11-27;10;2086
12;2025-11-27;11;2068
12;2025-11-27;12;2132
12;2025-11-27;13;2115
12;2025-11-27;14;2109
12;2025-11-27;15;2359
12;2025-11-27;16;2848
12;2025-11-27;17;3123
12;2025-11-27;18;3212
12;2025-11-27;19;2510
12;2025-11-27;20;1577
12;2025-11-27;21;949
12;2025-11-27;22;506
12;2025-11-27;23;270
12;2025-11-28;0;58
12;2025-11-28;1;3
12;2025-11-28;2;0
12;2025-11-28;3;0
12;2025-11-28;4;6
12;2025-11-28;5;326
12;2025-11-28;6;1388
12;2025-11-28;7;2718
12;2025-11-28;8;3581
12;2025-11-28;9;2469
12;2025-11-28;10;2037
12;2025-11-28;11;2048
12;2025-11-28;12;2092
12;2025-11-28;13;2105
12;2025-11-28;14;2135
12;2025-11-28;15;2417
12;2025-11-28;16;2985
12;2025-11-28;17;3074
12;2025-11-28;18;2914
12;2025-11-28;19;2360
12;2025-11-28;20;1534
12;2025-11-28;21;969
12;2025-11-28;22;522
12;2025-11-28;23;287
12;2025-11-29;0;88
12;2025-11-29;1;5
12;2025-11-29;2;0
12;2025-11-29;3;0
12;2025-11-29;4;3
12;2025-11-29;5;240
12;2025-11-29;6;844
12;2025-11-29;7;927
12;2025-11-29;8;1040
12;2025-11-29;9;1236
12;2025-11-29;10;1482
12;2025-11-29;11;1549
12;2025-11-29;12;1544
12;2025-11-29;13;1816
12;2025-11-29;14;1712
12;2025-11-29;15;1583
12;2025-11-29;16;1650
12;2025-11-29;17;1580
12;2025-11-29;18;1517
12;2025-11-29;19;1445
12;2025-11-29;20;1027
12;2025-11-29;21;725
12;2025-11-29;22;437
12;2025-11-29;23;297
12;2025-11-30;0;85
12;2025-11-30;1;7
12;2025-11-30;2;0
12;2025-11-30;3;0
12;2025-11-30;4;2
12;2025-11-30;5;154
12;2025-11-30;6;524
12;2025-11-30;7;638
12;2025-11-30;8;731
12;2025-11-30;9;941
12;2025-11-30;10;1137
12;2025-11-30;11;1282
12;2025-11-30;12;1346
12;2025-11-30;13;1596
12;2025-11-30;14;1505
12;2025-11-30;15;1374
12;2025-11-30;16;1484
12;2025-11-30;17;1477
12;2025-11-30;18;1277
12;2025-11-30;19;1019
12;2025-11-30;20;755
12;2025-11-30;21;595
12;2025-11-30;22;390
12;2025-11-30;23;216
12;2025-12-01;0;61
12;2025-12-01;1;3
12;2025-12-01;2;0
12;2025-12-01;3;0
12;2025-12-01;4;6
12;2025-12-01;5;329
12;2025-12-01;6;1382
12;2025-12-01;7;2715
12;2025-12-01;8;3583
12;2025-12-01;9;2490
12;2025-12-01;10;2017
12;2025-12-01;11;1964
12;2025-12-01;12;2058
12;2025-12-01;13;2042
12;2025-12-01;14;2019
12;2025-12-01;15;2290
12;2025-12-01;16;2768
12;2025-12-01;17;3044
12;2025-12-01;18;3179
12;2025-12-01;19;2433
12;2025-12-01;20;1550
12;2025-12-01;21;923
12;2025-12-01;22;474
12;2025-12-01;23;250
12;2025-12-02;0;53
12;2025-12-02;1;2
12;2025-12-02;2;0
12;2025-12-02;3;0
12;2025-12-02;4;6
12;2025-12-02;5;336
12;2025-12-02;6;1411
12;2025-12-02;7;2784
12;2025-12-02;8;3730
12;2025-12-02;9;2552
12;2025-12-02;10;2117
12;2025-12-02;11;2075
12;2025-12-02;12;2105
12;2025-12-02;13;2121
12;2025-12-02;14;2094
12;2025-12-02;15;2324
12;2025-12-02;16;2843
12;2025-12-02;17;3117
12;2025-12-02;18;3227
12;2025-12-02;19;2510
12;2025-12-02;20;1557
12;2025-12-02;21;937
12;2025-12-02;22;494
12;2025-12-02;23;255
12;2025-12-03;0;56
12;2025-12-03;1;2
12;2025-12-03;2;0
12;2025-12-03;3;0
12;2025-12-03;4;6
12;2025-12-03;5;336
12;2025-12-03;6;1425
12;2025-12-03;7;2750
12;2025-12-03;8;3631
12;2025-12-03;9;2571
12;2025-12-03;10;2118
12;2025-12-03;11;2077
12;2025-12-03;12;2119
12;2025-12-03;13;2123
12;2025-12-03;14;2106
12;2025-12-03;15;2352
12;2025-12-03;16;2845
12;2025-12-03;17;3097
12;2025-12-03;18;3209
12;2025-12-03;19;2491
12;2025-12-03;20;1551
12;2025-12-03;21;968
12;2025-12-03;22;508
12;2025-12-03;23;267
12;2025-12-04;0;55
12;2025-12-04;1;2
12;2025-12-04;2;0
12;2025-12-04;3;0
12;2025-12-04;4;6
12;2025-12-04;5;329
12;2025-12-04;6;1388
12;2025-12-04;7;2751
12;2025-12-04;8;3648
12;2025-12-04;9;2502
12;2025-12-04;10;2085
12;2025-12-04;11;2066
12;2025-12-04;12;2130
12;2025-12-04;13;2114
12;2025-12-04;14;2108
12;2025-12-04;15;2357
12;2025-12-04;16;2846
12;2025-12-04;17;3120
12;2025-12-04;18;3209
12;2025-12-04;19;2508
12;2025-12-04;20;1576
12;2025-12-04;21;948
12;2025-12-04;22;505
12;2025-12-04;23;270
12;2025-12-05;0;58
12;2025-12-05;1;3
12;2025-12-05;2;0
12;2025-12-05;3;0
12;2025-12-05;4;6
12;2025-12-05;5;325
12;2025-12-05;6;1387
12;2025-12-05;7;2716
12;2025-12-05;8;3579
12;2025-12-05;9;2468
12;2025-12-05;10;2035
12;2025-12-05;11;2046
12;2025-12-05;12;2091
12;2025-12-05;13;2103
12;2025-12-05;14;2133
12;2025-12-05;15;2415
12;2025-12-05;16;2982
12;2025-12-05;17;3072
12;2025-12-05;18;2912
12;2025-12-05;19;2358
12;2025-12-05;20;1533
12;2025-12-05;21;969
12;2025-12-05;22;522
12;2025-12-05;23;287
12;2025-12-06;0;88
12;2025-12-06;1;5
12;2025-12-06;2;0
12;2025-12-06;3;0
12;2025-12-06;4;3
12;2025-12-06;5;240
12;2025-12-06;6;844
12;2025-12-06;7;926
12;2025-12-06;8;1039
12;2025-12-06;9;1234
12;2025-12-06;10;1480
12;2025-12-06;11;1547
12;2025-12-06;12;1542
12;2025-12-06;13;1814
12;2025-12-06;14;1710
12;2025-12-06;15;1581
12;2025-12-06;16;1648
12;2025-12-06;17;1578
12;2025-12-06;18;1516
12;2025-12-06;19;1443
12;2025-12-06;20;1026
12;2025-12-06;21;725
12;2025-12-06;22;437
12;2025-12-06;23;296
12;2025-12-07;0;85
12;2025-12-07;1;7
12;2025-12-07;2;0
12;2025-12-07;3;0
12;2025-12-07;4;2
12;2025-12-07;5;155
12;2025-12-07;6;525
12;2025-12-07;7;638
12;2025-12-07;8;732
12;2025-12-07;9;942
12;2025-12-07;10;1137
12;2025-12-07;11;1282
12;2025-12-07;12;1347
12;2025-12-07;13;1597
12;2025-12-07;14;1506
12;2025-12-07;15;1375
12;2025-12-07;16;1485
12;2025-12-07;17;1477
12;2025-12-07;18;1277
12;2025-12-07;19;1019
12;2025-12-07;20;756
12;2025-12-07;21;595
12;2025-12-07;22;391
12;2025-12-07;23;216
12;2025-12-08;0;61
12;2025-12-08;1;3
12;2025-12-08;2;0
12;2025-12-08;3;0
12;2025-12-08;4;6
12;2025-12-08;5;329
12;2025-12-08;6;1381
12;2025-12-08;7;2713
12;2025-12-08;8;3581
12;2025-12-08;9;2488
12;2025-12-08;10;2016
12;2025-12-08;11;1963
12;2025-12-08;12;2057
12;2025-12-08;13;2040
12;2025-12-08;14;2017
12;2025-12-08;15;2288
12;2025-12-08;16;2766
12;2025-12-08;17;3042
12;2025-12-08;18;3177
12;2025-12-08;19;2432
12;2025-12-08;20;1548
12;2025-12-08;21;922
12;2025-12-08;22;474
12;2025-12-08;23;250
12;2025-12-09;0;53
12;2025-12-09;1;2
12;2025-12-09;2;0
12;2025-12-09;3;0
12;2025-12-09;4;6
12;2025-12-09;5;336
12;2025-12-09;6;1410
12;2025-12-09;7;2782
12;2025-12-09;8;3727
12;2025-12-09;9;2550
12;2025-12-09;10;2115
12;2025-12-09;11;2073
12;2025-12-09;12;2103
12;2025-12-09;13;2120
12;2025-12-09;14;2092
12;2025-12-09;15;2322
12;2025-12-09;16;2841
12;2025-12-09;17;3115
12;2025-12-09;18;3225
12;2025-12-09;19;2508
12;2025-12-09;20;1556
12;2025-12-09;21;936
12;2025-12-09;22;494
12;2025-12-09;23;254
12;2025-12-10;0;56
12;2025-12-10;1;2
12;2025-12-10;2;0
12;2025-12-10;3;0
12;2025-12-10;4;6
12;2025-12-10;5;336
12;2025-12-10;6;1424
12;2025-12-10;7;2748
12;2025-12-10;8;3629
12;2025-12-10;9;2569
12;2025-12-10;10;2117
12;2025-12-10;11;2075
12;2025-12-10;12;2118
12;2025-12-10;13;2122
12;2025-12-10;14;2104
12;2025-12-10;15;2351
12;2025-12-10;16;2843
12;2025-12-10;17;3095
12;2025-12-10;18;3207
12;2025-12-10;19;2489
12;2025-12-10;20;1549
12;2025-12-10;21;968
12;2025-12-10;22;508
12;2025-12-10;23;267
12;2025-12-11;0;55
12;2025-12-11;1;2
12;2025-12-11;2;0
12;2025-12-11;3;0
12;2025-12-11;4;6
12;2025-12-11;5;329
12;2025-12-11;6;1388
12;2025-12-11;7;2749
12;2025-12-11;8;3646
12;2025-12-11;9;2500
12;2025-12-11;10;2083
12;2025-12-11;11;2065
12;2025-12-11;12;2129
12;2025-12-11;13;2112
12;2025-12-11;14;2106
12;2025-12-11;15;2356
12;2025-12-11;16;2844
12;2025-12-11;17;3118
12;2025-12-11;18;3207
12;2025-12-11;19;2506
12;2025-12-11;20;1575
12;2025-12-11;21;947
12;2025-12-11;22;505
12;2025-12-11;23;270
12;2025-12-12;0;58
12;2025-12-12;1;3
12;2025-12-12;2;0
12;2025-12-12;3;0
12;2025-12-12;4;6
12;2025-12-12;5;325
12;2025-12-12;6;1387
12;2025-12-12;7;2715
12;2025-12-12;8;3578
12;2025-12-12;9;2467
12;2025-12-12;10;2035
12;2025-12-12;11;2046
12;2025-12-12;12;2090
12;2025-12-12;13;2103
12;2025-12-12;14;2133
12;2025-12-12;15;2415
12;2025-12-12;16;2982
12;2025-12-12;17;3071
12;2025-12-12;18;2911
12;2025-12-12;19;2358
12;2025-12-12;20;1533
12;2025-12-12;21;968
12;2025-12-12;22;522
12;2025-12-12;23;287
12;2025-12-13;0;88
12;2025-12-13;1;5
12;2025-12-13;2;0
12;2025-12-13;3;0
12;2025-12-13;4;3
12;2025-12-13;5;240
12;2025-12-13;6;843
12;2025-12-13;7;925
12;2025-12-13;8;1038
12;2025-12-13;9;1233
12;2025-12-13;10;1479
12;2025-12-13;11;1545
12;2025-12-13;12;1541
12;2025-12-13;13;1812
12;2025-12-13;14;1708
12;2025-12-13;15;1579
12;2025-12-13;16;1647
12;2025-12-13;17;1577
12;2025-12-13;18;1514
12;2025-12-13;19;1442
12;2025-12-13;20;1025
12;2025-12-13;21;724
12;2025-12-13;22;436
12;2025-12-13;23;296
12;2025-12-14;0;85
12;2025-12-14;1;7
12;2025-12-14;2;0
12;2025-12-14;3;0
12;2025-12-14;4;2
12;2025-12-14;5;155
12;2025-12-14;6;525
12;2025-12-14;7;638
12;2025-12-14;8;732
12;2025-12-14;9;942
12;2025-12-14;10;1138
12;2025-12-14;11;1283
12;2025-12-14;12;1347
12;2025-12-14;13;1597
12;2025-12-14;14;1507
12;2025-12-14;15;1375
12;2025-12-14;16;1485
12;2025-12-14;17;1478
12;2025-12-14;18;1278
12;2025-12-14;19;1020
12;2025-12-14;20;756
12;2025-12-14;21;596
12;2025-12-14;22;391
12;2025-12-14;23;216
12;2025-12-15;0;61
12;2025-12-15;1;3
12;2025-12-15;2;0
12;2025-12-15;3;0
12;2025-12-15;4;6
12;2025-12-15;5;329
12;2025-12-15;6;1381
12;2025-12-15;7;2713
12;2025-12-15;8;3581
12;2025-12-15;9;2488
12;2025-12-15;10;2016
12;2025-12-15;11;1963
12;2025-12-15;12;2057
12;2025-12-15;13;2040
12;2025-12-15;14;2018
12;2025-12-15;15;2289
12;2025-12-15;16;2766
12;2025-12-15;17;3042
12;2025-12-15;18;3177
12;2025-12-15;19;2432
12;2025-12-15;20;1549
12;2025-12-15;21;922
12;2025-12-15;22;474
12;2025-12-15;23;250
12;2025-12-16;0;53
12;2025-12-16;1;2
12;2025-12-16;2;0
12;2025-12-16;3;0
12;2025-12-16;4;6
12;2025-12-16;5;336
12;2025-12-16;6;1410
12;2025-12-16;7;2783
12;2025-12-16;8;3728
12;2025-12-16;9;2551
12;2025-12-16;10;2116
12;2025-12-16;11;2074
12;2025-12-16;12;2103
12;2025-12-16;13;2120
12;2025-12-16;14;2093
12;2025-12-16;15;2323
12;2025-12-16;16;2842
12;2025-12-16;17;3116
12;2025-12-16;18;3225
12;2025-12-16;19;2508
12;2025-12-16;20;1556
12;2025-12-16;21;937
12;2025-12-16;22;494
12;2025-12-16;23;254
12;2025-12-17;0;56
12;2025-12-17;1;2
12;2025-12-17;2;0
12;2025-12-17;3;0
12;2025-12-17;4;6
12;2025-12-17;5;336
12;2025-12-17;6;1424
12;2025-12-17;7;2748
12;2025-12-17;8;3630
12;2025-12-17;9;2569
12;2025-12-17;10;2117
12;2025-12-17;11;2075
12;2025-12-17;12;2118
12;2025-12-17;13;2122
12;2025-12-17;14;2105
12;2025-12-17;15;2351
12;2025-12-17;16;2844
12;2025-12-17;17;3095
12;2025-12-17;18;3208
12;2025-12-17;19;2489
12;2025-12-17;20;1550
12;2025-12-17;21;968
12;2025-12-17;22;508
12;2025-12-17;23;267
12;2025-12-18;0;55
12;2025-12-18;1;2
12;2025-12-18;2;0
12;2025-12-18;3;0
12;2025-12-18;4;6
12;2025-12-18;5;329
12;2025-12-18;6;1388
12;2025-12-18;7;2750
12;2025-12-18;8;3646
12;2025-12-18;9;2501
12;2025-12-18;10;2084
12;2025-12-18;11;2065
12;2025-12-18;12;2129
12;2025-12-18;13;2113
12;2025-12-18;14;2106
12;2025-12-18;15;2356
12;2025-12-18;16;2844
12;2025-12-18;17;3119
12;2025-12-18;18;3208
12;2025-12-18;19;2507
12;2025-12-18;20;1575
12;2025-12-18;21;947
12;2025-12-18;22;505
12;2025-12-18;23;270
12;2025-12-19;0;58
12;2025-12-19;1;3
12;2025-12-19;2;0
12;2025-12-19;3;0
12;2025-12-19;4;6
12;2025-12-19;5;325
12;2025-12-19;6;1387
12;2025-12-19;7;2714
12;2025-12-19;8;3577
12;2025-12-19;9;2466
12;2025-12-19;10;2034
12;2025-12-19;11;2045
12;2025-12-19;12;2090
12;2025-12-19;13;2102
12;2025-12-19;14;2132
12;2025-12-19;15;2414
12;2025-12-19;16;2981
12;2025-12-19;17;3070
12;2025-12-19;18;2910
12;2025-12-19;19;2357
12;2025-12-19;20;1532
12;2025-12-19;21;968
12;2025-12-19;22;522
12;2025-12-19;23;287
12;2025-12-20;0;88
12;2025-12-20;1;5
12;2025-12-20;2;0
12;2025-12-20;3;0
12;2025-12-20;4;3
12;2025-12-20;5;239
12;2025-12-20;6;842
12;2025-12-20;7;924
12;2025-12-20;8;1037
12;2025-12-20;9;1232
12;2025-12-20;10;1477
12;2025-12-20;11;1544
12;2025-12-20;12;1539
12;2025-12-20;13;1811
12;2025-12-20;14;1706
12;2025-12-20;15;1578
12;2025-12-20;16;1645
12;2025-12-20;17;1575
12;2025-12-20;18;1513
12;2025-12-20;19;1441
12;2025-12-20;20;1024
12;2025-12-20;21;723
12;2025-12-20;22;436
12;2025-12-20;23;296
12;2025-12-21;0;85
12;2025-12-21;1;7
12;2025-12-21;2;0
12;2025-12-21;3;0
12;2025-12-21;4;2
12;2025-12-21;5;155
12;2025-12-21;6;525
12;2025-12-21;7;639
12;2025-12-21;8;732
12;2025-12-21;9;942
12;2025-12-21;10;1138
12;2025-12-21;11;1283
12;2025-12-21;12;1348
12;2025-12-21;13;1598
12;2025-12-21;14;1507
12;2025-12-21;15;1376
12;2025-12-21;16;1486
12;2025-12-21;17;1479
12;2025-12-21;18;1278
12;2025-12-21;19;1020
12;2025-12-21;20;756
12;2025-12-21;21;596
12;2025-12-21;22;391
12;2025-12-21;23;216
12;2025-12-22;0;61
12;2025-12-22;1;3
12;2025-12-22;2;0
12;2025-12-22;3;0
12;2025-12-22;4;6
12;2025-12-22;5;328
12;2025-12-22;6;1380
12;2025-12-22;7;2711
12;2025-12-22;8;3579
12;2025-12-22;9;2487
12;2025-12-22;10;2015
12;2025-12-22;11;1962
12;2025-12-22;12;2056
12;2025-12-22;13;2039
12;2025-12-22;14;2016
12;2025-12-22;15;2287
12;2025-12-22;16;2765
12;2025-12-22;17;3040
12;2025-12-22;18;3175
12;2025-12-22;19;2430
12;2025-12-22;20;1548
12;2025-12-22;21;922
12;2025-12-22;22;474
12;2025-12-22;23;250
12;2025-12-23;0;53
12;2025-12-23;1;2
12;2025-12-23;2;0
12;2025-12-23;3;0
12;2025-12-23;4;6
12;2025-12-23;5;335
12;2025-12-23;6;1409
12;2025-12-23;7;2781
12;2025-12-23;8;3725
12;2025-12-23;9;2549
12;2025-12-23;10;2114
12;2025-12-23;11;2072
12;2025-12-23;12;2102
12;2025-12-23;13;2119
12;2025-12-23;14;2091
12;2025-12-23;15;2321
12;2025-12-23;16;2840
12;2025-12-23;17;3114
12;2025-12-23;18;3223
12;2025-12-23;19;2507
12;2025-12-23;20;1555
12;2025-12-23;21;936
12;2025-12-23;22;493
12;2025-12-23;23;254
12;2025-12-24;0;56
12;2025-12-24;1;2
12;2025-12-24;2;0
12;2025-12-24;3;0
12;2025-12-24;4;6
12;2025-12-24;5;336
12;2025-12-24;6;1423
12;2025-12-24;7;2746
12;2025-12-24;8;3627
12;2025-12-24;9;2568
12;2025-12-24;10;2116
12;2025-12-24;11;2074
12;2025-12-24;12;2117
12;2025-12-24;13;2121
12;2025-12-24;14;2103
12;2025-12-24;15;2349
12;2025-12-24;16;2842
12;2025-12-24;17;3093
12;2025-12-24;18;3206
12;2025-12-24;19;2488
12;2025-12-24;20;1549
12;2025-12-24;21;967
12;2025-12-24;22;508
12;2025-12-24;23;267
12;2025-12-25;0;55
12;2025-12-25;1;2
12;2025-12-25;2;0
12;2025-12-25;3;0
12;2025-12-25;4;6
12;2025-12-25;5;329
12;2025-12-25;6;1387
12;2025-12-25;7;2748
12;2025-12-25;8;3644
12;2025-12-25;9;2499
12;2025-12-25;10;2082
12;2025-12-25;11;2064
12;2025-12-25;12;2128
12;2025-12-25;13;2111
12;2025-12-25;14;2105
12;2025-12-25;15;2355
12;2025-12-25;16;2842
12;2025-12-25;17;3117
12;2025-12-25;18;3206
12;2025-12-25;19;2505
12;2025-12-25;20;1574
12;2025-12-25;21;947
12;2025-12-25;22;505
12;2025-12-25;23;270
12;2025-12-26;0;58
12;2025-12-26;1;3
12;2025-12-26;2;0
12;2025-12-26;3;0
12;2025-12-26;4;6
12;2025-12-26;5;325
12;2025-12-26;6;1386
12;2025-12-26;7;2713
12;2025-12-26;8;3575
12;2025-12-26;9;2465
12;2025-12-26;10;2033
12;2025-12-26;11;2044
12;2025-12-26;12;2089
12;2025-12-26;13;2101
12;2025-12-26;14;2131
12;2025-12-26;15;2413
12;2025-12-26;16;2979
12;2025-12-26;17;3069
12;2025-12-26;18;2909
12;2025-12-26;19;2356
12;2025-12-26;20;1532
12;2025-12-26;21;968
12;2025-12-26;22;521
12;2025-12-26;23;287
12;2025-12-27;0;88
12;2025-12-27;1;5
12;2025-12-27;2;0
12;2025-12-27;3;0
12;2025-12-27;4;3
12;2025-12-27;5;239
12;2025-12-27;6;841
12;2025-12-27;7;923
12;2025-12-27;8;1036
12;2025-12-27;9;1231
12;2025-12-27;10;1476
12;2025-12-27;11;1542
12;2025-12-27;12;1538
12;2025-12-27;13;1809
12;2025-12-27;14;1705
12;2025-12-27;15;1576
12;2025-12-27;16;1643
12;2025-12-27;17;1574
12;2025-12-27;18;1511
12;2025-12-27;19;1439
12;2025-12-27;20;1023
12;2025-12-27;21;722
12;2025-12-27;22;435
12;2025-12-27;23;295
12;2025-12-28;0;85
12;2025-12-28;1;7
12;2025-12-28;2;0
12;2025-12-28;3;0
12;2025-12-28;4;2
12;2025-12-28;5;155
12;2025-12-28;6;525
12;2025-12-28;7;639
12;2025-12-28;8;732
12;2025-12-28;9;943
12;2025-12-28;10;1138
12;2025-12-28;11;1284
12;2025-12-28;12;1348
12;2025-12-28;13;1598
12;2025-12-28;14;1508
12;2025-12-28;15;1376
12;2025-12-28;16;1486
12;2025-12-28;17;1479
12;2025-12-28;18;1279
12;2025-12-28;19;1021
12;2025-12-28;20;757
12;2025-12-28;21;596
12;2025-12-28;22;391
12;2025-12-28;23;216
12;2025-12-29;0;61
12;2025-12-29;1;3
12;2025-12-29;2;0
12;2025-12-29;3;0
12;2025-12-29;4;6
12;2025-12-29;5;328
12;2025-12-29;6;1380
12;2025-12-29;7;2711
12;2025-12-29;8;3578
12;2025-12-29;9;2486
12;2025-12-29;10;2015
12;2025-12-29;11;1962
12;2025-12-29;12;2055
12;2025-12-29;13;2039
12;2025-12-29;14;2016
12;2025-12-29;15;2287
12;2025-12-29;16;2764
12;2025-12-29;17;3040
12;2025-12-29;18;3175
12;2025-12-29;19;2430
12;2025-12-29;20;1547
12;2025-12-29;21;922
12;2025-12-29;22;473
12;2025-12-29;23;250
12;2025-12-30;0;53
12;2025-12-30;1;2
12;2025-12-30;2;0
12;2025-12-30;3;0
12;2025-12-30;4;6
12;2025-12-30;5;335
12;2025-12-30;6;1409
12;2025-12-30;7;2781
12;2025-12-30;8;3725
12;2025-12-30;9;2549
12;2025-12-30;10;2114
12;2025-12-30;11;2072
12;2025-12-30;12;2102
12;2025-12-30;13;2118
12;2025-12-30;14;2091
12;2025-12-30;15;2321
12;2025-12-30;16;2840
12;2025-12-30;17;3113
12;2025-12-30;18;3223
12;2025-12-30;19;2506
12;2025-12-30;20;1555
12;2025-12-30;21;936
12;2025-12-30;22;493
12;2025-12-30;23;254
12;2025-12-31;0;81
12;2025-12-31;1;7
12;2025-12-31;2;0
12;2025-12-31;3;0
12;2025-12-31;4;2
12;2025-12-31;5;155
12;2025-12-31;6;533
12;2025-12-31;7;638
12;2025-12-31;8;721
12;2025-12-31;9;920
12;2025-12-31;10;1098
12;2025-12-31;11;1249
12;2025-12-31;12;1319
12;2025-12-31;13;1570
12;2025-12-31;14;1482
12;2025-12-31;15;1350
12;2025-12-31;16;1452
12;2025-12-31;17;1432
12;2025-12-31;18;1272
12;2025-12-31;19;1028
12;2025-12-31;20;760
12;2025-12-31;21;598
12;2025-12-31;22;393
12;2025-12-31;23;219
17;2025-11-01;0;123
17;2025-11-01;1;11
17;2025-11-01;2;0
17;2025-11-01;3;0
17;2025-11-01;4;27
17;2025-11-01;5;326
17;2025-11-01;6;1563
17;2025-11-01;7;4127
17;2025-11-01;8;5456
17;2025-11-01;9;3876
17;2025-11-01;10;3049
17;2025-11-01;11;2999
17;2025-11-01;12;3048
17;2025-11-01;13;3102
17;2025-11-01;14;3197
17;2025-11-01;15;3367
17;2025-11-01;16;3820
17;2025-11-01;17;4606
17;2025-11-01;18;4906
17;2025-11-01;19;3449
17;2025-11-01;20;2400
17;2025-11-01;21;1507
17;2025-11-01;22;808
17;2025-11-01;23;385
17;2025-11-02;0;169
17;2025-11-02;1;23
17;2025-11-02;2;1
17;2025-11-02;3;1
17;2025-11-02;4;4
17;2025-11-02;5;102
17;2025-11-02;6;408
17;2025-11-02;7;731
17;2025-11-02;8;1160
17;2025-11-02;9;1596
17;2025-11-02;10;1849
17;2025-11-02;11;2325
17;2025-11-02;12;2701
17;2025-11-02;13;2947
17;2025-11-02;14;3049
17;2025-11-02;15;3057
17;2025-11-02;16;3040
17;2025-11-02;17;2861
17;2025-11-02;18;2489
17;2025-11-02;19;2003
17;2025-11-02;20;1553
17;2025-11-02;21;1124
17;2025-11-02;22;701
17;2025-11-02;23;316
17;2025-11-03;0;163
17;2025-11-03;1;22
17;2025-11-03;2;1
17;2025-11-03;3;1
17;2025-11-03;4;4
17;2025-11-03;5;100
17;2025-11-03;6;403
17;2025-11-03;7;723
17;2025-11-03;8;1135
17;2025-11-03;9;1551
17;2025-11-03;10;1785
17;2025-11-03;11;2225
17;2025-11-03;12;2610
17;2025-11-03;13;2867
17;2025-11-03;14;2969
17;2025-11-03;15;3001
17;2025-11-03;16;2992
17;2025-11-03;17;2823
17;2025-11-03;18;2462
17;2025-11-03;19;1991
17;2025-11-03;20;1546
17;2025-11-03;21;1126
17;2025-11-03;22;711
17;2025-11-03;23;321
17;2025-11-04;0;164
17;2025-11-04;1;23
17;2025-11-04;2;1
17;2025-11-04;3;1
17;2025-11-04;4;4
17;2025-11-04;5;100
17;2025-11-04;6;406
17;2025-11-04;7;729
17;2025-11-04;8;1144
17;2025-11-04;9;1562
17;2025-11-04;10;1798
17;2025-11-04;11;2241
17;2025-11-04;12;2630
17;2025-11-04;13;2888
17;2025-11-04;14;2991
17;2025-11-04;15;3023
17;2025-11-04;16;3014
17;2025-11-04;17;2844
17;2025-11-04;18;2480
17;2025-11-04;19;2006
17;2025-11-04;20;1557
17;2025-11-04;21;1134
17;2025-11-04;22;716
17;2025-11-04;23;324
17;2025-11-05;0;122
17;2025-11-05;1;11
17;2025-11-05;2;0
17;2025-11-05;3;0
17;2025-11-05;4;27
17;2025-11-05;5;321
17;2025-11-05;6;1535
17;2025-11-05;7;4044
17;2025-11-05;8;5344
17;2025-11-05;9;3800
17;2025-11-05;10;3005
17;2025-11-05;11;2966
17;2025-11-05;12;3009
17;2025-11-05;13;3081
17;2025-11-05;14;3163
17;2025-11-05;15;3327
17;2025-11-05;16;3742
17;2025-11-05;17;4530
17;2025-11-05;18;4861
17;2025-11-05;19;3419
17;2025-11-05;20;2365
17;2025-11-05;21;1503
17;2025-11-05;22;806
17;2025-11-05;23;383
17;2025-11-06;0;129
17;2025-11-06;1;11
17;2025-11-06;2;0
17;2025-11-06;3;0
17;2025-11-06;4;26
17;2025-11-06;5;320
17;2025-11-06;6;1531
17;2025-11-06;7;4032
17;2025-11-06;8;5330
17;2025-11-06;9;3816
17;2025-11-06;10;3022
17;2025-11-06;11;2970
17;2025-11-06;12;3036
17;2025-11-06;13;3087
17;2025-11-06;14;3166
17;2025-11-06;15;3322
17;2025-11-06;16;3780
17;2025-11-06;17;4535
17;2025-11-06;18;4853
17;2025-11-06;19;3429
17;2025-11-06;20;2387
17;2025-11-06;21;1510
17;2025-11-06;22;818
17;2025-11-06;23;389
17;2025-11-07;0;133
17;2025-11-07;1;13
17;2025-11-07;2;0
17;2025-11-07;3;0
17;2025-11-07;4;26
17;2025-11-07;5;317
17;2025-11-07;6;1518
17;2025-11-07;7;3993
17;2025-11-07;8;5274
17;2025-11-07;9;3780
17;2025-11-07;10;3003
17;2025-11-07;11;2980
17;2025-11-07;12;3044
17;2025-11-07;13;3128
17;2025-11-07;14;3211
17;2025-11-07;15;3461
17;2025-11-07;16;4011
17;2025-11-07;17;4599
17;2025-11-07;18;4603
17;2025-11-07;19;3324
17;2025-11-07;20;2356
17;2025-11-07;21;1545
17;2025-11-07;22;853
17;2025-11-07;23;424
17;2025-11-08;0;201
17;2025-11-08;1;23
17;2025-11-08;2;0
17;2025-11-08;3;0
17;2025-11-08;4;5
17;2025-11-08;5;126
17;2025-11-08;6;533
17;2025-11-08;7;1139
17;2025-11-08;8;1687
17;2025-11-08;9;2131
17;2025-11-08;10;2359
17;2025-11-08;11;2812
17;2025-11-08;12;3129
17;2025-11-08;13;3309
17;2025-11-08;14;3358
17;2025-11-08;15;3380
17;2025-11-08;16;3372
17;2025-11-08;17;3171
17;2025-11-08;18;2889
17;2025-11-08;19;2377
17;2025-11-08;20;1854
17;2025-11-08;21;1356
17;2025-11-08;22;840
17;2025-11-08;23;433
17;2025-11-09;0;169
17;2025-11-09;1;23
17;2025-11-09;2;1
17;2025-11-09;3;1
17;2025-11-09;4;4
17;2025-11-09;5;102
17;2025-11-09;6;408
17;2025-11-09;7;730
17;2025-11-09;8;1159
17;2025-11-09;9;1595
17;2025-11-09;10;1848
17;2025-11-09;11;2323
17;2025-11-09;12;2699
17;2025-11-09;13;2945
17;2025-11-09;14;3047
17;2025-11-09;15;3055
17;2025-11-09;16;3039
17;2025-11-09;17;2859
17;2025-11-09;18;2488
17;2025-11-09;19;2002
17;2025-11-09;20;1552
17;2025-11-09;21;1123
17;2025-11-09;22;700
17;2025-11-09;23;316
17;2025-11-10;0;111
17;2025-11-10;1;12
17;2025-11-10;2;0
17;2025-11-10;3;0
17;2025-11-10;4;26
17;2025-11-10;5;313
17;2025-11-10;6;1506
17;2025-11-10;7;3986
17;2025-11-10;8;5300
17;2025-11-10;9;3739
17;2025-11-10;10;2907
17;2025-11-10;11;2879
17;2025-11-10;12;2918
17;2025-11-10;13;2979
17;2025-11-10;14;3048
17;2025-11-10;15;3241
17;2025-11-10;16;3681
17;2025-11-10;17;4456
17;2025-11-10;18;4807
17;2025-11-10;19;3369
17;2025-11-10;20;2317
17;2025-11-10;21;1420
17;2025-11-10;22;759
17;2025-11-10;23;350
17;2025-11-11;0;117
17;2025-11-11;1;11
17;2025-11-11;2;0
17;2025-11-11;3;0
17;2025-11-11;4;27
17;2025-11-11;5;320
17;2025-11-11;6;1542
17;2025-11-11;7;4077
17;2025-11-11;8;5406
17;2025-11-11;9;3839
17;2025-11-11;10;3002
17;2025-11-11;11;2922
17;2025-11-11;12;2992
17;2025-11-11;13;3035
17;2025-11-11;14;3147
17;2025-11-11;15;3267
17;2025-11-11;16;3706
17;2025-11-11;17;4533
17;2025-11-11;18;4871
17;2025-11-11;19;3421
17;2025-11-11;20;2367
17;2025-11-11;21;1458
17;2025-11-11;22;777
17;2025-11-11;23;366
17;2025-11-12;0;122
17;2025-11-12;1;11
17;2025-11-12;2;0
17;2025-11-12;3;0
17;2025-11-12;4;27
17;2025-11-12;5;321
17;2025-11-12;6;1532
17;2025-11-12;7;4035
17;2025-11-12;8;5332
17;2025-11-12;9;3791
17;2025-11-12;10;2998
17;2025-11-12;11;2959
17;2025-11-12;12;3002
17;2025-11-12;13;3074
17;2025-11-12;14;3156
17;2025-11-12;15;3319
17;2025-11-12;16;3733
17;2025-11-12;17;4519
17;2025-11-12;18;4850
17;2025-11-12;19;3411
17;2025-11-12;20;2360
17;2025-11-12;21;1500
17;2025-11-12;22;804
17;2025-11-12;23;382
17;2025-11-13;0;128
17;2025-11-13;1;11
17;2025-11-13;2;0
17;2025-11-13;3;0
17;2025-11-13;4;26
17;2025-11-13;5;320
17;2025-11-13;6;1528
17;2025-11-13;7;4023
17;2025-11-13;8;5318
17;2025-11-13;9;3807
17;2025-11-13;10;3015
17;2025-11-13;11;2963
17;2025-11-13;12;3030
17;2025-11-13;13;3080
17;2025-11-13;14;3159
17;2025-11-13;15;3314
17;2025-11-13;16;3771
17;2025-11-13;17;4525
17;2025-11-13;18;4842
17;2025-11-13;19;3421
17;2025-11-13;20;2382
17;2025-11-13;21;1507
17;2025-11-13;22;816
17;2025-11-13;23;388
17;2025-11-14;0;133
17;2025-11-14;1;13
17;2025-11-14;2;0
17;2025-11-14;3;0
17;2025-11-14;4;26
17;2025-11-14;5;316
17;2025-11-14;6;1515
17;2025-11-14;7;3986
17;2025-11-14;8;5265
17;2025-11-14;9;3773
17;2025-11-14;10;2998
17;2025-11-14;11;2975
17;2025-11-14;12;3039
17;2025-11-14;13;3122
17;2025-11-14;14;3206
17;2025-11-14;15;3455
17;2025-11-14;16;4004
17;2025-11-14;17;4591
17;2025-11-14;18;4595
17;2025-11-14;19;3318
17;2025-11-14;20;2352
17;2025-11-14;21;1542
17;2025-11-14;22;852
17;2025-11-14;23;423
17;2025-11-15;0;200
17;2025-11-15;1;23
17;2025-11-15;2;0
17;2025-11-15;3;0
17;2025-11-15;4;5
17;2025-11-15;5;126
17;2025-11-15;6;531
17;2025-11-15;7;1135
17;2025-11-15;8;1681
17;2025-11-15;9;2124
17;2025-11-15;10;2351
17;2025-11-15;11;2803
17;2025-11-15;12;3118
17;2025-11-15;13;3298
17;2025-11-15;14;3347
17;2025-11-15;15;3369
17;2025-11-15;16;3360
17;2025-11-15;17;3160
17;2025-11-15;18;2879
17;2025-11-15;19;2369
17;2025-11-15;20;1848
17;2025-11-15;21;1352
17;2025-11-15;22;837
17;2025-11-15;23;431
17;2025-11-16;0;169
17;2025-11-16;1;23
17;2025-11-16;2;1
17;2025-11-16;3;1
17;2025-11-16;4;4
17;2025-11-16;5;102
17;2025-11-16;6;408
17;2025-11-16;7;730
17;2025-11-16;8;1158
17;2025-11-16;9;1594
17;2025-11-16;10;1846
17;2025-11-16;11;2322
17;2025-11-16;12;2698
17;2025-11-16;13;2943
17;2025-11-16;14;3045
17;2025-11-16;15;3053
17;2025-11-16;16;3037
17;2025-11-16;17;2857
17;2025-11-16;18;2486
17;2025-11-16;19;2000
17;2025-11-16;20;1551
17;2025-11-16;21;1122
17;2025-11-16;22;700
17;2025-11-16;23;316
17;2025-11-17;0;111
17;2025-11-17;1;12
17;2025-11-17;2;0
17;2025-11-17;3;0
17;2025-11-17;4;26
17;2025-11-17;5;313
17;2025-11-17;6;1505
17;2025-11-17;7;3981
17;2025-11-17;8;5293
17;2025-11-17;9;3734
17;2025-11-17;10;2903
17;2025-11-17;11;2876
17;2025-11-17;12;2914
17;2025-11-17;13;2975
17;2025-11-17;14;3044
17;2025-11-17;15;3237
17;2025-11-17;16;3677
17;2025-11-17;17;4451
17;2025-11-17;18;4801
17;2025-11-17;19;3365
17;2025-11-17;20;2315
17;2025-11-17;21;1418
17;2025-11-17;22;758
17;2025-11-17;23;350
17;2025-11-18;0;116
17;2025-11-18;1;11
17;2025-11-18;2;0
17;2025-11-18;3;0
17;2025-11-18;4;27
17;2025-11-18;5;320
17;2025-11-18;6;1539
17;2025-11-18;7;4072
17;2025-11-18;8;5399
17;2025-11-18;9;3834
17;2025-11-18;10;2997
17;2025-11-18;11;2918
17;2025-11-18;12;2988
17;2025-11-18;13;3031
17;2025-11-18;14;3143
17;2025-11-18;15;3263
17;2025-11-18;16;3701
17;2025-11-18;17;4527
17;2025-11-18;18;4864
17;2025-11-18;19;3416
17;2025-11-18;20;2364
17;2025-11-18;21;1456
17;2025-11-18;22;776
17;2025-11-18;23;365
17;2025-11-19;0;122
17;2025-11-19;1;10
17;2025-11-19;2;0
17;2025-11-19;3;0
17;2025-11-19;4;27
17;2025-11-19;5;320
17;2025-11-19;6;1530
17;2025-11-19;7;4029
17;2025-11-19;8;5325
17;2025-11-19;9;3786
17;2025-11-19;10;2994
17;2025-11-19;11;2956
17;2025-11-19;12;2998
17;2025-11-19;13;3070
17;2025-11-19;14;3152
17;2025-11-19;15;3315
17;2025-11-19;16;3729
17;2025-11-19;17;4514
17;2025-11-19;18;4844
17;2025-11-19;19;3407
17;2025-11-19;20;2356
17;2025-11-19;21;1498
17;2025-11-19;22;803
17;2025-11-19;23;382
17;2025-11-20;0;128
17;2025-11-20;1;11
17;2025-11-20;2;0
17;2025-11-20;3;0
17;2025-11-20;4;26
17;2025-11-20;5;319
17;2025-11-20;6;1527
17;2025-11-20;7;4020
17;2025-11-20;8;5314
17;2025-11-20;9;3804
17;2025-11-20;10;3012
17;2025-11-20;11;2961
17;2025-11-20;12;3027
17;2025-11-20;13;3077
17;2025-11-20;14;3156
17;2025-11-20;15;3312
17;2025-11-20;16;3768
17;2025-11-20;17;4522
17;2025-11-20;18;4838
17;2025-11-20;19;3419
17;2025-11-20;20;2380
17;2025-11-20;21;1505
17;2025-11-20;22;815
17;2025-11-20;23;387
17;2025-11-21;0;133
17;2025-11-21;1;13
17;2025-11-21;2;0
17;2025-11-21;3;0
17;2025-11-21;4;26
17;2025-11-21;5;316
17;2025-11-21;6;1514
17;2025-11-21;7;3983
17;2025-11-21;8;5260
17;2025-11-21;9;3770
17;2025-11-21;10;2995
17;2025-11-21;11;2972
17;2025-11-21;12;3036
17;2025-11-21;13;3120
17;2025-11-21;14;3203
17;2025-11-21;15;3452
17;2025-11-21;16;4000
17;2025-11-21;17;4587
17;2025-11-21;18;4591
17;2025-11-21;19;3315
17;2025-11-21;20;2350
17;2025-11-21;21;1541
17;2025-11-21;22;851
17;2025-11-21;23;423
17;2025-11-22;0;200
17;2025-11-22;1;23
17;2025-11-22;2;0
17;2025-11-22;3;0
17;2025-11-22;4;5
17;2025-11-22;5;125
17;2025-11-22;6;529
17;2025-11-22;7;1131
17;2025-11-22;8;1675
17;2025-11-22;9;2116
17;2025-11-22;10;2343
17;2025-11-22;11;2793
17;2025-11-22;12;3108
17;2025-11-22;13;3286
17;2025-11-22;14;3335
17;2025-11-22;15;3357
17;2025-11-22;16;3349
17;2025-11-22;17;3149
17;2025-11-22;18;2869
17;2025-11-22;19;2361
17;2025-11-22;20;1842
17;2025-11-22;21;1347
17;2025-11-22;22;834
17;2025-11-22;23;430
17;2025-11-23;0;169
17;2025-11-23;1;23
17;2025-11-23;2;1
17;2025-11-23;3;1
17;2025-11-23;4;4
17;2025-11-23;5;101
17;2025-11-23;6;408
17;2025-11-23;7;729
17;2025-11-23;8;1157
17;2025-11-23;9;1593
17;2025-11-23;10;1845
17;2025-11-23;11;2321
17;2025-11-23;12;2696
17;2025-11-23;13;2941
17;2025-11-23;14;3043
17;2025-11-23;15;3052
17;2025-11-23;16;3035
17;2025-11-23;17;2856
17;2025-11-23;18;2485
17;2025-11-23;19;1999
17;2025-11-23;20;1550
17;2025-11-23;21;1121
17;2025-11-23;22;699
17;2025-11-23;23;316
17;2025-11-24;0;111
17;2025-11-24;1;12
17;2025-11-24;2;0
17;2025-11-24;3;0
17;2025-11-24;4;26
17;2025-11-24;5;312
17;2025-11-24;6;1504
17;2025-11-24;7;3980
17;2025-11-24;8;5292
17;2025-11-24;9;3733
17;2025-11-24;10;2903
17;2025-11-24;11;2875
17;2025-11-24;12;2914
17;2025-11-24;13;2974
17;2025-11-24;14;3043
17;2025-11-24;15;3236
17;2025-11-24;16;3676
17;2025-11-24;17;4450
17;2025-11-24;18;4800
17;2025-11-24;19;3365
17;2025-11-24;20;2314
17;2025-11-24;21;1418
17;2025-11-24;22;758
17;2025-11-24;23;350
17;2025-11-25;0;116
17;2025-11-25;1;11
17;2025-11-25;2;0
17;2025-11-25;3;0
17;2025-11-25;4;27
17;2025-11-25;5;320
17;2025-11-25;6;1539
17;2025-11-25;7;4070
17;2025-11-25;8;5397
17;2025-11-25;9;3833
17;2025-11-25;10;2997
17;2025-11-25;11;2917
17;2025-11-25;12;2987
17;2025-11-25;13;3030
17;2025-11-25;14;3142
17;2025-11-25;15;3262
17;2025-11-25;16;3700
17;2025-11-25;17;4526
17;2025-11-25;18;4863
17;2025-11-25;19;3415
17;2025-11-25;20;2363
17;2025-11-25;21;1456
17;2025-11-25;22;776
17;2025-11-25;23;365
17;2025-11-26;0;122
17;2025-11-26;1;10
17;2025-11-26;2;0
17;2025-11-26;3;0
17;2025-11-26;4;27
17;2025-11-26;5;320
17;2025-11-26;6;1530
17;2025-11-26;7;4030
17;2025-11-26;8;5326
17;2025-11-26;9;3787
17;2025-11-26;10;2994
17;2025-11-26;11;2956
17;2025-11-26;12;2999
17;2025-11-26;13;3071
17;2025-11-26;14;3152
17;2025-11-26;15;3315
17;2025-11-26;16;3729
17;2025-11-26;17;4514
17;2025-11-26;18;4844
17;2025-11-26;19;3407
17;2025-11-26;20;2357
17;2025-11-26;21;1498
17;2025-11-26;22;803
17;2025-11-26;23;382
17;2025-11-27;0;128
17;2025-11-27;1;11
17;2025-11-27;2;0
17;2025-11-27;3;0
17;2025-11-27;4;26
17;2025-11-27;5;319
17;2025-11-27;6;1526
17;2025-11-27;7;4019
17;2025-11-27;8;5313
17;2025-11-27;9;3803
17;2025-11-27;10;3012
17;2025-11-27;11;2960
17;2025-11-27;12;3026
17;2025-11-27;13;3076
17;2025-11-27;14;3155
17;2025-11-27;15;3311
17;2025-11-27;16;3767
17;2025-11-27;17;4520
17;2025-11-27;18;4837
17;2025-11-27;19;3418
17;2025-11-27;20;2379
17;2025-11-27;21;1505
17;2025-11-27;22;815
17;2025-11-27;23;387
17;2025-11-28;0;133
17;2025-11-28;1;13
17;2025-11-28;2;0
17;2025-11-28;3;0
17;2025-11-28;4;26
17;2025-11-28;5;316
17;2025-11-28;6;1514
17;2025-11-28;7;3983
17;2025-11-28;8;5260
17;2025-11-28;9;3770
17;2025-11-28;10;2996
17;2025-11-28;11;2973
17;2025-11-28;12;3036
17;2025-11-28;13;3120
17;2025-11-28;14;3203
17;2025-11-28;15;3452
17;2025-11-28;16;4000
17;2025-11-28;17;4587
17;2025-11-28;18;4591
17;2025-11-28;19;3315
17;2025-11-28;20;2350
17;2025-11-28;21;1541
17;2025-11-28;22;851
17;2025-11-28;23;423
17;2025-11-29;0;199
17;2025-11-29;1;23
17;2025-11-29;2;0
17;2025-11-29;3;0
17;2025-11-29;4;5
17;2025-11-29;5;125
17;2025-11-29;6;528
17;2025-11-29;7;1130
17;2025-11-29;8;1673
17;2025-11-29;9;2113
17;2025-11-29;10;2340
17;2025-11-29;11;2789
17;2025-11-29;12;3103
17;2025-11-29;13;3281
17;2025-11-29;14;3331
17;2025-11-29;15;3352
17;2025-11-29;16;3344
17;2025-11-29;17;3145
17;2025-11-29;18;2865
17;2025-11-29;19;2357
17;2025-11-29;20;1839
17;2025-11-29;21;1345
17;2025-11-29;22;833
17;2025-11-29;23;429
17;2025-11-30;0;169
17;2025-11-30;1;23
17;2025-11-30;2;1
17;2025-11-30;3;1
17;2025-11-30;4;4
17;2025-11-30;5;101
17;2025-11-30;6;407
17;2025-11-30;7;729
17;2025-11-30;8;1157
17;2025-11-30;9;1592
17;2025-11-30;10;1844
17;2025-11-30;11;2319
17;2025-11-30;12;2695
17;2025-11-30;13;2939
17;2025-11-30;14;3041
17;2025-11-30;15;3050
17;2025-11-30;16;3033
17;2025-11-30;17;2854
17;2025-11-30;18;2483
17;2025-11-30;19;1998
17;2025-11-30;20;1549
17;2025-11-30;21;1121
17;2025-11-30;22;699
17;2025-11-30;23;316
17;2025-12-01;0;111
17;2025-12-01;1;12
17;2025-12-01;2;0
17;2025-12-01;3;0
17;2025-12-01;4;26
17;2025-12-01;5;312
17;2025-12-01;6;1504
17;2025-12-01;7;3980
17;2025-12-01;8;5292
17;2025-12-01;9;3733
17;2025-12-01;10;2902
17;2025-12-01;11;2875
17;2025-12-01;12;2914
17;2025-12-01;13;2974
17;2025-12-01;14;3043
17;2025-12-01;15;3236
17;2025-12-01;16;3676
17;2025-12-01;17;4450
17;2025-12-01;18;4800
17;2025-12-01;19;3365
17;2025-12-01;20;2314
17;2025-12-01;21;1418
17;2025-12-01;22;758
17;2025-12-01;23;350
17;2025-12-02;0;116
17;2025-12-02;1;11
17;2025-12-02;2;0
17;2025-12-02;3;0
17;2025-12-02;4;27
17;2025-12-02;5;320
17;2025-12-02;6;1539
17;2025-12-02;7;4070
17;2025-12-02;8;5397
17;2025-12-02;9;3832
17;2025-12-02;10;2996
17;2025-12-02;11;2917
17;2025-12-02;12;2987
17;2025-12-02;13;3030
17;2025-12-02;14;3142
17;2025-12-02;15;3262
17;2025-12-02;16;3700
17;2025-12-02;17;4526
17;2025-12-02;18;4862
17;2025-12-02;19;3415
17;2025-12-02;20;2363
17;2025-12-02;21;1456
17;2025-12-02;22;776
17;2025-12-02;23;365
17;2025-12-03;0;122
17;2025-12-03;1;10
17;2025-12-03;2;0
17;2025-12-03;3;0
17;2025-12-03;4;27
17;2025-12-03;5;320
17;2025-12-03;6;1529
17;2025-12-03;7;4028
17;2025-12-03;8;5323
17;2025-12-03;9;3785
17;2025-12-03;10;2993
17;2025-12-03;11;2954
17;2025-12-03;12;2997
17;2025-12-03;13;3069
17;2025-12-03;14;3150
17;2025-12-03;15;3313
17;2025-12-03;16;3727
17;2025-12-03;17;4512
17;2025-12-03;18;4842
17;2025-12-03;19;3405
17;2025-12-03;20;2355
17;2025-12-03;21;1497
17;2025-12-03;22;802
17;2025-12-03;23;382
17;2025-12-04;0;128
17;2025-12-04;1;11
17;2025-12-04;2;0
17;2025-12-04;3;0
17;2025-12-04;4;26
17;2025-12-04;5;319
17;2025-12-04;6;1525
17;2025-12-04;7;4017
17;2025-12-04;8;5309
17;2025-12-04;9;3801
17;2025-12-04;10;3010
17;2025-12-04;11;2958
17;2025-12-04;12;3024
17;2025-12-04;13;3074
17;2025-12-04;14;3153
17;2025-12-04;15;3309
17;2025-12-04;16;3765
17;2025-12-04;17;4517
17;2025-12-04;18;4833
17;2025-12-04;19;3416
17;2025-12-04;20;2378
17;2025-12-04;21;1504
17;2025-12-04;22;814
17;2025-12-04;23;387
17;2025-12-05;0;133
17;2025-12-05;1;13
17;2025-12-05;2;0
17;2025-12-05;3;0
17;2025-12-05;4;26
17;2025-12-05;5;315
17;2025-12-05;6;1513
17;2025-12-05;7;3980
17;2025-12-05;8;5256
17;2025-12-05;9;3767
17;2025-12-05;10;2993
17;2025-12-05;11;2970
17;2025-12-05;12;3033
17;2025-12-05;13;3117
17;2025-12-05;14;3200
17;2025-12-05;15;3449
17;2025-12-05;16;3997
17;2025-12-05;17;4583
17;2025-12-05;18;4587
17;2025-12-05;19;3313
17;2025-12-05;20;2348
17;2025-12-05;21;1540
17;2025-12-05;22;850
17;2025-12-05;23;422
17;2025-12-06;0;199
17;2025-12-06;1;23
17;2025-12-06;2;0
17;2025-12-06;3;0
17;2025-12-06;4;5
17;2025-12-06;5;125
17;2025-12-06;6;527
17;2025-12-06;7;1128
17;2025-12-06;8;1670
17;2025-12-06;9;2109
17;2025-12-06;10;2335
17;2025-12-06;11;2784
17;2025-12-06;12;3097
17;2025-12-06;13;3275
17;2025-12-06;14;3324
17;2025-12-06;15;3346
17;2025-12-06;16;3337
17;2025-12-06;17;3139
17;2025-12-06;18;2860
17;2025-12-06;19;2353
17;2025-12-06;20;1835
17;2025-12-06;21;1342
17;2025-12-06;22;831
17;2025-12-06;23;428
17;2025-12-07;0;169
17;2025-12-07;1;23
17;2025-12-07;2;1
17;2025-12-07;3;1
17;2025-12-07;4;4
17;2025-12-07;5;101
17;2025-12-07;6;407
17;2025-12-07;7;729
17;2025-12-07;8;1156
17;2025-12-07;9;1592
17;2025-12-07;10;1843
17;2025-12-07;11;2318
17;2025-12-07;12;2693
17;2025-12-07;13;2938
17;2025-12-07;14;3040
17;2025-12-07;15;3048
17;2025-12-07;16;3032
17;2025-12-07;17;2853
17;2025-12-07;18;2482
17;2025-12-07;19;1997
17;2025-12-07;20;1548
17;2025-12-07;21;1120
17;2025-12-07;22;699
17;2025-12-07;23;316
17;2025-12-08;0;110
17;2025-12-08;1;12
17;2025-12-08;2;0
17;2025-12-08;3;0
17;2025-12-08;4;26
17;2025-12-08;5;312
17;2025-12-08;6;1503
17;2025-12-08;7;3977
17;2025-12-08;8;5288
17;2025-12-08;9;3730
17;2025-12-08;10;2900
17;2025-12-08;11;2873
17;2025-12-08;12;2911
17;2025-12-08;13;2972
17;2025-12-08;14;3041
17;2025-12-08;15;3234
17;2025-12-08;16;3673
17;2025-12-08;17;4446
17;2025-12-08;18;4796
17;2025-12-08;19;3362
17;2025-12-08;20;2312
17;2025-12-08;21;1417
17;2025-12-08;22;758
17;2025-12-08;23;349
17;2025-12-09;0;116
17;2025-12-09;1;11
17;2025-12-09;2;0
17;2025-12-09;3;0
17;2025-12-09;4;27
17;2025-12-09;5;320
17;2025-12-09;6;1538
17;2025-12-09;7;4067
17;2025-12-09;8;5393
17;2025-12-09;9;3829
17;2025-12-09;10;2994
17;2025-12-09;11;2914
17;2025-12-09;12;2984
17;2025-12-09;13;3027
17;2025-12-09;14;3139
17;2025-12-09;15;3259
17;2025-12-09;16;3697
17;2025-12-09;17;4522
17;2025-12-09;18;4859
17;2025-12-09;19;3412
17;2025-12-09;20;2361
17;2025-12-09;21;1454
17;2025-12-09;22;775
17;2025-12-09;23;365
17;2025-12-10;0;121
17;2025-12-10;1;10
17;2025-12-10;2;0
17;2025-12-10;3;0
17;2025-12-10;4;27
17;2025-12-10;5;320
17;2025-12-10;6;1528
17;2025-12-10;7;4024
17;2025-12-10;8;5318
17;2025-12-10;9;3782
17;2025-12-10;10;2990
17;2025-12-10;11;2952
17;2025-12-10;12;2995
17;2025-12-10;13;3067
17;2025-12-10;14;3148
17;2025-12-10;15;3310
17;2025-12-10;16;3724
17;2025-12-10;17;4508
17;2025-12-10;18;4838
17;2025-12-10;19;3403
17;2025-12-10;20;2353
17;2025-12-10;21;1496
17;2025-12-10;22;802
17;2025-12-10;23;381
17;2025-12-11;0;128
17;2025-12-11;1;11
17;2025-12-11;2;0
17;2025-12-11;3;0
17;2025-12-11;4;26
17;2025-12-11;5;319
17;2025-12-11;6;1524
17;2025-12-11;7;4013
17;2025-12-11;8;5305
17;2025-12-11;9;3798
17;2025-12-11;10;3007
17;2025-12-11;11;2956
17;2025-12-11;12;3022
17;2025-12-11;13;3072
17;2025-12-11;14;3151
17;2025-12-11;15;3306
17;2025-12-11;16;3762
17;2025-12-11;17;4514
17;2025-12-11;18;4830
17;2025-12-11;19;3413
17;2025-12-11;20;2376
17;2025-12-11;21;1503
17;2025-12-11;22;814
17;2025-12-11;23;387
17;2025-12-12;0;133
17;2025-12-12;1;13
17;2025-12-12;2;0
17;2025-12-12;3;0
17;2025-12-12;4;26
17;2025-12-12;5;315
17;2025-12-12;6;1512
17;2025-12-12;7;3978
17;2025-12-12;8;5254
17;2025-12-12;9;3766
17;2025-12-12;10;2992
17;2025-12-12;11;2969
17;2025-12-12;12;3032
17;2025-12-12;13;3116
17;2025-12-12;14;3199
17;2025-12-12;15;3448
17;2025-12-12;16;3995
17;2025-12-12;17;4581
17;2025-12-12;18;4586
17;2025-12-12;19;3312
17;2025-12-12;20;2347
17;2025-12-12;21;1539
17;2025-12-12;22;850
17;2025-12-12;23;422
17;2025-12-13;0;199
17;2025-12-13;1;22
17;2025-12-13;2;0
17;2025-12-13;3;0
17;2025-12-13;4;5
17;2025-12-13;5;125
17;2025-12-13;6;526
17;2025-12-13;7;1126
17;2025-12-13;8;1668
17;2025-12-13;9;2107
17;2025-12-13;10;2332
17;2025-12-13;11;2780
17;2025-12-13;12;3094
17;2025-12-13;13;3271
17;2025-12-13;14;3320
17;2025-12-13;15;3342
17;2025-12-13;16;3333
17;2025-12-13;17;3135
17;2025-12-13;18;2856
17;2025-12-13;19;2350
17;2025-12-13;20;1833
17;2025-12-13;21;1341
17;2025-12-13;22;830
17;2025-12-13;23;428
17;2025-12-14;0;169
17;2025-12-14;1;23
17;2025-12-14;2;1
17;2025-12-14;3;1
17;2025-12-14;4;4
17;2025-12-14;5;101
17;2025-12-14;6;407
17;2025-12-14;7;728
17;2025-12-14;8;1156
17;2025-12-14;9;1591
17;2025-12-14;10;1843
17;2025-12-14;11;2317
17;2025-12-14;12;2692
17;2025-12-14;13;2936
17;2025-12-14;14;3038
17;2025-12-14;15;3047
17;2025-12-14;16;3030
17;2025-12-14;17;2851
17;2025-12-14;18;2481
17;2025-12-14;19;1996
17;2025-12-14;20;1548
17;2025-12-14;21;1120
17;2025-12-14;22;698
17;2025-12-14;23;315
17;2025-12-15;0;110
17;2025-12-15;1;12
17;2025-12-15;2;0
17;2025-12-15;3;0
17;2025-12-15;4;26
17;2025-12-15;5;312
17;2025-12-15;6;1503
17;2025-12-15;7;3976
17;2025-12-15;8;5287
17;2025-12-15;9;3729
17;2025-12-15;10;2899
17;2025-12-15;11;2872
17;2025-12-15;12;2911
17;2025-12-15;13;2971
17;2025-12-15;14;3040
17;2025-12-15;15;3233
17;2025-12-15;16;3672
17;2025-12-15;17;4445
17;2025-12-15;18;4795
17;2025-12-15;19;3361
17;2025-12-15;20;2312
17;2025-12-15;21;1417
17;2025-12-15;22;757
17;2025-12-15;23;349
17;2025-12-16;0;116
17;2025-12-16;1;11
17;2025-12-16;2;0
17;2025-12-16;3;0
17;2025-12-16;4;27
17;2025-12-16;5;320
17;2025-12-16;6;1537
17;2025-12-16;7;4066
17;2025-12-16;8;5392
17;2025-12-16;9;3829
17;2025-12-16;10;2993
17;2025-12-16;11;2914
17;2025-12-16;12;2984
17;2025-12-16;13;3027
17;2025-12-16;14;3139
17;2025-12-16;15;3258
17;2025-12-16;16;3696
17;2025-12-16;17;4521
17;2025-12-16;18;4858
17;2025-12-16;19;3411
17;2025-12-16;20;2361
17;2025-12-16;21;1454
17;2025-12-16;22;775
17;2025-12-16;23;365
17;2025-12-17;0;121
17;2025-12-17;1;10
17;2025-12-17;2;0
17;2025-12-17;3;0
17;2025-12-17;4;27
17;2025-12-17;5;320
17;2025-12-17;6;1528
17;2025-12-17;7;4024
17;2025-12-17;8;5317
17;2025-12-17;9;3781
17;2025-12-17;10;2990
17;2025-12-17;11;2951
17;2025-12-17;12;2994
17;2025-12-17;13;3066
17;2025-12-17;14;3147
17;2025-12-17;15;3310
17;2025-12-17;16;3723
17;2025-12-17;17;4507
17;2025-12-17;18;4837
17;2025-12-17;19;3402
17;2025-12-17;20;2353
17;2025-12-17;21;1496
17;2025-12-17;22;801
17;2025-12-17;23;381
17;2025-12-18;0;128
17;2025-12-18;1;11
17;2025-12-18;2;0
17;2025-12-18;3;0
17;2025-12-18;4;26
17;2025-12-18;5;319
17;2025-12-18;6;1524
17;2025-12-18;7;4013
17;2025-12-18;8;5304
17;2025-12-18;9;3797
17;2025-12-18;10;3007
17;2025-12-18;11;2955
17;2025-12-18;12;3021
17;2025-12-18;13;3071
17;2025-12-18;14;3150
17;2025-12-18;15;3305
17;2025-12-18;16;3761
17;2025-12-18;17;4513
17;2025-12-18;18;4829
17;2025-12-18;19;3412
17;2025-12-18;20;2376
17;2025-12-18;21;1502
17;2025-12-18;22;814
17;2025-12-18;23;387
17;2025-12-19;0;133
17;2025-12-19;1;13
17;2025-12-19;2;0
17;2025-12-19;3;0
17;2025-12-19;4;26
17;2025-12-19;5;315
17;2025-12-19;6;1511
17;2025-12-19;7;3976
17;2025-12-19;8;5251
17;2025-12-19;9;3763
17;2025-12-19;10;2990
17;2025-12-19;11;2967
17;2025-12-19;12;3030
17;2025-12-19;13;3114
17;2025-12-19;14;3197
17;2025-12-19;15;3446
17;2025-12-19;16;3993
17;2025-12-19;17;4579
17;2025-12-19;18;4583
17;2025-12-19;19;3310
17;2025-12-19;20;2346
17;2025-12-19;21;1538
17;2025-12-19;22;850
17;2025-12-19;23;422
17;2025-12-20;0;198
17;2025-12-20;1;22
17;2025-12-20;2;0
17;2025-12-20;3;0
17;2025-12-20;4;5
17;2025-12-20;5;124
17;2025-12-20;6;526
17;2025-12-20;7;1124
17;2025-12-20;8;1665
17;2025-12-20;9;2103
17;2025-12-20;10;2329
17;2025-12-20;11;2776
17;2025-12-20;12;3088
17;2025-12-20;13;3266
17;2025-12-20;14;3315
17;2025-12-20;15;3336
17;2025-12-20;16;3328
17;2025-12-20;17;3130
17;2025-12-20;18;2852
17;2025-12-20;19;2346
17;2025-12-20;20;1830
17;2025-12-20;21;1338
17;2025-12-20;22;829
17;2025-12-20;23;427
17;2025-12-21;0;169
17;2025-12-21;1;23
17;2025-12-21;2;1
17;2025-12-21;3;1
17;2025-12-21;4;4
17;2025-12-21;5;101
17;2025-12-21;6;407
17;2025-12-21;7;728
17;2025-12-21;8;1155
17;2025-12-21;9;1590
17;2025-12-21;10;1842
17;2025-12-21;11;2316
17;2025-12-21;12;2691
17;2025-12-21;13;2935
17;2025-12-21;14;3037
17;2025-12-21;15;3045
17;2025-12-21;16;3029
17;2025-12-21;17;2850
17;2025-12-21;18;2480
17;2025-12-21;19;1995
17;2025-12-21;20;1547
17;2025-12-21;21;1119
17;2025-12-21;22;698
17;2025-12-21;23;315
17;2025-12-22;0;110
17;2025-12-22;1;12
17;2025-12-22;2;0
17;2025-12-22;3;0
17;2025-12-22;4;26
17;2025-12-22;5;312
17;2025-12-22;6;1502
17;2025-12-22;7;3973
17;2025-12-22;8;5283
17;2025-12-22;9;3727
17;2025-12-22;10;2897
17;2025-12-22;11;2870
17;2025-12-22;12;2908
17;2025-12-22;13;2969
17;2025-12-22;14;3038
17;2025-12-22;15;3231
17;2025-12-22;16;3669
17;2025-12-22;17;4442
17;2025-12-22;18;4792
17;2025-12-22;19;3359
17;2025-12-22;20;2310
17;2025-12-22;21;1416
17;2025-12-22;22;757
17;2025-12-22;23;349
17;2025-12-23;0;116
17;2025-12-23;1;11
17;2025-12-23;2;0
17;2025-12-23;3;0
17;2025-12-23;4;27
17;2025-12-23;5;319
17;2025-12-23;6;1536
17;2025-12-23;7;4063
17;2025-12-23;8;5388
17;2025-12-23;9;3826
17;2025-12-23;10;2991
17;2025-12-23;11;2912
17;2025-12-23;12;2982
17;2025-12-23;13;3025
17;2025-12-23;14;3136
17;2025-12-23;15;3256
17;2025-12-23;16;3693
17;2025-12-23;17;4518
17;2025-12-23;18;4854
17;2025-12-23;19;3409
17;2025-12-23;20;2359
17;2025-12-23;21;1453
17;2025-12-23;22;774
17;2025-12-23;23;365
17;2025-12-24;0;121
17;2025-12-24;1;10
17;2025-12-24;2;0
17;2025-12-24;3;0
17;2025-12-24;4;27
17;2025-12-24;5;320
17;2025-12-24;6;1526
17;2025-12-24;7;4021
17;2025-12-24;8;5314
17;2025-12-24;9;3778
17;2025-12-24;10;2988
17;2025-12-24;11;2949
17;2025-12-24;12;2992
17;2025-12-24;13;3064
17;2025-12-24;14;3145
17;2025-12-24;15;3307
17;2025-12-24;16;3720
17;2025-12-24;17;4504
17;2025-12-24;18;4834
17;2025-12-24;19;3400
17;2025-12-24;20;2351
17;2025-12-24;21;1495
17;2025-12-24;22;801
17;2025-12-24;23;381
17;2025-12-25;0;128
17;2025-12-25;1;11
17;2025-12-25;2;0
17;2025-12-25;3;0
17;2025-12-25;4;26
17;2025-12-25;5;319
17;2025-12-25;6;1523
17;2025-12-25;7;4010
17;2025-12-25;8;5301
17;2025-12-25;9;3795
17;2025-12-25;10;3005
17;2025-12-25;11;2953
17;2025-12-25;12;3019
17;2025-12-25;13;3069
17;2025-12-25;14;3148
17;2025-12-25;15;3303
17;2025-12-25;16;3758
17;2025-12-25;17;4510
17;2025-12-25;18;4825
17;2025-12-25;19;3410
17;2025-12-25;20;2374
17;2025-12-25;21;1501
17;2025-12-25;22;813
17;2025-12-25;23;386
17;2025-12-26;0;132
17;2025-12-26;1;13
17;2025-12-26;2;0
17;2025-12-26;3;0
17;2025-12-26;4;26
17;2025-12-26;5;315
17;2025-12-26;6;1510
17;2025-12-26;7;3974
17;2025-12-26;8;5248
17;2025-12-26;9;3761
17;2025-12-26;10;2988
17;2025-12-26;11;2965
17;2025-12-26;12;3029
17;2025-12-26;13;3112
17;2025-12-26;14;3195
17;2025-12-26;15;3444
17;2025-12-26;16;3990
17;2025-12-26;17;4576
17;2025-12-26;18;4580
17;2025-12-26;19;3308
17;2025-12-26;20;2345
17;2025-12-26;21;1537
17;2025-12-26;22;849
17;2025-12-26;23;422
17;2025-12-27;0;198
17;2025-12-27;1;22
17;2025-12-27;2;0
17;2025-12-27;3;0
17;2025-12-27;4;5
17;2025-12-27;5;124
17;2025-12-27;6;525
17;2025-12-27;7;1123
17;2025-12-27;8;1663
17;2025-12-27;9;2101
17;2025-12-27;10;2326
17;2025-12-27;11;2772
17;2025-12-27;12;3085
17;2025-12-27;13;3262
17;2025-12-27;14;3311
17;2025-12-27;15;3332
17;2025-12-27;16;3324
17;2025-12-27;17;3126
17;2025-12-27;18;2848
17;2025-12-27;19;2343
17;2025-12-27;20;1828
17;2025-12-27;21;1337
17;2025-12-27;22;828
17;2025-12-27;23;427
17;2025-12-28;0;169
17;2025-12-28;1;23
17;2025-12-28;2;1
17;2025-12-28;3;1
17;2025-12-28;4;4
17;2025-12-28;5;101
17;2025-12-28;6;407
17;2025-12-28;7;727
17;2025-12-28;8;1155
17;2025-12-28;9;1589
17;2025-12-28;10;1841
17;2025-12-28;11;2315
17;2025-12-28;12;2690
17;2025-12-28;13;2934
17;2025-12-28;14;3036
17;2025-12-28;15;3044
17;2025-12-28;16;3027
17;2025-12-28;17;2849
17;2025-12-28;18;2479
17;2025-12-28;19;1994
17;2025-12-28;20;1546
17;2025-12-28;21;1119
17;2025-12-28;22;698
17;2025-12-28;23;315
17;2025-12-29;0;110
17;2025-12-29;1;12
17;2025-12-29;2;0
17;2025-12-29;3;0
17;2025-12-29;4;26
17;2025-12-29;5;312
17;2025-12-29;6;1501
17;2025-12-29;7;3972
17;2025-12-29;8;5281
17;2025-12-29;9;3726
17;2025-12-29;10;2897
17;2025-12-29;11;2869
17;2025-12-29;12;2908
17;2025-12-29;13;2968
17;2025-12-29;14;3037
17;2025-12-29;15;3230
17;2025-12-29;16;3668
17;2025-12-29;17;4441
17;2025-12-29;18;4790
17;2025-12-29;19;3358
17;2025-12-29;20;2309
17;2025-12-29;21;1415
17;2025-12-29;22;757
17;2025-12-29;23;349
17;2025-12-30;0;116
17;2025-12-30;1;11
17;2025-12-30;2;0
17;2025-12-30;3;0
17;2025-12-30;4;27
17;2025-12-30;5;319
17;2025-12-30;6;1536
17;2025-12-30;7;4062
17;2025-12-30;8;5386
17;2025-12-30;9;3825
17;2025-12-30;10;2991
17;2025-12-30;11;2911
17;2025-12-30;12;2981
17;2025-12-30;13;3024
17;2025-12-30;14;3136
17;2025-12-30;15;3255
17;2025-12-30;16;3692
17;2025-12-30;17;4517
17;2025-12-30;18;4853
17;2025-12-30;19;3408
17;2025-12-30;20;2358
17;2025-12-30;21;1453
17;2025-12-30;22;774
17;2025-12-30;23;365
17;2025-12-31;0;164
17;2025-12-31;1;23
17;2025-12-31;2;1
17;2025-12-31;3;1
17;2025-12-31;4;4
17;2025-12-31;5;101
17;2025-12-31;6;406
17;2025-12-31;7;730
17;2025-12-31;8;1145
17;2025-12-31;9;1565
17;2025-12-31;10;1801
17;2025-12-31;11;2245
17;2025-12-31;12;2634
17;2025-12-31;13;2893
17;2025-12-31;14;2996
17;2025-12-31;15;3028
17;2025-12-31;16;3019
17;2025-12-31;17;2848
17;2025-12-31;18;2484
17;2025-12-31;19;2009
17;2025-12-31;20;1560
17;2025-12-31;21;1136
17;2025-12-31;22;717
17;2025-12-31;23;324
25;2025-11-01;0;2
25;2025-11-01;1;0
25;2025-11-01;2;0
25;2025-11-01;3;0
25;2025-11-01;4;0
25;2025-11-01;5;5
25;2025-11-01;6;183
25;2025-11-01;7;556
25;2025-11-01;8;939
25;2025-11-01;9;493
25;2025-11-01;10;380
25;2025-11-01;11;437
25;2025-11-01;12;419
25;2025-11-01;13;540
25;2025-11-01;14;473
25;2025-11-01;15;559
25;2025-11-01;16;708
25;2025-11-01;17;771
25;2025-11-01;18;786
25;2025-11-01;19;517
25;2025-11-01;20;326
25;2025-11-01;21;215
25;2025-11-01;22;120
25;2025-11-01;23;9
25;2025-11-02;0;14
25;2025-11-02;1;0
25;2025-11-02;2;0
25;2025-11-02;3;0
25;2025-11-02;4;0
25;2025-11-02;5;3
25;2025-11-02;6;50
25;2025-11-02;7;96
25;2025-11-02;8;182
25;2025-11-02;9;202
25;2025-11-02;10;218
25;2025-11-02;11;286
25;2025-11-02;12;337
25;2025-11-02;13;435
25;2025-11-02;14;470
25;2025-11-02;15;562
25;2025-11-02;16;481
25;2025-11-02;17;440
25;2025-11-02;18;395
25;2025-11-02;19;333
25;2025-11-02;20;221
25;2025-11-02;21;179
25;2025-11-02;22;105
25;2025-11-02;23;39
25;2025-11-03;0;13
25;2025-11-03;1;0
25;2025-11-03;2;0
25;2025-11-03;3;0
25;2025-11-03;4;0
25;2025-11-03;5;2
25;2025-11-03;6;48
25;2025-11-03;7;95
25;2025-11-03;8;175
25;2025-11-03;9;193
25;2025-11-03;10;212
25;2025-11-03;11;271
25;2025-11-03;12;323
25;2025-11-03;13;413
25;2025-11-03;14;450
25;2025-11-03;15;546
25;2025-11-03;16;470
25;2025-11-03;17;432
25;2025-11-03;18;383
25;2025-11-03;19;327
25;2025-11-03;20;225
25;2025-11-03;21;181
25;2025-11-03;22;105
25;2025-11-03;23;40
25;2025-11-04;0;13
25;2025-11-04;1;0
25;2025-11-04;2;0
25;2025-11-04;3;0
25;2025-11-04;4;0
25;2025-11-04;5;2
25;2025-11-04;6;48
25;2025-11-04;7;95
25;2025-11-04;8;175
25;2025-11-04;9;193
25;2025-11-04;10;212
25;2025-11-04;11;271
25;2025-11-04;12;323
25;2025-11-04;13;413
25;2025-11-04;14;450
25;2025-11-04;15;546
25;2025-11-04;16;469
25;2025-11-04;17;432
25;2025-11-04;18;383
25;2025-11-04;19;327
25;2025-11-04;20;225
25;2025-11-04;21;181
25;2025-11-04;22;105
25;2025-11-04;23;40
25;2025-11-05;0;2
25;2025-11-05;1;0
25;2025-11-05;2;0
25;2025-11-05;3;0
25;2025-11-05;4;0
25;2025-11-05;5;6
25;2025-11-05;6;183
25;2025-11-05;7;547
25;2025-11-05;8;935
25;2025-11-05;9;490
25;2025-11-05;10;374
25;2025-11-05;11;435
25;2025-11-05;12;426
25;2025-11-05;13;552
25;2025-11-05;14;466
25;2025-11-05;15;551
25;2025-11-05;16;690
25;2025-11-05;17;762
25;2025-11-05;18;795
25;2025-11-05;19;515
25;2025-11-05;20;334
25;2025-11-05;21;216
25;2025-11-05;22;119
25;2025-11-05;23;8
25;2025-11-06;0;1
25;2025-11-06;1;0
25;2025-11-06;2;0
25;2025-11-06;3;0
25;2025-11-06;4;0
25;2025-11-06;5;6
25;2025-11-06;6;178
25;2025-11-06;7;540
25;2025-11-06;8;927
25;2025-11-06;9;477
25;2025-11-06;10;378
25;2025-11-06;11;423
25;2025-11-06;12;412
25;2025-11-06;13;527
25;2025-11-06;14;474
25;2025-11-06;15;562
25;2025-11-06;16;684
25;2025-11-06;17;762
25;2025-11-06;18;775
25;2025-11-06;19;515
25;2025-11-06;20;319
25;2025-11-06;21;215
25;2025-11-06;22;120
25;2025-11-06;23;10
25;2025-11-07;0;1
25;2025-11-07;1;0
25;2025-11-07;2;0
25;2025-11-07;3;0
25;2025-11-07;4;0
25;2025-11-07;5;5
25;2025-11-07;6;177
25;2025-11-07;7;537
25;2025-11-07;8;893
25;2025-11-07;9;472
25;2025-11-07;10;370
25;2025-11-07;11;436
25;2025-11-07;12;425
25;2025-11-07;13;542
25;2025-11-07;14;497
25;2025-11-07;15;590
25;2025-11-07;16;731
25;2025-11-07;17;776
25;2025-11-07;18;719
25;2025-11-07;19;497
25;2025-11-07;20;318
25;2025-11-07;21;218
25;2025-11-07;22;128
25;2025-11-07;23;12
25;2025-11-08;0;2
25;2025-11-08;1;0
25;2025-11-08;2;0
25;2025-11-08;3;0
25;2025-11-08;4;0
25;2025-11-08;5;3
25;2025-11-08;6;65
25;2025-11-08;7;139
25;2025-11-08;8;315
25;2025-11-08;9;285
25;2025-11-08;10;287
25;2025-11-08;11;392
25;2025-11-08;12;401
25;2025-11-08;13;542
25;2025-11-08;14;557
25;2025-11-08;15;649
25;2025-11-08;16;583
25;2025-11-08;17;498
25;2025-11-08;18;470
25;2025-11-08;19;423
25;2025-11-08;20;264
25;2025-11-08;21;216
25;2025-11-08;22;136
25;2025-11-08;23;53
25;2025-11-09;0;14
25;2025-11-09;1;0
25;2025-11-09;2;0
25;2025-11-09;3;0
25;2025-11-09;4;0
25;2025-11-09;5;3
25;2025-11-09;6;50
25;2025-11-09;7;96
25;2025-11-09;8;182
25;2025-11-09;9;201
25;2025-11-09;10;218
25;2025-11-09;11;286
25;2025-11-09;12;336
25;2025-11-09;13;434
25;2025-11-09;14;469
25;2025-11-09;15;560
25;2025-11-09;16;480
25;2025-11-09;17;439
25;2025-11-09;18;394
25;2025-11-09;19;332
25;2025-11-09;20;221
25;2025-11-09;21;179
25;2025-11-09;22;104
25;2025-11-09;23;39
25;2025-11-10;0;6
25;2025-11-10;1;0
25;2025-11-10;2;0
25;2025-11-10;3;0
25;2025-11-10;4;0
25;2025-11-10;5;5
25;2025-11-10;6;178
25;2025-11-10;7;547
25;2025-11-10;8;924
25;2025-11-10;9;483
25;2025-11-10;10;359
25;2025-11-10;11;417
25;2025-11-10;12;402
25;2025-11-10;13;532
25;2025-11-10;14;444
25;2025-11-10;15;532
25;2025-11-10;16;695
25;2025-11-10;17;756
25;2025-11-10;18;789
25;2025-11-10;19;507
25;2025-11-10;20;313
25;2025-11-10;21;208
25;2025-11-10;22;114
25;2025-11-10;23;10
25;2025-11-11;0;2
25;2025-11-11;1;0
25;2025-11-11;2;0
25;2025-11-11;3;0
25;2025-11-11;4;0
25;2025-11-11;5;5
25;2025-11-11;6;181
25;2025-11-11;7;551
25;2025-11-11;8;926
25;2025-11-11;9;496
25;2025-11-11;10;383
25;2025-11-11;11;436
25;2025-11-11;12;400
25;2025-11-11;13;509
25;2025-11-11;14;460
25;2025-11-11;15;546
25;2025-11-11;16;688
25;2025-11-11;17;746
25;2025-11-11;18;776
25;2025-11-11;19;517
25;2025-11-11;20;319
25;2025-11-11;21;210
25;2025-11-11;22;115
25;2025-11-11;23;10
25;2025-11-12;0;2
25;2025-11-12;1;0
25;2025-11-12;2;0
25;2025-11-12;3;0
25;2025-11-12;4;0
25;2025-11-12;5;6
25;2025-11-12;6;182
25;2025-11-12;7;545
25;2025-11-12;8;931
25;2025-11-12;9;489
25;2025-11-12;10;372
25;2025-11-12;11;433
25;2025-11-12;12;424
25;2025-11-12;13;550
25;2025-11-12;14;464
25;2025-11-12;15;549
25;2025-11-12;16;687
25;2025-11-12;17;759
25;2025-11-12;18;792
25;2025-11-12;19;513
25;2025-11-12;20;333
25;2025-11-12;21;215
25;2025-11-12;22;119
25;2025-11-12;23;8
25;2025-11-13;0;1
25;2025-11-13;1;0
25;2025-11-13;2;0
25;2025-11-13;3;0
25;2025-11-13;4;0
25;2025-11-13;5;6
25;2025-11-13;6;177
25;2025-11-13;7;539
25;2025-11-13;8;924
25;2025-11-13;9;476
25;2025-11-13;10;376
25;2025-11-13;11;422
25;2025-11-13;12;411
25;2025-11-13;13;526
25;2025-11-13;14;473
25;2025-11-13;15;560
25;2025-11-13;16;681
25;2025-11-13;17;760
25;2025-11-13;18;772
25;2025-11-13;19;513
25;2025-11-13;20;318
25;2025-11-13;21;214
25;2025-11-13;22;119
25;2025-11-13;23;10
25;2025-11-14;0;1
25;2025-11-14;1;0
25;2025-11-14;2;0
25;2025-11-14;3;0
25;2025-11-14;4;0
25;2025-11-14;5;5
25;2025-11-14;6;177
25;2025-11-14;7;536
25;2025-11-14;8;890
25;2025-11-14;9;471
25;2025-11-14;10;369
25;2025-11-14;11;434
25;2025-11-14;12;424
25;2025-11-14;13;540
25;2025-11-14;14;496
25;2025-11-14;15;588
25;2025-11-14;16;729
25;2025-11-14;17;774
25;2025-11-14;18;717
25;2025-11-14;19;495
25;2025-11-14;20;317
25;2025-11-14;21;218
25;2025-11-14;22;128
25;2025-11-14;23;12
25;2025-11-15;0;2
25;2025-11-15;1;0
25;2025-11-15;2;0
25;2025-11-15;3;0
25;2025-11-15;4;0
25;2025-11-15;5;3
25;2025-11-15;6;65
25;2025-11-15;7;138
25;2025-11-15;8;314
25;2025-11-15;9;284
25;2025-11-15;10;286
25;2025-11-15;11;390
25;2025-11-15;12;400
25;2025-11-15;13;540
25;2025-11-15;14;555
25;2025-11-15;15;647
25;2025-11-15;16;581
25;2025-11-15;17;496
25;2025-11-15;18;468
25;2025-11-15;19;422
25;2025-11-15;20;263
25;2025-11-15;21;215
25;2025-11-15;22;135
25;2025-11-15;23;53
25;2025-11-16;0;14
25;2025-11-16;1;0
25;2025-11-16;2;0
25;2025-11-16;3;0
25;2025-11-16;4;0
25;2025-11-16;5;3
25;2025-11-16;6;50
25;2025-11-16;7;95
25;2025-11-16;8;181
25;2025-11-16;9;201
25;2025-11-16;10;217
25;2025-11-16;11;285
25;2025-11-16;12;336
25;2025-11-16;13;433
25;2025-11-16;14;468
25;2025-11-16;15;559
25;2025-11-16;16;479
25;2025-11-16;17;438
25;2025-11-16;18;393
25;2025-11-16;19;331
25;2025-11-16;20;220
25;2025-11-16;21;178
25;2025-11-16;22;104
25;2025-11-16;23;39
25;2025-11-17;0;6
25;2025-11-17;1;0
25;2025-11-17;2;0
25;2025-11-17;3;0
25;2025-11-17;4;0
25;2025-11-17;5;5
25;2025-11-17;6;177
25;2025-11-17;7;545
25;2025-11-17;8;921
25;2025-11-17;9;482
25;2025-11-17;10;357
25;2025-11-17;11;415
25;2025-11-17;12;400
25;2025-11-17;13;530
25;2025-11-17;14;442
25;2025-11-17;15;530
25;2025-11-17;16;693
25;2025-11-17;17;753
25;2025-11-17;18;786
25;2025-11-17;19;505
25;2025-11-17;20;312
25;2025-11-17;21;207
25;2025-11-17;22;114
25;2025-11-17;23;10
25;2025-11-18;0;2
25;2025-11-18;1;0
25;2025-11-18;2;0
25;2025-11-18;3;0
25;2025-11-18;4;0
25;2025-11-18;5;5
25;2025-11-18;6;180
25;2025-11-18;7;550
25;2025-11-18;8;923
25;2025-11-18;9;495
25;2025-11-18;10;382
25;2025-11-18;11;435
25;2025-11-18;12;399
25;2025-11-18;13;507
25;2025-11-18;14;459
25;2025-11-18;15;544
25;2025-11-18;16;685
25;2025-11-18;17;743
25;2025-11-18;18;773
25;2025-11-18;19;515
25;2025-11-18;20;318
25;2025-11-18;21;209
25;2025-11-18;22;115
25;2025-11-18;23;10
25;2025-11-19;0;2
25;2025-11-19;1;0
25;2025-11-19;2;0
25;2025-11-19;3;0
25;2025-11-19;4;0
25;2025-11-19;5;6
25;2025-11-19;6;182
25;2025-11-19;7;544
25;2025-11-19;8;928
25;2025-11-19;9;487
25;2025-11-19;10;371
25;2025-11-19;11;432
25;2025-11-19;12;423
25;2025-11-19;13;548
25;2025-11-19;14;462
25;2025-11-19;15;547
25;2025-11-19;16;685
25;2025-11-19;17;757
25;2025-11-19;18;789
25;2025-11-19;19;511
25;2025-11-19;20;332
25;2025-11-19;21;214
25;2025-11-19;22;118
25;2025-11-19;23;8
25;2025-11-20;0;1
25;2025-11-20;1;0
25;2025-11-20;2;0
25;2025-11-20;3;0
25;2025-11-20;4;0
25;2025-11-20;5;6
25;2025-11-20;6;176
25;2025-11-20;7;537
25;2025-11-20;8;921
25;2025-11-20;9;474
25;2025-11-20;10;375
25;2025-11-20;11;421
25;2025-11-20;12;409
25;2025-11-20;13;524
25;2025-11-20;14;471
25;2025-11-20;15;558
25;2025-11-20;16;679
25;2025-11-20;17;757
25;2025-11-20;18;770
25;2025-11-20;19;511
25;2025-11-20;20;317
25;2025-11-20;21;213
25;2025-11-20;22;119
25;2025-11-20;23;10
25;2025-11-21;0;1
25;2025-11-21;1;0
25;2025-11-21;2;0
25;2025-11-21;3;0
25;2025-11-21;4;0
25;2025-11-21;5;5
25;2025-11-21;6;176
25;2025-11-21;7;534
25;2025-11-21;8;888
25;2025-11-21;9;469
25;2025-11-21;10;368
25;2025-11-21;11;433
25;2025-11-21;12;423
25;2025-11-21;13;538
25;2025-11-21;14;494
25;2025-11-21;15;586
25;2025-11-21;16;726
25;2025-11-21;17;771
25;2025-11-21;18;715
25;2025-11-21;19;494
25;2025-11-21;20;316
25;2025-11-21;21;217
25;2025-11-21;22;128
25;2025-11-21;23;12
25;2025-11-22;0;2
25;2025-11-22;1;0
25;2025-11-22;2;0
25;2025-11-22;3;0
25;2025-11-22;4;0
25;2025-11-22;5;3
25;2025-11-22;6;65
25;2025-11-22;7;138
25;2025-11-22;8;313
25;2025-11-22;9;283
25;2025-11-22;10;285
25;2025-11-22;11;389
25;2025-11-22;12;399
25;2025-11-22;13;539
25;2025-11-22;14;553
25;2025-11-22;15;645
25;2025-11-22;16;579
25;2025-11-22;17;495
25;2025-11-22;18;467
25;2025-11-22;19;420
25;2025-11-22;20;262
25;2025-11-22;21;214
25;2025-11-22;22;135
25;2025-11-22;23;53
25;2025-11-23;0;14
25;2025-11-23;1;0
25;2025-11-23;2;0
25;2025-11-23;3;0
25;2025-11-23;4;0
25;2025-11-23;5;3
25;2025-11-23;6;50
25;2025-11-23;7;95
25;2025-11-23;8;181
25;2025-11-23;9;200
25;2025-11-23;10;217
25;2025-11-23;11;285
25;2025-11-23;12;335
25;2025-11-23;13;432
25;2025-11-23;14;467
25;2025-11-23;15;558
25;2025-11-23;16;478
25;2025-11-23;17;437
25;2025-11-23;18;392
25;2025-11-23;19;331
25;2025-11-23;20;220
25;2025-11-23;21;178
25;2025-11-23;22;104
25;2025-11-23;23;39
25;2025-11-24;0;6
25;2025-11-24;1;0
25;2025-11-24;2;0
25;2025-11-24;3;0
25;2025-11-24;4;0
25;2025-11-24;5;5
25;2025-11-24;6;177
25;2025-11-24;7;544
25;2025-11-24;8;918
25;2025-11-24;9;481
25;2025-11-24;10;356
25;2025-11-24;11;414
25;2025-11-24;12;399
25;2025-11-24;13;529
25;2025-11-24;14;441
25;2025-11-24;15;528
25;2025-11-24;16;691
25;2025-11-24;17;751
25;2025-11-24;18;784
25;2025-11-24;19;504
25;2025-11-24;20;311
25;2025-11-24;21;206
25;2025-11-24;22;114
25;2025-11-24;23;10
25;2025-11-25;0;2
25;2025-11-25;1;0
25;2025-11-25;2;0
25;2025-11-25;3;0
25;2025-11-25;4;0
25;2025-11-25;5;5
25;2025-11-25;6;179
25;2025-11-25;7;548
25;2025-11-25;8;920
25;2025-11-25;9;493
25;2025-11-25;10;380
25;2025-11-25;11;434
25;2025-11-25;12;397
25;2025-11-25;13;506
25;2025-11-25;14;457
25;2025-11-25;15;543
25;2025-11-25;16;683
25;2025-11-25;17;741
25;2025-11-25;18;771
25;2025-11-25;19;513
25;2025-11-25;20;317
25;2025-11-25;21;208
25;2025-11-25;22;114
25;2025-11-25;23;10
25;2025-11-26;0;2
25;2025-11-26;1;0
25;2025-11-26;2;0
25;2025-11-26;3;0
25;2025-11-26;4;0
25;2025-11-26;5;6
25;2025-11-26;6;181
25;2025-11-26;7;542
25;2025-11-26;8;926
25;2025-11-26;9;486
25;2025-11-26;10;370
25;2025-11-26;11;431
25;2025-11-26;12;422
25;2025-11-26;13;547
25;2025-11-26;14;461
25;2025-11-26;15;546
25;2025-11-26;16;683
25;2025-11-26;17;754
25;2025-11-26;18;787
25;2025-11-26;19;510
25;2025-11-26;20;331
25;2025-11-26;21;214
25;2025-11-26;22;118
25;2025-11-26;23;8
25;2025-11-27;0;1
25;2025-11-27;1;0
25;2025-11-27;2;0
25;2025-11-27;3;0
25;2025-11-27;4;0
25;2025-11-27;5;6
25;2025-11-27;6;176
25;2025-11-27;7;535
25;2025-11-27;8;918
25;2025-11-27;9;473
25;2025-11-27;10;374
25;2025-11-27;11;419
25;2025-11-27;12;408
25;2025-11-27;13;522
25;2025-11-27;14;470
25;2025-11-27;15;557
25;2025-11-27;16;677
25;2025-11-27;17;755
25;2025-11-27;18;767
25;2025-11-27;19;510
25;2025-11-27;20;316
25;2025-11-27;21;213
25;2025-11-27;22;118
25;2025-11-27;23;10
25;2025-11-28;0;1
25;2025-11-28;1;0
25;2025-11-28;2;0
25;2025-11-28;3;0
25;2025-11-28;4;0
25;2025-11-28;5;5
25;2025-11-28;6;176
25;2025-11-28;7;532
25;2025-11-28;8;885
25;2025-11-28;9;468
25;2025-11-28;10;367
25;2025-11-28;11;432
25;2025-11-28;12;421
25;2025-11-28;13;537
25;2025-11-28;14;493
25;2025-11-28;15;584
25;2025-11-28;16;724
25;2025-11-28;17;769
25;2025-11-28;18;712
25;2025-11-28;19;492
25;2025-11-28;20;315
25;2025-11-28;21;216
25;2025-11-28;22;127
25;2025-11-28;23;12
25;2025-11-29;0;2
25;2025-11-29;1;0
25;2025-11-29;2;0
25;2025-11-29;3;0
25;2025-11-29;4;0
25;2025-11-29;5;3
25;2025-11-29;6;65
25;2025-11-29;7;137
25;2025-11-29;8;312
25;2025-11-29;9;282
25;2025-11-29;10;284
25;2025-11-29;11;388
25;2025-11-29;12;397
25;2025-11-29;13;537
25;2025-11-29;14;552
25;2025-11-29;15;643
25;2025-11-29;16;577
25;2025-11-29;17;493
25;2025-11-29;18;465
25;2025-11-29;19;419
25;2025-11-29;20;261
25;2025-11-29;21;213
25;2025-11-29;22;134
25;2025-11-29;23;53
25;2025-11-30;0;14
25;2025-11-30;1;0
25;2025-11-30;2;0
25;2025-11-30;3;0
25;2025-11-30;4;0
25;2025-11-30;5;3
25;2025-11-30;6;50
25;2025-11-30;7;95
25;2025-11-30;8;181
25;2025-11-30;9;200
25;2025-11-30;10;217
25;2025-11-30;11;284
25;2025-11-30;12;334
25;2025-11-30;13;432
25;2025-11-30;14;467
25;2025-11-30;15;557
25;2025-11-30;16;477
25;2025-11-30;17;436
25;2025-11-30;18;391
25;2025-11-30;19;330
25;2025-11-30;20;219
25;2025-11-30;21;178
25;2025-11-30;22;104
25;2025-11-30;23;39
25;2025-12-01;0;6
25;2025-12-01;1;0
25;2025-12-01;2;0
25;2025-12-01;3;0
25;2025-12-01;4;0
25;2025-12-01;5;5
25;2025-12-01;6;176
25;2025-12-01;7;542
25;2025-12-01;8;916
25;2025-12-01;9;479
25;2025-12-01;10;356
25;2025-12-01;11;413
25;2025-12-01;12;398
25;2025-12-01;13;527
25;2025-12-01;14;440
25;2025-12-01;15;527
25;2025-12-01;16;689
25;2025-12-01;17;749
25;2025-12-01;18;783
25;2025-12-01;19;503
25;2025-12-01;20;310
25;2025-12-01;21;206
25;2025-12-01;22;113
25;2025-12-01;23;10
25;2025-12-02;0;2
25;2025-12-02;1;0
25;2025-12-02;2;0
25;2025-12-02;3;0
25;2025-12-02;4;0
25;2025-12-02;5;5
25;2025-12-02;6;179
25;2025-12-02;7;546
25;2025-12-02;8;918
25;2025-12-02;9;492
25;2025-12-02;10;379
25;2025-12-02;11;432
25;2025-12-02;12;396
25;2025-12-02;13;504
25;2025-12-02;14;456
25;2025-12-02;15;541
25;2025-12-02;16;681
25;2025-12-02;17;739
25;2025-12-02;18;769
25;2025-12-02;19;512
25;2025-12-02;20;316
25;2025-12-02;21;208
25;2025-12-02;22;114
25;2025-12-02;23;10
25;2025-12-03;0;2
25;2025-12-03;1;0
25;2025-12-03;2;0
25;2025-12-03;3;0
25;2025-12-03;4;0
25;2025-12-03;5;6
25;2025-12-03;6;181
25;2025-12-03;7;540
25;2025-12-03;8;923
25;2025-12-03;9;484
25;2025-12-03;10;369
25;2025-12-03;11;429
25;2025-12-03;12;420
25;2025-12-03;13;545
25;2025-12-03;14;460
25;2025-12-03;15;544
25;2025-12-03;16;681
25;2025-12-03;17;752
25;2025-12-03;18;785
25;2025-12-03;19;508
25;2025-12-03;20;330
25;2025-12-03;21;213
25;2025-12-03;22;118
25;2025-12-03;23;8
25;2025-12-04;0;1
25;2025-12-04;1;0
25;2025-12-04;2;0
25;2025-12-04;3;0
25;2025-12-04;4;0
25;2025-12-04;5;6
25;2025-12-04;6;175
25;2025-12-04;7;534
25;2025-12-04;8;916
25;2025-12-04;9;471
25;2025-12-04;10;373
25;2025-12-04;11;418
25;2025-12-04;12;407
25;2025-12-04;13;521
25;2025-12-04;14;468
25;2025-12-04;15;555
25;2025-12-04;16;675
25;2025-12-04;17;753
25;2025-12-04;18;765
25;2025-12-04;19;508
25;2025-12-04;20;315
25;2025-12-04;21;212
25;2025-12-04;22;118
25;2025-12-04;23;10
25;2025-12-05;0;1
25;2025-12-05;1;0
25;2025-12-05;2;0
25;2025-12-05;3;0
25;2025-12-05;4;0
25;2025-12-05;5;5
25;2025-12-05;6;175
25;2025-12-05;7;531
25;2025-12-05;8;882
25;2025-12-05;9;467
25;2025-12-05;10;365
25;2025-12-05;11;431
25;2025-12-05;12;420
25;2025-12-05;13;535
25;2025-12-05;14;491
25;2025-12-05;15;583
25;2025-12-05;16;722
25;2025-12-05;17;767
25;2025-12-05;18;710
25;2025-12-05;19;491
25;2025-12-05;20;314
25;2025-12-05;21;216
25;2025-12-05;22;127
25;2025-12-05;23;12
25;2025-12-06;0;2
25;2025-12-06;1;0
25;2025-12-06;2;0
25;2025-12-06;3;0
25;2025-12-06;4;0
25;2025-12-06;5;3
25;2025-12-06;6;64
25;2025-12-06;7;137
25;2025-12-06;8;311
25;2025-12-06;9;281
25;2025-12-06;10;283
25;2025-12-06;11;386
25;2025-12-06;12;396
25;2025-12-06;13;535
25;2025-12-06;14;550
25;2025-12-06;15;641
25;2025-12-06;16;576
25;2025-12-06;17;492
25;2025-12-06;18;464
25;2025-12-06;19;418
25;2025-12-06;20;260
25;2025-12-06;21;213
25;2025-12-06;22;134
25;2025-12-06;23;52
25;2025-12-07;0;14
25;2025-12-07;1;0
25;2025-12-07;2;0
25;2025-12-07;3;0
25;2025-12-07;4;0
25;2025-12-07;5;3
25;2025-12-07;6;50
25;2025-12-07;7;95
25;2025-12-07;8;180
25;2025-12-07;9;200
25;2025-12-07;10;216
25;2025-12-07;11;284
25;2025-12-07;12;334
25;2025-12-07;13;431
25;2025-12-07;14;466
25;2025-12-07;15;556
25;2025-12-07;16;476
25;2025-12-07;17;435
25;2025-12-07;18;391
25;2025-12-07;19;330
25;2025-12-07;20;219
25;2025-12-07;21;177
25;2025-12-07;22;104
25;2025-12-07;23;39
25;2025-12-08;0;6
25;2025-12-08;1;0
25;2025-12-08;2;0
25;2025-12-08;3;0
25;2025-12-08;4;0
25;2025-12-08;5;5
25;2025-12-08;6;176
25;2025-12-08;7;541
25;2025-12-08;8;914
25;2025-12-08;9;478
25;2025-12-08;10;355
25;2025-12-08;11;412
25;2025-12-08;12;397
25;2025-12-08;13;526
25;2025-12-08;14;439
25;2025-12-08;15;526
25;2025-12-08;16;688
25;2025-12-08;17;747
25;2025-12-08;18;780
25;2025-12-08;19;501
25;2025-12-08;20;309
25;2025-12-08;21;205
25;2025-12-08;22;113
25;2025-12-08;23;10
25;2025-12-09;0;2
25;2025-12-09;1;0
25;2025-12-09;2;0
25;2025-12-09;3;0
25;2025-12-09;4;0
25;2025-12-09;5;5
25;2025-12-09;6;178
25;2025-12-09;7;545
25;2025-12-09;8;915
25;2025-12-09;9;490
25;2025-12-09;10;378
25;2025-12-09;11;431
25;2025-12-09;12;395
25;2025-12-09;13;503
25;2025-12-09;14;455
25;2025-12-09;15;539
25;2025-12-09;16;679
25;2025-12-09;17;737
25;2025-12-09;18;767
25;2025-12-09;19;510
25;2025-12-09;20;315
25;2025-12-09;21;207
25;2025-12-09;22;114
25;2025-12-09;23;10
25;2025-12-10;0;2
25;2025-12-10;1;0
25;2025-12-10;2;0
25;2025-12-10;3;0
25;2025-12-10;4;0
25;2025-12-10;5;6
25;2025-12-10;6;180
25;2025-12-10;7;539
25;2025-12-10;8;920
25;2025-12-10;9;483
25;2025-12-10;10;368
25;2025-12-10;11;428
25;2025-12-10;12;419
25;2025-12-10;13;543
25;2025-12-10;14;458
25;2025-12-10;15;542
25;2025-12-10;16;679
25;2025-12-10;17;750
25;2025-12-10;18;783
25;2025-12-10;19;507
25;2025-12-10;20;329
25;2025-12-10;21;213
25;2025-12-10;22;117
25;2025-12-10;23;8
25;2025-12-11;0;1
25;2025-12-11;1;0
25;2025-12-11;2;0
25;2025-12-11;3;0
25;2025-12-11;4;0
25;2025-12-11;5;6
25;2025-12-11;6;175
25;2025-12-11;7;532
25;2025-12-11;8;913
25;2025-12-11;9;470
25;2025-12-11;10;372
25;2025-12-11;11;417
25;2025-12-11;12;406
25;2025-12-11;13;519
25;2025-12-11;14;467
25;2025-12-11;15;554
25;2025-12-11;16;673
25;2025-12-11;17;751
25;2025-12-11;18;763
25;2025-12-11;19;507
25;2025-12-11;20;314
25;2025-12-11;21;212
25;2025-12-11;22;118
25;2025-12-11;23;10
25;2025-12-12;0;1
25;2025-12-12;1;0
25;2025-12-12;2;0
25;2025-12-12;3;0
25;2025-12-12;4;0
25;2025-12-12;5;5
25;2025-12-12;6;175
25;2025-12-12;7;529
25;2025-12-12;8;880
25;2025-12-12;9;465
25;2025-12-12;10;364
25;2025-12-12;11;429
25;2025-12-12;12;419
25;2025-12-12;13;534
25;2025-12-12;14;490
25;2025-12-12;15;581
25;2025-12-12;16;720
25;2025-12-12;17;765
25;2025-12-12;18;709
25;2025-12-12;19;489
25;2025-12-12;20;313
25;2025-12-12;21;215
25;2025-12-12;22;127
25;2025-12-12;23;12
25;2025-12-13;0;2
25;2025-12-13;1;0
25;2025-12-13;2;0
25;2025-12-13;3;0
25;2025-12-13;4;0
25;2025-12-13;5;3
25;2025-12-13;6;64
25;2025-12-13;7;136
25;2025-12-13;8;310
25;2025-12-13;9;280
25;2025-12-13;10;282
25;2025-12-13;11;385
25;2025-12-13;12;395
25;2025-12-13;13;534
25;2025-12-13;14;548
25;2025-12-13;15;639
25;2025-12-13;16;574
25;2025-12-13;17;490
25;2025-12-13;18;462
25;2025-12-13;19;417
25;2025-12-13;20;259
25;2025-12-13;21;212
25;2025-12-13;22;133
25;2025-12-13;23;52
25;2025-12-14;0;14
25;2025-12-14;1;0
25;2025-12-14;2;0
25;2025-12-14;3;0
25;2025-12-14;4;0
25;2025-12-14;5;3
25;2025-12-14;6;50
25;2025-12-14;7;95
25;2025-12-14;8;180
25;2025-12-14;9;199
25;2025-12-14;10;216
25;2025-12-14;11;283
25;2025-12-14;12;333
25;2025-12-14;13;430
25;2025-12-14;14;465
25;2025-12-14;15;555
25;2025-12-14;16;475
25;2025-12-14;17;435
25;2025-12-14;18;390
25;2025-12-14;19;329
25;2025-12-14;20;219
25;2025-12-14;21;177
25;2025-12-14;22;103
25;2025-12-14;23;39
25;2025-12-15;0;6
25;2025-12-15;1;0
25;2025-12-15;2;0
25;2025-12-15;3;0
25;2025-12-15;4;0
25;2025-12-15;5;5
25;2025-12-15;6;175
25;2025-12-15;7;539
25;2025-12-15;8;911
25;2025-12-15;9;477
25;2025-12-15;10;354
25;2025-12-15;11;411
25;2025-12-15;12;396
25;2025-12-15;13;525
25;2025-12-15;14;438
25;2025-12-15;15;524
25;2025-12-15;16;686
25;2025-12-15;17;745
25;2025-12-15;18;778
25;2025-12-15;19;500
25;2025-12-15;20;308
25;2025-12-15;21;205
25;2025-12-15;22;113
25;2025-12-15;23;10
25;2025-12-16;0;2
25;2025-12-16;1;0
25;2025-12-16;2;0
25;2025-12-16;3;0
25;2025-12-16;4;0
25;2025-12-16;5;5
25;2025-12-16;6;178
25;2025-12-16;7;543
25;2025-12-16;8;913
25;2025-12-16;9;489
25;2025-12-16;10;377
25;2025-12-16;11;430
25;2025-12-16;12;394
25;2025-12-16;13;502
25;2025-12-16;14;454
25;2025-12-16;15;538
25;2025-12-16;16;678
25;2025-12-16;17;735
25;2025-12-16;18;765
25;2025-12-16;19;509
25;2025-12-16;20;315
25;2025-12-16;21;206
25;2025-12-16;22;113
25;2025-12-16;23;10
25;2025-12-17;0;2
25;2025-12-17;1;0
25;2025-12-17;2;0
25;2025-12-17;3;0
25;2025-12-17;4;0
25;2025-12-17;5;6
25;2025-12-17;6;180
25;2025-12-17;7;537
25;2025-12-17;8;918
25;2025-12-17;9;482
25;2025-12-17;10;367
25;2025-12-17;11;427
25;2025-12-17;12;418
25;2025-12-17;13;542
25;2025-12-17;14;457
25;2025-12-17;15;541
25;2025-12-17;16;677
25;2025-12-17;17;748
25;2025-12-17;18;781
25;2025-12-17;19;505
25;2025-12-17;20;328
25;2025-12-17;21;212
25;2025-12-17;22;117
25;2025-12-17;23;8
25;2025-12-18;0;1
25;2025-12-18;1;0
25;2025-12-18;2;0
25;2025-12-18;3;0
25;2025-12-18;4;0
25;2025-12-18;5;6
25;2025-12-18;6;174
25;2025-12-18;7;531
25;2025-12-18;8;911
25;2025-12-18;9;469
25;2025-12-18;10;371
25;2025-12-18;11;416
25;2025-12-18;12;405
25;2025-12-18;13;518
25;2025-12-18;14;466
25;2025-12-18;15;552
25;2025-12-18;16;671
25;2025-12-18;17;749
25;2025-12-18;18;761
25;2025-12-18;19;505
25;2025-12-18;20;313
25;2025-12-18;21;211
25;2025-12-18;22;118
25;2025-12-18;23;10
25;2025-12-19;0;1
25;2025-12-19;1;0
25;2025-12-19;2;0
25;2025-12-19;3;0
25;2025-12-19;4;0
25;2025-12-19;5;5
25;2025-12-19;6;174
25;2025-12-19;7;528
25;2025-12-19;8;878
25;2025-12-19;9;464
25;2025-12-19;10;364
25;2025-12-19;11;428
25;2025-12-19;12;418
25;2025-12-19;13;533
25;2025-12-19;14;489
25;2025-12-19;15;579
25;2025-12-19;16;718
25;2025-12-19;17;763
25;2025-12-19;18;707
25;2025-12-19;19;488
25;2025-12-19;20;312
25;2025-12-19;21;214
25;2025-12-19;22;126
25;2025-12-19;23;12
25;2025-12-20;0;2
25;2025-12-20;1;0
25;2025-12-20;2;0
25;2025-12-20;3;0
25;2025-12-20;4;0
25;2025-12-20;5;3
25;2025-12-20;6;64
25;2025-12-20;7;136
25;2025-12-20;8;309
25;2025-12-20;9;279
25;2025-12-20;10;281
25;2025-12-20;11;384
25;2025-12-20;12;394
25;2025-12-20;13;532
25;2025-12-20;14;547
25;2025-12-20;15;637
25;2025-12-20;16;572
25;2025-12-20;17;489
25;2025-12-20;18;461
25;2025-12-20;19;415
25;2025-12-20;20;259
25;2025-12-20;21;211
25;2025-12-20;22;133
25;2025-12-20;23;52
25;2025-12-21;0;14
25;2025-12-21;1;0
25;2025-12-21;2;0
25;2025-12-21;3;0
25;2025-12-21;4;0
25;2025-12-21;5;3
25;2025-12-21;6;50
25;2025-12-21;7;95
25;2025-12-21;8;180
25;2025-12-21;9;199
25;2025-12-21;10;216
25;2025-12-21;11;283
25;2025-12-21;12;333
25;2025-12-21;13;429
25;2025-12-21;14;464
25;2025-12-21;15;554
25;2025-12-21;16;475
25;2025-12-21;17;434
25;2025-12-21;18;389
25;2025-12-21;19;328
25;2025-12-21;20;218
25;2025-12-21;21;177
25;2025-12-21;22;103
25;2025-12-21;23;38
25;2025-12-22;0;6
25;2025-12-22;1;0
25;2025-12-22;2;0
25;2025-12-22;3;0
25;2025-12-22;4;0
25;2025-12-22;5;5
25;2025-12-22;6;175
25;2025-12-22;7;538
25;2025-12-22;8;909
25;2025-12-22;9;476
25;2025-12-22;10;353
25;2025-12-22;11;410
25;2025-12-22;12;395
25;2025-12-22;13;523
25;2025-12-22;14;437
25;2025-12-22;15;523
25;2025-12-22;16;684
25;2025-12-22;17;744
25;2025-12-22;18;776
25;2025-12-22;19;499
25;2025-12-22;20;308
25;2025-12-22;21;204
25;2025-12-22;22;112
25;2025-12-22;23;10
25;2025-12-23;0;2
25;2025-12-23;1;0
25;2025-12-23;2;0
25;2025-12-23;3;0
25;2025-12-23;4;0
25;2025-12-23;5;5
25;2025-12-23;6;177
25;2025-12-23;7;542
25;2025-12-23;8;911
25;2025-12-23;9;488
25;2025-12-23;10;376
25;2025-12-23;11;429
25;2025-12-23;12;393
25;2025-12-23;13;500
25;2025-12-23;14;452
25;2025-12-23;15;537
25;2025-12-23;16;676
25;2025-12-23;17;733
25;2025-12-23;18;763
25;2025-12-23;19;508
25;2025-12-23;20;314
25;2025-12-23;21;206
25;2025-12-23;22;113
25;2025-12-23;23;10
25;2025-12-24;0;2
25;2025-12-24;1;0
25;2025-12-24;2;0
25;2025-12-24;3;0
25;2025-12-24;4;0
25;2025-12-24;5;5
25;2025-12-24;6;179
25;2025-12-24;7;536
25;2025-12-24;8;916
25;2025-12-24;9;480
25;2025-12-24;10;366
25;2025-12-24;11;426
25;2025-12-24;12;417
25;2025-12-24;13;541
25;2025-12-24;14;456
25;2025-12-24;15;540
25;2025-12-24;16;676
25;2025-12-24;17;746
25;2025-12-24;18;779
25;2025-12-24;19;504
25;2025-12-24;20;327
25;2025-12-24;21;211
25;2025-12-24;22;117
25;2025-12-24;23;8
25;2025-12-25;0;1
25;2025-12-25;1;0
25;2025-12-25;2;0
25;2025-12-25;3;0
25;2025-12-25;4;0
25;2025-12-25;5;6
25;2025-12-25;6;174
25;2025-12-25;7;530
25;2025-12-25;8;909
25;2025-12-25;9;468
25;2025-12-25;10;370
25;2025-12-25;11;415
25;2025-12-25;12;404
25;2025-12-25;13;517
25;2025-12-25;14;465
25;2025-12-25;15;551
25;2025-12-25;16;670
25;2025-12-25;17;747
25;2025-12-25;18;759
25;2025-12-25;19;504
25;2025-12-25;20;312
25;2025-12-25;21;210
25;2025-12-25;22;117
25;2025-12-25;23;10
25;2025-12-26;0;1
25;2025-12-26;1;0
25;2025-12-26;2;0
25;2025-12-26;3;0
25;2025-12-26;4;0
25;2025-12-26;5;5
25;2025-12-26;6;174
25;2025-12-26;7;527
25;2025-12-26;8;876
25;2025-12-26;9;463
25;2025-12-26;10;363
25;2025-12-26;11;427
25;2025-12-26;12;417
25;2025-12-26;13;531
25;2025-12-26;14;487
25;2025-12-26;15;578
25;2025-12-26;16;716
25;2025-12-26;17;761
25;2025-12-26;18;705
25;2025-12-26;19;487
25;2025-12-26;20;311
25;2025-12-26;21;214
25;2025-12-26;22;126
25;2025-12-26;23;12
25;2025-12-27;0;2
25;2025-12-27;1;0
25;2025-12-27;2;0
25;2025-12-27;3;0
25;2025-12-27;4;0
25;2025-12-27;5;3
25;2025-12-27;6;64
25;2025-12-27;7;136
25;2025-12-27;8;308
25;2025-12-27;9;278
25;2025-12-27;10;281
25;2025-12-27;11;383
25;2025-12-27;12;393
25;2025-12-27;13;531
25;2025-12-27;14;545
25;2025-12-27;15;635
25;2025-12-27;16;571
25;2025-12-27;17;488
25;2025-12-27;18;460
25;2025-12-27;19;414
25;2025-12-27;20;258
25;2025-12-27;21;211
25;2025-12-27;22;133
25;2025-12-27;23;52
25;2025-12-28;0;14
25;2025-12-28;1;0
25;2025-12-28;2;0
25;2025-12-28;3;0
25;2025-12-28;4;0
25;2025-12-28;5;3
25;2025-12-28;6;49
25;2025-12-28;7;94
25;2025-12-28;8;179
25;2025-12-28;9;199
25;2025-12-28;10;215
25;2025-12-28;11;282
25;2025-12-28;12;332
25;2025-12-28;13;429
25;2025-12-28;14;463
25;2025-12-28;15;554
25;2025-12-28;16;474
25;2025-12-28;17;433
25;2025-12-28;18;389
25;2025-12-28;19;328
25;2025-12-28;20;218
25;2025-12-28;21;176
25;2025-12-28;22;103
25;2025-12-28;23;38
25;2025-12-29;0;6
25;2025-12-29;1;0
25;2025-12-29;2;0
25;2025-12-29;3;0
25;2025-12-29;4;0
25;2025-12-29;5;5
25;2025-12-29;6;175
25;2025-12-29;7;537
25;2025-12-29;8;907
25;2025-12-29;9;475
25;2025-12-29;10;352
25;2025-12-29;11;409
25;2025-12-29;12;394
25;2025-12-29;13;522
25;2025-12-29;14;436
25;2025-12-29;15;522
25;2025-12-29;16;683
25;2025-12-29;17;742
25;2025-12-29;18;775
25;2025-12-29;19;498
25;2025-12-29;20;307
25;2025-12-29;21;204
25;2025-12-29;22;112
25;2025-12-29;23;10
25;2025-12-30;0;2
25;2025-12-30;1;0
25;2025-12-30;2;0
25;2025-12-30;3;0
25;2025-12-30;4;0
25;2025-12-30;5;5
25;2025-12-30;6;177
25;2025-12-30;7;541
25;2025-12-30;8;908
25;2025-12-30;9;487
25;2025-12-30;10;376
25;2025-12-30;11;428
25;2025-12-30;12;392
25;2025-12-30;13;499
25;2025-12-30;14;451
25;2025-12-30;15;535
25;2025-12-30;16;674
25;2025-12-30;17;731
25;2025-12-30;18;761
25;2025-12-30;19;506
25;2025-12-30;20;313
25;2025-12-30;21;205
25;2025-12-30;22;113
25;2025-12-30;23;9
25;2025-12-31;0;13
25;2025-12-31;1;0
25;2025-12-31;2;0
25;2025-12-31;3;0
25;2025-12-31;4;0
25;2025-12-31;5;2
25;2025-12-31;6;47
25;2025-12-31;7;93
25;2025-12-31;8;173
25;2025-12-31;9;190
25;2025-12-31;10;209
25;2025-12-31;11;267
25;2025-12-31;12;318
25;2025-12-31;13;407
25;2025-12-31;14;444
25;2025-12-31;15;538
25;2025-12-31;16;462
25;2025-12-31;17;426
25;2025-12-31;18;378
25;2025-12-31;19;322
25;2025-12-31;20;221
25;2025-12-31;21;178
25;2025-12-31;22;104
25;2025-12-31;23;39
26;2025-11-01;0;32
26;2025-11-01;1;1
26;2025-11-01;2;0
26;2025-11-01;3;0
26;2025-11-01;4;3
26;2025-11-01;5;91
26;2025-11-01;6;516
26;2025-11-01;7;1124
26;2025-11-01;8;2263
26;2025-11-01;9;1518
26;2025-11-01;10;1263
26;2025-11-01;11;1142
26;2025-11-01;12;1190
26;2025-11-01;13;1226
26;2025-11-01;14;1292
26;2025-11-01;15;1394
26;2025-11-01;16;1581
26;2025-11-01;17;1751
26;2025-11-01;18;1846
26;2025-11-01;19;1269
26;2025-11-01;20;787
26;2025-11-01;21;485
26;2025-11-01;22;237
26;2025-11-01;23;128
26;2025-11-02;0;44
26;2025-11-02;1;4
26;2025-11-02;2;1
26;2025-11-02;3;1
26;2025-11-02;4;1
26;2025-11-02;5;30
26;2025-11-02;6;151
26;2025-11-02;7;240
26;2025-11-02;8;355
26;2025-11-02;9;489
26;2025-11-02;10;552
26;2025-11-02;11;740
26;2025-11-02;12;777
26;2025-11-02;13;817
26;2025-11-02;14;809
26;2025-11-02;15;745
26;2025-11-02;16;736
26;2025-11-02;17;726
26;2025-11-02;18;660
26;2025-11-02;19;531
26;2025-11-02;20;387
26;2025-11-02;21;275
26;2025-11-02;22;183
26;2025-11-02;23;99
26;2025-11-03;0;42
26;2025-11-03;1;4
26;2025-11-03;2;1
26;2025-11-03;3;0
26;2025-11-03;4;1
26;2025-11-03;5;31
26;2025-11-03;6;156
26;2025-11-03;7;238
26;2025-11-03;8;343
26;2025-11-03;9;471
26;2025-11-03;10;532
26;2025-11-03;11;712
26;2025-11-03;12;752
26;2025-11-03;13;791
26;2025-11-03;14;776
26;2025-11-03;15;726
26;2025-11-03;16;712
26;2025-11-03;17;703
26;2025-11-03;18;647
26;2025-11-03;19;537
26;2025-11-03;20;387
26;2025-11-03;21;273
26;2025-11-03;22;183
26;2025-11-03;23;100
26;2025-11-04;0;42
26;2025-11-04;1;4
26;2025-11-04;2;1
26;2025-11-04;3;0
26;2025-11-04;4;1
26;2025-11-04;5;31
26;2025-11-04;6;156
26;2025-11-04;7;238
26;2025-11-04;8;343
26;2025-11-04;9;471
26;2025-11-04;10;532
26;2025-11-04;11;712
26;2025-11-04;12;752
26;2025-11-04;13;791
26;2025-11-04;14;776
26;2025-11-04;15;726
26;2025-11-04;16;712
26;2025-11-04;17;703
26;2025-11-04;18;647
26;2025-11-04;19;537
26;2025-11-04;20;387
26;2025-11-04;21;273
26;2025-11-04;22;183
26;2025-11-04;23;100
26;2025-11-05;0;31
26;2025-11-05;1;1
26;2025-11-05;2;0
26;2025-11-05;3;0
26;2025-11-05;4;4
26;2025-11-05;5;91
26;2025-11-05;6;509
26;2025-11-05;7;1103
26;2025-11-05;8;2244
26;2025-11-05;9;1510
26;2025-11-05;10;1260
26;2025-11-05;11;1134
26;2025-11-05;12;1184
26;2025-11-05;13;1216
26;2025-11-05;14;1308
26;2025-11-05;15;1379
26;2025-11-05;16;1544
26;2025-11-05;17;1708
26;2025-11-05;18;1834
26;2025-11-05;19;1254
26;2025-11-05;20;776
26;2025-11-05;21;494
26;2025-11-05;22;238
26;2025-11-05;23;128
26;2025-11-06;0;34
26;2025-11-06;1;1
26;2025-11-06;2;0
26;2025-11-06;3;0
26;2025-11-06;4;2
26;2025-11-06;5;90
26;2025-11-06;6;505
26;2025-11-06;7;1100
26;2025-11-06;8;2211
26;2025-11-06;9;1500
26;2025-11-06;10;1230
26;2025-11-06;11;1152
26;2025-11-06;12;1172
26;2025-11-06;13;1201
26;2025-11-06;14;1270
26;2025-11-06;15;1373
26;2025-11-06;16;1544
26;2025-11-06;17;1722
26;2025-11-06;18;1856
26;2025-11-06;19;1268
26;2025-11-06;20;779
26;2025-11-06;21;483
26;2025-11-06;22;236
26;2025-11-06;23;130
26;2025-11-07;0;32
26;2025-11-07;1;2
26;2025-11-07;2;0
26;2025-11-07;3;0
26;2025-11-07;4;2
26;2025-11-07;5;88
26;2025-11-07;6;505
26;2025-11-07;7;1079
26;2025-11-07;8;2156
26;2025-11-07;9;1451
26;2025-11-07;10;1234
26;2025-11-07;11;1112
26;2025-11-07;12;1169
26;2025-11-07;13;1216
26;2025-11-07;14;1272
26;2025-11-07;15;1394
26;2025-11-07;16;1610
26;2025-11-07;17;1720
26;2025-11-07;18;1625
26;2025-11-07;19;1178
26;2025-11-07;20;759
26;2025-11-07;21;476
26;2025-11-07;22;235
26;2025-11-07;23;145
26;2025-11-08;0;43
26;2025-11-08;1;2
26;2025-11-08;2;0
26;2025-11-08;3;0
26;2025-11-08;4;2
26;2025-11-08;5;47
26;2025-11-08;6;263
26;2025-11-08;7;369
26;2025-11-08;8;609
26;2025-11-08;9;698
26;2025-11-08;10;827
26;2025-11-08;11;1008
26;2025-11-08;12;1061
26;2025-11-08;13;1036
26;2025-11-08;14;1069
26;2025-11-08;15;967
26;2025-11-08;16;998
26;2025-11-08;17;926
26;2025-11-08;18;872
26;2025-11-08;19;798
26;2025-11-08;20;538
26;2025-11-08;21;370
26;2025-11-08;22;218
26;2025-11-08;23;146
26;2025-11-09;0;44
26;2025-11-09;1;4
26;2025-11-09;2;1
26;2025-11-09;3;1
26;2025-11-09;4;1
26;2025-11-09;5;30
26;2025-11-09;6;151
26;2025-11-09;7;240
26;2025-11-09;8;355
26;2025-11-09;9;489
26;2025-11-09;10;552
26;2025-11-09;11;740
26;2025-11-09;12;777
26;2025-11-09;13;817
26;2025-11-09;14;809
26;2025-11-09;15;745
26;2025-11-09;16;736
26;2025-11-09;17;726
26;2025-11-09;18;660
26;2025-11-09;19;531
26;2025-11-09;20;387
26;2025-11-09;21;275
26;2025-11-09;22;183
26;2025-11-09;23;99
26;2025-11-10;0;30
26;2025-11-10;1;2
26;2025-11-10;2;0
26;2025-11-10;3;0
26;2025-11-10;4;2
26;2025-11-10;5;89
26;2025-11-10;6;506
26;2025-11-10;7;1105
26;2025-11-10;8;2186
26;2025-11-10;9;1481
26;2025-11-10;10;1236
26;2025-11-10;11;1102
26;2025-11-10;12;1144
26;2025-11-10;13;1199
26;2025-11-10;14;1242
26;2025-11-10;15;1348
26;2025-11-10;16;1527
26;2025-11-10;17;1704
26;2025-11-10;18;1855
26;2025-11-10;19;1255
26;2025-11-10;20;772
26;2025-11-10;21;465
26;2025-11-10;22;224
26;2025-11-10;23;115
26;2025-11-11;0;30
26;2025-11-11;1;1
26;2025-11-11;2;0
26;2025-11-11;3;1
26;2025-11-11;4;3
26;2025-11-11;5;90
26;2025-11-11;6;512
26;2025-11-11;7;1118
26;2025-11-11;8;2263
26;2025-11-11;9;1508
26;2025-11-11;10;1247
26;2025-11-11;11;1129
26;2025-11-11;12;1184
26;2025-11-11;13;1206
26;2025-11-11;14;1265
26;2025-11-11;15;1358
26;2025-11-11;16;1556
26;2025-11-11;17;1752
26;2025-11-11;18;1863
26;2025-11-11;19;1298
26;2025-11-11;20;787
26;2025-11-11;21;477
26;2025-11-11;22;233
26;2025-11-11;23;123
26;2025-11-12;0;31
26;2025-11-12;1;1
26;2025-11-12;2;0
26;2025-11-12;3;0
26;2025-11-12;4;4
26;2025-11-12;5;91
26;2025-11-12;6;507
26;2025-11-12;7;1099
26;2025-11-12;8;2237
26;2025-11-12;9;1505
26;2025-11-12;10;1256
26;2025-11-12;11;1130
26;2025-11-12;12;1180
26;2025-11-12;13;1212
26;2025-11-12;14;1303
26;2025-11-12;15;1374
26;2025-11-12;16;1539
26;2025-11-12;17;1702
26;2025-11-12;18;1828
26;2025-11-12;19;1250
26;2025-11-12;20;774
26;2025-11-12;21;492
26;2025-11-12;22;237
26;2025-11-12;23;127
26;2025-11-13;0;34
26;2025-11-13;1;1
26;2025-11-13;2;0
26;2025-11-13;3;0
26;2025-11-13;4;2
26;2025-11-13;5;89
26;2025-11-13;6;503
26;2025-11-13;7;1096
26;2025-11-13;8;2204
26;2025-11-13;9;1495
26;2025-11-13;10;1226
26;2025-11-13;11;1148
26;2025-11-13;12;1168
26;2025-11-13;13;1197
26;2025-11-13;14;1266
26;2025-11-13;15;1369
26;2025-11-13;16;1539
26;2025-11-13;17;1716
26;2025-11-13;18;1850
26;2025-11-13;19;1264
26;2025-11-13;20;776
26;2025-11-13;21;481
26;2025-11-13;22;235
26;2025-11-13;23;130
26;2025-11-14;0;32
26;2025-11-14;1;2
26;2025-11-14;2;0
26;2025-11-14;3;0
26;2025-11-14;4;2
26;2025-11-14;5;87
26;2025-11-14;6;504
26;2025-11-14;7;1075
26;2025-11-14;8;2149
26;2025-11-14;9;1446
26;2025-11-14;10;1230
26;2025-11-14;11;1109
26;2025-11-14;12;1166
26;2025-11-14;13;1213
26;2025-11-14;14;1269
26;2025-11-14;15;1390
26;2025-11-14;16;1605
26;2025-11-14;17;1715
26;2025-11-14;18;1620
26;2025-11-14;19;1175
26;2025-11-14;20;757
26;2025-11-14;21;474
26;2025-11-14;22;234
26;2025-11-14;23;144
26;2025-11-15;0;43
26;2025-11-15;1;2
26;2025-11-15;2;0
26;2025-11-15;3;0
26;2025-11-15;4;2
26;2025-11-15;5;47
26;2025-11-15;6;262
26;2025-11-15;7;368
26;2025-11-15;8;608
26;2025-11-15;9;697
26;2025-11-15;10;825
26;2025-11-15;11;1006
26;2025-11-15;12;1058
26;2025-11-15;13;1034
26;2025-11-15;14;1067
26;2025-11-15;15;965
26;2025-11-15;16;995
26;2025-11-15;17;924
26;2025-11-15;18;870
26;2025-11-15;19;796
26;2025-11-15;20;537
26;2025-11-15;21;369
26;2025-11-15;22;217
26;2025-11-15;23;146
26;2025-11-16;0;44
26;2025-11-16;1;4
26;2025-11-16;2;1
26;2025-11-16;3;1
26;2025-11-16;4;1
26;2025-11-16;5;30
26;2025-11-16;6;151
26;2025-11-16;7;240
26;2025-11-16;8;355
26;2025-11-16;9;489
26;2025-11-16;10;552
26;2025-11-16;11;740
26;2025-11-16;12;777
26;2025-11-16;13;817
26;2025-11-16;14;809
26;2025-11-16;15;745
26;2025-11-16;16;736
26;2025-11-16;17;726
26;2025-11-16;18;660
26;2025-11-16;19;531
26;2025-11-16;20;387
26;2025-11-16;21;275
26;2025-11-16;22;183
26;2025-11-16;23;99
26;2025-11-17;0;30
26;2025-11-17;1;2
26;2025-11-17;2;0
26;2025-11-17;3;0
26;2025-11-17;4;2
26;2025-11-17;5;89
26;2025-11-17;6;505
26;2025-11-17;7;1102
26;2025-11-17;8;2180
26;2025-11-17;9;1477
26;2025-11-17;10;1232
26;2025-11-17;11;1099
26;2025-11-17;12;1140
26;2025-11-17;13;1196
26;2025-11-17;14;1238
26;2025-11-17;15;1344
26;2025-11-17;16;1523
26;2025-11-17;17;1700
26;2025-11-17;18;1850
26;2025-11-17;19;1252
26;2025-11-17;20;770
26;2025-11-17;21;463
26;2025-11-17;22;223
26;2025-11-17;23;114
26;2025-11-18;0;30
26;2025-11-18;1;1
26;2025-11-18;2;0
26;2025-11-18;3;1
26;2025-11-18;4;3
26;2025-11-18;5;90
26;2025-11-18;6;510
26;2025-11-18;7;1114
26;2025-11-18;8;2255
26;2025-11-18;9;1503
26;2025-11-18;10;1242
26;2025-11-18;11;1125
26;2025-11-18;12;1180
26;2025-11-18;13;1202
26;2025-11-18;14;1260
26;2025-11-18;15;1354
26;2025-11-18;16;1550
26;2025-11-18;17;1746
26;2025-11-18;18;1856
26;2025-11-18;19;1293
26;2025-11-18;20;784
26;2025-11-18;21;475
26;2025-11-18;22;232
26;2025-11-18;23;122
26;2025-11-19;0;31
26;2025-11-19;1;1
26;2025-11-19;2;0
26;2025-11-19;3;0
26;2025-11-19;4;4
26;2025-11-19;5;91
26;2025-11-19;6;506
26;2025-11-19;7;1096
26;2025-11-19;8;2230
26;2025-11-19;9;1501
26;2025-11-19;10;1252
26;2025-11-19;11;1127
26;2025-11-19;12;1176
26;2025-11-19;13;1208
26;2025-11-19;14;1299
26;2025-11-19;15;1370
26;2025-11-19;16;1534
26;2025-11-19;17;1697
26;2025-11-19;18;1823
26;2025-11-19;19;1246
26;2025-11-19;20;771
26;2025-11-19;21;491
26;2025-11-19;22;237
26;2025-11-19;23;127
26;2025-11-20;0;34
26;2025-11-20;1;1
26;2025-11-20;2;0
26;2025-11-20;3;0
26;2025-11-20;4;2
26;2025-11-20;5;89
26;2025-11-20;6;502
26;2025-11-20;7;1093
26;2025-11-20;8;2199
26;2025-11-20;9;1492
26;2025-11-20;10;1223
26;2025-11-20;11;1145
26;2025-11-20;12;1165
26;2025-11-20;13;1194
26;2025-11-20;14;1263
26;2025-11-20;15;1366
26;2025-11-20;16;1536
26;2025-11-20;17;1712
26;2025-11-20;18;1846
26;2025-11-20;19;1261
26;2025-11-20;20;775
26;2025-11-20;21;480
26;2025-11-20;22;235
26;2025-11-20;23;130
26;2025-11-21;0;32
26;2025-11-21;1;2
26;2025-11-21;2;0
26;2025-11-21;3;0
26;2025-11-21;4;2
26;2025-11-21;5;87
26;2025-11-21;6;502
26;2025-11-21;7;1073
26;2025-11-21;8;2144
26;2025-11-21;9;1443
26;2025-11-21;10;1227
26;2025-11-21;11;1106
26;2025-11-21;12;1163
26;2025-11-21;13;1210
26;2025-11-21;14;1265
26;2025-11-21;15;1387
26;2025-11-21;16;1601
26;2025-11-21;17;1710
26;2025-11-21;18;1616
26;2025-11-21;19;1172
26;2025-11-21;20;755
26;2025-11-21;21;473
26;2025-11-21;22;234
26;2025-11-21;23;144
26;2025-11-22;0;43
26;2025-11-22;1;2
26;2025-11-22;2;0
26;2025-11-22;3;0
26;2025-11-22;4;2
26;2025-11-22;5;47
26;2025-11-22;6;262
26;2025-11-22;7;367
26;2025-11-22;8;606
26;2025-11-22;9;695
26;2025-11-22;10;823
26;2025-11-22;11;1003
26;2025-11-22;12;1056
26;2025-11-22;13;1031
26;2025-11-22;14;1064
26;2025-11-22;15;962
26;2025-11-22;16;993
26;2025-11-22;17;922
26;2025-11-22;18;868
26;2025-11-22;19;794
26;2025-11-22;20;536
26;2025-11-22;21;369
26;2025-11-22;22;217
26;2025-11-22;23;146
26;2025-11-23;0;44
26;2025-11-23;1;4
26;2025-11-23;2;1
26;2025-11-23;3;1
26;2025-11-23;4;1
26;2025-11-23;5;30
26;2025-11-23;6;151
26;2025-11-23;7;240
26;2025-11-23;8;355
26;2025-11-23;9;489
26;2025-11-23;10;552
26;2025-11-23;11;740
26;2025-11-23;12;777
26;2025-11-23;13;817
26;2025-11-23;14;809
26;2025-11-23;15;745
26;2025-11-23;16;736
26;2025-11-23;17;726
26;2025-11-23;18;660
26;2025-11-23;19;531
26;2025-11-23;20;387
26;2025-11-23;21;275
26;2025-11-23;22;183
26;2025-11-23;23;99
26;2025-11-24;0;30
26;2025-11-24;1;2
26;2025-11-24;2;0
26;2025-11-24;3;0
26;2025-11-24;4;2
26;2025-11-24;5;89
26;2025-11-24;6;504
26;2025-11-24;7;1100
26;2025-11-24;8;2176
26;2025-11-24;9;1474
26;2025-11-24;10;1230
26;2025-11-24;11;1097
26;2025-11-24;12;1138
26;2025-11-24;13;1194
26;2025-11-24;14;1236
26;2025-11-24;15;1342
26;2025-11-24;16;1520
26;2025-11-24;17;1697
26;2025-11-24;18;1846
26;2025-11-24;19;1249
26;2025-11-24;20;769
26;2025-11-24;21;463
26;2025-11-24;22;222
26;2025-11-24;23;114
26;2025-11-25;0;30
26;2025-11-25;1;1
26;2025-11-25;2;0
26;2025-11-25;3;1
26;2025-11-25;4;3
26;2025-11-25;5;90
26;2025-11-25;6;509
26;2025-11-25;7;1113
26;2025-11-25;8;2252
26;2025-11-25;9;1501
26;2025-11-25;10;1241
26;2025-11-25;11;1124
26;2025-11-25;12;1178
26;2025-11-25;13;1200
26;2025-11-25;14;1258
26;2025-11-25;15;1352
26;2025-11-25;16;1548
26;2025-11-25;17;1744
26;2025-11-25;18;1854
26;2025-11-25;19;1291
26;2025-11-25;20;783
26;2025-11-25;21;475
26;2025-11-25;22;232
26;2025-11-25;23;122
26;2025-11-26;0;31
26;2025-11-26;1;1
26;2025-11-26;2;0
26;2025-11-26;3;0
26;2025-11-26;4;4
26;2025-11-26;5;91
26;2025-11-26;6;505
26;2025-11-26;7;1095
26;2025-11-26;8;2228
26;2025-11-26;9;1499
26;2025-11-26;10;1251
26;2025-11-26;11;1125
26;2025-11-26;12;1175
26;2025-11-26;13;1207
26;2025-11-26;14;1298
26;2025-11-26;15;1368
26;2025-11-26;16;1533
26;2025-11-26;17;1696
26;2025-11-26;18;1821
26;2025-11-26;19;1245
26;2025-11-26;20;771
26;2025-11-26;21;490
26;2025-11-26;22;236
26;2025-11-26;23;127
26;2025-11-27;0;34
26;2025-11-27;1;1
26;2025-11-27;2;0
26;2025-11-27;3;0
26;2025-11-27;4;2
26;2025-11-27;5;89
26;2025-11-27;6;501
26;2025-11-27;7;1091
26;2025-11-27;8;2194
26;2025-11-27;9;1489
26;2025-11-27;10;1221
26;2025-11-27;11;1143
26;2025-11-27;12;1163
26;2025-11-27;13;1192
26;2025-11-27;14;1261
26;2025-11-27;15;1363
26;2025-11-27;16;1533
26;2025-11-27;17;1709
26;2025-11-27;18;1842
26;2025-11-27;19;1258
26;2025-11-27;20;773
26;2025-11-27;21;479
26;2025-11-27;22;234
26;2025-11-27;23;129
26;2025-11-28;0;32
26;2025-11-28;1;2
26;2025-11-28;2;0
26;2025-11-28;3;0
26;2025-11-28;4;2
26;2025-11-28;5;87
26;2025-11-28;6;501
26;2025-11-28;7;1071
26;2025-11-28;8;2140
26;2025-11-28;9;1440
26;2025-11-28;10;1225
26;2025-11-28;11;1104
26;2025-11-28;12;1161
26;2025-11-28;13;1207
26;2025-11-28;14;1263
26;2025-11-28;15;1384
26;2025-11-28;16;1598
26;2025-11-28;17;1707
26;2025-11-28;18;1613
26;2025-11-28;19;1170
26;2025-11-28;20;753
26;2025-11-28;21;472
26;2025-11-28;22;233
26;2025-11-28;23;144
26;2025-11-29;0;43
26;2025-11-29;1;2
26;2025-11-29;2;0
26;2025-11-29;3;0
26;2025-11-29;4;2
26;2025-11-29;5;47
26;2025-11-29;6;261
26;2025-11-29;7;366
26;2025-11-29;8;605
26;2025-11-29;9;694
26;2025-11-29;10;821
26;2025-11-29;11;1001
26;2025-11-29;12;1054
26;2025-11-29;13;1029
26;2025-11-29;14;1062
26;2025-11-29;15;960
26;2025-11-29;16;991
26;2025-11-29;17;920
26;2025-11-29;18;866
26;2025-11-29;19;793
26;2025-11-29;20;535
26;2025-11-29;21;368
26;2025-11-29;22;216
26;2025-11-29;23;145
26;2025-11-30;0;44
26;2025-11-30;1;4
26;2025-11-30;2;1
26;2025-11-30;3;1
26;2025-11-30;4;1
26;2025-11-30;5;30
26;2025-11-30;6;151
26;2025-11-30;7;240
26;2025-11-30;8;355
26;2025-11-30;9;489
26;2025-11-30;10;552
26;2025-11-30;11;740
26;2025-11-30;12;777
26;2025-11-30;13;817
26;2025-11-30;14;809
26;2025-11-30;15;744
26;2025-11-30;16;735
26;2025-11-30;17;726
26;2025-11-30;18;660
26;2025-11-30;19;531
26;2025-11-30;20;387
26;2025-11-30;21;275
26;2025-11-30;22;183
26;2025-11-30;23;99
26;2025-12-01;0;30
26;2025-12-01;1;2
26;2025-12-01;2;0
26;2025-12-01;3;0
26;2025-12-01;4;2
26;2025-12-01;5;89
26;2025-12-01;6;503
26;2025-12-01;7;1098
26;2025-12-01;8;2172
26;2025-12-01;9;1471
26;2025-12-01;10;1228
26;2025-12-01;11;1095
26;2025-12-01;12;1136
26;2025-12-01;13;1192
26;2025-12-01;14;1234
26;2025-12-01;15;1340
26;2025-12-01;16;1518
26;2025-12-01;17;1693
26;2025-12-01;18;1843
26;2025-12-01;19;1247
26;2025-12-01;20;767
26;2025-12-01;21;462
26;2025-12-01;22;222
26;2025-12-01;23;114
26;2025-12-02;0;30
26;2025-12-02;1;1
26;2025-12-02;2;0
26;2025-12-02;3;1
26;2025-12-02;4;3
26;2025-12-02;5;89
26;2025-12-02;6;508
26;2025-12-02;7;1111
26;2025-12-02;8;2248
26;2025-12-02;9;1498
26;2025-12-02;10;1238
26;2025-12-02;11;1122
26;2025-12-02;12;1176
26;2025-12-02;13;1198
26;2025-12-02;14;1256
26;2025-12-02;15;1349
26;2025-12-02;16;1545
26;2025-12-02;17;1740
26;2025-12-02;18;1850
26;2025-12-02;19;1289
26;2025-12-02;20;782
26;2025-12-02;21;474
26;2025-12-02;22;231
26;2025-12-02;23;122
26;2025-12-03;0;31
26;2025-12-03;1;1
26;2025-12-03;2;0
26;2025-12-03;3;0
26;2025-12-03;4;4
26;2025-12-03;5;91
26;2025-12-03;6;504
26;2025-12-03;7;1092
26;2025-12-03;8;2223
26;2025-12-03;9;1496
26;2025-12-03;10;1248
26;2025-12-03;11;1123
26;2025-12-03;12;1173
26;2025-12-03;13;1204
26;2025-12-03;14;1295
26;2025-12-03;15;1365
26;2025-12-03;16;1529
26;2025-12-03;17;1692
26;2025-12-03;18;1817
26;2025-12-03;19;1242
26;2025-12-03;20;769
26;2025-12-03;21;489
26;2025-12-03;22;236
26;2025-12-03;23;127
26;2025-12-04;0;34
26;2025-12-04;1;1
26;2025-12-04;2;0
26;2025-12-04;3;0
26;2025-12-04;4;2
26;2025-12-04;5;89
26;2025-12-04;6;500
26;2025-12-04;7;1089
26;2025-12-04;8;2190
26;2025-12-04;9;1486
26;2025-12-04;10;1219
26;2025-12-04;11;1141
26;2025-12-04;12;1161
26;2025-12-04;13;1190
26;2025-12-04;14;1258
26;2025-12-04;15;1360
26;2025-12-04;16;1530
26;2025-12-04;17;1706
26;2025-12-04;18;1839
26;2025-12-04;19;1256
26;2025-12-04;20;772
26;2025-12-04;21;478
26;2025-12-04;22;234
26;2025-12-04;23;129
26;2025-12-05;0;32
26;2025-12-05;1;2
26;2025-12-05;2;0
26;2025-12-05;3;0
26;2025-12-05;4;2
26;2025-12-05;5;87
26;2025-12-05;6;500
26;2025-12-05;7;1069
26;2025-12-05;8;2136
26;2025-12-05;9;1437
26;2025-12-05;10;1222
26;2025-12-05;11;1102
26;2025-12-05;12;1159
26;2025-12-05;13;1205
26;2025-12-05;14;1261
26;2025-12-05;15;1382
26;2025-12-05;16;1595
26;2025-12-05;17;1704
26;2025-12-05;18;1610
26;2025-12-05;19;1168
26;2025-12-05;20;752
26;2025-12-05;21;471
26;2025-12-05;22;233
26;2025-12-05;23;143
26;2025-12-06;0;43
26;2025-12-06;1;2
26;2025-12-06;2;0
26;2025-12-06;3;0
26;2025-12-06;4;2
26;2025-12-06;5;46
26;2025-12-06;6;261
26;2025-12-06;7;366
26;2025-12-06;8;604
26;2025-12-06;9;692
26;2025-12-06;10;819
26;2025-12-06;11;999
26;2025-12-06;12;1052
26;2025-12-06;13;1027
26;2025-12-06;14;1060
26;2025-12-06;15;959
26;2025-12-06;16;989
26;2025-12-06;17;918
26;2025-12-06;18;865
26;2025-12-06;19;791
26;2025-12-06;20;534
26;2025-12-06;21;367
26;2025-12-06;22;216
26;2025-12-06;23;145
26;2025-12-07;0;44
26;2025-12-07;1;4
26;2025-12-07;2;1
26;2025-12-07;3;1
26;2025-12-07;4;1
26;2025-12-07;5;30
26;2025-12-07;6;151
26;2025-12-07;7;240
26;2025-12-07;8;355
26;2025-12-07;9;489
26;2025-12-07;10;552
26;2025-12-07;11;740
26;2025-12-07;12;777
26;2025-12-07;13;817
26;2025-12-07;14;809
26;2025-12-07;15;744
26;2025-12-07;16;735
26;2025-12-07;17;726
26;2025-12-07;18;660
26;2025-12-07;19;531
26;2025-12-07;20;387
26;2025-12-07;21;275
26;2025-12-07;22;183
26;2025-12-07;23;99
26;2025-12-08;0;30
26;2025-12-08;1;2
26;2025-12-08;2;0
26;2025-12-08;3;0
26;2025-12-08;4;2
26;2025-12-08;5;89
26;2025-12-08;6;502
26;2025-12-08;7;1096
26;2025-12-08;8;2169
26;2025-12-08;9;1469
26;2025-12-08;10;1226
26;2025-12-08;11;1093
26;2025-12-08;12;1134
26;2025-12-08;13;1190
26;2025-12-08;14;1232
26;2025-12-08;15;1337
26;2025-12-08;16;1515
26;2025-12-08;17;1690
26;2025-12-08;18;1840
26;2025-12-08;19;1245
26;2025-12-08;20;766
26;2025-12-08;21;461
26;2025-12-08;22;222
26;2025-12-08;23;114
26;2025-12-09;0;30
26;2025-12-09;1;1
26;2025-12-09;2;0
26;2025-12-09;3;1
26;2025-12-09;4;3
26;2025-12-09;5;89
26;2025-12-09;6;507
26;2025-12-09;7;1109
26;2025-12-09;8;2244
26;2025-12-09;9;1495
26;2025-12-09;10;1236
26;2025-12-09;11;1120
26;2025-12-09;12;1174
26;2025-12-09;13;1196
26;2025-12-09;14;1254
26;2025-12-09;15;1347
26;2025-12-09;16;1542
26;2025-12-09;17;1737
26;2025-12-09;18;1847
26;2025-12-09;19;1287
26;2025-12-09;20;780
26;2025-12-09;21;473
26;2025-12-09;22;231
26;2025-12-09;23;122
26;2025-12-10;0;31
26;2025-12-10;1;1
26;2025-12-10;2;0
26;2025-12-10;3;0
26;2025-12-10;4;4
26;2025-12-10;5;90
26;2025-12-10;6;503
26;2025-12-10;7;1091
26;2025-12-10;8;2220
26;2025-12-10;9;1493
26;2025-12-10;10;1246
26;2025-12-10;11;1121
26;2025-12-10;12;1171
26;2025-12-10;13;1202
26;2025-12-10;14;1293
26;2025-12-10;15;1363
26;2025-12-10;16;1527
26;2025-12-10;17;1689
26;2025-12-10;18;1814
26;2025-12-10;19;1240
26;2025-12-10;20;768
26;2025-12-10;21;488
26;2025-12-10;22;235
26;2025-12-10;23;126
26;2025-12-11;0;34
26;2025-12-11;1;1
26;2025-12-11;2;0
26;2025-12-11;3;0
26;2025-12-11;4;2
26;2025-12-11;5;89
26;2025-12-11;6;499
26;2025-12-11;7;1087
26;2025-12-11;8;2187
26;2025-12-11;9;1484
26;2025-12-11;10;1217
26;2025-12-11;11;1139
26;2025-12-11;12;1159
26;2025-12-11;13;1188
26;2025-12-11;14;1256
26;2025-12-11;15;1358
26;2025-12-11;16;1527
26;2025-12-11;17;1703
26;2025-12-11;18;1835
26;2025-12-11;19;1254
26;2025-12-11;20;770
26;2025-12-11;21;478
26;2025-12-11;22;234
26;2025-12-11;23;129
26;2025-12-12;0;32
26;2025-12-12;1;2
26;2025-12-12;2;0
26;2025-12-12;3;0
26;2025-12-12;4;2
26;2025-12-12;5;87
26;2025-12-12;6;500
26;2025-12-12;7;1067
26;2025-12-12;8;2133
26;2025-12-12;9;1435
26;2025-12-12;10;1221
26;2025-12-12;11;1100
26;2025-12-12;12;1157
26;2025-12-12;13;1203
26;2025-12-12;14;1259
26;2025-12-12;15;1380
26;2025-12-12;16;1593
26;2025-12-12;17;1701
26;2025-12-12;18;1608
26;2025-12-12;19;1166
26;2025-12-12;20;751
26;2025-12-12;21;470
26;2025-12-12;22;232
26;2025-12-12;23;143
26;2025-12-13;0;43
26;2025-12-13;1;2
26;2025-12-13;2;0
26;2025-12-13;3;0
26;2025-12-13;4;2
26;2025-12-13;5;46
26;2025-12-13;6;260
26;2025-12-13;7;365
26;2025-12-13;8;603
26;2025-12-13;9;691
26;2025-12-13;10;818
26;2025-12-13;11;997
26;2025-12-13;12;1050
26;2025-12-13;13;1025
26;2025-12-13;14;1058
26;2025-12-13;15;957
26;2025-12-13;16;987
26;2025-12-13;17;916
26;2025-12-13;18;863
26;2025-12-13;19;790
26;2025-12-13;20;533
26;2025-12-13;21;366
26;2025-12-13;22;216
26;2025-12-13;23;145
26;2025-12-14;0;44
26;2025-12-14;1;4
26;2025-12-14;2;1
26;2025-12-14;3;1
26;2025-12-14;4;1
26;2025-12-14;5;30
26;2025-12-14;6;151
26;2025-12-14;7;240
26;2025-12-14;8;355
26;2025-12-14;9;489
26;2025-12-14;10;552
26;2025-12-14;11;740
26;2025-12-14;12;777
26;2025-12-14;13;817
26;2025-12-14;14;809
26;2025-12-14;15;744
26;2025-12-14;16;735
26;2025-12-14;17;726
26;2025-12-14;18;660
26;2025-12-14;19;531
26;2025-12-14;20;387
26;2025-12-14;21;274
26;2025-12-14;22;183
26;2025-12-14;23;99
26;2025-12-15;0;30
26;2025-12-15;1;2
26;2025-12-15;2;0
26;2025-12-15;3;0
26;2025-12-15;4;2
26;2025-12-15;5;89
26;2025-12-15;6;501
26;2025-12-15;7;1094
26;2025-12-15;8;2165
26;2025-12-15;9;1466
26;2025-12-15;10;1224
26;2025-12-15;11;1091
26;2025-12-15;12;1132
26;2025-12-15;13;1188
26;2025-12-15;14;1230
26;2025-12-15;15;1335
26;2025-12-15;16;1512
26;2025-12-15;17;1688
26;2025-12-15;18;1837
26;2025-12-15;19;1243
26;2025-12-15;20;765
26;2025-12-15;21;460
26;2025-12-15;22;221
26;2025-12-15;23;114
26;2025-12-16;0;30
26;2025-12-16;1;1
26;2025-12-16;2;0
26;2025-12-16;3;1
26;2025-12-16;4;3
26;2025-12-16;5;89
26;2025-12-16;6;507
26;2025-12-16;7;1107
26;2025-12-16;8;2241
26;2025-12-16;9;1494
26;2025-12-16;10;1235
26;2025-12-16;11;1118
26;2025-12-16;12;1173
26;2025-12-16;13;1194
26;2025-12-16;14;1252
26;2025-12-16;15;1345
26;2025-12-16;16;1541
26;2025-12-16;17;1735
26;2025-12-16;18;1845
26;2025-12-16;19;1285
26;2025-12-16;20;779
26;2025-12-16;21;473
26;2025-12-16;22;231
26;2025-12-16;23;121
26;2025-12-17;0;31
26;2025-12-17;1;1
26;2025-12-17;2;0
26;2025-12-17;3;0
26;2025-12-17;4;4
26;2025-12-17;5;90
26;2025-12-17;6;502
26;2025-12-17;7;1089
26;2025-12-17;8;2216
26;2025-12-17;9;1491
26;2025-12-17;10;1244
26;2025-12-17;11;1119
26;2025-12-17;12;1169
26;2025-12-17;13;1201
26;2025-12-17;14;1291
26;2025-12-17;15;1361
26;2025-12-17;16;1524
26;2025-12-17;17;1686
26;2025-12-17;18;1811
26;2025-12-17;19;1238
26;2025-12-17;20;766
26;2025-12-17;21;487
26;2025-12-17;22;235
26;2025-12-17;23;126
26;2025-12-18;0;34
26;2025-12-18;1;1
26;2025-12-18;2;0
26;2025-12-18;3;0
26;2025-12-18;4;2
26;2025-12-18;5;88
26;2025-12-18;6;498
26;2025-12-18;7;1086
26;2025-12-18;8;2184
26;2025-12-18;9;1482
26;2025-12-18;10;1215
26;2025-12-18;11;1138
26;2025-12-18;12;1158
26;2025-12-18;13;1186
26;2025-12-18;14;1255
26;2025-12-18;15;1357
26;2025-12-18;16;1526
26;2025-12-18;17;1701
26;2025-12-18;18;1833
26;2025-12-18;19;1252
26;2025-12-18;20;769
26;2025-12-18;21;477
26;2025-12-18;22;233
26;2025-12-18;23;129
26;2025-12-19;0;32
26;2025-12-19;1;2
26;2025-12-19;2;0
26;2025-12-19;3;0
26;2025-12-19;4;2
26;2025-12-19;5;87
26;2025-12-19;6;499
26;2025-12-19;7;1065
26;2025-12-19;8;2129
26;2025-12-19;9;1433
26;2025-12-19;10;1218
26;2025-12-19;11;1098
26;2025-12-19;12;1155
26;2025-12-19;13;1201
26;2025-12-19;14;1257
26;2025-12-19;15;1377
26;2025-12-19;16;1590
26;2025-12-19;17;1698
26;2025-12-19;18;1605
26;2025-12-19;19;1164
26;2025-12-19;20;749
26;2025-12-19;21;470
26;2025-12-19;22;232
26;2025-12-19;23;143
26;2025-12-20;0;43
26;2025-12-20;1;2
26;2025-12-20;2;0
26;2025-12-20;3;0
26;2025-12-20;4;2
26;2025-12-20;5;46
26;2025-12-20;6;260
26;2025-12-20;7;364
26;2025-12-20;8;602
26;2025-12-20;9;690
26;2025-12-20;10;817
26;2025-12-20;11;996
26;2025-12-20;12;1048
26;2025-12-20;13;1023
26;2025-12-20;14;1056
26;2025-12-20;15;955
26;2025-12-20;16;986
26;2025-12-20;17;914
26;2025-12-20;18;862
26;2025-12-20;19;788
26;2025-12-20;20;532
26;2025-12-20;21;366
26;2025-12-20;22;215
26;2025-12-20;23;144
26;2025-12-21;0;44
26;2025-12-21;1;4
26;2025-12-21;2;1
26;2025-12-21;3;1
26;2025-12-21;4;1
26;2025-12-21;5;30
26;2025-12-21;6;151
26;2025-12-21;7;240
26;2025-12-21;8;355
26;2025-12-21;9;489
26;2025-12-21;10;552
26;2025-12-21;11;740
26;2025-12-21;12;777
26;2025-12-21;13;817
26;2025-12-21;14;809
26;2025-12-21;15;744
26;2025-12-21;16;735
26;2025-12-21;17;726
26;2025-12-21;18;660
26;2025-12-21;19;531
26;2025-12-21;20;387
26;2025-12-21;21;274
26;2025-12-21;22;183
26;2025-12-21;23;99
26;2025-12-22;0;30
26;2025-12-22;1;2
26;2025-12-22;2;0
26;2025-12-22;3;0
26;2025-12-22;4;2
26;2025-12-22;5;88
26;2025-12-22;6;500
26;2025-12-22;7;1093
26;2025-12-22;8;2163
26;2025-12-22;9;1465
26;2025-12-22;10;1222
26;2025-12-22;11;1090
26;2025-12-22;12;1131
26;2025-12-22;13;1186
26;2025-12-22;14;1228
26;2025-12-22;15;1334
26;2025-12-22;16;1511
26;2025-12-22;17;1686
26;2025-12-22;18;1835
26;2025-12-22;19;1241
26;2025-12-22;20;764
26;2025-12-22;21;460
26;2025-12-22;22;221
26;2025-12-22;23;113
26;2025-12-23;0;30
26;2025-12-23;1;1
26;2025-12-23;2;0
26;2025-12-23;3;1
26;2025-12-23;4;3
26;2025-12-23;5;89
26;2025-12-23;6;506
26;2025-12-23;7;1106
26;2025-12-23;8;2238
26;2025-12-23;9;1491
26;2025-12-23;10;1233
26;2025-12-23;11;1117
26;2025-12-23;12;1171
26;2025-12-23;13;1192
26;2025-12-23;14;1250
26;2025-12-23;15;1343
26;2025-12-23;16;1538
26;2025-12-23;17;1733
26;2025-12-23;18;1842
26;2025-12-23;19;1283
26;2025-12-23;20;778
26;2025-12-23;21;472
26;2025-12-23;22;230
26;2025-12-23;23;121
26;2025-12-24;0;31
26;2025-12-24;1;1
26;2025-12-24;2;0
26;2025-12-24;3;0
26;2025-12-24;4;4
26;2025-12-24;5;90
26;2025-12-24;6;501
26;2025-12-24;7;1087
26;2025-12-24;8;2213
26;2025-12-24;9;1489
26;2025-12-24;10;1242
26;2025-12-24;11;1118
26;2025-12-24;12;1167
26;2025-12-24;13;1199
26;2025-12-24;14;1289
26;2025-12-24;15;1359
26;2025-12-24;16;1522
26;2025-12-24;17;1684
26;2025-12-24;18;1808
26;2025-12-24;19;1236
26;2025-12-24;20;765
26;2025-12-24;21;487
26;2025-12-24;22;235
26;2025-12-24;23;126
26;2025-12-25;0;34
26;2025-12-25;1;1
26;2025-12-25;2;0
26;2025-12-25;3;0
26;2025-12-25;4;2
26;2025-12-25;5;88
26;2025-12-25;6;498
26;2025-12-25;7;1085
26;2025-12-25;8;2181
26;2025-12-25;9;1480
26;2025-12-25;10;1213
26;2025-12-25;11;1136
26;2025-12-25;12;1156
26;2025-12-25;13;1184
26;2025-12-25;14;1253
26;2025-12-25;15;1354
26;2025-12-25;16;1523
26;2025-12-25;17;1698
26;2025-12-25;18;1831
26;2025-12-25;19;1250
26;2025-12-25;20;768
26;2025-12-25;21;476
26;2025-12-25;22;233
26;2025-12-25;23;129
26;2025-12-26;0;32
26;2025-12-26;1;2
26;2025-12-26;2;0
26;2025-12-26;3;0
26;2025-12-26;4;2
26;2025-12-26;5;86
26;2025-12-26;6;498
26;2025-12-26;7;1063
26;2025-12-26;8;2126
26;2025-12-26;9;1430
26;2025-12-26;10;1216
26;2025-12-26;11;1096
26;2025-12-26;12;1153
26;2025-12-26;13;1199
26;2025-12-26;14;1254
26;2025-12-26;15;1375
26;2025-12-26;16;1587
26;2025-12-26;17;1695
26;2025-12-26;18;1602
26;2025-12-26;19;1162
26;2025-12-26;20;748
26;2025-12-26;21;469
26;2025-12-26;22;231
26;2025-12-26;23;143
26;2025-12-27;0;43
26;2025-12-27;1;2
26;2025-12-27;2;0
26;2025-12-27;3;0
26;2025-12-27;4;2
26;2025-12-27;5;46
26;2025-12-27;6;259
26;2025-12-27;7;364
26;2025-12-27;8;601
26;2025-12-27;9;689
26;2025-12-27;10;815
26;2025-12-27;11;994
26;2025-12-27;12;1046
26;2025-12-27;13;1022
26;2025-12-27;14;1054
26;2025-12-27;15;953
26;2025-12-27;16;984
26;2025-12-27;17;913
26;2025-12-27;18;860
26;2025-12-27;19;787
26;2025-12-27;20;531
26;2025-12-27;21;365
26;2025-12-27;22;215
26;2025-12-27;23;144
26;2025-12-28;0;44
26;2025-12-28;1;4
26;2025-12-28;2;1
26;2025-12-28;3;1
26;2025-12-28;4;1
26;2025-12-28;5;30
26;2025-12-28;6;151
26;2025-12-28;7;240
26;2025-12-28;8;355
26;2025-12-28;9;489
26;2025-12-28;10;551
26;2025-12-28;11;740
26;2025-12-28;12;777
26;2025-12-28;13;817
26;2025-12-28;14;809
26;2025-12-28;15;744
26;2025-12-28;16;735
26;2025-12-28;17;726
26;2025-12-28;18;660
26;2025-12-28;19;531
26;2025-12-28;20;387
26;2025-12-28;21;274
26;2025-12-28;22;183
26;2025-12-28;23;99
26;2025-12-29;0;30
26;2025-12-29;1;2
26;2025-12-29;2;0
26;2025-12-29;3;0
26;2025-12-29;4;2
26;2025-12-29;5;88
26;2025-12-29;6;500
26;2025-12-29;7;1091
26;2025-12-29;8;2159
26;2025-12-29;9;1462
26;2025-12-29;10;1220
26;2025-12-29;11;1088
26;2025-12-29;12;1129
26;2025-12-29;13;1184
26;2025-12-29;14;1226
26;2025-12-29;15;1332
26;2025-12-29;16;1508
26;2025-12-29;17;1683
26;2025-12-29;18;1832
26;2025-12-29;19;1239
26;2025-12-29;20;763
26;2025-12-29;21;459
26;2025-12-29;22;221
26;2025-12-29;23;113
26;2025-12-30;0;30
26;2025-12-30;1;1
26;2025-12-30;2;0
26;2025-12-30;3;1
26;2025-12-30;4;3
26;2025-12-30;5;89
26;2025-12-30;6;505
26;2025-12-30;7;1104
26;2025-12-30;8;2234
26;2025-12-30;9;1489
26;2025-12-30;10;1231
26;2025-12-30;11;1115
26;2025-12-30;12;1169
26;2025-12-30;13;1191
26;2025-12-30;14;1249
26;2025-12-30;15;1341
26;2025-12-30;16;1536
26;2025-12-30;17;1730
26;2025-12-30;18;1839
26;2025-12-30;19;1281
26;2025-12-30;20;777
26;2025-12-30;21;471
26;2025-12-30;22;230
26;2025-12-30;23;121
26;2025-12-31;0;42
26;2025-12-31;1;4
26;2025-12-31;2;1
26;2025-12-31;3;0
26;2025-12-31;4;1
26;2025-12-31;5;31
26;2025-12-31;6;156
26;2025-12-31;7;238
26;2025-12-31;8;343
26;2025-12-31;9;471
26;2025-12-31;10;532
26;2025-12-31;11;712
26;2025-12-31;12;752
26;2025-12-31;13;791
26;2025-12-31;14;775
26;2025-12-31;15;725
26;2025-12-31;16;712
26;2025-12-31;17;703
26;2025-12-31;18;647
26;2025-12-31;19;537
26;2025-12-31;20;387
26;2025-12-31;21;273
26;2025-12-31;22;183
26;2025-12-31;23;100
28;2025-11-01;0;1
28;2025-11-01;1;0
28;2025-11-01;2;0
28;2025-11-01;3;0
28;2025-11-01;4;2
28;2025-11-01;5;81
28;2025-11-01;6;281
28;2025-11-01;7;839
28;2025-11-01;8;1308
28;2025-11-01;9;903
28;2025-11-01;10;673
28;2025-11-01;11;599
28;2025-11-01;12;732
28;2025-11-01;13;755
28;2025-11-01;14;697
28;2025-11-01;15;728
28;2025-11-01;16;915
28;2025-11-01;17;1042
28;2025-11-01;18;986
28;2025-11-01;19;745
28;2025-11-01;20;525
28;2025-11-01;21;330
28;2025-11-01;22;140
28;2025-11-01;23;18
28;2025-11-02;0;4
28;2025-11-02;1;2
28;2025-11-02;2;1
28;2025-11-02;3;1
28;2025-11-02;4;0
28;2025-11-02;5;29
28;2025-11-02;6;81
28;2025-11-02;7;150
28;2025-11-02;8;247
28;2025-11-02;9;321
28;2025-11-02;10;367
28;2025-11-02;11;400
28;2025-11-02;12;459
28;2025-11-02;13;516
28;2025-11-02;14;506
28;2025-11-02;15;505
28;2025-11-02;16;475
28;2025-11-02;17;474
28;2025-11-02;18;413
28;2025-11-02;19;355
28;2025-11-02;20;286
28;2025-11-02;21;238
28;2025-11-02;22;109
28;2025-11-02;23;14
28;2025-11-03;0;4
28;2025-11-03;1;2
28;2025-11-03;2;1
28;2025-11-03;3;1
28;2025-11-03;4;0
28;2025-11-03;5;28
28;2025-11-03;6;79
28;2025-11-03;7;148
28;2025-11-03;8;235
28;2025-11-03;9;304
28;2025-11-03;10;352
28;2025-11-03;11;380
28;2025-11-03;12;440
28;2025-11-03;13;496
28;2025-11-03;14;489
28;2025-11-03;15;488
28;2025-11-03;16;459
28;2025-11-03;17;461
28;2025-11-03;18;401
28;2025-11-03;19;344
28;2025-11-03;20;281
28;2025-11-03;21;233
28;2025-11-03;22;107
28;2025-11-03;23;14
28;2025-11-04;0;4
28;2025-11-04;1;2
28;2025-11-04;2;1
28;2025-11-04;3;1
28;2025-11-04;4;0
28;2025-11-04;5;28
28;2025-11-04;6;79
28;2025-11-04;7;149
28;2025-11-04;8;236
28;2025-11-04;9;306
28;2025-11-04;10;354
28;2025-11-04;11;382
28;2025-11-04;12;442
28;2025-11-04;13;499
28;2025-11-04;14;492
28;2025-11-04;15;490
28;2025-11-04;16;462
28;2025-11-04;17;463
28;2025-11-04;18;403
28;2025-11-04;19;346
28;2025-11-04;20;282
28;2025-11-04;21;234
28;2025-11-04;22;108
28;2025-11-04;23;14
28;2025-11-05;0;1
28;2025-11-05;1;0
28;2025-11-05;2;0
28;2025-11-05;3;0
28;2025-11-05;4;2
28;2025-11-05;5;83
28;2025-11-05;6;280
28;2025-11-05;7;821
28;2025-11-05;8;1294
28;2025-11-05;9;885
28;2025-11-05;10;666
28;2025-11-05;11;611
28;2025-11-05;12;724
28;2025-11-05;13;751
28;2025-11-05;14;694
28;2025-11-05;15;729
28;2025-11-05;16;902
28;2025-11-05;17;1034
28;2025-11-05;18;982
28;2025-11-05;19;745
28;2025-11-05;20;519
28;2025-11-05;21;330
28;2025-11-05;22;141
28;2025-11-05;23;18
28;2025-11-06;0;1
28;2025-11-06;1;0
28;2025-11-06;2;0
28;2025-11-06;3;0
28;2025-11-06;4;2
28;2025-11-06;5;80
28;2025-11-06;6;280
28;2025-11-06;7;836
28;2025-11-06;8;1303
28;2025-11-06;9;897
28;2025-11-06;10;665
28;2025-11-06;11;589
28;2025-11-06;12;733
28;2025-11-06;13;751
28;2025-11-06;14;693
28;2025-11-06;15;726
28;2025-11-06;16;893
28;2025-11-06;17;1029
28;2025-11-06;18;1009
28;2025-11-06;19;749
28;2025-11-06;20;533
28;2025-11-06;21;334
28;2025-11-06;22;143
28;2025-11-06;23;18
28;2025-11-07;0;1
28;2025-11-07;1;0
28;2025-11-07;2;0
28;2025-11-07;3;0
28;2025-11-07;4;2
28;2025-11-07;5;78
28;2025-11-07;6;269
28;2025-11-07;7;810
28;2025-11-07;8;1242
28;2025-11-07;9;868
28;2025-11-07;10;654
28;2025-11-07;11;582
28;2025-11-07;12;718
28;2025-11-07;13;739
28;2025-11-07;14;703
28;2025-11-07;15;727
28;2025-11-07;16;941
28;2025-11-07;17;1023
28;2025-11-07;18;907
28;2025-11-07;19;690
28;2025-11-07;20;497
28;2025-11-07;21;324
28;2025-11-07;22;143
28;2025-11-07;23;20
28;2025-11-08;0;1
28;2025-11-08;1;0
28;2025-11-08;2;0
28;2025-11-08;3;0
28;2025-11-08;4;1
28;2025-11-08;5;37
28;2025-11-08;6;102
28;2025-11-08;7;227
28;2025-11-08;8;396
28;2025-11-08;9;480
28;2025-11-08;10;502
28;2025-11-08;11;506
28;2025-11-08;12;603
28;2025-11-08;13;615
28;2025-11-08;14;624
28;2025-11-08;15;607
28;2025-11-08;16;574
28;2025-11-08;17;593
28;2025-11-08;18;515
28;2025-11-08;19;429
28;2025-11-08;20;324
28;2025-11-08;21;285
28;2025-11-08;22;138
28;2025-11-08;23;24
28;2025-11-09;0;4
28;2025-11-09;1;2
28;2025-11-09;2;1
28;2025-11-09;3;1
28;2025-11-09;4;0
28;2025-11-09;5;29
28;2025-11-09;6;81
28;2025-11-09;7;150
28;2025-11-09;8;247
28;2025-11-09;9;320
28;2025-11-09;10;367
28;2025-11-09;11;400
28;2025-11-09;12;459
28;2025-11-09;13;516
28;2025-11-09;14;505
28;2025-11-09;15;504
28;2025-11-09;16;475
28;2025-11-09;17;473
28;2025-11-09;18;413
28;2025-11-09;19;355
28;2025-11-09;20;286
28;2025-11-09;21;238
28;2025-11-09;22;108
28;2025-11-09;23;14
28;2025-11-10;0;1
28;2025-11-10;1;0
28;2025-11-10;2;0
28;2025-11-10;3;0
28;2025-11-10;4;2
28;2025-11-10;5;80
28;2025-11-10;6;275
28;2025-11-10;7;813
28;2025-11-10;8;1266
28;2025-11-10;9;883
28;2025-11-10;10;644
28;2025-11-10;11;571
28;2025-11-10;12;702
28;2025-11-10;13;718
28;2025-11-10;14;663
28;2025-11-10;15;694
28;2025-11-10;16;898
28;2025-11-10;17;1006
28;2025-11-10;18;972
28;2025-11-10;19;733
28;2025-11-10;20;504
28;2025-11-10;21;316
28;2025-11-10;22;131
28;2025-11-10;23;17
28;2025-11-11;0;1
28;2025-11-11;1;0
28;2025-11-11;2;0
28;2025-11-11;3;0
28;2025-11-11;4;2
28;2025-11-11;5;78
28;2025-11-11;6;272
28;2025-11-11;7;824
28;2025-11-11;8;1286
28;2025-11-11;9;898
28;2025-11-11;10;683
28;2025-11-11;11;590
28;2025-11-11;12;716
28;2025-11-11;13;753
28;2025-11-11;14;686
28;2025-11-11;15;711
28;2025-11-11;16;879
28;2025-11-11;17;1016
28;2025-11-11;18;971
28;2025-11-11;19;740
28;2025-11-11;20;528
28;2025-11-11;21;326
28;2025-11-11;22;134
28;2025-11-11;23;19
28;2025-11-12;0;1
28;2025-11-12;1;0
28;2025-11-12;2;0
28;2025-11-12;3;0
28;2025-11-12;4;2
28;2025-11-12;5;82
28;2025-11-12;6;279
28;2025-11-12;7;818
28;2025-11-12;8;1289
28;2025-11-12;9;882
28;2025-11-12;10;663
28;2025-11-12;11;609
28;2025-11-12;12;721
28;2025-11-12;13;748
28;2025-11-12;14;691
28;2025-11-12;15;726
28;2025-11-12;16;899
28;2025-11-12;17;1030
28;2025-11-12;18;978
28;2025-11-12;19;742
28;2025-11-12;20;517
28;2025-11-12;21;329
28;2025-11-12;22;141
28;2025-11-12;23;18
28;2025-11-13;0;1
28;2025-11-13;1;0
28;2025-11-13;2;0
28;2025-11-13;3;0
28;2025-11-13;4;2
28;2025-11-13;5;79
28;2025-11-13;6;279
28;2025-11-13;7;833
28;2025-11-13;8;1298
28;2025-11-13;9;894
28;2025-11-13;10;662
28;2025-11-13;11;587
28;2025-11-13;12;730
28;2025-11-13;13;748
28;2025-11-13;14;690
28;2025-11-13;15;723
28;2025-11-13;16;889
28;2025-11-13;17;1025
28;2025-11-13;18;1004
28;2025-11-13;19;746
28;2025-11-13;20;531
28;2025-11-13;21;333
28;2025-11-13;22;142
28;2025-11-13;23;18
28;2025-11-14;0;1
28;2025-11-14;1;0
28;2025-11-14;2;0
28;2025-11-14;3;0
28;2025-11-14;4;2
28;2025-11-14;5;78
28;2025-11-14;6;268
28;2025-11-14;7;807
28;2025-11-14;8;1237
28;2025-11-14;9;865
28;2025-11-14;10;652
28;2025-11-14;11;579
28;2025-11-14;12;716
28;2025-11-14;13;736
28;2025-11-14;14;701
28;2025-11-14;15;725
28;2025-11-14;16;938
28;2025-11-14;17;1019
28;2025-11-14;18;904
28;2025-11-14;19;688
28;2025-11-14;20;495
28;2025-11-14;21;322
28;2025-11-14;22;142
28;2025-11-14;23;20
28;2025-11-15;0;1
28;2025-11-15;1;0
28;2025-11-15;2;0
28;2025-11-15;3;0
28;2025-11-15;4;1
28;2025-11-15;5;37
28;2025-11-15;6;102
28;2025-11-15;7;227
28;2025-11-15;8;395
28;2025-11-15;9;478
28;2025-11-15;10;501
28;2025-11-15;11;505
28;2025-11-15;12;601
28;2025-11-15;13;613
28;2025-11-15;14;622
28;2025-11-15;15;605
28;2025-11-15;16;572
28;2025-11-15;17;591
28;2025-11-15;18;514
28;2025-11-15;19;428
28;2025-11-15;20;323
28;2025-11-15;21;284
28;2025-11-15;22;138
28;2025-11-15;23;24
28;2025-11-16;0;4
28;2025-11-16;1;2
28;2025-11-16;2;1
28;2025-11-16;3;1
28;2025-11-16;4;0
28;2025-11-16;5;29
28;2025-11-16;6;80
28;2025-11-16;7;150
28;2025-11-16;8;247
28;2025-11-16;9;320
28;2025-11-16;10;366
28;2025-11-16;11;399
28;2025-11-16;12;458
28;2025-11-16;13;515
28;2025-11-16;14;505
28;2025-11-16;15;504
28;2025-11-16;16;474
28;2025-11-16;17;472
28;2025-11-16;18;412
28;2025-11-16;19;354
28;2025-11-16;20;285
28;2025-11-16;21;237
28;2025-11-16;22;108
28;2025-11-16;23;14
28;2025-11-17;0;1
28;2025-11-17;1;0
28;2025-11-17;2;0
28;2025-11-17;3;0
28;2025-11-17;4;2
28;2025-11-17;5;79
28;2025-11-17;6;274
28;2025-11-17;7;811
28;2025-11-17;8;1262
28;2025-11-17;9;880
28;2025-11-17;10;642
28;2025-11-17;11;569
28;2025-11-17;12;700
28;2025-11-17;13;716
28;2025-11-17;14;661
28;2025-11-17;15;692
28;2025-11-17;16;895
28;2025-11-17;17;1002
28;2025-11-17;18;969
28;2025-11-17;19;731
28;2025-11-17;20;502
28;2025-11-17;21;315
28;2025-11-17;22;131
28;2025-11-17;23;16
28;2025-11-18;0;1
28;2025-11-18;1;0
28;2025-11-18;2;0
28;2025-11-18;3;0
28;2025-11-18;4;2
28;2025-11-18;5;77
28;2025-11-18;6;271
28;2025-11-18;7;821
28;2025-11-18;8;1281
28;2025-11-18;9;895
28;2025-11-18;10;680
28;2025-11-18;11;587
28;2025-11-18;12;713
28;2025-11-18;13;750
28;2025-11-18;14;683
28;2025-11-18;15;708
28;2025-11-18;16;876
28;2025-11-18;17;1012
28;2025-11-18;18;967
28;2025-11-18;19;737
28;2025-11-18;20;526
28;2025-11-18;21;325
28;2025-11-18;22;133
28;2025-11-18;23;19
28;2025-11-19;0;1
28;2025-11-19;1;0
28;2025-11-19;2;0
28;2025-11-19;3;0
28;2025-11-19;4;2
28;2025-11-19;5;82
28;2025-11-19;6;278
28;2025-11-19;7;814
28;2025-11-19;8;1284
28;2025-11-19;9;878
28;2025-11-19;10;660
28;2025-11-19;11;607
28;2025-11-19;12;719
28;2025-11-19;13;745
28;2025-11-19;14;689
28;2025-11-19;15;723
28;2025-11-19;16;895
28;2025-11-19;17;1025
28;2025-11-19;18;974
28;2025-11-19;19;739
28;2025-11-19;20;515
28;2025-11-19;21;327
28;2025-11-19;22;140
28;2025-11-19;23;18
28;2025-11-20;0;1
28;2025-11-20;1;0
28;2025-11-20;2;0
28;2025-11-20;3;0
28;2025-11-20;4;2
28;2025-11-20;5;79
28;2025-11-20;6;278
28;2025-11-20;7;830
28;2025-11-20;8;1293
28;2025-11-20;9;891
28;2025-11-20;10;660
28;2025-11-20;11;585
28;2025-11-20;12;728
28;2025-11-20;13;745
28;2025-11-20;14;688
28;2025-11-20;15;720
28;2025-11-20;16;886
28;2025-11-20;17;1021
28;2025-11-20;18;1001
28;2025-11-20;19;744
28;2025-11-20;20;529
28;2025-11-20;21;332
28;2025-11-20;22;142
28;2025-11-20;23;18
28;2025-11-21;0;1
28;2025-11-21;1;0
28;2025-11-21;2;0
28;2025-11-21;3;0
28;2025-11-21;4;2
28;2025-11-21;5;78
28;2025-11-21;6;267
28;2025-11-21;7;804
28;2025-11-21;8;1233
28;2025-11-21;9;862
28;2025-11-21;10;649
28;2025-11-21;11;577
28;2025-11-21;12;713
28;2025-11-21;13;733
28;2025-11-21;14;698
28;2025-11-21;15;722
28;2025-11-21;16;934
28;2025-11-21;17;1015
28;2025-11-21;18;901
28;2025-11-21;19;685
28;2025-11-21;20;493
28;2025-11-21;21;321
28;2025-11-21;22;142
28;2025-11-21;23;20
28;2025-11-22;0;1
28;2025-11-22;1;0
28;2025-11-22;2;0
28;2025-11-22;3;0
28;2025-11-22;4;1
28;2025-11-22;5;37
28;2025-11-22;6;102
28;2025-11-22;7;226
28;2025-11-22;8;394
28;2025-11-22;9;477
28;2025-11-22;10;499
28;2025-11-22;11;503
28;2025-11-22;12;600
28;2025-11-22;13;611
28;2025-11-22;14;621
28;2025-11-22;15;603
28;2025-11-22;16;571
28;2025-11-22;17;589
28;2025-11-22;18;512
28;2025-11-22;19;427
28;2025-11-22;20;322
28;2025-11-22;21;283
28;2025-11-22;22;137
28;2025-11-22;23;24
28;2025-11-23;0;4
28;2025-11-23;1;2
28;2025-11-23;2;1
28;2025-11-23;3;1
28;2025-11-23;4;0
28;2025-11-23;5;29
28;2025-11-23;6;80
28;2025-11-23;7;150
28;2025-11-23;8;246
28;2025-11-23;9;320
28;2025-11-23;10;366
28;2025-11-23;11;399
28;2025-11-23;12;458
28;2025-11-23;13;514
28;2025-11-23;14;504
28;2025-11-23;15;503
28;2025-11-23;16;474
28;2025-11-23;17;472
28;2025-11-23;18;412
28;2025-11-23;19;354
28;2025-11-23;20;285
28;2025-11-23;21;237
28;2025-11-23;22;108
28;2025-11-23;23;14
28;2025-11-24;0;1
28;2025-11-24;1;0
28;2025-11-24;2;0
28;2025-11-24;3;0
28;2025-11-24;4;2
28;2025-11-24;5;79
28;2025-11-24;6;273
28;2025-11-24;7;808
28;2025-11-24;8;1258
28;2025-11-24;9;878
28;2025-11-24;10;640
28;2025-11-24;11;568
28;2025-11-24;12;698
28;2025-11-24;13;714
28;2025-11-24;14;659
28;2025-11-24;15;690
28;2025-11-24;16;893
28;2025-11-24;17;1000
28;2025-11-24;18;966
28;2025-11-24;19;728
28;2025-11-24;20;501
28;2025-11-24;21;314
28;2025-11-24;22;130
28;2025-11-24;23;16
28;2025-11-25;0;1
28;2025-11-25;1;0
28;2025-11-25;2;0
28;2025-11-25;3;0
28;2025-11-25;4;2
28;2025-11-25;5;77
28;2025-11-25;6;270
28;2025-11-25;7;819
28;2025-11-25;8;1278
28;2025-11-25;9;893
28;2025-11-25;10;678
28;2025-11-25;11;586
28;2025-11-25;12;711
28;2025-11-25;13;748
28;2025-11-25;14;682
28;2025-11-25;15;706
28;2025-11-25;16;874
28;2025-11-25;17;1010
28;2025-11-25;18;965
28;2025-11-25;19;735
28;2025-11-25;20;525
28;2025-11-25;21;324
28;2025-11-25;22;133
28;2025-11-25;23;19
28;2025-11-26;0;1
28;2025-11-26;1;0
28;2025-11-26;2;0
28;2025-11-26;3;0
28;2025-11-26;4;2
28;2025-11-26;5;82
28;2025-11-26;6;277
28;2025-11-26;7;813
28;2025-11-26;8;1281
28;2025-11-26;9;876
28;2025-11-26;10;659
28;2025-11-26;11;605
28;2025-11-26;12;717
28;2025-11-26;13;743
28;2025-11-26;14;687
28;2025-11-26;15;722
28;2025-11-26;16;893
28;2025-11-26;17;1024
28;2025-11-26;18;972
28;2025-11-26;19;738
28;2025-11-26;20;514
28;2025-11-26;21;327
28;2025-11-26;22;140
28;2025-11-26;23;18
28;2025-11-27;0;1
28;2025-11-27;1;0
28;2025-11-27;2;0
28;2025-11-27;3;0
28;2025-11-27;4;2
28;2025-11-27;5;79
28;2025-11-27;6;277
28;2025-11-27;7;827
28;2025-11-27;8;1290
28;2025-11-27;9;888
28;2025-11-27;10;658
28;2025-11-27;11;583
28;2025-11-27;12;726
28;2025-11-27;13;743
28;2025-11-27;14;686
28;2025-11-27;15;718
28;2025-11-27;16;884
28;2025-11-27;17;1018
28;2025-11-27;18;998
28;2025-11-27;19;742
28;2025-11-27;20;528
28;2025-11-27;21;331
28;2025-11-27;22;141
28;2025-11-27;23;18
28;2025-11-28;0;1
28;2025-11-28;1;0
28;2025-11-28;2;0
28;2025-11-28;3;0
28;2025-11-28;4;2
28;2025-11-28;5;77
28;2025-11-28;6;266
28;2025-11-28;7;802
28;2025-11-28;8;1230
28;2025-11-28;9;859
28;2025-11-28;10;648
28;2025-11-28;11;576
28;2025-11-28;12;711
28;2025-11-28;13;731
28;2025-11-28;14;697
28;2025-11-28;15;720
28;2025-11-28;16;932
28;2025-11-28;17;1013
28;2025-11-28;18;898
28;2025-11-28;19;684
28;2025-11-28;20;492
28;2025-11-28;21;320
28;2025-11-28;22;141
28;2025-11-28;23;20
28;2025-11-29;0;1
28;2025-11-29;1;0
28;2025-11-29;2;0
28;2025-11-29;3;0
28;2025-11-29;4;1
28;2025-11-29;5;37
28;2025-11-29;6;102
28;2025-11-29;7;225
28;2025-11-29;8;393
28;2025-11-29;9;476
28;2025-11-29;10;498
28;2025-11-29;11;502
28;2025-11-29;12;598
28;2025-11-29;13;610
28;2025-11-29;14;619
28;2025-11-29;15;602
28;2025-11-29;16;569
28;2025-11-29;17;588
28;2025-11-29;18;511
28;2025-11-29;19;426
28;2025-11-29;20;322
28;2025-11-29;21;283
28;2025-11-29;22;137
28;2025-11-29;23;24
28;2025-11-30;0;4
28;2025-11-30;1;2
28;2025-11-30;2;1
28;2025-11-30;3;1
28;2025-11-30;4;0
28;2025-11-30;5;29
28;2025-11-30;6;80
28;2025-11-30;7;150
28;2025-11-30;8;246
28;2025-11-30;9;319
28;2025-11-30;10;366
28;2025-11-30;11;398
28;2025-11-30;12;457
28;2025-11-30;13;514
28;2025-11-30;14;503
28;2025-11-30;15;502
28;2025-11-30;16;473
28;2025-11-30;17;471
28;2025-11-30;18;411
28;2025-11-30;19;354
28;2025-11-30;20;285
28;2025-11-30;21;237
28;2025-11-30;22;108
28;2025-11-30;23;14
28;2025-12-01;0;1
28;2025-12-01;1;0
28;2025-12-01;2;0
28;2025-12-01;3;0
28;2025-12-01;4;2
28;2025-12-01;5;79
28;2025-12-01;6;273
28;2025-12-01;7;806
28;2025-12-01;8;1255
28;2025-12-01;9;875
28;2025-12-01;10;638
28;2025-12-01;11;566
28;2025-12-01;12;696
28;2025-12-01;13;712
28;2025-12-01;14;657
28;2025-12-01;15;688
28;2025-12-01;16;890
28;2025-12-01;17;997
28;2025-12-01;18;964
28;2025-12-01;19;726
28;2025-12-01;20;499
28;2025-12-01;21;314
28;2025-12-01;22;130
28;2025-12-01;23;16
28;2025-12-02;0;1
28;2025-12-02;1;0
28;2025-12-02;2;0
28;2025-12-02;3;0
28;2025-12-02;4;2
28;2025-12-02;5;77
28;2025-12-02;6;270
28;2025-12-02;7;816
28;2025-12-02;8;1275
28;2025-12-02;9;890
28;2025-12-02;10;676
28;2025-12-02;11;584
28;2025-12-02;12;709
28;2025-12-02;13;746
28;2025-12-02;14;680
28;2025-12-02;15;704
28;2025-12-02;16;871
28;2025-12-02;17;1007
28;2025-12-02;18;962
28;2025-12-02;19;733
28;2025-12-02;20;524
28;2025-12-02;21;323
28;2025-12-02;22;132
28;2025-12-02;23;19
28;2025-12-03;0;1
28;2025-12-03;1;0
28;2025-12-03;2;0
28;2025-12-03;3;0
28;2025-12-03;4;2
28;2025-12-03;5;82
28;2025-12-03;6;277
28;2025-12-03;7;810
28;2025-12-03;8;1277
28;2025-12-03;9;874
28;2025-12-03;10;657
28;2025-12-03;11;603
28;2025-12-03;12;715
28;2025-12-03;13;741
28;2025-12-03;14;685
28;2025-12-03;15;720
28;2025-12-03;16;891
28;2025-12-03;17;1020
28;2025-12-03;18;969
28;2025-12-03;19;736
28;2025-12-03;20;513
28;2025-12-03;21;326
28;2025-12-03;22;140
28;2025-12-03;23;18
28;2025-12-04;0;1
28;2025-12-04;1;0
28;2025-12-04;2;0
28;2025-12-04;3;0
28;2025-12-04;4;2
28;2025-12-04;5;79
28;2025-12-04;6;276
28;2025-12-04;7;825
28;2025-12-04;8;1286
28;2025-12-04;9;886
28;2025-12-04;10;656
28;2025-12-04;11;582
28;2025-12-04;12;724
28;2025-12-04;13;741
28;2025-12-04;14;684
28;2025-12-04;15;716
28;2025-12-04;16;881
28;2025-12-04;17;1016
28;2025-12-04;18;995
28;2025-12-04;19;740
28;2025-12-04;20;526
28;2025-12-04;21;330
28;2025-12-04;22;141
28;2025-12-04;23;18
28;2025-12-05;0;1
28;2025-12-05;1;0
28;2025-12-05;2;0
28;2025-12-05;3;0
28;2025-12-05;4;2
28;2025-12-05;5;77
28;2025-12-05;6;266
28;2025-12-05;7;800
28;2025-12-05;8;1226
28;2025-12-05;9;857
28;2025-12-05;10;646
28;2025-12-05;11;574
28;2025-12-05;12;709
28;2025-12-05;13;729
28;2025-12-05;14;695
28;2025-12-05;15;718
28;2025-12-05;16;929
28;2025-12-05;17;1010
28;2025-12-05;18;896
28;2025-12-05;19;682
28;2025-12-05;20;491
28;2025-12-05;21;320
28;2025-12-05;22;141
28;2025-12-05;23;20
28;2025-12-06;0;1
28;2025-12-06;1;0
28;2025-12-06;2;0
28;2025-12-06;3;0
28;2025-12-06;4;1
28;2025-12-06;5;37
28;2025-12-06;6;101
28;2025-12-06;7;225
28;2025-12-06;8;392
28;2025-12-06;9;475
28;2025-12-06;10;497
28;2025-12-06;11;501
28;2025-12-06;12;597
28;2025-12-06;13;609
28;2025-12-06;14;618
28;2025-12-06;15;601
28;2025-12-06;16;568
28;2025-12-06;17;586
28;2025-12-06;18;510
28;2025-12-06;19;425
28;2025-12-06;20;321
28;2025-12-06;21;282
28;2025-12-06;22;137
28;2025-12-06;23;24
28;2025-12-07;0;4
28;2025-12-07;1;2
28;2025-12-07;2;1
28;2025-12-07;3;1
28;2025-12-07;4;0
28;2025-12-07;5;29
28;2025-12-07;6;80
28;2025-12-07;7;149
28;2025-12-07;8;246
28;2025-12-07;9;319
28;2025-12-07;10;365
28;2025-12-07;11;398
28;2025-12-07;12;457
28;2025-12-07;13;513
28;2025-12-07;14;503
28;2025-12-07;15;502
28;2025-12-07;16;472
28;2025-12-07;17;471
28;2025-12-07;18;411
28;2025-12-07;19;353
28;2025-12-07;20;284
28;2025-12-07;21;237
28;2025-12-07;22;108
28;2025-12-07;23;14
28;2025-12-08;0;1
28;2025-12-08;1;0
28;2025-12-08;2;0
28;2025-12-08;3;0
28;2025-12-08;4;2
28;2025-12-08;5;79
28;2025-12-08;6;272
28;2025-12-08;7;804
28;2025-12-08;8;1252
28;2025-12-08;9;873
28;2025-12-08;10;637
28;2025-12-08;11;565
28;2025-12-08;12;694
28;2025-12-08;13;710
28;2025-12-08;14;655
28;2025-12-08;15;686
28;2025-12-08;16;888
28;2025-12-08;17;994
28;2025-12-08;18;961
28;2025-12-08;19;725
28;2025-12-08;20;498
28;2025-12-08;21;313
28;2025-12-08;22;129
28;2025-12-08;23;16
28;2025-12-09;0;1
28;2025-12-09;1;0
28;2025-12-09;2;0
28;2025-12-09;3;0
28;2025-12-09;4;2
28;2025-12-09;5;77
28;2025-12-09;6;269
28;2025-12-09;7;814
28;2025-12-09;8;1271
28;2025-12-09;9;888
28;2025-12-09;10;675
28;2025-12-09;11;583
28;2025-12-09;12;707
28;2025-12-09;13;744
28;2025-12-09;14;678
28;2025-12-09;15;702
28;2025-12-09;16;869
28;2025-12-09;17;1005
28;2025-12-09;18;960
28;2025-12-09;19;731
28;2025-12-09;20;522
28;2025-12-09;21;322
28;2025-12-09;22;132
28;2025-12-09;23;19
28;2025-12-10;0;1
28;2025-12-10;1;0
28;2025-12-10;2;0
28;2025-12-10;3;0
28;2025-12-10;4;2
28;2025-12-10;5;81
28;2025-12-10;6;276
28;2025-12-10;7;808
28;2025-12-10;8;1274
28;2025-12-10;9;871
28;2025-12-10;10;655
28;2025-12-10;11;602
28;2025-12-10;12;713
28;2025-12-10;13;739
28;2025-12-10;14;683
28;2025-12-10;15;718
28;2025-12-10;16;888
28;2025-12-10;17;1018
28;2025-12-10;18;966
28;2025-12-10;19;734
28;2025-12-10;20;511
28;2025-12-10;21;325
28;2025-12-10;22;139
28;2025-12-10;23;18
28;2025-12-11;0;1
28;2025-12-11;1;0
28;2025-12-11;2;0
28;2025-12-11;3;0
28;2025-12-11;4;2
28;2025-12-11;5;79
28;2025-12-11;6;275
28;2025-12-11;7;823
28;2025-12-11;8;1283
28;2025-12-11;9;884
28;2025-12-11;10;655
28;2025-12-11;11;580
28;2025-12-11;12;722
28;2025-12-11;13;739
28;2025-12-11;14;682
28;2025-12-11;15;714
28;2025-12-11;16;879
28;2025-12-11;17;1013
28;2025-12-11;18;993
28;2025-12-11;19;738
28;2025-12-11;20;525
28;2025-12-11;21;329
28;2025-12-11;22;141
28;2025-12-11;23;18
28;2025-12-12;0;1
28;2025-12-12;1;0
28;2025-12-12;2;0
28;2025-12-12;3;0
28;2025-12-12;4;2
28;2025-12-12;5;77
28;2025-12-12;6;265
28;2025-12-12;7;798
28;2025-12-12;8;1224
28;2025-12-12;9;855
28;2025-12-12;10;645
28;2025-12-12;11;573
28;2025-12-12;12;707
28;2025-12-12;13;728
28;2025-12-12;14;693
28;2025-12-12;15;717
28;2025-12-12;16;927
28;2025-12-12;17;1008
28;2025-12-12;18;894
28;2025-12-12;19;680
28;2025-12-12;20;490
28;2025-12-12;21;319
28;2025-12-12;22;141
28;2025-12-12;23;20
28;2025-12-13;0;1
28;2025-12-13;1;0
28;2025-12-13;2;0
28;2025-12-13;3;0
28;2025-12-13;4;1
28;2025-12-13;5;37
28;2025-12-13;6;101
28;2025-12-13;7;224
28;2025-12-13;8;391
28;2025-12-13;9;474
28;2025-12-13;10;496
28;2025-12-13;11;500
28;2025-12-13;12;596
28;2025-12-13;13;607
28;2025-12-13;14;617
28;2025-12-13;15;599
28;2025-12-13;16;567
28;2025-12-13;17;585
28;2025-12-13;18;509
28;2025-12-13;19;424
28;2025-12-13;20;320
28;2025-12-13;21;281
28;2025-12-13;22;136
28;2025-12-13;23;24
28;2025-12-14;0;4
28;2025-12-14;1;2
28;2025-12-14;2;1
28;2025-12-14;3;1
28;2025-12-14;4;0
28;2025-12-14;5;29
28;2025-12-14;6;80
28;2025-12-14;7;149
28;2025-12-14;8;246
28;2025-12-14;9;319
28;2025-12-14;10;365
28;2025-12-14;11;397
28;2025-12-14;12;456
28;2025-12-14;13;513
28;2025-12-14;14;502
28;2025-12-14;15;501
28;2025-12-14;16;472
28;2025-12-14;17;470
28;2025-12-14;18;410
28;2025-12-14;19;353
28;2025-12-14;20;284
28;2025-12-14;21;236
28;2025-12-14;22;108
28;2025-12-14;23;14
28;2025-12-15;0;1
28;2025-12-15;1;0
28;2025-12-15;2;0
28;2025-12-15;3;0
28;2025-12-15;4;2
28;2025-12-15;5;78
28;2025-12-15;6;271
28;2025-12-15;7;802
28;2025-12-15;8;1249
28;2025-12-15;9;871
28;2025-12-15;10;635
28;2025-12-15;11;563
28;2025-12-15;12;693
28;2025-12-15;13;708
28;2025-12-15;14;654
28;2025-12-15;15;685
28;2025-12-15;16;886
28;2025-12-15;17;992
28;2025-12-15;18;959
28;2025-12-15;19;723
28;2025-12-15;20;497
28;2025-12-15;21;312
28;2025-12-15;22;129
28;2025-12-15;23;16
28;2025-12-16;0;1
28;2025-12-16;1;0
28;2025-12-16;2;0
28;2025-12-16;3;0
28;2025-12-16;4;2
28;2025-12-16;5;77
28;2025-12-16;6;268
28;2025-12-16;7;812
28;2025-12-16;8;1268
28;2025-12-16;9;886
28;2025-12-16;10;673
28;2025-12-16;11;581
28;2025-12-16;12;706
28;2025-12-16;13;742
28;2025-12-16;14;677
28;2025-12-16;15;701
28;2025-12-16;16;867
28;2025-12-16;17;1002
28;2025-12-16;18;957
28;2025-12-16;19;729
28;2025-12-16;20;521
28;2025-12-16;21;322
28;2025-12-16;22;132
28;2025-12-16;23;19
28;2025-12-17;0;1
28;2025-12-17;1;0
28;2025-12-17;2;0
28;2025-12-17;3;0
28;2025-12-17;4;2
28;2025-12-17;5;81
28;2025-12-17;6;275
28;2025-12-17;7;806
28;2025-12-17;8;1271
28;2025-12-17;9;869
28;2025-12-17;10;654
28;2025-12-17;11;600
28;2025-12-17;12;711
28;2025-12-17;13;737
28;2025-12-17;14;682
28;2025-12-17;15;716
28;2025-12-17;16;886
28;2025-12-17;17;1015
28;2025-12-17;18;964
28;2025-12-17;19;732
28;2025-12-17;20;510
28;2025-12-17;21;324
28;2025-12-17;22;139
28;2025-12-17;23;18
28;2025-12-18;0;1
28;2025-12-18;1;0
28;2025-12-18;2;0
28;2025-12-18;3;0
28;2025-12-18;4;2
28;2025-12-18;5;78
28;2025-12-18;6;275
28;2025-12-18;7;821
28;2025-12-18;8;1280
28;2025-12-18;9;882
28;2025-12-18;10;653
28;2025-12-18;11;579
28;2025-12-18;12;720
28;2025-12-18;13;738
28;2025-12-18;14;681
28;2025-12-18;15;713
28;2025-12-18;16;877
28;2025-12-18;17;1011
28;2025-12-18;18;991
28;2025-12-18;19;736
28;2025-12-18;20;524
28;2025-12-18;21;328
28;2025-12-18;22;140
28;2025-12-18;23;18
28;2025-12-19;0;1
28;2025-12-19;1;0
28;2025-12-19;2;0
28;2025-12-19;3;0
28;2025-12-19;4;2
28;2025-12-19;5;77
28;2025-12-19;6;264
28;2025-12-19;7;796
28;2025-12-19;8;1221
28;2025-12-19;9;853
28;2025-12-19;10;643
28;2025-12-19;11;571
28;2025-12-19;12;706
28;2025-12-19;13;726
28;2025-12-19;14;691
28;2025-12-19;15;715
28;2025-12-19;16;925
28;2025-12-19;17;1005
28;2025-12-19;18;892
28;2025-12-19;19;679
28;2025-12-19;20;488
28;2025-12-19;21;318
28;2025-12-19;22;140
28;2025-12-19;23;20
28;2025-12-20;0;1
28;2025-12-20;1;0
28;2025-12-20;2;0
28;2025-12-20;3;0
28;2025-12-20;4;1
28;2025-12-20;5;37
28;2025-12-20;6;101
28;2025-12-20;7;224
28;2025-12-20;8;391
28;2025-12-20;9;473
28;2025-12-20;10;495
28;2025-12-20;11;499
28;2025-12-20;12;595
28;2025-12-20;13;606
28;2025-12-20;14;615
28;2025-12-20;15;598
28;2025-12-20;16;566
28;2025-12-20;17;584
28;2025-12-20;18;508
28;2025-12-20;19;423
28;2025-12-20;20;320
28;2025-12-20;21;281
28;2025-12-20;22;136
28;2025-12-20;23;24
28;2025-12-21;0;4
28;2025-12-21;1;2
28;2025-12-21;2;1
28;2025-12-21;3;1
28;2025-12-21;4;0
28;2025-12-21;5;29
28;2025-12-21;6;80
28;2025-12-21;7;149
28;2025-12-21;8;245
28;2025-12-21;9;318
28;2025-12-21;10;364
28;2025-12-21;11;397
28;2025-12-21;12;456
28;2025-12-21;13;512
28;2025-12-21;14;502
28;2025-12-21;15;501
28;2025-12-21;16;471
28;2025-12-21;17;470
28;2025-12-21;18;410
28;2025-12-21;19;352
28;2025-12-21;20;284
28;2025-12-21;21;236
28;2025-12-21;22;108
28;2025-12-21;23;14
28;2025-12-22;0;1
28;2025-12-22;1;0
28;2025-12-22;2;0
28;2025-12-22;3;0
28;2025-12-22;4;2
28;2025-12-22;5;78
28;2025-12-22;6;271
28;2025-12-22;7;800
28;2025-12-22;8;1246
28;2025-12-22;9;869
28;2025-12-22;10;634
28;2025-12-22;11;562
28;2025-12-22;12;691
28;2025-12-22;13;707
28;2025-12-22;14;652
28;2025-12-22;15;683
28;2025-12-22;16;884
28;2025-12-22;17;990
28;2025-12-22;18;957
28;2025-12-22;19;721
28;2025-12-22;20;496
28;2025-12-22;21;311
28;2025-12-22;22;129
28;2025-12-22;23;16
28;2025-12-23;0;1
28;2025-12-23;1;0
28;2025-12-23;2;0
28;2025-12-23;3;0
28;2025-12-23;4;2
28;2025-12-23;5;76
28;2025-12-23;6;268
28;2025-12-23;7;811
28;2025-12-23;8;1265
28;2025-12-23;9;884
28;2025-12-23;10;672
28;2025-12-23;11;580
28;2025-12-23;12;704
28;2025-12-23;13;741
28;2025-12-23;14;675
28;2025-12-23;15;699
28;2025-12-23;16;865
28;2025-12-23;17;1000
28;2025-12-23;18;955
28;2025-12-23;19;728
28;2025-12-23;20;520
28;2025-12-23;21;321
28;2025-12-23;22;131
28;2025-12-23;23;19
28;2025-12-24;0;1
28;2025-12-24;1;0
28;2025-12-24;2;0
28;2025-12-24;3;0
28;2025-12-24;4;2
28;2025-12-24;5;81
28;2025-12-24;6;275
28;2025-12-24;7;804
28;2025-12-24;8;1268
28;2025-12-24;9;867
28;2025-12-24;10;652
28;2025-12-24;11;599
28;2025-12-24;12;710
28;2025-12-24;13;736
28;2025-12-24;14;680
28;2025-12-24;15;715
28;2025-12-24;16;884
28;2025-12-24;17;1013
28;2025-12-24;18;962
28;2025-12-24;19;730
28;2025-12-24;20;509
28;2025-12-24;21;323
28;2025-12-24;22;139
28;2025-12-24;23;18
28;2025-12-25;0;1
28;2025-12-25;1;0
28;2025-12-25;2;0
28;2025-12-25;3;0
28;2025-12-25;4;2
28;2025-12-25;5;78
28;2025-12-25;6;274
28;2025-12-25;7;819
28;2025-12-25;8;1278
28;2025-12-25;9;880
28;2025-12-25;10;652
28;2025-12-25;11;577
28;2025-12-25;12;719
28;2025-12-25;13;736
28;2025-12-25;14;679
28;2025-12-25;15;711
28;2025-12-25;16;875
28;2025-12-25;17;1008
28;2025-12-25;18;988
28;2025-12-25;19;735
28;2025-12-25;20;523
28;2025-12-25;21;327
28;2025-12-25;22;140
28;2025-12-25;23;18
28;2025-12-26;0;1
28;2025-12-26;1;0
28;2025-12-26;2;0
28;2025-12-26;3;0
28;2025-12-26;4;2
28;2025-12-26;5;77
28;2025-12-26;6;264
28;2025-12-26;7;794
28;2025-12-26;8;1217
28;2025-12-26;9;851
28;2025-12-26;10;641
28;2025-12-26;11;570
28;2025-12-26;12;704
28;2025-12-26;13;724
28;2025-12-26;14;690
28;2025-12-26;15;713
28;2025-12-26;16;923
28;2025-12-26;17;1003
28;2025-12-26;18;890
28;2025-12-26;19;677
28;2025-12-26;20;487
28;2025-12-26;21;317
28;2025-12-26;22;140
28;2025-12-26;23;20
28;2025-12-27;0;1
28;2025-12-27;1;0
28;2025-12-27;2;0
28;2025-12-27;3;0
28;2025-12-27;4;1
28;2025-12-27;5;37
28;2025-12-27;6;101
28;2025-12-27;7;223
28;2025-12-27;8;390
28;2025-12-27;9;472
28;2025-12-27;10;494
28;2025-12-27;11;498
28;2025-12-27;12;593
28;2025-12-27;13;605
28;2025-12-27;14;614
28;2025-12-27;15;597
28;2025-12-27;16;565
28;2025-12-27;17;583
28;2025-12-27;18;507
28;2025-12-27;19;422
28;2025-12-27;20;319
28;2025-12-27;21;280
28;2025-12-27;22;136
28;2025-12-27;23;24
28;2025-12-28;0;4
28;2025-12-28;1;2
28;2025-12-28;2;1
28;2025-12-28;3;1
28;2025-12-28;4;0
28;2025-12-28;5;29
28;2025-12-28;6;80
28;2025-12-28;7;149
28;2025-12-28;8;245
28;2025-12-28;9;318
28;2025-12-28;10;364
28;2025-12-28;11;396
28;2025-12-28;12;455
28;2025-12-28;13;512
28;2025-12-28;14;501
28;2025-12-28;15;500
28;2025-12-28;16;471
28;2025-12-28;17;469
28;2025-12-28;18;410
28;2025-12-28;19;352
28;2025-12-28;20;283
28;2025-12-28;21;236
28;2025-12-28;22;108
28;2025-12-28;23;14
28;2025-12-29;0;1
28;2025-12-29;1;0
28;2025-12-29;2;0
28;2025-12-29;3;0
28;2025-12-29;4;2
28;2025-12-29;5;78
28;2025-12-29;6;270
28;2025-12-29;7;799
28;2025-12-29;8;1243
28;2025-12-29;9;867
28;2025-12-29;10;632
28;2025-12-29;11;561
28;2025-12-29;12;689
28;2025-12-29;13;705
28;2025-12-29;14;651
28;2025-12-29;15;682
28;2025-12-29;16;882
28;2025-12-29;17;987
28;2025-12-29;18;955
28;2025-12-29;19;720
28;2025-12-29;20;495
28;2025-12-29;21;311
28;2025-12-29;22;129
28;2025-12-29;23;16
28;2025-12-30;0;1
28;2025-12-30;1;0
28;2025-12-30;2;0
28;2025-12-30;3;0
28;2025-12-30;4;2
28;2025-12-30;5;76
28;2025-12-30;6;267
28;2025-12-30;7;809
28;2025-12-30;8;1263
28;2025-12-30;9;882
28;2025-12-30;10;670
28;2025-12-30;11;579
28;2025-12-30;12;703
28;2025-12-30;13;739
28;2025-12-30;14;674
28;2025-12-30;15;698
28;2025-12-30;16;863
28;2025-12-30;17;998
28;2025-12-30;18;953
28;2025-12-30;19;726
28;2025-12-30;20;519
28;2025-12-30;21;320
28;2025-12-30;22;131
28;2025-12-30;23;19
28;2025-12-31;0;4
28;2025-12-31;1;2
28;2025-12-31;2;1
28;2025-12-31;3;1
28;2025-12-31;4;0
28;2025-12-31;5;28
28;2025-12-31;6;79
28;2025-12-31;7;148
28;2025-12-31;8;235
28;2025-12-31;9;304
28;2025-12-31;10;352
28;2025-12-31;11;380
28;2025-12-31;12;440
28;2025-12-31;13;496
28;2025-12-31;14;489
28;2025-12-31;15;488
28;2025-12-31;16;459
28;2025-12-31;17;461
28;2025-12-31;18;401
28;2025-12-31;19;344
28;2025-12-31;20;281
28;2025-12-31;21;233
28;2025-12-31;22;107
28;2025-12-31;23;14
50;2025-11-01;0;36
50;2025-11-01;1;3
50;2025-11-01;2;0
50;2025-11-01;3;0
50;2025-11-01;4;3
50;2025-11-01;5;71
50;2025-11-01;6;568
50;2025-11-01;7;1822
50;2025-11-01;8;2848
50;2025-11-01;9;2241
50;2025-11-01;10;1711
50;2025-11-01;11;1628
50;2025-11-01;12;1525
50;2025-11-01;13;1538
50;2025-11-01;14;1472
50;2025-11-01;15;1745
50;2025-11-01;16;1833
50;2025-11-01;17;2431
50;2025-11-01;18;2484
50;2025-11-01;19;1481
50;2025-11-01;20;924
50;2025-11-01;21;628
50;2025-11-01;22;289
50;2025-11-01;23;149
50;2025-11-02;0;39
50;2025-11-02;1;5
50;2025-11-02;2;1
50;2025-11-02;3;0
50;2025-11-02;4;1
50;2025-11-02;5;20
50;2025-11-02;6;95
50;2025-11-02;7;183
50;2025-11-02;8;287
50;2025-11-02;9;362
50;2025-11-02;10;395
50;2025-11-02;11;500
50;2025-11-02;12;553
50;2025-11-02;13;607
50;2025-11-02;14;628
50;2025-11-02;15;567
50;2025-11-02;16;571
50;2025-11-02;17;565
50;2025-11-02;18;503
50;2025-11-02;19;427
50;2025-11-02;20;349
50;2025-11-02;21;264
50;2025-11-02;22;162
50;2025-11-02;23;89
50;2025-11-03;0;38
50;2025-11-03;1;5
50;2025-11-03;2;1
50;2025-11-03;3;0
50;2025-11-03;4;1
50;2025-11-03;5;21
50;2025-11-03;6;102
50;2025-11-03;7;196
50;2025-11-03;8;292
50;2025-11-03;9;365
50;2025-11-03;10;388
50;2025-11-03;11;500
50;2025-11-03;12;558
50;2025-11-03;13;613
50;2025-11-03;14;624
50;2025-11-03;15;571
50;2025-11-03;16;564
50;2025-11-03;17;563
50;2025-11-03;18;499
50;2025-11-03;19;433
50;2025-11-03;20;352
50;2025-11-03;21;264
50;2025-11-03;22;166
50;2025-11-03;23;93
50;2025-11-04;0;38
50;2025-11-04;1;5
50;2025-11-04;2;1
50;2025-11-04;3;0
50;2025-11-04;4;1
50;2025-11-04;5;21
50;2025-11-04;6;102
50;2025-11-04;7;196
50;2025-11-04;8;292
50;2025-11-04;9;365
50;2025-11-04;10;388
50;2025-11-04;11;500
50;2025-11-04;12;558
50;2025-11-04;13;613
50;2025-11-04;14;625
50;2025-11-04;15;571
50;2025-11-04;16;564
50;2025-11-04;17;563
50;2025-11-04;18;499
50;2025-11-04;19;433
50;2025-11-04;20;353
50;2025-11-04;21;264
50;2025-11-04;22;166
50;2025-11-04;23;93
50;2025-11-05;0;35
50;2025-11-05;1;4
50;2025-11-05;2;0
50;2025-11-05;3;0
50;2025-11-05;4;3
50;2025-11-05;5;71
50;2025-11-05;6;559
50;2025-11-05;7;1789
50;2025-11-05;8;2796
50;2025-11-05;9;2201
50;2025-11-05;10;1685
50;2025-11-05;11;1606
50;2025-11-05;12;1504
50;2025-11-05;13;1529
50;2025-11-05;14;1473
50;2025-11-05;15;1728
50;2025-11-05;16;1797
50;2025-11-05;17;2440
50;2025-11-05;18;2486
50;2025-11-05;19;1499
50;2025-11-05;20;909
50;2025-11-05;21;625
50;2025-11-05;22;289
50;2025-11-05;23;144
50;2025-11-06;0;38
50;2025-11-06;1;3
50;2025-11-06;2;0
50;2025-11-06;3;0
50;2025-11-06;4;2
50;2025-11-06;5;71
50;2025-11-06;6;553
50;2025-11-06;7;1779
50;2025-11-06;8;2763
50;2025-11-06;9;2188
50;2025-11-06;10;1687
50;2025-11-06;11;1592
50;2025-11-06;12;1503
50;2025-11-06;13;1510
50;2025-11-06;14;1441
50;2025-11-06;15;1681
50;2025-11-06;16;1794
50;2025-11-06;17;2392
50;2025-11-06;18;2483
50;2025-11-06;19;1472
50;2025-11-06;20;934
50;2025-11-06;21;637
50;2025-11-06;22;289
50;2025-11-06;23;152
50;2025-11-07;0;39
50;2025-11-07;1;3
50;2025-11-07;2;0
50;2025-11-07;3;0
50;2025-11-07;4;3
50;2025-11-07;5;68
50;2025-11-07;6;552
50;2025-11-07;7;1743
50;2025-11-07;8;2732
50;2025-11-07;9;2144
50;2025-11-07;10;1624
50;2025-11-07;11;1613
50;2025-11-07;12;1521
50;2025-11-07;13;1524
50;2025-11-07;14;1453
50;2025-11-07;15;1758
50;2025-11-07;16;1941
50;2025-11-07;17;2291
50;2025-11-07;18;2125
50;2025-11-07;19;1344
50;2025-11-07;20;864
50;2025-11-07;21;591
50;2025-11-07;22;294
50;2025-11-07;23;160
50;2025-11-08;0;50
50;2025-11-08;1;4
50;2025-11-08;2;0
50;2025-11-08;3;0
50;2025-11-08;4;1
50;2025-11-08;5;24
50;2025-11-08;6;137
50;2025-11-08;7;307
50;2025-11-08;8;471
50;2025-11-08;9;507
50;2025-11-08;10;489
50;2025-11-08;11;615
50;2025-11-08;12;644
50;2025-11-08;13;679
50;2025-11-08;14;673
50;2025-11-08;15;655
50;2025-11-08;16;635
50;2025-11-08;17;635
50;2025-11-08;18;556
50;2025-11-08;19;481
50;2025-11-08;20;368
50;2025-11-08;21;286
50;2025-11-08;22;175
50;2025-11-08;23;105
50;2025-11-09;0;39
50;2025-11-09;1;5
50;2025-11-09;2;1
50;2025-11-09;3;0
50;2025-11-09;4;1
50;2025-11-09;5;20
50;2025-11-09;6;96
50;2025-11-09;7;184
50;2025-11-09;8;288
50;2025-11-09;9;364
50;2025-11-09;10;396
50;2025-11-09;11;502
50;2025-11-09;12;555
50;2025-11-09;13;610
50;2025-11-09;14;631
50;2025-11-09;15;570
50;2025-11-09;16;573
50;2025-11-09;17;567
50;2025-11-09;18;505
50;2025-11-09;19;429
50;2025-11-09;20;350
50;2025-11-09;21;265
50;2025-11-09;22;163
50;2025-11-09;23;89
50;2025-11-10;0;32
50;2025-11-10;1;4
50;2025-11-10;2;0
50;2025-11-10;3;0
50;2025-11-10;4;3
50;2025-11-10;5;69
50;2025-11-10;6;541
50;2025-11-10;7;1777
50;2025-11-10;8;2790
50;2025-11-10;9;2195
50;2025-11-10;10;1670
50;2025-11-10;11;1575
50;2025-11-10;12;1446
50;2025-11-10;13;1480
50;2025-11-10;14;1415
50;2025-11-10;15;1673
50;2025-11-10;16;1726
50;2025-11-10;17;2377
50;2025-11-10;18;2477
50;2025-11-10;19;1468
50;2025-11-10;20;901
50;2025-11-10;21;604
50;2025-11-10;22;273
50;2025-11-10;23;136
50;2025-11-11;0;35
50;2025-11-11;1;3
50;2025-11-11;2;0
50;2025-11-11;3;0
50;2025-11-11;4;2
50;2025-11-11;5;69
50;2025-11-11;6;573
50;2025-11-11;7;1814
50;2025-11-11;8;2842
50;2025-11-11;9;2240
50;2025-11-11;10;1705
50;2025-11-11;11;1606
50;2025-11-11;12;1516
50;2025-11-11;13;1525
50;2025-11-11;14;1454
50;2025-11-11;15;1715
50;2025-11-11;16;1759
50;2025-11-11;17;2426
50;2025-11-11;18;2539
50;2025-11-11;19;1488
50;2025-11-11;20;933
50;2025-11-11;21;621
50;2025-11-11;22;282
50;2025-11-11;23;140
50;2025-11-12;0;35
50;2025-11-12;1;4
50;2025-11-12;2;0
50;2025-11-12;3;0
50;2025-11-12;4;3
50;2025-11-12;5;71
50;2025-11-12;6;557
50;2025-11-12;7;1782
50;2025-11-12;8;2785
50;2025-11-12;9;2192
50;2025-11-12;10;1679
50;2025-11-12;11;1599
50;2025-11-12;12;1499
50;2025-11-12;13;1523
50;2025-11-12;14;1468
50;2025-11-12;15;1721
50;2025-11-12;16;1790
50;2025-11-12;17;2431
50;2025-11-12;18;2477
50;2025-11-12;19;1493
50;2025-11-12;20;906
50;2025-11-12;21;623
50;2025-11-12;22;288
50;2025-11-12;23;143
50;2025-11-13;0;38
50;2025-11-13;1;3
50;2025-11-13;2;0
50;2025-11-13;3;0
50;2025-11-13;4;2
50;2025-11-13;5;71
50;2025-11-13;6;551
50;2025-11-13;7;1772
50;2025-11-13;8;2752
50;2025-11-13;9;2179
50;2025-11-13;10;1681
50;2025-11-13;11;1586
50;2025-11-13;12;1498
50;2025-11-13;13;1504
50;2025-11-13;14;1435
50;2025-11-13;15;1674
50;2025-11-13;16;1788
50;2025-11-13;17;2382
50;2025-11-13;18;2474
50;2025-11-13;19;1467
50;2025-11-13;20;931
50;2025-11-13;21;635
50;2025-11-13;22;287
50;2025-11-13;23;152
50;2025-11-14;0;38
50;2025-11-14;1;3
50;2025-11-14;2;0
50;2025-11-14;3;0
50;2025-11-14;4;3
50;2025-11-14;5;68
50;2025-11-14;6;551
50;2025-11-14;7;1738
50;2025-11-14;8;2723
50;2025-11-14;9;2137
50;2025-11-14;10;1619
50;2025-11-14;11;1607
50;2025-11-14;12;1516
50;2025-11-14;13;1519
50;2025-11-14;14;1448
50;2025-11-14;15;1753
50;2025-11-14;16;1934
50;2025-11-14;17;2284
50;2025-11-14;18;2118
50;2025-11-14;19;1340
50;2025-11-14;20;862
50;2025-11-14;21;589
50;2025-11-14;22;293
50;2025-11-14;23;159
50;2025-11-15;0;51
50;2025-11-15;1;4
50;2025-11-15;2;0
50;2025-11-15;3;0
50;2025-11-15;4;1
50;2025-11-15;5;24
50;2025-11-15;6;138
50;2025-11-15;7;309
50;2025-11-15;8;472
50;2025-11-15;9;509
50;2025-11-15;10;491
50;2025-11-15;11;618
50;2025-11-15;12;647
50;2025-11-15;13;681
50;2025-11-15;14;676
50;2025-11-15;15;657
50;2025-11-15;16;638
50;2025-11-15;17;638
50;2025-11-15;18;558
50;2025-11-15;19;482
50;2025-11-15;20;369
50;2025-11-15;21;288
50;2025-11-15;22;175
50;2025-11-15;23;105
50;2025-11-16;0;39
50;2025-11-16;1;5
50;2025-11-16;2;1
50;2025-11-16;3;0
50;2025-11-16;4;1
50;2025-11-16;5;20
50;2025-11-16;6;96
50;2025-11-16;7;184
50;2025-11-16;8;289
50;2025-11-16;9;365
50;2025-11-16;10;398
50;2025-11-16;11;504
50;2025-11-16;12;557
50;2025-11-16;13;612
50;2025-11-16;14;633
50;2025-11-16;15;572
50;2025-11-16;16;575
50;2025-11-16;17;569
50;2025-11-16;18;507
50;2025-11-16;19;430
50;2025-11-16;20;351
50;2025-11-16;21;266
50;2025-11-16;22;163
50;2025-11-16;23;90
50;2025-11-17;0;32
50;2025-11-17;1;4
50;2025-11-17;2;0
50;2025-11-17;3;0
50;2025-11-17;4;3
50;2025-11-17;5;69
50;2025-11-17;6;539
50;2025-11-17;7;1771
50;2025-11-17;8;2781
50;2025-11-17;9;2188
50;2025-11-17;10;1664
50;2025-11-17;11;1570
50;2025-11-17;12;1442
50;2025-11-17;13;1475
50;2025-11-17;14;1410
50;2025-11-17;15;1668
50;2025-11-17;16;1721
50;2025-11-17;17;2370
50;2025-11-17;18;2470
50;2025-11-17;19;1464
50;2025-11-17;20;898
50;2025-11-17;21;602
50;2025-11-17;22;272
50;2025-11-17;23;135
50;2025-11-18;0;35
50;2025-11-18;1;3
50;2025-11-18;2;0
50;2025-11-18;3;0
50;2025-11-18;4;2
50;2025-11-18;5;69
50;2025-11-18;6;571
50;2025-11-18;7;1807
50;2025-11-18;8;2831
50;2025-11-18;9;2231
50;2025-11-18;10;1698
50;2025-11-18;11;1599
50;2025-11-18;12;1510
50;2025-11-18;13;1519
50;2025-11-18;14;1448
50;2025-11-18;15;1708
50;2025-11-18;16;1752
50;2025-11-18;17;2416
50;2025-11-18;18;2529
50;2025-11-18;19;1483
50;2025-11-18;20;930
50;2025-11-18;21;618
50;2025-11-18;22;281
50;2025-11-18;23;139
50;2025-11-19;0;35
50;2025-11-19;1;4
50;2025-11-19;2;0
50;2025-11-19;3;0
50;2025-11-19;4;3
50;2025-11-19;5;71
50;2025-11-19;6;555
50;2025-11-19;7;1776
50;2025-11-19;8;2776
50;2025-11-19;9;2185
50;2025-11-19;10;1673
50;2025-11-19;11;1594
50;2025-11-19;12;1493
50;2025-11-19;13;1518
50;2025-11-19;14;1463
50;2025-11-19;15;1715
50;2025-11-19;16;1784
50;2025-11-19;17;2423
50;2025-11-19;18;2468
50;2025-11-19;19;1488
50;2025-11-19;20;903
50;2025-11-19;21;621
50;2025-11-19;22;287
50;2025-11-19;23;143
50;2025-11-20;0;38
50;2025-11-20;1;3
50;2025-11-20;2;0
50;2025-11-20;3;0
50;2025-11-20;4;2
50;2025-11-20;5;70
50;2025-11-20;6;549
50;2025-11-20;7;1767
50;2025-11-20;8;2744
50;2025-11-20;9;2173
50;2025-11-20;10;1676
50;2025-11-20;11;1581
50;2025-11-20;12;1493
50;2025-11-20;13;1500
50;2025-11-20;14;1431
50;2025-11-20;15;1669
50;2025-11-20;16;1782
50;2025-11-20;17;2376
50;2025-11-20;18;2467
50;2025-11-20;19;1462
50;2025-11-20;20;928
50;2025-11-20;21;633
50;2025-11-20;22;287
50;2025-11-20;23;151
50;2025-11-21;0;38
50;2025-11-21;1;3
50;2025-11-21;2;0
50;2025-11-21;3;0
50;2025-11-21;4;3
50;2025-11-21;5;68
50;2025-11-21;6;549
50;2025-11-21;7;1733
50;2025-11-21;8;2716
50;2025-11-21;9;2131
50;2025-11-21;10;1614
50;2025-11-21;11;1603
50;2025-11-21;12;1512
50;2025-11-21;13;1515
50;2025-11-21;14;1444
50;2025-11-21;15;1748
50;2025-11-21;16;1929
50;2025-11-21;17;2278
50;2025-11-21;18;2113
50;2025-11-21;19;1336
50;2025-11-21;20;859
50;2025-11-21;21;587
50;2025-11-21;22;292
50;2025-11-21;23;159
50;2025-11-22;0;51
50;2025-11-22;1;4
50;2025-11-22;2;0
50;2025-11-22;3;0
50;2025-11-22;4;1
50;2025-11-22;5;24
50;2025-11-22;6;138
50;2025-11-22;7;310
50;2025-11-22;8;474
50;2025-11-22;9;511
50;2025-11-22;10;493
50;2025-11-22;11;620
50;2025-11-22;12;649
50;2025-11-22;13;684
50;2025-11-22;14;678
50;2025-11-22;15;660
50;2025-11-22;16;640
50;2025-11-22;17;640
50;2025-11-22;18;560
50;2025-11-22;19;484
50;2025-11-22;20;371
50;2025-11-22;21;289
50;2025-11-22;22;176
50;2025-11-22;23;106
50;2025-11-23;0;39
50;2025-11-23;1;5
50;2025-11-23;2;1
50;2025-11-23;3;0
50;2025-11-23;4;1
50;2025-11-23;5;20
50;2025-11-23;6;96
50;2025-11-23;7;185
50;2025-11-23;8;290
50;2025-11-23;9;367
50;2025-11-23;10;399
50;2025-11-23;11;505
50;2025-11-23;12;559
50;2025-11-23;13;614
50;2025-11-23;14;636
50;2025-11-23;15;574
50;2025-11-23;16;577
50;2025-11-23;17;571
50;2025-11-23;18;509
50;2025-11-23;19;432
50;2025-11-23;20;353
50;2025-11-23;21;267
50;2025-11-23;22;164
50;2025-11-23;23;90
50;2025-11-24;0;32
50;2025-11-24;1;4
50;2025-11-24;2;0
50;2025-11-24;3;0
50;2025-11-24;4;3
50;2025-11-24;5;68
50;2025-11-24;6;538
50;2025-11-24;7;1767
50;2025-11-24;8;2774
50;2025-11-24;9;2183
50;2025-11-24;10;1661
50;2025-11-24;11;1567
50;2025-11-24;12;1438
50;2025-11-24;13;1472
50;2025-11-24;14;1407
50;2025-11-24;15;1664
50;2025-11-24;16;1717
50;2025-11-24;17;2365
50;2025-11-24;18;2464
50;2025-11-24;19;1460
50;2025-11-24;20;896
50;2025-11-24;21;601
50;2025-11-24;22;272
50;2025-11-24;23;135
50;2025-11-25;0;35
50;2025-11-25;1;3
50;2025-11-25;2;0
50;2025-11-25;3;0
50;2025-11-25;4;2
50;2025-11-25;5;69
50;2025-11-25;6;570
50;2025-11-25;7;1803
50;2025-11-25;8;2825
50;2025-11-25;9;2227
50;2025-11-25;10;1695
50;2025-11-25;11;1596
50;2025-11-25;12;1508
50;2025-11-25;13;1517
50;2025-11-25;14;1445
50;2025-11-25;15;1705
50;2025-11-25;16;1749
50;2025-11-25;17;2412
50;2025-11-25;18;2525
50;2025-11-25;19;1480
50;2025-11-25;20;928
50;2025-11-25;21;617
50;2025-11-25;22;281
50;2025-11-25;23;139
50;2025-11-26;0;35
50;2025-11-26;1;4
50;2025-11-26;2;0
50;2025-11-26;3;0
50;2025-11-26;4;3
50;2025-11-26;5;71
50;2025-11-26;6;555
50;2025-11-26;7;1774
50;2025-11-26;8;2772
50;2025-11-26;9;2182
50;2025-11-26;10;1671
50;2025-11-26;11;1592
50;2025-11-26;12;1491
50;2025-11-26;13;1516
50;2025-11-26;14;1460
50;2025-11-26;15;1713
50;2025-11-26;16;1782
50;2025-11-26;17;2419
50;2025-11-26;18;2465
50;2025-11-26;19;1486
50;2025-11-26;20;901
50;2025-11-26;21;620
50;2025-11-26;22;286
50;2025-11-26;23;142
50;2025-11-27;0;37
50;2025-11-27;1;3
50;2025-11-27;2;0
50;2025-11-27;3;0
50;2025-11-27;4;2
50;2025-11-27;5;70
50;2025-11-27;6;548
50;2025-11-27;7;1763
50;2025-11-27;8;2738
50;2025-11-27;9;2168
50;2025-11-27;10;1672
50;2025-11-27;11;1577
50;2025-11-27;12;1490
50;2025-11-27;13;1496
50;2025-11-27;14;1428
50;2025-11-27;15;1666
50;2025-11-27;16;1778
50;2025-11-27;17;2370
50;2025-11-27;18;2461
50;2025-11-27;19;1459
50;2025-11-27;20;926
50;2025-11-27;21;632
50;2025-11-27;22;286
50;2025-11-27;23;151
50;2025-11-28;0;38
50;2025-11-28;1;3
50;2025-11-28;2;0
50;2025-11-28;3;0
50;2025-11-28;4;3
50;2025-11-28;5;68
50;2025-11-28;6;548
50;2025-11-28;7;1729
50;2025-11-28;8;2710
50;2025-11-28;9;2127
50;2025-11-28;10;1611
50;2025-11-28;11;1600
50;2025-11-28;12;1509
50;2025-11-28;13;1512
50;2025-11-28;14;1441
50;2025-11-28;15;1744
50;2025-11-28;16;1925
50;2025-11-28;17;2273
50;2025-11-28;18;2108
50;2025-11-28;19;1333
50;2025-11-28;20;857
50;2025-11-28;21;586
50;2025-11-28;22;291
50;2025-11-28;23;159
50;2025-11-29;0;51
50;2025-11-29;1;4
50;2025-11-29;2;0
50;2025-11-29;3;0
50;2025-11-29;4;1
50;2025-11-29;5;24
50;2025-11-29;6;139
50;2025-11-29;7;311
50;2025-11-29;8;476
50;2025-11-29;9;512
50;2025-11-29;10;495
50;2025-11-29;11;622
50;2025-11-29;12;651
50;2025-11-29;13;686
50;2025-11-29;14;680
50;2025-11-29;15;662
50;2025-11-29;16;642
50;2025-11-29;17;642
50;2025-11-29;18;562
50;2025-11-29;19;486
50;2025-11-29;20;372
50;2025-11-29;21;290
50;2025-11-29;22;176
50;2025-11-29;23;106
50;2025-11-30;0;39
50;2025-11-30;1;5
50;2025-11-30;2;1
50;2025-11-30;3;0
50;2025-11-30;4;1
50;2025-11-30;5;20
50;2025-11-30;6;97
50;2025-11-30;7;186
50;2025-11-30;8;291
50;2025-11-30;9;368
50;2025-11-30;10;401
50;2025-11-30;11;507
50;2025-11-30;12;561
50;2025-11-30;13;616
50;2025-11-30;14;638
50;2025-11-30;15;576
50;2025-11-30;16;579
50;2025-11-30;17;573
50;2025-11-30;18;511
50;2025-11-30;19;433
50;2025-11-30;20;354
50;2025-11-30;21;268
50;2025-11-30;22;164
50;2025-11-30;23;90
50;2025-12-01;0;32
50;2025-12-01;1;4
50;2025-12-01;2;0
50;2025-12-01;3;0
50;2025-12-01;4;3
50;2025-12-01;5;68
50;2025-12-01;6;537
50;2025-12-01;7;1763
50;2025-12-01;8;2768
50;2025-12-01;9;2178
50;2025-12-01;10;1657
50;2025-12-01;11;1563
50;2025-12-01;12;1435
50;2025-12-01;13;1469
50;2025-12-01;14;1404
50;2025-12-01;15;1660
50;2025-12-01;16;1713
50;2025-12-01;17;2359
50;2025-12-01;18;2459
50;2025-12-01;19;1457
50;2025-12-01;20;894
50;2025-12-01;21;599
50;2025-12-01;22;271
50;2025-12-01;23;135
50;2025-12-02;0;35
50;2025-12-02;1;3
50;2025-12-02;2;0
50;2025-12-02;3;0
50;2025-12-02;4;2
50;2025-12-02;5;68
50;2025-12-02;6;569
50;2025-12-02;7;1800
50;2025-12-02;8;2819
50;2025-12-02;9;2222
50;2025-12-02;10;1692
50;2025-12-02;11;1593
50;2025-12-02;12;1504
50;2025-12-02;13;1513
50;2025-12-02;14;1442
50;2025-12-02;15;1701
50;2025-12-02;16;1745
50;2025-12-02;17;2406
50;2025-12-02;18;2520
50;2025-12-02;19;1477
50;2025-12-02;20;926
50;2025-12-02;21;616
50;2025-12-02;22;280
50;2025-12-02;23;138
50;2025-12-03;0;35
50;2025-12-03;1;4
50;2025-12-03;2;0
50;2025-12-03;3;0
50;2025-12-03;4;3
50;2025-12-03;5;71
50;2025-12-03;6;553
50;2025-12-03;7;1769
50;2025-12-03;8;2765
50;2025-12-03;9;2176
50;2025-12-03;10;1666
50;2025-12-03;11;1587
50;2025-12-03;12;1487
50;2025-12-03;13;1512
50;2025-12-03;14;1457
50;2025-12-03;15;1708
50;2025-12-03;16;1777
50;2025-12-03;17;2413
50;2025-12-03;18;2458
50;2025-12-03;19;1482
50;2025-12-03;20;899
50;2025-12-03;21;618
50;2025-12-03;22;285
50;2025-12-03;23;142
50;2025-12-04;0;37
50;2025-12-04;1;3
50;2025-12-04;2;0
50;2025-12-04;3;0
50;2025-12-04;4;2
50;2025-12-04;5;70
50;2025-12-04;6;546
50;2025-12-04;7;1759
50;2025-12-04;8;2732
50;2025-12-04;9;2163
50;2025-12-04;10;1668
50;2025-12-04;11;1574
50;2025-12-04;12;1486
50;2025-12-04;13;1493
50;2025-12-04;14;1425
50;2025-12-04;15;1662
50;2025-12-04;16;1774
50;2025-12-04;17;2365
50;2025-12-04;18;2456
50;2025-12-04;19;1456
50;2025-12-04;20;924
50;2025-12-04;21;630
50;2025-12-04;22;285
50;2025-12-04;23;151
50;2025-12-05;0;38
50;2025-12-05;1;3
50;2025-12-05;2;0
50;2025-12-05;3;0
50;2025-12-05;4;3
50;2025-12-05;5;67
50;2025-12-05;6;547
50;2025-12-05;7;1726
50;2025-12-05;8;2704
50;2025-12-05;9;2122
50;2025-12-05;10;1607
50;2025-12-05;11;1596
50;2025-12-05;12;1505
50;2025-12-05;13;1509
50;2025-12-05;14;1438
50;2025-12-05;15;1740
50;2025-12-05;16;1921
50;2025-12-05;17;2268
50;2025-12-05;18;2104
50;2025-12-05;19;1330
50;2025-12-05;20;856
50;2025-12-05;21;584
50;2025-12-05;22;291
50;2025-12-05;23;158
50;2025-12-06;0;51
50;2025-12-06;1;4
50;2025-12-06;2;0
50;2025-12-06;3;0
50;2025-12-06;4;1
50;2025-12-06;5;25
50;2025-12-06;6;139
50;2025-12-06;7;312
50;2025-12-06;8;477
50;2025-12-06;9;514
50;2025-12-06;10;496
50;2025-12-06;11;624
50;2025-12-06;12;653
50;2025-12-06;13;688
50;2025-12-06;14;682
50;2025-12-06;15;664
50;2025-12-06;16;644
50;2025-12-06;17;644
50;2025-12-06;18;564
50;2025-12-06;19;487
50;2025-12-06;20;373
50;2025-12-06;21;291
50;2025-12-06;22;177
50;2025-12-06;23;106
50;2025-12-07;0;39
50;2025-12-07;1;6
50;2025-12-07;2;1
50;2025-12-07;3;1
50;2025-12-07;4;1
50;2025-12-07;5;20
50;2025-12-07;6;97
50;2025-12-07;7;186
50;2025-12-07;8;292
50;2025-12-07;9;369
50;2025-12-07;10;402
50;2025-12-07;11;509
50;2025-12-07;12;563
50;2025-12-07;13;618
50;2025-12-07;14;640
50;2025-12-07;15;578
50;2025-12-07;16;581
50;2025-12-07;17;575
50;2025-12-07;18;512
50;2025-12-07;19;435
50;2025-12-07;20;355
50;2025-12-07;21;269
50;2025-12-07;22;165
50;2025-12-07;23;90
50;2025-12-08;0;32
50;2025-12-08;1;4
50;2025-12-08;2;0
50;2025-12-08;3;0
50;2025-12-08;4;3
50;2025-12-08;5;68
50;2025-12-08;6;536
50;2025-12-08;7;1759
50;2025-12-08;8;2762
50;2025-12-08;9;2173
50;2025-12-08;10;1653
50;2025-12-08;11;1560
50;2025-12-08;12;1432
50;2025-12-08;13;1466
50;2025-12-08;14;1401
50;2025-12-08;15;1657
50;2025-12-08;16;1709
50;2025-12-08;17;2354
50;2025-12-08;18;2453
50;2025-12-08;19;1454
50;2025-12-08;20;892
50;2025-12-08;21;598
50;2025-12-08;22;270
50;2025-12-08;23;134
50;2025-12-09;0;35
50;2025-12-09;1;3
50;2025-12-09;2;0
50;2025-12-09;3;0
50;2025-12-09;4;2
50;2025-12-09;5;68
50;2025-12-09;6;568
50;2025-12-09;7;1796
50;2025-12-09;8;2813
50;2025-12-09;9;2217
50;2025-12-09;10;1688
50;2025-12-09;11;1590
50;2025-12-09;12;1501
50;2025-12-09;13;1510
50;2025-12-09;14;1439
50;2025-12-09;15;1698
50;2025-12-09;16;1741
50;2025-12-09;17;2401
50;2025-12-09;18;2514
50;2025-12-09;19;1473
50;2025-12-09;20;924
50;2025-12-09;21;615
50;2025-12-09;22;280
50;2025-12-09;23;138
50;2025-12-10;0;34
50;2025-12-10;1;4
50;2025-12-10;2;0
50;2025-12-10;3;0
50;2025-12-10;4;3
50;2025-12-10;5;70
50;2025-12-10;6;552
50;2025-12-10;7;1765
50;2025-12-10;8;2759
50;2025-12-10;9;2171
50;2025-12-10;10;1663
50;2025-12-10;11;1584
50;2025-12-10;12;1484
50;2025-12-10;13;1509
50;2025-12-10;14;1453
50;2025-12-10;15;1704
50;2025-12-10;16;1773
50;2025-12-10;17;2408
50;2025-12-10;18;2453
50;2025-12-10;19;1478
50;2025-12-10;20;897
50;2025-12-10;21;617
50;2025-12-10;22;285
50;2025-12-10;23;142
50;2025-12-11;0;37
50;2025-12-11;1;3
50;2025-12-11;2;0
50;2025-12-11;3;0
50;2025-12-11;4;2
50;2025-12-11;5;70
50;2025-12-11;6;545
50;2025-12-11;7;1755
50;2025-12-11;8;2726
50;2025-12-11;9;2159
50;2025-12-11;10;1665
50;2025-12-11;11;1571
50;2025-12-11;12;1483
50;2025-12-11;13;1490
50;2025-12-11;14;1422
50;2025-12-11;15;1658
50;2025-12-11;16;1771
50;2025-12-11;17;2360
50;2025-12-11;18;2451
50;2025-12-11;19;1453
50;2025-12-11;20;922
50;2025-12-11;21;629
50;2025-12-11;22;285
50;2025-12-11;23;150
50;2025-12-12;0;38
50;2025-12-12;1;3
50;2025-12-12;2;0
50;2025-12-12;3;0
50;2025-12-12;4;3
50;2025-12-12;5;67
50;2025-12-12;6;546
50;2025-12-12;7;1723
50;2025-12-12;8;2700
50;2025-12-12;9;2119
50;2025-12-12;10;1605
50;2025-12-12;11;1594
50;2025-12-12;12;1503
50;2025-12-12;13;1507
50;2025-12-12;14;1436
50;2025-12-12;15;1738
50;2025-12-12;16;1918
50;2025-12-12;17;2265
50;2025-12-12;18;2101
50;2025-12-12;19;1328
50;2025-12-12;20;854
50;2025-12-12;21;584
50;2025-12-12;22;290
50;2025-12-12;23;158
50;2025-12-13;0;51
50;2025-12-13;1;4
50;2025-12-13;2;0
50;2025-12-13;3;0
50;2025-12-13;4;1
50;2025-12-13;5;25
50;2025-12-13;6;140
50;2025-12-13;7;313
50;2025-12-13;8;478
50;2025-12-13;9;516
50;2025-12-13;10;498
50;2025-12-13;11;626
50;2025-12-13;12;655
50;2025-12-13;13;690
50;2025-12-13;14;684
50;2025-12-13;15;666
50;2025-12-13;16;646
50;2025-12-13;17;646
50;2025-12-13;18;565
50;2025-12-13;19;489
50;2025-12-13;20;374
50;2025-12-13;21;291
50;2025-12-13;22;177
50;2025-12-13;23;107
50;2025-12-14;0;40
50;2025-12-14;1;6
50;2025-12-14;2;1
50;2025-12-14;3;1
50;2025-12-14;4;1
50;2025-12-14;5;20
50;2025-12-14;6;97
50;2025-12-14;7;187
50;2025-12-14;8;293
50;2025-12-14;9;370
50;2025-12-14;10;403
50;2025-12-14;11;510
50;2025-12-14;12;565
50;2025-12-14;13;620
50;2025-12-14;14;642
50;2025-12-14;15;579
50;2025-12-14;16;583
50;2025-12-14;17;577
50;2025-12-14;18;514
50;2025-12-14;19;436
50;2025-12-14;20;356
50;2025-12-14;21;269
50;2025-12-14;22;165
50;2025-12-14;23;91
50;2025-12-15;0;32
50;2025-12-15;1;4
50;2025-12-15;2;0
50;2025-12-15;3;0
50;2025-12-15;4;3
50;2025-12-15;5;68
50;2025-12-15;6;535
50;2025-12-15;7;1757
50;2025-12-15;8;2758
50;2025-12-15;9;2170
50;2025-12-15;10;1651
50;2025-12-15;11;1557
50;2025-12-15;12;1430
50;2025-12-15;13;1463
50;2025-12-15;14;1399
50;2025-12-15;15;1654
50;2025-12-15;16;1707
50;2025-12-15;17;2351
50;2025-12-15;18;2450
50;2025-12-15;19;1452
50;2025-12-15;20;891
50;2025-12-15;21;597
50;2025-12-15;22;270
50;2025-12-15;23;134
50;2025-12-16;0;35
50;2025-12-16;1;3
50;2025-12-16;2;0
50;2025-12-16;3;0
50;2025-12-16;4;2
50;2025-12-16;5;68
50;2025-12-16;6;567
50;2025-12-16;7;1793
50;2025-12-16;8;2809
50;2025-12-16;9;2214
50;2025-12-16;10;1686
50;2025-12-16;11;1587
50;2025-12-16;12;1499
50;2025-12-16;13;1508
50;2025-12-16;14;1437
50;2025-12-16;15;1695
50;2025-12-16;16;1739
50;2025-12-16;17;2398
50;2025-12-16;18;2511
50;2025-12-16;19;1471
50;2025-12-16;20;923
50;2025-12-16;21;614
50;2025-12-16;22;279
50;2025-12-16;23;138
50;2025-12-17;0;34
50;2025-12-17;1;4
50;2025-12-17;2;0
50;2025-12-17;3;0
50;2025-12-17;4;3
50;2025-12-17;5;70
50;2025-12-17;6;551
50;2025-12-17;7;1763
50;2025-12-17;8;2755
50;2025-12-17;9;2168
50;2025-12-17;10;1660
50;2025-12-17;11;1582
50;2025-12-17;12;1482
50;2025-12-17;13;1507
50;2025-12-17;14;1451
50;2025-12-17;15;1702
50;2025-12-17;16;1771
50;2025-12-17;17;2405
50;2025-12-17;18;2450
50;2025-12-17;19;1476
50;2025-12-17;20;896
50;2025-12-17;21;616
50;2025-12-17;22;284
50;2025-12-17;23;141
50;2025-12-18;0;37
50;2025-12-18;1;3
50;2025-12-18;2;0
50;2025-12-18;3;0
50;2025-12-18;4;2
50;2025-12-18;5;70
50;2025-12-18;6;545
50;2025-12-18;7;1753
50;2025-12-18;8;2722
50;2025-12-18;9;2156
50;2025-12-18;10;1663
50;2025-12-18;11;1568
50;2025-12-18;12;1481
50;2025-12-18;13;1488
50;2025-12-18;14;1420
50;2025-12-18;15;1656
50;2025-12-18;16;1768
50;2025-12-18;17;2357
50;2025-12-18;18;2448
50;2025-12-18;19;1451
50;2025-12-18;20;921
50;2025-12-18;21;628
50;2025-12-18;22;284
50;2025-12-18;23;150
50;2025-12-19;0;38
50;2025-12-19;1;3
50;2025-12-19;2;0
50;2025-12-19;3;0
50;2025-12-19;4;2
50;2025-12-19;5;67
50;2025-12-19;6;545
50;2025-12-19;7;1720
50;2025-12-19;8;2695
50;2025-12-19;9;2115
50;2025-12-19;10;1602
50;2025-12-19;11;1591
50;2025-12-19;12;1500
50;2025-12-19;13;1503
50;2025-12-19;14;1433
50;2025-12-19;15;1734
50;2025-12-19;16;1914
50;2025-12-19;17;2260
50;2025-12-19;18;2097
50;2025-12-19;19;1326
50;2025-12-19;20;853
50;2025-12-19;21;582
50;2025-12-19;22;290
50;2025-12-19;23;158
50;2025-12-20;0;51
50;2025-12-20;1;4
50;2025-12-20;2;0
50;2025-12-20;3;0
50;2025-12-20;4;1
50;2025-12-20;5;25
50;2025-12-20;6;140
50;2025-12-20;7;313
50;2025-12-20;8;480
50;2025-12-20;9;517
50;2025-12-20;10;499
50;2025-12-20;11;628
50;2025-12-20;12;657
50;2025-12-20;13;692
50;2025-12-20;14;686
50;2025-12-20;15;668
50;2025-12-20;16;647
50;2025-12-20;17;648
50;2025-12-20;18;567
50;2025-12-20;19;490
50;2025-12-20;20;375
50;2025-12-20;21;292
50;2025-12-20;22;178
50;2025-12-20;23;107
50;2025-12-21;0;40
50;2025-12-21;1;6
50;2025-12-21;2;1
50;2025-12-21;3;1
50;2025-12-21;4;1
50;2025-12-21;5;20
50;2025-12-21;6;98
50;2025-12-21;7;187
50;2025-12-21;8;294
50;2025-12-21;9;371
50;2025-12-21;10;404
50;2025-12-21;11;512
50;2025-12-21;12;566
50;2025-12-21;13;621
50;2025-12-21;14;644
50;2025-12-21;15;581
50;2025-12-21;16;584
50;2025-12-21;17;578
50;2025-12-21;18;515
50;2025-12-21;19;437
50;2025-12-21;20;357
50;2025-12-21;21;270
50;2025-12-21;22;166
50;2025-12-21;23;91
50;2025-12-22;0;31
50;2025-12-22;1;4
50;2025-12-22;2;0
50;2025-12-22;3;0
50;2025-12-22;4;3
50;2025-12-22;5;68
50;2025-12-22;6;534
50;2025-12-22;7;1753
50;2025-12-22;8;2753
50;2025-12-22;9;2166
50;2025-12-22;10;1648
50;2025-12-22;11;1554
50;2025-12-22;12;1427
50;2025-12-22;13;1461
50;2025-12-22;14;1396
50;2025-12-22;15;1651
50;2025-12-22;16;1704
50;2025-12-22;17;2346
50;2025-12-22;18;2445
50;2025-12-22;19;1449
50;2025-12-22;20;889
50;2025-12-22;21;596
50;2025-12-22;22;269
50;2025-12-22;23;134
50;2025-12-23;0;35
50;2025-12-23;1;3
50;2025-12-23;2;0
50;2025-12-23;3;0
50;2025-12-23;4;2
50;2025-12-23;5;68
50;2025-12-23;6;566
50;2025-12-23;7;1790
50;2025-12-23;8;2804
50;2025-12-23;9;2210
50;2025-12-23;10;1682
50;2025-12-23;11;1584
50;2025-12-23;12;1496
50;2025-12-23;13;1505
50;2025-12-23;14;1434
50;2025-12-23;15;1692
50;2025-12-23;16;1735
50;2025-12-23;17;2393
50;2025-12-23;18;2506
50;2025-12-23;19;1469
50;2025-12-23;20;921
50;2025-12-23;21;613
50;2025-12-23;22;279
50;2025-12-23;23;138
50;2025-12-24;0;34
50;2025-12-24;1;4
50;2025-12-24;2;0
50;2025-12-24;3;0
50;2025-12-24;4;3
50;2025-12-24;5;70
50;2025-12-24;6;550
50;2025-12-24;7;1759
50;2025-12-24;8;2750
50;2025-12-24;9;2164
50;2025-12-24;10;1657
50;2025-12-24;11;1579
50;2025-12-24;12;1479
50;2025-12-24;13;1504
50;2025-12-24;14;1449
50;2025-12-24;15;1699
50;2025-12-24;16;1767
50;2025-12-24;17;2400
50;2025-12-24;18;2445
50;2025-12-24;19;1474
50;2025-12-24;20;894
50;2025-12-24;21;615
50;2025-12-24;22;284
50;2025-12-24;23;141
50;2025-12-25;0;37
50;2025-12-25;1;3
50;2025-12-25;2;0
50;2025-12-25;3;0
50;2025-12-25;4;2
50;2025-12-25;5;70
50;2025-12-25;6;544
50;2025-12-25;7;1749
50;2025-12-25;8;2717
50;2025-12-25;9;2152
50;2025-12-25;10;1660
50;2025-12-25;11;1565
50;2025-12-25;12;1479
50;2025-12-25;13;1485
50;2025-12-25;14;1417
50;2025-12-25;15;1653
50;2025-12-25;16;1765
50;2025-12-25;17;2352
50;2025-12-25;18;2443
50;2025-12-25;19;1448
50;2025-12-25;20;919
50;2025-12-25;21;627
50;2025-12-25;22;284
50;2025-12-25;23;150
50;2025-12-26;0;38
50;2025-12-26;1;3
50;2025-12-26;2;0
50;2025-12-26;3;0
50;2025-12-26;4;2
50;2025-12-26;5;67
50;2025-12-26;6;544
50;2025-12-26;7;1716
50;2025-12-26;8;2689
50;2025-12-26;9;2110
50;2025-12-26;10;1599
50;2025-12-26;11;1587
50;2025-12-26;12;1497
50;2025-12-26;13;1500
50;2025-12-26;14;1430
50;2025-12-26;15;1731
50;2025-12-26;16;1910
50;2025-12-26;17;2255
50;2025-12-26;18;2092
50;2025-12-26;19;1323
50;2025-12-26;20;851
50;2025-12-26;21;581
50;2025-12-26;22;289
50;2025-12-26;23;157
50;2025-12-27;0;52
50;2025-12-27;1;4
50;2025-12-27;2;0
50;2025-12-27;3;0
50;2025-12-27;4;1
50;2025-12-27;5;25
50;2025-12-27;6;141
50;2025-12-27;7;314
50;2025-12-27;8;481
50;2025-12-27;9;519
50;2025-12-27;10;500
50;2025-12-27;11;629
50;2025-12-27;12;659
50;2025-12-27;13;694
50;2025-12-27;14;688
50;2025-12-27;15;669
50;2025-12-27;16;649
50;2025-12-27;17;649
50;2025-12-27;18;568
50;2025-12-27;19;491
50;2025-12-27;20;376
50;2025-12-27;21;293
50;2025-12-27;22;178
50;2025-12-27;23;107
50;2025-12-28;0;40
50;2025-12-28;1;6
50;2025-12-28;2;1
50;2025-12-28;3;1
50;2025-12-28;4;1
50;2025-12-28;5;20
50;2025-12-28;6;98
50;2025-12-28;7;188
50;2025-12-28;8;294
50;2025-12-28;9;372
50;2025-12-28;10;405
50;2025-12-28;11;513
50;2025-12-28;12;568
50;2025-12-28;13;623
50;2025-12-28;14;645
50;2025-12-28;15;583
50;2025-12-28;16;586
50;2025-12-28;17;580
50;2025-12-28;18;516
50;2025-12-28;19;438
50;2025-12-28;20;358
50;2025-12-28;21;271
50;2025-12-28;22;166
50;2025-12-28;23;91
50;2025-12-29;0;31
50;2025-12-29;1;4
50;2025-12-29;2;0
50;2025-12-29;3;0
50;2025-12-29;4;3
50;2025-12-29;5;68
50;2025-12-29;6;533
50;2025-12-29;7;1750
50;2025-12-29;8;2748
50;2025-12-29;9;2162
50;2025-12-29;10;1645
50;2025-12-29;11;1552
50;2025-12-29;12;1425
50;2025-12-29;13;1458
50;2025-12-29;14;1393
50;2025-12-29;15;1648
50;2025-12-29;16;1701
50;2025-12-29;17;2342
50;2025-12-29;18;2441
50;2025-12-29;19;1446
50;2025-12-29;20;888
50;2025-12-29;21;595
50;2025-12-29;22;269
50;2025-12-29;23;134
50;2025-12-30;0;35
50;2025-12-30;1;3
50;2025-12-30;2;0
50;2025-12-30;3;0
50;2025-12-30;4;2
50;2025-12-30;5;68
50;2025-12-30;6;565
50;2025-12-30;7;1786
50;2025-12-30;8;2799
50;2025-12-30;9;2206
50;2025-12-30;10;1679
50;2025-12-30;11;1581
50;2025-12-30;12;1493
50;2025-12-30;13;1502
50;2025-12-30;14;1432
50;2025-12-30;15;1689
50;2025-12-30;16;1732
50;2025-12-30;17;2389
50;2025-12-30;18;2502
50;2025-12-30;19;1466
50;2025-12-30;20;919
50;2025-12-30;21;611
50;2025-12-30;22;278
50;2025-12-30;23;137
50;2025-12-31;0;39
50;2025-12-31;1;6
50;2025-12-31;2;1
50;2025-12-31;3;0
50;2025-12-31;4;1
50;2025-12-31;5;21
50;2025-12-31;6;105
50;2025-12-31;7;201
50;2025-12-31;8;300
50;2025-12-31;9;375
50;2025-12-31;10;399
50;2025-12-31;11;513
50;2025-12-31;12;573
50;2025-12-31;13;629
50;2025-12-31;14;642
50;2025-12-31;15;587
50;2025-12-31;16;579
50;2025-12-31;17;578
50;2025-12-31;18;512
50;2025-12-31;19;445
50;2025-12-31;20;362
50;2025-12-31;21;271
50;2025-12-31;22;171
50;2025-12-31;23;95
