route;date;hour;prediction
1;2025-11-01;0;4
1;2025-11-01;1;0
1;2025-11-01;2;0
1;2025-11-01;3;0
1;2025-11-01;4;8
1;2025-11-01;5;133
1;2025-11-01;6;543
1;2025-11-01;7;1507
1;2025-11-01;8;1903
1;2025-11-01;9;1464
1;2025-11-01;10;1311
1;2025-11-01;11;1358
1;2025-11-01;12;1379
1;2025-11-01;13;1421
1;2025-11-01;14;1362
1;2025-11-01;15;1525
1;2025-11-01;16;1532
1;2025-11-01;17;1767
1;2025-11-01;18;1769
1;2025-11-01;19;1351
1;2025-11-01;20;878
1;2025-11-01;21;490
1;2025-11-01;22;237
1;2025-11-01;23;51
1;2025-11-02;0;2
1;2025-11-02;1;0
1;2025-11-02;2;0
1;2025-11-02;3;0
1;2025-11-02;4;0
1;2025-11-02;5;25
1;2025-11-02;6;128
1;2025-11-02;7;246
1;2025-11-02;8;350
1;2025-11-02;9;576
1;2025-11-02;10;668
1;2025-11-02;11;660
1;2025-11-02;12;813
1;2025-11-02;13;855
1;2025-11-02;14;764
1;2025-11-02;15;700
1;2025-11-02;16;636
1;2025-11-02;17;584
1;2025-11-02;18;535
1;2025-11-02;19;452
1;2025-11-02;20;339
1;2025-11-02;21;258
1;2025-11-02;22;105
1;2025-11-02;23;34
1;2025-11-03;0;2
1;2025-11-03;1;0
1;2025-11-03;2;0
1;2025-11-03;3;0
1;2025-11-03;4;0
1;2025-11-03;5;25
1;2025-11-03;6;125
1;2025-11-03;7;241
1;2025-11-03;8;341
1;2025-11-03;9;558
1;2025-11-03;10;646
1;2025-11-03;11;627
1;2025-11-03;12;782
1;2025-11-03;13;829
1;2025-11-03;14;743
1;2025-11-03;15;688
1;2025-11-03;16;627
1;2025-11-03;17;575
1;2025-11-03;18;521
1;2025-11-03;19;444
1;2025-11-03;20;331
1;2025-11-03;21;256
1;2025-11-03;22;105
1;2025-11-03;23;34
1;2025-11-04;0;2
1;2025-11-04;1;0
1;2025-11-04;2;0
1;2025-11-04;3;0
1;2025-11-04;4;0
1;2025-11-04;5;25
1;2025-11-04;6;125
1;2025-11-04;7;241
1;2025-11-04;8;341
1;2025-11-04;9;558
1;2025-11-04;10;646
1;2025-11-04;11;627
1;2025-11-04;12;782
1;2025-11-04;13;829
1;2025-11-04;14;743
1;2025-11-04;15;688
1;2025-11-04;16;627
1;2025-11-04;17;575
1;2025-11-04;18;521
1;2025-11-04;19;444
1;2025-11-04;20;331
1;2025-11-04;21;256
1;2025-11-04;22;105
1;2025-11-04;23;34
1;2025-11-05;0;5
1;2025-11-05;1;0
1;2025-11-05;2;0
1;2025-11-05;3;0
1;2025-11-05;4;8
1;2025-11-05;5;131
1;2025-11-05;6;537
1;2025-11-05;7;1471
1;2025-11-05;8;1881
1;2025-11-05;9;1444
1;2025-11-05;10;1289
1;2025-11-05;11;1329
1;2025-11-05;12;1360
1;2025-11-05;13;1409
1;2025-11-05;14;1345
1;2025-11-05;15;1505
1;2025-11-05;16;1498
1;2025-11-05;17;1744
1;2025-11-05;18;1753
1;2025-11-05;19;1340
1;2025-11-05;20;869
1;2025-11-05;21;483
1;2025-11-05;22;238
1;2025-11-05;23;49
1;2025-11-06;0;5
1;2025-11-06;1;0
1;2025-11-06;2;0
1;2025-11-06;3;0
1;2025-11-06;4;7
1;2025-11-06;5;126
1;2025-11-06;6;525
1;2025-11-06;7;1465
1;2025-11-06;8;1859
1;2025-11-06;9;1442
1;2025-11-06;10;1303
1;2025-11-06;11;1335
1;2025-11-06;12;1366
1;2025-11-06;13;1403
1;2025-11-06;14;1357
1;2025-11-06;15;1504
1;2025-11-06;16;1504
1;2025-11-06;17;1732
1;2025-11-06;18;1739
1;2025-11-06;19;1325
1;2025-11-06;20;865
1;2025-11-06;21;488
1;2025-11-06;22;234
1;2025-11-06;23;54
1;2025-11-07;0;5
1;2025-11-07;1;0
1;2025-11-07;2;0
1;2025-11-07;3;0
1;2025-11-07;4;7
1;2025-11-07;5;130
1;2025-11-07;6;520
1;2025-11-07;7;1466
1;2025-11-07;8;1826
1;2025-11-07;9;1417
1;2025-11-07;10;1285
1;2025-11-07;11;1354
1;2025-11-07;12;1358
1;2025-11-07;13;1410
1;2025-11-07;14;1348
1;2025-11-07;15;1503
1;2025-11-07;16;1536
1;2025-11-07;17;1713
1;2025-11-07;18;1631
1;2025-11-07;19;1245
1;2025-11-07;20;830
1;2025-11-07;21;490
1;2025-11-07;22;238
1;2025-11-07;23;55
1;2025-11-08;0;9
1;2025-11-08;1;0
1;2025-11-08;2;0
1;2025-11-08;3;0
1;2025-11-08;4;0
1;2025-11-08;5;33
1;2025-11-08;6;176
1;2025-11-08;7;353
1;2025-11-08;8;479
1;2025-11-08;9;758
1;2025-11-08;10;870
1;2025-11-08;11;817
1;2025-11-08;12;1025
1;2025-11-08;13;1051
1;2025-11-08;14;984
1;2025-11-08;15;862
1;2025-11-08;16;786
1;2025-11-08;17;726
1;2025-11-08;18;654
1;2025-11-08;19;592
1;2025-11-08;20;436
1;2025-11-08;21;316
1;2025-11-08;22;145
1;2025-11-08;23;37
1;2025-11-09;0;2
1;2025-11-09;1;0
1;2025-11-09;2;0
1;2025-11-09;3;0
1;2025-11-09;4;0
1;2025-11-09;5;25
1;2025-11-09;6;128
1;2025-11-09;7;246
1;2025-11-09;8;350
1;2025-11-09;9;576
1;2025-11-09;10;668
1;2025-11-09;11;660
1;2025-11-09;12;813
1;2025-11-09;13;855
1;2025-11-09;14;764
1;2025-11-09;15;700
1;2025-11-09;16;636
1;2025-11-09;17;584
1;2025-11-09;18;535
1;2025-11-09;19;452
1;2025-11-09;20;339
1;2025-11-09;21;258
1;2025-11-09;22;105
1;2025-11-09;23;34
1;2025-11-10;0;2
1;2025-11-10;1;0
1;2025-11-10;2;0
1;2025-11-10;3;0
1;2025-11-10;4;8
1;2025-11-10;5;130
1;2025-11-10;6;537
1;2025-11-10;7;1477
1;2025-11-10;8;1868
1;2025-11-10;9;1422
1;2025-11-10;10;1259
1;2025-11-10;11;1307
1;2025-11-10;12;1351
1;2025-11-10;13;1371
1;2025-11-10;14;1325
1;2025-11-10;15;1496
1;2025-11-10;16;1516
1;2025-11-10;17;1749
1;2025-11-10;18;1790
1;2025-11-10;19;1365
1;2025-11-10;20;867
1;2025-11-10;21;476
1;2025-11-10;22;223
1;2025-11-10;23;47
1;2025-11-11;0;4
1;2025-11-11;1;0
1;2025-11-11;2;0
1;2025-11-11;3;1
1;2025-11-11;4;8
1;2025-11-11;5;132
1;2025-11-11;6;543
1;2025-11-11;7;1518
1;2025-11-11;8;1893
1;2025-11-11;9;1471
1;2025-11-11;10;1322
1;2025-11-11;11;1351
1;2025-11-11;12;1366
1;2025-11-11;13;1409
1;2025-11-11;14;1344
1;2025-11-11;15;1492
1;2025-11-11;16;1501
1;2025-11-11;17;1742
1;2025-11-11;18;1764
1;2025-11-11;19;1365
1;2025-11-11;20;886
1;2025-11-11;21;486
1;2025-11-11;22;235
1;2025-11-11;23;49
1;2025-11-12;0;5
1;2025-11-12;1;0
1;2025-11-12;2;0
1;2025-11-12;3;0
1;2025-11-12;4;8
1;2025-11-12;5;131
1;2025-11-12;6;536
1;2025-11-12;7;1470
1;2025-11-12;8;1879
1;2025-11-12;9;1443
1;2025-11-12;10;1288
1;2025-11-12;11;1328
1;2025-11-12;12;1359
1;2025-11-12;13;1408
1;2025-11-12;14;1345
1;2025-11-12;15;1504
1;2025-11-12;16;1497
1;2025-11-12;17;1743
1;2025-11-12;18;1752
1;2025-11-12;19;1339
1;2025-11-12;20;868
1;2025-11-12;21;483
1;2025-11-12;22;238
1;2025-11-12;23;49
1;2025-11-13;0;5
1;2025-11-13;1;0
1;2025-11-13;2;0
1;2025-11-13;3;0
1;2025-11-13;4;7
1;2025-11-13;5;126
1;2025-11-13;6;525
1;2025-11-13;7;1464
1;2025-11-13;8;1858
1;2025-11-13;9;1441
1;2025-11-13;10;1302
1;2025-11-13;11;1335
1;2025-11-13;12;1366
1;2025-11-13;13;1403
1;2025-11-13;14;1356
1;2025-11-13;15;1503
1;2025-11-13;16;1503
1;2025-11-13;17;1731
1;2025-11-13;18;1738
1;2025-11-13;19;1325
1;2025-11-13;20;865
1;2025-11-13;21;488
1;2025-11-13;22;234
1;2025-11-13;23;54
1;2025-11-14;0;5
1;2025-11-14;1;0
1;2025-11-14;2;0
1;2025-11-14;3;0
1;2025-11-14;4;7
1;2025-11-14;5;130
1;2025-11-14;6;519
1;2025-11-14;7;1465
1;2025-11-14;8;1825
1;2025-11-14;9;1416
1;2025-11-14;10;1285
1;2025-11-14;11;1353
1;2025-11-14;12;1357
1;2025-11-14;13;1410
1;2025-11-14;14;1347
1;2025-11-14;15;1502
1;2025-11-14;16;1535
1;2025-11-14;17;1712
1;2025-11-14;18;1630
1;2025-11-14;19;1244
1;2025-11-14;20;829
1;2025-11-14;21;490
1;2025-11-14;22;238
1;2025-11-14;23;55
1;2025-11-15;0;9
1;2025-11-15;1;0
1;2025-11-15;2;0
1;2025-11-15;3;0
1;2025-11-15;4;0
1;2025-11-15;5;32
1;2025-11-15;6;175
1;2025-11-15;7;351
1;2025-11-15;8;477
1;2025-11-15;9;755
1;2025-11-15;10;866
1;2025-11-15;11;813
1;2025-11-15;12;1020
1;2025-11-15;13;1046
1;2025-11-15;14;979
1;2025-11-15;15;858
1;2025-11-15;16;783
1;2025-11-15;17;723
1;2025-11-15;18;651
1;2025-11-15;19;590
1;2025-11-15;20;434
1;2025-11-15;21;315
1;2025-11-15;22;144
1;2025-11-15;23;37
1;2025-11-16;0;2
1;2025-11-16;1;0
1;2025-11-16;2;0
1;2025-11-16;3;0
1;2025-11-16;4;0
1;2025-11-16;5;25
1;2025-11-16;6;128
1;2025-11-16;7;246
1;2025-11-16;8;350
1;2025-11-16;9;576
1;2025-11-16;10;668
1;2025-11-16;11;660
1;2025-11-16;12;813
1;2025-11-16;13;855
1;2025-11-16;14;764
1;2025-11-16;15;700
1;2025-11-16;16;636
1;2025-11-16;17;584
1;2025-11-16;18;535
1;2025-11-16;19;452
1;2025-11-16;20;339
1;2025-11-16;21;258
1;2025-11-16;22;105
1;2025-11-16;23;34
1;2025-11-17;0;2
1;2025-11-17;1;0
1;2025-11-17;2;0
1;2025-11-17;3;0
1;2025-11-17;4;8
1;2025-11-17;5;130
1;2025-11-17;6;537
1;2025-11-17;7;1476
1;2025-11-17;8;1867
1;2025-11-17;9;1421
1;2025-11-17;10;1259
1;2025-11-17;11;1306
1;2025-11-17;12;1350
1;2025-11-17;13;1370
1;2025-11-17;14;1324
1;2025-11-17;15;1495
1;2025-11-17;16;1515
1;2025-11-17;17;1748
1;2025-11-17;18;1789
1;2025-11-17;19;1364
1;2025-11-17;20;867
1;2025-11-17;21;475
1;2025-11-17;22;223
1;2025-11-17;23;47
1;2025-11-18;0;4
1;2025-11-18;1;0
1;2025-11-18;2;0
1;2025-11-18;3;1
1;2025-11-18;4;8
1;2025-11-18;5;132
1;2025-11-18;6;543
1;2025-11-18;7;1517
1;2025-11-18;8;1892
1;2025-11-18;9;1470
1;2025-11-18;10;1321
1;2025-11-18;11;1350
1;2025-11-18;12;1366
1;2025-11-18;13;1408
1;2025-11-18;14;1344
1;2025-11-18;15;1492
1;2025-11-18;16;1500
1;2025-11-18;17;1741
1;2025-11-18;18;1763
1;2025-11-18;19;1364
1;2025-11-18;20;885
1;2025-11-18;21;486
1;2025-11-18;22;235
1;2025-11-18;23;49
1;2025-11-19;0;5
1;2025-11-19;1;0
1;2025-11-19;2;0
1;2025-11-19;3;0
1;2025-11-19;4;8
1;2025-11-19;5;131
1;2025-11-19;6;536
1;2025-11-19;7;1469
1;2025-11-19;8;1878
1;2025-11-19;9;1442
1;2025-11-19;10;1287
1;2025-11-19;11;1327
1;2025-11-19;12;1358
1;2025-11-19;13;1407
1;2025-11-19;14;1344
1;2025-11-19;15;1504
1;2025-11-19;16;1496
1;2025-11-19;17;1742
1;2025-11-19;18;1751
1;2025-11-19;19;1338
1;2025-11-19;20;868
1;2025-11-19;21;483
1;2025-11-19;22;238
1;2025-11-19;23;49
1;2025-11-20;0;5
1;2025-11-20;1;0
1;2025-11-20;2;0
1;2025-11-20;3;0
1;2025-11-20;4;7
1;2025-11-20;5;126
1;2025-11-20;6;525
1;2025-11-20;7;1463
1;2025-11-20;8;1857
1;2025-11-20;9;1440
1;2025-11-20;10;1301
1;2025-11-20;11;1334
1;2025-11-20;12;1365
1;2025-11-20;13;1402
1;2025-11-20;14;1356
1;2025-11-20;15;1503
1;2025-11-20;16;1502
1;2025-11-20;17;1730
1;2025-11-20;18;1737
1;2025-11-20;19;1324
1;2025-11-20;20;864
1;2025-11-20;21;487
1;2025-11-20;22;234
1;2025-11-20;23;54
1;2025-11-21;0;5
1;2025-11-21;1;0
1;2025-11-21;2;0
1;2025-11-21;3;0
1;2025-11-21;4;7
1;2025-11-21;5;130
1;2025-11-21;6;519
1;2025-11-21;7;1464
1;2025-11-21;8;1824
1;2025-11-21;9;1416
1;2025-11-21;10;1284
1;2025-11-21;11;1352
1;2025-11-21;12;1356
1;2025-11-21;13;1409
1;2025-11-21;14;1347
1;2025-11-21;15;1502
1;2025-11-21;16;1534
1;2025-11-21;17;1711
1;2025-11-21;18;1629
1;2025-11-21;19;1243
1;2025-11-21;20;829
1;2025-11-21;21;489
1;2025-11-21;22;237
1;2025-11-21;23;55
1;2025-11-22;0;8
1;2025-11-22;1;0
1;2025-11-22;2;0
1;2025-11-22;3;0
1;2025-11-22;4;0
1;2025-11-22;5;32
1;2025-11-22;6;174
1;2025-11-22;7;350
1;2025-11-22;8;475
1;2025-11-22;9;752
1;2025-11-22;10;862
1;2025-11-22;11;810
1;2025-11-22;12;1016
1;2025-11-22;13;1042
1;2025-11-22;14;975
1;2025-11-22;15;854
1;2025-11-22;16;780
1;2025-11-22;17;720
1;2025-11-22;18;648
1;2025-11-22;19;587
1;2025-11-22;20;432
1;2025-11-22;21;313
1;2025-11-22;22;143
1;2025-11-22;23;37
1;2025-11-23;0;2
1;2025-11-23;1;0
1;2025-11-23;2;0
1;2025-11-23;3;0
1;2025-11-23;4;0
1;2025-11-23;5;25
1;2025-11-23;6;128
1;2025-11-23;7;246
1;2025-11-23;8;350
1;2025-11-23;9;576
1;2025-11-23;10;668
1;2025-11-23;11;660
1;2025-11-23;12;813
1;2025-11-23;13;855
1;2025-11-23;14;764
1;2025-11-23;15;700
1;2025-11-23;16;636
1;2025-11-23;17;584
1;2025-11-23;18;535
1;2025-11-23;19;452
1;2025-11-23;20;339
1;2025-11-23;21;258
1;2025-11-23;22;105
1;2025-11-23;23;34
1;2025-11-24;0;2
1;2025-11-24;1;0
1;2025-11-24;2;0
1;2025-11-24;3;0
1;2025-11-24;4;8
1;2025-11-24;5;130
1;2025-11-24;6;537
1;2025-11-24;7;1476
1;2025-11-24;8;1866
1;2025-11-24;9;1420
1;2025-11-24;10;1258
1;2025-11-24;11;1306
1;2025-11-24;12;1350
1;2025-11-24;13;1370
1;2025-11-24;14;1323
1;2025-11-24;15;1494
1;2025-11-24;16;1514
1;2025-11-24;17;1747
1;2025-11-24;18;1788
1;2025-11-24;19;1363
1;2025-11-24;20;866
1;2025-11-24;21;475
1;2025-11-24;22;223
1;2025-11-24;23;47
1;2025-11-25;0;4
1;2025-11-25;1;0
1;2025-11-25;2;0
1;2025-11-25;3;1
1;2025-11-25;4;8
1;2025-11-25;5;131
1;2025-11-25;6;543
1;2025-11-25;7;1517
1;2025-11-25;8;1891
1;2025-11-25;9;1469
1;2025-11-25;10;1321
1;2025-11-25;11;1350
1;2025-11-25;12;1365
1;2025-11-25;13;1407
1;2025-11-25;14;1343
1;2025-11-25;15;1491
1;2025-11-25;16;1500
1;2025-11-25;17;1740
1;2025-11-25;18;1762
1;2025-11-25;19;1364
1;2025-11-25;20;885
1;2025-11-25;21;485
1;2025-11-25;22;235
1;2025-11-25;23;49
1;2025-11-26;0;5
1;2025-11-26;1;0
1;2025-11-26;2;0
1;2025-11-26;3;0
1;2025-11-26;4;8
1;2025-11-26;5;131
1;2025-11-26;6;536
1;2025-11-26;7;1468
1;2025-11-26;8;1877
1;2025-11-26;9;1441
1;2025-11-26;10;1287
1;2025-11-26;11;1326
1;2025-11-26;12;1357
1;2025-11-26;13;1407
1;2025-11-26;14;1343
1;2025-11-26;15;1503
1;2025-11-26;16;1495
1;2025-11-26;17;1741
1;2025-11-26;18;1750
1;2025-11-26;19;1337
1;2025-11-26;20;867
1;2025-11-26;21;482
1;2025-11-26;22;237
1;2025-11-26;23;49
1;2025-11-27;0;5
1;2025-11-27;1;0
1;2025-11-27;2;0
1;2025-11-27;3;0
1;2025-11-27;4;7
1;2025-11-27;5;126
1;2025-11-27;6;525
1;2025-11-27;7;1462
1;2025-11-27;8;1856
1;2025-11-27;9;1439
1;2025-11-27;10;1300
1;2025-11-27;11;1333
1;2025-11-27;12;1364
1;2025-11-27;13;1401
1;2025-11-27;14;1355
1;2025-11-27;15;1502
1;2025-11-27;16;1502
1;2025-11-27;17;1729
1;2025-11-27;18;1736
1;2025-11-27;19;1323
1;2025-11-27;20;864
1;2025-11-27;21;487
1;2025-11-27;22;234
1;2025-11-27;23;54
1;2025-11-28;0;5
1;2025-11-28;1;0
1;2025-11-28;2;0
1;2025-11-28;3;0
1;2025-11-28;4;7
1;2025-11-28;5;130
1;2025-11-28;6;519
1;2025-11-28;7;1463
1;2025-11-28;8;1823
1;2025-11-28;9;1415
1;2025-11-28;10;1283
1;2025-11-28;11;1351
1;2025-11-28;12;1356
1;2025-11-28;13;1408
1;2025-11-28;14;1346
1;2025-11-28;15;1501
1;2025-11-28;16;1533
1;2025-11-28;17;1710
1;2025-11-28;18;1628
1;2025-11-28;19;1243
1;2025-11-28;20;828
1;2025-11-28;21;489
1;2025-11-28;22;237
1;2025-11-28;23;55
1;2025-11-29;0;8
1;2025-11-29;1;0
1;2025-11-29;2;0
1;2025-11-29;3;0
1;2025-11-29;4;0
1;2025-11-29;5;32
1;2025-11-29;6;174
1;2025-11-29;7;348
1;2025-11-29;8;473
1;2025-11-29;9;749
1;2025-11-29;10;859
1;2025-11-29;11;807
1;2025-11-29;12;1012
1;2025-11-29;13;1038
1;2025-11-29;14;972
1;2025-11-29;15;851
1;2025-11-29;16;777
1;2025-11-29;17;717
1;2025-11-29;18;646
1;2025-11-29;19;585
1;2025-11-29;20;431
1;2025-11-29;21;312
1;2025-11-29;22;143
1;2025-11-29;23;37
1;2025-11-30;0;2
1;2025-11-30;1;0
1;2025-11-30;2;0
1;2025-11-30;3;0
1;2025-11-30;4;0
1;2025-11-30;5;25
1;2025-11-30;6;128
1;2025-11-30;7;246
1;2025-11-30;8;350
1;2025-11-30;9;576
1;2025-11-30;10;668
1;2025-11-30;11;660
1;2025-11-30;12;813
1;2025-11-30;13;855
1;2025-11-30;14;764
1;2025-11-30;15;700
1;2025-11-30;16;636
1;2025-11-30;17;584
1;2025-11-30;18;535
1;2025-11-30;19;452
1;2025-11-30;20;339
1;2025-11-30;21;258
1;2025-11-30;22;105
1;2025-11-30;23;34
1;2025-12-01;0;2
1;2025-12-01;1;0
1;2025-12-01;2;0
1;2025-12-01;3;0
1;2025-12-01;4;8
1;2025-12-01;5;130
1;2025-12-01;6;537
1;2025-12-01;7;1475
1;2025-12-01;8;1865
1;2025-12-01;9;1419
1;2025-12-01;10;1257
1;2025-12-01;11;1305
1;2025-12-01;12;1349
1;2025-12-01;13;1369
1;2025-12-01;14;1323
1;2025-12-01;15;1494
1;2025-12-01;16;1513
1;2025-12-01;17;1746
1;2025-12-01;18;1787
1;2025-12-01;19;1362
1;2025-12-01;20;866
1;2025-12-01;21;475
1;2025-12-01;22;223
1;2025-12-01;23;47
1;2025-12-02;0;4
1;2025-12-02;1;0
1;2025-12-02;2;0
1;2025-12-02;3;1
1;2025-12-02;4;8
1;2025-12-02;5;131
1;2025-12-02;6;542
1;2025-12-02;7;1516
1;2025-12-02;8;1890
1;2025-12-02;9;1468
1;2025-12-02;10;1320
1;2025-12-02;11;1349
1;2025-12-02;12;1364
1;2025-12-02;13;1406
1;2025-12-02;14;1342
1;2025-12-02;15;1490
1;2025-12-02;16;1499
1;2025-12-02;17;1739
1;2025-12-02;18;1761
1;2025-12-02;19;1363
1;2025-12-02;20;884
1;2025-12-02;21;485
1;2025-12-02;22;235
1;2025-12-02;23;49
1;2025-12-03;0;5
1;2025-12-03;1;0
1;2025-12-03;2;0
1;2025-12-03;3;0
1;2025-12-03;4;8
1;2025-12-03;5;131
1;2025-12-03;6;536
1;2025-12-03;7;1468
1;2025-12-03;8;1876
1;2025-12-03;9;1441
1;2025-12-03;10;1286
1;2025-12-03;11;1326
1;2025-12-03;12;1357
1;2025-12-03;13;1406
1;2025-12-03;14;1342
1;2025-12-03;15;1502
1;2025-12-03;16;1494
1;2025-12-03;17;1740
1;2025-12-03;18;1749
1;2025-12-03;19;1337
1;2025-12-03;20;867
1;2025-12-03;21;482
1;2025-12-03;22;237
1;2025-12-03;23;49
1;2025-12-04;0;5
1;2025-12-04;1;0
1;2025-12-04;2;0
1;2025-12-04;3;0
1;2025-12-04;4;7
1;2025-12-04;5;126
1;2025-12-04;6;524
1;2025-12-04;7;1461
1;2025-12-04;8;1855
1;2025-12-04;9;1439
1;2025-12-04;10;1300
1;2025-12-04;11;1332
1;2025-12-04;12;1363
1;2025-12-04;13;1400
1;2025-12-04;14;1354
1;2025-12-04;15;1501
1;2025-12-04;16;1501
1;2025-12-04;17;1728
1;2025-12-04;18;1735
1;2025-12-04;19;1322
1;2025-12-04;20;863
1;2025-12-04;21;487
1;2025-12-04;22;234
1;2025-12-04;23;54
1;2025-12-05;0;5
1;2025-12-05;1;0
1;2025-12-05;2;0
1;2025-12-05;3;0
1;2025-12-05;4;7
1;2025-12-05;5;130
1;2025-12-05;6;518
1;2025-12-05;7;1463
1;2025-12-05;8;1822
1;2025-12-05;9;1414
1;2025-12-05;10;1282
1;2025-12-05;11;1351
1;2025-12-05;12;1355
1;2025-12-05;13;1407
1;2025-12-05;14;1345
1;2025-12-05;15;1500
1;2025-12-05;16;1532
1;2025-12-05;17;1709
1;2025-12-05;18;1627
1;2025-12-05;19;1242
1;2025-12-05;20;828
1;2025-12-05;21;489
1;2025-12-05;22;237
1;2025-12-05;23;55
1;2025-12-06;0;8
1;2025-12-06;1;0
1;2025-12-06;2;0
1;2025-12-06;3;0
1;2025-12-06;4;0
1;2025-12-06;5;32
1;2025-12-06;6;173
1;2025-12-06;7;347
1;2025-12-06;8;471
1;2025-12-06;9;746
1;2025-12-06;10;856
1;2025-12-06;11;804
1;2025-12-06;12;1009
1;2025-12-06;13;1034
1;2025-12-06;14;968
1;2025-12-06;15;848
1;2025-12-06;16;774
1;2025-12-06;17;715
1;2025-12-06;18;644
1;2025-12-06;19;583
1;2025-12-06;20;429
1;2025-12-06;21;311
1;2025-12-06;22;142
1;2025-12-06;23;37
1;2025-12-07;0;2
1;2025-12-07;1;0
1;2025-12-07;2;0
1;2025-12-07;3;0
1;2025-12-07;4;0
1;2025-12-07;5;25
1;2025-12-07;6;128
1;2025-12-07;7;246
1;2025-12-07;8;350
1;2025-12-07;9;576
1;2025-12-07;10;668
1;2025-12-07;11;660
1;2025-12-07;12;813
1;2025-12-07;13;855
1;2025-12-07;14;764
1;2025-12-07;15;699
1;2025-12-07;16;636
1;2025-12-07;17;584
1;2025-12-07;18;535
1;2025-12-07;19;452
1;2025-12-07;20;339
1;2025-12-07;21;258
1;2025-12-07;22;105
1;2025-12-07;23;34
1;2025-12-08;0;2
1;2025-12-08;1;0
1;2025-12-08;2;0
1;2025-12-08;3;0
1;2025-12-08;4;8
1;2025-12-08;5;129
1;2025-12-08;6;536
1;2025-12-08;7;1474
1;2025-12-08;8;1864
1;2025-12-08;9;1418
1;2025-12-08;10;1257
1;2025-12-08;11;1304
1;2025-12-08;12;1348
1;2025-12-08;13;1368
1;2025-12-08;14;1322
1;2025-12-08;15;1493
1;2025-12-08;16;1512
1;2025-12-08;17;1745
1;2025-12-08;18;1786
1;2025-12-08;19;1362
1;2025-12-08;20;866
1;2025-12-08;21;475
1;2025-12-08;22;223
1;2025-12-08;23;47
1;2025-12-09;0;4
1;2025-12-09;1;0
1;2025-12-09;2;0
1;2025-12-09;3;1
1;2025-12-09;4;8
1;2025-12-09;5;131
1;2025-12-09;6;542
1;2025-12-09;7;1515
1;2025-12-09;8;1889
1;2025-12-09;9;1467
1;2025-12-09;10;1319
1;2025-12-09;11;1348
1;2025-12-09;12;1363
1;2025-12-09;13;1406
1;2025-12-09;14;1341
1;2025-12-09;15;1489
1;2025-12-09;16;1498
1;2025-12-09;17;1738
1;2025-12-09;18;1761
1;2025-12-09;19;1362
1;2025-12-09;20;884
1;2025-12-09;21;485
1;2025-12-09;22;235
1;2025-12-09;23;49
1;2025-12-10;0;5
1;2025-12-10;1;0
1;2025-12-10;2;0
1;2025-12-10;3;0
1;2025-12-10;4;8
1;2025-12-10;5;131
1;2025-12-10;6;535
1;2025-12-10;7;1467
1;2025-12-10;8;1875
1;2025-12-10;9;1440
1;2025-12-10;10;1285
1;2025-12-10;11;1325
1;2025-12-10;12;1356
1;2025-12-10;13;1405
1;2025-12-10;14;1342
1;2025-12-10;15;1501
1;2025-12-10;16;1494
1;2025-12-10;17;1739
1;2025-12-10;18;1748
1;2025-12-10;19;1336
1;2025-12-10;20;866
1;2025-12-10;21;482
1;2025-12-10;22;237
1;2025-12-10;23;49
1;2025-12-11;0;5
1;2025-12-11;1;0
1;2025-12-11;2;0
1;2025-12-11;3;0
1;2025-12-11;4;7
1;2025-12-11;5;126
1;2025-12-11;6;524
1;2025-12-11;7;1461
1;2025-12-11;8;1854
1;2025-12-11;9;1438
1;2025-12-11;10;1299
1;2025-12-11;11;1332
1;2025-12-11;12;1363
1;2025-12-11;13;1400
1;2025-12-11;14;1353
1;2025-12-11;15;1500
1;2025-12-11;16;1500
1;2025-12-11;17;1727
1;2025-12-11;18;1734
1;2025-12-11;19;1322
1;2025-12-11;20;863
1;2025-12-11;21;487
1;2025-12-11;22;234
1;2025-12-11;23;54
1;2025-12-12;0;5
1;2025-12-12;1;0
1;2025-12-12;2;0
1;2025-12-12;3;0
1;2025-12-12;4;7
1;2025-12-12;5;130
1;2025-12-12;6;518
1;2025-12-12;7;1462
1;2025-12-12;8;1822
1;2025-12-12;9;1413
1;2025-12-12;10;1282
1;2025-12-12;11;1350
1;2025-12-12;12;1354
1;2025-12-12;13;1407
1;2025-12-12;14;1344
1;2025-12-12;15;1499
1;2025-12-12;16;1531
1;2025-12-12;17;1708
1;2025-12-12;18;1626
1;2025-12-12;19;1241
1;2025-12-12;20;828
1;2025-12-12;21;488
1;2025-12-12;22;237
1;2025-12-12;23;55
1;2025-12-13;0;8
1;2025-12-13;1;0
1;2025-12-13;2;0
1;2025-12-13;3;0
1;2025-12-13;4;0
1;2025-12-13;5;32
1;2025-12-13;6;172
1;2025-12-13;7;346
1;2025-12-13;8;470
1;2025-12-13;9;744
1;2025-12-13;10;854
1;2025-12-13;11;801
1;2025-12-13;12;1006
1;2025-12-13;13;1031
1;2025-12-13;14;965
1;2025-12-13;15;845
1;2025-12-13;16;772
1;2025-12-13;17;712
1;2025-12-13;18;642
1;2025-12-13;19;581
1;2025-12-13;20;428
1;2025-12-13;21;310
1;2025-12-13;22;142
1;2025-12-13;23;37
1;2025-12-14;0;2
1;2025-12-14;1;0
1;2025-12-14;2;0
1;2025-12-14;3;0
1;2025-12-14;4;0
1;2025-12-14;5;25
1;2025-12-14;6;128
1;2025-12-14;7;246
1;2025-12-14;8;350
1;2025-12-14;9;576
1;2025-12-14;10;668
1;2025-12-14;11;660
1;2025-12-14;12;813
1;2025-12-14;13;855
1;2025-12-14;14;763
1;2025-12-14;15;699
1;2025-12-14;16;636
1;2025-12-14;17;584
1;2025-12-14;18;535
1;2025-12-14;19;451
1;2025-12-14;20;339
1;2025-12-14;21;258
1;2025-12-14;22;105
1;2025-12-14;23;34
1;2025-12-15;0;2
1;2025-12-15;1;0
1;2025-12-15;2;0
1;2025-12-15;3;0
1;2025-12-15;4;8
1;2025-12-15;5;129
1;2025-12-15;6;536
1;2025-12-15;7;1473
1;2025-12-15;8;1863
1;2025-12-15;9;1418
1;2025-12-15;10;1256
1;2025-12-15;11;1304
1;2025-12-15;12;1348
1;2025-12-15;13;1367
1;2025-12-15;14;1321
1;2025-12-15;15;1492
1;2025-12-15;16;1512
1;2025-12-15;17;1744
1;2025-12-15;18;1785
1;2025-12-15;19;1361
1;2025-12-15;20;865
1;2025-12-15;21;474
1;2025-12-15;22;223
1;2025-12-15;23;47
1;2025-12-16;0;4
1;2025-12-16;1;0
1;2025-12-16;2;0
1;2025-12-16;3;1
1;2025-12-16;4;8
1;2025-12-16;5;131
1;2025-12-16;6;542
1;2025-12-16;7;1514
1;2025-12-16;8;1888
1;2025-12-16;9;1467
1;2025-12-16;10;1319
1;2025-12-16;11;1348
1;2025-12-16;12;1363
1;2025-12-16;13;1405
1;2025-12-16;14;1341
1;2025-12-16;15;1488
1;2025-12-16;16;1497
1;2025-12-16;17;1737
1;2025-12-16;18;1760
1;2025-12-16;19;1362
1;2025-12-16;20;883
1;2025-12-16;21;485
1;2025-12-16;22;235
1;2025-12-16;23;49
1;2025-12-17;0;4
1;2025-12-17;1;0
1;2025-12-17;2;0
1;2025-12-17;3;0
1;2025-12-17;4;8
1;2025-12-17;5;131
1;2025-12-17;6;535
1;2025-12-17;7;1466
1;2025-12-17;8;1875
1;2025-12-17;9;1439
1;2025-12-17;10;1285
1;2025-12-17;11;1324
1;2025-12-17;12;1355
1;2025-12-17;13;1405
1;2025-12-17;14;1341
1;2025-12-17;15;1500
1;2025-12-17;16;1493
1;2025-12-17;17;1738
1;2025-12-17;18;1748
1;2025-12-17;19;1335
1;2025-12-17;20;866
1;2025-12-17;21;482
1;2025-12-17;22;237
1;2025-12-17;23;49
1;2025-12-18;0;5
1;2025-12-18;1;0
1;2025-12-18;2;0
1;2025-12-18;3;0
1;2025-12-18;4;7
1;2025-12-18;5;126
1;2025-12-18;6;524
1;2025-12-18;7;1460
1;2025-12-18;8;1854
1;2025-12-18;9;1437
1;2025-12-18;10;1298
1;2025-12-18;11;1331
1;2025-12-18;12;1362
1;2025-12-18;13;1399
1;2025-12-18;14;1353
1;2025-12-18;15;1500
1;2025-12-18;16;1499
1;2025-12-18;17;1726
1;2025-12-18;18;1733
1;2025-12-18;19;1321
1;2025-12-18;20;863
1;2025-12-18;21;486
1;2025-12-18;22;234
1;2025-12-18;23;54
1;2025-12-19;0;5
1;2025-12-19;1;0
1;2025-12-19;2;0
1;2025-12-19;3;0
1;2025-12-19;4;7
1;2025-12-19;5;130
1;2025-12-19;6;518
1;2025-12-19;7;1461
1;2025-12-19;8;1821
1;2025-12-19;9;1413
1;2025-12-19;10;1281
1;2025-12-19;11;1349
1;2025-12-19;12;1354
1;2025-12-19;13;1406
1;2025-12-19;14;1344
1;2025-12-19;15;1498
1;2025-12-19;16;1531
1;2025-12-19;17;1708
1;2025-12-19;18;1626
1;2025-12-19;19;1241
1;2025-12-19;20;827
1;2025-12-19;21;488
1;2025-12-19;22;237
1;2025-12-19;23;55
1;2025-12-20;0;8
1;2025-12-20;1;0
1;2025-12-20;2;0
1;2025-12-20;3;0
1;2025-12-20;4;0
1;2025-12-20;5;32
1;2025-12-20;6;172
1;2025-12-20;7;345
1;2025-12-20;8;468
1;2025-12-20;9;742
1;2025-12-20;10;851
1;2025-12-20;11;799
1;2025-12-20;12;1003
1;2025-12-20;13;1028
1;2025-12-20;14;963
1;2025-12-20;15;843
1;2025-12-20;16;769
1;2025-12-20;17;710
1;2025-12-20;18;640
1;2025-12-20;19;580
1;2025-12-20;20;427
1;2025-12-20;21;309
1;2025-12-20;22;141
1;2025-12-20;23;36
1;2025-12-21;0;2
1;2025-12-21;1;0
1;2025-12-21;2;0
1;2025-12-21;3;0
1;2025-12-21;4;0
1;2025-12-21;5;25
1;2025-12-21;6;128
1;2025-12-21;7;246
1;2025-12-21;8;350
1;2025-12-21;9;576
1;2025-12-21;10;668
1;2025-12-21;11;660
1;2025-12-21;12;812
1;2025-12-21;13;855
1;2025-12-21;14;763
1;2025-12-21;15;699
1;2025-12-21;16;636
1;2025-12-21;17;584
1;2025-12-21;18;535
1;2025-12-21;19;451
1;2025-12-21;20;338
1;2025-12-21;21;258
1;2025-12-21;22;105
1;2025-12-21;23;34
1;2025-12-22;0;2
1;2025-12-22;1;0
1;2025-12-22;2;0
1;2025-12-22;3;0
1;2025-12-22;4;8
1;2025-12-22;5;129
1;2025-12-22;6;536
1;2025-12-22;7;1473
1;2025-12-22;8;1862
1;2025-12-22;9;1417
1;2025-12-22;10;1255
1;2025-12-22;11;1303
1;2025-12-22;12;1347
1;2025-12-22;13;1367
1;2025-12-22;14;1321
1;2025-12-22;15;1491
1;2025-12-22;16;1511
1;2025-12-22;17;1743
1;2025-12-22;18;1784
1;2025-12-22;19;1360
1;2025-12-22;20;865
1;2025-12-22;21;474
1;2025-12-22;22;223
1;2025-12-22;23;47
1;2025-12-23;0;4
1;2025-12-23;1;0
1;2025-12-23;2;0
1;2025-12-23;3;1
1;2025-12-23;4;8
1;2025-12-23;5;131
1;2025-12-23;6;542
1;2025-12-23;7;1514
1;2025-12-23;8;1887
1;2025-12-23;9;1466
1;2025-12-23;10;1318
1;2025-12-23;11;1347
1;2025-12-23;12;1362
1;2025-12-23;13;1404
1;2025-12-23;14;1340
1;2025-12-23;15;1488
1;2025-12-23;16;1497
1;2025-12-23;17;1737
1;2025-12-23;18;1759
1;2025-12-23;19;1361
1;2025-12-23;20;883
1;2025-12-23;21;484
1;2025-12-23;22;235
1;2025-12-23;23;49
1;2025-12-24;0;4
1;2025-12-24;1;0
1;2025-12-24;2;0
1;2025-12-24;3;0
1;2025-12-24;4;8
1;2025-12-24;5;131
1;2025-12-24;6;535
1;2025-12-24;7;1465
1;2025-12-24;8;1874
1;2025-12-24;9;1439
1;2025-12-24;10;1284
1;2025-12-24;11;1324
1;2025-12-24;12;1355
1;2025-12-24;13;1404
1;2025-12-24;14;1340
1;2025-12-24;15;1500
1;2025-12-24;16;1492
1;2025-12-24;17;1737
1;2025-12-24;18;1747
1;2025-12-24;19;1335
1;2025-12-24;20;866
1;2025-12-24;21;481
1;2025-12-24;22;237
1;2025-12-24;23;49
1;2025-12-25;0;5
1;2025-12-25;1;0
1;2025-12-25;2;0
1;2025-12-25;3;0
1;2025-12-25;4;7
1;2025-12-25;5;126
1;2025-12-25;6;524
1;2025-12-25;7;1459
1;2025-12-25;8;1853
1;2025-12-25;9;1437
1;2025-12-25;10;1298
1;2025-12-25;11;1331
1;2025-12-25;12;1361
1;2025-12-25;13;1398
1;2025-12-25;14;1352
1;2025-12-25;15;1499
1;2025-12-25;16;1499
1;2025-12-25;17;1726
1;2025-12-25;18;1732
1;2025-12-25;19;1321
1;2025-12-25;20;862
1;2025-12-25;21;486
1;2025-12-25;22;233
1;2025-12-25;23;54
1;2025-12-26;0;5
1;2025-12-26;1;0
1;2025-12-26;2;0
1;2025-12-26;3;0
1;2025-12-26;4;7
1;2025-12-26;5;130
1;2025-12-26;6;518
1;2025-12-26;7;1461
1;2025-12-26;8;1820
1;2025-12-26;9;1412
1;2025-12-26;10;1281
1;2025-12-26;11;1349
1;2025-12-26;12;1353
1;2025-12-26;13;1405
1;2025-12-26;14;1343
1;2025-12-26;15;1498
1;2025-12-26;16;1530
1;2025-12-26;17;1707
1;2025-12-26;18;1625
1;2025-12-26;19;1240
1;2025-12-26;20;827
1;2025-12-26;21;488
1;2025-12-26;22;237
1;2025-12-26;23;55
1;2025-12-27;0;8
1;2025-12-27;1;0
1;2025-12-27;2;0
1;2025-12-27;3;0
1;2025-12-27;4;0
1;2025-12-27;5;32
1;2025-12-27;6;172
1;2025-12-27;7;344
1;2025-12-27;8;467
1;2025-12-27;9;740
1;2025-12-27;10;849
1;2025-12-27;11;797
1;2025-12-27;12;1000
1;2025-12-27;13;1025
1;2025-12-27;14;960
1;2025-12-27;15;841
1;2025-12-27;16;767
1;2025-12-27;17;708
1;2025-12-27;18;638
1;2025-12-27;19;578
1;2025-12-27;20;425
1;2025-12-27;21;308
1;2025-12-27;22;141
1;2025-12-27;23;36
1;2025-12-28;0;2
1;2025-12-28;1;0
1;2025-12-28;2;0
1;2025-12-28;3;0
1;2025-12-28;4;0
1;2025-12-28;5;25
1;2025-12-28;6;128
1;2025-12-28;7;246
1;2025-12-28;8;350
1;2025-12-28;9;576
1;2025-12-28;10;668
1;2025-12-28;11;660
1;2025-12-28;12;812
1;2025-12-28;13;855
1;2025-12-28;14;763
1;2025-12-28;15;699
1;2025-12-28;16;636
1;2025-12-28;17;584
1;2025-12-28;18;535
1;2025-12-28;19;451
1;2025-12-28;20;338
1;2025-12-28;21;257
1;2025-12-28;22;105
1;2025-12-28;23;34
1;2025-12-29;0;2
1;2025-12-29;1;0
1;2025-12-29;2;0
1;2025-12-29;3;0
1;2025-12-29;4;8
1;2025-12-29;5;129
1;2025-12-29;6;536
1;2025-12-29;7;1472
1;2025-12-29;8;1861
1;2025-12-29;9;1416
1;2025-12-29;10;1255
1;2025-12-29;11;1303
1;2025-12-29;12;1346
1;2025-12-29;13;1366
1;2025-12-29;14;1320
1;2025-12-29;15;1491
1;2025-12-29;16;1510
1;2025-12-29;17;1742
1;2025-12-29;18;1783
1;2025-12-29;19;1360
1;2025-12-29;20;864
1;2025-12-29;21;474
1;2025-12-29;22;222
1;2025-12-29;23;47
1;2025-12-30;0;4
1;2025-12-30;1;0
1;2025-12-30;2;0
1;2025-12-30;3;1
1;2025-12-30;4;8
1;2025-12-30;5;131
1;2025-12-30;6;541
1;2025-12-30;7;1513
1;2025-12-30;8;1886
1;2025-12-30;9;1465
1;2025-12-30;10;1317
1;2025-12-30;11;1346
1;2025-12-30;12;1362
1;2025-12-30;13;1404
1;2025-12-30;14;1340
1;2025-12-30;15;1487
1;2025-12-30;16;1496
1;2025-12-30;17;1736
1;2025-12-30;18;1758
1;2025-12-30;19;1360
1;2025-12-30;20;882
1;2025-12-30;21;484
1;2025-12-30;22;235
1;2025-12-30;23;48
1;2025-12-31;0;2
1;2025-12-31;1;0
1;2025-12-31;2;0
1;2025-12-31;3;0
1;2025-12-31;4;0
1;2025-12-31;5;25
1;2025-12-31;6;125
1;2025-12-31;7;241
1;2025-12-31;8;341
1;2025-12-31;9;558
1;2025-12-31;10;646
1;2025-12-31;11;627
1;2025-12-31;12;781
1;2025-12-31;13;829
1;2025-12-31;14;742
1;2025-12-31;15;687
1;2025-12-31;16;626
1;2025-12-31;17;574
1;2025-12-31;18;521
1;2025-12-31;19;443
1;2025-12-31;20;331
1;2025-12-31;21;256
1;2025-12-31;22;105
1;2025-12-31;23;34
5;2025-11-01;0;0
5;2025-11-01;1;0
5;2025-11-01;2;0
5;2025-11-01;3;0
5;2025-11-01;4;0
5;2025-11-01;5;0
5;2025-11-01;6;0
5;2025-11-01;7;0
5;2025-11-01;8;0
5;2025-11-01;9;0
5;2025-11-01;10;0
5;2025-11-01;11;0
5;2025-11-01;12;0
5;2025-11-01;13;0
5;2025-11-01;14;0
5;2025-11-01;15;0
5;2025-11-01;16;0
5;2025-11-01;17;0
5;2025-11-01;18;0
5;2025-11-01;19;0
5;2025-11-01;20;0
5;2025-11-01;21;0
5;2025-11-01;22;0
5;2025-11-01;23;0
5;2025-11-02;0;0
5;2025-11-02;1;0
5;2025-11-02;2;0
5;2025-11-02;3;0
5;2025-11-02;4;0
5;2025-11-02;5;0
5;2025-11-02;6;0
5;2025-11-02;7;0
5;2025-11-02;8;0
5;2025-11-02;9;0
5;2025-11-02;10;0
5;2025-11-02;11;0
5;2025-11-02;12;0
5;2025-11-02;13;0
5;2025-11-02;14;0
5;2025-11-02;15;0
5;2025-11-02;16;0
5;2025-11-02;17;0
5;2025-11-02;18;0
5;2025-11-02;19;0
5;2025-11-02;20;0
5;2025-11-02;21;0
5;2025-11-02;22;0
5;2025-11-02;23;0
5;2025-11-03;0;0
5;2025-11-03;1;0
5;2025-11-03;2;0
5;2025-11-03;3;0
5;2025-11-03;4;0
5;2025-11-03;5;0
5;2025-11-03;6;0
5;2025-11-03;7;0
5;2025-11-03;8;0
5;2025-11-03;9;0
5;2025-11-03;10;0
5;2025-11-03;11;0
5;2025-11-03;12;0
5;2025-11-03;13;0
5;2025-11-03;14;0
5;2025-11-03;15;0
5;2025-11-03;16;0
5;2025-11-03;17;0
5;2025-11-03;18;0
5;2025-11-03;19;0
5;2025-11-03;20;0
5;2025-11-03;21;0
5;2025-11-03;22;0
5;2025-11-03;23;0
5;2025-11-04;0;0
5;2025-11-04;1;0
5;2025-11-04;2;0
5;2025-11-04;3;0
5;2025-11-04;4;0
5;2025-11-04;5;0
5;2025-11-04;6;0
5;2025-11-04;7;0
5;2025-11-04;8;0
5;2025-11-04;9;0
5;2025-11-04;10;0
5;2025-11-04;11;0
5;2025-11-04;12;0
5;2025-11-04;13;0
5;2025-11-04;14;0
5;2025-11-04;15;0
5;2025-11-04;16;0
5;2025-11-04;17;0
5;2025-11-04;18;0
5;2025-11-04;19;0
5;2025-11-04;20;0
5;2025-11-04;21;0
5;2025-11-04;22;0
5;2025-11-04;23;0
5;2025-11-05;0;0
5;2025-11-05;1;0
5;2025-11-05;2;0
5;2025-11-05;3;0
5;2025-11-05;4;0
5;2025-11-05;5;0
5;2025-11-05;6;0
5;2025-11-05;7;0
5;2025-11-05;8;0
5;2025-11-05;9;0
5;2025-11-05;10;0
5;2025-11-05;11;0
5;2025-11-05;12;0
5;2025-11-05;13;0
5;2025-11-05;14;0
5;2025-11-05;15;0
5;2025-11-05;16;0
5;2025-11-05;17;0
5;2025-11-05;18;0
5;2025-11-05;19;0
5;2025-11-05;20;0
5;2025-11-05;21;0
5;2025-11-05;22;0
5;2025-11-05;23;0
5;2025-11-06;0;0
5;2025-11-06;1;0
5;2025-11-06;2;0
5;2025-11-06;3;0
5;2025-11-06;4;0
5;2025-11-06;5;0
5;2025-11-06;6;0
5;2025-11-06;7;0
5;2025-11-06;8;0
5;2025-11-06;9;0
5;2025-11-06;10;0
5;2025-11-06;11;0
5;2025-11-06;12;0
5;2025-11-06;13;0
5;2025-11-06;14;0
5;2025-11-06;15;0
5;2025-11-06;16;0
5;2025-11-06;17;0
5;2025-11-06;18;0
5;2025-11-06;19;0
5;2025-11-06;20;0
5;2025-11-06;21;0
5;2025-11-06;22;0
5;2025-11-06;23;0
5;2025-11-07;0;0
5;2025-11-07;1;0
5;2025-11-07;2;0
5;2025-11-07;3;0
5;2025-11-07;4;0
5;2025-11-07;5;0
5;2025-11-07;6;0
5;2025-11-07;7;0
5;2025-11-07;8;0
5;2025-11-07;9;0
5;2025-11-07;10;0
5;2025-11-07;11;0
5;2025-11-07;12;0
5;2025-11-07;13;0
5;2025-11-07;14;0
5;2025-11-07;15;0
5;2025-11-07;16;0
5;2025-11-07;17;0
5;2025-11-07;18;0
5;2025-11-07;19;0
5;2025-11-07;20;0
5;2025-11-07;21;0
5;2025-11-07;22;0
5;2025-11-07;23;0
5;2025-11-08;0;0
5;2025-11-08;1;0
5;2025-11-08;2;0
5;2025-11-08;3;0
5;2025-11-08;4;0
5;2025-11-08;5;0
5;2025-11-08;6;0
5;2025-11-08;7;0
5;2025-11-08;8;0
5;2025-11-08;9;0
5;2025-11-08;10;0
5;2025-11-08;11;0
5;2025-11-08;12;0
5;2025-11-08;13;0
5;2025-11-08;14;0
5;2025-11-08;15;0
5;2025-11-08;16;0
5;2025-11-08;17;0
5;2025-11-08;18;0
5;2025-11-08;19;0
5;2025-11-08;20;0
5;2025-11-08;21;0
5;2025-11-08;22;0
5;2025-11-08;23;0
5;2025-11-09;0;0
5;2025-11-09;1;0
5;2025-11-09;2;0
5;2025-11-09;3;0
5;2025-11-09;4;0
5;2025-11-09;5;0
5;2025-11-09;6;0
5;2025-11-09;7;0
5;2025-11-09;8;0
5;2025-11-09;9;0
5;2025-11-09;10;0
5;2025-11-09;11;0
5;2025-11-09;12;0
5;2025-11-09;13;0
5;2025-11-09;14;0
5;2025-11-09;15;0
5;2025-11-09;16;0
5;2025-11-09;17;0
5;2025-11-09;18;0
5;2025-11-09;19;0
5;2025-11-09;20;0
5;2025-11-09;21;0
5;2025-11-09;22;0
5;2025-11-09;23;0
5;2025-11-10;0;0
5;2025-11-10;1;0
5;2025-11-10;2;0
5;2025-11-10;3;0
5;2025-11-10;4;0
5;2025-11-10;5;0
5;2025-11-10;6;0
5;2025-11-10;7;0
5;2025-11-10;8;0
5;2025-11-10;9;0
5;2025-11-10;10;0
5;2025-11-10;11;0
5;2025-11-10;12;0
5;2025-11-10;13;0
5;2025-11-10;14;0
5;2025-11-10;15;0
5;2025-11-10;16;0
5;2025-11-10;17;0
5;2025-11-10;18;0
5;2025-11-10;19;0
5;2025-11-10;20;0
5;2025-11-10;21;0
5;2025-11-10;22;0
5;2025-11-10;23;0
5;2025-11-11;0;0
5;2025-11-11;1;0
5;2025-11-11;2;0
5;2025-11-11;3;0
5;2025-11-11;4;0
5;2025-11-11;5;0
5;2025-11-11;6;0
5;2025-11-11;7;0
5;2025-11-11;8;0
5;2025-11-11;9;0
5;2025-11-11;10;0
5;2025-11-11;11;0
5;2025-11-11;12;0
5;2025-11-11;13;0
5;2025-11-11;14;0
5;2025-11-11;15;0
5;2025-11-11;16;0
5;2025-11-11;17;0
5;2025-11-11;18;0
5;2025-11-11;19;0
5;2025-11-11;20;0
5;2025-11-11;21;0
5;2025-11-11;22;0
5;2025-11-11;23;0
5;2025-11-12;0;0
5;2025-11-12;1;0
5;2025-11-12;2;0
5;2025-11-12;3;0
5;2025-11-12;4;0
5;2025-11-12;5;0
5;2025-11-12;6;0
5;2025-11-12;7;0
5;2025-11-12;8;0
5;2025-11-12;9;0
5;2025-11-12;10;0
5;2025-11-12;11;0
5;2025-11-12;12;0
5;2025-11-12;13;0
5;2025-11-12;14;0
5;2025-11-12;15;0
5;2025-11-12;16;0
5;2025-11-12;17;0
5;2025-11-12;18;0
5;2025-11-12;19;0
5;2025-11-12;20;0
5;2025-11-12;21;0
5;2025-11-12;22;0
5;2025-11-12;23;0
5;2025-11-13;0;0
5;2025-11-13;1;0
5;2025-11-13;2;0
5;2025-11-13;3;0
5;2025-11-13;4;0
5;2025-11-13;5;0
5;2025-11-13;6;0
5;2025-11-13;7;0
5;2025-11-13;8;0
5;2025-11-13;9;0
5;2025-11-13;10;0
5;2025-11-13;11;0
5;2025-11-13;12;0
5;2025-11-13;13;0
5;2025-11-13;14;0
5;2025-11-13;15;0
5;2025-11-13;16;0
5;2025-11-13;17;0
5;2025-11-13;18;0
5;2025-11-13;19;0
5;2025-11-13;20;0
5;2025-11-13;21;0
5;2025-11-13;22;0
5;2025-11-13;23;0
5;2025-11-14;0;0
5;2025-11-14;1;0
5;2025-11-14;2;0
5;2025-11-14;3;0
5;2025-11-14;4;0
5;2025-11-14;5;0
5;2025-11-14;6;0
5;2025-11-14;7;0
5;2025-11-14;8;0
5;2025-11-14;9;0
5;2025-11-14;10;0
5;2025-11-14;11;0
5;2025-11-14;12;0
5;2025-11-14;13;0
5;2025-11-14;14;0
5;2025-11-14;15;0
5;2025-11-14;16;0
5;2025-11-14;17;0
5;2025-11-14;18;0
5;2025-11-14;19;0
5;2025-11-14;20;0
5;2025-11-14;21;0
5;2025-11-14;22;0
5;2025-11-14;23;0
5;2025-11-15;0;0
5;2025-11-15;1;0
5;2025-11-15;2;0
5;2025-11-15;3;0
5;2025-11-15;4;0
5;2025-11-15;5;0
5;2025-11-15;6;0
5;2025-11-15;7;0
5;2025-11-15;8;0
5;2025-11-15;9;0
5;2025-11-15;10;0
5;2025-11-15;11;0
5;2025-11-15;12;0
5;2025-11-15;13;0
5;2025-11-15;14;0
5;2025-11-15;15;0
5;2025-11-15;16;0
5;2025-11-15;17;0
5;2025-11-15;18;0
5;2025-11-15;19;0
5;2025-11-15;20;0
5;2025-11-15;21;0
5;2025-11-15;22;0
5;2025-11-15;23;0
5;2025-11-16;0;0
5;2025-11-16;1;0
5;2025-11-16;2;0
5;2025-11-16;3;0
5;2025-11-16;4;0
5;2025-11-16;5;0
5;2025-11-16;6;0
5;2025-11-16;7;0
5;2025-11-16;8;0
5;2025-11-16;9;0
5;2025-11-16;10;0
5;2025-11-16;11;0
5;2025-11-16;12;0
5;2025-11-16;13;0
5;2025-11-16;14;0
5;2025-11-16;15;0
5;2025-11-16;16;0
5;2025-11-16;17;0
5;2025-11-16;18;0
5;2025-11-16;19;0
5;2025-11-16;20;0
5;2025-11-16;21;0
5;2025-11-16;22;0
5;2025-11-16;23;0
5;2025-11-17;0;0
5;2025-11-17;1;0
5;2025-11-17;2;0
5;2025-11-17;3;0
5;2025-11-17;4;0
5;2025-11-17;5;0
5;2025-11-17;6;0
5;2025-11-17;7;0
5;2025-11-17;8;0
5;2025-11-17;9;0
5;2025-11-17;10;0
5;2025-11-17;11;0
5;2025-11-17;12;0
5;2025-11-17;13;0
5;2025-11-17;14;0
5;2025-11-17;15;0
5;2025-11-17;16;0
5;2025-11-17;17;0
5;2025-11-17;18;0
5;2025-11-17;19;0
5;2025-11-17;20;0
5;2025-11-17;21;0
5;2025-11-17;22;0
5;2025-11-17;23;0
5;2025-11-18;0;0
5;2025-11-18;1;0
5;2025-11-18;2;0
5;2025-11-18;3;0
5;2025-11-18;4;0
5;2025-11-18;5;0
5;2025-11-18;6;0
5;2025-11-18;7;0
5;2025-11-18;8;0
5;2025-11-18;9;0
5;2025-11-18;10;0
5;2025-11-18;11;0
5;2025-11-18;12;0
5;2025-11-18;13;0
5;2025-11-18;14;0
5;2025-11-18;15;0
5;2025-11-18;16;0
5;2025-11-18;17;0
5;2025-11-18;18;0
5;2025-11-18;19;0
5;2025-11-18;20;0
5;2025-11-18;21;0
5;2025-11-18;22;0
5;2025-11-18;23;0
5;2025-11-19;0;0
5;2025-11-19;1;0
5;2025-11-19;2;0
5;2025-11-19;3;0
5;2025-11-19;4;0
5;2025-11-19;5;0
5;2025-11-19;6;0
5;2025-11-19;7;0
5;2025-11-19;8;0
5;2025-11-19;9;0
5;2025-11-19;10;0
5;2025-11-19;11;0
5;2025-11-19;12;0
5;2025-11-19;13;0
5;2025-11-19;14;0
5;2025-11-19;15;0
5;2025-11-19;16;0
5;2025-11-19;17;0
5;2025-11-19;18;0
5;2025-11-19;19;0
5;2025-11-19;20;0
5;2025-11-19;21;0
5;2025-11-19;22;0
5;2025-11-19;23;0
5;2025-11-20;0;0
5;2025-11-20;1;0
5;2025-11-20;2;0
5;2025-11-20;3;0
5;2025-11-20;4;0
5;2025-11-20;5;0
5;2025-11-20;6;0
5;2025-11-20;7;0
5;2025-11-20;8;0
5;2025-11-20;9;0
5;2025-11-20;10;0
5;2025-11-20;11;0
5;2025-11-20;12;0
5;2025-11-20;13;0
5;2025-11-20;14;0
5;2025-11-20;15;0
5;2025-11-20;16;0
5;2025-11-20;17;0
5;2025-11-20;18;0
5;2025-11-20;19;0
5;2025-11-20;20;0
5;2025-11-20;21;0
5;2025-11-20;22;0
5;2025-11-20;23;0
5;2025-11-21;0;0
5;2025-11-21;1;0
5;2025-11-21;2;0
5;2025-11-21;3;0
5;2025-11-21;4;0
5;2025-11-21;5;0
5;2025-11-21;6;0
5;2025-11-21;7;0
5;2025-11-21;8;0
5;2025-11-21;9;0
5;2025-11-21;10;0
5;2025-11-21;11;0
5;2025-11-21;12;0
5;2025-11-21;13;0
5;2025-11-21;14;0
5;2025-11-21;15;0
5;2025-11-21;16;0
5;2025-11-21;17;0
5;2025-11-21;18;0
5;2025-11-21;19;0
5;2025-11-21;20;0
5;2025-11-21;21;0
5;2025-11-21;22;0
5;2025-11-21;23;0
5;2025-11-22;0;0
5;2025-11-22;1;0
5;2025-11-22;2;0
5;2025-11-22;3;0
5;2025-11-22;4;0
5;2025-11-22;5;0
5;2025-11-22;6;0
5;2025-11-22;7;0
5;2025-11-22;8;0
5;2025-11-22;9;0
5;2025-11-22;10;0
5;2025-11-22;11;0
5;2025-11-22;12;0
5;2025-11-22;13;0
5;2025-11-22;14;0
5;2025-11-22;15;0
5;2025-11-22;16;0
5;2025-11-22;17;0
5;2025-11-22;18;0
5;2025-11-22;19;0
5;2025-11-22;20;0
5;2025-11-22;21;0
5;2025-11-22;22;0
5;2025-11-22;23;0
5;2025-11-23;0;0
5;2025-11-23;1;0
5;2025-11-23;2;0
5;2025-11-23;3;0
5;2025-11-23;4;0
5;2025-11-23;5;0
5;2025-11-23;6;0
5;2025-11-23;7;0
5;2025-11-23;8;0
5;2025-11-23;9;0
5;2025-11-23;10;0
5;2025-11-23;11;0
5;2025-11-23;12;0
5;2025-11-23;13;0
5;2025-11-23;14;0
5;2025-11-23;15;0
5;2025-11-23;16;0
5;2025-11-23;17;0
5;2025-11-23;18;0
5;2025-11-23;19;0
5;2025-11-23;20;0
5;2025-11-23;21;0
5;2025-11-23;22;0
5;2025-11-23;23;0
5;2025-11-24;0;0
5;2025-11-24;1;0
5;2025-11-24;2;0
5;2025-11-24;3;0
5;2025-11-24;4;0
5;2025-11-24;5;0
5;2025-11-24;6;0
5;2025-11-24;7;0
5;2025-11-24;8;0
5;2025-11-24;9;0
5;2025-11-24;10;0
5;2025-11-24;11;0
5;2025-11-24;12;0
5;2025-11-24;13;0
5;2025-11-24;14;0
5;2025-11-24;15;0
5;2025-11-24;16;0
5;2025-11-24;17;0
5;2025-11-24;18;0
5;2025-11-24;19;0
5;2025-11-24;20;0
5;2025-11-24;21;0
5;2025-11-24;22;0
5;2025-11-24;23;0
5;2025-11-25;0;0
5;2025-11-25;1;0
5;2025-11-25;2;0
5;2025-11-25;3;0
5;2025-11-25;4;0
5;2025-11-25;5;0
5;2025-11-25;6;0
5;2025-11-25;7;0
5;2025-11-25;8;0
5;2025-11-25;9;0
5;2025-11-25;10;0
5;2025-11-25;11;0
5;2025-11-25;12;0
5;2025-11-25;13;0
5;2025-11-25;14;0
5;2025-11-25;15;0
5;2025-11-25;16;0
5;2025-11-25;17;0
5;2025-11-25;18;0
5;2025-11-25;19;0
5;2025-11-25;20;0
5;2025-11-25;21;0
5;2025-11-25;22;0
5;2025-11-25;23;0
5;2025-11-26;0;0
5;2025-11-26;1;0
5;2025-11-26;2;0
5;2025-11-26;3;0
5;2025-11-26;4;0
5;2025-11-26;5;0
5;2025-11-26;6;0
5;2025-11-26;7;0
5;2025-11-26;8;0
5;2025-11-26;9;0
5;2025-11-26;10;0
5;2025-11-26;11;0
5;2025-11-26;12;0
5;2025-11-26;13;0
5;2025-11-26;14;0
5;2025-11-26;15;0
5;2025-11-26;16;0
5;2025-11-26;17;0
5;2025-11-26;18;0
5;2025-11-26;19;0
5;2025-11-26;20;0
5;2025-11-26;21;0
5;2025-11-26;22;0
5;2025-11-26;23;0
5;2025-11-27;0;0
5;2025-11-27;1;0
5;2025-11-27;2;0
5;2025-11-27;3;0
5;2025-11-27;4;0
5;2025-11-27;5;0
5;2025-11-27;6;0
5;2025-11-27;7;0
5;2025-11-27;8;0
5;2025-11-27;9;0
5;2025-11-27;10;0
5;2025-11-27;11;0
5;2025-11-27;12;0
5;2025-11-27;13;0
5;2025-11-27;14;0
5;2025-11-27;15;0
5;2025-11-27;16;0
5;2025-11-27;17;0
5;2025-11-27;18;0
5;2025-11-27;19;0
5;2025-11-27;20;0
5;2025-11-27;21;0
5;2025-11-27;22;0
5;2025-11-27;23;0
5;2025-11-28;0;0
5;2025-11-28;1;0
5;2025-11-28;2;0
5;2025-11-28;3;0
5;2025-11-28;4;0
5;2025-11-28;5;0
5;2025-11-28;6;0
5;2025-11-28;7;0
5;2025-11-28;8;0
5;2025-11-28;9;0
5;2025-11-28;10;0
5;2025-11-28;11;0
5;2025-11-28;12;0
5;2025-11-28;13;0
5;2025-11-28;14;0
5;2025-11-28;15;0
5;2025-11-28;16;0
5;2025-11-28;17;0
5;2025-11-28;18;0
5;2025-11-28;19;0
5;2025-11-28;20;0
5;2025-11-28;21;0
5;2025-11-28;22;0
5;2025-11-28;23;0
5;2025-11-29;0;0
5;2025-11-29;1;0
5;2025-11-29;2;0
5;2025-11-29;3;0
5;2025-11-29;4;0
5;2025-11-29;5;0
5;2025-11-29;6;0
5;2025-11-29;7;0
5;2025-11-29;8;0
5;2025-11-29;9;0
5;2025-11-29;10;0
5;2025-11-29;11;0
5;2025-11-29;12;0
5;2025-11-29;13;0
5;2025-11-29;14;0
5;2025-11-29;15;0
5;2025-11-29;16;0
5;2025-11-29;17;0
5;2025-11-29;18;0
5;2025-11-29;19;0
5;2025-11-29;20;0
5;2025-11-29;21;0
5;2025-11-29;22;0
5;2025-11-29;23;0
5;2025-11-30;0;0
5;2025-11-30;1;0
5;2025-11-30;2;0
5;2025-11-30;3;0
5;2025-11-30;4;0
5;2025-11-30;5;0
5;2025-11-30;6;0
5;2025-11-30;7;0
5;2025-11-30;8;0
5;2025-11-30;9;0
5;2025-11-30;10;0
5;2025-11-30;11;0
5;2025-11-30;12;0
5;2025-11-30;13;0
5;2025-11-30;14;0
5;2025-11-30;15;0
5;2025-11-30;16;0
5;2025-11-30;17;0
5;2025-11-30;18;0
5;2025-11-30;19;0
5;2025-11-30;20;0
5;2025-11-30;21;0
5;2025-11-30;22;0
5;2025-11-30;23;0
5;2025-12-01;0;0
5;2025-12-01;1;0
5;2025-12-01;2;0
5;2025-12-01;3;0
5;2025-12-01;4;0
5;2025-12-01;5;0
5;2025-12-01;6;0
5;2025-12-01;7;0
5;2025-12-01;8;0
5;2025-12-01;9;0
5;2025-12-01;10;0
5;2025-12-01;11;0
5;2025-12-01;12;0
5;2025-12-01;13;0
5;2025-12-01;14;0
5;2025-12-01;15;0
5;2025-12-01;16;0
5;2025-12-01;17;0
5;2025-12-01;18;0
5;2025-12-01;19;0
5;2025-12-01;20;0
5;2025-12-01;21;0
5;2025-12-01;22;0
5;2025-12-01;23;0
5;2025-12-02;0;0
5;2025-12-02;1;0
5;2025-12-02;2;0
5;2025-12-02;3;0
5;2025-12-02;4;0
5;2025-12-02;5;0
5;2025-12-02;6;0
5;2025-12-02;7;0
5;2025-12-02;8;0
5;2025-12-02;9;0
5;2025-12-02;10;0
5;2025-12-02;11;0
5;2025-12-02;12;0
5;2025-12-02;13;0
5;2025-12-02;14;0
5;2025-12-02;15;0
5;2025-12-02;16;0
5;2025-12-02;17;0
5;2025-12-02;18;0
5;2025-12-02;19;0
5;2025-12-02;20;0
5;2025-12-02;21;0
5;2025-12-02;22;0
5;2025-12-02;23;0
5;2025-12-03;0;0
5;2025-12-03;1;0
5;2025-12-03;2;0
5;2025-12-03;3;0
5;2025-12-03;4;0
5;2025-12-03;5;0
5;2025-12-03;6;0
5;2025-12-03;7;0
5;2025-12-03;8;0
5;2025-12-03;9;0
5;2025-12-03;10;0
5;2025-12-03;11;0
5;2025-12-03;12;0
5;2025-12-03;13;0
5;2025-12-03;14;0
5;2025-12-03;15;0
5;2025-12-03;16;0
5;2025-12-03;17;0
5;2025-12-03;18;0
5;2025-12-03;19;0
5;2025-12-03;20;0
5;2025-12-03;21;0
5;2025-12-03;22;0
5;2025-12-03;23;0
5;2025-12-04;0;0
5;2025-12-04;1;0
5;2025-12-04;2;0
5;2025-12-04;3;0
5;2025-12-04;4;0
5;2025-12-04;5;0
5;2025-12-04;6;0
5;2025-12-04;7;0
5;2025-12-04;8;0
5;2025-12-04;9;0
5;2025-12-04;10;0
5;2025-12-04;11;0
5;2025-12-04;12;0
5;2025-12-04;13;0
5;2025-12-04;14;0
5;2025-12-04;15;0
5;2025-12-04;16;0
5;2025-12-04;17;0
5;2025-12-04;18;0
5;2025-12-04;19;0
5;2025-12-04;20;0
5;2025-12-04;21;0
5;2025-12-04;22;0
5;2025-12-04;23;0
5;2025-12-05;0;0
5;2025-12-05;1;0
5;2025-12-05;2;0
5;2025-12-05;3;0
5;2025-12-05;4;0
5;2025-12-05;5;0
5;2025-12-05;6;0
5;2025-12-05;7;0
5;2025-12-05;8;0
5;2025-12-05;9;0
5;2025-12-05;10;0
5;2025-12-05;11;0
5;2025-12-05;12;0
5;2025-12-05;13;0
5;2025-12-05;14;0
5;2025-12-05;15;0
5;2025-12-05;16;0
5;2025-12-05;17;0
5;2025-12-05;18;0
5;2025-12-05;19;0
5;2025-12-05;20;0
5;2025-12-05;21;0
5;2025-12-05;22;0
5;2025-12-05;23;0
5;2025-12-06;0;0
5;2025-12-06;1;0
5;2025-12-06;2;0
5;2025-12-06;3;0
5;2025-12-06;4;0
5;2025-12-06;5;0
5;2025-12-06;6;0
5;2025-12-06;7;0
5;2025-12-06;8;0
5;2025-12-06;9;0
5;2025-12-06;10;0
5;2025-12-06;11;0
5;2025-12-06;12;0
5;2025-12-06;13;0
5;2025-12-06;14;0
5;2025-12-06;15;0
5;2025-12-06;16;0
5;2025-12-06;17;0
5;2025-12-06;18;0
5;2025-12-06;19;0
5;2025-12-06;20;0
5;2025-12-06;21;0
5;2025-12-06;22;0
5;2025-12-06;23;0
5;2025-12-07;0;0
5;2025-12-07;1;0
5;2025-12-07;2;0
5;2025-12-07;3;0
5;2025-12-07;4;0
5;2025-12-07;5;0
5;2025-12-07;6;0
5;2025-12-07;7;0
5;2025-12-07;8;0
5;2025-12-07;9;0
5;2025-12-07;10;0
5;2025-12-07;11;0
5;2025-12-07;12;0
5;2025-12-07;13;0
5;2025-12-07;14;0
5;2025-12-07;15;0
5;2025-12-07;16;0
5;2025-12-07;17;0
5;2025-12-07;18;0
5;2025-12-07;19;0
5;2025-12-07;20;0
5;2025-12-07;21;0
5;2025-12-07;22;0
5;2025-12-07;23;0
5;2025-12-08;0;0
5;2025-12-08;1;0
5;2025-12-08;2;0
5;2025-12-08;3;0
5;2025-12-08;4;0
5;2025-12-08;5;0
5;2025-12-08;6;0
5;2025-12-08;7;0
5;2025-12-08;8;0
5;2025-12-08;9;0
5;2025-12-08;10;0
5;2025-12-08;11;0
5;2025-12-08;12;0
5;2025-12-08;13;0
5;2025-12-08;14;0
5;2025-12-08;15;0
5;2025-12-08;16;0
5;2025-12-08;17;0
5;2025-12-08;18;0
5;2025-12-08;19;0
5;2025-12-08;20;0
5;2025-12-08;21;0
5;2025-12-08;22;0
5;2025-12-08;23;0
5;2025-12-09;0;0
5;2025-12-09;1;0
5;2025-12-09;2;0
5;2025-12-09;3;0
5;2025-12-09;4;0
5;2025-12-09;5;0
5;2025-12-09;6;0
5;2025-12-09;7;0
5;2025-12-09;8;0
5;2025-12-09;9;0
5;2025-12-09;10;0
5;2025-12-09;11;0
5;2025-12-09;12;0
5;2025-12-09;13;0
5;2025-12-09;14;0
5;2025-12-09;15;0
5;2025-12-09;16;0
5;2025-12-09;17;0
5;2025-12-09;18;0
5;2025-12-09;19;0
5;2025-12-09;20;0
5;2025-12-09;21;0
5;2025-12-09;22;0
5;2025-12-09;23;0
5;2025-12-10;0;0
5;2025-12-10;1;0
5;2025-12-10;2;0
5;2025-12-10;3;0
5;2025-12-10;4;0
5;2025-12-10;5;0
5;2025-12-10;6;0
5;2025-12-10;7;0
5;2025-12-10;8;0
5;2025-12-10;9;0
5;2025-12-10;10;0
5;2025-12-10;11;0
5;2025-12-10;12;0
5;2025-12-10;13;0
5;2025-12-10;14;0
5;2025-12-10;15;0
5;2025-12-10;16;0
5;2025-12-10;17;0
5;2025-12-10;18;0
5;2025-12-10;19;0
5;2025-12-10;20;0
5;2025-12-10;21;0
5;2025-12-10;22;0
5;2025-12-10;23;0
5;2025-12-11;0;0
5;2025-12-11;1;0
5;2025-12-11;2;0
5;2025-12-11;3;0
5;2025-12-11;4;0
5;2025-12-11;5;0
5;2025-12-11;6;0
5;2025-12-11;7;0
5;2025-12-11;8;0
5;2025-12-11;9;0
5;2025-12-11;10;0
5;2025-12-11;11;0
5;2025-12-11;12;0
5;2025-12-11;13;0
5;2025-12-11;14;0
5;2025-12-11;15;0
5;2025-12-11;16;0
5;2025-12-11;17;0
5;2025-12-11;18;0
5;2025-12-11;19;0
5;2025-12-11;20;0
5;2025-12-11;21;0
5;2025-12-11;22;0
5;2025-12-11;23;0
5;2025-12-12;0;0
5;2025-12-12;1;0
5;2025-12-12;2;0
5;2025-12-12;3;0
5;2025-12-12;4;0
5;2025-12-12;5;0
5;2025-12-12;6;0
5;2025-12-12;7;0
5;2025-12-12;8;0
5;2025-12-12;9;0
5;2025-12-12;10;0
5;2025-12-12;11;0
5;2025-12-12;12;0
5;2025-12-12;13;0
5;2025-12-12;14;0
5;2025-12-12;15;0
5;2025-12-12;16;0
5;2025-12-12;17;0
5;2025-12-12;18;0
5;2025-12-12;19;0
5;2025-12-12;20;0
5;2025-12-12;21;0
5;2025-12-12;22;0
5;2025-12-12;23;0
5;2025-12-13;0;0
5;2025-12-13;1;0
5;2025-12-13;2;0
5;2025-12-13;3;0
5;2025-12-13;4;0
5;2025-12-13;5;0
5;2025-12-13;6;0
5;2025-12-13;7;0
5;2025-12-13;8;0
5;2025-12-13;9;0
5;2025-12-13;10;0
5;2025-12-13;11;0
5;2025-12-13;12;0
5;2025-12-13;13;0
5;2025-12-13;14;0
5;2025-12-13;15;0
5;2025-12-13;16;0
5;2025-12-13;17;0
5;2025-12-13;18;0
5;2025-12-13;19;0
5;2025-12-13;20;0
5;2025-12-13;21;0
5;2025-12-13;22;0
5;2025-12-13;23;0
5;2025-12-14;0;0
5;2025-12-14;1;0
5;2025-12-14;2;0
5;2025-12-14;3;0
5;2025-12-14;4;0
5;2025-12-14;5;0
5;2025-12-14;6;0
5;2025-12-14;7;0
5;2025-12-14;8;0
5;2025-12-14;9;0
5;2025-12-14;10;0
5;2025-12-14;11;0
5;2025-12-14;12;0
5;2025-12-14;13;0
5;2025-12-14;14;0
5;2025-12-14;15;0
5;2025-12-14;16;0
5;2025-12-14;17;0
5;2025-12-14;18;0
5;2025-12-14;19;0
5;2025-12-14;20;0
5;2025-12-14;21;0
5;2025-12-14;22;0
5;2025-12-14;23;0
5;2025-12-15;0;0
5;2025-12-15;1;0
5;2025-12-15;2;0
5;2025-12-15;3;0
5;2025-12-15;4;0
5;2025-12-15;5;0
5;2025-12-15;6;0
5;2025-12-15;7;0
5;2025-12-15;8;0
5;2025-12-15;9;0
5;2025-12-15;10;0
5;2025-12-15;11;0
5;2025-12-15;12;0
5;2025-12-15;13;0
5;2025-12-15;14;0
5;2025-12-15;15;0
5;2025-12-15;16;0
5;2025-12-15;17;0
5;2025-12-15;18;0
5;2025-12-15;19;0
5;2025-12-15;20;0
5;2025-12-15;21;0
5;2025-12-15;22;0
5;2025-12-15;23;0
5;2025-12-16;0;0
5;2025-12-16;1;0
5;2025-12-16;2;0
5;2025-12-16;3;0
5;2025-12-16;4;0
5;2025-12-16;5;0
5;2025-12-16;6;0
5;2025-12-16;7;0
5;2025-12-16;8;0
5;2025-12-16;9;0
5;2025-12-16;10;0
5;2025-12-16;11;0
5;2025-12-16;12;0
5;2025-12-16;13;0
5;2025-12-16;14;0
5;2025-12-16;15;0
5;2025-12-16;16;0
5;2025-12-16;17;0
5;2025-12-16;18;0
5;2025-12-16;19;0
5;2025-12-16;20;0
5;2025-12-16;21;0
5;2025-12-16;22;0
5;2025-12-16;23;0
5;2025-12-17;0;0
5;2025-12-17;1;0
5;2025-12-17;2;0
5;2025-12-17;3;0
5;2025-12-17;4;0
5;2025-12-17;5;0
5;2025-12-17;6;0
5;2025-12-17;7;0
5;2025-12-17;8;0
5;2025-12-17;9;0
5;2025-12-17;10;0
5;2025-12-17;11;0
5;2025-12-17;12;0
5;2025-12-17;13;0
5;2025-12-17;14;0
5;2025-12-17;15;0
5;2025-12-17;16;0
5;2025-12-17;17;0
5;2025-12-17;18;0
5;2025-12-17;19;0
5;2025-12-17;20;0
5;2025-12-17;21;0
5;2025-12-17;22;0
5;2025-12-17;23;0
5;2025-12-18;0;0
5;2025-12-18;1;0
5;2025-12-18;2;0
5;2025-12-18;3;0
5;2025-12-18;4;0
5;2025-12-18;5;0
5;2025-12-18;6;0
5;2025-12-18;7;0
5;2025-12-18;8;0
5;2025-12-18;9;0
5;2025-12-18;10;0
5;2025-12-18;11;0
5;2025-12-18;12;0
5;2025-12-18;13;0
5;2025-12-18;14;0
5;2025-12-18;15;0
5;2025-12-18;16;0
5;2025-12-18;17;0
5;2025-12-18;18;0
5;2025-12-18;19;0
5;2025-12-18;20;0
5;2025-12-18;21;0
5;2025-12-18;22;0
5;2025-12-18;23;0
5;2025-12-19;0;0
5;2025-12-19;1;0
5;2025-12-19;2;0
5;2025-12-19;3;0
5;2025-12-19;4;0
5;2025-12-19;5;0
5;2025-12-19;6;0
5;2025-12-19;7;0
5;2025-12-19;8;0
5;2025-12-19;9;0
5;2025-12-19;10;0
5;2025-12-19;11;0
5;2025-12-19;12;0
5;2025-12-19;13;0
5;2025-12-19;14;0
5;2025-12-19;15;0
5;2025-12-19;16;0
5;2025-12-19;17;0
5;2025-12-19;18;0
5;2025-12-19;19;0
5;2025-12-19;20;0
5;2025-12-19;21;0
5;2025-12-19;22;0
5;2025-12-19;23;0
5;2025-12-20;0;0
5;2025-12-20;1;0
5;2025-12-20;2;0
5;2025-12-20;3;0
5;2025-12-20;4;0
5;2025-12-20;5;0
5;2025-12-20;6;0
5;2025-12-20;7;0
5;2025-12-20;8;0
5;2025-12-20;9;0
5;2025-12-20;10;0
5;2025-12-20;11;0
5;2025-12-20;12;0
5;2025-12-20;13;0
5;2025-12-20;14;0
5;2025-12-20;15;0
5;2025-12-20;16;0
5;2025-12-20;17;0
5;2025-12-20;18;0
5;2025-12-20;19;0
5;2025-12-20;20;0
5;2025-12-20;21;0
5;2025-12-20;22;0
5;2025-12-20;23;0
5;2025-12-21;0;0
5;2025-12-21;1;0
5;2025-12-21;2;0
5;2025-12-21;3;0
5;2025-12-21;4;0
5;2025-12-21;5;0
5;2025-12-21;6;0
5;2025-12-21;7;0
5;2025-12-21;8;0
5;2025-12-21;9;0
5;2025-12-21;10;0
5;2025-12-21;11;0
5;2025-12-21;12;0
5;2025-12-21;13;0
5;2025-12-21;14;0
5;2025-12-21;15;0
5;2025-12-21;16;0
5;2025-12-21;17;0
5;2025-12-21;18;0
5;2025-12-21;19;0
5;2025-12-21;20;0
5;2025-12-21;21;0
5;2025-12-21;22;0
5;2025-12-21;23;0
5;2025-12-22;0;0
5;2025-12-22;1;0
5;2025-12-22;2;0
5;2025-12-22;3;0
5;2025-12-22;4;0
5;2025-12-22;5;0
5;2025-12-22;6;0
5;2025-12-22;7;0
5;2025-12-22;8;0
5;2025-12-22;9;0
5;2025-12-22;10;0
5;2025-12-22;11;0
5;2025-12-22;12;0
5;2025-12-22;13;0
5;2025-12-22;14;0
5;2025-12-22;15;0
5;2025-12-22;16;0
5;2025-12-22;17;0
5;2025-12-22;18;0
5;2025-12-22;19;0
5;2025-12-22;20;0
5;2025-12-22;21;0
5;2025-12-22;22;0
5;2025-12-22;23;0
5;2025-12-23;0;0
5;2025-12-23;1;0
5;2025-12-23;2;0
5;2025-12-23;3;0
5;2025-12-23;4;0
5;2025-12-23;5;0
5;2025-12-23;6;0
5;2025-12-23;7;0
5;2025-12-23;8;0
5;2025-12-23;9;0
5;2025-12-23;10;0
5;2025-12-23;11;0
5;2025-12-23;12;0
5;2025-12-23;13;0
5;2025-12-23;14;0
5;2025-12-23;15;0
5;2025-12-23;16;0
5;2025-12-23;17;0
5;2025-12-23;18;0
5;2025-12-23;19;0
5;2025-12-23;20;0
5;2025-12-23;21;0
5;2025-12-23;22;0
5;2025-12-23;23;0
5;2025-12-24;0;0
5;2025-12-24;1;0
5;2025-12-24;2;0
5;2025-12-24;3;0
5;2025-12-24;4;0
5;2025-12-24;5;0
5;2025-12-24;6;0
5;2025-12-24;7;0
5;2025-12-24;8;0
5;2025-12-24;9;0
5;2025-12-24;10;0
5;2025-12-24;11;0
5;2025-12-24;12;0
5;2025-12-24;13;0
5;2025-12-24;14;0
5;2025-12-24;15;0
5;2025-12-24;16;0
5;2025-12-24;17;0
5;2025-12-24;18;0
5;2025-12-24;19;0
5;2025-12-24;20;0
5;2025-12-24;21;0
5;2025-12-24;22;0
5;2025-12-24;23;0
5;2025-12-25;0;0
5;2025-12-25;1;0
5;2025-12-25;2;0
5;2025-12-25;3;0
5;2025-12-25;4;0
5;2025-12-25;5;0
5;2025-12-25;6;0
5;2025-12-25;7;0
5;2025-12-25;8;0
5;2025-12-25;9;0
5;2025-12-25;10;0
5;2025-12-25;11;0
5;2025-12-25;12;0
5;2025-12-25;13;0
5;2025-12-25;14;0
5;2025-12-25;15;0
5;2025-12-25;16;0
5;2025-12-25;17;0
5;2025-12-25;18;0
5;2025-12-25;19;0
5;2025-12-25;20;0
5;2025-12-25;21;0
5;2025-12-25;22;0
5;2025-12-25;23;0
5;2025-12-26;0;0
5;2025-12-26;1;0
5;2025-12-26;2;0
5;2025-12-26;3;0
5;2025-12-26;4;0
5;2025-12-26;5;0
5;2025-12-26;6;0
5;2025-12-26;7;0
5;2025-12-26;8;0
5;2025-12-26;9;0
5;2025-12-26;10;0
5;2025-12-26;11;0
5;2025-12-26;12;0
5;2025-12-26;13;0
5;2025-12-26;14;0
5;2025-12-26;15;0
5;2025-12-26;16;0
5;2025-12-26;17;0
5;2025-12-26;18;0
5;2025-12-26;19;0
5;2025-12-26;20;0
5;2025-12-26;21;0
5;2025-12-26;22;0
5;2025-12-26;23;0
5;2025-12-27;0;0
5;2025-12-27;1;0
5;2025-12-27;2;0
5;2025-12-27;3;0
5;2025-12-27;4;0
5;2025-12-27;5;0
5;2025-12-27;6;0
5;2025-12-27;7;0
5;2025-12-27;8;0
5;2025-12-27;9;0
5;2025-12-27;10;0
5;2025-12-27;11;0
5;2025-12-27;12;0
5;2025-12-27;13;0
5;2025-12-27;14;0
5;2025-12-27;15;0
5;2025-12-27;16;0
5;2025-12-27;17;0
5;2025-12-27;18;0
5;2025-12-27;19;0
5;2025-12-27;20;0
5;2025-12-27;21;0
5;2025-12-27;22;0
5;2025-12-27;23;0
5;2025-12-28;0;0
5;2025-12-28;1;0
5;2025-12-28;2;0
5;2025-12-28;3;0
5;2025-12-28;4;0
5;2025-12-28;5;0
5;2025-12-28;6;0
5;2025-12-28;7;0
5;2025-12-28;8;0
5;2025-12-28;9;0
5;2025-12-28;10;0
5;2025-12-28;11;0
5;2025-12-28;12;0
5;2025-12-28;13;0
5;2025-12-28;14;0
5;2025-12-28;15;0
5;2025-12-28;16;0
5;2025-12-28;17;0
5;2025-12-28;18;0
5;2025-12-28;19;0
5;2025-12-28;20;0
5;2025-12-28;21;0
5;2025-12-28;22;0
5;2025-12-28;23;0
5;2025-12-29;0;0
5;2025-12-29;1;0
5;2025-12-29;2;0
5;2025-12-29;3;0
5;2025-12-29;4;0
5;2025-12-29;5;0
5;2025-12-29;6;0
5;2025-12-29;7;0
5;2025-12-29;8;0
5;2025-12-29;9;0
5;2025-12-29;10;0
5;2025-12-29;11;0
5;2025-12-29;12;0
5;2025-12-29;13;0
5;2025-12-29;14;0
5;2025-12-29;15;0
5;2025-12-29;16;0
5;2025-12-29;17;0
5;2025-12-29;18;0
5;2025-12-29;19;0
5;2025-12-29;20;0
5;2025-12-29;21;0
5;2025-12-29;22;0
5;2025-12-29;23;0
5;2025-12-30;0;0
5;2025-12-30;1;0
5;2025-12-30;2;0
5;2025-12-30;3;0
5;2025-12-30;4;0
5;2025-12-30;5;0
5;2025-12-30;6;0
5;2025-12-30;7;0
5;2025-12-30;8;0
5;2025-12-30;9;0
5;2025-12-30;10;0
5;2025-12-30;11;0
5;2025-12-30;12;0
5;2025-12-30;13;0
5;2025-12-30;14;0
5;2025-12-30;15;0
5;2025-12-30;16;0
5;2025-12-30;17;0
5;2025-12-30;18;0
5;2025-12-30;19;0
5;2025-12-30;20;0
5;2025-12-30;21;0
5;2025-12-30;22;0
5;2025-12-30;23;0
5;2025-12-31;0;0
5;2025-12-31;1;0
5;2025-12-31;2;0
5;2025-12-31;3;0
5;2025-12-31;4;0
5;2025-12-31;5;0
5;2025-12-31;6;0
5;2025-12-31;7;0
5;2025-12-31;8;0
5;2025-12-31;9;0
5;2025-12-31;10;0
5;2025-12-31;11;0
5;2025-12-31;12;0
5;2025-12-31;13;0
5;2025-12-31;14;0
5;2025-12-31;15;0
5;2025-12-31;16;0
5;2025-12-31;17;0
5;2025-12-31;18;0
5;2025-12-31;19;0
5;2025-12-31;20;0
5;2025-12-31;21;0
5;2025-12-31;22;0
5;2025-12-31;23;0
7;2025-11-01;0;65
7;2025-11-01;1;13
7;2025-11-01;2;0
7;2025-11-01;3;0
7;2025-11-01;4;2
7;2025-11-01;5;202
7;2025-11-01;6;742
7;2025-11-01;7;1710
7;2025-11-01;8;2589
7;2025-11-01;9;1949
7;2025-11-01;10;1688
7;2025-11-01;11;1531
7;2025-11-01;12;1630
7;2025-11-01;13;1626
7;2025-11-01;14;1713
7;2025-11-01;15;1848
7;2025-11-01;16;1986
7;2025-11-01;17;2455
7;2025-11-01;18;2603
7;2025-11-01;19;1770
7;2025-11-01;20;1123
7;2025-11-01;21;659
7;2025-11-01;22;339
7;2025-11-01;23;201
7;2025-11-02;0;98
7;2025-11-02;1;22
7;2025-11-02;2;1
7;2025-11-02;3;1
7;2025-11-02;4;0
7;2025-11-02;5;35
7;2025-11-02;6;195
7;2025-11-02;7;303
7;2025-11-02;8;506
7;2025-11-02;9;638
7;2025-11-02;10;711
7;2025-11-02;11;890
7;2025-11-02;12;1009
7;2025-11-02;13;1043
7;2025-11-02;14;1121
7;2025-11-02;15;1045
7;2025-11-02;16;963
7;2025-11-02;17;997
7;2025-11-02;18;867
7;2025-11-02;19;737
7;2025-11-02;20;619
7;2025-11-02;21;489
7;2025-11-02;22;279
7;2025-11-02;23;163
7;2025-11-03;0;96
7;2025-11-03;1;21
7;2025-11-03;2;1
7;2025-11-03;3;1
7;2025-11-03;4;0
7;2025-11-03;5;36
7;2025-11-03;6;200
7;2025-11-03;7;307
7;2025-11-03;8;508
7;2025-11-03;9;635
7;2025-11-03;10;704
7;2025-11-03;11;876
7;2025-11-03;12;996
7;2025-11-03;13;1042
7;2025-11-03;14;1110
7;2025-11-03;15;1034
7;2025-11-03;16;961
7;2025-11-03;17;971
7;2025-11-03;18;867
7;2025-11-03;19;751
7;2025-11-03;20;618
7;2025-11-03;21;489
7;2025-11-03;22;287
7;2025-11-03;23;164
7;2025-11-04;0;96
7;2025-11-04;1;21
7;2025-11-04;2;1
7;2025-11-04;3;1
7;2025-11-04;4;0
7;2025-11-04;5;36
7;2025-11-04;6;200
7;2025-11-04;7;307
7;2025-11-04;8;508
7;2025-11-04;9;635
7;2025-11-04;10;704
7;2025-11-04;11;876
7;2025-11-04;12;996
7;2025-11-04;13;1042
7;2025-11-04;14;1111
7;2025-11-04;15;1034
7;2025-11-04;16;962
7;2025-11-04;17;971
7;2025-11-04;18;868
7;2025-11-04;19;752
7;2025-11-04;20;618
7;2025-11-04;21;489
7;2025-11-04;22;287
7;2025-11-04;23;164
7;2025-11-05;0;63
7;2025-11-05;1;12
7;2025-11-05;2;0
7;2025-11-05;3;0
7;2025-11-05;4;2
7;2025-11-05;5;199
7;2025-11-05;6;731
7;2025-11-05;7;1673
7;2025-11-05;8;2582
7;2025-11-05;9;1955
7;2025-11-05;10;1701
7;2025-11-05;11;1517
7;2025-11-05;12;1618
7;2025-11-05;13;1597
7;2025-11-05;14;1688
7;2025-11-05;15;1843
7;2025-11-05;16;1952
7;2025-11-05;17;2459
7;2025-11-05;18;2596
7;2025-11-05;19;1753
7;2025-11-05;20;1127
7;2025-11-05;21;661
7;2025-11-05;22;341
7;2025-11-05;23;203
7;2025-11-06;0;68
7;2025-11-06;1;13
7;2025-11-06;2;0
7;2025-11-06;3;0
7;2025-11-06;4;2
7;2025-11-06;5;195
7;2025-11-06;6;735
7;2025-11-06;7;1677
7;2025-11-06;8;2555
7;2025-11-06;9;1915
7;2025-11-06;10;1651
7;2025-11-06;11;1514
7;2025-11-06;12;1601
7;2025-11-06;13;1591
7;2025-11-06;14;1709
7;2025-11-06;15;1795
7;2025-11-06;16;1941
7;2025-11-06;17;2414
7;2025-11-06;18;2658
7;2025-11-06;19;1754
7;2025-11-06;20;1103
7;2025-11-06;21;668
7;2025-11-06;22;337
7;2025-11-06;23;199
7;2025-11-07;0;67
7;2025-11-07;1;13
7;2025-11-07;2;0
7;2025-11-07;3;0
7;2025-11-07;4;2
7;2025-11-07;5;193
7;2025-11-07;6;701
7;2025-11-07;7;1644
7;2025-11-07;8;2476
7;2025-11-07;9;1883
7;2025-11-07;10;1639
7;2025-11-07;11;1535
7;2025-11-07;12;1638
7;2025-11-07;13;1676
7;2025-11-07;14;1750
7;2025-11-07;15;1875
7;2025-11-07;16;2050
7;2025-11-07;17;2394
7;2025-11-07;18;2354
7;2025-11-07;19;1658
7;2025-11-07;20;1095
7;2025-11-07;21;656
7;2025-11-07;22;357
7;2025-11-07;23;217
7;2025-11-08;0;107
7;2025-11-08;1;25
7;2025-11-08;2;0
7;2025-11-08;3;0
7;2025-11-08;4;1
7;2025-11-08;5;57
7;2025-11-08;6;302
7;2025-11-08;7;484
7;2025-11-08;8;768
7;2025-11-08;9;888
7;2025-11-08;10;953
7;2025-11-08;11;1134
7;2025-11-08;12;1299
7;2025-11-08;13;1304
7;2025-11-08;14;1352
7;2025-11-08;15;1266
7;2025-11-08;16;1212
7;2025-11-08;17;1166
7;2025-11-08;18;1094
7;2025-11-08;19;1052
7;2025-11-08;20;788
7;2025-11-08;21;626
7;2025-11-08;22;332
7;2025-11-08;23;221
7;2025-11-09;0;98
7;2025-11-09;1;22
7;2025-11-09;2;1
7;2025-11-09;3;1
7;2025-11-09;4;0
7;2025-11-09;5;35
7;2025-11-09;6;195
7;2025-11-09;7;304
7;2025-11-09;8;506
7;2025-11-09;9;639
7;2025-11-09;10;712
7;2025-11-09;11;891
7;2025-11-09;12;1010
7;2025-11-09;13;1045
7;2025-11-09;14;1122
7;2025-11-09;15;1046
7;2025-11-09;16;964
7;2025-11-09;17;998
7;2025-11-09;18;868
7;2025-11-09;19;738
7;2025-11-09;20;620
7;2025-11-09;21;490
7;2025-11-09;22;279
7;2025-11-09;23;163
7;2025-11-10;0;68
7;2025-11-10;1;13
7;2025-11-10;2;0
7;2025-11-10;3;0
7;2025-11-10;4;2
7;2025-11-10;5;200
7;2025-11-10;6;732
7;2025-11-10;7;1681
7;2025-11-10;8;2539
7;2025-11-10;9;1904
7;2025-11-10;10;1625
7;2025-11-10;11;1454
7;2025-11-10;12;1569
7;2025-11-10;13;1565
7;2025-11-10;14;1639
7;2025-11-10;15;1786
7;2025-11-10;16;1919
7;2025-11-10;17;2393
7;2025-11-10;18;2580
7;2025-11-10;19;1752
7;2025-11-10;20;1104
7;2025-11-10;21;624
7;2025-11-10;22;319
7;2025-11-10;23;187
7;2025-11-11;0;60
7;2025-11-11;1;13
7;2025-11-11;2;0
7;2025-11-11;3;0
7;2025-11-11;4;2
7;2025-11-11;5;203
7;2025-11-11;6;739
7;2025-11-11;7;1702
7;2025-11-11;8;2569
7;2025-11-11;9;1928
7;2025-11-11;10;1680
7;2025-11-11;11;1530
7;2025-11-11;12;1630
7;2025-11-11;13;1615
7;2025-11-11;14;1690
7;2025-11-11;15;1831
7;2025-11-11;16;1955
7;2025-11-11;17;2412
7;2025-11-11;18;2608
7;2025-11-11;19;1796
7;2025-11-11;20;1122
7;2025-11-11;21;667
7;2025-11-11;22;336
7;2025-11-11;23;190
7;2025-11-12;0;63
7;2025-11-12;1;12
7;2025-11-12;2;0
7;2025-11-12;3;0
7;2025-11-12;4;2
7;2025-11-12;5;199
7;2025-11-12;6;731
7;2025-11-12;7;1672
7;2025-11-12;8;2580
7;2025-11-12;9;1953
7;2025-11-12;10;1699
7;2025-11-12;11;1516
7;2025-11-12;12;1616
7;2025-11-12;13;1595
7;2025-11-12;14;1686
7;2025-11-12;15;1841
7;2025-11-12;16;1950
7;2025-11-12;17;2457
7;2025-11-12;18;2594
7;2025-11-12;19;1752
7;2025-11-12;20;1126
7;2025-11-12;21;660
7;2025-11-12;22;340
7;2025-11-12;23;202
7;2025-11-13;0;68
7;2025-11-13;1;13
7;2025-11-13;2;0
7;2025-11-13;3;0
7;2025-11-13;4;2
7;2025-11-13;5;195
7;2025-11-13;6;734
7;2025-11-13;7;1675
7;2025-11-13;8;2552
7;2025-11-13;9;1914
7;2025-11-13;10;1650
7;2025-11-13;11;1512
7;2025-11-13;12;1599
7;2025-11-13;13;1590
7;2025-11-13;14;1707
7;2025-11-13;15;1793
7;2025-11-13;16;1939
7;2025-11-13;17;2412
7;2025-11-13;18;2656
7;2025-11-13;19;1752
7;2025-11-13;20;1102
7;2025-11-13;21;668
7;2025-11-13;22;337
7;2025-11-13;23;199
7;2025-11-14;0;67
7;2025-11-14;1;13
7;2025-11-14;2;0
7;2025-11-14;3;0
7;2025-11-14;4;2
7;2025-11-14;5;193
7;2025-11-14;6;700
7;2025-11-14;7;1643
7;2025-11-14;8;2474
7;2025-11-14;9;1882
7;2025-11-14;10;1637
7;2025-11-14;11;1534
7;2025-11-14;12;1637
7;2025-11-14;13;1675
7;2025-11-14;14;1749
7;2025-11-14;15;1874
7;2025-11-14;16;2048
7;2025-11-14;17;2392
7;2025-11-14;18;2352
7;2025-11-14;19;1656
7;2025-11-14;20;1094
7;2025-11-14;21;655
7;2025-11-14;22;357
7;2025-11-14;23;216
7;2025-11-15;0;106
7;2025-11-15;1;25
7;2025-11-15;2;0
7;2025-11-15;3;0
7;2025-11-15;4;1
7;2025-11-15;5;57
7;2025-11-15;6;301
7;2025-11-15;7;482
7;2025-11-15;8;765
7;2025-11-15;9;885
7;2025-11-15;10;950
7;2025-11-15;11;1130
7;2025-11-15;12;1295
7;2025-11-15;13;1300
7;2025-11-15;14;1348
7;2025-11-15;15;1262
7;2025-11-15;16;1208
7;2025-11-15;17;1163
7;2025-11-15;18;1090
7;2025-11-15;19;1049
7;2025-11-15;20;785
7;2025-11-15;21;624
7;2025-11-15;22;331
7;2025-11-15;23;221
7;2025-11-16;0;98
7;2025-11-16;1;22
7;2025-11-16;2;1
7;2025-11-16;3;1
7;2025-11-16;4;0
7;2025-11-16;5;35
7;2025-11-16;6;195
7;2025-11-16;7;304
7;2025-11-16;8;507
7;2025-11-16;9;640
7;2025-11-16;10;713
7;2025-11-16;11;892
7;2025-11-16;12;1011
7;2025-11-16;13;1046
7;2025-11-16;14;1123
7;2025-11-16;15;1047
7;2025-11-16;16;965
7;2025-11-16;17;999
7;2025-11-16;18;869
7;2025-11-16;19;738
7;2025-11-16;20;620
7;2025-11-16;21;490
7;2025-11-16;22;280
7;2025-11-16;23;163
7;2025-11-17;0;68
7;2025-11-17;1;13
7;2025-11-17;2;0
7;2025-11-17;3;0
7;2025-11-17;4;2
7;2025-11-17;5;200
7;2025-11-17;6;731
7;2025-11-17;7;1679
7;2025-11-17;8;2537
7;2025-11-17;9;1902
7;2025-11-17;10;1623
7;2025-11-17;11;1453
7;2025-11-17;12;1567
7;2025-11-17;13;1564
7;2025-11-17;14;1638
7;2025-11-17;15;1784
7;2025-11-17;16;1917
7;2025-11-17;17;2391
7;2025-11-17;18;2578
7;2025-11-17;19;1750
7;2025-11-17;20;1103
7;2025-11-17;21;624
7;2025-11-17;22;319
7;2025-11-17;23;187
7;2025-11-18;0;60
7;2025-11-18;1;13
7;2025-11-18;2;0
7;2025-11-18;3;0
7;2025-11-18;4;2
7;2025-11-18;5;202
7;2025-11-18;6;738
7;2025-11-18;7;1700
7;2025-11-18;8;2567
7;2025-11-18;9;1927
7;2025-11-18;10;1678
7;2025-11-18;11;1528
7;2025-11-18;12;1629
7;2025-11-18;13;1614
7;2025-11-18;14;1688
7;2025-11-18;15;1830
7;2025-11-18;16;1953
7;2025-11-18;17;2410
7;2025-11-18;18;2606
7;2025-11-18;19;1794
7;2025-11-18;20;1121
7;2025-11-18;21;666
7;2025-11-18;22;336
7;2025-11-18;23;190
7;2025-11-19;0;63
7;2025-11-19;1;12
7;2025-11-19;2;0
7;2025-11-19;3;0
7;2025-11-19;4;2
7;2025-11-19;5;199
7;2025-11-19;6;730
7;2025-11-19;7;1670
7;2025-11-19;8;2578
7;2025-11-19;9;1951
7;2025-11-19;10;1698
7;2025-11-19;11;1514
7;2025-11-19;12;1615
7;2025-11-19;13;1594
7;2025-11-19;14;1685
7;2025-11-19;15;1840
7;2025-11-19;16;1949
7;2025-11-19;17;2454
7;2025-11-19;18;2592
7;2025-11-19;19;1750
7;2025-11-19;20;1125
7;2025-11-19;21;660
7;2025-11-19;22;340
7;2025-11-19;23;202
7;2025-11-20;0;68
7;2025-11-20;1;13
7;2025-11-20;2;0
7;2025-11-20;3;0
7;2025-11-20;4;2
7;2025-11-20;5;195
7;2025-11-20;6;733
7;2025-11-20;7;1674
7;2025-11-20;8;2550
7;2025-11-20;9;1912
7;2025-11-20;10;1648
7;2025-11-20;11;1511
7;2025-11-20;12;1598
7;2025-11-20;13;1588
7;2025-11-20;14;1706
7;2025-11-20;15;1792
7;2025-11-20;16;1937
7;2025-11-20;17;2410
7;2025-11-20;18;2653
7;2025-11-20;19;1751
7;2025-11-20;20;1101
7;2025-11-20;21;667
7;2025-11-20;22;337
7;2025-11-20;23;199
7;2025-11-21;0;67
7;2025-11-21;1;13
7;2025-11-21;2;0
7;2025-11-21;3;0
7;2025-11-21;4;2
7;2025-11-21;5;193
7;2025-11-21;6;700
7;2025-11-21;7;1641
7;2025-11-21;8;2472
7;2025-11-21;9;1880
7;2025-11-21;10;1636
7;2025-11-21;11;1532
7;2025-11-21;12;1635
7;2025-11-21;13;1673
7;2025-11-21;14;1747
7;2025-11-21;15;1872
7;2025-11-21;16;2046
7;2025-11-21;17;2390
7;2025-11-21;18;2350
7;2025-11-21;19;1655
7;2025-11-21;20;1093
7;2025-11-21;21;655
7;2025-11-21;22;357
7;2025-11-21;23;216
7;2025-11-22;0;106
7;2025-11-22;1;25
7;2025-11-22;2;0
7;2025-11-22;3;0
7;2025-11-22;4;1
7;2025-11-22;5;56
7;2025-11-22;6;300
7;2025-11-22;7;481
7;2025-11-22;8;763
7;2025-11-22;9;883
7;2025-11-22;10;947
7;2025-11-22;11;1127
7;2025-11-22;12;1291
7;2025-11-22;13;1296
7;2025-11-22;14;1344
7;2025-11-22;15;1258
7;2025-11-22;16;1204
7;2025-11-22;17;1159
7;2025-11-22;18;1087
7;2025-11-22;19;1046
7;2025-11-22;20;783
7;2025-11-22;21;623
7;2025-11-22;22;330
7;2025-11-22;23;220
7;2025-11-23;0;99
7;2025-11-23;1;22
7;2025-11-23;2;1
7;2025-11-23;3;1
7;2025-11-23;4;0
7;2025-11-23;5;35
7;2025-11-23;6;195
7;2025-11-23;7;304
7;2025-11-23;8;507
7;2025-11-23;9;640
7;2025-11-23;10;714
7;2025-11-23;11;893
7;2025-11-23;12;1012
7;2025-11-23;13;1047
7;2025-11-23;14;1124
7;2025-11-23;15;1048
7;2025-11-23;16;966
7;2025-11-23;17;1000
7;2025-11-23;18;870
7;2025-11-23;19;739
7;2025-11-23;20;621
7;2025-11-23;21;491
7;2025-11-23;22;280
7;2025-11-23;23;163
7;2025-11-24;0;68
7;2025-11-24;1;13
7;2025-11-24;2;0
7;2025-11-24;3;0
7;2025-11-24;4;2
7;2025-11-24;5;200
7;2025-11-24;6;731
7;2025-11-24;7;1678
7;2025-11-24;8;2535
7;2025-11-24;9;1901
7;2025-11-24;10;1622
7;2025-11-24;11;1452
7;2025-11-24;12;1566
7;2025-11-24;13;1562
7;2025-11-24;14;1636
7;2025-11-24;15;1783
7;2025-11-24;16;1916
7;2025-11-24;17;2389
7;2025-11-24;18;2576
7;2025-11-24;19;1749
7;2025-11-24;20;1102
7;2025-11-24;21;623
7;2025-11-24;22;319
7;2025-11-24;23;187
7;2025-11-25;0;60
7;2025-11-25;1;13
7;2025-11-25;2;0
7;2025-11-25;3;0
7;2025-11-25;4;2
7;2025-11-25;5;202
7;2025-11-25;6;738
7;2025-11-25;7;1699
7;2025-11-25;8;2564
7;2025-11-25;9;1925
7;2025-11-25;10;1677
7;2025-11-25;11;1527
7;2025-11-25;12;1627
7;2025-11-25;13;1613
7;2025-11-25;14;1687
7;2025-11-25;15;1828
7;2025-11-25;16;1952
7;2025-11-25;17;2408
7;2025-11-25;18;2604
7;2025-11-25;19;1793
7;2025-11-25;20;1120
7;2025-11-25;21;666
7;2025-11-25;22;335
7;2025-11-25;23;190
7;2025-11-26;0;62
7;2025-11-26;1;12
7;2025-11-26;2;0
7;2025-11-26;3;0
7;2025-11-26;4;2
7;2025-11-26;5;199
7;2025-11-26;6;730
7;2025-11-26;7;1669
7;2025-11-26;8;2576
7;2025-11-26;9;1949
7;2025-11-26;10;1696
7;2025-11-26;11;1513
7;2025-11-26;12;1614
7;2025-11-26;13;1593
7;2025-11-26;14;1683
7;2025-11-26;15;1838
7;2025-11-26;16;1947
7;2025-11-26;17;2452
7;2025-11-26;18;2590
7;2025-11-26;19;1749
7;2025-11-26;20;1124
7;2025-11-26;21;659
7;2025-11-26;22;340
7;2025-11-26;23;202
7;2025-11-27;0;68
7;2025-11-27;1;13
7;2025-11-27;2;0
7;2025-11-27;3;0
7;2025-11-27;4;2
7;2025-11-27;5;195
7;2025-11-27;6;733
7;2025-11-27;7;1672
7;2025-11-27;8;2548
7;2025-11-27;9;1910
7;2025-11-27;10;1647
7;2025-11-27;11;1510
7;2025-11-27;12;1597
7;2025-11-27;13;1587
7;2025-11-27;14;1704
7;2025-11-27;15;1790
7;2025-11-27;16;1935
7;2025-11-27;17;2408
7;2025-11-27;18;2651
7;2025-11-27;19;1749
7;2025-11-27;20;1100
7;2025-11-27;21;667
7;2025-11-27;22;336
7;2025-11-27;23;199
7;2025-11-28;0;67
7;2025-11-28;1;13
7;2025-11-28;2;0
7;2025-11-28;3;0
7;2025-11-28;4;2
7;2025-11-28;5;193
7;2025-11-28;6;699
7;2025-11-28;7;1640
7;2025-11-28;8;2470
7;2025-11-28;9;1878
7;2025-11-28;10;1634
7;2025-11-28;11;1531
7;2025-11-28;12;1634
7;2025-11-28;13;1672
7;2025-11-28;14;1746
7;2025-11-28;15;1870
7;2025-11-28;16;2044
7;2025-11-28;17;2388
7;2025-11-28;18;2348
7;2025-11-28;19;1653
7;2025-11-28;20;1093
7;2025-11-28;21;654
7;2025-11-28;22;356
7;2025-11-28;23;216
7;2025-11-29;0;106
7;2025-11-29;1;25
7;2025-11-29;2;0
7;2025-11-29;3;0
7;2025-11-29;4;1
7;2025-11-29;5;56
7;2025-11-29;6;299
7;2025-11-29;7;480
7;2025-11-29;8;761
7;2025-11-29;9;880
7;2025-11-29;10;945
7;2025-11-29;11;1124
7;2025-11-29;12;1288
7;2025-11-29;13;1293
7;2025-11-29;14;1341
7;2025-11-29;15;1255
7;2025-11-29;16;1201
7;2025-11-29;17;1156
7;2025-11-29;18;1084
7;2025-11-29;19;1043
7;2025-11-29;20;781
7;2025-11-29;21;621
7;2025-11-29;22;329
7;2025-11-29;23;219
7;2025-11-30;0;99
7;2025-11-30;1;22
7;2025-11-30;2;1
7;2025-11-30;3;1
7;2025-11-30;4;0
7;2025-11-30;5;35
7;2025-11-30;6;196
7;2025-11-30;7;304
7;2025-11-30;8;507
7;2025-11-30;9;641
7;2025-11-30;10;714
7;2025-11-30;11;894
7;2025-11-30;12;1013
7;2025-11-30;13;1047
7;2025-11-30;14;1125
7;2025-11-30;15;1049
7;2025-11-30;16;967
7;2025-11-30;17;1001
7;2025-11-30;18;871
7;2025-11-30;19;740
7;2025-11-30;20;621
7;2025-11-30;21;491
7;2025-11-30;22;280
7;2025-11-30;23;163
7;2025-12-01;0;68
7;2025-12-01;1;13
7;2025-12-01;2;0
7;2025-12-01;3;0
7;2025-12-01;4;2
7;2025-12-01;5;200
7;2025-12-01;6;730
7;2025-12-01;7;1676
7;2025-12-01;8;2533
7;2025-12-01;9;1899
7;2025-12-01;10;1620
7;2025-12-01;11;1451
7;2025-12-01;12;1565
7;2025-12-01;13;1561
7;2025-12-01;14;1635
7;2025-12-01;15;1781
7;2025-12-01;16;1914
7;2025-12-01;17;2387
7;2025-12-01;18;2574
7;2025-12-01;19;1747
7;2025-12-01;20;1101
7;2025-12-01;21;623
7;2025-12-01;22;319
7;2025-12-01;23;186
7;2025-12-02;0;60
7;2025-12-02;1;13
7;2025-12-02;2;0
7;2025-12-02;3;0
7;2025-12-02;4;2
7;2025-12-02;5;202
7;2025-12-02;6;737
7;2025-12-02;7;1698
7;2025-12-02;8;2562
7;2025-12-02;9;1924
7;2025-12-02;10;1675
7;2025-12-02;11;1526
7;2025-12-02;12;1626
7;2025-12-02;13;1611
7;2025-12-02;14;1686
7;2025-12-02;15;1827
7;2025-12-02;16;1950
7;2025-12-02;17;2406
7;2025-12-02;18;2602
7;2025-12-02;19;1791
7;2025-12-02;20;1119
7;2025-12-02;21;665
7;2025-12-02;22;335
7;2025-12-02;23;190
7;2025-12-03;0;62
7;2025-12-03;1;11
7;2025-12-03;2;0
7;2025-12-03;3;0
7;2025-12-03;4;2
7;2025-12-03;5;199
7;2025-12-03;6;729
7;2025-12-03;7;1668
7;2025-12-03;8;2574
7;2025-12-03;9;1948
7;2025-12-03;10;1695
7;2025-12-03;11;1512
7;2025-12-03;12;1612
7;2025-12-03;13;1591
7;2025-12-03;14;1682
7;2025-12-03;15;1837
7;2025-12-03;16;1946
7;2025-12-03;17;2450
7;2025-12-03;18;2588
7;2025-12-03;19;1747
7;2025-12-03;20;1123
7;2025-12-03;21;659
7;2025-12-03;22;340
7;2025-12-03;23;202
7;2025-12-04;0;68
7;2025-12-04;1;13
7;2025-12-04;2;0
7;2025-12-04;3;0
7;2025-12-04;4;2
7;2025-12-04;5;194
7;2025-12-04;6;732
7;2025-12-04;7;1671
7;2025-12-04;8;2546
7;2025-12-04;9;1909
7;2025-12-04;10;1646
7;2025-12-04;11;1509
7;2025-12-04;12;1595
7;2025-12-04;13;1586
7;2025-12-04;14;1703
7;2025-12-04;15;1789
7;2025-12-04;16;1934
7;2025-12-04;17;2406
7;2025-12-04;18;2649
7;2025-12-04;19;1748
7;2025-12-04;20;1099
7;2025-12-04;21;666
7;2025-12-04;22;336
7;2025-12-04;23;198
7;2025-12-05;0;67
7;2025-12-05;1;13
7;2025-12-05;2;0
7;2025-12-05;3;0
7;2025-12-05;4;2
7;2025-12-05;5;192
7;2025-12-05;6;699
7;2025-12-05;7;1639
7;2025-12-05;8;2468
7;2025-12-05;9;1877
7;2025-12-05;10;1633
7;2025-12-05;11;1530
7;2025-12-05;12;1633
7;2025-12-05;13;1671
7;2025-12-05;14;1745
7;2025-12-05;15;1869
7;2025-12-05;16;2043
7;2025-12-05;17;2386
7;2025-12-05;18;2346
7;2025-12-05;19;1652
7;2025-12-05;20;1092
7;2025-12-05;21;653
7;2025-12-05;22;356
7;2025-12-05;23;216
7;2025-12-06;0;105
7;2025-12-06;1;25
7;2025-12-06;2;0
7;2025-12-06;3;0
7;2025-12-06;4;1
7;2025-12-06;5;56
7;2025-12-06;6;299
7;2025-12-06;7;478
7;2025-12-06;8;759
7;2025-12-06;9;878
7;2025-12-06;10;942
7;2025-12-06;11;1121
7;2025-12-06;12;1285
7;2025-12-06;13;1290
7;2025-12-06;14;1337
7;2025-12-06;15;1252
7;2025-12-06;16;1198
7;2025-12-06;17;1153
7;2025-12-06;18;1082
7;2025-12-06;19;1040
7;2025-12-06;20;779
7;2025-12-06;21;619
7;2025-12-06;22;328
7;2025-12-06;23;219
7;2025-12-07;0;99
7;2025-12-07;1;22
7;2025-12-07;2;1
7;2025-12-07;3;1
7;2025-12-07;4;0
7;2025-12-07;5;35
7;2025-12-07;6;196
7;2025-12-07;7;305
7;2025-12-07;8;508
7;2025-12-07;9;641
7;2025-12-07;10;715
7;2025-12-07;11;894
7;2025-12-07;12;1014
7;2025-12-07;13;1048
7;2025-12-07;14;1126
7;2025-12-07;15;1050
7;2025-12-07;16;968
7;2025-12-07;17;1002
7;2025-12-07;18;871
7;2025-12-07;19;740
7;2025-12-07;20;622
7;2025-12-07;21;491
7;2025-12-07;22;280
7;2025-12-07;23;163
7;2025-12-08;0;68
7;2025-12-08;1;13
7;2025-12-08;2;0
7;2025-12-08;3;0
7;2025-12-08;4;2
7;2025-12-08;5;199
7;2025-12-08;6;729
7;2025-12-08;7;1675
7;2025-12-08;8;2531
7;2025-12-08;9;1898
7;2025-12-08;10;1619
7;2025-12-08;11;1450
7;2025-12-08;12;1564
7;2025-12-08;13;1560
7;2025-12-08;14;1634
7;2025-12-08;15;1780
7;2025-12-08;16;1913
7;2025-12-08;17;2385
7;2025-12-08;18;2572
7;2025-12-08;19;1746
7;2025-12-08;20;1100
7;2025-12-08;21;622
7;2025-12-08;22;318
7;2025-12-08;23;186
7;2025-12-09;0;60
7;2025-12-09;1;13
7;2025-12-09;2;0
7;2025-12-09;3;0
7;2025-12-09;4;2
7;2025-12-09;5;202
7;2025-12-09;6;737
7;2025-12-09;7;1696
7;2025-12-09;8;2560
7;2025-12-09;9;1922
7;2025-12-09;10;1674
7;2025-12-09;11;1525
7;2025-12-09;12;1625
7;2025-12-09;13;1610
7;2025-12-09;14;1684
7;2025-12-09;15;1825
7;2025-12-09;16;1949
7;2025-12-09;17;2404
7;2025-12-09;18;2600
7;2025-12-09;19;1790
7;2025-12-09;20;1118
7;2025-12-09;21;665
7;2025-12-09;22;335
7;2025-12-09;23;189
7;2025-12-10;0;62
7;2025-12-10;1;11
7;2025-12-10;2;0
7;2025-12-10;3;0
7;2025-12-10;4;2
7;2025-12-10;5;198
7;2025-12-10;6;728
7;2025-12-10;7;1666
7;2025-12-10;8;2572
7;2025-12-10;9;1946
7;2025-12-10;10;1694
7;2025-12-10;11;1511
7;2025-12-10;12;1611
7;2025-12-10;13;1590
7;2025-12-10;14;1681
7;2025-12-10;15;1835
7;2025-12-10;16;1944
7;2025-12-10;17;2449
7;2025-12-10;18;2586
7;2025-12-10;19;1746
7;2025-12-10;20;1122
7;2025-12-10;21;658
7;2025-12-10;22;339
7;2025-12-10;23;202
7;2025-12-11;0;68
7;2025-12-11;1;13
7;2025-12-11;2;0
7;2025-12-11;3;0
7;2025-12-11;4;2
7;2025-12-11;5;194
7;2025-12-11;6;732
7;2025-12-11;7;1670
7;2025-12-11;8;2544
7;2025-12-11;9;1908
7;2025-12-11;10;1645
7;2025-12-11;11;1508
7;2025-12-11;12;1594
7;2025-12-11;13;1584
7;2025-12-11;14;1702
7;2025-12-11;15;1787
7;2025-12-11;16;1932
7;2025-12-11;17;2404
7;2025-12-11;18;2647
7;2025-12-11;19;1747
7;2025-12-11;20;1098
7;2025-12-11;21;666
7;2025-12-11;22;336
7;2025-12-11;23;198
7;2025-12-12;0;67
7;2025-12-12;1;13
7;2025-12-12;2;0
7;2025-12-12;3;0
7;2025-12-12;4;2
7;2025-12-12;5;192
7;2025-12-12;6;698
7;2025-12-12;7;1637
7;2025-12-12;8;2466
7;2025-12-12;9;1876
7;2025-12-12;10;1632
7;2025-12-12;11;1529
7;2025-12-12;12;1632
7;2025-12-12;13;1669
7;2025-12-12;14;1743
7;2025-12-12;15;1868
7;2025-12-12;16;2041
7;2025-12-12;17;2384
7;2025-12-12;18;2344
7;2025-12-12;19;1651
7;2025-12-12;20;1091
7;2025-12-12;21;653
7;2025-12-12;22;356
7;2025-12-12;23;216
7;2025-12-13;0;105
7;2025-12-13;1;25
7;2025-12-13;2;0
7;2025-12-13;3;0
7;2025-12-13;4;1
7;2025-12-13;5;56
7;2025-12-13;6;298
7;2025-12-13;7;477
7;2025-12-13;8;757
7;2025-12-13;9;876
7;2025-12-13;10;940
7;2025-12-13;11;1119
7;2025-12-13;12;1282
7;2025-12-13;13;1287
7;2025-12-13;14;1334
7;2025-12-13;15;1249
7;2025-12-13;16;1196
7;2025-12-13;17;1151
7;2025-12-13;18;1079
7;2025-12-13;19;1038
7;2025-12-13;20;778
7;2025-12-13;21;618
7;2025-12-13;22;327
7;2025-12-13;23;218
7;2025-12-14;0;99
7;2025-12-14;1;22
7;2025-12-14;2;1
7;2025-12-14;3;1
7;2025-12-14;4;0
7;2025-12-14;5;35
7;2025-12-14;6;196
7;2025-12-14;7;305
7;2025-12-14;8;508
7;2025-12-14;9;642
7;2025-12-14;10;715
7;2025-12-14;11;895
7;2025-12-14;12;1015
7;2025-12-14;13;1049
7;2025-12-14;14;1127
7;2025-12-14;15;1050
7;2025-12-14;16;968
7;2025-12-14;17;1003
7;2025-12-14;18;872
7;2025-12-14;19;741
7;2025-12-14;20;622
7;2025-12-14;21;492
7;2025-12-14;22;281
7;2025-12-14;23;164
7;2025-12-15;0;68
7;2025-12-15;1;13
7;2025-12-15;2;0
7;2025-12-15;3;0
7;2025-12-15;4;2
7;2025-12-15;5;199
7;2025-12-15;6;729
7;2025-12-15;7;1674
7;2025-12-15;8;2529
7;2025-12-15;9;1896
7;2025-12-15;10;1618
7;2025-12-15;11;1449
7;2025-12-15;12;1563
7;2025-12-15;13;1559
7;2025-12-15;14;1632
7;2025-12-15;15;1779
7;2025-12-15;16;1911
7;2025-12-15;17;2383
7;2025-12-15;18;2570
7;2025-12-15;19;1745
7;2025-12-15;20;1100
7;2025-12-15;21;622
7;2025-12-15;22;318
7;2025-12-15;23;186
7;2025-12-16;0;60
7;2025-12-16;1;13
7;2025-12-16;2;0
7;2025-12-16;3;0
7;2025-12-16;4;2
7;2025-12-16;5;202
7;2025-12-16;6;736
7;2025-12-16;7;1695
7;2025-12-16;8;2559
7;2025-12-16;9;1921
7;2025-12-16;10;1673
7;2025-12-16;11;1524
7;2025-12-16;12;1624
7;2025-12-16;13;1609
7;2025-12-16;14;1683
7;2025-12-16;15;1824
7;2025-12-16;16;1947
7;2025-12-16;17;2403
7;2025-12-16;18;2598
7;2025-12-16;19;1789
7;2025-12-16;20;1117
7;2025-12-16;21;664
7;2025-12-16;22;335
7;2025-12-16;23;189
7;2025-12-17;0;62
7;2025-12-17;1;11
7;2025-12-17;2;0
7;2025-12-17;3;0
7;2025-12-17;4;2
7;2025-12-17;5;198
7;2025-12-17;6;728
7;2025-12-17;7;1665
7;2025-12-17;8;2570
7;2025-12-17;9;1945
7;2025-12-17;10;1693
7;2025-12-17;11;1510
7;2025-12-17;12;1610
7;2025-12-17;13;1589
7;2025-12-17;14;1680
7;2025-12-17;15;1834
7;2025-12-17;16;1943
7;2025-12-17;17;2447
7;2025-12-17;18;2584
7;2025-12-17;19;1745
7;2025-12-17;20;1122
7;2025-12-17;21;658
7;2025-12-17;22;339
7;2025-12-17;23;202
7;2025-12-18;0;68
7;2025-12-18;1;13
7;2025-12-18;2;0
7;2025-12-18;3;0
7;2025-12-18;4;2
7;2025-12-18;5;194
7;2025-12-18;6;731
7;2025-12-18;7;1669
7;2025-12-18;8;2543
7;2025-12-18;9;1906
7;2025-12-18;10;1643
7;2025-12-18;11;1506
7;2025-12-18;12;1593
7;2025-12-18;13;1583
7;2025-12-18;14;1701
7;2025-12-18;15;1786
7;2025-12-18;16;1931
7;2025-12-18;17;2402
7;2025-12-18;18;2645
7;2025-12-18;19;1746
7;2025-12-18;20;1098
7;2025-12-18;21;665
7;2025-12-18;22;336
7;2025-12-18;23;198
7;2025-12-19;0;67
7;2025-12-19;1;13
7;2025-12-19;2;0
7;2025-12-19;3;0
7;2025-12-19;4;2
7;2025-12-19;5;192
7;2025-12-19;6;698
7;2025-12-19;7;1636
7;2025-12-19;8;2464
7;2025-12-19;9;1874
7;2025-12-19;10;1631
7;2025-12-19;11;1528
7;2025-12-19;12;1631
7;2025-12-19;13;1668
7;2025-12-19;14;1742
7;2025-12-19;15;1866
7;2025-12-19;16;2040
7;2025-12-19;17;2382
7;2025-12-19;18;2343
7;2025-12-19;19;1650
7;2025-12-19;20;1090
7;2025-12-19;21;652
7;2025-12-19;22;356
7;2025-12-19;23;215
7;2025-12-20;0;105
7;2025-12-20;1;24
7;2025-12-20;2;0
7;2025-12-20;3;0
7;2025-12-20;4;1
7;2025-12-20;5;56
7;2025-12-20;6;297
7;2025-12-20;7;476
7;2025-12-20;8;756
7;2025-12-20;9;875
7;2025-12-20;10;938
7;2025-12-20;11;1116
7;2025-12-20;12;1280
7;2025-12-20;13;1284
7;2025-12-20;14;1332
7;2025-12-20;15;1246
7;2025-12-20;16;1193
7;2025-12-20;17;1149
7;2025-12-20;18;1077
7;2025-12-20;19;1036
7;2025-12-20;20;776
7;2025-12-20;21;617
7;2025-12-20;22;327
7;2025-12-20;23;218
7;2025-12-21;0;99
7;2025-12-21;1;22
7;2025-12-21;2;1
7;2025-12-21;3;1
7;2025-12-21;4;0
7;2025-12-21;5;35
7;2025-12-21;6;196
7;2025-12-21;7;305
7;2025-12-21;8;509
7;2025-12-21;9;642
7;2025-12-21;10;716
7;2025-12-21;11;896
7;2025-12-21;12;1015
7;2025-12-21;13;1050
7;2025-12-21;14;1128
7;2025-12-21;15;1051
7;2025-12-21;16;969
7;2025-12-21;17;1003
7;2025-12-21;18;873
7;2025-12-21;19;741
7;2025-12-21;20;623
7;2025-12-21;21;492
7;2025-12-21;22;281
7;2025-12-21;23;164
7;2025-12-22;0;68
7;2025-12-22;1;13
7;2025-12-22;2;0
7;2025-12-22;3;0
7;2025-12-22;4;2
7;2025-12-22;5;199
7;2025-12-22;6;728
7;2025-12-22;7;1673
7;2025-12-22;8;2528
7;2025-12-22;9;1895
7;2025-12-22;10;1617
7;2025-12-22;11;1448
7;2025-12-22;12;1562
7;2025-12-22;13;1558
7;2025-12-22;14;1631
7;2025-12-22;15;1778
7;2025-12-22;16;1910
7;2025-12-22;17;2382
7;2025-12-22;18;2568
7;2025-12-22;19;1744
7;2025-12-22;20;1099
7;2025-12-22;21;622
7;2025-12-22;22;318
7;2025-12-22;23;186
7;2025-12-23;0;60
7;2025-12-23;1;13
7;2025-12-23;2;0
7;2025-12-23;3;0
7;2025-12-23;4;2
7;2025-12-23;5;202
7;2025-12-23;6;736
7;2025-12-23;7;1694
7;2025-12-23;8;2557
7;2025-12-23;9;1919
7;2025-12-23;10;1672
7;2025-12-23;11;1523
7;2025-12-23;12;1623
7;2025-12-23;13;1608
7;2025-12-23;14;1682
7;2025-12-23;15;1823
7;2025-12-23;16;1946
7;2025-12-23;17;2401
7;2025-12-23;18;2596
7;2025-12-23;19;1787
7;2025-12-23;20;1116
7;2025-12-23;21;664
7;2025-12-23;22;334
7;2025-12-23;23;189
7;2025-12-24;0;62
7;2025-12-24;1;11
7;2025-12-24;2;0
7;2025-12-24;3;0
7;2025-12-24;4;2
7;2025-12-24;5;198
7;2025-12-24;6;727
7;2025-12-24;7;1664
7;2025-12-24;8;2568
7;2025-12-24;9;1944
7;2025-12-24;10;1692
7;2025-12-24;11;1509
7;2025-12-24;12;1609
7;2025-12-24;13;1588
7;2025-12-24;14;1679
7;2025-12-24;15;1833
7;2025-12-24;16;1941
7;2025-12-24;17;2445
7;2025-12-24;18;2582
7;2025-12-24;19;1744
7;2025-12-24;20;1121
7;2025-12-24;21;657
7;2025-12-24;22;339
7;2025-12-24;23;202
7;2025-12-25;0;68
7;2025-12-25;1;13
7;2025-12-25;2;0
7;2025-12-25;3;0
7;2025-12-25;4;2
7;2025-12-25;5;194
7;2025-12-25;6;731
7;2025-12-25;7;1668
7;2025-12-25;8;2541
7;2025-12-25;9;1905
7;2025-12-25;10;1642
7;2025-12-25;11;1505
7;2025-12-25;12;1592
7;2025-12-25;13;1582
7;2025-12-25;14;1699
7;2025-12-25;15;1785
7;2025-12-25;16;1930
7;2025-12-25;17;2401
7;2025-12-25;18;2644
7;2025-12-25;19;1744
7;2025-12-25;20;1097
7;2025-12-25;21;665
7;2025-12-25;22;335
7;2025-12-25;23;198
7;2025-12-26;0;67
7;2025-12-26;1;13
7;2025-12-26;2;0
7;2025-12-26;3;0
7;2025-12-26;4;2
7;2025-12-26;5;192
7;2025-12-26;6;697
7;2025-12-26;7;1635
7;2025-12-26;8;2463
7;2025-12-26;9;1873
7;2025-12-26;10;1630
7;2025-12-26;11;1527
7;2025-12-26;12;1629
7;2025-12-26;13;1667
7;2025-12-26;14;1741
7;2025-12-26;15;1865
7;2025-12-26;16;2039
7;2025-12-26;17;2381
7;2025-12-26;18;2341
7;2025-12-26;19;1649
7;2025-12-26;20;1089
7;2025-12-26;21;652
7;2025-12-26;22;355
7;2025-12-26;23;215
7;2025-12-27;0;105
7;2025-12-27;1;24
7;2025-12-27;2;0
7;2025-12-27;3;0
7;2025-12-27;4;1
7;2025-12-27;5;56
7;2025-12-27;6;297
7;2025-12-27;7;475
7;2025-12-27;8;754
7;2025-12-27;9;873
7;2025-12-27;10;937
7;2025-12-27;11;1114
7;2025-12-27;12;1277
7;2025-12-27;13;1282
7;2025-12-27;14;1329
7;2025-12-27;15;1244
7;2025-12-27;16;1191
7;2025-12-27;17;1147
7;2025-12-27;18;1075
7;2025-12-27;19;1034
7;2025-12-27;20;775
7;2025-12-27;21;616
7;2025-12-27;22;326
7;2025-12-27;23;218
7;2025-12-28;0;99
7;2025-12-28;1;22
7;2025-12-28;2;1
7;2025-12-28;3;1
7;2025-12-28;4;0
7;2025-12-28;5;35
7;2025-12-28;6;196
7;2025-12-28;7;305
7;2025-12-28;8;509
7;2025-12-28;9;643
7;2025-12-28;10;716
7;2025-12-28;11;896
7;2025-12-28;12;1016
7;2025-12-28;13;1050
7;2025-12-28;14;1128
7;2025-12-28;15;1052
7;2025-12-28;16;970
7;2025-12-28;17;1004
7;2025-12-28;18;873
7;2025-12-28;19;742
7;2025-12-28;20;623
7;2025-12-28;21;492
7;2025-12-28;22;281
7;2025-12-28;23;164
7;2025-12-29;0;68
7;2025-12-29;1;13
7;2025-12-29;2;0
7;2025-12-29;3;0
7;2025-12-29;4;2
7;2025-12-29;5;199
7;2025-12-29;6;728
7;2025-12-29;7;1672
7;2025-12-29;8;2526
7;2025-12-29;9;1894
7;2025-12-29;10;1616
7;2025-12-29;11;1447
7;2025-12-29;12;1561
7;2025-12-29;13;1557
7;2025-12-29;14;1630
7;2025-12-29;15;1776
7;2025-12-29;16;1909
7;2025-12-29;17;2380
7;2025-12-29;18;2567
7;2025-12-29;19;1742
7;2025-12-29;20;1098
7;2025-12-29;21;621
7;2025-12-29;22;318
7;2025-12-29;23;186
7;2025-12-30;0;60
7;2025-12-30;1;13
7;2025-12-30;2;0
7;2025-12-30;3;0
7;2025-12-30;4;2
7;2025-12-30;5;202
7;2025-12-30;6;735
7;2025-12-30;7;1693
7;2025-12-30;8;2555
7;2025-12-30;9;1918
7;2025-12-30;10;1671
7;2025-12-30;11;1522
7;2025-12-30;12;1621
7;2025-12-30;13;1607
7;2025-12-30;14;1681
7;2025-12-30;15;1822
7;2025-12-30;16;1945
7;2025-12-30;17;2399
7;2025-12-30;18;2595
7;2025-12-30;19;1786
7;2025-12-30;20;1116
7;2025-12-30;21;663
7;2025-12-30;22;334
7;2025-12-30;23;189
7;2025-12-31;0;97
7;2025-12-31;1;22
7;2025-12-31;2;1
7;2025-12-31;3;1
7;2025-12-31;4;0
7;2025-12-31;5;36
7;2025-12-31;6;202
7;2025-12-31;7;309
7;2025-12-31;8;511
7;2025-12-31;9;639
7;2025-12-31;10;709
7;2025-12-31;11;882
7;2025-12-31;12;1002
7;2025-12-31;13;1049
7;2025-12-31;14;1118
7;2025-12-31;15;1041
7;2025-12-31;16;968
7;2025-12-31;17;977
7;2025-12-31;18;873
7;2025-12-31;19;757
7;2025-12-31;20;622
7;2025-12-31;21;492
7;2025-12-31;22;289
7;2025-12-31;23;165
11;2025-11-01;0;70
11;2025-11-01;1;2
11;2025-11-01;2;0
11;2025-11-01;3;0
11;2025-11-01;4;2
11;2025-11-01;5;293
11;2025-11-01;6;1316
11;2025-11-01;7;2429
11;2025-11-01;8;3224
11;2025-11-01;9;2471
11;2025-11-01;10;1922
11;2025-11-01;11;1879
11;2025-11-01;12;1889
11;2025-11-01;13;2040
11;2025-11-01;14;2019
11;2025-11-01;15;2131
11;2025-11-01;16;2332
11;2025-11-01;17;2877
11;2025-11-01;18;3010
11;2025-11-01;19;2230
11;2025-11-01;20;1463
11;2025-11-01;21;883
11;2025-11-01;22;446
11;2025-11-01;23;242
11;2025-11-02;0;100
11;2025-11-02;1;12
11;2025-11-02;2;1
11;2025-11-02;3;1
11;2025-11-02;4;3
11;2025-11-02;5;120
11;2025-11-02;6;465
11;2025-11-02;7;492
11;2025-11-02;8;623
11;2025-11-02;9;850
11;2025-11-02;10;952
11;2025-11-02;11;1339
11;2025-11-02;12;1500
11;2025-11-02;13;1455
11;2025-11-02;14;1531
11;2025-11-02;15;1562
11;2025-11-02;16;1487
11;2025-11-02;17;1543
11;2025-11-02;18;1248
11;2025-11-02;19;1028
11;2025-11-02;20;835
11;2025-11-02;21;613
11;2025-11-02;22;348
11;2025-11-02;23;241
11;2025-11-03;0;96
11;2025-11-03;1;12
11;2025-11-03;2;1
11;2025-11-03;3;1
11;2025-11-03;4;3
11;2025-11-03;5;125
11;2025-11-03;6;468
11;2025-11-03;7;487
11;2025-11-03;8;614
11;2025-11-03;9;821
11;2025-11-03;10;913
11;2025-11-03;11;1291
11;2025-11-03;12;1450
11;2025-11-03;13;1405
11;2025-11-03;14;1496
11;2025-11-03;15;1530
11;2025-11-03;16;1458
11;2025-11-03;17;1491
11;2025-11-03;18;1233
11;2025-11-03;19;1038
11;2025-11-03;20;843
11;2025-11-03;21;622
11;2025-11-03;22;351
11;2025-11-03;23;246
11;2025-11-04;0;96
11;2025-11-04;1;12
11;2025-11-04;2;1
11;2025-11-04;3;1
11;2025-11-04;4;3
11;2025-11-04;5;125
11;2025-11-04;6;468
11;2025-11-04;7;487
11;2025-11-04;8;614
11;2025-11-04;9;821
11;2025-11-04;10;914
11;2025-11-04;11;1292
11;2025-11-04;12;1451
11;2025-11-04;13;1406
11;2025-11-04;14;1496
11;2025-11-04;15;1531
11;2025-11-04;16;1459
11;2025-11-04;17;1492
11;2025-11-04;18;1234
11;2025-11-04;19;1039
11;2025-11-04;20;843
11;2025-11-04;21;622
11;2025-11-04;22;351
11;2025-11-04;23;246
11;2025-11-05;0;67
11;2025-11-05;1;1
11;2025-11-05;2;0
11;2025-11-05;3;0
11;2025-11-05;4;2
11;2025-11-05;5;290
11;2025-11-05;6;1281
11;2025-11-05;7;2411
11;2025-11-05;8;3200
11;2025-11-05;9;2411
11;2025-11-05;10;1883
11;2025-11-05;11;1869
11;2025-11-05;12;1897
11;2025-11-05;13;2040
11;2025-11-05;14;2000
11;2025-11-05;15;2090
11;2025-11-05;16;2243
11;2025-11-05;17;2818
11;2025-11-05;18;3000
11;2025-11-05;19;2228
11;2025-11-05;20;1467
11;2025-11-05;21;881
11;2025-11-05;22;439
11;2025-11-05;23;243
11;2025-11-06;0;69
11;2025-11-06;1;2
11;2025-11-06;2;0
11;2025-11-06;3;0
11;2025-11-06;4;2
11;2025-11-06;5;291
11;2025-11-06;6;1292
11;2025-11-06;7;2374
11;2025-11-06;8;3124
11;2025-11-06;9;2450
11;2025-11-06;10;1941
11;2025-11-06;11;1851
11;2025-11-06;12;1904
11;2025-11-06;13;2042
11;2025-11-06;14;2006
11;2025-11-06;15;2094
11;2025-11-06;16;2286
11;2025-11-06;17;2817
11;2025-11-06;18;3018
11;2025-11-06;19;2211
11;2025-11-06;20;1450
11;2025-11-06;21;894
11;2025-11-06;22;449
11;2025-11-06;23;243
11;2025-11-07;0;74
11;2025-11-07;1;2
11;2025-11-07;2;0
11;2025-11-07;3;0
11;2025-11-07;4;2
11;2025-11-07;5;288
11;2025-11-07;6;1287
11;2025-11-07;7;2337
11;2025-11-07;8;3110
11;2025-11-07;9;2387
11;2025-11-07;10;1901
11;2025-11-07;11;1860
11;2025-11-07;12;1874
11;2025-11-07;13;2008
11;2025-11-07;14;2042
11;2025-11-07;15;2190
11;2025-11-07;16;2402
11;2025-11-07;17;2882
11;2025-11-07;18;2741
11;2025-11-07;19;2107
11;2025-11-07;20;1425
11;2025-11-07;21;879
11;2025-11-07;22;457
11;2025-11-07;23;270
11;2025-11-08;0;101
11;2025-11-08;1;3
11;2025-11-08;2;0
11;2025-11-08;3;0
11;2025-11-08;4;4
11;2025-11-08;5;201
11;2025-11-08;6;748
11;2025-11-08;7;715
11;2025-11-08;8;1013
11;2025-11-08;9;1162
11;2025-11-08;10;1271
11;2025-11-08;11;1659
11;2025-11-08;12;1869
11;2025-11-08;13;1791
11;2025-11-08;14;1830
11;2025-11-08;15;1767
11;2025-11-08;16;1787
11;2025-11-08;17;1805
11;2025-11-08;18;1539
11;2025-11-08;19;1408
11;2025-11-08;20;1067
11;2025-11-08;21;748
11;2025-11-08;22;435
11;2025-11-08;23;308
11;2025-11-09;0;100
11;2025-11-09;1;12
11;2025-11-09;2;1
11;2025-11-09;3;1
11;2025-11-09;4;3
11;2025-11-09;5;120
11;2025-11-09;6;466
11;2025-11-09;7;493
11;2025-11-09;8;626
11;2025-11-09;9;853
11;2025-11-09;10;955
11;2025-11-09;11;1343
11;2025-11-09;12;1505
11;2025-11-09;13;1460
11;2025-11-09;14;1536
11;2025-11-09;15;1567
11;2025-11-09;16;1492
11;2025-11-09;17;1548
11;2025-11-09;18;1252
11;2025-11-09;19;1031
11;2025-11-09;20;838
11;2025-11-09;21;615
11;2025-11-09;22;349
11;2025-11-09;23;242
11;2025-11-10;0;72
11;2025-11-10;1;5
11;2025-11-10;2;0
11;2025-11-10;3;0
11;2025-11-10;4;2
11;2025-11-10;5;291
11;2025-11-10;6;1318
11;2025-11-10;7;2390
11;2025-11-10;8;3171
11;2025-11-10;9;2433
11;2025-11-10;10;1871
11;2025-11-10;11;1859
11;2025-11-10;12;1823
11;2025-11-10;13;1982
11;2025-11-10;14;1964
11;2025-11-10;15;2080
11;2025-11-10;16;2297
11;2025-11-10;17;2831
11;2025-11-10;18;3037
11;2025-11-10;19;2247
11;2025-11-10;20;1456
11;2025-11-10;21;858
11;2025-11-10;22;431
11;2025-11-10;23;226
11;2025-11-11;0;68
11;2025-11-11;1;3
11;2025-11-11;2;0
11;2025-11-11;3;0
11;2025-11-11;4;2
11;2025-11-11;5;286
11;2025-11-11;6;1321
11;2025-11-11;7;2417
11;2025-11-11;8;3217
11;2025-11-11;9;2456
11;2025-11-11;10;1895
11;2025-11-11;11;1848
11;2025-11-11;12;1852
11;2025-11-11;13;2028
11;2025-11-11;14;2014
11;2025-11-11;15;2109
11;2025-11-11;16;2307
11;2025-11-11;17;2863
11;2025-11-11;18;3025
11;2025-11-11;19;2225
11;2025-11-11;20;1452
11;2025-11-11;21;878
11;2025-11-11;22;438
11;2025-11-11;23;232
11;2025-11-12;0;67
11;2025-11-12;1;1
11;2025-11-12;2;0
11;2025-11-12;3;0
11;2025-11-12;4;2
11;2025-11-12;5;290
11;2025-11-12;6;1281
11;2025-11-12;7;2411
11;2025-11-12;8;3200
11;2025-11-12;9;2411
11;2025-11-12;10;1883
11;2025-11-12;11;1869
11;2025-11-12;12;1897
11;2025-11-12;13;2040
11;2025-11-12;14;2000
11;2025-11-12;15;2090
11;2025-11-12;16;2243
11;2025-11-12;17;2818
11;2025-11-12;18;3001
11;2025-11-12;19;2228
11;2025-11-12;20;1467
11;2025-11-12;21;881
11;2025-11-12;22;439
11;2025-11-12;23;243
11;2025-11-13;0;69
11;2025-11-13;1;2
11;2025-11-13;2;0
11;2025-11-13;3;0
11;2025-11-13;4;2
11;2025-11-13;5;291
11;2025-11-13;6;1292
11;2025-11-13;7;2374
11;2025-11-13;8;3124
11;2025-11-13;9;2450
11;2025-11-13;10;1941
11;2025-11-13;11;1851
11;2025-11-13;12;1904
11;2025-11-13;13;2042
11;2025-11-13;14;2006
11;2025-11-13;15;2094
11;2025-11-13;16;2286
11;2025-11-13;17;2817
11;2025-11-13;18;3018
11;2025-11-13;19;2211
11;2025-11-13;20;1450
11;2025-11-13;21;894
11;2025-11-13;22;449
11;2025-11-13;23;243
11;2025-11-14;0;74
11;2025-11-14;1;2
11;2025-11-14;2;0
11;2025-11-14;3;0
11;2025-11-14;4;2
11;2025-11-14;5;288
11;2025-11-14;6;1287
11;2025-11-14;7;2337
11;2025-11-14;8;3110
11;2025-11-14;9;2387
11;2025-11-14;10;1901
11;2025-11-14;11;1860
11;2025-11-14;12;1874
11;2025-11-14;13;2008
11;2025-11-14;14;2042
11;2025-11-14;15;2191
11;2025-11-14;16;2402
11;2025-11-14;17;2882
11;2025-11-14;18;2741
11;2025-11-14;19;2107
11;2025-11-14;20;1425
11;2025-11-14;21;879
11;2025-11-14;22;457
11;2025-11-14;23;270
11;2025-11-15;0;101
11;2025-11-15;1;3
11;2025-11-15;2;0
11;2025-11-15;3;0
11;2025-11-15;4;4
11;2025-11-15;5;201
11;2025-11-15;6;749
11;2025-11-15;7;715
11;2025-11-15;8;1014
11;2025-11-15;9;1162
11;2025-11-15;10;1272
11;2025-11-15;11;1660
11;2025-11-15;12;1870
11;2025-11-15;13;1792
11;2025-11-15;14;1831
11;2025-11-15;15;1768
11;2025-11-15;16;1788
11;2025-11-15;17;1806
11;2025-11-15;18;1539
11;2025-11-15;19;1409
11;2025-11-15;20;1068
11;2025-11-15;21;749
11;2025-11-15;22;435
11;2025-11-15;23;308
11;2025-11-16;0;101
11;2025-11-16;1;12
11;2025-11-16;2;1
11;2025-11-16;3;1
11;2025-11-16;4;3
11;2025-11-16;5;121
11;2025-11-16;6;468
11;2025-11-16;7;495
11;2025-11-16;8;628
11;2025-11-16;9;856
11;2025-11-16;10;958
11;2025-11-16;11;1347
11;2025-11-16;12;1510
11;2025-11-16;13;1464
11;2025-11-16;14;1541
11;2025-11-16;15;1572
11;2025-11-16;16;1496
11;2025-11-16;17;1553
11;2025-11-16;18;1256
11;2025-11-16;19;1034
11;2025-11-16;20;841
11;2025-11-16;21;617
11;2025-11-16;22;350
11;2025-11-16;23;243
11;2025-11-17;0;72
11;2025-11-17;1;5
11;2025-11-17;2;0
11;2025-11-17;3;0
11;2025-11-17;4;2
11;2025-11-17;5;291
11;2025-11-17;6;1318
11;2025-11-17;7;2390
11;2025-11-17;8;3171
11;2025-11-17;9;2433
11;2025-11-17;10;1871
11;2025-11-17;11;1859
11;2025-11-17;12;1823
11;2025-11-17;13;1982
11;2025-11-17;14;1964
11;2025-11-17;15;2080
11;2025-11-17;16;2297
11;2025-11-17;17;2831
11;2025-11-17;18;3037
11;2025-11-17;19;2247
11;2025-11-17;20;1456
11;2025-11-17;21;858
11;2025-11-17;22;431
11;2025-11-17;23;226
11;2025-11-18;0;68
11;2025-11-18;1;3
11;2025-11-18;2;0
11;2025-11-18;3;0
11;2025-11-18;4;2
11;2025-11-18;5;286
11;2025-11-18;6;1321
11;2025-11-18;7;2417
11;2025-11-18;8;3217
11;2025-11-18;9;2456
11;2025-11-18;10;1895
11;2025-11-18;11;1848
11;2025-11-18;12;1852
11;2025-11-18;13;2028
11;2025-11-18;14;2014
11;2025-11-18;15;2109
11;2025-11-18;16;2307
11;2025-11-18;17;2863
11;2025-11-18;18;3025
11;2025-11-18;19;2225
11;2025-11-18;20;1452
11;2025-11-18;21;878
11;2025-11-18;22;438
11;2025-11-18;23;232
11;2025-11-19;0;67
11;2025-11-19;1;1
11;2025-11-19;2;0
11;2025-11-19;3;0
11;2025-11-19;4;2
11;2025-11-19;5;290
11;2025-11-19;6;1281
11;2025-11-19;7;2411
11;2025-11-19;8;3200
11;2025-11-19;9;2411
11;2025-11-19;10;1883
11;2025-11-19;11;1869
11;2025-11-19;12;1897
11;2025-11-19;13;2040
11;2025-11-19;14;2000
11;2025-11-19;15;2090
11;2025-11-19;16;2244
11;2025-11-19;17;2818
11;2025-11-19;18;3001
11;2025-11-19;19;2228
11;2025-11-19;20;1467
11;2025-11-19;21;881
11;2025-11-19;22;439
11;2025-11-19;23;243
11;2025-11-20;0;69
11;2025-11-20;1;2
11;2025-11-20;2;0
11;2025-11-20;3;0
11;2025-11-20;4;2
11;2025-11-20;5;291
11;2025-11-20;6;1292
11;2025-11-20;7;2374
11;2025-11-20;8;3124
11;2025-11-20;9;2450
11;2025-11-20;10;1941
11;2025-11-20;11;1851
11;2025-11-20;12;1904
11;2025-11-20;13;2042
11;2025-11-20;14;2006
11;2025-11-20;15;2094
11;2025-11-20;16;2286
11;2025-11-20;17;2817
11;2025-11-20;18;3018
11;2025-11-20;19;2211
11;2025-11-20;20;1450
11;2025-11-20;21;894
11;2025-11-20;22;449
11;2025-11-20;23;243
11;2025-11-21;0;74
11;2025-11-21;1;2
11;2025-11-21;2;0
11;2025-11-21;3;0
11;2025-11-21;4;2
11;2025-11-21;5;288
11;2025-11-21;6;1287
11;2025-11-21;7;2337
11;2025-11-21;8;3110
11;2025-11-21;9;2387
11;2025-11-21;10;1901
11;2025-11-21;11;1860
11;2025-11-21;12;1874
11;2025-11-21;13;2008
11;2025-11-21;14;2042
11;2025-11-21;15;2191
11;2025-11-21;16;2402
11;2025-11-21;17;2882
11;2025-11-21;18;2741
11;2025-11-21;19;2107
11;2025-11-21;20;1425
11;2025-11-21;21;879
11;2025-11-21;22;457
11;2025-11-21;23;270
11;2025-11-22;0;101
11;2025-11-22;1;3
11;2025-11-22;2;0
11;2025-11-22;3;0
11;2025-11-22;4;4
11;2025-11-22;5;201
11;2025-11-22;6;749
11;2025-11-22;7;715
11;2025-11-22;8;1014
11;2025-11-22;9;1163
11;2025-11-22;10;1272
11;2025-11-22;11;1661
11;2025-11-22;12;1871
11;2025-11-22;13;1793
11;2025-11-22;14;1832
11;2025-11-22;15;1769
11;2025-11-22;16;1789
11;2025-11-22;17;1806
11;2025-11-22;18;1540
11;2025-11-22;19;1410
11;2025-11-22;20;1068
11;2025-11-22;21;749
11;2025-11-22;22;435
11;2025-11-22;23;308
11;2025-11-23;0;101
11;2025-11-23;1;12
11;2025-11-23;2;1
11;2025-11-23;3;1
11;2025-11-23;4;3
11;2025-11-23;5;121
11;2025-11-23;6;469
11;2025-11-23;7;496
11;2025-11-23;8;629
11;2025-11-23;9;858
11;2025-11-23;10;961
11;2025-11-23;11;1351
11;2025-11-23;12;1514
11;2025-11-23;13;1468
11;2025-11-23;14;1545
11;2025-11-23;15;1576
11;2025-11-23;16;1500
11;2025-11-23;17;1557
11;2025-11-23;18;1259
11;2025-11-23;19;1037
11;2025-11-23;20;843
11;2025-11-23;21;619
11;2025-11-23;22;351
11;2025-11-23;23;244
11;2025-11-24;0;72
11;2025-11-24;1;5
11;2025-11-24;2;0
11;2025-11-24;3;0
11;2025-11-24;4;2
11;2025-11-24;5;291
11;2025-11-24;6;1318
11;2025-11-24;7;2390
11;2025-11-24;8;3171
11;2025-11-24;9;2433
11;2025-11-24;10;1871
11;2025-11-24;11;1859
11;2025-11-24;12;1823
11;2025-11-24;13;1982
11;2025-11-24;14;1964
11;2025-11-24;15;2080
11;2025-11-24;16;2297
11;2025-11-24;17;2831
11;2025-11-24;18;3037
11;2025-11-24;19;2247
11;2025-11-24;20;1456
11;2025-11-24;21;858
11;2025-11-24;22;431
11;2025-11-24;23;226
11;2025-11-25;0;68
11;2025-11-25;1;3
11;2025-11-25;2;0
11;2025-11-25;3;0
11;2025-11-25;4;2
11;2025-11-25;5;286
11;2025-11-25;6;1321
11;2025-11-25;7;2417
11;2025-11-25;8;3217
11;2025-11-25;9;2456
11;2025-11-25;10;1895
11;2025-11-25;11;1848
11;2025-11-25;12;1852
11;2025-11-25;13;2028
11;2025-11-25;14;2014
11;2025-11-25;15;2109
11;2025-11-25;16;2307
11;2025-11-25;17;2863
11;2025-11-25;18;3025
11;2025-11-25;19;2225
11;2025-11-25;20;1452
11;2025-11-25;21;878
11;2025-11-25;22;438
11;2025-11-25;23;232
11;2025-11-26;0;67
11;2025-11-26;1;1
11;2025-11-26;2;0
11;2025-11-26;3;0
11;2025-11-26;4;2
11;2025-11-26;5;290
11;2025-11-26;6;1281
11;2025-11-26;7;2411
11;2025-11-26;8;3200
11;2025-11-26;9;2411
11;2025-11-26;10;1883
11;2025-11-26;11;1869
11;2025-11-26;12;1897
11;2025-11-26;13;2040
11;2025-11-26;14;2000
11;2025-11-26;15;2090
11;2025-11-26;16;2244
11;2025-11-26;17;2818
11;2025-11-26;18;3001
11;2025-11-26;19;2228
11;2025-11-26;20;1467
11;2025-11-26;21;881
11;2025-11-26;22;439
11;2025-11-26;23;243
11;2025-11-27;0;69
11;2025-11-27;1;2
11;2025-11-27;2;0
11;2025-11-27;3;0
11;2025-11-27;4;2
11;2025-11-27;5;291
11;2025-11-27;6;1292
11;2025-11-27;7;2374
11;2025-11-27;8;3124
11;2025-11-27;9;2450
11;2025-11-27;10;1941
11;2025-11-27;11;1851
11;2025-11-27;12;1904
11;2025-11-27;13;2042
11;2025-11-27;14;2006
11;2025-11-27;15;2094
11;2025-11-27;16;2286
11;2025-11-27;17;2817
11;2025-11-27;18;3018
11;2025-11-27;19;2211
11;2025-11-27;20;1450
11;2025-11-27;21;894
11;2025-11-27;22;449
11;2025-11-27;23;243
11;2025-11-28;0;74
11;2025-11-28;1;2
11;2025-11-28;2;0
11;2025-11-28;3;0
11;2025-11-28;4;2
11;2025-11-28;5;288
11;2025-11-28;6;1287
11;2025-11-28;7;2337
11;2025-11-28;8;3110
11;2025-11-28;9;2387
11;2025-11-28;10;1901
11;2025-11-28;11;1860
11;2025-11-28;12;1874
11;2025-11-28;13;2008
11;2025-11-28;14;2042
11;2025-11-28;15;2191
11;2025-11-28;16;2402
11;2025-11-28;17;2882
11;2025-11-28;18;2741
11;2025-11-28;19;2107
11;2025-11-28;20;1425
11;2025-11-28;21;879
11;2025-11-28;22;457
11;2025-11-28;23;270
11;2025-11-29;0;102
11;2025-11-29;1;3
11;2025-11-29;2;0
11;2025-11-29;3;0
11;2025-11-29;4;4
11;2025-11-29;5;201
11;2025-11-29;6;749
11;2025-11-29;7;715
11;2025-11-29;8;1014
11;2025-11-29;9;1163
11;2025-11-29;10;1273
11;2025-11-29;11;1661
11;2025-11-29;12;1872
11;2025-11-29;13;1793
11;2025-11-29;14;1832
11;2025-11-29;15;1769
11;2025-11-29;16;1789
11;2025-11-29;17;1807
11;2025-11-29;18;1540
11;2025-11-29;19;1410
11;2025-11-29;20;1068
11;2025-11-29;21;749
11;2025-11-29;22;435
11;2025-11-29;23;309
11;2025-11-30;0;101
11;2025-11-30;1;12
11;2025-11-30;2;1
11;2025-11-30;3;1
11;2025-11-30;4;3
11;2025-11-30;5;121
11;2025-11-30;6;470
11;2025-11-30;7;498
11;2025-11-30;8;631
11;2025-11-30;9;860
11;2025-11-30;10;963
11;2025-11-30;11;1354
11;2025-11-30;12;1518
11;2025-11-30;13;1472
11;2025-11-30;14;1549
11;2025-11-30;15;1580
11;2025-11-30;16;1504
11;2025-11-30;17;1561
11;2025-11-30;18;1263
11;2025-11-30;19;1040
11;2025-11-30;20;846
11;2025-11-30;21;621
11;2025-11-30;22;352
11;2025-11-30;23;244
11;2025-12-01;0;72
11;2025-12-01;1;5
11;2025-12-01;2;0
11;2025-12-01;3;0
11;2025-12-01;4;2
11;2025-12-01;5;291
11;2025-12-01;6;1318
11;2025-12-01;7;2390
11;2025-12-01;8;3171
11;2025-12-01;9;2433
11;2025-12-01;10;1871
11;2025-12-01;11;1859
11;2025-12-01;12;1823
11;2025-12-01;13;1982
11;2025-12-01;14;1964
11;2025-12-01;15;2080
11;2025-12-01;16;2297
11;2025-12-01;17;2831
11;2025-12-01;18;3037
11;2025-12-01;19;2247
11;2025-12-01;20;1456
11;2025-12-01;21;858
11;2025-12-01;22;431
11;2025-12-01;23;226
11;2025-12-02;0;68
11;2025-12-02;1;3
11;2025-12-02;2;0
11;2025-12-02;3;0
11;2025-12-02;4;2
11;2025-12-02;5;286
11;2025-12-02;6;1321
11;2025-12-02;7;2417
11;2025-12-02;8;3217
11;2025-12-02;9;2456
11;2025-12-02;10;1895
11;2025-12-02;11;1848
11;2025-12-02;12;1852
11;2025-12-02;13;2028
11;2025-12-02;14;2014
11;2025-12-02;15;2109
11;2025-12-02;16;2307
11;2025-12-02;17;2863
11;2025-12-02;18;3025
11;2025-12-02;19;2225
11;2025-12-02;20;1452
11;2025-12-02;21;878
11;2025-12-02;22;438
11;2025-12-02;23;232
11;2025-12-03;0;67
11;2025-12-03;1;1
11;2025-12-03;2;0
11;2025-12-03;3;0
11;2025-12-03;4;2
11;2025-12-03;5;290
11;2025-12-03;6;1281
11;2025-12-03;7;2411
11;2025-12-03;8;3200
11;2025-12-03;9;2411
11;2025-12-03;10;1883
11;2025-12-03;11;1869
11;2025-12-03;12;1897
11;2025-12-03;13;2040
11;2025-12-03;14;2000
11;2025-12-03;15;2090
11;2025-12-03;16;2243
11;2025-12-03;17;2818
11;2025-12-03;18;3001
11;2025-12-03;19;2228
11;2025-12-03;20;1467
11;2025-12-03;21;881
11;2025-12-03;22;439
11;2025-12-03;23;243
11;2025-12-04;0;69
11;2025-12-04;1;2
11;2025-12-04;2;0
11;2025-12-04;3;0
11;2025-12-04;4;2
11;2025-12-04;5;291
11;2025-12-04;6;1292
11;2025-12-04;7;2374
11;2025-12-04;8;3124
11;2025-12-04;9;2450
11;2025-12-04;10;1941
11;2025-12-04;11;1851
11;2025-12-04;12;1904
11;2025-12-04;13;2042
11;2025-12-04;14;2006
11;2025-12-04;15;2094
11;2025-12-04;16;2286
11;2025-12-04;17;2817
11;2025-12-04;18;3018
11;2025-12-04;19;2211
11;2025-12-04;20;1450
11;2025-12-04;21;894
11;2025-12-04;22;449
11;2025-12-04;23;243
11;2025-12-05;0;74
11;2025-12-05;1;2
11;2025-12-05;2;0
11;2025-12-05;3;0
11;2025-12-05;4;2
11;2025-12-05;5;288
11;2025-12-05;6;1287
11;2025-12-05;7;2337
11;2025-12-05;8;3110
11;2025-12-05;9;2387
11;2025-12-05;10;1901
11;2025-12-05;11;1860
11;2025-12-05;12;1874
11;2025-12-05;13;2008
11;2025-12-05;14;2042
11;2025-12-05;15;2191
11;2025-12-05;16;2402
11;2025-12-05;17;2882
11;2025-12-05;18;2741
11;2025-12-05;19;2107
11;2025-12-05;20;1425
11;2025-12-05;21;879
11;2025-12-05;22;457
11;2025-12-05;23;270
11;2025-12-06;0;102
11;2025-12-06;1;3
11;2025-12-06;2;0
11;2025-12-06;3;0
11;2025-12-06;4;4
11;2025-12-06;5;201
11;2025-12-06;6;749
11;2025-12-06;7;716
11;2025-12-06;8;1015
11;2025-12-06;9;1164
11;2025-12-06;10;1273
11;2025-12-06;11;1662
11;2025-12-06;12;1872
11;2025-12-06;13;1794
11;2025-12-06;14;1833
11;2025-12-06;15;1770
11;2025-12-06;16;1790
11;2025-12-06;17;1808
11;2025-12-06;18;1541
11;2025-12-06;19;1411
11;2025-12-06;20;1069
11;2025-12-06;21;750
11;2025-12-06;22;436
11;2025-12-06;23;309
11;2025-12-07;0;101
11;2025-12-07;1;12
11;2025-12-07;2;1
11;2025-12-07;3;1
11;2025-12-07;4;3
11;2025-12-07;5;122
11;2025-12-07;6;471
11;2025-12-07;7;499
11;2025-12-07;8;632
11;2025-12-07;9;862
11;2025-12-07;10;965
11;2025-12-07;11;1357
11;2025-12-07;12;1521
11;2025-12-07;13;1475
11;2025-12-07;14;1552
11;2025-12-07;15;1584
11;2025-12-07;16;1508
11;2025-12-07;17;1565
11;2025-12-07;18;1266
11;2025-12-07;19;1042
11;2025-12-07;20;847
11;2025-12-07;21;622
11;2025-12-07;22;353
11;2025-12-07;23;245
11;2025-12-08;0;72
11;2025-12-08;1;5
11;2025-12-08;2;0
11;2025-12-08;3;0
11;2025-12-08;4;2
11;2025-12-08;5;291
11;2025-12-08;6;1318
11;2025-12-08;7;2390
11;2025-12-08;8;3171
11;2025-12-08;9;2433
11;2025-12-08;10;1871
11;2025-12-08;11;1859
11;2025-12-08;12;1823
11;2025-12-08;13;1982
11;2025-12-08;14;1964
11;2025-12-08;15;2080
11;2025-12-08;16;2297
11;2025-12-08;17;2831
11;2025-12-08;18;3037
11;2025-12-08;19;2247
11;2025-12-08;20;1456
11;2025-12-08;21;858
11;2025-12-08;22;431
11;2025-12-08;23;226
11;2025-12-09;0;68
11;2025-12-09;1;3
11;2025-12-09;2;0
11;2025-12-09;3;0
11;2025-12-09;4;2
11;2025-12-09;5;286
11;2025-12-09;6;1321
11;2025-12-09;7;2417
11;2025-12-09;8;3217
11;2025-12-09;9;2456
11;2025-12-09;10;1895
11;2025-12-09;11;1848
11;2025-12-09;12;1852
11;2025-12-09;13;2028
11;2025-12-09;14;2014
11;2025-12-09;15;2109
11;2025-12-09;16;2307
11;2025-12-09;17;2863
11;2025-12-09;18;3025
11;2025-12-09;19;2225
11;2025-12-09;20;1452
11;2025-12-09;21;878
11;2025-12-09;22;438
11;2025-12-09;23;232
11;2025-12-10;0;67
11;2025-12-10;1;1
11;2025-12-10;2;0
11;2025-12-10;3;0
11;2025-12-10;4;2
11;2025-12-10;5;290
11;2025-12-10;6;1281
11;2025-12-10;7;2411
11;2025-12-10;8;3200
11;2025-12-10;9;2411
11;2025-12-10;10;1883
11;2025-12-10;11;1869
11;2025-12-10;12;1897
11;2025-12-10;13;2040
11;2025-12-10;14;2000
11;2025-12-10;15;2090
11;2025-12-10;16;2243
11;2025-12-10;17;2818
11;2025-12-10;18;3001
11;2025-12-10;19;2228
11;2025-12-10;20;1467
11;2025-12-10;21;881
11;2025-12-10;22;439
11;2025-12-10;23;243
11;2025-12-11;0;69
11;2025-12-11;1;2
11;2025-12-11;2;0
11;2025-12-11;3;0
11;2025-12-11;4;2
11;2025-12-11;5;291
11;2025-12-11;6;1292
11;2025-12-11;7;2374
11;2025-12-11;8;3124
11;2025-12-11;9;2450
11;2025-12-11;10;1941
11;2025-12-11;11;1851
11;2025-12-11;12;1904
11;2025-12-11;13;2042
11;2025-12-11;14;2006
11;2025-12-11;15;2094
11;2025-12-11;16;2286
11;2025-12-11;17;2817
11;2025-12-11;18;3018
11;2025-12-11;19;2211
11;2025-12-11;20;1450
11;2025-12-11;21;894
11;2025-12-11;22;449
11;2025-12-11;23;243
11;2025-12-12;0;74
11;2025-12-12;1;2
11;2025-12-12;2;0
11;2025-12-12;3;0
11;2025-12-12;4;2
11;2025-12-12;5;288
11;2025-12-12;6;1287
11;2025-12-12;7;2337
11;2025-12-12;8;3110
11;2025-12-12;9;2387
11;2025-12-12;10;1901
11;2025-12-12;11;1860
11;2025-12-12;12;1874
11;2025-12-12;13;2008
11;2025-12-12;14;2042
11;2025-12-12;15;2190
11;2025-12-12;16;2402
11;2025-12-12;17;2882
11;2025-12-12;18;2741
11;2025-12-12;19;2107
11;2025-12-12;20;1425
11;2025-12-12;21;879
11;2025-12-12;22;457
11;2025-12-12;23;270
11;2025-12-13;0;102
11;2025-12-13;1;3
11;2025-12-13;2;0
11;2025-12-13;3;0
11;2025-12-13;4;4
11;2025-12-13;5;202
11;2025-12-13;6;750
11;2025-12-13;7;716
11;2025-12-13;8;1015
11;2025-12-13;9;1164
11;2025-12-13;10;1273
11;2025-12-13;11;1662
11;2025-12-13;12;1873
11;2025-12-13;13;1794
11;2025-12-13;14;1833
11;2025-12-13;15;1770
11;2025-12-13;16;1790
11;2025-12-13;17;1808
11;2025-12-13;18;1541
11;2025-12-13;19;1411
11;2025-12-13;20;1069
11;2025-12-13;21;750
11;2025-12-13;22;436
11;2025-12-13;23;309
11;2025-12-14;0;101
11;2025-12-14;1;12
11;2025-12-14;2;1
11;2025-12-14;3;1
11;2025-12-14;4;3
11;2025-12-14;5;122
11;2025-12-14;6;472
11;2025-12-14;7;500
11;2025-12-14;8;634
11;2025-12-14;9;864
11;2025-12-14;10;967
11;2025-12-14;11;1360
11;2025-12-14;12;1524
11;2025-12-14;13;1478
11;2025-12-14;14;1556
11;2025-12-14;15;1587
11;2025-12-14;16;1511
11;2025-12-14;17;1568
11;2025-12-14;18;1268
11;2025-12-14;19;1045
11;2025-12-14;20;849
11;2025-12-14;21;623
11;2025-12-14;22;353
11;2025-12-14;23;245
11;2025-12-15;0;72
11;2025-12-15;1;5
11;2025-12-15;2;0
11;2025-12-15;3;0
11;2025-12-15;4;2
11;2025-12-15;5;291
11;2025-12-15;6;1318
11;2025-12-15;7;2390
11;2025-12-15;8;3171
11;2025-12-15;9;2433
11;2025-12-15;10;1871
11;2025-12-15;11;1859
11;2025-12-15;12;1823
11;2025-12-15;13;1982
11;2025-12-15;14;1964
11;2025-12-15;15;2080
11;2025-12-15;16;2297
11;2025-12-15;17;2831
11;2025-12-15;18;3037
11;2025-12-15;19;2246
11;2025-12-15;20;1456
11;2025-12-15;21;858
11;2025-12-15;22;431
11;2025-12-15;23;226
11;2025-12-16;0;68
11;2025-12-16;1;3
11;2025-12-16;2;0
11;2025-12-16;3;0
11;2025-12-16;4;2
11;2025-12-16;5;286
11;2025-12-16;6;1321
11;2025-12-16;7;2417
11;2025-12-16;8;3217
11;2025-12-16;9;2456
11;2025-12-16;10;1895
11;2025-12-16;11;1848
11;2025-12-16;12;1852
11;2025-12-16;13;2027
11;2025-12-16;14;2014
11;2025-12-16;15;2109
11;2025-12-16;16;2307
11;2025-12-16;17;2862
11;2025-12-16;18;3025
11;2025-12-16;19;2225
11;2025-12-16;20;1452
11;2025-12-16;21;878
11;2025-12-16;22;438
11;2025-12-16;23;232
11;2025-12-17;0;67
11;2025-12-17;1;1
11;2025-12-17;2;0
11;2025-12-17;3;0
11;2025-12-17;4;2
11;2025-12-17;5;290
11;2025-12-17;6;1281
11;2025-12-17;7;2411
11;2025-12-17;8;3200
11;2025-12-17;9;2411
11;2025-12-17;10;1883
11;2025-12-17;11;1869
11;2025-12-17;12;1897
11;2025-12-17;13;2040
11;2025-12-17;14;2000
11;2025-12-17;15;2090
11;2025-12-17;16;2243
11;2025-12-17;17;2818
11;2025-12-17;18;3000
11;2025-12-17;19;2228
11;2025-12-17;20;1467
11;2025-12-17;21;881
11;2025-12-17;22;439
11;2025-12-17;23;243
11;2025-12-18;0;69
11;2025-12-18;1;2
11;2025-12-18;2;0
11;2025-12-18;3;0
11;2025-12-18;4;2
11;2025-12-18;5;291
11;2025-12-18;6;1292
11;2025-12-18;7;2374
11;2025-12-18;8;3124
11;2025-12-18;9;2450
11;2025-12-18;10;1941
11;2025-12-18;11;1851
11;2025-12-18;12;1904
11;2025-12-18;13;2042
11;2025-12-18;14;2006
11;2025-12-18;15;2094
11;2025-12-18;16;2286
11;2025-12-18;17;2817
11;2025-12-18;18;3018
11;2025-12-18;19;2211
11;2025-12-18;20;1450
11;2025-12-18;21;894
11;2025-12-18;22;449
11;2025-12-18;23;243
11;2025-12-19;0;74
11;2025-12-19;1;2
11;2025-12-19;2;0
11;2025-12-19;3;0
11;2025-12-19;4;2
11;2025-12-19;5;288
11;2025-12-19;6;1287
11;2025-12-19;7;2337
11;2025-12-19;8;3109
11;2025-12-19;9;2387
11;2025-12-19;10;1901
11;2025-12-19;11;1860
11;2025-12-19;12;1874
11;2025-12-19;13;2008
11;2025-12-19;14;2041
11;2025-12-19;15;2190
11;2025-12-19;16;2402
11;2025-12-19;17;2882
11;2025-12-19;18;2741
11;2025-12-19;19;2107
11;2025-12-19;20;1424
11;2025-12-19;21;879
11;2025-12-19;22;457
11;2025-12-19;23;270
11;2025-12-20;0;102
11;2025-12-20;1;3
11;2025-12-20;2;0
11;2025-12-20;3;0
11;2025-12-20;4;4
11;2025-12-20;5;202
11;2025-12-20;6;750
11;2025-12-20;7;716
11;2025-12-20;8;1015
11;2025-12-20;9;1164
11;2025-12-20;10;1274
11;2025-12-20;11;1662
11;2025-12-20;12;1873
11;2025-12-20;13;1795
11;2025-12-20;14;1834
11;2025-12-20;15;1770
11;2025-12-20;16;1791
11;2025-12-20;17;1808
11;2025-12-20;18;1542
11;2025-12-20;19;1411
11;2025-12-20;20;1069
11;2025-12-20;21;750
11;2025-12-20;22;436
11;2025-12-20;23;309
11;2025-12-21;0;102
11;2025-12-21;1;12
11;2025-12-21;2;1
11;2025-12-21;3;1
11;2025-12-21;4;3
11;2025-12-21;5;122
11;2025-12-21;6;473
11;2025-12-21;7;501
11;2025-12-21;8;635
11;2025-12-21;9;866
11;2025-12-21;10;969
11;2025-12-21;11;1363
11;2025-12-21;12;1527
11;2025-12-21;13;1481
11;2025-12-21;14;1558
11;2025-12-21;15;1590
11;2025-12-21;16;1514
11;2025-12-21;17;1571
11;2025-12-21;18;1270
11;2025-12-21;19;1047
11;2025-12-21;20;851
11;2025-12-21;21;624
11;2025-12-21;22;354
11;2025-12-21;23;246
11;2025-12-22;0;72
11;2025-12-22;1;5
11;2025-12-22;2;0
11;2025-12-22;3;0
11;2025-12-22;4;2
11;2025-12-22;5;291
11;2025-12-22;6;1318
11;2025-12-22;7;2390
11;2025-12-22;8;3171
11;2025-12-22;9;2433
11;2025-12-22;10;1871
11;2025-12-22;11;1859
11;2025-12-22;12;1823
11;2025-12-22;13;1982
11;2025-12-22;14;1964
11;2025-12-22;15;2080
11;2025-12-22;16;2297
11;2025-12-22;17;2831
11;2025-12-22;18;3037
11;2025-12-22;19;2246
11;2025-12-22;20;1456
11;2025-12-22;21;858
11;2025-12-22;22;431
11;2025-12-22;23;226
11;2025-12-23;0;68
11;2025-12-23;1;3
11;2025-12-23;2;0
11;2025-12-23;3;0
11;2025-12-23;4;2
11;2025-12-23;5;286
11;2025-12-23;6;1321
11;2025-12-23;7;2417
11;2025-12-23;8;3217
11;2025-12-23;9;2456
11;2025-12-23;10;1895
11;2025-12-23;11;1848
11;2025-12-23;12;1852
11;2025-12-23;13;2027
11;2025-12-23;14;2014
11;2025-12-23;15;2109
11;2025-12-23;16;2307
11;2025-12-23;17;2862
11;2025-12-23;18;3025
11;2025-12-23;19;2225
11;2025-12-23;20;1452
11;2025-12-23;21;878
11;2025-12-23;22;438
11;2025-12-23;23;232
11;2025-12-24;0;67
11;2025-12-24;1;1
11;2025-12-24;2;0
11;2025-12-24;3;0
11;2025-12-24;4;2
11;2025-12-24;5;290
11;2025-12-24;6;1281
11;2025-12-24;7;2411
11;2025-12-24;8;3200
11;2025-12-24;9;2411
11;2025-12-24;10;1883
11;2025-12-24;11;1869
11;2025-12-24;12;1897
11;2025-12-24;13;2040
11;2025-12-24;14;2000
11;2025-12-24;15;2090
11;2025-12-24;16;2243
11;2025-12-24;17;2818
11;2025-12-24;18;3000
11;2025-12-24;19;2228
11;2025-12-24;20;1467
11;2025-12-24;21;881
11;2025-12-24;22;439
11;2025-12-24;23;243
11;2025-12-25;0;69
11;2025-12-25;1;2
11;2025-12-25;2;0
11;2025-12-25;3;0
11;2025-12-25;4;2
11;2025-12-25;5;291
11;2025-12-25;6;1292
11;2025-12-25;7;2374
11;2025-12-25;8;3124
11;2025-12-25;9;2450
11;2025-12-25;10;1941
11;2025-12-25;11;1851
11;2025-12-25;12;1904
11;2025-12-25;13;2042
11;2025-12-25;14;2006
11;2025-12-25;15;2093
11;2025-12-25;16;2286
11;2025-12-25;17;2817
11;2025-12-25;18;3018
11;2025-12-25;19;2211
11;2025-12-25;20;1450
11;2025-12-25;21;894
11;2025-12-25;22;449
11;2025-12-25;23;243
11;2025-12-26;0;74
11;2025-12-26;1;2
11;2025-12-26;2;0
11;2025-12-26;3;0
11;2025-12-26;4;2
11;2025-12-26;5;288
11;2025-12-26;6;1287
11;2025-12-26;7;2336
11;2025-12-26;8;3109
11;2025-12-26;9;2387
11;2025-12-26;10;1901
11;2025-12-26;11;1860
11;2025-12-26;12;1874
11;2025-12-26;13;2007
11;2025-12-26;14;2041
11;2025-12-26;15;2190
11;2025-12-26;16;2401
11;2025-12-26;17;2882
11;2025-12-26;18;2741
11;2025-12-26;19;2107
11;2025-12-26;20;1424
11;2025-12-26;21;879
11;2025-12-26;22;457
11;2025-12-26;23;270
11;2025-12-27;0;102
11;2025-12-27;1;3
11;2025-12-27;2;0
11;2025-12-27;3;0
11;2025-12-27;4;4
11;2025-12-27;5;202
11;2025-12-27;6;750
11;2025-12-27;7;716
11;2025-12-27;8;1015
11;2025-12-27;9;1164
11;2025-12-27;10;1274
11;2025-12-27;11;1663
11;2025-12-27;12;1873
11;2025-12-27;13;1795
11;2025-12-27;14;1834
11;2025-12-27;15;1771
11;2025-12-27;16;1791
11;2025-12-27;17;1809
11;2025-12-27;18;1542
11;2025-12-27;19;1411
11;2025-12-27;20;1069
11;2025-12-27;21;750
11;2025-12-27;22;436
11;2025-12-27;23;309
11;2025-12-28;0;102
11;2025-12-28;1;12
11;2025-12-28;2;1
11;2025-12-28;3;1
11;2025-12-28;4;3
11;2025-12-28;5;122
11;2025-12-28;6;474
11;2025-12-28;7;501
11;2025-12-28;8;636
11;2025-12-28;9;867
11;2025-12-28;10;971
11;2025-12-28;11;1365
11;2025-12-28;12;1530
11;2025-12-28;13;1483
11;2025-12-28;14;1561
11;2025-12-28;15;1592
11;2025-12-28;16;1516
11;2025-12-28;17;1573
11;2025-12-28;18;1273
11;2025-12-28;19;1048
11;2025-12-28;20;852
11;2025-12-28;21;625
11;2025-12-28;22;355
11;2025-12-28;23;246
11;2025-12-29;0;72
11;2025-12-29;1;5
11;2025-12-29;2;0
11;2025-12-29;3;0
11;2025-12-29;4;2
11;2025-12-29;5;291
11;2025-12-29;6;1318
11;2025-12-29;7;2389
11;2025-12-29;8;3170
11;2025-12-29;9;2433
11;2025-12-29;10;1871
11;2025-12-29;11;1859
11;2025-12-29;12;1822
11;2025-12-29;13;1982
11;2025-12-29;14;1964
11;2025-12-29;15;2080
11;2025-12-29;16;2297
11;2025-12-29;17;2831
11;2025-12-29;18;3036
11;2025-12-29;19;2246
11;2025-12-29;20;1456
11;2025-12-29;21;858
11;2025-12-29;22;431
11;2025-12-29;23;226
11;2025-12-30;0;68
11;2025-12-30;1;3
11;2025-12-30;2;0
11;2025-12-30;3;0
11;2025-12-30;4;2
11;2025-12-30;5;286
11;2025-12-30;6;1321
11;2025-12-30;7;2417
11;2025-12-30;8;3217
11;2025-12-30;9;2456
11;2025-12-30;10;1895
11;2025-12-30;11;1848
11;2025-12-30;12;1852
11;2025-12-30;13;2027
11;2025-12-30;14;2014
11;2025-12-30;15;2108
11;2025-12-30;16;2307
11;2025-12-30;17;2862
11;2025-12-30;18;3025
11;2025-12-30;19;2225
11;2025-12-30;20;1452
11;2025-12-30;21;878
11;2025-12-30;22;438
11;2025-12-30;23;232
11;2025-12-31;0;98
11;2025-12-31;1;12
11;2025-12-31;2;1
11;2025-12-31;3;1
11;2025-12-31;4;3
11;2025-12-31;5;127
11;2025-12-31;6;477
11;2025-12-31;7;496
11;2025-12-31;8;626
11;2025-12-31;9;837
11;2025-12-31;10;931
11;2025-12-31;11;1317
11;2025-12-31;12;1479
11;2025-12-31;13;1433
11;2025-12-31;14;1525
11;2025-12-31;15;1561
11;2025-12-31;16;1487
11;2025-12-31;17;1521
11;2025-12-31;18;1258
11;2025-12-31;19;1059
11;2025-12-31;20;860
11;2025-12-31;21;634
11;2025-12-31;22;358
11;2025-12-31;23;251
12;2025-11-01;0;56
12;2025-11-01;1;2
12;2025-11-01;2;0
12;2025-11-01;3;0
12;2025-11-01;4;6
12;2025-11-01;5;333
12;2025-11-01;6;1402
12;2025-11-01;7;2758
12;2025-11-01;8;3659
12;2025-11-01;9;2522
12;2025-11-01;10;2081
12;2025-11-01;11;2047
12;2025-11-01;12;2104
12;2025-11-01;13;2096
12;2025-11-01;14;2089
12;2025-11-01;15;2354
12;2025-11-01;16;2856
12;2025-11-01;17;3102
12;2025-11-01;18;3164
12;2025-11-01;19;2464
12;2025-11-01;20;1555
12;2025-11-01;21;949
12;2025-11-01;22;501
12;2025-11-01;23;264
12;2025-11-02;0;82
12;2025-11-02;1;7
12;2025-11-02;2;0
12;2025-11-02;3;0
12;2025-11-02;4;2
12;2025-11-02;5;150
12;2025-11-02;6;510
12;2025-11-02;7;618
12;2025-11-02;8;710
12;2025-11-02;9;910
12;2025-11-02;10;1102
12;2025-11-02;11;1241
12;2025-11-02;12;1305
12;2025-11-02;13;1545
12;2025-11-02;14;1465
12;2025-11-02;15;1334
12;2025-11-02;16;1439
12;2025-11-02;17;1437
12;2025-11-02;18;1243
12;2025-11-02;19;990
12;2025-11-02;20;737
12;2025-11-02;21;577
12;2025-11-02;22;380
12;2025-11-02;23;212
12;2025-11-03;0;78
12;2025-11-03;1;6
12;2025-11-03;2;0
12;2025-11-03;3;0
12;2025-11-03;4;2
12;2025-11-03;5;151
12;2025-11-03;6;518
12;2025-11-03;7;617
12;2025-11-03;8;698
12;2025-11-03;9;886
12;2025-11-03;10;1062
12;2025-11-03;11;1205
12;2025-11-03;12;1274
12;2025-11-03;13;1515
12;2025-11-03;14;1438
12;2025-11-03;15;1307
12;2025-11-03;16;1408
12;2025-11-03;17;1391
12;2025-11-03;18;1235
12;2025-11-03;19;999
12;2025-11-03;20;742
12;2025-11-03;21;580
12;2025-11-03;22;382
12;2025-11-03;23;214
12;2025-11-04;0;78
12;2025-11-04;1;6
12;2025-11-04;2;0
12;2025-11-04;3;0
12;2025-11-04;4;2
12;2025-11-04;5;151
12;2025-11-04;6;518
12;2025-11-04;7;617
12;2025-11-04;8;698
12;2025-11-04;9;886
12;2025-11-04;10;1063
12;2025-11-04;11;1205
12;2025-11-04;12;1275
12;2025-11-04;13;1515
12;2025-11-04;14;1438
12;2025-11-04;15;1307
12;2025-11-04;16;1408
12;2025-11-04;17;1391
12;2025-11-04;18;1235
12;2025-11-04;19;999
12;2025-11-04;20;742
12;2025-11-04;21;580
12;2025-11-04;22;382
12;2025-11-04;23;214
12;2025-11-05;0;56
12;2025-11-05;1;2
12;2025-11-05;2;0
12;2025-11-05;3;0
12;2025-11-05;4;6
12;2025-11-05;5;331
12;2025-11-05;6;1399
12;2025-11-05;7;2704
12;2025-11-05;8;3572
12;2025-11-05;9;2525
12;2025-11-05;10;2083
12;2025-11-05;11;2040
12;2025-11-05;12;2084
12;2025-11-05;13;2089
12;2025-11-05;14;2077
12;2025-11-05;15;2318
12;2025-11-05;16;2803
12;2025-11-05;17;3049
12;2025-11-05;18;3153
12;2025-11-05;19;2452
12;2025-11-05;20;1529
12;2025-11-05;21;953
12;2025-11-05;22;503
12;2025-11-05;23;263
12;2025-11-06;0;54
12;2025-11-06;1;2
12;2025-11-06;2;0
12;2025-11-06;3;0
12;2025-11-06;4;6
12;2025-11-06;5;324
12;2025-11-06;6;1364
12;2025-11-06;7;2696
12;2025-11-06;8;3573
12;2025-11-06;9;2454
12;2025-11-06;10;2046
12;2025-11-06;11;2027
12;2025-11-06;12;2091
12;2025-11-06;13;2078
12;2025-11-06;14;2075
12;2025-11-06;15;2316
12;2025-11-06;16;2800
12;2025-11-06;17;3065
12;2025-11-06;18;3146
12;2025-11-06;19;2463
12;2025-11-06;20;1549
12;2025-11-06;21;934
12;2025-11-06;22;498
12;2025-11-06;23;267
12;2025-11-07;0;57
12;2025-11-07;1;3
12;2025-11-07;2;0
12;2025-11-07;3;0
12;2025-11-07;4;5
12;2025-11-07;5;321
12;2025-11-07;6;1364
12;2025-11-07;7;2667
12;2025-11-07;8;3513
12;2025-11-07;9;2424
12;2025-11-07;10;2001
12;2025-11-07;11;2010
12;2025-11-07;12;2057
12;2025-11-07;13;2069
12;2025-11-07;14;2101
12;2025-11-07;15;2377
12;2025-11-07;16;2933
12;2025-11-07;17;3021
12;2025-11-07;18;2859
12;2025-11-07;19;2318
12;2025-11-07;20;1510
12;2025-11-07;21;957
12;2025-11-07;22;516
12;2025-11-07;23;283
12;2025-11-08;0;85
12;2025-11-08;1;5
12;2025-11-08;2;0
12;2025-11-08;3;0
12;2025-11-08;4;3
12;2025-11-08;5;233
12;2025-11-08;6;819
12;2025-11-08;7;898
12;2025-11-08;8;1007
12;2025-11-08;9;1196
12;2025-11-08;10;1431
12;2025-11-08;11;1506
12;2025-11-08;12;1497
12;2025-11-08;13;1765
12;2025-11-08;14;1658
12;2025-11-08;15;1533
12;2025-11-08;16;1599
12;2025-11-08;17;1530
12;2025-11-08;18;1469
12;2025-11-08;19;1399
12;2025-11-08;20;992
12;2025-11-08;21;705
12;2025-11-08;22;426
12;2025-11-08;23;287
12;2025-11-09;0;82
12;2025-11-09;1;7
12;2025-11-09;2;0
12;2025-11-09;3;0
12;2025-11-09;4;2
12;2025-11-09;5;151
12;2025-11-09;6;510
12;2025-11-09;7;619
12;2025-11-09;8;711
12;2025-11-09;9;911
12;2025-11-09;10;1103
12;2025-11-09;11;1242
12;2025-11-09;12;1307
12;2025-11-09;13;1546
12;2025-11-09;14;1466
12;2025-11-09;15;1335
12;2025-11-09;16;1441
12;2025-11-09;17;1439
12;2025-11-09;18;1244
12;2025-11-09;19;991
12;2025-11-09;20;738
12;2025-11-09;21;578
12;2025-11-09;22;381
12;2025-11-09;23;212
12;2025-11-10;0;61
12;2025-11-10;1;3
12;2025-11-10;2;0
12;2025-11-10;3;0
12;2025-11-10;4;6
12;2025-11-10;5;330
12;2025-11-10;6;1383
12;2025-11-10;7;2711
12;2025-11-10;8;3584
12;2025-11-10;9;2487
12;2025-11-10;10;2016
12;2025-11-10;11;1965
12;2025-11-10;12;2058
12;2025-11-10;13;2037
12;2025-11-10;14;2018
12;2025-11-10;15;2293
12;2025-11-10;16;2770
12;2025-11-10;17;3045
12;2025-11-10;18;3174
12;2025-11-10;19;2437
12;2025-11-10;20;1551
12;2025-11-10;21;923
12;2025-11-10;22;476
12;2025-11-10;23;251
12;2025-11-11;0;53
12;2025-11-11;1;2
12;2025-11-11;2;0
12;2025-11-11;3;0
12;2025-11-11;4;6
12;2025-11-11;5;334
12;2025-11-11;6;1397
12;2025-11-11;7;2757
12;2025-11-11;8;3694
12;2025-11-11;9;2525
12;2025-11-11;10;2093
12;2025-11-11;11;2049
12;2025-11-11;12;2084
12;2025-11-11;13;2098
12;2025-11-11;14;2075
12;2025-11-11;15;2303
12;2025-11-11;16;2816
12;2025-11-11;17;3088
12;2025-11-11;18;3192
12;2025-11-11;19;2488
12;2025-11-11;20;1543
12;2025-11-11;21;929
12;2025-11-11;22;491
12;2025-11-11;23;253
12;2025-11-12;0;56
12;2025-11-12;1;2
12;2025-11-12;2;0
12;2025-11-12;3;0
12;2025-11-12;4;6
12;2025-11-12;5;331
12;2025-11-12;6;1398
12;2025-11-12;7;2702
12;2025-11-12;8;3569
12;2025-11-12;9;2523
12;2025-11-12;10;2081
12;2025-11-12;11;2038
12;2025-11-12;12;2081
12;2025-11-12;13;2087
12;2025-11-12;14;2075
12;2025-11-12;15;2316
12;2025-11-12;16;2800
12;2025-11-12;17;3046
12;2025-11-12;18;3150
12;2025-11-12;19;2450
12;2025-11-12;20;1528
12;2025-11-12;21;953
12;2025-11-12;22;503
12;2025-11-12;23;263
12;2025-11-13;0;54
12;2025-11-13;1;2
12;2025-11-13;2;0
12;2025-11-13;3;0
12;2025-11-13;4;6
12;2025-11-13;5;324
12;2025-11-13;6;1362
12;2025-11-13;7;2694
12;2025-11-13;8;3570
12;2025-11-13;9;2452
12;2025-11-13;10;2044
12;2025-11-13;11;2025
12;2025-11-13;12;2089
12;2025-11-13;13;2076
12;2025-11-13;14;2073
12;2025-11-13;15;2314
12;2025-11-13;16;2797
12;2025-11-13;17;3062
12;2025-11-13;18;3143
12;2025-11-13;19;2461
12;2025-11-13;20;1548
12;2025-11-13;21;933
12;2025-11-13;22;498
12;2025-11-13;23;266
12;2025-11-14;0;57
12;2025-11-14;1;3
12;2025-11-14;2;0
12;2025-11-14;3;0
12;2025-11-14;4;5
12;2025-11-14;5;321
12;2025-11-14;6;1363
12;2025-11-14;7;2664
12;2025-11-14;8;3510
12;2025-11-14;9;2422
12;2025-11-14;10;1999
12;2025-11-14;11;2008
12;2025-11-14;12;2055
12;2025-11-14;13;2067
12;2025-11-14;14;2099
12;2025-11-14;15;2375
12;2025-11-14;16;2930
12;2025-11-14;17;3019
12;2025-11-14;18;2856
12;2025-11-14;19;2316
12;2025-11-14;20;1508
12;2025-11-14;21;956
12;2025-11-14;22;515
12;2025-11-14;23;283
12;2025-11-15;0;85
12;2025-11-15;1;5
12;2025-11-15;2;0
12;2025-11-15;3;0
12;2025-11-15;4;3
12;2025-11-15;5;233
12;2025-11-15;6;818
12;2025-11-15;7;897
12;2025-11-15;8;1006
12;2025-11-15;9;1195
12;2025-11-15;10;1430
12;2025-11-15;11;1505
12;2025-11-15;12;1495
12;2025-11-15;13;1764
12;2025-11-15;14;1657
12;2025-11-15;15;1532
12;2025-11-15;16;1597
12;2025-11-15;17;1528
12;2025-11-15;18;1468
12;2025-11-15;19;1397
12;2025-11-15;20;991
12;2025-11-15;21;704
12;2025-11-15;22;426
12;2025-11-15;23;287
12;2025-11-16;0;82
12;2025-11-16;1;7
12;2025-11-16;2;0
12;2025-11-16;3;0
12;2025-11-16;4;2
12;2025-11-16;5;151
12;2025-11-16;6;511
12;2025-11-16;7;620
12;2025-11-16;8;711
12;2025-11-16;9;912
12;2025-11-16;10;1104
12;2025-11-16;11;1243
12;2025-11-16;12;1308
12;2025-11-16;13;1548
12;2025-11-16;14;1467
12;2025-11-16;15;1336
12;2025-11-16;16;1442
12;2025-11-16;17;1440
12;2025-11-16;18;1245
12;2025-11-16;19;992
12;2025-11-16;20;739
12;2025-11-16;21;578
12;2025-11-16;22;381
12;2025-11-16;23;212
12;2025-11-17;0;61
12;2025-11-17;1;3
12;2025-11-17;2;0
12;2025-11-17;3;0
12;2025-11-17;4;6
12;2025-11-17;5;329
12;2025-11-17;6;1382
12;2025-11-17;7;2708
12;2025-11-17;8;3580
12;2025-11-17;9;2485
12;2025-11-17;10;2015
12;2025-11-17;11;1964
12;2025-11-17;12;2056
12;2025-11-17;13;2036
12;2025-11-17;14;2016
12;2025-11-17;15;2290
12;2025-11-17;16;2768
12;2025-11-17;17;3042
12;2025-11-17;18;3171
12;2025-11-17;19;2435
12;2025-11-17;20;1550
12;2025-11-17;21;922
12;2025-11-17;22;475
12;2025-11-17;23;251
12;2025-11-18;0;53
12;2025-11-18;1;2
12;2025-11-18;2;0
12;2025-11-18;3;0
12;2025-11-18;4;6
12;2025-11-18;5;334
12;2025-11-18;6;1396
12;2025-11-18;7;2754
12;2025-11-18;8;3691
12;2025-11-18;9;2523
12;2025-11-18;10;2091
12;2025-11-18;11;2047
12;2025-11-18;12;2082
12;2025-11-18;13;2097
12;2025-11-18;14;2074
12;2025-11-18;15;2301
12;2025-11-18;16;2814
12;2025-11-18;17;3085
12;2025-11-18;18;3189
12;2025-11-18;19;2485
12;2025-11-18;20;1542
12;2025-11-18;21;928
12;2025-11-18;22;491
12;2025-11-18;23;253
12;2025-11-19;0;56
12;2025-11-19;1;2
12;2025-11-19;2;0
12;2025-11-19;3;0
12;2025-11-19;4;6
12;2025-11-19;5;331
12;2025-11-19;6;1397
12;2025-11-19;7;2699
12;2025-11-19;8;3565
12;2025-11-19;9;2521
12;2025-11-19;10;2080
12;2025-11-19;11;2037
12;2025-11-19;12;2080
12;2025-11-19;13;2085
12;2025-11-19;14;2073
12;2025-11-19;15;2314
12;2025-11-19;16;2798
12;2025-11-19;17;3043
12;2025-11-19;18;3147
12;2025-11-19;19;2448
12;2025-11-19;20;1526
12;2025-11-19;21;952
12;2025-11-19;22;502
12;2025-11-19;23;263
12;2025-11-20;0;54
12;2025-11-20;1;2
12;2025-11-20;2;0
12;2025-11-20;3;0
12;2025-11-20;4;6
12;2025-11-20;5;323
12;2025-11-20;6;1361
12;2025-11-20;7;2691
12;2025-11-20;8;3566
12;2025-11-20;9;2450
12;2025-11-20;10;2042
12;2025-11-20;11;2023
12;2025-11-20;12;2088
12;2025-11-20;13;2074
12;2025-11-20;14;2071
12;2025-11-20;15;2312
12;2025-11-20;16;2794
12;2025-11-20;17;3060
12;2025-11-20;18;3140
12;2025-11-20;19;2459
12;2025-11-20;20;1546
12;2025-11-20;21;932
12;2025-11-20;22;498
12;2025-11-20;23;266
12;2025-11-21;0;57
12;2025-11-21;1;3
12;2025-11-21;2;0
12;2025-11-21;3;0
12;2025-11-21;4;5
12;2025-11-21;5;321
12;2025-11-21;6;1362
12;2025-11-21;7;2662
12;2025-11-21;8;3507
12;2025-11-21;9;2420
12;2025-11-21;10;1998
12;2025-11-21;11;2006
12;2025-11-21;12;2053
12;2025-11-21;13;2065
12;2025-11-21;14;2097
12;2025-11-21;15;2373
12;2025-11-21;16;2928
12;2025-11-21;17;3016
12;2025-11-21;18;2854
12;2025-11-21;19;2314
12;2025-11-21;20;1507
12;2025-11-21;21;955
12;2025-11-21;22;515
12;2025-11-21;23;283
12;2025-11-22;0;85
12;2025-11-22;1;5
12;2025-11-22;2;0
12;2025-11-22;3;0
12;2025-11-22;4;3
12;2025-11-22;5;233
12;2025-11-22;6;818
12;2025-11-22;7;896
12;2025-11-22;8;1005
12;2025-11-22;9;1194
12;2025-11-22;10;1428
12;2025-11-22;11;1503
12;2025-11-22;12;1494
12;2025-11-22;13;1762
12;2025-11-22;14;1655
12;2025-11-22;15;1531
12;2025-11-22;16;1596
12;2025-11-22;17;1527
12;2025-11-22;18;1467
12;2025-11-22;19;1396
12;2025-11-22;20;990
12;2025-11-22;21;703
12;2025-11-22;22;426
12;2025-11-22;23;287
12;2025-11-23;0;82
12;2025-11-23;1;7
12;2025-11-23;2;0
12;2025-11-23;3;0
12;2025-11-23;4;2
12;2025-11-23;5;151
12;2025-11-23;6;511
12;2025-11-23;7;620
12;2025-11-23;8;712
12;2025-11-23;9;913
12;2025-11-23;10;1105
12;2025-11-23;11;1244
12;2025-11-23;12;1309
12;2025-11-23;13;1549
12;2025-11-23;14;1469
12;2025-11-23;15;1337
12;2025-11-23;16;1443
12;2025-11-23;17;1441
12;2025-11-23;18;1246
12;2025-11-23;19;992
12;2025-11-23;20;739
12;2025-11-23;21;579
12;2025-11-23;22;381
12;2025-11-23;23;212
12;2025-11-24;0;61
12;2025-11-24;1;3
12;2025-11-24;2;0
12;2025-11-24;3;0
12;2025-11-24;4;6
12;2025-11-24;5;329
12;2025-11-24;6;1381
12;2025-11-24;7;2706
12;2025-11-24;8;3577
12;2025-11-24;9;2483
12;2025-11-24;10;2013
12;2025-11-24;11;1962
12;2025-11-24;12;2054
12;2025-11-24;13;2034
12;2025-11-24;14;2014
12;2025-11-24;15;2289
12;2025-11-24;16;2765
12;2025-11-24;17;3039
12;2025-11-24;18;3168
12;2025-11-24;19;2433
12;2025-11-24;20;1549
12;2025-11-24;21;922
12;2025-11-24;22;475
12;2025-11-24;23;250
12;2025-11-25;0;53
12;2025-11-25;1;2
12;2025-11-25;2;0
12;2025-11-25;3;0
12;2025-11-25;4;6
12;2025-11-25;5;334
12;2025-11-25;6;1394
12;2025-11-25;7;2752
12;2025-11-25;8;3688
12;2025-11-25;9;2521
12;2025-11-25;10;2089
12;2025-11-25;11;2046
12;2025-11-25;12;2080
12;2025-11-25;13;2095
12;2025-11-25;14;2072
12;2025-11-25;15;2299
12;2025-11-25;16;2812
12;2025-11-25;17;3082
12;2025-11-25;18;3186
12;2025-11-25;19;2483
12;2025-11-25;20;1540
12;2025-11-25;21;927
12;2025-11-25;22;490
12;2025-11-25;23;253
12;2025-11-26;0;56
12;2025-11-26;1;2
12;2025-11-26;2;0
12;2025-11-26;3;0
12;2025-11-26;4;6
12;2025-11-26;5;330
12;2025-11-26;6;1396
12;2025-11-26;7;2697
12;2025-11-26;8;3563
12;2025-11-26;9;2519
12;2025-11-26;10;2078
12;2025-11-26;11;2035
12;2025-11-26;12;2078
12;2025-11-26;13;2084
12;2025-11-26;14;2071
12;2025-11-26;15;2312
12;2025-11-26;16;2796
12;2025-11-26;17;3041
12;2025-11-26;18;3145
12;2025-11-26;19;2446
12;2025-11-26;20;1525
12;2025-11-26;21;951
12;2025-11-26;22;502
12;2025-11-26;23;263
12;2025-11-27;0;54
12;2025-11-27;1;2
12;2025-11-27;2;0
12;2025-11-27;3;0
12;2025-11-27;4;6
12;2025-11-27;5;323
12;2025-11-27;6;1360
12;2025-11-27;7;2689
12;2025-11-27;8;3564
12;2025-11-27;9;2448
12;2025-11-27;10;2041
12;2025-11-27;11;2022
12;2025-11-27;12;2086
12;2025-11-27;13;2072
12;2025-11-27;14;2070
12;2025-11-27;15;2310
12;2025-11-27;16;2792
12;2025-11-27;17;3057
12;2025-11-27;18;3138
12;2025-11-27;19;2457
12;2025-11-27;20;1545
12;2025-11-27;21;931
12;2025-11-27;22;497
12;2025-11-27;23;266
12;2025-11-28;0;57
12;2025-11-28;1;3
12;2025-11-28;2;0
12;2025-11-28;3;0
12;2025-11-28;4;5
12;2025-11-28;5;320
12;2025-11-28;6;1361
12;2025-11-28;7;2660
12;2025-11-28;8;3504
12;2025-11-28;9;2418
12;2025-11-28;10;1996
12;2025-11-28;11;2004
12;2025-11-28;12;2052
12;2025-11-28;13;2064
12;2025-11-28;14;2096
12;2025-11-28;15;2371
12;2025-11-28;16;2926
12;2025-11-28;17;3014
12;2025-11-28;18;2851
12;2025-11-28;19;2312
12;2025-11-28;20;1506
12;2025-11-28;21;954
12;2025-11-28;22;514
12;2025-11-28;23;282
12;2025-11-29;0;85
12;2025-11-29;1;5
12;2025-11-29;2;0
12;2025-11-29;3;0
12;2025-11-29;4;3
12;2025-11-29;5;232
12;2025-11-29;6;817
12;2025-11-29;7;896
12;2025-11-29;8;1004
12;2025-11-29;9;1193
12;2025-11-29;10;1427
12;2025-11-29;11;1502
12;2025-11-29;12;1493
12;2025-11-29;13;1761
12;2025-11-29;14;1654
12;2025-11-29;15;1529
12;2025-11-29;16;1595
12;2025-11-29;17;1526
12;2025-11-29;18;1466
12;2025-11-29;19;1395
12;2025-11-29;20;990
12;2025-11-29;21;703
12;2025-11-29;22;425
12;2025-11-29;23;287
12;2025-11-30;0;82
12;2025-11-30;1;7
12;2025-11-30;2;0
12;2025-11-30;3;0
12;2025-11-30;4;2
12;2025-11-30;5;151
12;2025-11-30;6;512
12;2025-11-30;7;620
12;2025-11-30;8;712
12;2025-11-30;9;913
12;2025-11-30;10;1105
12;2025-11-30;11;1245
12;2025-11-30;12;1310
12;2025-11-30;13;1550
12;2025-11-30;14;1470
12;2025-11-30;15;1338
12;2025-11-30;16;1444
12;2025-11-30;17;1442
12;2025-11-30;18;1247
12;2025-11-30;19;993
12;2025-11-30;20;740
12;2025-11-30;21;579
12;2025-11-30;22;382
12;2025-11-30;23;212
12;2025-12-01;0;61
12;2025-12-01;1;3
12;2025-12-01;2;0
12;2025-12-01;3;0
12;2025-12-01;4;6
12;2025-12-01;5;329
12;2025-12-01;6;1380
12;2025-12-01;7;2704
12;2025-12-01;8;3575
12;2025-12-01;9;2481
12;2025-12-01;10;2011
12;2025-12-01;11;1960
12;2025-12-01;12;2053
12;2025-12-01;13;2032
12;2025-12-01;14;2012
12;2025-12-01;15;2287
12;2025-12-01;16;2763
12;2025-12-01;17;3037
12;2025-12-01;18;3166
12;2025-12-01;19;2431
12;2025-12-01;20;1547
12;2025-12-01;21;921
12;2025-12-01;22;474
12;2025-12-01;23;250
12;2025-12-02;0;53
12;2025-12-02;1;2
12;2025-12-02;2;0
12;2025-12-02;3;0
12;2025-12-02;4;6
12;2025-12-02;5;333
12;2025-12-02;6;1393
12;2025-12-02;7;2750
12;2025-12-02;8;3685
12;2025-12-02;9;2519
12;2025-12-02;10;2087
12;2025-12-02;11;2044
12;2025-12-02;12;2079
12;2025-12-02;13;2093
12;2025-12-02;14;2070
12;2025-12-02;15;2297
12;2025-12-02;16;2809
12;2025-12-02;17;3080
12;2025-12-02;18;3184
12;2025-12-02;19;2481
12;2025-12-02;20;1539
12;2025-12-02;21;926
12;2025-12-02;22;490
12;2025-12-02;23;252
12;2025-12-03;0;56
12;2025-12-03;1;2
12;2025-12-03;2;0
12;2025-12-03;3;0
12;2025-12-03;4;6
12;2025-12-03;5;330
12;2025-12-03;6;1395
12;2025-12-03;7;2695
12;2025-12-03;8;3560
12;2025-12-03;9;2517
12;2025-12-03;10;2076
12;2025-12-03;11;2033
12;2025-12-03;12;2076
12;2025-12-03;13;2082
12;2025-12-03;14;2069
12;2025-12-03;15;2310
12;2025-12-03;16;2794
12;2025-12-03;17;3038
12;2025-12-03;18;3142
12;2025-12-03;19;2444
12;2025-12-03;20;1524
12;2025-12-03;21;950
12;2025-12-03;22;501
12;2025-12-03;23;262
12;2025-12-04;0;54
12;2025-12-04;1;2
12;2025-12-04;2;0
12;2025-12-04;3;0
12;2025-12-04;4;6
12;2025-12-04;5;323
12;2025-12-04;6;1359
12;2025-12-04;7;2687
12;2025-12-04;8;3561
12;2025-12-04;9;2446
12;2025-12-04;10;2039
12;2025-12-04;11;2020
12;2025-12-04;12;2084
12;2025-12-04;13;2071
12;2025-12-04;14;2068
12;2025-12-04;15;2308
12;2025-12-04;16;2790
12;2025-12-04;17;3055
12;2025-12-04;18;3135
12;2025-12-04;19;2455
12;2025-12-04;20;1544
12;2025-12-04;21;931
12;2025-12-04;22;497
12;2025-12-04;23;266
12;2025-12-05;0;57
12;2025-12-05;1;3
12;2025-12-05;2;0
12;2025-12-05;3;0
12;2025-12-05;4;5
12;2025-12-05;5;320
12;2025-12-05;6;1360
12;2025-12-05;7;2658
12;2025-12-05;8;3502
12;2025-12-05;9;2416
12;2025-12-05;10;1995
12;2025-12-05;11;2003
12;2025-12-05;12;2050
12;2025-12-05;13;2062
12;2025-12-05;14;2094
12;2025-12-05;15;2369
12;2025-12-05;16;2923
12;2025-12-05;17;3011
12;2025-12-05;18;2849
12;2025-12-05;19;2310
12;2025-12-05;20;1504
12;2025-12-05;21;954
12;2025-12-05;22;514
12;2025-12-05;23;282
12;2025-12-06;0;85
12;2025-12-06;1;5
12;2025-12-06;2;0
12;2025-12-06;3;0
12;2025-12-06;4;3
12;2025-12-06;5;232
12;2025-12-06;6;816
12;2025-12-06;7;895
12;2025-12-06;8;1004
12;2025-12-06;9;1193
12;2025-12-06;10;1426
12;2025-12-06;11;1501
12;2025-12-06;12;1492
12;2025-12-06;13;1760
12;2025-12-06;14;1653
12;2025-12-06;15;1528
12;2025-12-06;16;1593
12;2025-12-06;17;1525
12;2025-12-06;18;1465
12;2025-12-06;19;1394
12;2025-12-06;20;989
12;2025-12-06;21;702
12;2025-12-06;22;425
12;2025-12-06;23;286
12;2025-12-07;0;82
12;2025-12-07;1;7
12;2025-12-07;2;0
12;2025-12-07;3;0
12;2025-12-07;4;2
12;2025-12-07;5;151
12;2025-12-07;6;512
12;2025-12-07;7;621
12;2025-12-07;8;713
12;2025-12-07;9;914
12;2025-12-07;10;1106
12;2025-12-07;11;1245
12;2025-12-07;12;1310
12;2025-12-07;13;1551
12;2025-12-07;14;1471
12;2025-12-07;15;1339
12;2025-12-07;16;1445
12;2025-12-07;17;1443
12;2025-12-07;18;1248
12;2025-12-07;19;994
12;2025-12-07;20;740
12;2025-12-07;21;580
12;2025-12-07;22;382
12;2025-12-07;23;212
12;2025-12-08;0;61
12;2025-12-08;1;3
12;2025-12-08;2;0
12;2025-12-08;3;0
12;2025-12-08;4;6
12;2025-12-08;5;329
12;2025-12-08;6;1379
12;2025-12-08;7;2702
12;2025-12-08;8;3572
12;2025-12-08;9;2479
12;2025-12-08;10;2010
12;2025-12-08;11;1959
12;2025-12-08;12;2051
12;2025-12-08;13;2031
12;2025-12-08;14;2011
12;2025-12-08;15;2285
12;2025-12-08;16;2761
12;2025-12-08;17;3035
12;2025-12-08;18;3164
12;2025-12-08;19;2429
12;2025-12-08;20;1546
12;2025-12-08;21;920
12;2025-12-08;22;474
12;2025-12-08;23;250
12;2025-12-09;0;53
12;2025-12-09;1;2
12;2025-12-09;2;0
12;2025-12-09;3;0
12;2025-12-09;4;6
12;2025-12-09;5;333
12;2025-12-09;6;1392
12;2025-12-09;7;2748
12;2025-12-09;8;3683
12;2025-12-09;9;2517
12;2025-12-09;10;2086
12;2025-12-09;11;2043
12;2025-12-09;12;2077
12;2025-12-09;13;2092
12;2025-12-09;14;2069
12;2025-12-09;15;2296
12;2025-12-09;16;2807
12;2025-12-09;17;3078
12;2025-12-09;18;3182
12;2025-12-09;19;2480
12;2025-12-09;20;1538
12;2025-12-09;21;926
12;2025-12-09;22;490
12;2025-12-09;23;252
12;2025-12-10;0;55
12;2025-12-10;1;2
12;2025-12-10;2;0
12;2025-12-10;3;0
12;2025-12-10;4;6
12;2025-12-10;5;330
12;2025-12-10;6;1394
12;2025-12-10;7;2693
12;2025-12-10;8;3557
12;2025-12-10;9;2515
12;2025-12-10;10;2075
12;2025-12-10;11;2032
12;2025-12-10;12;2075
12;2025-12-10;13;2081
12;2025-12-10;14;2068
12;2025-12-10;15;2309
12;2025-12-10;16;2792
12;2025-12-10;17;3036
12;2025-12-10;18;3140
12;2025-12-10;19;2442
12;2025-12-10;20;1523
12;2025-12-10;21;950
12;2025-12-10;22;501
12;2025-12-10;23;262
12;2025-12-11;0;54
12;2025-12-11;1;2
12;2025-12-11;2;0
12;2025-12-11;3;0
12;2025-12-11;4;6
12;2025-12-11;5;323
12;2025-12-11;6;1358
12;2025-12-11;7;2685
12;2025-12-11;8;3559
12;2025-12-11;9;2444
12;2025-12-11;10;2038
12;2025-12-11;11;2019
12;2025-12-11;12;2083
12;2025-12-11;13;2069
12;2025-12-11;14;2067
12;2025-12-11;15;2307
12;2025-12-11;16;2788
12;2025-12-11;17;3053
12;2025-12-11;18;3133
12;2025-12-11;19;2453
12;2025-12-11;20;1543
12;2025-12-11;21;930
12;2025-12-11;22;496
12;2025-12-11;23;265
12;2025-12-12;0;57
12;2025-12-12;1;2
12;2025-12-12;2;0
12;2025-12-12;3;0
12;2025-12-12;4;5
12;2025-12-12;5;320
12;2025-12-12;6;1359
12;2025-12-12;7;2656
12;2025-12-12;8;3499
12;2025-12-12;9;2414
12;2025-12-12;10;1993
12;2025-12-12;11;2002
12;2025-12-12;12;2049
12;2025-12-12;13;2061
12;2025-12-12;14;2093
12;2025-12-12;15;2368
12;2025-12-12;16;2921
12;2025-12-12;17;3009
12;2025-12-12;18;2847
12;2025-12-12;19;2309
12;2025-12-12;20;1503
12;2025-12-12;21;953
12;2025-12-12;22;514
12;2025-12-12;23;282
12;2025-12-13;0;85
12;2025-12-13;1;5
12;2025-12-13;2;0
12;2025-12-13;3;0
12;2025-12-13;4;3
12;2025-12-13;5;232
12;2025-12-13;6;816
12;2025-12-13;7;894
12;2025-12-13;8;1003
12;2025-12-13;9;1192
12;2025-12-13;10;1425
12;2025-12-13;11;1500
12;2025-12-13;12;1491
12;2025-12-13;13;1758
12;2025-12-13;14;1652
12;2025-12-13;15;1527
12;2025-12-13;16;1592
12;2025-12-13;17;1524
12;2025-12-13;18;1464
12;2025-12-13;19;1393
12;2025-12-13;20;988
12;2025-12-13;21;702
12;2025-12-13;22;425
12;2025-12-13;23;286
12;2025-12-14;0;82
12;2025-12-14;1;7
12;2025-12-14;2;0
12;2025-12-14;3;0
12;2025-12-14;4;2
12;2025-12-14;5;151
12;2025-12-14;6;512
12;2025-12-14;7;621
12;2025-12-14;8;713
12;2025-12-14;9;914
12;2025-12-14;10;1107
12;2025-12-14;11;1246
12;2025-12-14;12;1311
12;2025-12-14;13;1552
12;2025-12-14;14;1471
12;2025-12-14;15;1340
12;2025-12-14;16;1446
12;2025-12-14;17;1444
12;2025-12-14;18;1249
12;2025-12-14;19;994
12;2025-12-14;20;741
12;2025-12-14;21;580
12;2025-12-14;22;382
12;2025-12-14;23;213
12;2025-12-15;0;61
12;2025-12-15;1;3
12;2025-12-15;2;0
12;2025-12-15;3;0
12;2025-12-15;4;6
12;2025-12-15;5;328
12;2025-12-15;6;1378
12;2025-12-15;7;2700
12;2025-12-15;8;3570
12;2025-12-15;9;2478
12;2025-12-15;10;2009
12;2025-12-15;11;1958
12;2025-12-15;12;2050
12;2025-12-15;13;2030
12;2025-12-15;14;2010
12;2025-12-15;15;2284
12;2025-12-15;16;2759
12;2025-12-15;17;3033
12;2025-12-15;18;3161
12;2025-12-15;19;2428
12;2025-12-15;20;1545
12;2025-12-15;21;920
12;2025-12-15;22;474
12;2025-12-15;23;250
12;2025-12-16;0;53
12;2025-12-16;1;2
12;2025-12-16;2;0
12;2025-12-16;3;0
12;2025-12-16;4;6
12;2025-12-16;5;333
12;2025-12-16;6;1392
12;2025-12-16;7;2746
12;2025-12-16;8;3680
12;2025-12-16;9;2515
12;2025-12-16;10;2085
12;2025-12-16;11;2042
12;2025-12-16;12;2076
12;2025-12-16;13;2090
12;2025-12-16;14;2067
12;2025-12-16;15;2294
12;2025-12-16;16;2806
12;2025-12-16;17;3076
12;2025-12-16;18;3180
12;2025-12-16;19;2478
12;2025-12-16;20;1537
12;2025-12-16;21;925
12;2025-12-16;22;489
12;2025-12-16;23;252
12;2025-12-17;0;55
12;2025-12-17;1;2
12;2025-12-17;2;0
12;2025-12-17;3;0
12;2025-12-17;4;6
12;2025-12-17;5;330
12;2025-12-17;6;1393
12;2025-12-17;7;2691
12;2025-12-17;8;3555
12;2025-12-17;9;2513
12;2025-12-17;10;2074
12;2025-12-17;11;2031
12;2025-12-17;12;2074
12;2025-12-17;13;2079
12;2025-12-17;14;2067
12;2025-12-17;15;2307
12;2025-12-17;16;2790
12;2025-12-17;17;3034
12;2025-12-17;18;3138
12;2025-12-17;19;2441
12;2025-12-17;20;1522
12;2025-12-17;21;949
12;2025-12-17;22;501
12;2025-12-17;23;262
12;2025-12-18;0;54
12;2025-12-18;1;2
12;2025-12-18;2;0
12;2025-12-18;3;0
12;2025-12-18;4;6
12;2025-12-18;5;323
12;2025-12-18;6;1357
12;2025-12-18;7;2684
12;2025-12-18;8;3556
12;2025-12-18;9;2443
12;2025-12-18;10;2037
12;2025-12-18;11;2018
12;2025-12-18;12;2082
12;2025-12-18;13;2068
12;2025-12-18;14;2066
12;2025-12-18;15;2305
12;2025-12-18;16;2787
12;2025-12-18;17;3051
12;2025-12-18;18;3131
12;2025-12-18;19;2452
12;2025-12-18;20;1542
12;2025-12-18;21;929
12;2025-12-18;22;496
12;2025-12-18;23;265
12;2025-12-19;0;57
12;2025-12-19;1;2
12;2025-12-19;2;0
12;2025-12-19;3;0
12;2025-12-19;4;5
12;2025-12-19;5;320
12;2025-12-19;6;1358
12;2025-12-19;7;2655
12;2025-12-19;8;3497
12;2025-12-19;9;2413
12;2025-12-19;10;1992
12;2025-12-19;11;2000
12;2025-12-19;12;2048
12;2025-12-19;13;2059
12;2025-12-19;14;2092
12;2025-12-19;15;2366
12;2025-12-19;16;2920
12;2025-12-19;17;3008
12;2025-12-19;18;2846
12;2025-12-19;19;2307
12;2025-12-19;20;1503
12;2025-12-19;21;952
12;2025-12-19;22;513
12;2025-12-19;23;282
12;2025-12-20;0;85
12;2025-12-20;1;5
12;2025-12-20;2;0
12;2025-12-20;3;0
12;2025-12-20;4;3
12;2025-12-20;5;232
12;2025-12-20;6;815
12;2025-12-20;7;894
12;2025-12-20;8;1002
12;2025-12-20;9;1191
12;2025-12-20;10;1424
12;2025-12-20;11;1499
12;2025-12-20;12;1490
12;2025-12-20;13;1757
12;2025-12-20;14;1650
12;2025-12-20;15;1526
12;2025-12-20;16;1591
12;2025-12-20;17;1523
12;2025-12-20;18;1463
12;2025-12-20;19;1392
12;2025-12-20;20;988
12;2025-12-20;21;701
12;2025-12-20;22;424
12;2025-12-20;23;286
12;2025-12-21;0;82
12;2025-12-21;1;7
12;2025-12-21;2;0
12;2025-12-21;3;0
12;2025-12-21;4;2
12;2025-12-21;5;151
12;2025-12-21;6;513
12;2025-12-21;7;622
12;2025-12-21;8;713
12;2025-12-21;9;915
12;2025-12-21;10;1107
12;2025-12-21;11;1247
12;2025-12-21;12;1312
12;2025-12-21;13;1553
12;2025-12-21;14;1472
12;2025-12-21;15;1341
12;2025-12-21;16;1447
12;2025-12-21;17;1445
12;2025-12-21;18;1249
12;2025-12-21;19;995
12;2025-12-21;20;741
12;2025-12-21;21;580
12;2025-12-21;22;382
12;2025-12-21;23;213
12;2025-12-22;0;61
12;2025-12-22;1;3
12;2025-12-22;2;0
12;2025-12-22;3;0
12;2025-12-22;4;6
12;2025-12-22;5;328
12;2025-12-22;6;1377
12;2025-12-22;7;2699
12;2025-12-22;8;3568
12;2025-12-22;9;2476
12;2025-12-22;10;2007
12;2025-12-22;11;1957
12;2025-12-22;12;2049
12;2025-12-22;13;2028
12;2025-12-22;14;2009
12;2025-12-22;15;2282
12;2025-12-22;16;2758
12;2025-12-22;17;3031
12;2025-12-22;18;3160
12;2025-12-22;19;2426
12;2025-12-22;20;1544
12;2025-12-22;21;919
12;2025-12-22;22;473
12;2025-12-22;23;250
12;2025-12-23;0;53
12;2025-12-23;1;2
12;2025-12-23;2;0
12;2025-12-23;3;0
12;2025-12-23;4;6
12;2025-12-23;5;333
12;2025-12-23;6;1391
12;2025-12-23;7;2745
12;2025-12-23;8;3678
12;2025-12-23;9;2514
12;2025-12-23;10;2083
12;2025-12-23;11;2040
12;2025-12-23;12;2075
12;2025-12-23;13;2089
12;2025-12-23;14;2066
12;2025-12-23;15;2293
12;2025-12-23;16;2804
12;2025-12-23;17;3074
12;2025-12-23;18;3178
12;2025-12-23;19;2477
12;2025-12-23;20;1536
12;2025-12-23;21;925
12;2025-12-23;22;489
12;2025-12-23;23;252
12;2025-12-24;0;55
12;2025-12-24;1;2
12;2025-12-24;2;0
12;2025-12-24;3;0
12;2025-12-24;4;6
12;2025-12-24;5;330
12;2025-12-24;6;1392
12;2025-12-24;7;2690
12;2025-12-24;8;3553
12;2025-12-24;9;2512
12;2025-12-24;10;2072
12;2025-12-24;11;2030
12;2025-12-24;12;2073
12;2025-12-24;13;2078
12;2025-12-24;14;2065
12;2025-12-24;15;2306
12;2025-12-24;16;2788
12;2025-12-24;17;3033
12;2025-12-24;18;3136
12;2025-12-24;19;2439
12;2025-12-24;20;1521
12;2025-12-24;21;948
12;2025-12-24;22;501
12;2025-12-24;23;262
12;2025-12-25;0;54
12;2025-12-25;1;2
12;2025-12-25;2;0
12;2025-12-25;3;0
12;2025-12-25;4;6
12;2025-12-25;5;322
12;2025-12-25;6;1357
12;2025-12-25;7;2682
12;2025-12-25;8;3554
12;2025-12-25;9;2442
12;2025-12-25;10;2035
12;2025-12-25;11;2016
12;2025-12-25;12;2080
12;2025-12-25;13;2067
12;2025-12-25;14;2064
12;2025-12-25;15;2304
12;2025-12-25;16;2785
12;2025-12-25;17;3049
12;2025-12-25;18;3130
12;2025-12-25;19;2451
12;2025-12-25;20;1541
12;2025-12-25;21;929
12;2025-12-25;22;496
12;2025-12-25;23;265
12;2025-12-26;0;57
12;2025-12-26;1;2
12;2025-12-26;2;0
12;2025-12-26;3;0
12;2025-12-26;4;5
12;2025-12-26;5;320
12;2025-12-26;6;1357
12;2025-12-26;7;2653
12;2025-12-26;8;3495
12;2025-12-26;9;2412
12;2025-12-26;10;1991
12;2025-12-26;11;1999
12;2025-12-26;12;2046
12;2025-12-26;13;2058
12;2025-12-26;14;2090
12;2025-12-26;15;2365
12;2025-12-26;16;2918
12;2025-12-26;17;3006
12;2025-12-26;18;2844
12;2025-12-26;19;2306
12;2025-12-26;20;1502
12;2025-12-26;21;952
12;2025-12-26;22;513
12;2025-12-26;23;282
12;2025-12-27;0;85
12;2025-12-27;1;5
12;2025-12-27;2;0
12;2025-12-27;3;0
12;2025-12-27;4;3
12;2025-12-27;5;232
12;2025-12-27;6;815
12;2025-12-27;7;893
12;2025-12-27;8;1002
12;2025-12-27;9;1190
12;2025-12-27;10;1424
12;2025-12-27;11;1498
12;2025-12-27;12;1489
12;2025-12-27;13;1756
12;2025-12-27;14;1650
12;2025-12-27;15;1525
12;2025-12-27;16;1590
12;2025-12-27;17;1522
12;2025-12-27;18;1462
12;2025-12-27;19;1392
12;2025-12-27;20;987
12;2025-12-27;21;701
12;2025-12-27;22;424
12;2025-12-27;23;286
12;2025-12-28;0;82
12;2025-12-28;1;7
12;2025-12-28;2;0
12;2025-12-28;3;0
12;2025-12-28;4;2
12;2025-12-28;5;151
12;2025-12-28;6;513
12;2025-12-28;7;622
12;2025-12-28;8;714
12;2025-12-28;9;915
12;2025-12-28;10;1108
12;2025-12-28;11;1247
12;2025-12-28;12;1313
12;2025-12-28;13;1553
12;2025-12-28;14;1473
12;2025-12-28;15;1341
12;2025-12-28;16;1447
12;2025-12-28;17;1445
12;2025-12-28;18;1250
12;2025-12-28;19;995
12;2025-12-28;20;741
12;2025-12-28;21;581
12;2025-12-28;22;383
12;2025-12-28;23;213
12;2025-12-29;0;61
12;2025-12-29;1;3
12;2025-12-29;2;0
12;2025-12-29;3;0
12;2025-12-29;4;6
12;2025-12-29;5;328
12;2025-12-29;6;1376
12;2025-12-29;7;2697
12;2025-12-29;8;3566
12;2025-12-29;9;2475
12;2025-12-29;10;2006
12;2025-12-29;11;1956
12;2025-12-29;12;2048
12;2025-12-29;13;2027
12;2025-12-29;14;2007
12;2025-12-29;15;2281
12;2025-12-29;16;2756
12;2025-12-29;17;3029
12;2025-12-29;18;3158
12;2025-12-29;19;2425
12;2025-12-29;20;1544
12;2025-12-29;21;919
12;2025-12-29;22;473
12;2025-12-29;23;249
12;2025-12-30;0;52
12;2025-12-30;1;2
12;2025-12-30;2;0
12;2025-12-30;3;0
12;2025-12-30;4;6
12;2025-12-30;5;332
12;2025-12-30;6;1390
12;2025-12-30;7;2743
12;2025-12-30;8;3676
12;2025-12-30;9;2512
12;2025-12-30;10;2082
12;2025-12-30;11;2039
12;2025-12-30;12;2074
12;2025-12-30;13;2088
12;2025-12-30;14;2065
12;2025-12-30;15;2291
12;2025-12-30;16;2802
12;2025-12-30;17;3072
12;2025-12-30;18;3176
12;2025-12-30;19;2475
12;2025-12-30;20;1535
12;2025-12-30;21;924
12;2025-12-30;22;489
12;2025-12-30;23;252
12;2025-12-31;0;79
12;2025-12-31;1;6
12;2025-12-31;2;0
12;2025-12-31;3;0
12;2025-12-31;4;2
12;2025-12-31;5;152
12;2025-12-31;6;521
12;2025-12-31;7;620
12;2025-12-31;8;702
12;2025-12-31;9;890
12;2025-12-31;10;1068
12;2025-12-31;11;1211
12;2025-12-31;12;1282
12;2025-12-31;13;1523
12;2025-12-31;14;1446
12;2025-12-31;15;1314
12;2025-12-31;16;1416
12;2025-12-31;17;1398
12;2025-12-31;18;1241
12;2025-12-31;19;1004
12;2025-12-31;20;746
12;2025-12-31;21;583
12;2025-12-31;22;385
12;2025-12-31;23;215
17;2025-11-01;0;120
17;2025-11-01;1;11
17;2025-11-01;2;0
17;2025-11-01;3;0
17;2025-11-01;4;26
17;2025-11-01;5;318
17;2025-11-01;6;1523
17;2025-11-01;7;4025
17;2025-11-01;8;5320
17;2025-11-01;9;3776
17;2025-11-01;10;2970
17;2025-11-01;11;2922
17;2025-11-01;12;2972
17;2025-11-01;13;3026
17;2025-11-01;14;3116
17;2025-11-01;15;3285
17;2025-11-01;16;3733
17;2025-11-01;17;4490
17;2025-11-01;18;4777
17;2025-11-01;19;3362
17;2025-11-01;20;2340
17;2025-11-01;21;1472
17;2025-11-01;22;789
17;2025-11-01;23;376
17;2025-11-02;0;163
17;2025-11-02;1;23
17;2025-11-02;2;1
17;2025-11-02;3;1
17;2025-11-02;4;4
17;2025-11-02;5;97
17;2025-11-02;6;392
17;2025-11-02;7;704
17;2025-11-02;8;1109
17;2025-11-02;9;1522
17;2025-11-02;10;1762
17;2025-11-02;11;2220
17;2025-11-02;12;2582
17;2025-11-02;13;2821
17;2025-11-02;14;2913
17;2025-11-02;15;2920
17;2025-11-02;16;2903
17;2025-11-02;17;2733
17;2025-11-02;18;2381
17;2025-11-02;19;1920
17;2025-11-02;20;1490
17;2025-11-02;21;1077
17;2025-11-02;22;673
17;2025-11-02;23;304
17;2025-11-03;0;159
17;2025-11-03;1;22
17;2025-11-03;2;1
17;2025-11-03;3;1
17;2025-11-03;4;4
17;2025-11-03;5;97
17;2025-11-03;6;393
17;2025-11-03;7;710
17;2025-11-03;8;1104
17;2025-11-03;9;1501
17;2025-11-03;10;1727
17;2025-11-03;11;2163
17;2025-11-03;12;2540
17;2025-11-03;13;2791
17;2025-11-03;14;2886
17;2025-11-03;15;2918
17;2025-11-03;16;2910
17;2025-11-03;17;2747
17;2025-11-03;18;2399
17;2025-11-03;19;1945
17;2025-11-03;20;1512
17;2025-11-03;21;1101
17;2025-11-03;22;696
17;2025-11-03;23;315
17;2025-11-04;0;159
17;2025-11-04;1;22
17;2025-11-04;2;1
17;2025-11-04;3;1
17;2025-11-04;4;4
17;2025-11-04;5;97
17;2025-11-04;6;393
17;2025-11-04;7;710
17;2025-11-04;8;1104
17;2025-11-04;9;1501
17;2025-11-04;10;1727
17;2025-11-04;11;2163
17;2025-11-04;12;2540
17;2025-11-04;13;2792
17;2025-11-04;14;2886
17;2025-11-04;15;2918
17;2025-11-04;16;2910
17;2025-11-04;17;2747
17;2025-11-04;18;2399
17;2025-11-04;19;1945
17;2025-11-04;20;1512
17;2025-11-04;21;1101
17;2025-11-04;22;696
17;2025-11-04;23;315
17;2025-11-05;0;119
17;2025-11-05;1;10
17;2025-11-05;2;0
17;2025-11-05;3;0
17;2025-11-05;4;26
17;2025-11-05;5;314
17;2025-11-05;6;1498
17;2025-11-05;7;3949
17;2025-11-05;8;5215
17;2025-11-05;9;3707
17;2025-11-05;10;2932
17;2025-11-05;11;2896
17;2025-11-05;12;2943
17;2025-11-05;13;3013
17;2025-11-05;14;3095
17;2025-11-05;15;3255
17;2025-11-05;16;3663
17;2025-11-05;17;4425
17;2025-11-05;18;4746
17;2025-11-05;19;3345
17;2025-11-05;20;2315
17;2025-11-05;21;1474
17;2025-11-05;22;790
17;2025-11-05;23;377
17;2025-11-06;0;126
17;2025-11-06;1;11
17;2025-11-06;2;0
17;2025-11-06;3;0
17;2025-11-06;4;25
17;2025-11-06;5;313
17;2025-11-06;6;1493
17;2025-11-06;7;3929
17;2025-11-06;8;5192
17;2025-11-06;9;3717
17;2025-11-06;10;2946
17;2025-11-06;11;2898
17;2025-11-06;12;2968
17;2025-11-06;13;3019
17;2025-11-06;14;3096
17;2025-11-06;15;3247
17;2025-11-06;16;3697
17;2025-11-06;17;4423
17;2025-11-06;18;4733
17;2025-11-06;19;3347
17;2025-11-06;20;2333
17;2025-11-06;21;1478
17;2025-11-06;22;800
17;2025-11-06;23;381
17;2025-11-07;0;130
17;2025-11-07;1;13
17;2025-11-07;2;0
17;2025-11-07;3;0
17;2025-11-07;4;25
17;2025-11-07;5;309
17;2025-11-07;6;1478
17;2025-11-07;7;3893
17;2025-11-07;8;5137
17;2025-11-07;9;3682
17;2025-11-07;10;2928
17;2025-11-07;11;2910
17;2025-11-07;12;2979
17;2025-11-07;13;3060
17;2025-11-07;14;3143
17;2025-11-07;15;3388
17;2025-11-07;16;3921
17;2025-11-07;17;4488
17;2025-11-07;18;4490
17;2025-11-07;19;3244
17;2025-11-07;20;2305
17;2025-11-07;21;1513
17;2025-11-07;22;836
17;2025-11-07;23;416
17;2025-11-08;0;195
17;2025-11-08;1;22
17;2025-11-08;2;0
17;2025-11-08;3;0
17;2025-11-08;4;5
17;2025-11-08;5;121
17;2025-11-08;6;512
17;2025-11-08;7;1092
17;2025-11-08;8;1612
17;2025-11-08;9;2038
17;2025-11-08;10;2260
17;2025-11-08;11;2691
17;2025-11-08;12;2994
17;2025-11-08;13;3167
17;2025-11-08;14;3216
17;2025-11-08;15;3236
17;2025-11-08;16;3228
17;2025-11-08;17;3042
17;2025-11-08;18;2761
17;2025-11-08;19;2282
17;2025-11-08;20;1782
17;2025-11-08;21;1303
17;2025-11-08;22;808
17;2025-11-08;23;417
17;2025-11-09;0;163
17;2025-11-09;1;23
17;2025-11-09;2;1
17;2025-11-09;3;1
17;2025-11-09;4;4
17;2025-11-09;5;97
17;2025-11-09;6;392
17;2025-11-09;7;704
17;2025-11-09;8;1109
17;2025-11-09;9;1522
17;2025-11-09;10;1762
17;2025-11-09;11;2220
17;2025-11-09;12;2582
17;2025-11-09;13;2821
17;2025-11-09;14;2913
17;2025-11-09;15;2921
17;2025-11-09;16;2904
17;2025-11-09;17;2734
17;2025-11-09;18;2381
17;2025-11-09;19;1920
17;2025-11-09;20;1490
17;2025-11-09;21;1077
17;2025-11-09;22;673
17;2025-11-09;23;304
17;2025-11-10;0;110
17;2025-11-10;1;12
17;2025-11-10;2;0
17;2025-11-10;3;0
17;2025-11-10;4;26
17;2025-11-10;5;312
17;2025-11-10;6;1499
17;2025-11-10;7;3967
17;2025-11-10;8;5270
17;2025-11-10;9;3718
17;2025-11-10;10;2891
17;2025-11-10;11;2865
17;2025-11-10;12;2907
17;2025-11-10;13;2970
17;2025-11-10;14;3034
17;2025-11-10;15;3230
17;2025-11-10;16;3668
17;2025-11-10;17;4436
17;2025-11-10;18;4785
17;2025-11-10;19;3350
17;2025-11-10;20;2308
17;2025-11-10;21;1417
17;2025-11-10;22;757
17;2025-11-10;23;349
17;2025-11-11;0;116
17;2025-11-11;1;11
17;2025-11-11;2;1
17;2025-11-11;3;0
17;2025-11-11;4;27
17;2025-11-11;5;317
17;2025-11-11;6;1521
17;2025-11-11;7;4026
17;2025-11-11;8;5332
17;2025-11-11;9;3785
17;2025-11-11;10;2960
17;2025-11-11;11;2887
17;2025-11-11;12;2953
17;2025-11-11;13;2998
17;2025-11-11;14;3106
17;2025-11-11;15;3226
17;2025-11-11;16;3665
17;2025-11-11;17;4476
17;2025-11-11;18;4804
17;2025-11-11;19;3377
17;2025-11-11;20;2339
17;2025-11-11;21;1444
17;2025-11-11;22;768
17;2025-11-11;23;362
17;2025-11-12;0;119
17;2025-11-12;1;10
17;2025-11-12;2;0
17;2025-11-12;3;0
17;2025-11-12;4;26
17;2025-11-12;5;314
17;2025-11-12;6;1497
17;2025-11-12;7;3947
17;2025-11-12;8;5212
17;2025-11-12;9;3705
17;2025-11-12;10;2931
17;2025-11-12;11;2895
17;2025-11-12;12;2942
17;2025-11-12;13;3012
17;2025-11-12;14;3094
17;2025-11-12;15;3254
17;2025-11-12;16;3661
17;2025-11-12;17;4422
17;2025-11-12;18;4744
17;2025-11-12;19;3343
17;2025-11-12;20;2314
17;2025-11-12;21;1473
17;2025-11-12;22;789
17;2025-11-12;23;376
17;2025-11-13;0;126
17;2025-11-13;1;11
17;2025-11-13;2;0
17;2025-11-13;3;0
17;2025-11-13;4;25
17;2025-11-13;5;313
17;2025-11-13;6;1492
17;2025-11-13;7;3927
17;2025-11-13;8;5189
17;2025-11-13;9;3715
17;2025-11-13;10;2944
17;2025-11-13;11;2897
17;2025-11-13;12;2966
17;2025-11-13;13;3017
17;2025-11-13;14;3095
17;2025-11-13;15;3245
17;2025-11-13;16;3695
17;2025-11-13;17;4421
17;2025-11-13;18;4731
17;2025-11-13;19;3345
17;2025-11-13;20;2331
17;2025-11-13;21;1478
17;2025-11-13;22;799
17;2025-11-13;23;381
17;2025-11-14;0;130
17;2025-11-14;1;13
17;2025-11-14;2;0
17;2025-11-14;3;0
17;2025-11-14;4;25
17;2025-11-14;5;309
17;2025-11-14;6;1477
17;2025-11-14;7;3890
17;2025-11-14;8;5134
17;2025-11-14;9;3680
17;2025-11-14;10;2926
17;2025-11-14;11;2909
17;2025-11-14;12;2977
17;2025-11-14;13;3058
17;2025-11-14;14;3142
17;2025-11-14;15;3386
17;2025-11-14;16;3919
17;2025-11-14;17;4486
17;2025-11-14;18;4488
17;2025-11-14;19;3243
17;2025-11-14;20;2304
17;2025-11-14;21;1512
17;2025-11-14;22;835
17;2025-11-14;23;415
17;2025-11-15;0;195
17;2025-11-15;1;22
17;2025-11-15;2;0
17;2025-11-15;3;0
17;2025-11-15;4;5
17;2025-11-15;5;121
17;2025-11-15;6;512
17;2025-11-15;7;1091
17;2025-11-15;8;1610
17;2025-11-15;9;2035
17;2025-11-15;10;2256
17;2025-11-15;11;2686
17;2025-11-15;12;2990
17;2025-11-15;13;3162
17;2025-11-15;14;3212
17;2025-11-15;15;3231
17;2025-11-15;16;3223
17;2025-11-15;17;3038
17;2025-11-15;18;2757
17;2025-11-15;19;2278
17;2025-11-15;20;1779
17;2025-11-15;21;1301
17;2025-11-15;22;807
17;2025-11-15;23;417
17;2025-11-16;0;163
17;2025-11-16;1;23
17;2025-11-16;2;1
17;2025-11-16;3;1
17;2025-11-16;4;4
17;2025-11-16;5;97
17;2025-11-16;6;392
17;2025-11-16;7;704
17;2025-11-16;8;1109
17;2025-11-16;9;1522
17;2025-11-16;10;1762
17;2025-11-16;11;2221
17;2025-11-16;12;2582
17;2025-11-16;13;2822
17;2025-11-16;14;2913
17;2025-11-16;15;2921
17;2025-11-16;16;2904
17;2025-11-16;17;2734
17;2025-11-16;18;2382
17;2025-11-16;19;1920
17;2025-11-16;20;1490
17;2025-11-16;21;1077
17;2025-11-16;22;673
17;2025-11-16;23;304
17;2025-11-17;0;110
17;2025-11-17;1;12
17;2025-11-17;2;0
17;2025-11-17;3;0
17;2025-11-17;4;26
17;2025-11-17;5;311
17;2025-11-17;6;1498
17;2025-11-17;7;3965
17;2025-11-17;8;5267
17;2025-11-17;9;3716
17;2025-11-17;10;2890
17;2025-11-17;11;2863
17;2025-11-17;12;2906
17;2025-11-17;13;2968
17;2025-11-17;14;3033
17;2025-11-17;15;3228
17;2025-11-17;16;3666
17;2025-11-17;17;4434
17;2025-11-17;18;4783
17;2025-11-17;19;3348
17;2025-11-17;20;2306
17;2025-11-17;21;1416
17;2025-11-17;22;757
17;2025-11-17;23;349
17;2025-11-18;0;116
17;2025-11-18;1;11
17;2025-11-18;2;1
17;2025-11-18;3;0
17;2025-11-18;4;27
17;2025-11-18;5;316
17;2025-11-18;6;1520
17;2025-11-18;7;4024
17;2025-11-18;8;5329
17;2025-11-18;9;3783
17;2025-11-18;10;2958
17;2025-11-18;11;2885
17;2025-11-18;12;2952
17;2025-11-18;13;2997
17;2025-11-18;14;3105
17;2025-11-18;15;3224
17;2025-11-18;16;3663
17;2025-11-18;17;4474
17;2025-11-18;18;4801
17;2025-11-18;19;3376
17;2025-11-18;20;2337
17;2025-11-18;21;1444
17;2025-11-18;22;768
17;2025-11-18;23;362
17;2025-11-19;0;119
17;2025-11-19;1;10
17;2025-11-19;2;0
17;2025-11-19;3;0
17;2025-11-19;4;26
17;2025-11-19;5;314
17;2025-11-19;6;1497
17;2025-11-19;7;3945
17;2025-11-19;8;5210
17;2025-11-19;9;3703
17;2025-11-19;10;2929
17;2025-11-19;11;2893
17;2025-11-19;12;2940
17;2025-11-19;13;3010
17;2025-11-19;14;3092
17;2025-11-19;15;3252
17;2025-11-19;16;3659
17;2025-11-19;17;4420
17;2025-11-19;18;4741
17;2025-11-19;19;3341
17;2025-11-19;20;2312
17;2025-11-19;21;1473
17;2025-11-19;22;789
17;2025-11-19;23;376
17;2025-11-20;0;126
17;2025-11-20;1;11
17;2025-11-20;2;0
17;2025-11-20;3;0
17;2025-11-20;4;25
17;2025-11-20;5;312
17;2025-11-20;6;1491
17;2025-11-20;7;3925
17;2025-11-20;8;5187
17;2025-11-20;9;3713
17;2025-11-20;10;2943
17;2025-11-20;11;2895
17;2025-11-20;12;2965
17;2025-11-20;13;3015
17;2025-11-20;14;3093
17;2025-11-20;15;3244
17;2025-11-20;16;3693
17;2025-11-20;17;4419
17;2025-11-20;18;4728
17;2025-11-20;19;3343
17;2025-11-20;20;2330
17;2025-11-20;21;1477
17;2025-11-20;22;799
17;2025-11-20;23;380
17;2025-11-21;0;130
17;2025-11-21;1;13
17;2025-11-21;2;0
17;2025-11-21;3;0
17;2025-11-21;4;25
17;2025-11-21;5;309
17;2025-11-21;6;1477
17;2025-11-21;7;3888
17;2025-11-21;8;5131
17;2025-11-21;9;3678
17;2025-11-21;10;2925
17;2025-11-21;11;2907
17;2025-11-21;12;2976
17;2025-11-21;13;3057
17;2025-11-21;14;3140
17;2025-11-21;15;3384
17;2025-11-21;16;3917
17;2025-11-21;17;4484
17;2025-11-21;18;4485
17;2025-11-21;19;3241
17;2025-11-21;20;2303
17;2025-11-21;21;1511
17;2025-11-21;22;835
17;2025-11-21;23;415
17;2025-11-22;0;194
17;2025-11-22;1;22
17;2025-11-22;2;0
17;2025-11-22;3;0
17;2025-11-22;4;5
17;2025-11-22;5;121
17;2025-11-22;6;511
17;2025-11-22;7;1089
17;2025-11-22;8;1607
17;2025-11-22;9;2032
17;2025-11-22;10;2253
17;2025-11-22;11;2683
17;2025-11-22;12;2985
17;2025-11-22;13;3157
17;2025-11-22;14;3207
17;2025-11-22;15;3227
17;2025-11-22;16;3219
17;2025-11-22;17;3033
17;2025-11-22;18;2753
17;2025-11-22;19;2275
17;2025-11-22;20;1776
17;2025-11-22;21;1299
17;2025-11-22;22;806
17;2025-11-22;23;416
17;2025-11-23;0;163
17;2025-11-23;1;23
17;2025-11-23;2;1
17;2025-11-23;3;1
17;2025-11-23;4;4
17;2025-11-23;5;97
17;2025-11-23;6;392
17;2025-11-23;7;704
17;2025-11-23;8;1109
17;2025-11-23;9;1522
17;2025-11-23;10;1762
17;2025-11-23;11;2221
17;2025-11-23;12;2582
17;2025-11-23;13;2822
17;2025-11-23;14;2913
17;2025-11-23;15;2921
17;2025-11-23;16;2904
17;2025-11-23;17;2734
17;2025-11-23;18;2382
17;2025-11-23;19;1920
17;2025-11-23;20;1490
17;2025-11-23;21;1077
17;2025-11-23;22;673
17;2025-11-23;23;304
17;2025-11-24;0;110
17;2025-11-24;1;12
17;2025-11-24;2;0
17;2025-11-24;3;0
17;2025-11-24;4;26
17;2025-11-24;5;311
17;2025-11-24;6;1497
17;2025-11-24;7;3963
17;2025-11-24;8;5265
17;2025-11-24;9;3714
17;2025-11-24;10;2888
17;2025-11-24;11;2862
17;2025-11-24;12;2904
17;2025-11-24;13;2967
17;2025-11-24;14;3031
17;2025-11-24;15;3226
17;2025-11-24;16;3664
17;2025-11-24;17;4431
17;2025-11-24;18;4780
17;2025-11-24;19;3346
17;2025-11-24;20;2305
17;2025-11-24;21;1416
17;2025-11-24;22;757
17;2025-11-24;23;349
17;2025-11-25;0;116
17;2025-11-25;1;11
17;2025-11-25;2;1
17;2025-11-25;3;0
17;2025-11-25;4;27
17;2025-11-25;5;316
17;2025-11-25;6;1520
17;2025-11-25;7;4021
17;2025-11-25;8;5327
17;2025-11-25;9;3781
17;2025-11-25;10;2957
17;2025-11-25;11;2884
17;2025-11-25;12;2950
17;2025-11-25;13;2995
17;2025-11-25;14;3103
17;2025-11-25;15;3222
17;2025-11-25;16;3661
17;2025-11-25;17;4471
17;2025-11-25;18;4799
17;2025-11-25;19;3374
17;2025-11-25;20;2336
17;2025-11-25;21;1443
17;2025-11-25;22;767
17;2025-11-25;23;362
17;2025-11-26;0;119
17;2025-11-26;1;10
17;2025-11-26;2;0
17;2025-11-26;3;0
17;2025-11-26;4;26
17;2025-11-26;5;313
17;2025-11-26;6;1496
17;2025-11-26;7;3943
17;2025-11-26;8;5207
17;2025-11-26;9;3701
17;2025-11-26;10;2928
17;2025-11-26;11;2892
17;2025-11-26;12;2939
17;2025-11-26;13;3009
17;2025-11-26;14;3091
17;2025-11-26;15;3250
17;2025-11-26;16;3657
17;2025-11-26;17;4418
17;2025-11-26;18;4739
17;2025-11-26;19;3339
17;2025-11-26;20;2311
17;2025-11-26;21;1472
17;2025-11-26;22;789
17;2025-11-26;23;376
17;2025-11-27;0;126
17;2025-11-27;1;11
17;2025-11-27;2;0
17;2025-11-27;3;0
17;2025-11-27;4;25
17;2025-11-27;5;312
17;2025-11-27;6;1490
17;2025-11-27;7;3923
17;2025-11-27;8;5184
17;2025-11-27;9;3711
17;2025-11-27;10;2941
17;2025-11-27;11;2894
17;2025-11-27;12;2963
17;2025-11-27;13;3014
17;2025-11-27;14;3091
17;2025-11-27;15;3242
17;2025-11-27;16;3691
17;2025-11-27;17;4417
17;2025-11-27;18;4726
17;2025-11-27;19;3342
17;2025-11-27;20;2329
17;2025-11-27;21;1476
17;2025-11-27;22;798
17;2025-11-27;23;380
17;2025-11-28;0;130
17;2025-11-28;1;13
17;2025-11-28;2;0
17;2025-11-28;3;0
17;2025-11-28;4;25
17;2025-11-28;5;308
17;2025-11-28;6;1476
17;2025-11-28;7;3887
17;2025-11-28;8;5129
17;2025-11-28;9;3676
17;2025-11-28;10;2924
17;2025-11-28;11;2906
17;2025-11-28;12;2974
17;2025-11-28;13;3055
17;2025-11-28;14;3138
17;2025-11-28;15;3382
17;2025-11-28;16;3915
17;2025-11-28;17;4481
17;2025-11-28;18;4483
17;2025-11-28;19;3239
17;2025-11-28;20;2302
17;2025-11-28;21;1510
17;2025-11-28;22;835
17;2025-11-28;23;415
17;2025-11-29;0;194
17;2025-11-29;1;22
17;2025-11-29;2;0
17;2025-11-29;3;0
17;2025-11-29;4;5
17;2025-11-29;5;121
17;2025-11-29;6;510
17;2025-11-29;7;1088
17;2025-11-29;8;1605
17;2025-11-29;9;2030
17;2025-11-29;10;2250
17;2025-11-29;11;2679
17;2025-11-29;12;2981
17;2025-11-29;13;3153
17;2025-11-29;14;3203
17;2025-11-29;15;3222
17;2025-11-29;16;3214
17;2025-11-29;17;3029
17;2025-11-29;18;2749
17;2025-11-29;19;2272
17;2025-11-29;20;1774
17;2025-11-29;21;1297
17;2025-11-29;22;804
17;2025-11-29;23;415
17;2025-11-30;0;163
17;2025-11-30;1;23
17;2025-11-30;2;1
17;2025-11-30;3;1
17;2025-11-30;4;4
17;2025-11-30;5;97
17;2025-11-30;6;392
17;2025-11-30;7;704
17;2025-11-30;8;1109
17;2025-11-30;9;1522
17;2025-11-30;10;1762
17;2025-11-30;11;2221
17;2025-11-30;12;2582
17;2025-11-30;13;2822
17;2025-11-30;14;2913
17;2025-11-30;15;2921
17;2025-11-30;16;2904
17;2025-11-30;17;2734
17;2025-11-30;18;2382
17;2025-11-30;19;1920
17;2025-11-30;20;1490
17;2025-11-30;21;1077
17;2025-11-30;22;673
17;2025-11-30;23;304
17;2025-12-01;0;110
17;2025-12-01;1;12
17;2025-12-01;2;0
17;2025-12-01;3;0
17;2025-12-01;4;26
17;2025-12-01;5;311
17;2025-12-01;6;1497
17;2025-12-01;7;3961
17;2025-12-01;8;5262
17;2025-12-01;9;3712
17;2025-12-01;10;2887
17;2025-12-01;11;2860
17;2025-12-01;12;2903
17;2025-12-01;13;2965
17;2025-12-01;14;3030
17;2025-12-01;15;3225
17;2025-12-01;16;3663
17;2025-12-01;17;4429
17;2025-12-01;18;4778
17;2025-12-01;19;3345
17;2025-12-01;20;2304
17;2025-12-01;21;1415
17;2025-12-01;22;756
17;2025-12-01;23;349
17;2025-12-02;0;116
17;2025-12-02;1;11
17;2025-12-02;2;1
17;2025-12-02;3;0
17;2025-12-02;4;27
17;2025-12-02;5;316
17;2025-12-02;6;1519
17;2025-12-02;7;4020
17;2025-12-02;8;5324
17;2025-12-02;9;3779
17;2025-12-02;10;2956
17;2025-12-02;11;2883
17;2025-12-02;12;2949
17;2025-12-02;13;2994
17;2025-12-02;14;3102
17;2025-12-02;15;3221
17;2025-12-02;16;3659
17;2025-12-02;17;4469
17;2025-12-02;18;4797
17;2025-12-02;19;3372
17;2025-12-02;20;2335
17;2025-12-02;21;1442
17;2025-12-02;22;767
17;2025-12-02;23;362
17;2025-12-03;0;119
17;2025-12-03;1;10
17;2025-12-03;2;0
17;2025-12-03;3;0
17;2025-12-03;4;26
17;2025-12-03;5;313
17;2025-12-03;6;1495
17;2025-12-03;7;3941
17;2025-12-03;8;5205
17;2025-12-03;9;3699
17;2025-12-03;10;2926
17;2025-12-03;11;2890
17;2025-12-03;12;2937
17;2025-12-03;13;3007
17;2025-12-03;14;3089
17;2025-12-03;15;3249
17;2025-12-03;16;3655
17;2025-12-03;17;4416
17;2025-12-03;18;4737
17;2025-12-03;19;3338
17;2025-12-03;20;2310
17;2025-12-03;21;1471
17;2025-12-03;22;788
17;2025-12-03;23;376
17;2025-12-04;0;126
17;2025-12-04;1;11
17;2025-12-04;2;0
17;2025-12-04;3;0
17;2025-12-04;4;25
17;2025-12-04;5;312
17;2025-12-04;6;1490
17;2025-12-04;7;3921
17;2025-12-04;8;5182
17;2025-12-04;9;3710
17;2025-12-04;10;2940
17;2025-12-04;11;2893
17;2025-12-04;12;2962
17;2025-12-04;13;3013
17;2025-12-04;14;3090
17;2025-12-04;15;3241
17;2025-12-04;16;3689
17;2025-12-04;17;4415
17;2025-12-04;18;4724
17;2025-12-04;19;3340
17;2025-12-04;20;2328
17;2025-12-04;21;1475
17;2025-12-04;22;798
17;2025-12-04;23;380
17;2025-12-05;0;130
17;2025-12-05;1;13
17;2025-12-05;2;0
17;2025-12-05;3;0
17;2025-12-05;4;25
17;2025-12-05;5;308
17;2025-12-05;6;1475
17;2025-12-05;7;3885
17;2025-12-05;8;5127
17;2025-12-05;9;3674
17;2025-12-05;10;2922
17;2025-12-05;11;2904
17;2025-12-05;12;2973
17;2025-12-05;13;3054
17;2025-12-05;14;3137
17;2025-12-05;15;3381
17;2025-12-05;16;3914
17;2025-12-05;17;4479
17;2025-12-05;18;4481
17;2025-12-05;19;3238
17;2025-12-05;20;2301
17;2025-12-05;21;1510
17;2025-12-05;22;834
17;2025-12-05;23;415
17;2025-12-06;0;194
17;2025-12-06;1;22
17;2025-12-06;2;0
17;2025-12-06;3;0
17;2025-12-06;4;5
17;2025-12-06;5;121
17;2025-12-06;6;509
17;2025-12-06;7;1086
17;2025-12-06;8;1603
17;2025-12-06;9;2027
17;2025-12-06;10;2247
17;2025-12-06;11;2676
17;2025-12-06;12;2978
17;2025-12-06;13;3149
17;2025-12-06;14;3199
17;2025-12-06;15;3218
17;2025-12-06;16;3210
17;2025-12-06;17;3025
17;2025-12-06;18;2746
17;2025-12-06;19;2269
17;2025-12-06;20;1772
17;2025-12-06;21;1295
17;2025-12-06;22;803
17;2025-12-06;23;415
17;2025-12-07;0;163
17;2025-12-07;1;23
17;2025-12-07;2;1
17;2025-12-07;3;1
17;2025-12-07;4;4
17;2025-12-07;5;97
17;2025-12-07;6;392
17;2025-12-07;7;704
17;2025-12-07;8;1109
17;2025-12-07;9;1522
17;2025-12-07;10;1762
17;2025-12-07;11;2221
17;2025-12-07;12;2582
17;2025-12-07;13;2822
17;2025-12-07;14;2913
17;2025-12-07;15;2921
17;2025-12-07;16;2904
17;2025-12-07;17;2734
17;2025-12-07;18;2382
17;2025-12-07;19;1920
17;2025-12-07;20;1490
17;2025-12-07;21;1077
17;2025-12-07;22;673
17;2025-12-07;23;304
17;2025-12-08;0;110
17;2025-12-08;1;12
17;2025-12-08;2;0
17;2025-12-08;3;0
17;2025-12-08;4;26
17;2025-12-08;5;311
17;2025-12-08;6;1496
17;2025-12-08;7;3959
17;2025-12-08;8;5260
17;2025-12-08;9;3711
17;2025-12-08;10;2886
17;2025-12-08;11;2859
17;2025-12-08;12;2901
17;2025-12-08;13;2964
17;2025-12-08;14;3028
17;2025-12-08;15;3223
17;2025-12-08;16;3661
17;2025-12-08;17;4427
17;2025-12-08;18;4776
17;2025-12-08;19;3343
17;2025-12-08;20;2303
17;2025-12-08;21;1414
17;2025-12-08;22;756
17;2025-12-08;23;349
17;2025-12-09;0;116
17;2025-12-09;1;11
17;2025-12-09;2;1
17;2025-12-09;3;0
17;2025-12-09;4;26
17;2025-12-09;5;316
17;2025-12-09;6;1518
17;2025-12-09;7;4018
17;2025-12-09;8;5322
17;2025-12-09;9;3778
17;2025-12-09;10;2954
17;2025-12-09;11;2881
17;2025-12-09;12;2947
17;2025-12-09;13;2992
17;2025-12-09;14;3100
17;2025-12-09;15;3219
17;2025-12-09;16;3657
17;2025-12-09;17;4467
17;2025-12-09;18;4795
17;2025-12-09;19;3371
17;2025-12-09;20;2334
17;2025-12-09;21;1442
17;2025-12-09;22;767
17;2025-12-09;23;362
17;2025-12-10;0;119
17;2025-12-10;1;10
17;2025-12-10;2;0
17;2025-12-10;3;0
17;2025-12-10;4;26
17;2025-12-10;5;313
17;2025-12-10;6;1495
17;2025-12-10;7;3939
17;2025-12-10;8;5202
17;2025-12-10;9;3698
17;2025-12-10;10;2925
17;2025-12-10;11;2889
17;2025-12-10;12;2936
17;2025-12-10;13;3006
17;2025-12-10;14;3088
17;2025-12-10;15;3247
17;2025-12-10;16;3654
17;2025-12-10;17;4414
17;2025-12-10;18;4735
17;2025-12-10;19;3336
17;2025-12-10;20;2309
17;2025-12-10;21;1471
17;2025-12-10;22;788
17;2025-12-10;23;376
17;2025-12-11;0;126
17;2025-12-11;1;11
17;2025-12-11;2;0
17;2025-12-11;3;0
17;2025-12-11;4;25
17;2025-12-11;5;312
17;2025-12-11;6;1489
17;2025-12-11;7;3919
17;2025-12-11;8;5180
17;2025-12-11;9;3708
17;2025-12-11;10;2939
17;2025-12-11;11;2891
17;2025-12-11;12;2961
17;2025-12-11;13;3011
17;2025-12-11;14;3089
17;2025-12-11;15;3239
17;2025-12-11;16;3688
17;2025-12-11;17;4413
17;2025-12-11;18;4722
17;2025-12-11;19;3339
17;2025-12-11;20;2327
17;2025-12-11;21;1475
17;2025-12-11;22;798
17;2025-12-11;23;380
17;2025-12-12;0;130
17;2025-12-12;1;13
17;2025-12-12;2;0
17;2025-12-12;3;0
17;2025-12-12;4;25
17;2025-12-12;5;308
17;2025-12-12;6;1475
17;2025-12-12;7;3883
17;2025-12-12;8;5124
17;2025-12-12;9;3673
17;2025-12-12;10;2921
17;2025-12-12;11;2903
17;2025-12-12;12;2972
17;2025-12-12;13;3053
17;2025-12-12;14;3136
17;2025-12-12;15;3379
17;2025-12-12;16;3912
17;2025-12-12;17;4477
17;2025-12-12;18;4479
17;2025-12-12;19;3237
17;2025-12-12;20;2300
17;2025-12-12;21;1509
17;2025-12-12;22;834
17;2025-12-12;23;414
17;2025-12-13;0;194
17;2025-12-13;1;22
17;2025-12-13;2;0
17;2025-12-13;3;0
17;2025-12-13;4;5
17;2025-12-13;5;120
17;2025-12-13;6;509
17;2025-12-13;7;1085
17;2025-12-13;8;1601
17;2025-12-13;9;2025
17;2025-12-13;10;2244
17;2025-12-13;11;2673
17;2025-12-13;12;2974
17;2025-12-13;13;3146
17;2025-12-13;14;3195
17;2025-12-13;15;3215
17;2025-12-13;16;3207
17;2025-12-13;17;3022
17;2025-12-13;18;2742
17;2025-12-13;19;2266
17;2025-12-13;20;1770
17;2025-12-13;21;1294
17;2025-12-13;22;802
17;2025-12-13;23;414
17;2025-12-14;0;163
17;2025-12-14;1;23
17;2025-12-14;2;1
17;2025-12-14;3;1
17;2025-12-14;4;4
17;2025-12-14;5;97
17;2025-12-14;6;392
17;2025-12-14;7;704
17;2025-12-14;8;1109
17;2025-12-14;9;1522
17;2025-12-14;10;1762
17;2025-12-14;11;2221
17;2025-12-14;12;2582
17;2025-12-14;13;2822
17;2025-12-14;14;2913
17;2025-12-14;15;2921
17;2025-12-14;16;2904
17;2025-12-14;17;2734
17;2025-12-14;18;2382
17;2025-12-14;19;1920
17;2025-12-14;20;1490
17;2025-12-14;21;1077
17;2025-12-14;22;673
17;2025-12-14;23;304
17;2025-12-15;0;110
17;2025-12-15;1;12
17;2025-12-15;2;0
17;2025-12-15;3;0
17;2025-12-15;4;26
17;2025-12-15;5;311
17;2025-12-15;6;1495
17;2025-12-15;7;3957
17;2025-12-15;8;5258
17;2025-12-15;9;3709
17;2025-12-15;10;2884
17;2025-12-15;11;2858
17;2025-12-15;12;2900
17;2025-12-15;13;2963
17;2025-12-15;14;3027
17;2025-12-15;15;3222
17;2025-12-15;16;3659
17;2025-12-15;17;4425
17;2025-12-15;18;4774
17;2025-12-15;19;3342
17;2025-12-15;20;2302
17;2025-12-15;21;1414
17;2025-12-15;22;756
17;2025-12-15;23;349
17;2025-12-16;0;116
17;2025-12-16;1;11
17;2025-12-16;2;1
17;2025-12-16;3;0
17;2025-12-16;4;26
17;2025-12-16;5;316
17;2025-12-16;6;1518
17;2025-12-16;7;4016
17;2025-12-16;8;5319
17;2025-12-16;9;3776
17;2025-12-16;10;2953
17;2025-12-16;11;2880
17;2025-12-16;12;2946
17;2025-12-16;13;2991
17;2025-12-16;14;3099
17;2025-12-16;15;3218
17;2025-12-16;16;3656
17;2025-12-16;17;4465
17;2025-12-16;18;4793
17;2025-12-16;19;3369
17;2025-12-16;20;2333
17;2025-12-16;21;1441
17;2025-12-16;22;766
17;2025-12-16;23;361
17;2025-12-17;0;119
17;2025-12-17;1;10
17;2025-12-17;2;0
17;2025-12-17;3;0
17;2025-12-17;4;26
17;2025-12-17;5;313
17;2025-12-17;6;1494
17;2025-12-17;7;3937
17;2025-12-17;8;5200
17;2025-12-17;9;3696
17;2025-12-17;10;2924
17;2025-12-17;11;2888
17;2025-12-17;12;2935
17;2025-12-17;13;3005
17;2025-12-17;14;3086
17;2025-12-17;15;3246
17;2025-12-17;16;3652
17;2025-12-17;17;4412
17;2025-12-17;18;4733
17;2025-12-17;19;3335
17;2025-12-17;20;2308
17;2025-12-17;21;1470
17;2025-12-17;22;788
17;2025-12-17;23;375
17;2025-12-18;0;126
17;2025-12-18;1;11
17;2025-12-18;2;0
17;2025-12-18;3;0
17;2025-12-18;4;25
17;2025-12-18;5;312
17;2025-12-18;6;1488
17;2025-12-18;7;3918
17;2025-12-18;8;5178
17;2025-12-18;9;3707
17;2025-12-18;10;2937
17;2025-12-18;11;2890
17;2025-12-18;12;2960
17;2025-12-18;13;3010
17;2025-12-18;14;3087
17;2025-12-18;15;3238
17;2025-12-18;16;3686
17;2025-12-18;17;4411
17;2025-12-18;18;4720
17;2025-12-18;19;3337
17;2025-12-18;20;2326
17;2025-12-18;21;1474
17;2025-12-18;22;797
17;2025-12-18;23;380
17;2025-12-19;0;130
17;2025-12-19;1;13
17;2025-12-19;2;0
17;2025-12-19;3;0
17;2025-12-19;4;25
17;2025-12-19;5;308
17;2025-12-19;6;1474
17;2025-12-19;7;3882
17;2025-12-19;8;5122
17;2025-12-19;9;3671
17;2025-12-19;10;2920
17;2025-12-19;11;2902
17;2025-12-19;12;2970
17;2025-12-19;13;3051
17;2025-12-19;14;3134
17;2025-12-19;15;3378
17;2025-12-19;16;3910
17;2025-12-19;17;4476
17;2025-12-19;18;4477
17;2025-12-19;19;3235
17;2025-12-19;20;2299
17;2025-12-19;21;1508
17;2025-12-19;22;833
17;2025-12-19;23;414
17;2025-12-20;0;193
17;2025-12-20;1;22
17;2025-12-20;2;0
17;2025-12-20;3;0
17;2025-12-20;4;5
17;2025-12-20;5;120
17;2025-12-20;6;508
17;2025-12-20;7;1084
17;2025-12-20;8;1600
17;2025-12-20;9;2023
17;2025-12-20;10;2242
17;2025-12-20;11;2670
17;2025-12-20;12;2971
17;2025-12-20;13;3142
17;2025-12-20;14;3191
17;2025-12-20;15;3211
17;2025-12-20;16;3203
17;2025-12-20;17;3018
17;2025-12-20;18;2740
17;2025-12-20;19;2264
17;2025-12-20;20;1768
17;2025-12-20;21;1292
17;2025-12-20;22;802
17;2025-12-20;23;414
17;2025-12-21;0;163
17;2025-12-21;1;23
17;2025-12-21;2;1
17;2025-12-21;3;1
17;2025-12-21;4;4
17;2025-12-21;5;97
17;2025-12-21;6;392
17;2025-12-21;7;704
17;2025-12-21;8;1109
17;2025-12-21;9;1522
17;2025-12-21;10;1762
17;2025-12-21;11;2221
17;2025-12-21;12;2582
17;2025-12-21;13;2822
17;2025-12-21;14;2913
17;2025-12-21;15;2921
17;2025-12-21;16;2904
17;2025-12-21;17;2734
17;2025-12-21;18;2382
17;2025-12-21;19;1920
17;2025-12-21;20;1490
17;2025-12-21;21;1077
17;2025-12-21;22;673
17;2025-12-21;23;304
17;2025-12-22;0;110
17;2025-12-22;1;12
17;2025-12-22;2;0
17;2025-12-22;3;0
17;2025-12-22;4;26
17;2025-12-22;5;311
17;2025-12-22;6;1495
17;2025-12-22;7;3956
17;2025-12-22;8;5256
17;2025-12-22;9;3708
17;2025-12-22;10;2883
17;2025-12-22;11;2857
17;2025-12-22;12;2899
17;2025-12-22;13;2961
17;2025-12-22;14;3026
17;2025-12-22;15;3221
17;2025-12-22;16;3658
17;2025-12-22;17;4424
17;2025-12-22;18;4772
17;2025-12-22;19;3341
17;2025-12-22;20;2301
17;2025-12-22;21;1413
17;2025-12-22;22;755
17;2025-12-22;23;348
17;2025-12-23;0;115
17;2025-12-23;1;11
17;2025-12-23;2;1
17;2025-12-23;3;0
17;2025-12-23;4;26
17;2025-12-23;5;316
17;2025-12-23;6;1517
17;2025-12-23;7;4015
17;2025-12-23;8;5317
17;2025-12-23;9;3775
17;2025-12-23;10;2952
17;2025-12-23;11;2879
17;2025-12-23;12;2945
17;2025-12-23;13;2990
17;2025-12-23;14;3098
17;2025-12-23;15;3217
17;2025-12-23;16;3654
17;2025-12-23;17;4464
17;2025-12-23;18;4791
17;2025-12-23;19;3368
17;2025-12-23;20;2332
17;2025-12-23;21;1440
17;2025-12-23;22;766
17;2025-12-23;23;361
17;2025-12-24;0;119
17;2025-12-24;1;10
17;2025-12-24;2;0
17;2025-12-24;3;0
17;2025-12-24;4;26
17;2025-12-24;5;313
17;2025-12-24;6;1493
17;2025-12-24;7;3936
17;2025-12-24;8;5198
17;2025-12-24;9;3695
17;2025-12-24;10;2923
17;2025-12-24;11;2887
17;2025-12-24;12;2934
17;2025-12-24;13;3004
17;2025-12-24;14;3085
17;2025-12-24;15;3245
17;2025-12-24;16;3651
17;2025-12-24;17;4410
17;2025-12-24;18;4731
17;2025-12-24;19;3334
17;2025-12-24;20;2307
17;2025-12-24;21;1469
17;2025-12-24;22;787
17;2025-12-24;23;375
17;2025-12-25;0;126
17;2025-12-25;1;11
17;2025-12-25;2;0
17;2025-12-25;3;0
17;2025-12-25;4;25
17;2025-12-25;5;312
17;2025-12-25;6;1488
17;2025-12-25;7;3916
17;2025-12-25;8;5176
17;2025-12-25;9;3705
17;2025-12-25;10;2936
17;2025-12-25;11;2889
17;2025-12-25;12;2958
17;2025-12-25;13;3009
17;2025-12-25;14;3086
17;2025-12-25;15;3237
17;2025-12-25;16;3685
17;2025-12-25;17;4409
17;2025-12-25;18;4718
17;2025-12-25;19;3336
17;2025-12-25;20;2325
17;2025-12-25;21;1474
17;2025-12-25;22;797
17;2025-12-25;23;379
17;2025-12-26;0;130
17;2025-12-26;1;13
17;2025-12-26;2;0
17;2025-12-26;3;0
17;2025-12-26;4;25
17;2025-12-26;5;308
17;2025-12-26;6;1473
17;2025-12-26;7;3880
17;2025-12-26;8;5121
17;2025-12-26;9;3670
17;2025-12-26;10;2919
17;2025-12-26;11;2901
17;2025-12-26;12;2969
17;2025-12-26;13;3050
17;2025-12-26;14;3133
17;2025-12-26;15;3377
17;2025-12-26;16;3909
17;2025-12-26;17;4474
17;2025-12-26;18;4476
17;2025-12-26;19;3234
17;2025-12-26;20;2298
17;2025-12-26;21;1508
17;2025-12-26;22;833
17;2025-12-26;23;414
17;2025-12-27;0;193
17;2025-12-27;1;22
17;2025-12-27;2;0
17;2025-12-27;3;0
17;2025-12-27;4;5
17;2025-12-27;5;120
17;2025-12-27;6;508
17;2025-12-27;7;1083
17;2025-12-27;8;1598
17;2025-12-27;9;2020
17;2025-12-27;10;2240
17;2025-12-27;11;2667
17;2025-12-27;12;2968
17;2025-12-27;13;3139
17;2025-12-27;14;3188
17;2025-12-27;15;3208
17;2025-12-27;16;3200
17;2025-12-27;17;3015
17;2025-12-27;18;2737
17;2025-12-27;19;2262
17;2025-12-27;20;1766
17;2025-12-27;21;1291
17;2025-12-27;22;801
17;2025-12-27;23;413
17;2025-12-28;0;163
17;2025-12-28;1;23
17;2025-12-28;2;1
17;2025-12-28;3;1
17;2025-12-28;4;4
17;2025-12-28;5;97
17;2025-12-28;6;392
17;2025-12-28;7;704
17;2025-12-28;8;1109
17;2025-12-28;9;1522
17;2025-12-28;10;1762
17;2025-12-28;11;2221
17;2025-12-28;12;2582
17;2025-12-28;13;2822
17;2025-12-28;14;2913
17;2025-12-28;15;2921
17;2025-12-28;16;2904
17;2025-12-28;17;2734
17;2025-12-28;18;2382
17;2025-12-28;19;1920
17;2025-12-28;20;1490
17;2025-12-28;21;1077
17;2025-12-28;22;673
17;2025-12-28;23;304
17;2025-12-29;0;110
17;2025-12-29;1;12
17;2025-12-29;2;0
17;2025-12-29;3;0
17;2025-12-29;4;26
17;2025-12-29;5;311
17;2025-12-29;6;1494
17;2025-12-29;7;3954
17;2025-12-29;8;5254
17;2025-12-29;9;3706
17;2025-12-29;10;2882
17;2025-12-29;11;2856
17;2025-12-29;12;2898
17;2025-12-29;13;2960
17;2025-12-29;14;3025
17;2025-12-29;15;3219
17;2025-12-29;16;3657
17;2025-12-29;17;4422
17;2025-12-29;18;4770
17;2025-12-29;19;3339
17;2025-12-29;20;2300
17;2025-12-29;21;1413
17;2025-12-29;22;755
17;2025-12-29;23;348
17;2025-12-30;0;115
17;2025-12-30;1;11
17;2025-12-30;2;1
17;2025-12-30;3;0
17;2025-12-30;4;26
17;2025-12-30;5;316
17;2025-12-30;6;1516
17;2025-12-30;7;4013
17;2025-12-30;8;5315
17;2025-12-30;9;3773
17;2025-12-30;10;2951
17;2025-12-30;11;2878
17;2025-12-30;12;2944
17;2025-12-30;13;2989
17;2025-12-30;14;3097
17;2025-12-30;15;3216
17;2025-12-30;16;3653
17;2025-12-30;17;4462
17;2025-12-30;18;4789
17;2025-12-30;19;3367
17;2025-12-30;20;2331
17;2025-12-30;21;1440
17;2025-12-30;22;766
17;2025-12-30;23;361
17;2025-12-31;0;159
17;2025-12-31;1;22
17;2025-12-31;2;1
17;2025-12-31;3;1
17;2025-12-31;4;4
17;2025-12-31;5;97
17;2025-12-31;6;393
17;2025-12-31;7;710
17;2025-12-31;8;1105
17;2025-12-31;9;1501
17;2025-12-31;10;1727
17;2025-12-31;11;2163
17;2025-12-31;12;2540
17;2025-12-31;13;2792
17;2025-12-31;14;2886
17;2025-12-31;15;2918
17;2025-12-31;16;2911
17;2025-12-31;17;2747
17;2025-12-31;18;2400
17;2025-12-31;19;1945
17;2025-12-31;20;1513
17;2025-12-31;21;1102
17;2025-12-31;22;696
17;2025-12-31;23;315
25;2025-11-01;0;2
25;2025-11-01;1;0
25;2025-11-01;2;0
25;2025-11-01;3;0
25;2025-11-01;4;0
25;2025-11-01;5;6
25;2025-11-01;6;177
25;2025-11-01;7;529
25;2025-11-01;8;894
25;2025-11-01;9;469
25;2025-11-01;10;362
25;2025-11-01;11;415
25;2025-11-01;12;399
25;2025-11-01;13;513
25;2025-11-01;14;450
25;2025-11-01;15;534
25;2025-11-01;16;674
25;2025-11-01;17;733
25;2025-11-01;18;746
25;2025-11-01;19;493
25;2025-11-01;20;310
25;2025-11-01;21;205
25;2025-11-01;22;115
25;2025-11-01;23;9
25;2025-11-02;0;14
25;2025-11-02;1;0
25;2025-11-02;2;0
25;2025-11-02;3;0
25;2025-11-02;4;0
25;2025-11-02;5;3
25;2025-11-02;6;49
25;2025-11-02;7;91
25;2025-11-02;8;172
25;2025-11-02;9;191
25;2025-11-02;10;206
25;2025-11-02;11;270
25;2025-11-02;12;319
25;2025-11-02;13;409
25;2025-11-02;14;446
25;2025-11-02;15;528
25;2025-11-02;16;454
25;2025-11-02;17;416
25;2025-11-02;18;374
25;2025-11-02;19;315
25;2025-11-02;20;210
25;2025-11-02;21;171
25;2025-11-02;22;100
25;2025-11-02;23;37
25;2025-11-03;0;12
25;2025-11-03;1;0
25;2025-11-03;2;0
25;2025-11-03;3;0
25;2025-11-03;4;0
25;2025-11-03;5;2
25;2025-11-03;6;46
25;2025-11-03;7;90
25;2025-11-03;8;166
25;2025-11-03;9;183
25;2025-11-03;10;199
25;2025-11-03;11;255
25;2025-11-03;12;305
25;2025-11-03;13;390
25;2025-11-03;14;428
25;2025-11-03;15;513
25;2025-11-03;16;443
25;2025-11-03;17;408
25;2025-11-03;18;363
25;2025-11-03;19;310
25;2025-11-03;20;213
25;2025-11-03;21;172
25;2025-11-03;22;101
25;2025-11-03;23;38
25;2025-11-04;0;12
25;2025-11-04;1;0
25;2025-11-04;2;0
25;2025-11-04;3;0
25;2025-11-04;4;0
25;2025-11-04;5;2
25;2025-11-04;6;46
25;2025-11-04;7;90
25;2025-11-04;8;166
25;2025-11-04;9;183
25;2025-11-04;10;199
25;2025-11-04;11;255
25;2025-11-04;12;305
25;2025-11-04;13;390
25;2025-11-04;14;428
25;2025-11-04;15;513
25;2025-11-04;16;443
25;2025-11-04;17;408
25;2025-11-04;18;363
25;2025-11-04;19;310
25;2025-11-04;20;213
25;2025-11-04;21;172
25;2025-11-04;22;101
25;2025-11-04;23;38
25;2025-11-05;0;2
25;2025-11-05;1;0
25;2025-11-05;2;0
25;2025-11-05;3;0
25;2025-11-05;4;0
25;2025-11-05;5;6
25;2025-11-05;6;176
25;2025-11-05;7;520
25;2025-11-05;8;888
25;2025-11-05;9;467
25;2025-11-05;10;357
25;2025-11-05;11;413
25;2025-11-05;12;405
25;2025-11-05;13;525
25;2025-11-05;14;443
25;2025-11-05;15;527
25;2025-11-05;16;655
25;2025-11-05;17;724
25;2025-11-05;18;754
25;2025-11-05;19;491
25;2025-11-05;20;318
25;2025-11-05;21;206
25;2025-11-05;22;114
25;2025-11-05;23;8
25;2025-11-06;0;1
25;2025-11-06;1;0
25;2025-11-06;2;0
25;2025-11-06;3;0
25;2025-11-06;4;0
25;2025-11-06;5;6
25;2025-11-06;6;171
25;2025-11-06;7;512
25;2025-11-06;8;879
25;2025-11-06;9;453
25;2025-11-06;10;360
25;2025-11-06;11;401
25;2025-11-06;12;392
25;2025-11-06;13;501
25;2025-11-06;14;451
25;2025-11-06;15;535
25;2025-11-06;16;651
25;2025-11-06;17;722
25;2025-11-06;18;734
25;2025-11-06;19;489
25;2025-11-06;20;304
25;2025-11-06;21;205
25;2025-11-06;22;114
25;2025-11-06;23;10
25;2025-11-07;0;2
25;2025-11-07;1;0
25;2025-11-07;2;0
25;2025-11-07;3;0
25;2025-11-07;4;0
25;2025-11-07;5;5
25;2025-11-07;6;171
25;2025-11-07;7;510
25;2025-11-07;8;849
25;2025-11-07;9;449
25;2025-11-07;10;353
25;2025-11-07;11;413
25;2025-11-07;12;404
25;2025-11-07;13;515
25;2025-11-07;14;472
25;2025-11-07;15;562
25;2025-11-07;16;695
25;2025-11-07;17;738
25;2025-11-07;18;683
25;2025-11-07;19;474
25;2025-11-07;20;303
25;2025-11-07;21;208
25;2025-11-07;22;122
25;2025-11-07;23;12
25;2025-11-08;0;3
25;2025-11-08;1;0
25;2025-11-08;2;0
25;2025-11-08;3;0
25;2025-11-08;4;0
25;2025-11-08;5;3
25;2025-11-08;6;64
25;2025-11-08;7;132
25;2025-11-08;8;298
25;2025-11-08;9;272
25;2025-11-08;10;273
25;2025-11-08;11;371
25;2025-11-08;12;382
25;2025-11-08;13;519
25;2025-11-08;14;532
25;2025-11-08;15;617
25;2025-11-08;16;555
25;2025-11-08;17;474
25;2025-11-08;18;447
25;2025-11-08;19;403
25;2025-11-08;20;251
25;2025-11-08;21;207
25;2025-11-08;22;129
25;2025-11-08;23;51
25;2025-11-09;0;14
25;2025-11-09;1;0
25;2025-11-09;2;0
25;2025-11-09;3;0
25;2025-11-09;4;0
25;2025-11-09;5;3
25;2025-11-09;6;49
25;2025-11-09;7;91
25;2025-11-09;8;172
25;2025-11-09;9;191
25;2025-11-09;10;206
25;2025-11-09;11;270
25;2025-11-09;12;319
25;2025-11-09;13;409
25;2025-11-09;14;446
25;2025-11-09;15;528
25;2025-11-09;16;454
25;2025-11-09;17;416
25;2025-11-09;18;374
25;2025-11-09;19;315
25;2025-11-09;20;210
25;2025-11-09;21;171
25;2025-11-09;22;100
25;2025-11-09;23;37
25;2025-11-10;0;6
25;2025-11-10;1;0
25;2025-11-10;2;0
25;2025-11-10;3;0
25;2025-11-10;4;0
25;2025-11-10;5;5
25;2025-11-10;6;172
25;2025-11-10;7;522
25;2025-11-10;8;884
25;2025-11-10;9;462
25;2025-11-10;10;343
25;2025-11-10;11;397
25;2025-11-10;12;384
25;2025-11-10;13;509
25;2025-11-10;14;426
25;2025-11-10;15;509
25;2025-11-10;16;665
25;2025-11-10;17;722
25;2025-11-10;18;755
25;2025-11-10;19;486
25;2025-11-10;20;300
25;2025-11-10;21;199
25;2025-11-10;22;109
25;2025-11-10;23;11
25;2025-11-11;0;2
25;2025-11-11;1;0
25;2025-11-11;2;0
25;2025-11-11;3;0
25;2025-11-11;4;0
25;2025-11-11;5;5
25;2025-11-11;6;174
25;2025-11-11;7;525
25;2025-11-11;8;882
25;2025-11-11;9;472
25;2025-11-11;10;365
25;2025-11-11;11;415
25;2025-11-11;12;382
25;2025-11-11;13;484
25;2025-11-11;14;437
25;2025-11-11;15;521
25;2025-11-11;16;653
25;2025-11-11;17;709
25;2025-11-11;18;737
25;2025-11-11;19;494
25;2025-11-11;20;305
25;2025-11-11;21;200
25;2025-11-11;22;110
25;2025-11-11;23;10
25;2025-11-12;0;2
25;2025-11-12;1;0
25;2025-11-12;2;0
25;2025-11-12;3;0
25;2025-11-12;4;0
25;2025-11-12;5;6
25;2025-11-12;6;176
25;2025-11-12;7;519
25;2025-11-12;8;886
25;2025-11-12;9;466
25;2025-11-12;10;356
25;2025-11-12;11;412
25;2025-11-12;12;404
25;2025-11-12;13;523
25;2025-11-12;14;442
25;2025-11-12;15;526
25;2025-11-12;16;653
25;2025-11-12;17;723
25;2025-11-12;18;752
25;2025-11-12;19;490
25;2025-11-12;20;317
25;2025-11-12;21;206
25;2025-11-12;22;114
25;2025-11-12;23;8
25;2025-11-13;0;1
25;2025-11-13;1;0
25;2025-11-13;2;0
25;2025-11-13;3;0
25;2025-11-13;4;0
25;2025-11-13;5;6
25;2025-11-13;6;170
25;2025-11-13;7;511
25;2025-11-13;8;877
25;2025-11-13;9;452
25;2025-11-13;10;359
25;2025-11-13;11;400
25;2025-11-13;12;391
25;2025-11-13;13;500
25;2025-11-13;14;450
25;2025-11-13;15;534
25;2025-11-13;16;650
25;2025-11-13;17;720
25;2025-11-13;18;733
25;2025-11-13;19;488
25;2025-11-13;20;303
25;2025-11-13;21;205
25;2025-11-13;22;114
25;2025-11-13;23;10
25;2025-11-14;0;2
25;2025-11-14;1;0
25;2025-11-14;2;0
25;2025-11-14;3;0
25;2025-11-14;4;0
25;2025-11-14;5;5
25;2025-11-14;6;170
25;2025-11-14;7;509
25;2025-11-14;8;847
25;2025-11-14;9;448
25;2025-11-14;10;352
25;2025-11-14;11;412
25;2025-11-14;12;403
25;2025-11-14;13;514
25;2025-11-14;14;471
25;2025-11-14;15;560
25;2025-11-14;16;694
25;2025-11-14;17;736
25;2025-11-14;18;681
25;2025-11-14;19;473
25;2025-11-14;20;303
25;2025-11-14;21;208
25;2025-11-14;22;122
25;2025-11-14;23;12
25;2025-11-15;0;3
25;2025-11-15;1;0
25;2025-11-15;2;0
25;2025-11-15;3;0
25;2025-11-15;4;0
25;2025-11-15;5;3
25;2025-11-15;6;64
25;2025-11-15;7;132
25;2025-11-15;8;297
25;2025-11-15;9;271
25;2025-11-15;10;273
25;2025-11-15;11;370
25;2025-11-15;12;381
25;2025-11-15;13;517
25;2025-11-15;14;531
25;2025-11-15;15;615
25;2025-11-15;16;554
25;2025-11-15;17;473
25;2025-11-15;18;446
25;2025-11-15;19;402
25;2025-11-15;20;250
25;2025-11-15;21;207
25;2025-11-15;22;129
25;2025-11-15;23;51
25;2025-11-16;0;14
25;2025-11-16;1;0
25;2025-11-16;2;0
25;2025-11-16;3;0
25;2025-11-16;4;0
25;2025-11-16;5;3
25;2025-11-16;6;49
25;2025-11-16;7;91
25;2025-11-16;8;172
25;2025-11-16;9;191
25;2025-11-16;10;206
25;2025-11-16;11;270
25;2025-11-16;12;319
25;2025-11-16;13;409
25;2025-11-16;14;446
25;2025-11-16;15;528
25;2025-11-16;16;454
25;2025-11-16;17;416
25;2025-11-16;18;374
25;2025-11-16;19;315
25;2025-11-16;20;210
25;2025-11-16;21;171
25;2025-11-16;22;100
25;2025-11-16;23;37
25;2025-11-17;0;6
25;2025-11-17;1;0
25;2025-11-17;2;0
25;2025-11-17;3;0
25;2025-11-17;4;0
25;2025-11-17;5;5
25;2025-11-17;6;171
25;2025-11-17;7;521
25;2025-11-17;8;882
25;2025-11-17;9;461
25;2025-11-17;10;342
25;2025-11-17;11;396
25;2025-11-17;12;383
25;2025-11-17;13;508
25;2025-11-17;14;425
25;2025-11-17;15;507
25;2025-11-17;16;664
25;2025-11-17;17;721
25;2025-11-17;18;753
25;2025-11-17;19;485
25;2025-11-17;20;299
25;2025-11-17;21;199
25;2025-11-17;22;109
25;2025-11-17;23;11
25;2025-11-18;0;2
25;2025-11-18;1;0
25;2025-11-18;2;0
25;2025-11-18;3;0
25;2025-11-18;4;0
25;2025-11-18;5;5
25;2025-11-18;6;173
25;2025-11-18;7;524
25;2025-11-18;8;881
25;2025-11-18;9;471
25;2025-11-18;10;364
25;2025-11-18;11;414
25;2025-11-18;12;381
25;2025-11-18;13;483
25;2025-11-18;14;436
25;2025-11-18;15;520
25;2025-11-18;16;652
25;2025-11-18;17;707
25;2025-11-18;18;736
25;2025-11-18;19;493
25;2025-11-18;20;304
25;2025-11-18;21;199
25;2025-11-18;22;110
25;2025-11-18;23;10
25;2025-11-19;0;2
25;2025-11-19;1;0
25;2025-11-19;2;0
25;2025-11-19;3;0
25;2025-11-19;4;0
25;2025-11-19;5;6
25;2025-11-19;6;175
25;2025-11-19;7;518
25;2025-11-19;8;884
25;2025-11-19;9;465
25;2025-11-19;10;355
25;2025-11-19;11;411
25;2025-11-19;12;404
25;2025-11-19;13;522
25;2025-11-19;14;441
25;2025-11-19;15;524
25;2025-11-19;16;652
25;2025-11-19;17;721
25;2025-11-19;18;751
25;2025-11-19;19;489
25;2025-11-19;20;317
25;2025-11-19;21;205
25;2025-11-19;22;113
25;2025-11-19;23;8
25;2025-11-20;0;1
25;2025-11-20;1;0
25;2025-11-20;2;0
25;2025-11-20;3;0
25;2025-11-20;4;0
25;2025-11-20;5;6
25;2025-11-20;6;170
25;2025-11-20;7;510
25;2025-11-20;8;875
25;2025-11-20;9;451
25;2025-11-20;10;358
25;2025-11-20;11;399
25;2025-11-20;12;390
25;2025-11-20;13;499
25;2025-11-20;14;449
25;2025-11-20;15;533
25;2025-11-20;16;648
25;2025-11-20;17;719
25;2025-11-20;18;731
25;2025-11-20;19;487
25;2025-11-20;20;303
25;2025-11-20;21;204
25;2025-11-20;22;114
25;2025-11-20;23;10
25;2025-11-21;0;2
25;2025-11-21;1;0
25;2025-11-21;2;0
25;2025-11-21;3;0
25;2025-11-21;4;0
25;2025-11-21;5;5
25;2025-11-21;6;170
25;2025-11-21;7;508
25;2025-11-21;8;845
25;2025-11-21;9;448
25;2025-11-21;10;351
25;2025-11-21;11;411
25;2025-11-21;12;403
25;2025-11-21;13;513
25;2025-11-21;14;470
25;2025-11-21;15;559
25;2025-11-21;16;692
25;2025-11-21;17;735
25;2025-11-21;18;680
25;2025-11-21;19;472
25;2025-11-21;20;302
25;2025-11-21;21;207
25;2025-11-21;22;122
25;2025-11-21;23;12
25;2025-11-22;0;3
25;2025-11-22;1;0
25;2025-11-22;2;0
25;2025-11-22;3;0
25;2025-11-22;4;0
25;2025-11-22;5;3
25;2025-11-22;6;64
25;2025-11-22;7;131
25;2025-11-22;8;297
25;2025-11-22;9;271
25;2025-11-22;10;272
25;2025-11-22;11;370
25;2025-11-22;12;380
25;2025-11-22;13;516
25;2025-11-22;14;530
25;2025-11-22;15;614
25;2025-11-22;16;552
25;2025-11-22;17;472
25;2025-11-22;18;445
25;2025-11-22;19;401
25;2025-11-22;20;250
25;2025-11-22;21;206
25;2025-11-22;22;129
25;2025-11-22;23;50
25;2025-11-23;0;14
25;2025-11-23;1;0
25;2025-11-23;2;0
25;2025-11-23;3;0
25;2025-11-23;4;0
25;2025-11-23;5;3
25;2025-11-23;6;49
25;2025-11-23;7;91
25;2025-11-23;8;172
25;2025-11-23;9;191
25;2025-11-23;10;206
25;2025-11-23;11;270
25;2025-11-23;12;319
25;2025-11-23;13;409
25;2025-11-23;14;446
25;2025-11-23;15;528
25;2025-11-23;16;454
25;2025-11-23;17;416
25;2025-11-23;18;373
25;2025-11-23;19;315
25;2025-11-23;20;210
25;2025-11-23;21;170
25;2025-11-23;22;100
25;2025-11-23;23;37
25;2025-11-24;0;6
25;2025-11-24;1;0
25;2025-11-24;2;0
25;2025-11-24;3;0
25;2025-11-24;4;0
25;2025-11-24;5;5
25;2025-11-24;6;171
25;2025-11-24;7;520
25;2025-11-24;8;880
25;2025-11-24;9;460
25;2025-11-24;10;342
25;2025-11-24;11;395
25;2025-11-24;12;382
25;2025-11-24;13;507
25;2025-11-24;14;424
25;2025-11-24;15;506
25;2025-11-24;16;662
25;2025-11-24;17;719
25;2025-11-24;18;752
25;2025-11-24;19;484
25;2025-11-24;20;298
25;2025-11-24;21;199
25;2025-11-24;22;109
25;2025-11-24;23;11
25;2025-11-25;0;2
25;2025-11-25;1;0
25;2025-11-25;2;0
25;2025-11-25;3;0
25;2025-11-25;4;0
25;2025-11-25;5;5
25;2025-11-25;6;173
25;2025-11-25;7;523
25;2025-11-25;8;879
25;2025-11-25;9;470
25;2025-11-25;10;363
25;2025-11-25;11;413
25;2025-11-25;12;380
25;2025-11-25;13;482
25;2025-11-25;14;435
25;2025-11-25;15;519
25;2025-11-25;16;651
25;2025-11-25;17;706
25;2025-11-25;18;734
25;2025-11-25;19;492
25;2025-11-25;20;303
25;2025-11-25;21;199
25;2025-11-25;22;109
25;2025-11-25;23;10
25;2025-11-26;0;2
25;2025-11-26;1;0
25;2025-11-26;2;0
25;2025-11-26;3;0
25;2025-11-26;4;0
25;2025-11-26;5;6
25;2025-11-26;6;175
25;2025-11-26;7;517
25;2025-11-26;8;882
25;2025-11-26;9;464
25;2025-11-26;10;355
25;2025-11-26;11;411
25;2025-11-26;12;403
25;2025-11-26;13;521
25;2025-11-26;14;440
25;2025-11-26;15;523
25;2025-11-26;16;651
25;2025-11-26;17;720
25;2025-11-26;18;749
25;2025-11-26;19;488
25;2025-11-26;20;316
25;2025-11-26;21;205
25;2025-11-26;22;113
25;2025-11-26;23;8
25;2025-11-27;0;1
25;2025-11-27;1;0
25;2025-11-27;2;0
25;2025-11-27;3;0
25;2025-11-27;4;0
25;2025-11-27;5;6
25;2025-11-27;6;170
25;2025-11-27;7;509
25;2025-11-27;8;873
25;2025-11-27;9;450
25;2025-11-27;10;357
25;2025-11-27;11;399
25;2025-11-27;12;389
25;2025-11-27;13;498
25;2025-11-27;14;449
25;2025-11-27;15;532
25;2025-11-27;16;647
25;2025-11-27;17;718
25;2025-11-27;18;730
25;2025-11-27;19;486
25;2025-11-27;20;302
25;2025-11-27;21;204
25;2025-11-27;22;114
25;2025-11-27;23;10
25;2025-11-28;0;2
25;2025-11-28;1;0
25;2025-11-28;2;0
25;2025-11-28;3;0
25;2025-11-28;4;0
25;2025-11-28;5;5
25;2025-11-28;6;169
25;2025-11-28;7;507
25;2025-11-28;8;843
25;2025-11-28;9;447
25;2025-11-28;10;350
25;2025-11-28;11;410
25;2025-11-28;12;402
25;2025-11-28;13;512
25;2025-11-28;14;469
25;2025-11-28;15;558
25;2025-11-28;16;691
25;2025-11-28;17;733
25;2025-11-28;18;678
25;2025-11-28;19;471
25;2025-11-28;20;301
25;2025-11-28;21;207
25;2025-11-28;22;122
25;2025-11-28;23;12
25;2025-11-29;0;3
25;2025-11-29;1;0
25;2025-11-29;2;0
25;2025-11-29;3;0
25;2025-11-29;4;0
25;2025-11-29;5;3
25;2025-11-29;6;64
25;2025-11-29;7;131
25;2025-11-29;8;296
25;2025-11-29;9;270
25;2025-11-29;10;271
25;2025-11-29;11;369
25;2025-11-29;12;379
25;2025-11-29;13;515
25;2025-11-29;14;528
25;2025-11-29;15;613
25;2025-11-29;16;551
25;2025-11-29;17;471
25;2025-11-29;18;444
25;2025-11-29;19;400
25;2025-11-29;20;249
25;2025-11-29;21;206
25;2025-11-29;22;128
25;2025-11-29;23;50
25;2025-11-30;0;14
25;2025-11-30;1;0
25;2025-11-30;2;0
25;2025-11-30;3;0
25;2025-11-30;4;0
25;2025-11-30;5;3
25;2025-11-30;6;49
25;2025-11-30;7;91
25;2025-11-30;8;172
25;2025-11-30;9;191
25;2025-11-30;10;206
25;2025-11-30;11;270
25;2025-11-30;12;319
25;2025-11-30;13;409
25;2025-11-30;14;445
25;2025-11-30;15;528
25;2025-11-30;16;454
25;2025-11-30;17;416
25;2025-11-30;18;373
25;2025-11-30;19;315
25;2025-11-30;20;210
25;2025-11-30;21;170
25;2025-11-30;22;100
25;2025-11-30;23;37
25;2025-12-01;0;6
25;2025-12-01;1;0
25;2025-12-01;2;0
25;2025-12-01;3;0
25;2025-12-01;4;0
25;2025-12-01;5;5
25;2025-12-01;6;171
25;2025-12-01;7;519
25;2025-12-01;8;879
25;2025-12-01;9;459
25;2025-12-01;10;341
25;2025-12-01;11;395
25;2025-12-01;12;382
25;2025-12-01;13;506
25;2025-12-01;14;423
25;2025-12-01;15;505
25;2025-12-01;16;661
25;2025-12-01;17;718
25;2025-12-01;18;750
25;2025-12-01;19;483
25;2025-12-01;20;298
25;2025-12-01;21;198
25;2025-12-01;22;109
25;2025-12-01;23;11
25;2025-12-02;0;2
25;2025-12-02;1;0
25;2025-12-02;2;0
25;2025-12-02;3;0
25;2025-12-02;4;0
25;2025-12-02;5;5
25;2025-12-02;6;173
25;2025-12-02;7;522
25;2025-12-02;8;877
25;2025-12-02;9;469
25;2025-12-02;10;362
25;2025-12-02;11;412
25;2025-12-02;12;379
25;2025-12-02;13;481
25;2025-12-02;14;434
25;2025-12-02;15;518
25;2025-12-02;16;649
25;2025-12-02;17;704
25;2025-12-02;18;733
25;2025-12-02;19;491
25;2025-12-02;20;303
25;2025-12-02;21;199
25;2025-12-02;22;109
25;2025-12-02;23;10
25;2025-12-03;0;2
25;2025-12-03;1;0
25;2025-12-03;2;0
25;2025-12-03;3;0
25;2025-12-03;4;0
25;2025-12-03;5;6
25;2025-12-03;6;175
25;2025-12-03;7;516
25;2025-12-03;8;881
25;2025-12-03;9;463
25;2025-12-03;10;354
25;2025-12-03;11;410
25;2025-12-03;12;402
25;2025-12-03;13;520
25;2025-12-03;14;440
25;2025-12-03;15;522
25;2025-12-03;16;649
25;2025-12-03;17;718
25;2025-12-03;18;748
25;2025-12-03;19;487
25;2025-12-03;20;315
25;2025-12-03;21;204
25;2025-12-03;22;113
25;2025-12-03;23;8
25;2025-12-04;0;1
25;2025-12-04;1;0
25;2025-12-04;2;0
25;2025-12-04;3;0
25;2025-12-04;4;0
25;2025-12-04;5;6
25;2025-12-04;6;169
25;2025-12-04;7;508
25;2025-12-04;8;872
25;2025-12-04;9;450
25;2025-12-04;10;357
25;2025-12-04;11;398
25;2025-12-04;12;389
25;2025-12-04;13;497
25;2025-12-04;14;448
25;2025-12-04;15;531
25;2025-12-04;16;646
25;2025-12-04;17;716
25;2025-12-04;18;728
25;2025-12-04;19;485
25;2025-12-04;20;301
25;2025-12-04;21;203
25;2025-12-04;22;113
25;2025-12-04;23;10
25;2025-12-05;0;2
25;2025-12-05;1;0
25;2025-12-05;2;0
25;2025-12-05;3;0
25;2025-12-05;4;0
25;2025-12-05;5;5
25;2025-12-05;6;169
25;2025-12-05;7;506
25;2025-12-05;8;842
25;2025-12-05;9;446
25;2025-12-05;10;350
25;2025-12-05;11;410
25;2025-12-05;12;401
25;2025-12-05;13;511
25;2025-12-05;14;469
25;2025-12-05;15;557
25;2025-12-05;16;690
25;2025-12-05;17;732
25;2025-12-05;18;677
25;2025-12-05;19;471
25;2025-12-05;20;301
25;2025-12-05;21;207
25;2025-12-05;22;121
25;2025-12-05;23;12
25;2025-12-06;0;3
25;2025-12-06;1;0
25;2025-12-06;2;0
25;2025-12-06;3;0
25;2025-12-06;4;0
25;2025-12-06;5;3
25;2025-12-06;6;64
25;2025-12-06;7;131
25;2025-12-06;8;295
25;2025-12-06;9;270
25;2025-12-06;10;271
25;2025-12-06;11;368
25;2025-12-06;12;378
25;2025-12-06;13;514
25;2025-12-06;14;527
25;2025-12-06;15;611
25;2025-12-06;16;550
25;2025-12-06;17;470
25;2025-12-06;18;443
25;2025-12-06;19;400
25;2025-12-06;20;249
25;2025-12-06;21;205
25;2025-12-06;22;128
25;2025-12-06;23;50
25;2025-12-07;0;14
25;2025-12-07;1;0
25;2025-12-07;2;0
25;2025-12-07;3;0
25;2025-12-07;4;0
25;2025-12-07;5;3
25;2025-12-07;6;49
25;2025-12-07;7;91
25;2025-12-07;8;172
25;2025-12-07;9;191
25;2025-12-07;10;205
25;2025-12-07;11;270
25;2025-12-07;12;319
25;2025-12-07;13;409
25;2025-12-07;14;445
25;2025-12-07;15;528
25;2025-12-07;16;454
25;2025-12-07;17;416
25;2025-12-07;18;373
25;2025-12-07;19;315
25;2025-12-07;20;210
25;2025-12-07;21;170
25;2025-12-07;22;100
25;2025-12-07;23;37
25;2025-12-08;0;6
25;2025-12-08;1;0
25;2025-12-08;2;0
25;2025-12-08;3;0
25;2025-12-08;4;0
25;2025-12-08;5;5
25;2025-12-08;6;170
25;2025-12-08;7;518
25;2025-12-08;8;877
25;2025-12-08;9;458
25;2025-12-08;10;340
25;2025-12-08;11;394
25;2025-12-08;12;381
25;2025-12-08;13;505
25;2025-12-08;14;423
25;2025-12-08;15;505
25;2025-12-08;16;660
25;2025-12-08;17;717
25;2025-12-08;18;749
25;2025-12-08;19;482
25;2025-12-08;20;297
25;2025-12-08;21;198
25;2025-12-08;22;109
25;2025-12-08;23;10
25;2025-12-09;0;2
25;2025-12-09;1;0
25;2025-12-09;2;0
25;2025-12-09;3;0
25;2025-12-09;4;0
25;2025-12-09;5;5
25;2025-12-09;6;172
25;2025-12-09;7;521
25;2025-12-09;8;876
25;2025-12-09;9;468
25;2025-12-09;10;362
25;2025-12-09;11;412
25;2025-12-09;12;379
25;2025-12-09;13;480
25;2025-12-09;14;433
25;2025-12-09;15;517
25;2025-12-09;16;648
25;2025-12-09;17;703
25;2025-12-09;18;732
25;2025-12-09;19;490
25;2025-12-09;20;302
25;2025-12-09;21;198
25;2025-12-09;22;109
25;2025-12-09;23;10
25;2025-12-10;0;2
25;2025-12-10;1;0
25;2025-12-10;2;0
25;2025-12-10;3;0
25;2025-12-10;4;0
25;2025-12-10;5;6
25;2025-12-10;6;174
25;2025-12-10;7;515
25;2025-12-10;8;879
25;2025-12-10;9;462
25;2025-12-10;10;353
25;2025-12-10;11;409
25;2025-12-10;12;401
25;2025-12-10;13;519
25;2025-12-10;14;439
25;2025-12-10;15;522
25;2025-12-10;16;648
25;2025-12-10;17;717
25;2025-12-10;18;746
25;2025-12-10;19;486
25;2025-12-10;20;315
25;2025-12-10;21;204
25;2025-12-10;22;113
25;2025-12-10;23;8
25;2025-12-11;0;1
25;2025-12-11;1;0
25;2025-12-11;2;0
25;2025-12-11;3;0
25;2025-12-11;4;0
25;2025-12-11;5;6
25;2025-12-11;6;169
25;2025-12-11;7;507
25;2025-12-11;8;870
25;2025-12-11;9;449
25;2025-12-11;10;356
25;2025-12-11;11;397
25;2025-12-11;12;388
25;2025-12-11;13;496
25;2025-12-11;14;447
25;2025-12-11;15;530
25;2025-12-11;16;645
25;2025-12-11;17;715
25;2025-12-11;18;727
25;2025-12-11;19;484
25;2025-12-11;20;301
25;2025-12-11;21;203
25;2025-12-11;22;113
25;2025-12-11;23;10
25;2025-12-12;0;2
25;2025-12-12;1;0
25;2025-12-12;2;0
25;2025-12-12;3;0
25;2025-12-12;4;0
25;2025-12-12;5;5
25;2025-12-12;6;169
25;2025-12-12;7;505
25;2025-12-12;8;840
25;2025-12-12;9;445
25;2025-12-12;10;349
25;2025-12-12;11;409
25;2025-12-12;12;400
25;2025-12-12;13;510
25;2025-12-12;14;468
25;2025-12-12;15;556
25;2025-12-12;16;688
25;2025-12-12;17;730
25;2025-12-12;18;676
25;2025-12-12;19;470
25;2025-12-12;20;300
25;2025-12-12;21;206
25;2025-12-12;22;121
25;2025-12-12;23;12
25;2025-12-13;0;3
25;2025-12-13;1;0
25;2025-12-13;2;0
25;2025-12-13;3;0
25;2025-12-13;4;0
25;2025-12-13;5;3
25;2025-12-13;6;63
25;2025-12-13;7;131
25;2025-12-13;8;295
25;2025-12-13;9;269
25;2025-12-13;10;270
25;2025-12-13;11;368
25;2025-12-13;12;378
25;2025-12-13;13;513
25;2025-12-13;14;526
25;2025-12-13;15;610
25;2025-12-13;16;549
25;2025-12-13;17;469
25;2025-12-13;18;442
25;2025-12-13;19;399
25;2025-12-13;20;248
25;2025-12-13;21;205
25;2025-12-13;22;128
25;2025-12-13;23;50
25;2025-12-14;0;14
25;2025-12-14;1;0
25;2025-12-14;2;0
25;2025-12-14;3;0
25;2025-12-14;4;0
25;2025-12-14;5;3
25;2025-12-14;6;49
25;2025-12-14;7;91
25;2025-12-14;8;172
25;2025-12-14;9;191
25;2025-12-14;10;205
25;2025-12-14;11;270
25;2025-12-14;12;319
25;2025-12-14;13;409
25;2025-12-14;14;445
25;2025-12-14;15;528
25;2025-12-14;16;454
25;2025-12-14;17;416
25;2025-12-14;18;373
25;2025-12-14;19;315
25;2025-12-14;20;210
25;2025-12-14;21;170
25;2025-12-14;22;100
25;2025-12-14;23;37
25;2025-12-15;0;6
25;2025-12-15;1;0
25;2025-12-15;2;0
25;2025-12-15;3;0
25;2025-12-15;4;0
25;2025-12-15;5;5
25;2025-12-15;6;170
25;2025-12-15;7;517
25;2025-12-15;8;876
25;2025-12-15;9;458
25;2025-12-15;10;340
25;2025-12-15;11;393
25;2025-12-15;12;380
25;2025-12-15;13;504
25;2025-12-15;14;422
25;2025-12-15;15;504
25;2025-12-15;16;659
25;2025-12-15;17;716
25;2025-12-15;18;748
25;2025-12-15;19;481
25;2025-12-15;20;297
25;2025-12-15;21;197
25;2025-12-15;22;108
25;2025-12-15;23;10
25;2025-12-16;0;2
25;2025-12-16;1;0
25;2025-12-16;2;0
25;2025-12-16;3;0
25;2025-12-16;4;0
25;2025-12-16;5;5
25;2025-12-16;6;172
25;2025-12-16;7;520
25;2025-12-16;8;874
25;2025-12-16;9;468
25;2025-12-16;10;361
25;2025-12-16;11;411
25;2025-12-16;12;378
25;2025-12-16;13;479
25;2025-12-16;14;433
25;2025-12-16;15;516
25;2025-12-16;16;647
25;2025-12-16;17;702
25;2025-12-16;18;730
25;2025-12-16;19;489
25;2025-12-16;20;302
25;2025-12-16;21;198
25;2025-12-16;22;109
25;2025-12-16;23;10
25;2025-12-17;0;2
25;2025-12-17;1;0
25;2025-12-17;2;0
25;2025-12-17;3;0
25;2025-12-17;4;0
25;2025-12-17;5;6
25;2025-12-17;6;174
25;2025-12-17;7;514
25;2025-12-17;8;878
25;2025-12-17;9;461
25;2025-12-17;10;353
25;2025-12-17;11;408
25;2025-12-17;12;401
25;2025-12-17;13;519
25;2025-12-17;14;438
25;2025-12-17;15;521
25;2025-12-17;16;647
25;2025-12-17;17;716
25;2025-12-17;18;745
25;2025-12-17;19;485
25;2025-12-17;20;314
25;2025-12-17;21;204
25;2025-12-17;22;112
25;2025-12-17;23;8
25;2025-12-18;0;1
25;2025-12-18;1;0
25;2025-12-18;2;0
25;2025-12-18;3;0
25;2025-12-18;4;0
25;2025-12-18;5;6
25;2025-12-18;6;169
25;2025-12-18;7;506
25;2025-12-18;8;869
25;2025-12-18;9;448
25;2025-12-18;10;355
25;2025-12-18;11;397
25;2025-12-18;12;387
25;2025-12-18;13;495
25;2025-12-18;14;446
25;2025-12-18;15;529
25;2025-12-18;16;644
25;2025-12-18;17;714
25;2025-12-18;18;726
25;2025-12-18;19;483
25;2025-12-18;20;300
25;2025-12-18;21;203
25;2025-12-18;22;113
25;2025-12-18;23;10
25;2025-12-19;0;2
25;2025-12-19;1;0
25;2025-12-19;2;0
25;2025-12-19;3;0
25;2025-12-19;4;0
25;2025-12-19;5;5
25;2025-12-19;6;169
25;2025-12-19;7;504
25;2025-12-19;8;839
25;2025-12-19;9;444
25;2025-12-19;10;349
25;2025-12-19;11;408
25;2025-12-19;12;400
25;2025-12-19;13;509
25;2025-12-19;14;467
25;2025-12-19;15;555
25;2025-12-19;16;687
25;2025-12-19;17;729
25;2025-12-19;18;675
25;2025-12-19;19;469
25;2025-12-19;20;300
25;2025-12-19;21;206
25;2025-12-19;22;121
25;2025-12-19;23;12
25;2025-12-20;0;3
25;2025-12-20;1;0
25;2025-12-20;2;0
25;2025-12-20;3;0
25;2025-12-20;4;0
25;2025-12-20;5;3
25;2025-12-20;6;63
25;2025-12-20;7;130
25;2025-12-20;8;294
25;2025-12-20;9;269
25;2025-12-20;10;270
25;2025-12-20;11;367
25;2025-12-20;12;377
25;2025-12-20;13;512
25;2025-12-20;14;526
25;2025-12-20;15;609
25;2025-12-20;16;548
25;2025-12-20;17;468
25;2025-12-20;18;442
25;2025-12-20;19;398
25;2025-12-20;20;248
25;2025-12-20;21;204
25;2025-12-20;22;128
25;2025-12-20;23;50
25;2025-12-21;0;14
25;2025-12-21;1;0
25;2025-12-21;2;0
25;2025-12-21;3;0
25;2025-12-21;4;0
25;2025-12-21;5;3
25;2025-12-21;6;49
25;2025-12-21;7;91
25;2025-12-21;8;172
25;2025-12-21;9;191
25;2025-12-21;10;205
25;2025-12-21;11;270
25;2025-12-21;12;318
25;2025-12-21;13;409
25;2025-12-21;14;445
25;2025-12-21;15;527
25;2025-12-21;16;454
25;2025-12-21;17;416
25;2025-12-21;18;373
25;2025-12-21;19;314
25;2025-12-21;20;209
25;2025-12-21;21;170
25;2025-12-21;22;100
25;2025-12-21;23;37
25;2025-12-22;0;6
25;2025-12-22;1;0
25;2025-12-22;2;0
25;2025-12-22;3;0
25;2025-12-22;4;0
25;2025-12-22;5;5
25;2025-12-22;6;170
25;2025-12-22;7;516
25;2025-12-22;8;874
25;2025-12-22;9;457
25;2025-12-22;10;339
25;2025-12-22;11;393
25;2025-12-22;12;380
25;2025-12-22;13;504
25;2025-12-22;14;421
25;2025-12-22;15;503
25;2025-12-22;16;658
25;2025-12-22;17;714
25;2025-12-22;18;747
25;2025-12-22;19;480
25;2025-12-22;20;296
25;2025-12-22;21;197
25;2025-12-22;22;108
25;2025-12-22;23;10
25;2025-12-23;0;2
25;2025-12-23;1;0
25;2025-12-23;2;0
25;2025-12-23;3;0
25;2025-12-23;4;0
25;2025-12-23;5;5
25;2025-12-23;6;172
25;2025-12-23;7;519
25;2025-12-23;8;873
25;2025-12-23;9;467
25;2025-12-23;10;361
25;2025-12-23;11;410
25;2025-12-23;12;377
25;2025-12-23;13;479
25;2025-12-23;14;432
25;2025-12-23;15;515
25;2025-12-23;16;646
25;2025-12-23;17;701
25;2025-12-23;18;729
25;2025-12-23;19;488
25;2025-12-23;20;301
25;2025-12-23;21;198
25;2025-12-23;22;109
25;2025-12-23;23;10
25;2025-12-24;0;2
25;2025-12-24;1;0
25;2025-12-24;2;0
25;2025-12-24;3;0
25;2025-12-24;4;0
25;2025-12-24;5;6
25;2025-12-24;6;174
25;2025-12-24;7;513
25;2025-12-24;8;876
25;2025-12-24;9;461
25;2025-12-24;10;352
25;2025-12-24;11;408
25;2025-12-24;12;400
25;2025-12-24;13;518
25;2025-12-24;14;437
25;2025-12-24;15;520
25;2025-12-24;16;646
25;2025-12-24;17;715
25;2025-12-24;18;744
25;2025-12-24;19;484
25;2025-12-24;20;314
25;2025-12-24;21;203
25;2025-12-24;22;112
25;2025-12-24;23;8
25;2025-12-25;0;1
25;2025-12-25;1;0
25;2025-12-25;2;0
25;2025-12-25;3;0
25;2025-12-25;4;0
25;2025-12-25;5;6
25;2025-12-25;6;168
25;2025-12-25;7;506
25;2025-12-25;8;867
25;2025-12-25;9;447
25;2025-12-25;10;355
25;2025-12-25;11;396
25;2025-12-25;12;387
25;2025-12-25;13;495
25;2025-12-25;14;446
25;2025-12-25;15;528
25;2025-12-25;16;643
25;2025-12-25;17;713
25;2025-12-25;18;725
25;2025-12-25;19;483
25;2025-12-25;20;300
25;2025-12-25;21;202
25;2025-12-25;22;113
25;2025-12-25;23;10
25;2025-12-26;0;2
25;2025-12-26;1;0
25;2025-12-26;2;0
25;2025-12-26;3;0
25;2025-12-26;4;0
25;2025-12-26;5;5
25;2025-12-26;6;168
25;2025-12-26;7;503
25;2025-12-26;8;838
25;2025-12-26;9;444
25;2025-12-26;10;348
25;2025-12-26;11;408
25;2025-12-26;12;399
25;2025-12-26;13;508
25;2025-12-26;14;466
25;2025-12-26;15;554
25;2025-12-26;16;686
25;2025-12-26;17;728
25;2025-12-26;18;674
25;2025-12-26;19;468
25;2025-12-26;20;299
25;2025-12-26;21;206
25;2025-12-26;22;121
25;2025-12-26;23;12
25;2025-12-27;0;3
25;2025-12-27;1;0
25;2025-12-27;2;0
25;2025-12-27;3;0
25;2025-12-27;4;0
25;2025-12-27;5;3
25;2025-12-27;6;63
25;2025-12-27;7;130
25;2025-12-27;8;294
25;2025-12-27;9;268
25;2025-12-27;10;269
25;2025-12-27;11;366
25;2025-12-27;12;376
25;2025-12-27;13;511
25;2025-12-27;14;525
25;2025-12-27;15;608
25;2025-12-27;16;547
25;2025-12-27;17;467
25;2025-12-27;18;441
25;2025-12-27;19;398
25;2025-12-27;20;247
25;2025-12-27;21;204
25;2025-12-27;22;127
25;2025-12-27;23;50
25;2025-12-28;0;14
25;2025-12-28;1;0
25;2025-12-28;2;0
25;2025-12-28;3;0
25;2025-12-28;4;0
25;2025-12-28;5;3
25;2025-12-28;6;49
25;2025-12-28;7;91
25;2025-12-28;8;172
25;2025-12-28;9;191
25;2025-12-28;10;205
25;2025-12-28;11;270
25;2025-12-28;12;318
25;2025-12-28;13;409
25;2025-12-28;14;445
25;2025-12-28;15;527
25;2025-12-28;16;453
25;2025-12-28;17;416
25;2025-12-28;18;373
25;2025-12-28;19;314
25;2025-12-28;20;209
25;2025-12-28;21;170
25;2025-12-28;22;100
25;2025-12-28;23;37
25;2025-12-29;0;6
25;2025-12-29;1;0
25;2025-12-29;2;0
25;2025-12-29;3;0
25;2025-12-29;4;0
25;2025-12-29;5;5
25;2025-12-29;6;170
25;2025-12-29;7;515
25;2025-12-29;8;873
25;2025-12-29;9;456
25;2025-12-29;10;339
25;2025-12-29;11;392
25;2025-12-29;12;379
25;2025-12-29;13;503
25;2025-12-29;14;421
25;2025-12-29;15;502
25;2025-12-29;16;657
25;2025-12-29;17;713
25;2025-12-29;18;745
25;2025-12-29;19;480
25;2025-12-29;20;296
25;2025-12-29;21;197
25;2025-12-29;22;108
25;2025-12-29;23;10
25;2025-12-30;0;2
25;2025-12-30;1;0
25;2025-12-30;2;0
25;2025-12-30;3;0
25;2025-12-30;4;0
25;2025-12-30;5;5
25;2025-12-30;6;171
25;2025-12-30;7;518
25;2025-12-30;8;872
25;2025-12-30;9;466
25;2025-12-30;10;360
25;2025-12-30;11;410
25;2025-12-30;12;377
25;2025-12-30;13;478
25;2025-12-30;14;431
25;2025-12-30;15;515
25;2025-12-30;16;645
25;2025-12-30;17;700
25;2025-12-30;18;728
25;2025-12-30;19;488
25;2025-12-30;20;301
25;2025-12-30;21;197
25;2025-12-30;22;109
25;2025-12-30;23;10
25;2025-12-31;0;12
25;2025-12-31;1;0
25;2025-12-31;2;0
25;2025-12-31;3;0
25;2025-12-31;4;0
25;2025-12-31;5;2
25;2025-12-31;6;46
25;2025-12-31;7;90
25;2025-12-31;8;166
25;2025-12-31;9;182
25;2025-12-31;10;199
25;2025-12-31;11;255
25;2025-12-31;12;304
25;2025-12-31;13;389
25;2025-12-31;14;427
25;2025-12-31;15;511
25;2025-12-31;16;443
25;2025-12-31;17;407
25;2025-12-31;18;362
25;2025-12-31;19;309
25;2025-12-31;20;212
25;2025-12-31;21;172
25;2025-12-31;22;100
25;2025-12-31;23;38
26;2025-11-01;0;31
26;2025-11-01;1;1
26;2025-11-01;2;0
26;2025-11-01;3;1
26;2025-11-01;4;3
26;2025-11-01;5;89
26;2025-11-01;6;505
26;2025-11-01;7;1100
26;2025-11-01;8;2209
26;2025-11-01;9;1486
26;2025-11-01;10;1238
26;2025-11-01;11;1118
26;2025-11-01;12;1167
26;2025-11-01;13;1202
26;2025-11-01;14;1264
26;2025-11-01;15;1364
26;2025-11-01;16;1547
26;2025-11-01;17;1714
26;2025-11-01;18;1803
26;2025-11-01;19;1244
26;2025-11-01;20;770
26;2025-11-01;21;475
26;2025-11-01;22;232
26;2025-11-01;23;126
26;2025-11-02;0;45
26;2025-11-02;1;5
26;2025-11-02;2;1
26;2025-11-02;3;1
26;2025-11-02;4;2
26;2025-11-02;5;31
26;2025-11-02;6;154
26;2025-11-02;7;242
26;2025-11-02;8;360
26;2025-11-02;9;494
26;2025-11-02;10;557
26;2025-11-02;11;747
26;2025-11-02;12;785
26;2025-11-02;13;825
26;2025-11-02;14;818
26;2025-11-02;15;753
26;2025-11-02;16;745
26;2025-11-02;17;735
26;2025-11-02;18;669
26;2025-11-02;19;540
26;2025-11-02;20;391
26;2025-11-02;21;279
26;2025-11-02;22;185
26;2025-11-02;23;101
26;2025-11-03;0;43
26;2025-11-03;1;5
26;2025-11-03;2;1
26;2025-11-03;3;1
26;2025-11-03;4;2
26;2025-11-03;5;32
26;2025-11-03;6;159
26;2025-11-03;7;241
26;2025-11-03;8;348
26;2025-11-03;9;475
26;2025-11-03;10;536
26;2025-11-03;11;717
26;2025-11-03;12;758
26;2025-11-03;13;798
26;2025-11-03;14;786
26;2025-11-03;15;733
26;2025-11-03;16;722
26;2025-11-03;17;712
26;2025-11-03;18;656
26;2025-11-03;19;546
26;2025-11-03;20;391
26;2025-11-03;21;277
26;2025-11-03;22;185
26;2025-11-03;23;102
26;2025-11-04;0;43
26;2025-11-04;1;5
26;2025-11-04;2;1
26;2025-11-04;3;1
26;2025-11-04;4;2
26;2025-11-04;5;32
26;2025-11-04;6;159
26;2025-11-04;7;241
26;2025-11-04;8;348
26;2025-11-04;9;475
26;2025-11-04;10;536
26;2025-11-04;11;717
26;2025-11-04;12;758
26;2025-11-04;13;798
26;2025-11-04;14;786
26;2025-11-04;15;733
26;2025-11-04;16;722
26;2025-11-04;17;712
26;2025-11-04;18;656
26;2025-11-04;19;546
26;2025-11-04;20;391
26;2025-11-04;21;277
26;2025-11-04;22;186
26;2025-11-04;23;102
26;2025-11-05;0;31
26;2025-11-05;1;1
26;2025-11-05;2;0
26;2025-11-05;3;0
26;2025-11-05;4;5
26;2025-11-05;5;89
26;2025-11-05;6;496
26;2025-11-05;7;1077
26;2025-11-05;8;2180
26;2025-11-05;9;1473
26;2025-11-05;10;1230
26;2025-11-05;11;1106
26;2025-11-05;12;1158
26;2025-11-05;13;1190
26;2025-11-05;14;1276
26;2025-11-05;15;1345
26;2025-11-05;16;1504
26;2025-11-05;17;1667
26;2025-11-05;18;1787
26;2025-11-05;19;1227
26;2025-11-05;20;759
26;2025-11-05;21;482
26;2025-11-05;22;233
26;2025-11-05;23;125
26;2025-11-06;0;34
26;2025-11-06;1;1
26;2025-11-06;2;0
26;2025-11-06;3;0
26;2025-11-06;4;2
26;2025-11-06;5;87
26;2025-11-06;6;493
26;2025-11-06;7;1071
26;2025-11-06;8;2147
26;2025-11-06;9;1458
26;2025-11-06;10;1199
26;2025-11-06;11;1121
26;2025-11-06;12;1145
26;2025-11-06;13;1173
26;2025-11-06;14;1238
26;2025-11-06;15;1337
26;2025-11-06;16;1505
26;2025-11-06;17;1676
26;2025-11-06;18;1807
26;2025-11-06;19;1236
26;2025-11-06;20;759
26;2025-11-06;21;472
26;2025-11-06;22;231
26;2025-11-06;23;127
26;2025-11-07;0;32
26;2025-11-07;1;2
26;2025-11-07;2;0
26;2025-11-07;3;0
26;2025-11-07;4;2
26;2025-11-07;5;86
26;2025-11-07;6;495
26;2025-11-07;7;1054
26;2025-11-07;8;2101
26;2025-11-07;9;1420
26;2025-11-07;10;1207
26;2025-11-07;11;1089
26;2025-11-07;12;1147
26;2025-11-07;13;1194
26;2025-11-07;14;1247
26;2025-11-07;15;1365
26;2025-11-07;16;1576
26;2025-11-07;17;1684
26;2025-11-07;18;1588
26;2025-11-07;19;1154
26;2025-11-07;20;744
26;2025-11-07;21;467
26;2025-11-07;22;233
26;2025-11-07;23;142
26;2025-11-08;0;43
26;2025-11-08;1;2
26;2025-11-08;2;0
26;2025-11-08;3;0
26;2025-11-08;4;2
26;2025-11-08;5;47
26;2025-11-08;6;265
26;2025-11-08;7;372
26;2025-11-08;8;611
26;2025-11-08;9;703
26;2025-11-08;10;832
26;2025-11-08;11;1014
26;2025-11-08;12;1069
26;2025-11-08;13;1044
26;2025-11-08;14;1075
26;2025-11-08;15;975
26;2025-11-08;16;1001
26;2025-11-08;17;932
26;2025-11-08;18;878
26;2025-11-08;19;801
26;2025-11-08;20;544
26;2025-11-08;21;374
26;2025-11-08;22;221
26;2025-11-08;23;147
26;2025-11-09;0;45
26;2025-11-09;1;5
26;2025-11-09;2;1
26;2025-11-09;3;1
26;2025-11-09;4;2
26;2025-11-09;5;31
26;2025-11-09;6;154
26;2025-11-09;7;243
26;2025-11-09;8;361
26;2025-11-09;9;495
26;2025-11-09;10;558
26;2025-11-09;11;748
26;2025-11-09;12;786
26;2025-11-09;13;826
26;2025-11-09;14;819
26;2025-11-09;15;754
26;2025-11-09;16;746
26;2025-11-09;17;736
26;2025-11-09;18;670
26;2025-11-09;19;540
26;2025-11-09;20;392
26;2025-11-09;21;279
26;2025-11-09;22;185
26;2025-11-09;23;101
26;2025-11-10;0;30
26;2025-11-10;1;2
26;2025-11-10;2;0
26;2025-11-10;3;0
26;2025-11-10;4;3
26;2025-11-10;5;88
26;2025-11-10;6;501
26;2025-11-10;7;1091
26;2025-11-10;8;2158
26;2025-11-10;9;1463
26;2025-11-10;10;1222
26;2025-11-10;11;1089
26;2025-11-10;12;1134
26;2025-11-10;13;1189
26;2025-11-10;14;1227
26;2025-11-10;15;1332
26;2025-11-10;16;1508
26;2025-11-10;17;1684
26;2025-11-10;18;1829
26;2025-11-10;19;1242
26;2025-11-10;20;765
26;2025-11-10;21;459
26;2025-11-10;22;222
26;2025-11-10;23;114
26;2025-11-11;0;30
26;2025-11-11;1;2
26;2025-11-11;2;0
26;2025-11-11;3;2
26;2025-11-11;4;3
26;2025-11-11;5;89
26;2025-11-11;6;504
26;2025-11-11;7;1100
26;2025-11-11;8;2217
26;2025-11-11;9;1485
26;2025-11-11;10;1228
26;2025-11-11;11;1113
26;2025-11-11;12;1166
26;2025-11-11;13;1188
26;2025-11-11;14;1245
26;2025-11-11;15;1337
26;2025-11-11;16;1529
26;2025-11-11;17;1724
26;2025-11-11;18;1829
26;2025-11-11;19;1277
26;2025-11-11;20;774
26;2025-11-11;21;470
26;2025-11-11;22;230
26;2025-11-11;23;121
26;2025-11-12;0;31
26;2025-11-12;1;1
26;2025-11-12;2;0
26;2025-11-12;3;0
26;2025-11-12;4;5
26;2025-11-12;5;89
26;2025-11-12;6;496
26;2025-11-12;7;1076
26;2025-11-12;8;2178
26;2025-11-12;9;1472
26;2025-11-12;10;1229
26;2025-11-12;11;1105
26;2025-11-12;12;1157
26;2025-11-12;13;1188
26;2025-11-12;14;1274
26;2025-11-12;15;1343
26;2025-11-12;16;1503
26;2025-11-12;17;1665
26;2025-11-12;18;1786
26;2025-11-12;19;1226
26;2025-11-12;20;758
26;2025-11-12;21;482
26;2025-11-12;22;233
26;2025-11-12;23;125
26;2025-11-13;0;34
26;2025-11-13;1;1
26;2025-11-13;2;0
26;2025-11-13;3;0
26;2025-11-13;4;2
26;2025-11-13;5;87
26;2025-11-13;6;493
26;2025-11-13;7;1070
26;2025-11-13;8;2145
26;2025-11-13;9;1456
26;2025-11-13;10;1198
26;2025-11-13;11;1120
26;2025-11-13;12;1144
26;2025-11-13;13;1171
26;2025-11-13;14;1237
26;2025-11-13;15;1336
26;2025-11-13;16;1503
26;2025-11-13;17;1674
26;2025-11-13;18;1805
26;2025-11-13;19;1235
26;2025-11-13;20;758
26;2025-11-13;21;471
26;2025-11-13;22;231
26;2025-11-13;23;127
26;2025-11-14;0;32
26;2025-11-14;1;2
26;2025-11-14;2;0
26;2025-11-14;3;0
26;2025-11-14;4;2
26;2025-11-14;5;86
26;2025-11-14;6;494
26;2025-11-14;7;1053
26;2025-11-14;8;2099
26;2025-11-14;9;1419
26;2025-11-14;10;1206
26;2025-11-14;11;1087
26;2025-11-14;12;1146
26;2025-11-14;13;1192
26;2025-11-14;14;1246
26;2025-11-14;15;1364
26;2025-11-14;16;1574
26;2025-11-14;17;1682
26;2025-11-14;18;1587
26;2025-11-14;19;1153
26;2025-11-14;20;743
26;2025-11-14;21;467
26;2025-11-14;22;232
26;2025-11-14;23;142
26;2025-11-15;0;43
26;2025-11-15;1;2
26;2025-11-15;2;0
26;2025-11-15;3;0
26;2025-11-15;4;2
26;2025-11-15;5;47
26;2025-11-15;6;265
26;2025-11-15;7;371
26;2025-11-15;8;610
26;2025-11-15;9;702
26;2025-11-15;10;831
26;2025-11-15;11;1013
26;2025-11-15;12;1067
26;2025-11-15;13;1043
26;2025-11-15;14;1074
26;2025-11-15;15;973
26;2025-11-15;16;1000
26;2025-11-15;17;930
26;2025-11-15;18;877
26;2025-11-15;19;800
26;2025-11-15;20;543
26;2025-11-15;21;374
26;2025-11-15;22;220
26;2025-11-15;23;147
26;2025-11-16;0;45
26;2025-11-16;1;5
26;2025-11-16;2;1
26;2025-11-16;3;1
26;2025-11-16;4;2
26;2025-11-16;5;31
26;2025-11-16;6;154
26;2025-11-16;7;243
26;2025-11-16;8;361
26;2025-11-16;9;496
26;2025-11-16;10;559
26;2025-11-16;11;749
26;2025-11-16;12;787
26;2025-11-16;13;827
26;2025-11-16;14;820
26;2025-11-16;15;755
26;2025-11-16;16;747
26;2025-11-16;17;737
26;2025-11-16;18;671
26;2025-11-16;19;541
26;2025-11-16;20;392
26;2025-11-16;21;280
26;2025-11-16;22;186
26;2025-11-16;23;101
26;2025-11-17;0;30
26;2025-11-17;1;2
26;2025-11-17;2;0
26;2025-11-17;3;0
26;2025-11-17;4;3
26;2025-11-17;5;88
26;2025-11-17;6;501
26;2025-11-17;7;1090
26;2025-11-17;8;2156
26;2025-11-17;9;1461
26;2025-11-17;10;1221
26;2025-11-17;11;1088
26;2025-11-17;12;1133
26;2025-11-17;13;1188
26;2025-11-17;14;1226
26;2025-11-17;15;1330
26;2025-11-17;16;1507
26;2025-11-17;17;1683
26;2025-11-17;18;1827
26;2025-11-17;19;1240
26;2025-11-17;20;764
26;2025-11-17;21;459
26;2025-11-17;22;222
26;2025-11-17;23;114
26;2025-11-18;0;30
26;2025-11-18;1;2
26;2025-11-18;2;0
26;2025-11-18;3;2
26;2025-11-18;4;3
26;2025-11-18;5;89
26;2025-11-18;6;503
26;2025-11-18;7;1099
26;2025-11-18;8;2215
26;2025-11-18;9;1483
26;2025-11-18;10;1227
26;2025-11-18;11;1112
26;2025-11-18;12;1165
26;2025-11-18;13;1187
26;2025-11-18;14;1244
26;2025-11-18;15;1336
26;2025-11-18;16;1528
26;2025-11-18;17;1722
26;2025-11-18;18;1828
26;2025-11-18;19;1275
26;2025-11-18;20;774
26;2025-11-18;21;470
26;2025-11-18;22;230
26;2025-11-18;23;121
26;2025-11-19;0;31
26;2025-11-19;1;1
26;2025-11-19;2;0
26;2025-11-19;3;0
26;2025-11-19;4;5
26;2025-11-19;5;89
26;2025-11-19;6;495
26;2025-11-19;7;1075
26;2025-11-19;8;2176
26;2025-11-19;9;1470
26;2025-11-19;10;1227
26;2025-11-19;11;1104
26;2025-11-19;12;1156
26;2025-11-19;13;1187
26;2025-11-19;14;1273
26;2025-11-19;15;1342
26;2025-11-19;16;1501
26;2025-11-19;17;1664
26;2025-11-19;18;1784
26;2025-11-19;19;1225
26;2025-11-19;20;757
26;2025-11-19;21;481
26;2025-11-19;22;233
26;2025-11-19;23;125
26;2025-11-20;0;34
26;2025-11-20;1;1
26;2025-11-20;2;0
26;2025-11-20;3;0
26;2025-11-20;4;2
26;2025-11-20;5;87
26;2025-11-20;6;492
26;2025-11-20;7;1069
26;2025-11-20;8;2143
26;2025-11-20;9;1455
26;2025-11-20;10;1196
26;2025-11-20;11;1119
26;2025-11-20;12;1142
26;2025-11-20;13;1170
26;2025-11-20;14;1236
26;2025-11-20;15;1335
26;2025-11-20;16;1502
26;2025-11-20;17;1673
26;2025-11-20;18;1803
26;2025-11-20;19;1233
26;2025-11-20;20;757
26;2025-11-20;21;471
26;2025-11-20;22;231
26;2025-11-20;23;127
26;2025-11-21;0;32
26;2025-11-21;1;2
26;2025-11-21;2;0
26;2025-11-21;3;0
26;2025-11-21;4;2
26;2025-11-21;5;85
26;2025-11-21;6;494
26;2025-11-21;7;1052
26;2025-11-21;8;2097
26;2025-11-21;9;1417
26;2025-11-21;10;1205
26;2025-11-21;11;1086
26;2025-11-21;12;1145
26;2025-11-21;13;1191
26;2025-11-21;14;1244
26;2025-11-21;15;1363
26;2025-11-21;16;1573
26;2025-11-21;17;1681
26;2025-11-21;18;1585
26;2025-11-21;19;1152
26;2025-11-21;20;742
26;2025-11-21;21;466
26;2025-11-21;22;232
26;2025-11-21;23;142
26;2025-11-22;0;43
26;2025-11-22;1;2
26;2025-11-22;2;0
26;2025-11-22;3;0
26;2025-11-22;4;2
26;2025-11-22;5;47
26;2025-11-22;6;265
26;2025-11-22;7;371
26;2025-11-22;8;609
26;2025-11-22;9;701
26;2025-11-22;10;830
26;2025-11-22;11;1012
26;2025-11-22;12;1066
26;2025-11-22;13;1041
26;2025-11-22;14;1072
26;2025-11-22;15;972
26;2025-11-22;16;998
26;2025-11-22;17;929
26;2025-11-22;18;875
26;2025-11-22;19;799
26;2025-11-22;20;542
26;2025-11-22;21;373
26;2025-11-22;22;220
26;2025-11-22;23;147
26;2025-11-23;0;45
26;2025-11-23;1;5
26;2025-11-23;2;1
26;2025-11-23;3;1
26;2025-11-23;4;2
26;2025-11-23;5;31
26;2025-11-23;6;154
26;2025-11-23;7;243
26;2025-11-23;8;362
26;2025-11-23;9;496
26;2025-11-23;10;559
26;2025-11-23;11;750
26;2025-11-23;12;787
26;2025-11-23;13;828
26;2025-11-23;14;821
26;2025-11-23;15;756
26;2025-11-23;16;747
26;2025-11-23;17;738
26;2025-11-23;18;672
26;2025-11-23;19;542
26;2025-11-23;20;393
26;2025-11-23;21;280
26;2025-11-23;22;186
26;2025-11-23;23;101
26;2025-11-24;0;30
26;2025-11-24;1;2
26;2025-11-24;2;0
26;2025-11-24;3;0
26;2025-11-24;4;3
26;2025-11-24;5;88
26;2025-11-24;6;500
26;2025-11-24;7;1089
26;2025-11-24;8;2154
26;2025-11-24;9;1460
26;2025-11-24;10;1220
26;2025-11-24;11;1087
26;2025-11-24;12;1132
26;2025-11-24;13;1187
26;2025-11-24;14;1225
26;2025-11-24;15;1329
26;2025-11-24;16;1506
26;2025-11-24;17;1681
26;2025-11-24;18;1826
26;2025-11-24;19;1239
26;2025-11-24;20;763
26;2025-11-24;21;458
26;2025-11-24;22;222
26;2025-11-24;23;114
26;2025-11-25;0;30
26;2025-11-25;1;2
26;2025-11-25;2;0
26;2025-11-25;3;2
26;2025-11-25;4;3
26;2025-11-25;5;88
26;2025-11-25;6;503
26;2025-11-25;7;1098
26;2025-11-25;8;2213
26;2025-11-25;9;1482
26;2025-11-25;10;1226
26;2025-11-25;11;1111
26;2025-11-25;12;1164
26;2025-11-25;13;1186
26;2025-11-25;14;1242
26;2025-11-25;15;1334
26;2025-11-25;16;1526
26;2025-11-25;17;1720
26;2025-11-25;18;1826
26;2025-11-25;19;1274
26;2025-11-25;20;773
26;2025-11-25;21;469
26;2025-11-25;22;229
26;2025-11-25;23;121
26;2025-11-26;0;30
26;2025-11-26;1;1
26;2025-11-26;2;0
26;2025-11-26;3;0
26;2025-11-26;4;5
26;2025-11-26;5;89
26;2025-11-26;6;495
26;2025-11-26;7;1074
26;2025-11-26;8;2174
26;2025-11-26;9;1469
26;2025-11-26;10;1226
26;2025-11-26;11;1103
26;2025-11-26;12;1155
26;2025-11-26;13;1186
26;2025-11-26;14;1272
26;2025-11-26;15;1341
26;2025-11-26;16;1500
26;2025-11-26;17;1662
26;2025-11-26;18;1782
26;2025-11-26;19;1224
26;2025-11-26;20;757
26;2025-11-26;21;481
26;2025-11-26;22;233
26;2025-11-26;23;125
26;2025-11-27;0;34
26;2025-11-27;1;1
26;2025-11-27;2;0
26;2025-11-27;3;0
26;2025-11-27;4;2
26;2025-11-27;5;87
26;2025-11-27;6;492
26;2025-11-27;7;1068
26;2025-11-27;8;2141
26;2025-11-27;9;1454
26;2025-11-27;10;1195
26;2025-11-27;11;1118
26;2025-11-27;12;1141
26;2025-11-27;13;1169
26;2025-11-27;14;1234
26;2025-11-27;15;1333
26;2025-11-27;16;1500
26;2025-11-27;17;1671
26;2025-11-27;18;1802
26;2025-11-27;19;1232
26;2025-11-27;20;757
26;2025-11-27;21;470
26;2025-11-27;22;231
26;2025-11-27;23;127
26;2025-11-28;0;32
26;2025-11-28;1;2
26;2025-11-28;2;0
26;2025-11-28;3;0
26;2025-11-28;4;2
26;2025-11-28;5;85
26;2025-11-28;6;494
26;2025-11-28;7;1051
26;2025-11-28;8;2095
26;2025-11-28;9;1416
26;2025-11-28;10;1203
26;2025-11-28;11;1085
26;2025-11-28;12;1144
26;2025-11-28;13;1190
26;2025-11-28;14;1243
26;2025-11-28;15;1362
26;2025-11-28;16;1571
26;2025-11-28;17;1679
26;2025-11-28;18;1584
26;2025-11-28;19;1151
26;2025-11-28;20;742
26;2025-11-28;21;466
26;2025-11-28;22;232
26;2025-11-28;23;142
26;2025-11-29;0;43
26;2025-11-29;1;2
26;2025-11-29;2;0
26;2025-11-29;3;0
26;2025-11-29;4;2
26;2025-11-29;5;47
26;2025-11-29;6;264
26;2025-11-29;7;370
26;2025-11-29;8;608
26;2025-11-29;9;700
26;2025-11-29;10;829
26;2025-11-29;11;1010
26;2025-11-29;12;1064
26;2025-11-29;13;1040
26;2025-11-29;14;1071
26;2025-11-29;15;971
26;2025-11-29;16;997
26;2025-11-29;17;928
26;2025-11-29;18;874
26;2025-11-29;19;798
26;2025-11-29;20;542
26;2025-11-29;21;373
26;2025-11-29;22;220
26;2025-11-29;23;147
26;2025-11-30;0;45
26;2025-11-30;1;5
26;2025-11-30;2;1
26;2025-11-30;3;1
26;2025-11-30;4;2
26;2025-11-30;5;31
26;2025-11-30;6;154
26;2025-11-30;7;244
26;2025-11-30;8;362
26;2025-11-30;9;497
26;2025-11-30;10;560
26;2025-11-30;11;751
26;2025-11-30;12;788
26;2025-11-30;13;829
26;2025-11-30;14;821
26;2025-11-30;15;756
26;2025-11-30;16;748
26;2025-11-30;17;739
26;2025-11-30;18;672
26;2025-11-30;19;542
26;2025-11-30;20;393
26;2025-11-30;21;280
26;2025-11-30;22;186
26;2025-11-30;23;102
26;2025-12-01;0;30
26;2025-12-01;1;2
26;2025-12-01;2;0
26;2025-12-01;3;0
26;2025-12-01;4;3
26;2025-12-01;5;88
26;2025-12-01;6;500
26;2025-12-01;7;1088
26;2025-12-01;8;2152
26;2025-12-01;9;1459
26;2025-12-01;10;1219
26;2025-12-01;11;1086
26;2025-12-01;12;1131
26;2025-12-01;13;1186
26;2025-12-01;14;1224
26;2025-12-01;15;1328
26;2025-12-01;16;1504
26;2025-12-01;17;1679
26;2025-12-01;18;1824
26;2025-12-01;19;1238
26;2025-12-01;20;763
26;2025-12-01;21;458
26;2025-12-01;22;222
26;2025-12-01;23;114
26;2025-12-02;0;30
26;2025-12-02;1;2
26;2025-12-02;2;0
26;2025-12-02;3;2
26;2025-12-02;4;3
26;2025-12-02;5;88
26;2025-12-02;6;502
26;2025-12-02;7;1097
26;2025-12-02;8;2211
26;2025-12-02;9;1480
26;2025-12-02;10;1225
26;2025-12-02;11;1110
26;2025-12-02;12;1163
26;2025-12-02;13;1185
26;2025-12-02;14;1241
26;2025-12-02;15;1333
26;2025-12-02;16;1525
26;2025-12-02;17;1719
26;2025-12-02;18;1824
26;2025-12-02;19;1273
26;2025-12-02;20;772
26;2025-12-02;21;469
26;2025-12-02;22;229
26;2025-12-02;23;121
26;2025-12-03;0;30
26;2025-12-03;1;1
26;2025-12-03;2;0
26;2025-12-03;3;0
26;2025-12-03;4;5
26;2025-12-03;5;89
26;2025-12-03;6;494
26;2025-12-03;7;1073
26;2025-12-03;8;2172
26;2025-12-03;9;1468
26;2025-12-03;10;1225
26;2025-12-03;11;1102
26;2025-12-03;12;1154
26;2025-12-03;13;1185
26;2025-12-03;14;1271
26;2025-12-03;15;1340
26;2025-12-03;16;1499
26;2025-12-03;17;1661
26;2025-12-03;18;1781
26;2025-12-03;19;1223
26;2025-12-03;20;756
26;2025-12-03;21;481
26;2025-12-03;22;232
26;2025-12-03;23;125
26;2025-12-04;0;34
26;2025-12-04;1;1
26;2025-12-04;2;0
26;2025-12-04;3;0
26;2025-12-04;4;2
26;2025-12-04;5;87
26;2025-12-04;6;491
26;2025-12-04;7;1067
26;2025-12-04;8;2139
26;2025-12-04;9;1453
26;2025-12-04;10;1194
26;2025-12-04;11;1117
26;2025-12-04;12;1140
26;2025-12-04;13;1168
26;2025-12-04;14;1233
26;2025-12-04;15;1332
26;2025-12-04;16;1499
26;2025-12-04;17;1670
26;2025-12-04;18;1800
26;2025-12-04;19;1231
26;2025-12-04;20;756
26;2025-12-04;21;470
26;2025-12-04;22;231
26;2025-12-04;23;127
26;2025-12-05;0;32
26;2025-12-05;1;2
26;2025-12-05;2;0
26;2025-12-05;3;0
26;2025-12-05;4;2
26;2025-12-05;5;85
26;2025-12-05;6;493
26;2025-12-05;7;1051
26;2025-12-05;8;2093
26;2025-12-05;9;1415
26;2025-12-05;10;1202
26;2025-12-05;11;1085
26;2025-12-05;12;1143
26;2025-12-05;13;1189
26;2025-12-05;14;1242
26;2025-12-05;15;1360
26;2025-12-05;16;1570
26;2025-12-05;17;1678
26;2025-12-05;18;1582
26;2025-12-05;19;1150
26;2025-12-05;20;741
26;2025-12-05;21;465
26;2025-12-05;22;232
26;2025-12-05;23;142
26;2025-12-06;0;43
26;2025-12-06;1;2
26;2025-12-06;2;0
26;2025-12-06;3;0
26;2025-12-06;4;2
26;2025-12-06;5;47
26;2025-12-06;6;264
26;2025-12-06;7;370
26;2025-12-06;8;608
26;2025-12-06;9;699
26;2025-12-06;10;828
26;2025-12-06;11;1009
26;2025-12-06;12;1063
26;2025-12-06;13;1039
26;2025-12-06;14;1070
26;2025-12-06;15;970
26;2025-12-06;16;996
26;2025-12-06;17;927
26;2025-12-06;18;873
26;2025-12-06;19;797
26;2025-12-06;20;541
26;2025-12-06;21;372
26;2025-12-06;22;219
26;2025-12-06;23;146
26;2025-12-07;0;45
26;2025-12-07;1;5
26;2025-12-07;2;1
26;2025-12-07;3;1
26;2025-12-07;4;2
26;2025-12-07;5;31
26;2025-12-07;6;155
26;2025-12-07;7;244
26;2025-12-07;8;362
26;2025-12-07;9;497
26;2025-12-07;10;560
26;2025-12-07;11;751
26;2025-12-07;12;789
26;2025-12-07;13;830
26;2025-12-07;14;822
26;2025-12-07;15;757
26;2025-12-07;16;749
26;2025-12-07;17;739
26;2025-12-07;18;673
26;2025-12-07;19;543
26;2025-12-07;20;394
26;2025-12-07;21;281
26;2025-12-07;22;186
26;2025-12-07;23;102
26;2025-12-08;0;30
26;2025-12-08;1;2
26;2025-12-08;2;0
26;2025-12-08;3;0
26;2025-12-08;4;3
26;2025-12-08;5;88
26;2025-12-08;6;499
26;2025-12-08;7;1087
26;2025-12-08;8;2150
26;2025-12-08;9;1458
26;2025-12-08;10;1218
26;2025-12-08;11;1085
26;2025-12-08;12;1130
26;2025-12-08;13;1185
26;2025-12-08;14;1223
26;2025-12-08;15;1327
26;2025-12-08;16;1503
26;2025-12-08;17;1678
26;2025-12-08;18;1823
26;2025-12-08;19;1237
26;2025-12-08;20;762
26;2025-12-08;21;458
26;2025-12-08;22;221
26;2025-12-08;23;113
26;2025-12-09;0;30
26;2025-12-09;1;2
26;2025-12-09;2;0
26;2025-12-09;3;2
26;2025-12-09;4;3
26;2025-12-09;5;88
26;2025-12-09;6;502
26;2025-12-09;7;1096
26;2025-12-09;8;2209
26;2025-12-09;9;1479
26;2025-12-09;10;1223
26;2025-12-09;11;1109
26;2025-12-09;12;1162
26;2025-12-09;13;1184
26;2025-12-09;14;1240
26;2025-12-09;15;1332
26;2025-12-09;16;1524
26;2025-12-09;17;1717
26;2025-12-09;18;1823
26;2025-12-09;19;1272
26;2025-12-09;20;772
26;2025-12-09;21;469
26;2025-12-09;22;229
26;2025-12-09;23;121
26;2025-12-10;0;30
26;2025-12-10;1;1
26;2025-12-10;2;0
26;2025-12-10;3;0
26;2025-12-10;4;5
26;2025-12-10;5;88
26;2025-12-10;6;494
26;2025-12-10;7;1072
26;2025-12-10;8;2171
26;2025-12-10;9;1467
26;2025-12-10;10;1224
26;2025-12-10;11;1101
26;2025-12-10;12;1153
26;2025-12-10;13;1184
26;2025-12-10;14;1270
26;2025-12-10;15;1338
26;2025-12-10;16;1498
26;2025-12-10;17;1660
26;2025-12-10;18;1779
26;2025-12-10;19;1222
26;2025-12-10;20;755
26;2025-12-10;21;480
26;2025-12-10;22;232
26;2025-12-10;23;125
26;2025-12-11;0;34
26;2025-12-11;1;1
26;2025-12-11;2;0
26;2025-12-11;3;0
26;2025-12-11;4;2
26;2025-12-11;5;87
26;2025-12-11;6;491
26;2025-12-11;7;1066
26;2025-12-11;8;2138
26;2025-12-11;9;1451
26;2025-12-11;10;1193
26;2025-12-11;11;1116
26;2025-12-11;12;1139
26;2025-12-11;13;1167
26;2025-12-11;14;1232
26;2025-12-11;15;1331
26;2025-12-11;16;1498
26;2025-12-11;17;1669
26;2025-12-11;18;1799
26;2025-12-11;19;1230
26;2025-12-11;20;755
26;2025-12-11;21;469
26;2025-12-11;22;230
26;2025-12-11;23;127
26;2025-12-12;0;32
26;2025-12-12;1;2
26;2025-12-12;2;0
26;2025-12-12;3;0
26;2025-12-12;4;2
26;2025-12-12;5;85
26;2025-12-12;6;493
26;2025-12-12;7;1050
26;2025-12-12;8;2092
26;2025-12-12;9;1414
26;2025-12-12;10;1202
26;2025-12-12;11;1084
26;2025-12-12;12;1142
26;2025-12-12;13;1188
26;2025-12-12;14;1241
26;2025-12-12;15;1359
26;2025-12-12;16;1569
26;2025-12-12;17;1676
26;2025-12-12;18;1581
26;2025-12-12;19;1149
26;2025-12-12;20;740
26;2025-12-12;21;465
26;2025-12-12;22;231
26;2025-12-12;23;141
26;2025-12-13;0;43
26;2025-12-13;1;2
26;2025-12-13;2;0
26;2025-12-13;3;0
26;2025-12-13;4;2
26;2025-12-13;5;47
26;2025-12-13;6;264
26;2025-12-13;7;369
26;2025-12-13;8;607
26;2025-12-13;9;698
26;2025-12-13;10;827
26;2025-12-13;11;1008
26;2025-12-13;12;1062
26;2025-12-13;13;1038
26;2025-12-13;14;1069
26;2025-12-13;15;969
26;2025-12-13;16;995
26;2025-12-13;17;926
26;2025-12-13;18;872
26;2025-12-13;19;796
26;2025-12-13;20;540
26;2025-12-13;21;372
26;2025-12-13;22;219
26;2025-12-13;23;146
26;2025-12-14;0;45
26;2025-12-14;1;5
26;2025-12-14;2;1
26;2025-12-14;3;1
26;2025-12-14;4;2
26;2025-12-14;5;31
26;2025-12-14;6;155
26;2025-12-14;7;244
26;2025-12-14;8;363
26;2025-12-14;9;497
26;2025-12-14;10;561
26;2025-12-14;11;752
26;2025-12-14;12;790
26;2025-12-14;13;830
26;2025-12-14;14;823
26;2025-12-14;15;758
26;2025-12-14;16;749
26;2025-12-14;17;740
26;2025-12-14;18;674
26;2025-12-14;19;543
26;2025-12-14;20;394
26;2025-12-14;21;281
26;2025-12-14;22;186
26;2025-12-14;23;102
26;2025-12-15;0;30
26;2025-12-15;1;2
26;2025-12-15;2;0
26;2025-12-15;3;0
26;2025-12-15;4;3
26;2025-12-15;5;87
26;2025-12-15;6;499
26;2025-12-15;7;1086
26;2025-12-15;8;2148
26;2025-12-15;9;1456
26;2025-12-15;10;1217
26;2025-12-15;11;1085
26;2025-12-15;12;1129
26;2025-12-15;13;1184
26;2025-12-15;14;1222
26;2025-12-15;15;1326
26;2025-12-15;16;1502
26;2025-12-15;17;1677
26;2025-12-15;18;1821
26;2025-12-15;19;1236
26;2025-12-15;20;761
26;2025-12-15;21;457
26;2025-12-15;22;221
26;2025-12-15;23;113
26;2025-12-16;0;30
26;2025-12-16;1;2
26;2025-12-16;2;0
26;2025-12-16;3;2
26;2025-12-16;4;3
26;2025-12-16;5;88
26;2025-12-16;6;502
26;2025-12-16;7;1095
26;2025-12-16;8;2207
26;2025-12-16;9;1478
26;2025-12-16;10;1223
26;2025-12-16;11;1108
26;2025-12-16;12;1161
26;2025-12-16;13;1183
26;2025-12-16;14;1239
26;2025-12-16;15;1331
26;2025-12-16;16;1523
26;2025-12-16;17;1716
26;2025-12-16;18;1821
26;2025-12-16;19;1271
26;2025-12-16;20;771
26;2025-12-16;21;468
26;2025-12-16;22;229
26;2025-12-16;23;121
26;2025-12-17;0;30
26;2025-12-17;1;1
26;2025-12-17;2;0
26;2025-12-17;3;0
26;2025-12-17;4;5
26;2025-12-17;5;88
26;2025-12-17;6;494
26;2025-12-17;7;1071
26;2025-12-17;8;2169
26;2025-12-17;9;1465
26;2025-12-17;10;1223
26;2025-12-17;11;1100
26;2025-12-17;12;1152
26;2025-12-17;13;1183
26;2025-12-17;14;1269
26;2025-12-17;15;1337
26;2025-12-17;16;1496
26;2025-12-17;17;1658
26;2025-12-17;18;1778
26;2025-12-17;19;1221
26;2025-12-17;20;755
26;2025-12-17;21;480
26;2025-12-17;22;232
26;2025-12-17;23;125
26;2025-12-18;0;33
26;2025-12-18;1;1
26;2025-12-18;2;0
26;2025-12-18;3;0
26;2025-12-18;4;2
26;2025-12-18;5;87
26;2025-12-18;6;491
26;2025-12-18;7;1065
26;2025-12-18;8;2136
26;2025-12-18;9;1450
26;2025-12-18;10;1192
26;2025-12-18;11;1115
26;2025-12-18;12;1139
26;2025-12-18;13;1166
26;2025-12-18;14;1231
26;2025-12-18;15;1330
26;2025-12-18;16;1497
26;2025-12-18;17;1667
26;2025-12-18;18;1797
26;2025-12-18;19;1229
26;2025-12-18;20;755
26;2025-12-18;21;469
26;2025-12-18;22;230
26;2025-12-18;23;127
26;2025-12-19;0;32
26;2025-12-19;1;2
26;2025-12-19;2;0
26;2025-12-19;3;0
26;2025-12-19;4;2
26;2025-12-19;5;85
26;2025-12-19;6;492
26;2025-12-19;7;1049
26;2025-12-19;8;2090
26;2025-12-19;9;1413
26;2025-12-19;10;1201
26;2025-12-19;11;1083
26;2025-12-19;12;1141
26;2025-12-19;13;1187
26;2025-12-19;14;1240
26;2025-12-19;15;1358
26;2025-12-19;16;1568
26;2025-12-19;17;1675
26;2025-12-19;18;1580
26;2025-12-19;19;1148
26;2025-12-19;20;740
26;2025-12-19;21;465
26;2025-12-19;22;231
26;2025-12-19;23;141
26;2025-12-20;0;43
26;2025-12-20;1;2
26;2025-12-20;2;0
26;2025-12-20;3;0
26;2025-12-20;4;2
26;2025-12-20;5;47
26;2025-12-20;6;263
26;2025-12-20;7;369
26;2025-12-20;8;606
26;2025-12-20;9;698
26;2025-12-20;10;826
26;2025-12-20;11;1007
26;2025-12-20;12;1061
26;2025-12-20;13;1037
26;2025-12-20;14;1068
26;2025-12-20;15;968
26;2025-12-20;16;994
26;2025-12-20;17;925
26;2025-12-20;18;871
26;2025-12-20;19;796
26;2025-12-20;20;540
26;2025-12-20;21;372
26;2025-12-20;22;219
26;2025-12-20;23;146
26;2025-12-21;0;45
26;2025-12-21;1;5
26;2025-12-21;2;1
26;2025-12-21;3;1
26;2025-12-21;4;2
26;2025-12-21;5;31
26;2025-12-21;6;155
26;2025-12-21;7;244
26;2025-12-21;8;363
26;2025-12-21;9;498
26;2025-12-21;10;561
26;2025-12-21;11;752
26;2025-12-21;12;790
26;2025-12-21;13;831
26;2025-12-21;14;823
26;2025-12-21;15;758
26;2025-12-21;16;750
26;2025-12-21;17;741
26;2025-12-21;18;674
26;2025-12-21;19;543
26;2025-12-21;20;394
26;2025-12-21;21;281
26;2025-12-21;22;186
26;2025-12-21;23;102
26;2025-12-22;0;30
26;2025-12-22;1;2
26;2025-12-22;2;0
26;2025-12-22;3;0
26;2025-12-22;4;3
26;2025-12-22;5;87
26;2025-12-22;6;498
26;2025-12-22;7;1086
26;2025-12-22;8;2147
26;2025-12-22;9;1455
26;2025-12-22;10;1216
26;2025-12-22;11;1084
26;2025-12-22;12;1128
26;2025-12-22;13;1183
26;2025-12-22;14;1221
26;2025-12-22;15;1325
26;2025-12-22;16;1501
26;2025-12-22;17;1675
26;2025-12-22;18;1820
26;2025-12-22;19;1235
26;2025-12-22;20;761
26;2025-12-22;21;457
26;2025-12-22;22;221
26;2025-12-22;23;113
26;2025-12-23;0;30
26;2025-12-23;1;2
26;2025-12-23;2;0
26;2025-12-23;3;2
26;2025-12-23;4;3
26;2025-12-23;5;88
26;2025-12-23;6;501
26;2025-12-23;7;1094
26;2025-12-23;8;2206
26;2025-12-23;9;1477
26;2025-12-23;10;1222
26;2025-12-23;11;1108
26;2025-12-23;12;1160
26;2025-12-23;13;1182
26;2025-12-23;14;1238
26;2025-12-23;15;1330
26;2025-12-23;16;1521
26;2025-12-23;17;1715
26;2025-12-23;18;1820
26;2025-12-23;19;1270
26;2025-12-23;20;770
26;2025-12-23;21;468
26;2025-12-23;22;229
26;2025-12-23;23;120
26;2025-12-24;0;30
26;2025-12-24;1;1
26;2025-12-24;2;0
26;2025-12-24;3;0
26;2025-12-24;4;5
26;2025-12-24;5;88
26;2025-12-24;6;493
26;2025-12-24;7;1070
26;2025-12-24;8;2167
26;2025-12-24;9;1464
26;2025-12-24;10;1222
26;2025-12-24;11;1100
26;2025-12-24;12;1151
26;2025-12-24;13;1182
26;2025-12-24;14;1268
26;2025-12-24;15;1336
26;2025-12-24;16;1495
26;2025-12-24;17;1657
26;2025-12-24;18;1777
26;2025-12-24;19;1220
26;2025-12-24;20;754
26;2025-12-24;21;479
26;2025-12-24;22;232
26;2025-12-24;23;125
26;2025-12-25;0;33
26;2025-12-25;1;1
26;2025-12-25;2;0
26;2025-12-25;3;0
26;2025-12-25;4;2
26;2025-12-25;5;87
26;2025-12-25;6;490
26;2025-12-25;7;1065
26;2025-12-25;8;2135
26;2025-12-25;9;1449
26;2025-12-25;10;1192
26;2025-12-25;11;1114
26;2025-12-25;12;1138
26;2025-12-25;13;1165
26;2025-12-25;14;1231
26;2025-12-25;15;1329
26;2025-12-25;16;1496
26;2025-12-25;17;1666
26;2025-12-25;18;1796
26;2025-12-25;19;1228
26;2025-12-25;20;754
26;2025-12-25;21;469
26;2025-12-25;22;230
26;2025-12-25;23;127
26;2025-12-26;0;32
26;2025-12-26;1;2
26;2025-12-26;2;0
26;2025-12-26;3;0
26;2025-12-26;4;2
26;2025-12-26;5;85
26;2025-12-26;6;492
26;2025-12-26;7;1048
26;2025-12-26;8;2089
26;2025-12-26;9;1412
26;2025-12-26;10;1200
26;2025-12-26;11;1082
26;2025-12-26;12;1140
26;2025-12-26;13;1186
26;2025-12-26;14;1239
26;2025-12-26;15;1357
26;2025-12-26;16;1566
26;2025-12-26;17;1674
26;2025-12-26;18;1579
26;2025-12-26;19;1147
26;2025-12-26;20;739
26;2025-12-26;21;464
26;2025-12-26;22;231
26;2025-12-26;23;141
26;2025-12-27;0;43
26;2025-12-27;1;2
26;2025-12-27;2;0
26;2025-12-27;3;0
26;2025-12-27;4;2
26;2025-12-27;5;47
26;2025-12-27;6;263
26;2025-12-27;7;369
26;2025-12-27;8;606
26;2025-12-27;9;697
26;2025-12-27;10;826
26;2025-12-27;11;1006
26;2025-12-27;12;1060
26;2025-12-27;13;1036
26;2025-12-27;14;1067
26;2025-12-27;15;967
26;2025-12-27;16;993
26;2025-12-27;17;924
26;2025-12-27;18;871
26;2025-12-27;19;795
26;2025-12-27;20;539
26;2025-12-27;21;371
26;2025-12-27;22;219
26;2025-12-27;23;146
26;2025-12-28;0;45
26;2025-12-28;1;5
26;2025-12-28;2;1
26;2025-12-28;3;1
26;2025-12-28;4;2
26;2025-12-28;5;32
26;2025-12-28;6;155
26;2025-12-28;7;244
26;2025-12-28;8;363
26;2025-12-28;9;498
26;2025-12-28;10;562
26;2025-12-28;11;753
26;2025-12-28;12;791
26;2025-12-28;13;831
26;2025-12-28;14;824
26;2025-12-28;15;759
26;2025-12-28;16;750
26;2025-12-28;17;741
26;2025-12-28;18;674
26;2025-12-28;19;544
26;2025-12-28;20;394
26;2025-12-28;21;281
26;2025-12-28;22;187
26;2025-12-28;23;102
26;2025-12-29;0;30
26;2025-12-29;1;2
26;2025-12-29;2;0
26;2025-12-29;3;0
26;2025-12-29;4;3
26;2025-12-29;5;87
26;2025-12-29;6;498
26;2025-12-29;7;1085
26;2025-12-29;8;2145
26;2025-12-29;9;1454
26;2025-12-29;10;1215
26;2025-12-29;11;1083
26;2025-12-29;12;1127
26;2025-12-29;13;1182
26;2025-12-29;14;1220
26;2025-12-29;15;1324
26;2025-12-29;16;1500
26;2025-12-29;17;1674
26;2025-12-29;18;1818
26;2025-12-29;19;1234
26;2025-12-29;20;760
26;2025-12-29;21;457
26;2025-12-29;22;221
26;2025-12-29;23;113
26;2025-12-30;0;30
26;2025-12-30;1;2
26;2025-12-30;2;0
26;2025-12-30;3;2
26;2025-12-30;4;3
26;2025-12-30;5;88
26;2025-12-30;6;501
26;2025-12-30;7;1093
26;2025-12-30;8;2204
26;2025-12-30;9;1476
26;2025-12-30;10;1221
26;2025-12-30;11;1107
26;2025-12-30;12;1160
26;2025-12-30;13;1181
26;2025-12-30;14;1238
26;2025-12-30;15;1329
26;2025-12-30;16;1520
26;2025-12-30;17;1713
26;2025-12-30;18;1819
26;2025-12-30;19;1269
26;2025-12-30;20;770
26;2025-12-30;21;468
26;2025-12-30;22;228
26;2025-12-30;23;120
26;2025-12-31;0;43
26;2025-12-31;1;5
26;2025-12-31;2;1
26;2025-12-31;3;1
26;2025-12-31;4;2
26;2025-12-31;5;32
26;2025-12-31;6;160
26;2025-12-31;7;242
26;2025-12-31;8;350
26;2025-12-31;9;478
26;2025-12-31;10;540
26;2025-12-31;11;722
26;2025-12-31;12;763
26;2025-12-31;13;804
26;2025-12-31;14;792
26;2025-12-31;15;738
26;2025-12-31;16;727
26;2025-12-31;17;717
26;2025-12-31;18;661
26;2025-12-31;19;550
26;2025-12-31;20;394
26;2025-12-31;21;279
26;2025-12-31;22;187
26;2025-12-31;23;103
28;2025-11-01;0;1
28;2025-11-01;1;0
28;2025-11-01;2;0
28;2025-11-01;3;0
28;2025-11-01;4;2
28;2025-11-01;5;79
28;2025-11-01;6;271
28;2025-11-01;7;812
28;2025-11-01;8;1265
28;2025-11-01;9;875
28;2025-11-01;10;650
28;2025-11-01;11;581
28;2025-11-01;12;709
28;2025-11-01;13;730
28;2025-11-01;14;674
28;2025-11-01;15;704
28;2025-11-01;16;886
28;2025-11-01;17;1007
28;2025-11-01;18;954
28;2025-11-01;19;720
28;2025-11-01;20;508
28;2025-11-01;21;320
28;2025-11-01;22;136
28;2025-11-01;23;18
28;2025-11-02;0;5
28;2025-11-02;1;3
28;2025-11-02;2;1
28;2025-11-02;3;1
28;2025-11-02;4;0
28;2025-11-02;5;28
28;2025-11-02;6;79
28;2025-11-02;7;146
28;2025-11-02;8;240
28;2025-11-02;9;314
28;2025-11-02;10;357
28;2025-11-02;11;390
28;2025-11-02;12;447
28;2025-11-02;13;502
28;2025-11-02;14;493
28;2025-11-02;15;491
28;2025-11-02;16;464
28;2025-11-02;17;461
28;2025-11-02;18;402
28;2025-11-02;19;345
28;2025-11-02;20;279
28;2025-11-02;21;233
28;2025-11-02;22;106
28;2025-11-02;23;14
28;2025-11-03;0;5
28;2025-11-03;1;2
28;2025-11-03;2;1
28;2025-11-03;3;1
28;2025-11-03;4;0
28;2025-11-03;5;28
28;2025-11-03;6;78
28;2025-11-03;7;145
28;2025-11-03;8;232
28;2025-11-03;9;301
28;2025-11-03;10;346
28;2025-11-03;11;375
28;2025-11-03;12;434
28;2025-11-03;13;487
28;2025-11-03;14;481
28;2025-11-03;15;479
28;2025-11-03;16;453
28;2025-11-03;17;454
28;2025-11-03;18;394
28;2025-11-03;19;338
28;2025-11-03;20;277
28;2025-11-03;21;230
28;2025-11-03;22;106
28;2025-11-03;23;15
28;2025-11-04;0;5
28;2025-11-04;1;2
28;2025-11-04;2;1
28;2025-11-04;3;1
28;2025-11-04;4;0
28;2025-11-04;5;27
28;2025-11-04;6;78
28;2025-11-04;7;145
28;2025-11-04;8;232
28;2025-11-04;9;301
28;2025-11-04;10;346
28;2025-11-04;11;375
28;2025-11-04;12;434
28;2025-11-04;13;487
28;2025-11-04;14;481
28;2025-11-04;15;479
28;2025-11-04;16;453
28;2025-11-04;17;454
28;2025-11-04;18;394
28;2025-11-04;19;338
28;2025-11-04;20;277
28;2025-11-04;21;230
28;2025-11-04;22;106
28;2025-11-04;23;15
28;2025-11-05;0;2
28;2025-11-05;1;0
28;2025-11-05;2;0
28;2025-11-05;3;0
28;2025-11-05;4;2
28;2025-11-05;5;80
28;2025-11-05;6;269
28;2025-11-05;7;792
28;2025-11-05;8;1246
28;2025-11-05;9;854
28;2025-11-05;10;641
28;2025-11-05;11;591
28;2025-11-05;12;701
28;2025-11-05;13;724
28;2025-11-05;14;669
28;2025-11-05;15;704
28;2025-11-05;16;870
28;2025-11-05;17;993
28;2025-11-05;18;946
28;2025-11-05;19;718
28;2025-11-05;20;501
28;2025-11-05;21;319
28;2025-11-05;22;137
28;2025-11-05;23;18
28;2025-11-06;0;2
28;2025-11-06;1;0
28;2025-11-06;2;0
28;2025-11-06;3;0
28;2025-11-06;4;2
28;2025-11-06;5;77
28;2025-11-06;6;269
28;2025-11-06;7;803
28;2025-11-06;8;1250
28;2025-11-06;9;864
28;2025-11-06;10;639
28;2025-11-06;11;570
28;2025-11-06;12;707
28;2025-11-06;13;723
28;2025-11-06;14;668
28;2025-11-06;15;697
28;2025-11-06;16;860
28;2025-11-06;17;992
28;2025-11-06;18;970
28;2025-11-06;19;721
28;2025-11-06;20;513
28;2025-11-06;21;322
28;2025-11-06;22;138
28;2025-11-06;23;18
28;2025-11-07;0;1
28;2025-11-07;1;0
28;2025-11-07;2;0
28;2025-11-07;3;0
28;2025-11-07;4;2
28;2025-11-07;5;76
28;2025-11-07;6;260
28;2025-11-07;7;781
28;2025-11-07;8;1201
28;2025-11-07;9;839
28;2025-11-07;10;632
28;2025-11-07;11;566
28;2025-11-07;12;698
28;2025-11-07;13;714
28;2025-11-07;14;680
28;2025-11-07;15;703
28;2025-11-07;16;907
28;2025-11-07;17;988
28;2025-11-07;18;877
28;2025-11-07;19;667
28;2025-11-07;20;482
28;2025-11-07;21;314
28;2025-11-07;22;138
28;2025-11-07;23;20
28;2025-11-08;0;1
28;2025-11-08;1;0
28;2025-11-08;2;0
28;2025-11-08;3;0
28;2025-11-08;4;1
28;2025-11-08;5;36
28;2025-11-08;6;99
28;2025-11-08;7;220
28;2025-11-08;8;382
28;2025-11-08;9;463
28;2025-11-08;10;485
28;2025-11-08;11;489
28;2025-11-08;12;581
28;2025-11-08;13;595
28;2025-11-08;14;603
28;2025-11-08;15;586
28;2025-11-08;16;556
28;2025-11-08;17;574
28;2025-11-08;18;497
28;2025-11-08;19;415
28;2025-11-08;20;313
28;2025-11-08;21;276
28;2025-11-08;22;134
28;2025-11-08;23;24
28;2025-11-09;0;5
28;2025-11-09;1;3
28;2025-11-09;2;1
28;2025-11-09;3;1
28;2025-11-09;4;0
28;2025-11-09;5;28
28;2025-11-09;6;79
28;2025-11-09;7;146
28;2025-11-09;8;240
28;2025-11-09;9;313
28;2025-11-09;10;356
28;2025-11-09;11;389
28;2025-11-09;12;446
28;2025-11-09;13;501
28;2025-11-09;14;492
28;2025-11-09;15;490
28;2025-11-09;16;463
28;2025-11-09;17;460
28;2025-11-09;18;401
28;2025-11-09;19;345
28;2025-11-09;20;279
28;2025-11-09;21;232
28;2025-11-09;22;105
28;2025-11-09;23;14
28;2025-11-10;0;1
28;2025-11-10;1;0
28;2025-11-10;2;0
28;2025-11-10;3;0
28;2025-11-10;4;2
28;2025-11-10;5;78
28;2025-11-10;6;268
28;2025-11-10;7;794
28;2025-11-10;8;1235
28;2025-11-10;9;863
28;2025-11-10;10;628
28;2025-11-10;11;559
28;2025-11-10;12;687
28;2025-11-10;13;703
28;2025-11-10;14;648
28;2025-11-10;15;679
28;2025-11-10;16;877
28;2025-11-10;17;982
28;2025-11-10;18;950
28;2025-11-10;19;715
28;2025-11-10;20;493
28;2025-11-10;21;309
28;2025-11-10;22;128
28;2025-11-10;23;17
28;2025-11-11;0;2
28;2025-11-11;1;0
28;2025-11-11;2;0
28;2025-11-11;3;0
28;2025-11-11;4;2
28;2025-11-11;5;76
28;2025-11-11;6;264
28;2025-11-11;7;801
28;2025-11-11;8;1249
28;2025-11-11;9;873
28;2025-11-11;10;662
28;2025-11-11;11;574
28;2025-11-11;12;697
28;2025-11-11;13;731
28;2025-11-11;14;667
28;2025-11-11;15;690
28;2025-11-11;16;853
28;2025-11-11;17;986
28;2025-11-11;18;943
28;2025-11-11;19;717
28;2025-11-11;20;513
28;2025-11-11;21;318
28;2025-11-11;22;130
28;2025-11-11;23;19
28;2025-11-12;0;2
28;2025-11-12;1;0
28;2025-11-12;2;0
28;2025-11-12;3;0
28;2025-11-12;4;2
28;2025-11-12;5;80
28;2025-11-12;6;269
28;2025-11-12;7;789
28;2025-11-12;8;1243
28;2025-11-12;9;852
28;2025-11-12;10;639
28;2025-11-12;11;590
28;2025-11-12;12;699
28;2025-11-12;13;722
28;2025-11-12;14;667
28;2025-11-12;15;702
28;2025-11-12;16;868
28;2025-11-12;17;990
28;2025-11-12;18;944
28;2025-11-12;19;716
28;2025-11-12;20;500
28;2025-11-12;21;318
28;2025-11-12;22;136
28;2025-11-12;23;18
28;2025-11-13;0;2
28;2025-11-13;1;0
28;2025-11-13;2;0
28;2025-11-13;3;0
28;2025-11-13;4;2
28;2025-11-13;5;77
28;2025-11-13;6;268
28;2025-11-13;7;800
28;2025-11-13;8;1247
28;2025-11-13;9;861
28;2025-11-13;10;637
28;2025-11-13;11;568
28;2025-11-13;12;705
28;2025-11-13;13;721
28;2025-11-13;14;666
28;2025-11-13;15;696
28;2025-11-13;16;858
28;2025-11-13;17;989
28;2025-11-13;18;967
28;2025-11-13;19;719
28;2025-11-13;20;511
28;2025-11-13;21;321
28;2025-11-13;22;138
28;2025-11-13;23;18
28;2025-11-14;0;1
28;2025-11-14;1;0
28;2025-11-14;2;0
28;2025-11-14;3;0
28;2025-11-14;4;2
28;2025-11-14;5;76
28;2025-11-14;6;259
28;2025-11-14;7;779
28;2025-11-14;8;1198
28;2025-11-14;9;837
28;2025-11-14;10;630
28;2025-11-14;11;564
28;2025-11-14;12;696
28;2025-11-14;13;712
28;2025-11-14;14;678
28;2025-11-14;15;701
28;2025-11-14;16;904
28;2025-11-14;17;986
28;2025-11-14;18;875
28;2025-11-14;19;665
28;2025-11-14;20;481
28;2025-11-14;21;313
28;2025-11-14;22;138
28;2025-11-14;23;20
28;2025-11-15;0;1
28;2025-11-15;1;0
28;2025-11-15;2;0
28;2025-11-15;3;0
28;2025-11-15;4;1
28;2025-11-15;5;36
28;2025-11-15;6;99
28;2025-11-15;7;219
28;2025-11-15;8;381
28;2025-11-15;9;462
28;2025-11-15;10;484
28;2025-11-15;11;488
28;2025-11-15;12;580
28;2025-11-15;13;593
28;2025-11-15;14;601
28;2025-11-15;15;585
28;2025-11-15;16;555
28;2025-11-15;17;572
28;2025-11-15;18;496
28;2025-11-15;19;414
28;2025-11-15;20;313
28;2025-11-15;21;276
28;2025-11-15;22;134
28;2025-11-15;23;24
28;2025-11-16;0;5
28;2025-11-16;1;3
28;2025-11-16;2;1
28;2025-11-16;3;1
28;2025-11-16;4;0
28;2025-11-16;5;28
28;2025-11-16;6;79
28;2025-11-16;7;145
28;2025-11-16;8;239
28;2025-11-16;9;312
28;2025-11-16;10;356
28;2025-11-16;11;389
28;2025-11-16;12;445
28;2025-11-16;13;500
28;2025-11-16;14;491
28;2025-11-16;15;489
28;2025-11-16;16;462
28;2025-11-16;17;460
28;2025-11-16;18;401
28;2025-11-16;19;344
28;2025-11-16;20;278
28;2025-11-16;21;232
28;2025-11-16;22;105
28;2025-11-16;23;14
28;2025-11-17;0;1
28;2025-11-17;1;0
28;2025-11-17;2;0
28;2025-11-17;3;0
28;2025-11-17;4;2
28;2025-11-17;5;78
28;2025-11-17;6;267
28;2025-11-17;7;792
28;2025-11-17;8;1232
28;2025-11-17;9;860
28;2025-11-17;10;626
28;2025-11-17;11;558
28;2025-11-17;12;685
28;2025-11-17;13;701
28;2025-11-17;14;646
28;2025-11-17;15;677
28;2025-11-17;16;874
28;2025-11-17;17;980
28;2025-11-17;18;947
28;2025-11-17;19;713
28;2025-11-17;20;492
28;2025-11-17;21;308
28;2025-11-17;22;128
28;2025-11-17;23;17
28;2025-11-18;0;2
28;2025-11-18;1;0
28;2025-11-18;2;0
28;2025-11-18;3;0
28;2025-11-18;4;2
28;2025-11-18;5;75
28;2025-11-18;6;263
28;2025-11-18;7;799
28;2025-11-18;8;1246
28;2025-11-18;9;871
28;2025-11-18;10;660
28;2025-11-18;11;573
28;2025-11-18;12;695
28;2025-11-18;13;729
28;2025-11-18;14;665
28;2025-11-18;15;688
28;2025-11-18;16;851
28;2025-11-18;17;984
28;2025-11-18;18;940
28;2025-11-18;19;715
28;2025-11-18;20;512
28;2025-11-18;21;317
28;2025-11-18;22;130
28;2025-11-18;23;19
28;2025-11-19;0;2
28;2025-11-19;1;0
28;2025-11-19;2;0
28;2025-11-19;3;0
28;2025-11-19;4;2
28;2025-11-19;5;79
28;2025-11-19;6;268
28;2025-11-19;7;787
28;2025-11-19;8;1240
28;2025-11-19;9;850
28;2025-11-19;10;638
28;2025-11-19;11;588
28;2025-11-19;12;697
28;2025-11-19;13;720
28;2025-11-19;14;665
28;2025-11-19;15;700
28;2025-11-19;16;866
28;2025-11-19;17;988
28;2025-11-19;18;941
28;2025-11-19;19;714
28;2025-11-19;20;499
28;2025-11-19;21;318
28;2025-11-19;22;136
28;2025-11-19;23;18
28;2025-11-20;0;2
28;2025-11-20;1;0
28;2025-11-20;2;0
28;2025-11-20;3;0
28;2025-11-20;4;2
28;2025-11-20;5;77
28;2025-11-20;6;268
28;2025-11-20;7;798
28;2025-11-20;8;1244
28;2025-11-20;9;859
28;2025-11-20;10;636
28;2025-11-20;11;566
28;2025-11-20;12;703
28;2025-11-20;13;719
28;2025-11-20;14;664
28;2025-11-20;15;694
28;2025-11-20;16;856
28;2025-11-20;17;986
28;2025-11-20;18;964
28;2025-11-20;19;717
28;2025-11-20;20;510
28;2025-11-20;21;321
28;2025-11-20;22;137
28;2025-11-20;23;18
28;2025-11-21;0;1
28;2025-11-21;1;0
28;2025-11-21;2;0
28;2025-11-21;3;0
28;2025-11-21;4;2
28;2025-11-21;5;75
28;2025-11-21;6;259
28;2025-11-21;7;777
28;2025-11-21;8;1195
28;2025-11-21;9;835
28;2025-11-21;10;628
28;2025-11-21;11;563
28;2025-11-21;12;694
28;2025-11-21;13;710
28;2025-11-21;14;676
28;2025-11-21;15;699
28;2025-11-21;16;902
28;2025-11-21;17;983
28;2025-11-21;18;872
28;2025-11-21;19;664
28;2025-11-21;20;480
28;2025-11-21;21;312
28;2025-11-21;22;138
28;2025-11-21;23;20
28;2025-11-22;0;1
28;2025-11-22;1;0
28;2025-11-22;2;0
28;2025-11-22;3;0
28;2025-11-22;4;1
28;2025-11-22;5;36
28;2025-11-22;6;99
28;2025-11-22;7;219
28;2025-11-22;8;381
28;2025-11-22;9;461
28;2025-11-22;10;482
28;2025-11-22;11;487
28;2025-11-22;12;578
28;2025-11-22;13;592
28;2025-11-22;14;600
28;2025-11-22;15;583
28;2025-11-22;16;553
28;2025-11-22;17;571
28;2025-11-22;18;495
28;2025-11-22;19;413
28;2025-11-22;20;312
28;2025-11-22;21;275
28;2025-11-22;22;133
28;2025-11-22;23;24
28;2025-11-23;0;5
28;2025-11-23;1;3
28;2025-11-23;2;1
28;2025-11-23;3;1
28;2025-11-23;4;0
28;2025-11-23;5;28
28;2025-11-23;6;78
28;2025-11-23;7;145
28;2025-11-23;8;239
28;2025-11-23;9;312
28;2025-11-23;10;355
28;2025-11-23;11;388
28;2025-11-23;12;445
28;2025-11-23;13;499
28;2025-11-23;14;490
28;2025-11-23;15;488
28;2025-11-23;16;461
28;2025-11-23;17;459
28;2025-11-23;18;400
28;2025-11-23;19;343
28;2025-11-23;20;278
28;2025-11-23;21;231
28;2025-11-23;22;105
28;2025-11-23;23;14
28;2025-11-24;0;1
28;2025-11-24;1;0
28;2025-11-24;2;0
28;2025-11-24;3;0
28;2025-11-24;4;2
28;2025-11-24;5;77
28;2025-11-24;6;267
28;2025-11-24;7;790
28;2025-11-24;8;1229
28;2025-11-24;9;858
28;2025-11-24;10;624
28;2025-11-24;11;556
28;2025-11-24;12;684
28;2025-11-24;13;699
28;2025-11-24;14;645
28;2025-11-24;15;675
28;2025-11-24;16;872
28;2025-11-24;17;977
28;2025-11-24;18;945
28;2025-11-24;19;711
28;2025-11-24;20;490
28;2025-11-24;21;307
28;2025-11-24;22;128
28;2025-11-24;23;17
28;2025-11-25;0;2
28;2025-11-25;1;0
28;2025-11-25;2;0
28;2025-11-25;3;0
28;2025-11-25;4;2
28;2025-11-25;5;75
28;2025-11-25;6;263
28;2025-11-25;7;797
28;2025-11-25;8;1243
28;2025-11-25;9;868
28;2025-11-25;10;659
28;2025-11-25;11;571
28;2025-11-25;12;693
28;2025-11-25;13;727
28;2025-11-25;14;663
28;2025-11-25;15;686
28;2025-11-25;16;849
28;2025-11-25;17;981
28;2025-11-25;18;938
28;2025-11-25;19;713
28;2025-11-25;20;510
28;2025-11-25;21;316
28;2025-11-25;22;130
28;2025-11-25;23;19
28;2025-11-26;0;2
28;2025-11-26;1;0
28;2025-11-26;2;0
28;2025-11-26;3;0
28;2025-11-26;4;2
28;2025-11-26;5;79
28;2025-11-26;6;267
28;2025-11-26;7;786
28;2025-11-26;8;1237
28;2025-11-26;9;848
28;2025-11-26;10;636
28;2025-11-26;11;587
28;2025-11-26;12;695
28;2025-11-26;13;719
28;2025-11-26;14;663
28;2025-11-26;15;699
28;2025-11-26;16;864
28;2025-11-26;17;986
28;2025-11-26;18;939
28;2025-11-26;19;712
28;2025-11-26;20;498
28;2025-11-26;21;317
28;2025-11-26;22;135
28;2025-11-26;23;18
28;2025-11-27;0;2
28;2025-11-27;1;0
28;2025-11-27;2;0
28;2025-11-27;3;0
28;2025-11-27;4;2
28;2025-11-27;5;76
28;2025-11-27;6;267
28;2025-11-27;7;796
28;2025-11-27;8;1241
28;2025-11-27;9;857
28;2025-11-27;10;634
28;2025-11-27;11;565
28;2025-11-27;12;702
28;2025-11-27;13;718
28;2025-11-27;14;663
28;2025-11-27;15;692
28;2025-11-27;16;854
28;2025-11-27;17;984
28;2025-11-27;18;962
28;2025-11-27;19;715
28;2025-11-27;20;509
28;2025-11-27;21;320
28;2025-11-27;22;137
28;2025-11-27;23;18
28;2025-11-28;0;1
28;2025-11-28;1;0
28;2025-11-28;2;0
28;2025-11-28;3;0
28;2025-11-28;4;2
28;2025-11-28;5;75
28;2025-11-28;6;258
28;2025-11-28;7;776
28;2025-11-28;8;1192
28;2025-11-28;9;833
28;2025-11-28;10;627
28;2025-11-28;11;561
28;2025-11-28;12;692
28;2025-11-28;13;709
28;2025-11-28;14;675
28;2025-11-28;15;698
28;2025-11-28;16;900
28;2025-11-28;17;981
28;2025-11-28;18;870
28;2025-11-28;19;662
28;2025-11-28;20;478
28;2025-11-28;21;312
28;2025-11-28;22;137
28;2025-11-28;23;20
28;2025-11-29;0;1
28;2025-11-29;1;0
28;2025-11-29;2;0
28;2025-11-29;3;0
28;2025-11-29;4;1
28;2025-11-29;5;35
28;2025-11-29;6;99
28;2025-11-29;7;218
28;2025-11-29;8;380
28;2025-11-29;9;460
28;2025-11-29;10;482
28;2025-11-29;11;486
28;2025-11-29;12;577
28;2025-11-29;13;591
28;2025-11-29;14;599
28;2025-11-29;15;582
28;2025-11-29;16;552
28;2025-11-29;17;570
28;2025-11-29;18;494
28;2025-11-29;19;412
28;2025-11-29;20;311
28;2025-11-29;21;275
28;2025-11-29;22;133
28;2025-11-29;23;24
28;2025-11-30;0;5
28;2025-11-30;1;2
28;2025-11-30;2;1
28;2025-11-30;3;1
28;2025-11-30;4;0
28;2025-11-30;5;28
28;2025-11-30;6;78
28;2025-11-30;7;145
28;2025-11-30;8;239
28;2025-11-30;9;311
28;2025-11-30;10;355
28;2025-11-30;11;388
28;2025-11-30;12;444
28;2025-11-30;13;498
28;2025-11-30;14;490
28;2025-11-30;15;488
28;2025-11-30;16;461
28;2025-11-30;17;458
28;2025-11-30;18;400
28;2025-11-30;19;343
28;2025-11-30;20;278
28;2025-11-30;21;231
28;2025-11-30;22;105
28;2025-11-30;23;14
28;2025-12-01;0;1
28;2025-12-01;1;0
28;2025-12-01;2;0
28;2025-12-01;3;0
28;2025-12-01;4;2
28;2025-12-01;5;77
28;2025-12-01;6;266
28;2025-12-01;7;788
28;2025-12-01;8;1226
28;2025-12-01;9;856
28;2025-12-01;10;623
28;2025-12-01;11;555
28;2025-12-01;12;682
28;2025-12-01;13;697
28;2025-12-01;14;643
28;2025-12-01;15;674
28;2025-12-01;16;870
28;2025-12-01;17;975
28;2025-12-01;18;943
28;2025-12-01;19;710
28;2025-12-01;20;489
28;2025-12-01;21;307
28;2025-12-01;22;127
28;2025-12-01;23;16
28;2025-12-02;0;2
28;2025-12-02;1;0
28;2025-12-02;2;0
28;2025-12-02;3;0
28;2025-12-02;4;2
28;2025-12-02;5;75
28;2025-12-02;6;262
28;2025-12-02;7;795
28;2025-12-02;8;1240
28;2025-12-02;9;866
28;2025-12-02;10;657
28;2025-12-02;11;570
28;2025-12-02;12;692
28;2025-12-02;13;726
28;2025-12-02;14;662
28;2025-12-02;15;685
28;2025-12-02;16;847
28;2025-12-02;17;979
28;2025-12-02;18;936
28;2025-12-02;19;712
28;2025-12-02;20;509
28;2025-12-02;21;315
28;2025-12-02;22;129
28;2025-12-02;23;19
28;2025-12-03;0;2
28;2025-12-03;1;0
28;2025-12-03;2;0
28;2025-12-03;3;0
28;2025-12-03;4;2
28;2025-12-03;5;79
28;2025-12-03;6;267
28;2025-12-03;7;784
28;2025-12-03;8;1234
28;2025-12-03;9;846
28;2025-12-03;10;635
28;2025-12-03;11;585
28;2025-12-03;12;694
28;2025-12-03;13;717
28;2025-12-03;14;662
28;2025-12-03;15;697
28;2025-12-03;16;862
28;2025-12-03;17;983
28;2025-12-03;18;937
28;2025-12-03;19;711
28;2025-12-03;20;496
28;2025-12-03;21;316
28;2025-12-03;22;135
28;2025-12-03;23;18
28;2025-12-04;0;2
28;2025-12-04;1;0
28;2025-12-04;2;0
28;2025-12-04;3;0
28;2025-12-04;4;2
28;2025-12-04;5;76
28;2025-12-04;6;266
28;2025-12-04;7;795
28;2025-12-04;8;1238
28;2025-12-04;9;855
28;2025-12-04;10;633
28;2025-12-04;11;564
28;2025-12-04;12;700
28;2025-12-04;13;716
28;2025-12-04;14;661
28;2025-12-04;15;691
28;2025-12-04;16;852
28;2025-12-04;17;982
28;2025-12-04;18;960
28;2025-12-04;19;714
28;2025-12-04;20;508
28;2025-12-04;21;319
28;2025-12-04;22;137
28;2025-12-04;23;18
28;2025-12-05;0;1
28;2025-12-05;1;0
28;2025-12-05;2;0
28;2025-12-05;3;0
28;2025-12-05;4;2
28;2025-12-05;5;75
28;2025-12-05;6;258
28;2025-12-05;7;774
28;2025-12-05;8;1190
28;2025-12-05;9;831
28;2025-12-05;10;625
28;2025-12-05;11;560
28;2025-12-05;12;691
28;2025-12-05;13;707
28;2025-12-05;14;673
28;2025-12-05;15;696
28;2025-12-05;16;898
28;2025-12-05;17;979
28;2025-12-05;18;869
28;2025-12-05;19;661
28;2025-12-05;20;477
28;2025-12-05;21;311
28;2025-12-05;22;137
28;2025-12-05;23;19
28;2025-12-06;0;1
28;2025-12-06;1;0
28;2025-12-06;2;0
28;2025-12-06;3;0
28;2025-12-06;4;1
28;2025-12-06;5;35
28;2025-12-06;6;98
28;2025-12-06;7;218
28;2025-12-06;8;379
28;2025-12-06;9;459
28;2025-12-06;10;481
28;2025-12-06;11;485
28;2025-12-06;12;576
28;2025-12-06;13;590
28;2025-12-06;14;598
28;2025-12-06;15;581
28;2025-12-06;16;551
28;2025-12-06;17;569
28;2025-12-06;18;493
28;2025-12-06;19;411
28;2025-12-06;20;311
28;2025-12-06;21;274
28;2025-12-06;22;133
28;2025-12-06;23;24
28;2025-12-07;0;5
28;2025-12-07;1;2
28;2025-12-07;2;1
28;2025-12-07;3;1
28;2025-12-07;4;0
28;2025-12-07;5;28
28;2025-12-07;6;78
28;2025-12-07;7;145
28;2025-12-07;8;238
28;2025-12-07;9;311
28;2025-12-07;10;354
28;2025-12-07;11;387
28;2025-12-07;12;443
28;2025-12-07;13;498
28;2025-12-07;14;489
28;2025-12-07;15;487
28;2025-12-07;16;460
28;2025-12-07;17;458
28;2025-12-07;18;399
28;2025-12-07;19;342
28;2025-12-07;20;277
28;2025-12-07;21;231
28;2025-12-07;22;105
28;2025-12-07;23;14
28;2025-12-08;0;1
28;2025-12-08;1;0
28;2025-12-08;2;0
28;2025-12-08;3;0
28;2025-12-08;4;2
28;2025-12-08;5;77
28;2025-12-08;6;265
28;2025-12-08;7;786
28;2025-12-08;8;1223
28;2025-12-08;9;854
28;2025-12-08;10;622
28;2025-12-08;11;554
28;2025-12-08;12;681
28;2025-12-08;13;696
28;2025-12-08;14;642
28;2025-12-08;15;672
28;2025-12-08;16;868
28;2025-12-08;17;973
28;2025-12-08;18;941
28;2025-12-08;19;708
28;2025-12-08;20;488
28;2025-12-08;21;306
28;2025-12-08;22;127
28;2025-12-08;23;16
28;2025-12-09;0;2
28;2025-12-09;1;0
28;2025-12-09;2;0
28;2025-12-09;3;0
28;2025-12-09;4;2
28;2025-12-09;5;75
28;2025-12-09;6;262
28;2025-12-09;7;793
28;2025-12-09;8;1237
28;2025-12-09;9;865
28;2025-12-09;10;656
28;2025-12-09;11;569
28;2025-12-09;12;690
28;2025-12-09;13;724
28;2025-12-09;14;661
28;2025-12-09;15;683
28;2025-12-09;16;845
28;2025-12-09;17;977
28;2025-12-09;18;934
28;2025-12-09;19;710
28;2025-12-09;20;508
28;2025-12-09;21;315
28;2025-12-09;22;129
28;2025-12-09;23;19
28;2025-12-10;0;2
28;2025-12-10;1;0
28;2025-12-10;2;0
28;2025-12-10;3;0
28;2025-12-10;4;2
28;2025-12-10;5;79
28;2025-12-10;6;266
28;2025-12-10;7;782
28;2025-12-10;8;1232
28;2025-12-10;9;844
28;2025-12-10;10;634
28;2025-12-10;11;584
28;2025-12-10;12;692
28;2025-12-10;13;716
28;2025-12-10;14;661
28;2025-12-10;15;696
28;2025-12-10;16;860
28;2025-12-10;17;981
28;2025-12-10;18;935
28;2025-12-10;19;709
28;2025-12-10;20;495
28;2025-12-10;21;315
28;2025-12-10;22;135
28;2025-12-10;23;18
28;2025-12-11;0;2
28;2025-12-11;1;0
28;2025-12-11;2;0
28;2025-12-11;3;0
28;2025-12-11;4;2
28;2025-12-11;5;76
28;2025-12-11;6;266
28;2025-12-11;7;793
28;2025-12-11;8;1236
28;2025-12-11;9;853
28;2025-12-11;10;632
28;2025-12-11;11;563
28;2025-12-11;12;699
28;2025-12-11;13;715
28;2025-12-11;14;660
28;2025-12-11;15;689
28;2025-12-11;16;850
28;2025-12-11;17;980
28;2025-12-11;18;958
28;2025-12-11;19;712
28;2025-12-11;20;507
28;2025-12-11;21;318
28;2025-12-11;22;136
28;2025-12-11;23;18
28;2025-12-12;0;1
28;2025-12-12;1;0
28;2025-12-12;2;0
28;2025-12-12;3;0
28;2025-12-12;4;2
28;2025-12-12;5;75
28;2025-12-12;6;257
28;2025-12-12;7;772
28;2025-12-12;8;1187
28;2025-12-12;9;829
28;2025-12-12;10;624
28;2025-12-12;11;559
28;2025-12-12;12;689
28;2025-12-12;13;706
28;2025-12-12;14;672
28;2025-12-12;15;695
28;2025-12-12;16;896
28;2025-12-12;17;977
28;2025-12-12;18;867
28;2025-12-12;19;660
28;2025-12-12;20;476
28;2025-12-12;21;310
28;2025-12-12;22;137
28;2025-12-12;23;19
28;2025-12-13;0;1
28;2025-12-13;1;0
28;2025-12-13;2;0
28;2025-12-13;3;0
28;2025-12-13;4;1
28;2025-12-13;5;35
28;2025-12-13;6;98
28;2025-12-13;7;218
28;2025-12-13;8;379
28;2025-12-13;9;459
28;2025-12-13;10;480
28;2025-12-13;11;485
28;2025-12-13;12;575
28;2025-12-13;13;589
28;2025-12-13;14;597
28;2025-12-13;15;580
28;2025-12-13;16;550
28;2025-12-13;17;568
28;2025-12-13;18;492
28;2025-12-13;19;411
28;2025-12-13;20;310
28;2025-12-13;21;274
28;2025-12-13;22;133
28;2025-12-13;23;24
28;2025-12-14;0;5
28;2025-12-14;1;2
28;2025-12-14;2;1
28;2025-12-14;3;1
28;2025-12-14;4;0
28;2025-12-14;5;28
28;2025-12-14;6;78
28;2025-12-14;7;145
28;2025-12-14;8;238
28;2025-12-14;9;311
28;2025-12-14;10;354
28;2025-12-14;11;387
28;2025-12-14;12;443
28;2025-12-14;13;497
28;2025-12-14;14;488
28;2025-12-14;15;486
28;2025-12-14;16;460
28;2025-12-14;17;457
28;2025-12-14;18;399
28;2025-12-14;19;342
28;2025-12-14;20;277
28;2025-12-14;21;230
28;2025-12-14;22;105
28;2025-12-14;23;14
28;2025-12-15;0;1
28;2025-12-15;1;0
28;2025-12-15;2;0
28;2025-12-15;3;0
28;2025-12-15;4;2
28;2025-12-15;5;77
28;2025-12-15;6;265
28;2025-12-15;7;785
28;2025-12-15;8;1221
28;2025-12-15;9;853
28;2025-12-15;10;621
28;2025-12-15;11;553
28;2025-12-15;12;679
28;2025-12-15;13;695
28;2025-12-15;14;641
28;2025-12-15;15;671
28;2025-12-15;16;867
28;2025-12-15;17;971
28;2025-12-15;18;939
28;2025-12-15;19;707
28;2025-12-15;20;487
28;2025-12-15;21;305
28;2025-12-15;22;127
28;2025-12-15;23;16
28;2025-12-16;0;2
28;2025-12-16;1;0
28;2025-12-16;2;0
28;2025-12-16;3;0
28;2025-12-16;4;2
28;2025-12-16;5;75
28;2025-12-16;6;261
28;2025-12-16;7;792
28;2025-12-16;8;1235
28;2025-12-16;9;863
28;2025-12-16;10;655
28;2025-12-16;11;568
28;2025-12-16;12;689
28;2025-12-16;13;723
28;2025-12-16;14;659
28;2025-12-16;15;682
28;2025-12-16;16;844
28;2025-12-16;17;975
28;2025-12-16;18;932
28;2025-12-16;19;709
28;2025-12-16;20;507
28;2025-12-16;21;314
28;2025-12-16;22;129
28;2025-12-16;23;19
28;2025-12-17;0;2
28;2025-12-17;1;0
28;2025-12-17;2;0
28;2025-12-17;3;0
28;2025-12-17;4;2
28;2025-12-17;5;79
28;2025-12-17;6;266
28;2025-12-17;7;781
28;2025-12-17;8;1229
28;2025-12-17;9;842
28;2025-12-17;10;632
28;2025-12-17;11;583
28;2025-12-17;12;691
28;2025-12-17;13;714
28;2025-12-17;14;659
28;2025-12-17;15;694
28;2025-12-17;16;858
28;2025-12-17;17;980
28;2025-12-17;18;933
28;2025-12-17;19;708
28;2025-12-17;20;495
28;2025-12-17;21;315
28;2025-12-17;22;135
28;2025-12-17;23;18
28;2025-12-18;0;2
28;2025-12-18;1;0
28;2025-12-18;2;0
28;2025-12-18;3;0
28;2025-12-18;4;2
28;2025-12-18;5;76
28;2025-12-18;6;265
28;2025-12-18;7;792
28;2025-12-18;8;1233
28;2025-12-18;9;852
28;2025-12-18;10;630
28;2025-12-18;11;562
28;2025-12-18;12;697
28;2025-12-18;13;713
28;2025-12-18;14;659
28;2025-12-18;15;688
28;2025-12-18;16;848
28;2025-12-18;17;978
28;2025-12-18;18;956
28;2025-12-18;19;711
28;2025-12-18;20;506
28;2025-12-18;21;318
28;2025-12-18;22;136
28;2025-12-18;23;18
28;2025-12-19;0;1
28;2025-12-19;1;0
28;2025-12-19;2;0
28;2025-12-19;3;0
28;2025-12-19;4;2
28;2025-12-19;5;75
28;2025-12-19;6;257
28;2025-12-19;7;771
28;2025-12-19;8;1185
28;2025-12-19;9;828
28;2025-12-19;10;623
28;2025-12-19;11;558
28;2025-12-19;12;688
28;2025-12-19;13;704
28;2025-12-19;14;671
28;2025-12-19;15;693
28;2025-12-19;16;895
28;2025-12-19;17;975
28;2025-12-19;18;865
28;2025-12-19;19;658
28;2025-12-19;20;476
28;2025-12-19;21;310
28;2025-12-19;22;136
28;2025-12-19;23;19
28;2025-12-20;0;1
28;2025-12-20;1;0
28;2025-12-20;2;0
28;2025-12-20;3;0
28;2025-12-20;4;1
28;2025-12-20;5;35
28;2025-12-20;6;98
28;2025-12-20;7;217
28;2025-12-20;8;378
28;2025-12-20;9;458
28;2025-12-20;10;479
28;2025-12-20;11;484
28;2025-12-20;12;574
28;2025-12-20;13;588
28;2025-12-20;14;596
28;2025-12-20;15;579
28;2025-12-20;16;550
28;2025-12-20;17;567
28;2025-12-20;18;491
28;2025-12-20;19;410
28;2025-12-20;20;310
28;2025-12-20;21;273
28;2025-12-20;22;133
28;2025-12-20;23;24
28;2025-12-21;0;5
28;2025-12-21;1;2
28;2025-12-21;2;1
28;2025-12-21;3;1
28;2025-12-21;4;0
28;2025-12-21;5;28
28;2025-12-21;6;78
28;2025-12-21;7;144
28;2025-12-21;8;238
28;2025-12-21;9;310
28;2025-12-21;10;353
28;2025-12-21;11;386
28;2025-12-21;12;442
28;2025-12-21;13;496
28;2025-12-21;14;488
28;2025-12-21;15;486
28;2025-12-21;16;459
28;2025-12-21;17;457
28;2025-12-21;18;398
28;2025-12-21;19;342
28;2025-12-21;20;277
28;2025-12-21;21;230
28;2025-12-21;22;105
28;2025-12-21;23;14
28;2025-12-22;0;1
28;2025-12-22;1;0
28;2025-12-22;2;0
28;2025-12-22;3;0
28;2025-12-22;4;2
28;2025-12-22;5;77
28;2025-12-22;6;264
28;2025-12-22;7;783
28;2025-12-22;8;1219
28;2025-12-22;9;851
28;2025-12-22;10;619
28;2025-12-22;11;552
28;2025-12-22;12;678
28;2025-12-22;13;693
28;2025-12-22;14;640
28;2025-12-22;15;670
28;2025-12-22;16;865
28;2025-12-22;17;969
28;2025-12-22;18;938
28;2025-12-22;19;706
28;2025-12-22;20;486
28;2025-12-22;21;305
28;2025-12-22;22;126
28;2025-12-22;23;16
28;2025-12-23;0;2
28;2025-12-23;1;0
28;2025-12-23;2;0
28;2025-12-23;3;0
28;2025-12-23;4;2
28;2025-12-23;5;75
28;2025-12-23;6;261
28;2025-12-23;7;790
28;2025-12-23;8;1233
28;2025-12-23;9;862
28;2025-12-23;10;653
28;2025-12-23;11;567
28;2025-12-23;12;688
28;2025-12-23;13;721
28;2025-12-23;14;658
28;2025-12-23;15;681
28;2025-12-23;16;842
28;2025-12-23;17;973
28;2025-12-23;18;930
28;2025-12-23;19;707
28;2025-12-23;20;506
28;2025-12-23;21;314
28;2025-12-23;22;129
28;2025-12-23;23;19
28;2025-12-24;0;2
28;2025-12-24;1;0
28;2025-12-24;2;0
28;2025-12-24;3;0
28;2025-12-24;4;2
28;2025-12-24;5;79
28;2025-12-24;6;265
28;2025-12-24;7;779
28;2025-12-24;8;1227
28;2025-12-24;9;841
28;2025-12-24;10;631
28;2025-12-24;11;582
28;2025-12-24;12;690
28;2025-12-24;13;713
28;2025-12-24;14;658
28;2025-12-24;15;693
28;2025-12-24;16;857
28;2025-12-24;17;978
28;2025-12-24;18;932
28;2025-12-24;19;707
28;2025-12-24;20;494
28;2025-12-24;21;314
28;2025-12-24;22;134
28;2025-12-24;23;18
28;2025-12-25;0;2
28;2025-12-25;1;0
28;2025-12-25;2;0
28;2025-12-25;3;0
28;2025-12-25;4;2
28;2025-12-25;5;76
28;2025-12-25;6;265
28;2025-12-25;7;790
28;2025-12-25;8;1231
28;2025-12-25;9;850
28;2025-12-25;10;629
28;2025-12-25;11;561
28;2025-12-25;12;696
28;2025-12-25;13;712
28;2025-12-25;14;657
28;2025-12-25;15;687
28;2025-12-25;16;847
28;2025-12-25;17;976
28;2025-12-25;18;955
28;2025-12-25;19;710
28;2025-12-25;20;505
28;2025-12-25;21;317
28;2025-12-25;22;136
28;2025-12-25;23;18
28;2025-12-26;0;1
28;2025-12-26;1;0
28;2025-12-26;2;0
28;2025-12-26;3;0
28;2025-12-26;4;2
28;2025-12-26;5;75
28;2025-12-26;6;256
28;2025-12-26;7;770
28;2025-12-26;8;1183
28;2025-12-26;9;826
28;2025-12-26;10;622
28;2025-12-26;11;557
28;2025-12-26;12;687
28;2025-12-26;13;703
28;2025-12-26;14;670
28;2025-12-26;15;692
28;2025-12-26;16;893
28;2025-12-26;17;973
28;2025-12-26;18;864
28;2025-12-26;19;657
28;2025-12-26;20;475
28;2025-12-26;21;309
28;2025-12-26;22;136
28;2025-12-26;23;19
28;2025-12-27;0;1
28;2025-12-27;1;0
28;2025-12-27;2;0
28;2025-12-27;3;0
28;2025-12-27;4;1
28;2025-12-27;5;35
28;2025-12-27;6;98
28;2025-12-27;7;217
28;2025-12-27;8;377
28;2025-12-27;9;457
28;2025-12-27;10;478
28;2025-12-27;11;483
28;2025-12-27;12;574
28;2025-12-27;13;587
28;2025-12-27;14;595
28;2025-12-27;15;578
28;2025-12-27;16;549
28;2025-12-27;17;566
28;2025-12-27;18;490
28;2025-12-27;19;409
28;2025-12-27;20;309
28;2025-12-27;21;273
28;2025-12-27;22;132
28;2025-12-27;23;24
28;2025-12-28;0;5
28;2025-12-28;1;2
28;2025-12-28;2;1
28;2025-12-28;3;1
28;2025-12-28;4;0
28;2025-12-28;5;28
28;2025-12-28;6;78
28;2025-12-28;7;144
28;2025-12-28;8;238
28;2025-12-28;9;310
28;2025-12-28;10;353
28;2025-12-28;11;386
28;2025-12-28;12;442
28;2025-12-28;13;496
28;2025-12-28;14;487
28;2025-12-28;15;485
28;2025-12-28;16;459
28;2025-12-28;17;456
28;2025-12-28;18;398
28;2025-12-28;19;341
28;2025-12-28;20;276
28;2025-12-28;21;230
28;2025-12-28;22;104
28;2025-12-28;23;14
28;2025-12-29;0;1
28;2025-12-29;1;0
28;2025-12-29;2;0
28;2025-12-29;3;0
28;2025-12-29;4;2
28;2025-12-29;5;77
28;2025-12-29;6;264
28;2025-12-29;7;782
28;2025-12-29;8;1217
28;2025-12-29;9;850
28;2025-12-29;10;618
28;2025-12-29;11;551
28;2025-12-29;12;677
28;2025-12-29;13;692
28;2025-12-29;14;639
28;2025-12-29;15;669
28;2025-12-29;16;864
28;2025-12-29;17;968
28;2025-12-29;18;936
28;2025-12-29;19;705
28;2025-12-29;20;486
28;2025-12-29;21;304
28;2025-12-29;22;126
28;2025-12-29;23;16
28;2025-12-30;0;2
28;2025-12-30;1;0
28;2025-12-30;2;0
28;2025-12-30;3;0
28;2025-12-30;4;2
28;2025-12-30;5;75
28;2025-12-30;6;260
28;2025-12-30;7;789
28;2025-12-30;8;1231
28;2025-12-30;9;860
28;2025-12-30;10;652
28;2025-12-30;11;566
28;2025-12-30;12;687
28;2025-12-30;13;720
28;2025-12-30;14;657
28;2025-12-30;15;680
28;2025-12-30;16;841
28;2025-12-30;17;972
28;2025-12-30;18;929
28;2025-12-30;19;706
28;2025-12-30;20;505
28;2025-12-30;21;313
28;2025-12-30;22;129
28;2025-12-30;23;19
28;2025-12-31;0;5
28;2025-12-31;1;2
28;2025-12-31;2;1
28;2025-12-31;3;1
28;2025-12-31;4;0
28;2025-12-31;5;27
28;2025-12-31;6;77
28;2025-12-31;7;144
28;2025-12-31;8;229
28;2025-12-31;9;298
28;2025-12-31;10;342
28;2025-12-31;11;370
28;2025-12-31;12;429
28;2025-12-31;13;482
28;2025-12-31;14;476
28;2025-12-31;15;474
28;2025-12-31;16;448
28;2025-12-31;17;449
28;2025-12-31;18;390
28;2025-12-31;19;334
28;2025-12-31;20;274
28;2025-12-31;21;227
28;2025-12-31;22;105
28;2025-12-31;23;15
50;2025-11-01;0;35
50;2025-11-01;1;3
50;2025-11-01;2;0
50;2025-11-01;3;0
50;2025-11-01;4;3
50;2025-11-01;5;70
50;2025-11-01;6;557
50;2025-11-01;7;1788
50;2025-11-01;8;2794
50;2025-11-01;9;2199
50;2025-11-01;10;1678
50;2025-11-01;11;1598
50;2025-11-01;12;1496
50;2025-11-01;13;1510
50;2025-11-01;14;1447
50;2025-11-01;15;1714
50;2025-11-01;16;1802
50;2025-11-01;17;2385
50;2025-11-01;18;2429
50;2025-11-01;19;1454
50;2025-11-01;20;907
50;2025-11-01;21;617
50;2025-11-01;22;284
50;2025-11-01;23;146
50;2025-11-02;0;42
50;2025-11-02;1;6
50;2025-11-02;2;1
50;2025-11-02;3;1
50;2025-11-02;4;1
50;2025-11-02;5;21
50;2025-11-02;6;104
50;2025-11-02;7;197
50;2025-11-02;8;306
50;2025-11-02;9;386
50;2025-11-02;10;420
50;2025-11-02;11;534
50;2025-11-02;12;591
50;2025-11-02;13;648
50;2025-11-02;14;675
50;2025-11-02;15;609
50;2025-11-02;16;612
50;2025-11-02;17;605
50;2025-11-02;18;540
50;2025-11-02;19;459
50;2025-11-02;20;375
50;2025-11-02;21;285
50;2025-11-02;22;176
50;2025-11-02;23;96
50;2025-11-03;0;42
50;2025-11-03;1;6
50;2025-11-03;2;1
50;2025-11-03;3;1
50;2025-11-03;4;1
50;2025-11-03;5;22
50;2025-11-03;6;110
50;2025-11-03;7;210
50;2025-11-03;8;313
50;2025-11-03;9;390
50;2025-11-03;10;417
50;2025-11-03;11;536
50;2025-11-03;12;598
50;2025-11-03;13;655
50;2025-11-03;14;673
50;2025-11-03;15;614
50;2025-11-03;16;609
50;2025-11-03;17;605
50;2025-11-03;18;538
50;2025-11-03;19;468
50;2025-11-03;20;381
50;2025-11-03;21;287
50;2025-11-03;22;181
50;2025-11-03;23;101
50;2025-11-04;0;42
50;2025-11-04;1;6
50;2025-11-04;2;1
50;2025-11-04;3;1
50;2025-11-04;4;1
50;2025-11-04;5;22
50;2025-11-04;6;110
50;2025-11-04;7;210
50;2025-11-04;8;313
50;2025-11-04;9;390
50;2025-11-04;10;416
50;2025-11-04;11;536
50;2025-11-04;12;598
50;2025-11-04;13;655
50;2025-11-04;14;673
50;2025-11-04;15;614
50;2025-11-04;16;609
50;2025-11-04;17;605
50;2025-11-04;18;538
50;2025-11-04;19;468
50;2025-11-04;20;380
50;2025-11-04;21;287
50;2025-11-04;22;180
50;2025-11-04;23;101
50;2025-11-05;0;34
50;2025-11-05;1;4
50;2025-11-05;2;0
50;2025-11-05;3;0
50;2025-11-05;4;3
50;2025-11-05;5;70
50;2025-11-05;6;547
50;2025-11-05;7;1751
50;2025-11-05;8;2737
50;2025-11-05;9;2154
50;2025-11-05;10;1648
50;2025-11-05;11;1572
50;2025-11-05;12;1472
50;2025-11-05;13;1498
50;2025-11-05;14;1446
50;2025-11-05;15;1692
50;2025-11-05;16;1764
50;2025-11-05;17;2384
50;2025-11-05;18;2424
50;2025-11-05;19;1468
50;2025-11-05;20;893
50;2025-11-05;21;614
50;2025-11-05;22;284
50;2025-11-05;23;142
50;2025-11-06;0;37
50;2025-11-06;1;3
50;2025-11-06;2;0
50;2025-11-06;3;0
50;2025-11-06;4;2
50;2025-11-06;5;70
50;2025-11-06;6;539
50;2025-11-06;7;1735
50;2025-11-06;8;2695
50;2025-11-06;9;2136
50;2025-11-06;10;1645
50;2025-11-06;11;1557
50;2025-11-06;12;1468
50;2025-11-06;13;1474
50;2025-11-06;14;1411
50;2025-11-06;15;1644
50;2025-11-06;16;1754
50;2025-11-06;17;2335
50;2025-11-06;18;2420
50;2025-11-06;19;1438
50;2025-11-06;20;913
50;2025-11-06;21;625
50;2025-11-06;22;284
50;2025-11-06;23;149
50;2025-11-07;0;38
50;2025-11-07;1;3
50;2025-11-07;2;0
50;2025-11-07;3;0
50;2025-11-07;4;3
50;2025-11-07;5;67
50;2025-11-07;6;542
50;2025-11-07;7;1709
50;2025-11-07;8;2679
50;2025-11-07;9;2103
50;2025-11-07;10;1595
50;2025-11-07;11;1582
50;2025-11-07;12;1494
50;2025-11-07;13;1501
50;2025-11-07;14;1431
50;2025-11-07;15;1729
50;2025-11-07;16;1908
50;2025-11-07;17;2249
50;2025-11-07;18;2083
50;2025-11-07;19;1320
50;2025-11-07;20;850
50;2025-11-07;21;582
50;2025-11-07;22;290
50;2025-11-07;23;158
50;2025-11-08;0;56
50;2025-11-08;1;4
50;2025-11-08;2;0
50;2025-11-08;3;0
50;2025-11-08;4;1
50;2025-11-08;5;26
50;2025-11-08;6;147
50;2025-11-08;7;327
50;2025-11-08;8;500
50;2025-11-08;9;544
50;2025-11-08;10;522
50;2025-11-08;11;655
50;2025-11-08;12;683
50;2025-11-08;13;721
50;2025-11-08;14;714
50;2025-11-08;15;697
50;2025-11-08;16;669
50;2025-11-08;17;671
50;2025-11-08;18;586
50;2025-11-08;19;509
50;2025-11-08;20;390
50;2025-11-08;21;306
50;2025-11-08;22;184
50;2025-11-08;23;112
50;2025-11-09;0;42
50;2025-11-09;1;6
50;2025-11-09;2;1
50;2025-11-09;3;1
50;2025-11-09;4;1
50;2025-11-09;5;21
50;2025-11-09;6;104
50;2025-11-09;7;197
50;2025-11-09;8;305
50;2025-11-09;9;385
50;2025-11-09;10;420
50;2025-11-09;11;533
50;2025-11-09;12;590
50;2025-11-09;13;646
50;2025-11-09;14;674
50;2025-11-09;15;607
50;2025-11-09;16;611
50;2025-11-09;17;603
50;2025-11-09;18;539
50;2025-11-09;19;458
50;2025-11-09;20;374
50;2025-11-09;21;284
50;2025-11-09;22;175
50;2025-11-09;23;95
50;2025-11-10;0;32
50;2025-11-10;1;4
50;2025-11-10;2;0
50;2025-11-10;3;0
50;2025-11-10;4;3
50;2025-11-10;5;68
50;2025-11-10;6;537
50;2025-11-10;7;1761
50;2025-11-10;8;2764
50;2025-11-10;9;2178
50;2025-11-10;10;1655
50;2025-11-10;11;1562
50;2025-11-10;12;1435
50;2025-11-10;13;1469
50;2025-11-10;14;1406
50;2025-11-10;15;1662
50;2025-11-10;16;1713
50;2025-11-10;17;2355
50;2025-11-10;18;2452
50;2025-11-10;19;1457
50;2025-11-10;20;895
50;2025-11-10;21;599
50;2025-11-10;22;272
50;2025-11-10;23;135
50;2025-11-11;0;35
50;2025-11-11;1;3
50;2025-11-11;2;0
50;2025-11-11;3;0
50;2025-11-11;4;2
50;2025-11-11;5;68
50;2025-11-11;6;567
50;2025-11-11;7;1791
50;2025-11-11;8;2800
50;2025-11-11;9;2209
50;2025-11-11;10;1682
50;2025-11-11;11;1583
50;2025-11-11;12;1495
50;2025-11-11;13;1505
50;2025-11-11;14;1437
50;2025-11-11;15;1693
50;2025-11-11;16;1738
50;2025-11-11;17;2395
50;2025-11-11;18;2497
50;2025-11-11;19;1468
50;2025-11-11;20;920
50;2025-11-11;21;613
50;2025-11-11;22;280
50;2025-11-11;23;138
50;2025-11-12;0;34
50;2025-11-12;1;4
50;2025-11-12;2;0
50;2025-11-12;3;0
50;2025-11-12;4;3
50;2025-11-12;5;70
50;2025-11-12;6;547
50;2025-11-12;7;1749
50;2025-11-12;8;2733
50;2025-11-12;9;2151
50;2025-11-12;10;1645
50;2025-11-12;11;1569
50;2025-11-12;12;1470
50;2025-11-12;13;1496
50;2025-11-12;14;1444
50;2025-11-12;15;1689
50;2025-11-12;16;1762
50;2025-11-12;17;2380
50;2025-11-12;18;2421
50;2025-11-12;19;1466
50;2025-11-12;20;892
50;2025-11-12;21;613
50;2025-11-12;22;284
50;2025-11-12;23;142
50;2025-11-13;0;37
50;2025-11-13;1;3
50;2025-11-13;2;0
50;2025-11-13;3;0
50;2025-11-13;4;2
50;2025-11-13;5;70
50;2025-11-13;6;538
50;2025-11-13;7;1732
50;2025-11-13;8;2691
50;2025-11-13;9;2133
50;2025-11-13;10;1642
50;2025-11-13;11;1554
50;2025-11-13;12;1466
50;2025-11-13;13;1472
50;2025-11-13;14;1409
50;2025-11-13;15;1642
50;2025-11-13;16;1751
50;2025-11-13;17;2332
50;2025-11-13;18;2416
50;2025-11-13;19;1436
50;2025-11-13;20;912
50;2025-11-13;21;624
50;2025-11-13;22;283
50;2025-11-13;23;149
50;2025-11-14;0;38
50;2025-11-14;1;3
50;2025-11-14;2;0
50;2025-11-14;3;0
50;2025-11-14;4;3
50;2025-11-14;5;67
50;2025-11-14;6;541
50;2025-11-14;7;1707
50;2025-11-14;8;2675
50;2025-11-14;9;2100
50;2025-11-14;10;1592
50;2025-11-14;11;1579
50;2025-11-14;12;1492
50;2025-11-14;13;1499
50;2025-11-14;14;1429
50;2025-11-14;15;1727
50;2025-11-14;16;1906
50;2025-11-14;17;2245
50;2025-11-14;18;2080
50;2025-11-14;19;1319
50;2025-11-14;20;849
50;2025-11-14;21;582
50;2025-11-14;22;289
50;2025-11-14;23;157
50;2025-11-15;0;56
50;2025-11-15;1;4
50;2025-11-15;2;0
50;2025-11-15;3;0
50;2025-11-15;4;1
50;2025-11-15;5;26
50;2025-11-15;6;147
50;2025-11-15;7;326
50;2025-11-15;8;499
50;2025-11-15;9;543
50;2025-11-15;10;521
50;2025-11-15;11;654
50;2025-11-15;12;682
50;2025-11-15;13;720
50;2025-11-15;14;713
50;2025-11-15;15;696
50;2025-11-15;16;668
50;2025-11-15;17;670
50;2025-11-15;18;585
50;2025-11-15;19;508
50;2025-11-15;20;390
50;2025-11-15;21;306
50;2025-11-15;22;184
50;2025-11-15;23;112
50;2025-11-16;0;42
50;2025-11-16;1;6
50;2025-11-16;2;1
50;2025-11-16;3;1
50;2025-11-16;4;1
50;2025-11-16;5;21
50;2025-11-16;6;103
50;2025-11-16;7;197
50;2025-11-16;8;305
50;2025-11-16;9;385
50;2025-11-16;10;419
50;2025-11-16;11;532
50;2025-11-16;12;589
50;2025-11-16;13;645
50;2025-11-16;14;673
50;2025-11-16;15;607
50;2025-11-16;16;610
50;2025-11-16;17;603
50;2025-11-16;18;538
50;2025-11-16;19;458
50;2025-11-16;20;374
50;2025-11-16;21;284
50;2025-11-16;22;175
50;2025-11-16;23;95
50;2025-11-17;0;32
50;2025-11-17;1;4
50;2025-11-17;2;0
50;2025-11-17;3;0
50;2025-11-17;4;3
50;2025-11-17;5;68
50;2025-11-17;6;536
50;2025-11-17;7;1759
50;2025-11-17;8;2760
50;2025-11-17;9;2174
50;2025-11-17;10;1653
50;2025-11-17;11;1560
50;2025-11-17;12;1433
50;2025-11-17;13;1467
50;2025-11-17;14;1404
50;2025-11-17;15;1660
50;2025-11-17;16;1711
50;2025-11-17;17;2351
50;2025-11-17;18;2449
50;2025-11-17;19;1455
50;2025-11-17;20;894
50;2025-11-17;21;599
50;2025-11-17;22;272
50;2025-11-17;23;135
50;2025-11-18;0;35
50;2025-11-18;1;3
50;2025-11-18;2;0
50;2025-11-18;3;0
50;2025-11-18;4;2
50;2025-11-18;5;68
50;2025-11-18;6;566
50;2025-11-18;7;1788
50;2025-11-18;8;2796
50;2025-11-18;9;2206
50;2025-11-18;10;1680
50;2025-11-18;11;1581
50;2025-11-18;12;1493
50;2025-11-18;13;1503
50;2025-11-18;14;1435
50;2025-11-18;15;1691
50;2025-11-18;16;1735
50;2025-11-18;17;2392
50;2025-11-18;18;2494
50;2025-11-18;19;1466
50;2025-11-18;20;919
50;2025-11-18;21;612
50;2025-11-18;22;279
50;2025-11-18;23;138
50;2025-11-19;0;34
50;2025-11-19;1;4
50;2025-11-19;2;0
50;2025-11-19;3;0
50;2025-11-19;4;3
50;2025-11-19;5;70
50;2025-11-19;6;546
50;2025-11-19;7;1746
50;2025-11-19;8;2730
50;2025-11-19;9;2148
50;2025-11-19;10;1643
50;2025-11-19;11;1567
50;2025-11-19;12;1468
50;2025-11-19;13;1494
50;2025-11-19;14;1442
50;2025-11-19;15;1687
50;2025-11-19;16;1759
50;2025-11-19;17;2377
50;2025-11-19;18;2418
50;2025-11-19;19;1464
50;2025-11-19;20;891
50;2025-11-19;21;612
50;2025-11-19;22;283
50;2025-11-19;23;141
50;2025-11-20;0;37
50;2025-11-20;1;3
50;2025-11-20;2;0
50;2025-11-20;3;0
50;2025-11-20;4;2
50;2025-11-20;5;70
50;2025-11-20;6;538
50;2025-11-20;7;1730
50;2025-11-20;8;2687
50;2025-11-20;9;2130
50;2025-11-20;10;1640
50;2025-11-20;11;1552
50;2025-11-20;12;1464
50;2025-11-20;13;1470
50;2025-11-20;14;1407
50;2025-11-20;15;1639
50;2025-11-20;16;1749
50;2025-11-20;17;2328
50;2025-11-20;18;2413
50;2025-11-20;19;1434
50;2025-11-20;20;911
50;2025-11-20;21;624
50;2025-11-20;22;283
50;2025-11-20;23;149
50;2025-11-21;0;38
50;2025-11-21;1;3
50;2025-11-21;2;0
50;2025-11-21;3;0
50;2025-11-21;4;3
50;2025-11-21;5;67
50;2025-11-21;6;540
50;2025-11-21;7;1705
50;2025-11-21;8;2671
50;2025-11-21;9;2097
50;2025-11-21;10;1590
50;2025-11-21;11;1577
50;2025-11-21;12;1490
50;2025-11-21;13;1497
50;2025-11-21;14;1427
50;2025-11-21;15;1724
50;2025-11-21;16;1903
50;2025-11-21;17;2242
50;2025-11-21;18;2077
50;2025-11-21;19;1317
50;2025-11-21;20;848
50;2025-11-21;21;581
50;2025-11-21;22;289
50;2025-11-21;23;157
50;2025-11-22;0;55
50;2025-11-22;1;4
50;2025-11-22;2;0
50;2025-11-22;3;0
50;2025-11-22;4;1
50;2025-11-22;5;26
50;2025-11-22;6;147
50;2025-11-22;7;326
50;2025-11-22;8;499
50;2025-11-22;9;542
50;2025-11-22;10;520
50;2025-11-22;11;653
50;2025-11-22;12;681
50;2025-11-22;13;719
50;2025-11-22;14;712
50;2025-11-22;15;695
50;2025-11-22;16;667
50;2025-11-22;17;669
50;2025-11-22;18;584
50;2025-11-22;19;508
50;2025-11-22;20;389
50;2025-11-22;21;305
50;2025-11-22;22;184
50;2025-11-22;23;112
50;2025-11-23;0;42
50;2025-11-23;1;6
50;2025-11-23;2;1
50;2025-11-23;3;1
50;2025-11-23;4;1
50;2025-11-23;5;21
50;2025-11-23;6;103
50;2025-11-23;7;196
50;2025-11-23;8;305
50;2025-11-23;9;384
50;2025-11-23;10;419
50;2025-11-23;11;532
50;2025-11-23;12;589
50;2025-11-23;13;645
50;2025-11-23;14;672
50;2025-11-23;15;606
50;2025-11-23;16;610
50;2025-11-23;17;602
50;2025-11-23;18;537
50;2025-11-23;19;457
50;2025-11-23;20;373
50;2025-11-23;21;284
50;2025-11-23;22;175
50;2025-11-23;23;95
50;2025-11-24;0;31
50;2025-11-24;1;4
50;2025-11-24;2;0
50;2025-11-24;3;0
50;2025-11-24;4;3
50;2025-11-24;5;68
50;2025-11-24;6;535
50;2025-11-24;7;1756
50;2025-11-24;8;2757
50;2025-11-24;9;2172
50;2025-11-24;10;1651
50;2025-11-24;11;1558
50;2025-11-24;12;1431
50;2025-11-24;13;1465
50;2025-11-24;14;1402
50;2025-11-24;15;1658
50;2025-11-24;16;1708
50;2025-11-24;17;2348
50;2025-11-24;18;2445
50;2025-11-24;19;1453
50;2025-11-24;20;893
50;2025-11-24;21;598
50;2025-11-24;22;271
50;2025-11-24;23;135
50;2025-11-25;0;35
50;2025-11-25;1;3
50;2025-11-25;2;0
50;2025-11-25;3;0
50;2025-11-25;4;2
50;2025-11-25;5;68
50;2025-11-25;6;565
50;2025-11-25;7;1786
50;2025-11-25;8;2793
50;2025-11-25;9;2203
50;2025-11-25;10;1677
50;2025-11-25;11;1579
50;2025-11-25;12;1491
50;2025-11-25;13;1501
50;2025-11-25;14;1433
50;2025-11-25;15;1689
50;2025-11-25;16;1733
50;2025-11-25;17;2388
50;2025-11-25;18;2490
50;2025-11-25;19;1464
50;2025-11-25;20;918
50;2025-11-25;21;611
50;2025-11-25;22;279
50;2025-11-25;23;138
50;2025-11-26;0;34
50;2025-11-26;1;4
50;2025-11-26;2;0
50;2025-11-26;3;0
50;2025-11-26;4;3
50;2025-11-26;5;70
50;2025-11-26;6;545
50;2025-11-26;7;1744
50;2025-11-26;8;2726
50;2025-11-26;9;2145
50;2025-11-26;10;1641
50;2025-11-26;11;1565
50;2025-11-26;12;1466
50;2025-11-26;13;1492
50;2025-11-26;14;1440
50;2025-11-26;15;1685
50;2025-11-26;16;1757
50;2025-11-26;17;2374
50;2025-11-26;18;2415
50;2025-11-26;19;1462
50;2025-11-26;20;890
50;2025-11-26;21;611
50;2025-11-26;22;283
50;2025-11-26;23;141
50;2025-11-27;0;37
50;2025-11-27;1;3
50;2025-11-27;2;0
50;2025-11-27;3;0
50;2025-11-27;4;2
50;2025-11-27;5;70
50;2025-11-27;6;537
50;2025-11-27;7;1728
50;2025-11-27;8;2684
50;2025-11-27;9;2127
50;2025-11-27;10;1638
50;2025-11-27;11;1550
50;2025-11-27;12;1462
50;2025-11-27;13;1468
50;2025-11-27;14;1405
50;2025-11-27;15;1637
50;2025-11-27;16;1746
50;2025-11-27;17;2325
50;2025-11-27;18;2410
50;2025-11-27;19;1432
50;2025-11-27;20;910
50;2025-11-27;21;623
50;2025-11-27;22;282
50;2025-11-27;23;149
50;2025-11-28;0;38
50;2025-11-28;1;3
50;2025-11-28;2;0
50;2025-11-28;3;0
50;2025-11-28;4;3
50;2025-11-28;5;67
50;2025-11-28;6;540
50;2025-11-28;7;1702
50;2025-11-28;8;2668
50;2025-11-28;9;2095
50;2025-11-28;10;1588
50;2025-11-28;11;1575
50;2025-11-28;12;1488
50;2025-11-28;13;1495
50;2025-11-28;14;1425
50;2025-11-28;15;1722
50;2025-11-28;16;1901
50;2025-11-28;17;2239
50;2025-11-28;18;2074
50;2025-11-28;19;1315
50;2025-11-28;20;847
50;2025-11-28;21;580
50;2025-11-28;22;288
50;2025-11-28;23;157
50;2025-11-29;0;55
50;2025-11-29;1;4
50;2025-11-29;2;0
50;2025-11-29;3;0
50;2025-11-29;4;1
50;2025-11-29;5;26
50;2025-11-29;6;147
50;2025-11-29;7;325
50;2025-11-29;8;498
50;2025-11-29;9;542
50;2025-11-29;10;520
50;2025-11-29;11;652
50;2025-11-29;12;681
50;2025-11-29;13;719
50;2025-11-29;14;711
50;2025-11-29;15;694
50;2025-11-29;16;667
50;2025-11-29;17;668
50;2025-11-29;18;583
50;2025-11-29;19;507
50;2025-11-29;20;389
50;2025-11-29;21;305
50;2025-11-29;22;183
50;2025-11-29;23;112
50;2025-11-30;0;42
50;2025-11-30;1;6
50;2025-11-30;2;1
50;2025-11-30;3;1
50;2025-11-30;4;1
50;2025-11-30;5;21
50;2025-11-30;6;103
50;2025-11-30;7;196
50;2025-11-30;8;304
50;2025-11-30;9;384
50;2025-11-30;10;418
50;2025-11-30;11;531
50;2025-11-30;12;588
50;2025-11-30;13;644
50;2025-11-30;14;671
50;2025-11-30;15;605
50;2025-11-30;16;609
50;2025-11-30;17;601
50;2025-11-30;18;537
50;2025-11-30;19;457
50;2025-11-30;20;373
50;2025-11-30;21;283
50;2025-11-30;22;175
50;2025-11-30;23;95
50;2025-12-01;0;31
50;2025-12-01;1;4
50;2025-12-01;2;0
50;2025-12-01;3;0
50;2025-12-01;4;3
50;2025-12-01;5;68
50;2025-12-01;6;535
50;2025-12-01;7;1754
50;2025-12-01;8;2753
50;2025-12-01;9;2169
50;2025-12-01;10;1649
50;2025-12-01;11;1556
50;2025-12-01;12;1430
50;2025-12-01;13;1463
50;2025-12-01;14;1401
50;2025-12-01;15;1655
50;2025-12-01;16;1706
50;2025-12-01;17;2345
50;2025-12-01;18;2442
50;2025-12-01;19;1451
50;2025-12-01;20;891
50;2025-12-01;21;597
50;2025-12-01;22;271
50;2025-12-01;23;135
50;2025-12-02;0;34
50;2025-12-02;1;3
50;2025-12-02;2;0
50;2025-12-02;3;0
50;2025-12-02;4;2
50;2025-12-02;5;68
50;2025-12-02;6;564
50;2025-12-02;7;1784
50;2025-12-02;8;2789
50;2025-12-02;9;2200
50;2025-12-02;10;1675
50;2025-12-02;11;1577
50;2025-12-02;12;1489
50;2025-12-02;13;1499
50;2025-12-02;14;1431
50;2025-12-02;15;1687
50;2025-12-02;16;1731
50;2025-12-02;17;2385
50;2025-12-02;18;2487
50;2025-12-02;19;1462
50;2025-12-02;20;917
50;2025-12-02;21;610
50;2025-12-02;22;278
50;2025-12-02;23;138
50;2025-12-03;0;34
50;2025-12-03;1;4
50;2025-12-03;2;0
50;2025-12-03;3;0
50;2025-12-03;4;3
50;2025-12-03;5;70
50;2025-12-03;6;544
50;2025-12-03;7;1742
50;2025-12-03;8;2723
50;2025-12-03;9;2143
50;2025-12-03;10;1639
50;2025-12-03;11;1563
50;2025-12-03;12;1464
50;2025-12-03;13;1490
50;2025-12-03;14;1438
50;2025-12-03;15;1683
50;2025-12-03;16;1755
50;2025-12-03;17;2371
50;2025-12-03;18;2412
50;2025-12-03;19;1460
50;2025-12-03;20;888
50;2025-12-03;21;610
50;2025-12-03;22;282
50;2025-12-03;23;141
50;2025-12-04;0;37
50;2025-12-04;1;3
50;2025-12-04;2;0
50;2025-12-04;3;0
50;2025-12-04;4;2
50;2025-12-04;5;69
50;2025-12-04;6;536
50;2025-12-04;7;1726
50;2025-12-04;8;2680
50;2025-12-04;9;2125
50;2025-12-04;10;1636
50;2025-12-04;11;1548
50;2025-12-04;12;1460
50;2025-12-04;13;1466
50;2025-12-04;14;1403
50;2025-12-04;15;1635
50;2025-12-04;16;1744
50;2025-12-04;17;2323
50;2025-12-04;18;2407
50;2025-12-04;19;1430
50;2025-12-04;20;909
50;2025-12-04;21;622
50;2025-12-04;22;282
50;2025-12-04;23;149
50;2025-12-05;0;38
50;2025-12-05;1;3
50;2025-12-05;2;0
50;2025-12-05;3;0
50;2025-12-05;4;3
50;2025-12-05;5;67
50;2025-12-05;6;539
50;2025-12-05;7;1700
50;2025-12-05;8;2664
50;2025-12-05;9;2092
50;2025-12-05;10;1586
50;2025-12-05;11;1573
50;2025-12-05;12;1486
50;2025-12-05;13;1493
50;2025-12-05;14;1423
50;2025-12-05;15;1720
50;2025-12-05;16;1898
50;2025-12-05;17;2237
50;2025-12-05;18;2072
50;2025-12-05;19;1313
50;2025-12-05;20;846
50;2025-12-05;21;579
50;2025-12-05;22;288
50;2025-12-05;23;157
50;2025-12-06;0;55
50;2025-12-06;1;4
50;2025-12-06;2;0
50;2025-12-06;3;0
50;2025-12-06;4;1
50;2025-12-06;5;26
50;2025-12-06;6;146
50;2025-12-06;7;325
50;2025-12-06;8;498
50;2025-12-06;9;541
50;2025-12-06;10;519
50;2025-12-06;11;652
50;2025-12-06;12;680
50;2025-12-06;13;718
50;2025-12-06;14;711
50;2025-12-06;15;694
50;2025-12-06;16;666
50;2025-12-06;17;668
50;2025-12-06;18;583
50;2025-12-06;19;507
50;2025-12-06;20;389
50;2025-12-06;21;305
50;2025-12-06;22;183
50;2025-12-06;23;112
50;2025-12-07;0;42
50;2025-12-07;1;6
50;2025-12-07;2;1
50;2025-12-07;3;1
50;2025-12-07;4;1
50;2025-12-07;5;21
50;2025-12-07;6;103
50;2025-12-07;7;196
50;2025-12-07;8;304
50;2025-12-07;9;383
50;2025-12-07;10;418
50;2025-12-07;11;531
50;2025-12-07;12;588
50;2025-12-07;13;644
50;2025-12-07;14;671
50;2025-12-07;15;605
50;2025-12-07;16;609
50;2025-12-07;17;601
50;2025-12-07;18;536
50;2025-12-07;19;456
50;2025-12-07;20;373
50;2025-12-07;21;283
50;2025-12-07;22;175
50;2025-12-07;23;95
50;2025-12-08;0;31
50;2025-12-08;1;4
50;2025-12-08;2;0
50;2025-12-08;3;0
50;2025-12-08;4;3
50;2025-12-08;5;68
50;2025-12-08;6;534
50;2025-12-08;7;1752
50;2025-12-08;8;2750
50;2025-12-08;9;2166
50;2025-12-08;10;1647
50;2025-12-08;11;1554
50;2025-12-08;12;1428
50;2025-12-08;13;1462
50;2025-12-08;14;1399
50;2025-12-08;15;1654
50;2025-12-08;16;1704
50;2025-12-08;17;2343
50;2025-12-08;18;2439
50;2025-12-08;19;1450
50;2025-12-08;20;890
50;2025-12-08;21;596
50;2025-12-08;22;271
50;2025-12-08;23;134
50;2025-12-09;0;34
50;2025-12-09;1;3
50;2025-12-09;2;0
50;2025-12-09;3;0
50;2025-12-09;4;2
50;2025-12-09;5;68
50;2025-12-09;6;564
50;2025-12-09;7;1782
50;2025-12-09;8;2786
50;2025-12-09;9;2197
50;2025-12-09;10;1673
50;2025-12-09;11;1575
50;2025-12-09;12;1487
50;2025-12-09;13;1497
50;2025-12-09;14;1429
50;2025-12-09;15;1685
50;2025-12-09;16;1729
50;2025-12-09;17;2383
50;2025-12-09;18;2484
50;2025-12-09;19;1460
50;2025-12-09;20;916
50;2025-12-09;21;610
50;2025-12-09;22;278
50;2025-12-09;23;138
50;2025-12-10;0;34
50;2025-12-10;1;4
50;2025-12-10;2;0
50;2025-12-10;3;0
50;2025-12-10;4;3
50;2025-12-10;5;70
50;2025-12-10;6;544
50;2025-12-10;7;1740
50;2025-12-10;8;2719
50;2025-12-10;9;2140
50;2025-12-10;10;1637
50;2025-12-10;11;1561
50;2025-12-10;12;1462
50;2025-12-10;13;1488
50;2025-12-10;14;1437
50;2025-12-10;15;1681
50;2025-12-10;16;1753
50;2025-12-10;17;2368
50;2025-12-10;18;2409
50;2025-12-10;19;1458
50;2025-12-10;20;887
50;2025-12-10;21;610
50;2025-12-10;22;282
50;2025-12-10;23;141
50;2025-12-11;0;37
50;2025-12-11;1;3
50;2025-12-11;2;0
50;2025-12-11;3;0
50;2025-12-11;4;2
50;2025-12-11;5;69
50;2025-12-11;6;536
50;2025-12-11;7;1724
50;2025-12-11;8;2677
50;2025-12-11;9;2122
50;2025-12-11;10;1634
50;2025-12-11;11;1546
50;2025-12-11;12;1459
50;2025-12-11;13;1464
50;2025-12-11;14;1401
50;2025-12-11;15;1633
50;2025-12-11;16;1742
50;2025-12-11;17;2320
50;2025-12-11;18;2404
50;2025-12-11;19;1429
50;2025-12-11;20;908
50;2025-12-11;21;621
50;2025-12-11;22;282
50;2025-12-11;23;148
50;2025-12-12;0;38
50;2025-12-12;1;3
50;2025-12-12;2;0
50;2025-12-12;3;0
50;2025-12-12;4;3
50;2025-12-12;5;67
50;2025-12-12;6;539
50;2025-12-12;7;1698
50;2025-12-12;8;2661
50;2025-12-12;9;2090
50;2025-12-12;10;1585
50;2025-12-12;11;1572
50;2025-12-12;12;1484
50;2025-12-12;13;1491
50;2025-12-12;14;1422
50;2025-12-12;15;1718
50;2025-12-12;16;1896
50;2025-12-12;17;2234
50;2025-12-12;18;2069
50;2025-12-12;19;1312
50;2025-12-12;20;845
50;2025-12-12;21;579
50;2025-12-12;22;288
50;2025-12-12;23;157
50;2025-12-13;0;55
50;2025-12-13;1;4
50;2025-12-13;2;0
50;2025-12-13;3;0
50;2025-12-13;4;1
50;2025-12-13;5;26
50;2025-12-13;6;146
50;2025-12-13;7;325
50;2025-12-13;8;497
50;2025-12-13;9;541
50;2025-12-13;10;519
50;2025-12-13;11;651
50;2025-12-13;12;680
50;2025-12-13;13;717
50;2025-12-13;14;710
50;2025-12-13;15;693
50;2025-12-13;16;666
50;2025-12-13;17;667
50;2025-12-13;18;583
50;2025-12-13;19;506
50;2025-12-13;20;388
50;2025-12-13;21;304
50;2025-12-13;22;183
50;2025-12-13;23;112
50;2025-12-14;0;42
50;2025-12-14;1;6
50;2025-12-14;2;1
50;2025-12-14;3;1
50;2025-12-14;4;1
50;2025-12-14;5;21
50;2025-12-14;6;103
50;2025-12-14;7;196
50;2025-12-14;8;304
50;2025-12-14;9;383
50;2025-12-14;10;418
50;2025-12-14;11;531
50;2025-12-14;12;587
50;2025-12-14;13;643
50;2025-12-14;14;670
50;2025-12-14;15;604
50;2025-12-14;16;608
50;2025-12-14;17;600
50;2025-12-14;18;536
50;2025-12-14;19;456
50;2025-12-14;20;372
50;2025-12-14;21;283
50;2025-12-14;22;174
50;2025-12-14;23;95
50;2025-12-15;0;31
50;2025-12-15;1;4
50;2025-12-15;2;0
50;2025-12-15;3;0
50;2025-12-15;4;3
50;2025-12-15;5;68
50;2025-12-15;6;534
50;2025-12-15;7;1750
50;2025-12-15;8;2747
50;2025-12-15;9;2164
50;2025-12-15;10;1645
50;2025-12-15;11;1552
50;2025-12-15;12;1426
50;2025-12-15;13;1460
50;2025-12-15;14;1397
50;2025-12-15;15;1652
50;2025-12-15;16;1702
50;2025-12-15;17;2340
50;2025-12-15;18;2437
50;2025-12-15;19;1448
50;2025-12-15;20;889
50;2025-12-15;21;596
50;2025-12-15;22;270
50;2025-12-15;23;134
50;2025-12-16;0;34
50;2025-12-16;1;3
50;2025-12-16;2;0
50;2025-12-16;3;0
50;2025-12-16;4;2
50;2025-12-16;5;68
50;2025-12-16;6;563
50;2025-12-16;7;1780
50;2025-12-16;8;2783
50;2025-12-16;9;2195
50;2025-12-16;10;1672
50;2025-12-16;11;1574
50;2025-12-16;12;1486
50;2025-12-16;13;1496
50;2025-12-16;14;1428
50;2025-12-16;15;1683
50;2025-12-16;16;1727
50;2025-12-16;17;2380
50;2025-12-16;18;2482
50;2025-12-16;19;1459
50;2025-12-16;20;915
50;2025-12-16;21;609
50;2025-12-16;22;278
50;2025-12-16;23;137
50;2025-12-17;0;34
50;2025-12-17;1;4
50;2025-12-17;2;0
50;2025-12-17;3;0
50;2025-12-17;4;3
50;2025-12-17;5;70
50;2025-12-17;6;543
50;2025-12-17;7;1738
50;2025-12-17;8;2717
50;2025-12-17;9;2138
50;2025-12-17;10;1635
50;2025-12-17;11;1560
50;2025-12-17;12;1461
50;2025-12-17;13;1487
50;2025-12-17;14;1435
50;2025-12-17;15;1679
50;2025-12-17;16;1751
50;2025-12-17;17;2366
50;2025-12-17;18;2406
50;2025-12-17;19;1457
50;2025-12-17;20;886
50;2025-12-17;21;609
50;2025-12-17;22;282
50;2025-12-17;23;141
50;2025-12-18;0;37
50;2025-12-18;1;3
50;2025-12-18;2;0
50;2025-12-18;3;0
50;2025-12-18;4;2
50;2025-12-18;5;69
50;2025-12-18;6;535
50;2025-12-18;7;1722
50;2025-12-18;8;2675
50;2025-12-18;9;2120
50;2025-12-18;10;1633
50;2025-12-18;11;1545
50;2025-12-18;12;1457
50;2025-12-18;13;1463
50;2025-12-18;14;1400
50;2025-12-18;15;1632
50;2025-12-18;16;1740
50;2025-12-18;17;2317
50;2025-12-18;18;2402
50;2025-12-18;19;1427
50;2025-12-18;20;907
50;2025-12-18;21;621
50;2025-12-18;22;281
50;2025-12-18;23;148
50;2025-12-19;0;38
50;2025-12-19;1;3
50;2025-12-19;2;0
50;2025-12-19;3;0
50;2025-12-19;4;3
50;2025-12-19;5;67
50;2025-12-19;6;538
50;2025-12-19;7;1697
50;2025-12-19;8;2659
50;2025-12-19;9;2088
50;2025-12-19;10;1583
50;2025-12-19;11;1570
50;2025-12-19;12;1483
50;2025-12-19;13;1490
50;2025-12-19;14;1420
50;2025-12-19;15;1716
50;2025-12-19;16;1894
50;2025-12-19;17;2232
50;2025-12-19;18;2067
50;2025-12-19;19;1311
50;2025-12-19;20;844
50;2025-12-19;21;578
50;2025-12-19;22;287
50;2025-12-19;23;156
50;2025-12-20;0;55
50;2025-12-20;1;4
50;2025-12-20;2;0
50;2025-12-20;3;0
50;2025-12-20;4;1
50;2025-12-20;5;26
50;2025-12-20;6;146
50;2025-12-20;7;325
50;2025-12-20;8;497
50;2025-12-20;9;541
50;2025-12-20;10;518
50;2025-12-20;11;651
50;2025-12-20;12;679
50;2025-12-20;13;717
50;2025-12-20;14;710
50;2025-12-20;15;693
50;2025-12-20;16;665
50;2025-12-20;17;667
50;2025-12-20;18;582
50;2025-12-20;19;506
50;2025-12-20;20;388
50;2025-12-20;21;304
50;2025-12-20;22;183
50;2025-12-20;23;112
50;2025-12-21;0;42
50;2025-12-21;1;6
50;2025-12-21;2;1
50;2025-12-21;3;1
50;2025-12-21;4;1
50;2025-12-21;5;21
50;2025-12-21;6;103
50;2025-12-21;7;196
50;2025-12-21;8;304
50;2025-12-21;9;383
50;2025-12-21;10;417
50;2025-12-21;11;530
50;2025-12-21;12;587
50;2025-12-21;13;643
50;2025-12-21;14;670
50;2025-12-21;15;604
50;2025-12-21;16;608
50;2025-12-21;17;600
50;2025-12-21;18;536
50;2025-12-21;19;456
50;2025-12-21;20;372
50;2025-12-21;21;283
50;2025-12-21;22;174
50;2025-12-21;23;95
50;2025-12-22;0;31
50;2025-12-22;1;4
50;2025-12-22;2;0
50;2025-12-22;3;0
50;2025-12-22;4;3
50;2025-12-22;5;68
50;2025-12-22;6;533
50;2025-12-22;7;1748
50;2025-12-22;8;2744
50;2025-12-22;9;2162
50;2025-12-22;10;1643
50;2025-12-22;11;1550
50;2025-12-22;12;1425
50;2025-12-22;13;1459
50;2025-12-22;14;1396
50;2025-12-22;15;1650
50;2025-12-22;16;1700
50;2025-12-22;17;2338
50;2025-12-22;18;2434
50;2025-12-22;19;1446
50;2025-12-22;20;888
50;2025-12-22;21;595
50;2025-12-22;22;270
50;2025-12-22;23;134
50;2025-12-23;0;34
50;2025-12-23;1;3
50;2025-12-23;2;0
50;2025-12-23;3;0
50;2025-12-23;4;2
50;2025-12-23;5;68
50;2025-12-23;6;562
50;2025-12-23;7;1778
50;2025-12-23;8;2780
50;2025-12-23;9;2193
50;2025-12-23;10;1670
50;2025-12-23;11;1572
50;2025-12-23;12;1484
50;2025-12-23;13;1494
50;2025-12-23;14;1426
50;2025-12-23;15;1681
50;2025-12-23;16;1725
50;2025-12-23;17;2378
50;2025-12-23;18;2479
50;2025-12-23;19;1457
50;2025-12-23;20;914
50;2025-12-23;21;608
50;2025-12-23;22;277
50;2025-12-23;23;137
50;2025-12-24;0;34
50;2025-12-24;1;4
50;2025-12-24;2;0
50;2025-12-24;3;0
50;2025-12-24;4;3
50;2025-12-24;5;69
50;2025-12-24;6;543
50;2025-12-24;7;1736
50;2025-12-24;8;2714
50;2025-12-24;9;2136
50;2025-12-24;10;1634
50;2025-12-24;11;1558
50;2025-12-24;12;1459
50;2025-12-24;13;1485
50;2025-12-24;14;1434
50;2025-12-24;15;1677
50;2025-12-24;16;1749
50;2025-12-24;17;2364
50;2025-12-24;18;2404
50;2025-12-24;19;1455
50;2025-12-24;20;885
50;2025-12-24;21;608
50;2025-12-24;22;281
50;2025-12-24;23;140
50;2025-12-25;0;37
50;2025-12-25;1;3
50;2025-12-25;2;0
50;2025-12-25;3;0
50;2025-12-25;4;2
50;2025-12-25;5;69
50;2025-12-25;6;535
50;2025-12-25;7;1720
50;2025-12-25;8;2672
50;2025-12-25;9;2118
50;2025-12-25;10;1631
50;2025-12-25;11;1543
50;2025-12-25;12;1455
50;2025-12-25;13;1461
50;2025-12-25;14;1398
50;2025-12-25;15;1630
50;2025-12-25;16;1739
50;2025-12-25;17;2315
50;2025-12-25;18;2399
50;2025-12-25;19;1426
50;2025-12-25;20;906
50;2025-12-25;21;620
50;2025-12-25;22;281
50;2025-12-25;23;148
50;2025-12-26;0;38
50;2025-12-26;1;3
50;2025-12-26;2;0
50;2025-12-26;3;0
50;2025-12-26;4;3
50;2025-12-26;5;67
50;2025-12-26;6;537
50;2025-12-26;7;1695
50;2025-12-26;8;2656
50;2025-12-26;9;2086
50;2025-12-26;10;1581
50;2025-12-26;11;1568
50;2025-12-26;12;1481
50;2025-12-26;13;1488
50;2025-12-26;14;1419
50;2025-12-26;15;1715
50;2025-12-26;16;1892
50;2025-12-26;17;2230
50;2025-12-26;18;2065
50;2025-12-26;19;1309
50;2025-12-26;20;843
50;2025-12-26;21;577
50;2025-12-26;22;287
50;2025-12-26;23;156
50;2025-12-27;0;55
50;2025-12-27;1;4
50;2025-12-27;2;0
50;2025-12-27;3;0
50;2025-12-27;4;1
50;2025-12-27;5;26
50;2025-12-27;6;146
50;2025-12-27;7;325
50;2025-12-27;8;497
50;2025-12-27;9;540
50;2025-12-27;10;518
50;2025-12-27;11;651
50;2025-12-27;12;679
50;2025-12-27;13;717
50;2025-12-27;14;709
50;2025-12-27;15;693
50;2025-12-27;16;665
50;2025-12-27;17;667
50;2025-12-27;18;582
50;2025-12-27;19;506
50;2025-12-27;20;388
50;2025-12-27;21;304
50;2025-12-27;22;183
50;2025-12-27;23;112
50;2025-12-28;0;42
50;2025-12-28;1;6
50;2025-12-28;2;1
50;2025-12-28;3;1
50;2025-12-28;4;1
50;2025-12-28;5;21
50;2025-12-28;6;103
50;2025-12-28;7;196
50;2025-12-28;8;304
50;2025-12-28;9;383
50;2025-12-28;10;417
50;2025-12-28;11;530
50;2025-12-28;12;587
50;2025-12-28;13;643
50;2025-12-28;14;670
50;2025-12-28;15;604
50;2025-12-28;16;608
50;2025-12-28;17;600
50;2025-12-28;18;535
50;2025-12-28;19;456
50;2025-12-28;20;372
50;2025-12-28;21;283
50;2025-12-28;22;174
50;2025-12-28;23;95
50;2025-12-29;0;31
50;2025-12-29;1;4
50;2025-12-29;2;0
50;2025-12-29;3;0
50;2025-12-29;4;3
50;2025-12-29;5;68
50;2025-12-29;6;532
50;2025-12-29;7;1747
50;2025-12-29;8;2741
50;2025-12-29;9;2160
50;2025-12-29;10;1642
50;2025-12-29;11;1549
50;2025-12-29;12;1423
50;2025-12-29;13;1457
50;2025-12-29;14;1395
50;2025-12-29;15;1648
50;2025-12-29;16;1699
50;2025-12-29;17;2335
50;2025-12-29;18;2432
50;2025-12-29;19;1445
50;2025-12-29;20;888
50;2025-12-29;21;594
50;2025-12-29;22;270
50;2025-12-29;23;134
50;2025-12-30;0;34
50;2025-12-30;1;3
50;2025-12-30;2;0
50;2025-12-30;3;0
50;2025-12-30;4;2
50;2025-12-30;5;68
50;2025-12-30;6;562
50;2025-12-30;7;1776
50;2025-12-30;8;2777
50;2025-12-30;9;2190
50;2025-12-30;10;1668
50;2025-12-30;11;1570
50;2025-12-30;12;1483
50;2025-12-30;13;1493
50;2025-12-30;14;1425
50;2025-12-30;15;1679
50;2025-12-30;16;1723
50;2025-12-30;17;2375
50;2025-12-30;18;2477
50;2025-12-30;19;1456
50;2025-12-30;20;913
50;2025-12-30;21;608
50;2025-12-30;22;277
50;2025-12-30;23;137
50;2025-12-31;0;41
50;2025-12-31;1;6
50;2025-12-31;2;1
50;2025-12-31;3;1
50;2025-12-31;4;1
50;2025-12-31;5;22
50;2025-12-31;6;110
50;2025-12-31;7;209
50;2025-12-31;8;310
50;2025-12-31;9;387
50;2025-12-31;10;413
50;2025-12-31;11;532
50;2025-12-31;12;594
50;2025-12-31;13;650
50;2025-12-31;14;667
50;2025-12-31;15;609
50;2025-12-31;16;604
50;2025-12-31;17;601
50;2025-12-31;18;534
50;2025-12-31;19;464
50;2025-12-31;20;378
50;2025-12-31;21;285
50;2025-12-31;22;179
50;2025-12-31;23;100
